age,1981,1982,1983,1984,1985,1986,1987,1988,1989,1990,1991,1992,1993,1994,1995,1996,1997,1998,1999,2000,2001,2002,2003,2004,2005,2006,2007,2008,2009,2010,2011,2012,2013,2014,2015,2016,2017,2018,2019,2020,2021,2022,2023,2024,2025,2026,2027,2028,2029,2030,2031,2032,2033,2034,2035,2036,2037,2038,2039,2040,2041,2042,2043,2044,2045,2046,2047,2048,2049,2050,2051,2052,2053,2054,2055,2056,2057,2058,2059,2060,2061,2062,2063,2064,2065,2066,2067,2068,2069,2070,2071,2072,2073,2074,2075,2076,2077,2078,2079,2080,2081,2082,2083,2084,2085,2086,2087,2088,2089,2090,2091,2092,2093,2094,2095,2096,2097,2098,2099,2100,2101,2102,2103,2104,2105,2106,2107,2108,2109,2110,2111,2112,2113,2114,2115,2116,2117,2118,2119,2120,2121,2122,2123,2124,2125,2126,2127,2128,2129,2130,2131,2132,2133,2134,2135,2136,2137,2138,2139,2140,2141,2142,2143,2144,2145,2146,2147,2148,2149,2150
0,1256.05,1223.84,1130.24,1070.39,1041.11,1091.54,1040.54,1020.36,961.92,890.9,829.32,737.63,703.21,684.72,681.01,687.66,648.63,629.31,642.88,613.5,593.46,603.24,574.08,555.73,568.07,543.68,534.92,524.07,510.54,460.37,493.9,460.6,431.04,406.7,435.72,414.25,430.21,416.72,377.22,372.29,363.92,355.91,348.0,340.46,333.35,326.59,320.11,314.08,308.37,302.69,297.19,292.35,287.74,283.29,278.91,274.75,270.91,267.08,263.66,260.32,257.04,253.84,250.68,247.85,244.75,241.66,238.99,236.39,233.48,230.47,227.89,225.23,222.31,219.7,217.2,214.5,211.91,209.45,206.98,204.34,201.87,199.76,197.4,194.98,192.51,190.16,187.97,185.64,183.4143648043205,181.21538836132467,179.04275215401861,176.89614106452254,174.7752439739146,172.67975336233494,170.60936540895986,168.56377999200154,166.54270038878647,164.54583357567708,162.57288982817607,160.6235832207961,158.69763092724216,156.79475342035957,154.91467497200355,153.05712255332583,151.22182693448812,149.40852168492282,147.6169437731763,145.84683316701336,144.09793303336522,142.3699896383553,140.66275224732547,138.97597302486213,137.30940713476994,135.66281274007207,134.0359507030882,132.42858508530426,130.84048244755496,129.27141214994543,127.72114655179918,126.18946051178848,124.67613158788207,123.1809400373453,121.70366891671395,120.24410348195076,118.80203188826279,117.37724479020585,115.96953514173647,114.57869849613382,113.2045328060518,111.84683862346687,110.50541859980842,109.18007788585452,107.87062403175786,106.57686678709808,105.29861810088155,104.0356924214634,102.78790609670365,101.555077973811,100.33702869952528,99.13358155989837,97.94456150054982,96.76979578649461,95.60911368222673,94.4623465217008,93.32932762835306,92.2098923450934,91.10387796432371,90.01112372793781,88.93147079732934,87.86476224339427,86.8108430065414,85.76955988669492,84.74076149330749,83.72429827535233,82.72002246133894,81.72778803931833,80.74745075688288,79.77886806118212,78.82189914890962,77.87640484633431,76.94224769927699,76.01929185314157,75.10740310290211,74.20644884311582,73.31629805792568,72.43682129106818,71.56789063587605,70.7093797352781,69.86116371181768,69.023119207642
1,81.82,91.38,72.82,84.94,77.35,68.8,69.11,72.67,70.17,70.86,67.83,54.93,56.5,52.47,45.12,52.42,52.19,50.47,52.34,44.13,41.59,46.79,39.08,43.02,39.75,40.48,39.87,35.75,31.67,31.95,35.54,33.49,32.82,34.74,29.67,27.41,24.08,25.89,35.94,35.72,34.72,33.65,32.99,32.38,31.73,31.01,30.21,29.82,29.53,29.1,28.5,27.86,27.58,27.16,26.64,26.24,25.91,25.52,25.01,24.84,24.8,24.35,23.79,23.58,23.63,23.3,22.71,22.2,21.87,21.89,21.8,21.72,21.43,20.74,20.49,20.48,20.36,20.12,19.81,19.49,19.06,18.72,18.68,18.63,18.57,18.18,17.74,17.6,17.38881864205774,17.180171011012725,16.974026718696063,16.770355731664555,16.56912838105421,16.370315352726735,16.173887697123046,15.979816779995796,15.788074341530317,15.59863244707719,15.41146349700571,15.226540226703891,15.04383569672499,14.863323282933996,14.68497669621462,14.508769943055334,14.334677374816824,14.16267360890405,13.992733587887212,13.824832569648247,13.658946078113368,13.495049952520532,13.333120308005467,13.173133555308658,13.015066390921849,12.858895787234564,12.704598992534095,12.552153511298517,12.401537153464163,12.252727955597672,12.105704249870442,11.960444614791166,11.816927894912817,11.67513316141868,11.535039761389815,11.396627288244575,11.259875571885122,11.124764698404405,10.991274960818696,10.859386937895541,10.729081385765335,10.60033933645624,10.473142019066266,10.3474709188842,10.223307708415183,10.100634306501647,9.979432829055865,9.85968562847391,9.741375249294954,9.624484455791032,9.508996215216113,9.39489370076214,9.282160286632301,9.170779546070312,9.060735251360425,8.952011367915336,8.844592053290828,8.738461654229733,8.63360470863262,8.530005936689657,8.427650242851318,8.326522713857665,8.226608611840923,8.127893380237568,8.030362633934828,7.934002162226742,7.838797923887405,7.74473604520028,7.651802820943533,7.559984710448651,7.469268331688335,7.379640468173954,7.291088059102043,7.20359820132501,7.117158144424386,7.031755294652224,6.947377205077604,6.864011582484079,6.781646278501535,6.700269289606185,6.619868759091271,6.5404329711549725
2,52.7,46.64,47.47,44.94,50.59,44.47,45.53,43.67,45.85,44.01,38.19,33.81,37.69,30.88,29.57,31.74,30.66,32.35,32.15,28.08,25.46,27.24,25.4,23.27,26.23,22.06,28.04,18.8,18.54,18.52,19.85,18.05,17.88,16.65,15.97,15.2,14.24,11.93,16.75,16.71,16.49,16.08,15.58,15.18,14.8,14.46,14.12,13.85,13.58,13.3,13.07,12.84,12.73,12.53,12.33,12.18,12.03,11.93,11.82,11.65,11.41,11.26,11.12,10.94,10.83,10.75,10.63,10.51,10.34,10.19,10.1,10.02,9.94,9.79,9.57,9.48,9.31,9.13,9.08,8.95,8.81,8.74,8.65,8.57,8.54,8.45,8.35,8.25,8.151002743929439,8.053193387797997,7.956557682159685,7.861081540814318,7.766751054043645,7.673552472433848,7.5814722171703135,7.490496866801493,7.400613166063,7.311808015582826,7.224068474822712,7.13738175619541,7.051735229476737,6.967116410040111,6.8835129706220135,6.800912725144478,6.7193036360685,6.638673812923366,6.5590115034825445,6.480305099646421,6.402543130088888,6.3257142661400705,6.249807307079499,6.174811193372259,6.100714996374206,6.02750791686129,5.955179286500223,5.8837185649071335,5.813115336706187,5.743359314470956,5.674440332841687,5.606348347054621,5.539073432941992,5.472605788402704,5.406935726048928,5.34205367614746,5.2779501822076735,5.214615903922887,5.152041608346264,5.090218178714913,5.029136605625791,4.968787985565017,4.909163525319922,4.850254534625639,4.792052427635779,4.734548724393118,4.677735043476181,4.621603104940611,4.5661447288484815,4.511351832326935,4.4572164310388604,4.403730634770852,4.350886648903887,4.29867677147196,4.247093394632767,4.196129001726344,4.145776162863007,4.09602754227678,4.046875888030606,3.9983140378990787,3.950334913485716,3.9029315231643245,3.856096959137628,3.8098243944959087,3.764107087629055,3.718938373402459,3.6743116705104364,3.6302204741228103,3.5866583602969597,3.5436189786244046,3.501096056642856,3.4590833983655322,3.417574879869109,3.376564452235088,3.3360461371377492,3.2960140327268745,3.256462301862295,3.2173851824086657,3.1787769769406835,3.140632060096509,3.1029448741657077,3.065709923206529
3,37.98,39.29,36.65,42.39,38.32,37.39,29.96,35.6,35.7,32.9,33.17,26.6,27.78,22.45,24.9,22.63,21.55,23.2,21.72,17.76,17.32,15.57,21.78,19.84,19.0,14.75,19.45,16.53,10.6,15.59,11.04,10.77,10.62,13.32,12.64,12.62,11.57,10.34,9.42,9.26,9.0,8.73,8.38,8.13,7.9,7.65,7.52,7.38,7.25,7.11,6.98,6.9,6.82,6.66,6.56,6.46,6.36,6.31,6.26,6.14,6.02,5.96,5.92,5.88,5.85,5.76,5.56,5.43,5.44,5.45,5.4,5.3,5.26,5.22,5.05,4.94,4.89,4.85,4.86,4.8,4.67,4.6,4.6,4.59,4.58,4.5,4.42,4.34,4.287921036360555,4.2364669956107655,4.185630378572515,4.135403777652483,4.085779873609733,4.0367514334007755,3.9883113123345106,3.940452451917287,3.8931678766204976,3.846450696035517,3.800294101641297,3.7546913678818354,3.7096358467788337,3.665120973319038,3.6211402611443693,3.5776872993195146,3.534755755564335,3.492339374098928,3.4504319724112236,3.409027444489386,3.3681197543570103,3.327702941460459,3.2877711152815206,3.2483184564148817,3.2093392154906555,3.1708277120969157,3.132778332624758,3.0951855324232396,3.0580438336444398,3.0213478220110574,2.985092150048814,2.94927153493152,2.9138807541711986,2.8789146531603653,2.8443681333198794,2.810236160718684,2.776513760686471,2.7431960199686163,2.7102780813388345,2.6777551489865266,2.6456224820519654,2.613875396781235,2.582509267603697,2.551519523899589,2.520901647845084,2.4906511776446996,2.4607637042988904,2.431234873758984,2.402060380462374,2.3732359727198618,2.3447574516381833,2.316620664655207,2.288821512004736,2.2613559413291733,2.234219951989391,2.207409587522453,2.1809209399514895,2.1547501508631632,2.128893403865396,2.1033469321296403,2.0781070130035433,2.053169965856008,2.0285321585420037,2.0041899987828184,1.9801399395534027,1.956378476927432,1.9329021457674325,1.9097075251121247,1.8867912360214858,1.8641499361894083,1.841780328563446,1.819679151647601,1.797843183812195,1.7762692432938711,1.7549541860406566,1.7338949046344934,1.7130883315236451,1.6925314336353554,1.6722212134533154,1.6521547133275363,1.632329006854605,1.612741205342493
4,38.31,30.97,33.31,24.89,30.52,27.96,29.7,25.15,26.53,25.66,21.9,24.84,23.18,20.68,15.46,21.77,19.98,18.87,16.55,17.24,17.21,17.8,16.61,12.58,11.67,12.65,14.72,12.3,9.53,10.57,10.01,11.76,10.71,7.28,11.52,7.96,10.32,10.74,8.57,8.28,7.98,7.68,7.39,7.25,7.06,6.89,6.78,6.58,6.45,6.31,6.18,6.18,6.03,5.89,5.87,5.78,5.61,5.51,5.47,5.43,5.38,5.27,5.16,5.12,5.08,4.99,4.85,4.71,4.65,4.65,4.66,4.61,4.5,4.46,4.42,4.37,4.33,4.28,4.3,4.24,4.18,4.12,4.05,4.05,4.04,3.97,3.89,3.88,3.833440867361983,3.7874404232229013,3.741991964963234,3.6970888681761247,3.652724588725608,3.6088926617174986,3.565586700470275,3.522800392398624,3.4805275031298977,3.438761870329427,3.3974974088460956,3.356728105566765,3.316448017358051,3.276651274153663,3.237332077925291,3.1984846965079217,3.1601034687454077,3.1221828024322407,3.0847171701970932,3.0477011125901643,3.0111292339667193,2.974996205574436,2.939296761436946,2.9040256973247196,2.8691778748715246,2.8347482153997423,2.800731698891251,2.7671233711912246,2.7339183316587676,2.7011117413998234,2.6686988212089475,2.6366748453946247,2.6050351479539513,2.5737751174270667,2.5428901968971522,2.512375887077773,2.4822277401381956,2.4524413627907276,2.423012412174263,2.393936602028969,2.365209692405139,2.3368274989252242,2.3087858835218076,2.2810807595831704,2.2537080898950665,2.22666388561161,2.1999442041970427,2.1735451525130802,2.1474628837315675,2.121693594247139,2.0962335308810145,2.0710789816189736,2.0462262807569283,2.0216718068426895,1.997411980617745,1.9734432660463708,1.9497621713447437,1.9263652438353736,1.9032490750926723,1.8804102947682706,1.8578455747074727,1.835551626891029,1.8135252013769092,1.7917630883585278,1.7702621161065188,1.7490191519978473,1.7280310983993556,1.7072948967842176,1.6868075256737116,1.666565999608106,1.6465673670884313,1.6268087157220512,1.6072871629606338,1.5879998663912958,1.5689440124163432,1.5501168265444167,1.5315155630993478,1.5131375113948446,1.4949799926471499,1.4770403620332677,1.4593160035453951,1.4418043341073767
5,30.88,27.39,28.53,26.05,26.22,25.66,24.55,23.47,26.25,23.23,23.74,21.64,17.78,13.16,17.0,15.95,16.33,15.97,13.75,12.42,13.62,12.7,13.48,9.11,11.37,12.24,12.02,14.12,11.72,10.64,11.88,11.01,9.16,9.38,7.49,10.96,9.12,7.82,8.23,7.96,7.8,7.49,7.18,7.02,6.8,6.69,6.52,6.33,6.2,6.07,6.0,5.94,5.8,5.66,5.58,5.57,5.48,5.38,5.28,5.11,5.01,4.9,4.79,4.75,4.71,4.68,4.65,4.57,4.5,4.5,4.44,4.39,4.34,4.29,4.25,4.21,4.16,4.11,4.13,4.08,4.02,3.96,3.9,3.9,3.9,3.83,3.75,3.74,3.695120803504102,3.6507801391458634,3.606971543590659,3.5636886329288187,3.5209250985496543,3.47867471023594,3.4369313089434614,3.3956888119584803,3.3549412087717614,3.314682561078576,3.274907001747204,3.2356087348189386,3.1967820313821127,3.158421234729562,3.120520753138178,3.083075062963383,3.0460787086391328,3.009526297520451,2.9734125029779084,2.937732060271651,2.9024797717088617,2.867650498391825,2.833239165375382,2.799240756509472,2.765650318565101,2.732462954013894,2.69967382721705,2.667278160299373,2.6352712310862825,2.6036483761982954,2.572404984862068,2.541536505099352,2.511038438569531,2.480906339538128,2.4511358169397894,2.421722532315302,2.3926621998115905,2.363950582055747,2.3355834963439888,2.3075568074212054,2.279866431606935,2.252508333700881,2.2254785249199287,2.1987730670241175,2.1723880681906653,2.146319683013974,2.120564111474134,2.095117600999907,2.069976441311267,2.045136970608355,2.0205955673195346,1.9963486552588583,1.9723927005315889,1.948724211534198,1.9253397389543672,1.9022358757709878,1.8794092531281887,1.8568565444613092,1.8345744644654043,1.812559763937782,1.7908092359669596,1.7693197097437068,1.7480880526240308,1.7271111721921624,1.7063860090401073,1.6859095439880931,1.6656787929271077,1.645690806818898,1.6259426727274628,1.6064315127875608,1.5871544831732163,1.5681087740977202,1.5492916098136296,1.5307002486127674,1.5123319807632385,1.4941841285094268,1.47625404710349,1.4585391237738663,1.4410367766937815,1.423744453949756,1.4066596376675764,1.3897798357603528
6,32.62,26.39,28.04,24.17,19.34,20.02,23.96,21.71,21.17,24.23,19.9,18.08,17.37,16.98,17.61,13.3,15.16,14.77,13.03,17.83,13.54,11.88,14.28,10.9,14.2,10.46,11.59,10.79,9.69,10.0,10.07,9.14,7.31,10.88,8.82,6.95,7.27,9.31,7.83,7.58,7.36,7.14,6.89,6.7,6.59,6.44,6.25,6.15,6.03,5.9,5.84,5.71,5.57,5.5,5.3,5.15,5.14,5.11,5.02,4.86,4.69,4.59,4.55,4.51,4.47,4.43,4.41,4.38,4.37,4.36,4.29,4.23,4.18,4.13,4.09,4.04,4.0,3.95,3.97,3.92,3.87,3.81,3.75,3.76,3.76,3.69,3.62,3.61,3.5666807526598205,3.5238813177480086,3.481595458189148,3.4398170129070924,3.398539891689885,3.3577580792978208,3.3174656334094195,3.277656680513348,3.238325421043515,3.199466121162928,3.1610731189257986,3.1231408181154383,3.085663691325311,3.0486362768779807,3.0120531777980943,2.9759090628393996,2.9401986654577277,2.9049167807299416,2.8700582663809517,2.8356180427837185,2.8015910898781993,2.7679724502524,2.7347572229802735,2.701940567729785,2.669517702708881,2.637483901584436,2.6058344965633053,2.5745648742842553,2.5436704778719963,2.5131468059101696,2.482989409360292,2.4531938915617584,2.423755912339906,2.3946711808169017,2.365935457465769,2.3375445551374106,2.3094943359795512,2.2817807114367445,2.2543996432773845,2.2273471415396733,2.2006192614505706,2.1742121106149126,2.148121837718222,2.1223446417698666,2.0968767659409506,2.071714498591337,2.046854173269644,2.0222921646051777,1.998024894470036,1.9740488258170035,1.9503604657606044,1.9269563594149999,1.9038330970831057,1.880987309121511,1.858415665940473,1.8361148769769033,1.8140816937754183,1.7923129027992195,1.7708053336462293,1.749555850832956,1.7285613568755431,1.7078187933167883,1.687325135591056,1.6670773991863814,1.6470726304013152,1.6273079155880799,1.6077803729364293,1.5884871576087372,1.569425457631927,1.5505924938974731,1.5319855232424509,1.513601832287435,1.4954387425715843,1.4774936064445732,1.4597638091206269,1.4422467666244863,1.4249399257914075,1.4078407642671633,1.3909467894810241,1.3742555396727774,1.3577645818386908,1.3414715127585313
7,26.29,24.52,27.32,23.93,28.13,25.34,16.39,23.67,25.63,16.07,21.37,19.62,15.39,15.75,13.57,10.23,12.51,17.46,13.47,12.25,13.01,11.55,9.61,10.1,8.64,9.34,9.54,11.24,7.17,7.34,8.57,7.24,10.98,8.57,9.31,7.77,8.15,7.72,7.17,7.01,6.75,6.59,6.43,6.3,6.22,6.1,5.94,5.83,5.65,5.47,5.34,5.21,5.14,5.08,4.87,4.73,4.72,4.71,4.63,4.53,4.44,4.35,4.31,4.27,4.24,4.2,4.17,4.14,4.12,4.1,4.09,4.03,3.91,3.86,3.87,3.88,3.84,3.73,3.68,3.7,3.71,3.66,3.48,3.35,3.35,3.35,3.35,3.34,3.2999206450685876,3.2603222265169585,3.2211989742164193,3.182545185741121,3.144355229445459,3.106623537283471,3.069344613015238,3.032513021948884,2.9961233970953725,2.9601704350653106,2.9246488960689443,2.8895536039161613,2.8548794429390885,2.8206213610694917,2.786774364709775,2.753333520784582,2.7202939567407953,2.6876508564443307,2.655399464283346,2.6235350779876327,2.5920530547834177,2.5609488062643657,2.5302177994173762,2.4998555555967816,2.469857650524352,2.4402197112118875,2.4109374190386252,2.3820065056480333,2.353422754999414,2.325182002342101,2.297280131138061,2.26971307408769,2.242476815181419,2.215567383544906,2.188980858568042,2.162713365801748,2.136761075932173,2.1111202068322967,2.085787021510327,2.060757829135503,2.036028979909088,2.0115968722449775,1.9874579435374915,1.9636086763161784,1.940045595168415,1.9167652657136032,1.8937642946031708,1.871039330546373,1.8485870602070908,1.82640421333283,1.8044875555741209,1.7828338925877194,1.761440070036607,1.7403029684609874,1.719419507381489,1.6987866442733646,1.6784013714890895,1.6582607183099622,1.638361747868704,1.6187015622784597,1.5992772954521954,1.5800861151542984,1.5611252260779802,1.5423918647162715,1.5238832993620248,1.5055968342111146,1.4875298032076347,1.4696795731213,1.4520435435474461,1.4346191428038273,1.4174038320338194,1.400395102129016,1.3835904737292302,1.366987499274096,1.350583756848264,1.334376857362004,1.318364437370605,1.3025441652291736,1.286913732886233,1.271470864090127,1.256213307208414,1.2411388383052713
8,24.28,27.18,24.25,24.57,20.1,20.04,19.56,26.37,19.18,19.69,20.54,15.46,17.15,19.15,16.0,12.0,17.84,13.53,11.28,11.67,11.19,9.17,10.4,12.28,8.98,12.49,12.66,11.79,10.89,11.03,9.68,10.25,7.76,6.93,6.72,5.76,7.98,6.89,6.55,6.43,6.26,6.11,5.95,5.85,5.71,5.55,5.42,5.32,5.14,4.96,4.84,4.71,4.71,4.58,4.45,4.45,4.45,4.44,4.29,4.14,4.12,4.09,4.07,4.03,4.0,3.96,3.93,3.9,3.87,3.85,3.84,3.77,3.64,3.59,3.59,3.6,3.62,3.51,3.34,3.29,3.3,3.32,3.2,3.08,3.02,2.96,2.96,2.95,2.9146005184471715,2.8796258185984,2.8450708027630207,2.8109304358902185,2.7771997415918954,2.7438738051255203,2.7109477684227112,2.6784168330720886,2.646276259324988,2.614521361124045,2.583147512068897,2.552150140444763,2.5215247272338797,2.49126680909835,2.461371977385862,2.431835875146836,2.4026541971344253,2.3738226907988005,2.3453371542985835,2.3171934365008444,2.2893874359868214,2.2619150990633528,2.2347724227457264,2.20795545177483,2.1814602766285867,2.1552830374990832,2.129419917332594,2.103867148789556,2.078621007284592,2.0536778129750743,2.0290339297668436,2.0046857682970534,1.980629778974195,1.9568624549609408,1.9333803341627143,1.910179993261988,1.8872580507011356,1.8646111666824308,1.8422360401851967,1.8201294099600906,1.798288054529103,1.7767087901969911,1.755388473039845,1.7343239949279565,1.7135122865086658,1.6929503142235147,1.6726350813025266,1.6525636267699266,1.632733026438423,1.6131403889320737,1.59378285966342,1.574657616856354,1.5557618735346832,1.537092874539284,1.5186479014995142,1.500424263884666,1.482419306958232,1.4646304068064873,1.4470549693442074,1.4296904342918018,1.4125342711981796,1.3955839794407499,1.3788370872311386,1.3622911555923225,1.345943772392927,1.329792555330079,1.3138351499408376,1.2980692305964796,1.2824925005024983,1.2671026887157535,1.2518975521330382,1.2368748754910799,1.222032467389405,1.207368167250324,1.1928798363703803,1.1785653628917678,1.1644226618023301,1.150449669964145,1.136644353073506,1.123004697706657,1.1095287162912093,1.0962144451175735
9,23.54,23.29,25.24,22.18,18.47,16.29,16.94,20.98,18.59,18.33,20.49,15.5,16.85,15.22,17.26,16.51,13.56,13.37,12.47,12.55,8.04,13.29,12.07,11.44,8.7,13.56,10.5,10.08,7.44,11.72,10.71,8.47,7.65,10.76,8.22,7.45,8.22,4.22,6.24,6.1,5.99,5.87,5.66,5.44,5.28,5.12,5.01,4.93,4.84,4.78,4.67,4.56,4.56,4.43,4.3,4.3,4.3,4.23,4.09,4.01,3.99,3.97,3.95,3.92,3.89,3.86,3.82,3.79,3.76,3.73,3.71,3.64,3.51,3.45,3.45,3.46,3.41,3.23,3.06,3.01,3.02,3.04,3.05,3.0,2.87,2.81,2.82,2.82,2.786160468304588,2.7527269999808297,2.7196947213052067,2.6870588200046184,2.654814539212085,2.6229571794815096,2.5914820977802964,2.560384708496734,2.5296604773956926,2.4993049286703113,2.469313636882926,2.4396822320019895,2.410406395372536,2.381481860723564,2.3529044121532703,2.3246698851364322,2.29677416450964,2.2692131844712984,2.2419829295890072,2.2150794297626453,2.188498765261289,2.1622370626936744,2.136290492993433,2.110655275448624,2.0853276736722,2.060303997616778,2.0355805995450966,2.0111538760447907,1.987020268028387,1.9631762567037712,1.9396183686111055,1.916343169578527,1.8933472677442968,1.8706273115420358,1.8481799897007207,1.8260020312446874,1.8040902024714767,1.7824413119887554,1.7610522026552449,1.7399197586324073,1.7190409003475273,1.6984125834863277,1.6780318020151213,1.6578955861660416,1.6380010004222774,1.6183451465402234,1.59892515851256,1.5797382076051738,1.5607814963128532,1.5420522613814418,1.5235477738078362,1.5052653378326035,1.4872022869104444,1.4693559897544992,1.4517238442920415,1.4343032827013993,1.4170917643602667,1.4000867808826245,1.3832858551113554,1.3666865370887085,1.3502864090932194,1.3340830795954066,1.3180741872873056,1.3022573990677038,1.286630410042138,1.2711909425155121,1.255936745992096,1.2408655981829102,1.225975301983574,1.2112636864816888,1.1967286089716072,1.1823679499175115,1.168179615975567,1.1541615410013053,1.1403116810127059,1.1266280172123448,1.1131085559873986,1.099751325887489,1.0865543816542216,1.0735157981768797,1.0606336765367304,1.0479061389701025
10,23.93,23.11,20.95,26.08,23.88,19.64,16.28,21.86,20.68,19.67,18.58,16.59,16.93,12.9,19.52,12.66,17.03,14.33,13.08,14.01,14.84,10.09,9.0,12.02,11.92,12.18,7.01,11.28,7.79,8.53,8.74,8.58,8.14,10.72,10.43,7.11,5.62,9.43,6.35,6.21,6.08,5.96,5.73,5.52,5.36,5.2,5.1,4.99,4.91,4.82,4.7,4.66,4.6,4.48,4.41,4.41,4.35,4.21,4.14,4.14,4.12,4.11,4.02,3.93,3.91,3.88,3.84,3.81,3.77,3.75,3.72,3.64,3.56,3.56,3.56,3.5,3.38,3.27,3.22,3.17,3.12,3.08,3.03,2.97,2.92,2.93,2.93,2.87,2.835560482732102,2.801534226730018,2.7679162745694814,2.734701727613922,2.701885743987298,2.669463542628425,2.6374303972094855,2.6057816391767763,2.574512656737125,2.5436188918171476,2.513095844117573,2.4829390630045935,2.4531441546049346,2.423706776737948,2.3946226389156102,2.36588750335611,2.337497179915934,2.3094475331849416,2.2817344753912945,2.254353966401457,2.2273020157473593,2.200574681612815,2.174168068806359,2.1480783277476703,2.1223016585218897,2.096834301757396,2.0716725467344523,2.0468127273308814,2.022251219994905,1.9979844447587247,1.9740088642249392,1.9503209866072901,1.9269173566084306,1.9037945655557373,1.8809492432926609,1.8583780591923078,1.8360777241846027,1.8140449887291252,1.7922766407879493,1.7707695098799672,1.7495204589722397,1.728526392588647,1.7077842507283998,1.6872910098796234,1.667043684032936,1.6470393226542879,1.627275009671381,1.607747864487249,1.5884550409666771,1.569393728449782,1.5505611476976897,1.5319545539332768,1.5135712368411707,1.4954085154998467,1.4774637444631102,1.4597343076786156,1.442217620515024,1.4249111307755857,1.407812315657399,1.3909186837785692,1.3742277721374687,1.3577371501670585,1.3414444116262405,1.3253471837220892,1.3094431210283615,1.2937299034583392,1.278205242346311,1.2628668753796706,1.2477125655853336,1.2327401063976444,1.217947313549726,1.2033320331821304,1.1888921327206077,1.1746255099983365,1.160530085147274,1.1466038026253218,1.132844634257064,1.1192505731522853,1.1058196397874547,1.0925498759242405,1.0794393466366718,1.0664861423383014
11,25.7,26.82,26.1,24.88,30.49,20.91,20.51,22.83,20.59,20.64,17.69,16.92,19.69,16.92,14.55,16.49,16.14,17.0,14.56,11.24,13.72,16.08,12.9,10.03,13.8,13.23,11.84,8.86,9.57,9.96,8.2,11.32,6.48,10.13,11.5,8.46,6.82,9.66,6.89,6.69,6.55,6.41,6.23,6.06,5.86,5.7,5.6,5.45,5.29,5.09,5.0,4.94,4.84,4.78,4.72,4.66,4.59,4.53,4.46,4.39,4.38,4.37,4.29,4.2,4.18,4.15,4.12,4.02,3.92,3.89,3.86,3.83,3.81,3.8,3.79,3.73,3.67,3.61,3.56,3.52,3.47,3.42,3.31,3.27,3.21,3.16,3.17,3.11,3.0726805611812162,3.0358089434710878,2.9993797714650254,2.963387736096261,2.927827593615264,2.892694160486834,2.8579823164518445,2.823687003506662,2.7898032218208173,2.7563260358604986,2.7232505641827314,2.6905719886206163,2.6582855450980905,2.62638652873284,2.594870291795133,2.5637322386049135,2.532967833696452,2.502572592633113,2.4725420850690987,2.442871935770031,2.413557818489461,2.3845954631129396,2.355980647493366,2.3277092025538955,2.2997770071850296,2.2721799902857804,2.244914129743089,2.2179754534524068,2.1913600331942047,2.165063991778046,2.1390834958985123,2.113414760217534,2.088054042261478,2.0629976475240577,2.0382419223222605,2.013783260940422,1.9896180974655677,1.9657429098697436,1.9421542200100157,1.9188485885255588,1.895822618919987,1.873072956540768,1.8505962844968993,1.8283893277412344,1.806448850008736,1.784771653816477,1.7633545784224776,1.7421945049286134,1.7212883470953786,1.7006330584859604,1.680225630425073,1.6600630868960515,1.6401424896437573,1.6204609361334184,1.601015557509462,1.5818035196160993,1.5628220219767421,1.544068299835167,1.5255396190526054,1.5072332781489086,1.489146611364292,1.471276980494681,1.4536217830563658,1.4361784441213465,1.4189444224408239,1.4019172063628722,1.3850943138324396,1.36847329341193,1.35205172326062,1.3358272080729143,1.3197973852018379,1.3039599185355424,1.2883124974767264,1.272852844086707,1.2575787039001842,1.242487852048732,1.2275780871373057,1.2128472373677353,1.1982931564563963,1.183913721593047,1.169706838543737,1.1556704355273175
12,27.11,25.09,27.38,26.6,24.06,19.55,23.22,21.71,22.8,18.11,18.32,22.96,20.26,23.91,19.46,18.7,19.17,16.67,17.77,15.07,19.05,11.9,15.02,14.96,16.57,12.18,12.9,9.64,9.88,10.6,10.45,10.99,10.69,10.55,8.34,10.03,10.58,9.65,8.1,7.85,7.58,7.25,7.04,6.85,6.63,6.5,6.35,6.19,5.98,5.83,5.78,5.63,5.51,5.47,5.36,5.3,5.23,5.17,5.11,4.97,4.84,4.76,4.75,4.73,4.71,4.68,4.65,4.55,4.45,4.41,4.31,4.21,4.19,4.16,4.15,4.14,4.14,4.08,3.97,3.92,3.93,3.95,3.84,3.74,3.69,3.64,3.65,3.6,3.55680073988498,3.514119851972056,3.471951118172703,3.4302883921095977,3.389125603273788,3.348456750788935,3.308275909647071,3.268577222394257,3.2293549053663386,3.1906032414138985,3.152316583020133,3.1144893512615597,3.077116031650848,3.04019117933328,3.003709412850995,2.967665414142993,2.9320539316630074,2.896869775183045,2.8621078168326766,2.8277629900597456,2.7938302906696624,2.7603047716289346,2.727181549300932,2.6944557951315367,2.66212273980632,2.630177671171952,2.598615933196914,2.5674329270107856,2.5366241077863725,2.5061849857789933,2.4761111242479,2.446398140495564,2.417041703789097,2.3880375374388327,2.359381411523278,2.3310691522427494,2.3030966325657354,2.2754597753467793,2.2481545533264744,2.22117698705288,2.194523144881524,2.168189141936106,2.1421711401085,2.1164653480587554,2.091068019136507,2.065975452420272,2.041183990638864,2.0166900201713904,1.992489972086548,1.968580319024744,1.9449575762373863,1.9216183005475946,1.8985590924287836,1.8757765887296147,1.8532674699490437,1.8310284560791519,1.8090563066051446,1.7873478173874737,1.7658998258583007,1.744709205825034,1.7237728685096203,1.703087763587838,1.6826508760714194,1.6624592273473433,1.6425098741385415,1.6227999095431924,1.6033264609561346,1.5840866900688682,1.5650777928695532,1.5462969986037183,1.527741570813553,1.509408805259321,1.491296029919363,1.4734006039508005,1.455719920807417,1.4382514030431919,1.4209925033515949,1.4039407087227571,1.38709353316842,1.370448519800523,1.3540032449883728,1.3377553110835947
13,32.52,29.69,28.66,26.27,30.51,25.07,32.64,33.07,21.39,25.88,27.56,20.9,22.41,20.25,21.94,22.27,20.06,20.46,16.91,16.42,20.5,20.93,18.88,14.52,17.53,18.4,15.81,11.51,14.1,10.09,8.65,10.13,13.19,10.34,10.78,8.86,12.75,11.87,9.89,9.57,9.22,8.76,8.48,8.26,7.99,7.78,7.55,7.35,7.19,7.0,6.82,6.73,6.58,6.47,6.37,6.33,6.2,6.07,6.01,5.88,5.75,5.67,5.6,5.52,5.5,5.47,5.44,5.4,5.36,5.32,5.21,5.1,5.06,4.97,4.88,4.86,4.85,4.85,4.79,4.62,4.51,4.53,4.43,4.32,4.34,4.36,4.31,4.2,4.149601022502714,4.099806808020498,4.050610099442187,4.00200372969268,3.9539806125247035,3.9065337507039075,3.8596562298700445,3.8133412185369684,3.7675819660463605,3.7223718056371426,3.6777041462603757,3.633572480764362,3.5899703756632726,3.546891478299105,3.5043295086565878,3.4622782665251406,3.42073162229064,3.379683520004832,3.339127979431603,3.2990590899081607,3.2594710113681695,3.2203579753648888,3.1817142799554854,3.1435342958398587,3.105812456129268,3.0685432655545672,3.0317212922811065,2.9953411689318736,2.959397594633762,2.9238853309250277,2.888799202778424,2.8541340955317906,2.819884958980602,2.786046800216008,2.7526146877173816,2.7195837503291833,2.6869491741915486,2.6547062027402863,2.6228501367068846,2.591376333095366,2.56028020620543,2.529557223539904,2.4992029078510156,2.469212835094119,2.439582634427697,2.4103079871902215,2.381384627923291,2.352808341302221,2.324574962136042,2.296680375367501,2.269120516073061,2.241891368439763,2.214988963718954,2.1884093802262847,2.1621487453879857,2.136203230625179,2.110569056469569,2.0852424854014755,2.0602198279886625,2.035497435724377,2.0110717071661686,1.9869390807739338,1.963096040025599,1.9395391113708476,1.9162648601385708,1.8932698946294162,1.8705508630463774,1.8481044555410668,1.8259274001211683,1.8040164646967112,1.7823684550337955,1.7609802178240042,1.739848635568717,1.7189706265791107,1.6983431500918449,1.6779632001302385,1.6578278044811339,1.6379340298105818,1.6182789775712925,1.5988597809332252,1.5796736119455481,1.5607176733515402
14,34.43,37.3,34.75,36.89,36.16,30.96,34.96,31.79,28.7,30.95,32.05,25.13,27.21,29.87,25.23,28.1,24.52,25.31,23.1,19.85,24.31,22.17,20.42,19.94,19.08,18.56,20.7,13.9,14.64,12.68,12.66,12.11,12.54,13.39,9.41,14.46,11.07,14.59,12.19,11.78,11.34,10.9,10.54,10.24,9.92,9.65,9.39,9.13,8.87,8.6,8.38,8.23,8.04,7.85,7.74,7.65,7.48,7.35,7.29,7.16,7.03,6.97,6.83,6.69,6.67,6.64,6.55,6.44,6.4,6.35,6.3,6.24,6.19,6.08,5.98,5.95,5.87,5.8,5.79,5.68,5.51,5.46,5.42,5.32,5.29,5.31,5.21,5.1,5.0388015177897465,4.978337380995396,4.9185987793613934,4.8595770052305705,4.801263459639099,4.743649643174063,4.686727161052582,4.630487717026864,4.57492311541585,4.520025259073564,4.465786148373295,4.412197878160107,4.359252639782503,4.306942717029113,4.255260487144526,4.204198417781812,4.153749069034166,4.103905086324141,4.054659208530244,4.006004257828681,3.957933142740838,3.9104388591491017,3.863514485217735,3.8171531824087004,3.7713481944658356,3.726092846399027,3.6813805424525587,3.6372047671209398,3.5935590821014243,3.550437126294014,3.507832616817283,3.4657393429134236,3.424151172043201,3.3830620417593464,3.3424659658015146,3.302357025969674,3.2627293782190647,3.2235772465652417,3.184894926131553,3.1466767790858388,3.1089172356562544,3.071610793115445,3.0347520137488955,2.998335526886583,2.9623560248396705,2.9268082649321605,2.8916870654375946,2.856987308626526,2.8227039377190444,2.7888319558689525,2.7553664261637643,2.722302471624703,2.6896352741908784,2.657360073703462,2.6254721648582064,2.5939669012687503,2.5628396903874906,2.5320859975688834,2.501701339974492,2.471681288604637,2.4420214703300474,2.412717560781082,2.3837652894268566,2.355160437543595,2.326898836182974,2.298976366172127,2.271388958113642,2.2441325913697363,2.217203294062257,2.1905971420568555,2.1643102559155087,2.1383388059756507,2.112679007271041,2.087327119531767,2.062279449215894,2.0375323434145116,2.01308219797834,1.988925447359472,1.965058573753804,1.9414780959269549,1.9181805783566963,1.8951626261538244
15,42.29,42.72,44.7,42.71,38.29,43.68,39.27,37.01,40.63,43.62,45.81,33.93,36.47,33.22,30.68,33.79,29.47,28.71,26.65,24.19,25.08,28.13,24.79,29.33,22.47,24.27,26.4,20.31,25.21,16.08,16.75,13.13,15.54,13.82,17.44,14.7,17.51,20.85,15.42,14.98,14.36,13.83,13.4,12.96,12.52,12.1,11.74,11.45,11.1,10.74,10.48,10.28,10.13,9.92,9.75,9.58,9.3,9.13,9.08,8.95,8.76,8.63,8.56,8.43,8.35,8.26,8.03,7.87,7.82,7.77,7.71,7.65,7.58,7.52,7.4,7.29,7.19,7.1,7.09,7.03,6.91,6.8,6.7,6.61,6.52,6.48,6.39,6.29,6.214522339005144,6.139950354152225,6.066273179003926,5.993480076461409,5.921560439766934,5.850503787490745,5.78029976653894,5.710938144132476,5.642408814825542,5.57470179148194,5.507807207280336,5.441715314711632,5.376416481568476,5.311901192950504,5.24816004725385,5.185183755168518,5.122963139678384,5.061489134055946,5.000752778854457,4.940745223913169,4.881457724346839,4.822881640545724,4.765008436170345,4.7078296781514775,4.65133703167703,4.595522267210423,4.5403772484590865,4.485893940395469,4.432064403241279,4.378880791464868,4.326335355786479,4.274420438165124,4.22312847280121,4.172451986136539,4.122383590838564,4.072915992818756,4.024041982208991,3.9757544353667926,3.928046316880588,3.880910673553958,3.834340635408263,3.7883294176878923,3.74287031283927,3.697956697529225,3.6535820256266236,3.609739830207614,3.5664237235556313,3.523627390143028,3.481344595654685,3.439569176961782,3.398295047134907,3.357516188425697,3.3172266612904475,3.2774205913560057,3.238092179446008,3.1992356935598867,3.160845470878122,3.122915915756992,3.0854415007311955,3.0484167665138555,3.011836313975525,2.975694815173049,2.9399870003154582,2.9047076677902055,2.869851674136924,2.835413941065802,2.801389449441831,2.767773240287436,2.7345604137798483,2.701746131256354,2.6693256091985527,2.6372941232428495,2.605647005172586,2.574379641915416,2.5434874785511763,2.51296601129352,2.4828107925030367,2.453017427679379,2.4235815744586415,2.3944989426133585,2.3657652940525034,2.3373764418188676
16,52.78,54.54,59.25,53.59,52.62,52.23,51.64,52.41,54.28,60.29,55.94,42.93,40.53,41.73,36.68,41.75,49.26,47.98,42.17,41.63,33.84,40.28,38.55,33.16,33.7,35.4,33.38,35.17,28.63,22.88,23.22,17.98,21.45,22.36,19.36,22.48,24.13,22.77,19.5,18.99,18.25,17.59,17.04,16.41,15.89,15.3,14.71,14.33,13.95,13.52,13.12,12.87,12.71,12.5,12.22,11.88,11.52,11.32,11.22,11.1,10.91,10.79,10.73,10.6,10.52,10.38,10.15,10.05,9.94,9.82,9.75,9.68,9.54,9.39,9.19,9.0,8.94,8.9,8.86,8.73,8.6,8.49,8.33,8.29,8.2,8.06,7.97,7.82,7.726163664179056,7.633453276278708,7.541855327611396,7.451356471767963,7.361943520659649,7.273603445507588,7.1863233738743,7.100090586695192,7.01489252025755,6.930716758284528,6.847551034903661,6.765383231678336,6.684201374639313,6.603993635274206,6.524748324590476,6.446453895094439,6.36909893782275,6.2926721803634065,6.217162486855746,6.142558853042931,6.068850407261452,5.9960264084621295,5.924076246210102,5.852989433758321,5.782755612005548,5.713364548506869,5.644806129557654,5.57707036514109,5.510147383980651,5.444027434529613,5.3787008810130414,5.314158203427785,5.250389996552977,5.187386967971037,5.125139937078153,5.0636398311262925,5.00287768918119,4.942844656185351,4.8835319849370435,4.824931029163789,4.767033251438377,4.7098302142733495,4.653313580120994,4.597475115331355,4.54230667926771,4.487800236180596,4.433947839375773,4.38074164308825,4.328173893576764,4.276236929123782,4.224923181025004,4.174225172599853,4.124135514243974,4.074646907387234,4.025752138556715,3.97744408432422,3.929715702400754,3.882560039552544,3.835970221706014,3.7899394608743004,3.744461048230738,3.6995283550983578,3.655134834928899,3.611274017365787,3.567939510223142,3.525124999485778,3.4828242433721908,3.4410310792610703,3.3997394157752834,3.3589432357503837,3.318636592276597,3.278813612656834,3.2394684934591784,3.200595500516885,3.1621889679388784,3.1242433000887577,3.0867529646582796,3.049712500583378,3.0131165071596357,2.9769596529478095,2.9412366678578064,2.9059423461171945
17,104.83,96.88,82.68,80.93,80.07,81.44,80.13,84.79,85.07,87.34,74.56,67.32,67.47,67.23,69.26,68.91,62.87,56.58,62.33,57.02,59.44,57.99,52.69,53.53,58.98,57.28,50.31,50.12,48.64,38.78,32.99,33.48,29.3,29.3,28.99,29.5,31.51,34.99,24.48,23.7,22.82,21.98,21.15,20.37,19.74,19.07,18.39,17.86,17.39,16.93,16.5,16.11,15.75,15.4,15.08,14.74,14.35,14.06,13.94,13.79,13.54,13.42,13.3,13.11,13.04,12.9,12.75,12.65,12.48,12.36,12.22,11.96,11.68,11.52,11.36,11.2,11.12,10.99,10.87,10.77,10.63,10.51,10.4,10.36,10.27,10.13,10.05,9.85,9.731805786185113,9.615029764332577,9.499654919665863,9.385664443184247,9.273041722716037,9.161770349877191,9.051834111124512,8.943216987755678,8.835903153921052,8.729876971653256,8.62512299285535,8.521625953336303,8.419370772811,8.31834255092391,8.21852656625497,8.119908275325532,8.022473307627907,7.926207466619469,7.831096723758126,7.737127219496414,7.644285263281497,7.552557324608385,7.461930037990373,7.372390197988607,7.283924757223911,7.1965208243886165,7.110165662258389,7.024846689680404,6.940551471632479,6.857267727175771,6.774983318519827,6.693686255993006,6.613364693072062,6.534006924393961,6.4556013877440614,6.378136656103421,6.301601441625139,6.225984592652106,6.151275089740652,6.077462044666465,6.004534702412758,5.932482436199846,5.861294745496966,5.79096125801046,5.721471722725159,5.652816013880737,5.584984126995363,5.517966177871617,5.451752399614232,5.3863331426300896,5.321698875622311,5.257840177637567,5.194747744030594,5.132412380499679,5.070825003086658,5.009976636188742,4.949858413552609,4.890461573303971,4.8317774609298265,4.773797523313955,4.716513311719166,4.659916478805045,4.603998776639782,4.548752054711995,4.494168263907083,4.440239449548611,4.386957751398321,4.334315406638389,4.282304741918728,4.2309181783274274,4.180148227414404,4.1299874911914065,4.080428658155665,4.03146450726624,3.983087902973591,3.9352917942254906,3.8880692154611087,3.8414132866110156,3.795317207132663,3.7497742599867294,3.704777806666692,3.660321292169251
18,106.68,106.15,92.93,86.69,87.09,96.35,89.93,88.46,91.59,91.66,95.43,80.84,80.22,71.89,90.13,83.66,84.32,86.78,72.37,79.89,85.48,78.39,74.16,66.7,64.82,61.38,61.2,57.39,56.24,52.64,39.63,50.15,38.69,41.28,41.98,38.19,37.31,46.09,30.02,29.07,27.91,26.81,25.81,24.93,24.11,23.34,22.58,21.81,21.17,20.61,20.14,19.63,19.09,18.68,18.33,18.03,17.75,17.45,17.18,16.81,16.48,16.31,16.19,16.0,15.81,15.69,15.55,15.33,15.16,14.98,14.72,14.45,14.23,14.06,13.88,13.76,13.65,13.49,13.28,13.16,13.05,12.91,12.78,12.68,12.52,12.26,12.07,11.94,11.796728615968982,11.655176284196449,11.515322375466726,11.377146525418562,11.24062858549799,11.105748681814887,10.972487146476995,10.840824576446469,10.710741784492756,10.582219818811453,10.455239953214871,10.329783677322617,10.205832725989863,10.083369020450812,9.962374736984652,9.8428322382496,9.724724108596819,9.60803313445159,9.49274231608459,9.378834853878727,9.26629415127195,9.15510381083349,9.04524763034009,8.936709602775993,8.829473914371075,8.72352493871518,8.618847238720006,8.515425560733458,8.413244836501523,8.31229017630168,8.21254686992384,8.11400038274658,8.016636357699026,7.920440604470486,7.825399108338934,7.731498020361581,7.6387236563939425,7.547062499051715,7.4565011908441825,7.367026537117045,7.278625498204881,7.191285194335851,7.104992896803227,7.019736032870103,6.9355021779218475,6.852279059389882,6.7700545479231975,6.688816663274008,6.608553567431155,6.529253563639164,6.45090509737919,6.373496750483357,6.297017245058538,6.221455433676921,6.146800308204499,6.073040988029753,6.000166724968374,5.928166899339488,5.857031020946594,5.786748721230036,5.717309761114533,5.648704019237878,5.580921498817527,5.513952323726837,5.447786732609406,5.382415085745674,5.3178278552434985,5.254015629942861,5.19096911051117,5.128679109443242,5.06713655008037,5.006332462686559,4.946257988372281,4.886904371246953,4.828262961361749,4.770325214709611,4.713082687339588,4.656527037318727,4.600650023751125,4.545443502854165,4.4908994289394535,4.437009854412822
19,107.97,98.58,94.91,95.15,85.12,89.43,97.75,83.87,90.79,83.42,90.97,82.86,81.47,77.74,89.96,85.16,90.15,92.08,90.79,83.25,91.35,72.74,68.69,64.14,72.14,68.58,63.63,60.63,62.73,43.72,47.1,44.1,49.82,45.35,46.23,43.09,41.39,47.85,35.28,34.2,32.78,31.54,30.38,29.37,28.4,27.43,26.55,25.71,24.97,24.32,23.75,23.09,22.46,22.05,21.66,21.24,20.91,20.64,20.29,19.9,19.49,19.18,19.01,18.82,18.64,18.52,18.33,18.07,17.91,17.67,17.29,17.03,16.87,16.64,16.4,16.26,16.13,15.99,15.76,15.54,15.46,15.29,15.09,14.96,14.74,14.36,14.11,14.04,13.871532037297106,13.705085402067876,13.540635854768826,13.378159417958074,13.217632434540112,13.059031519228501,12.902333548838394,12.74751571082386,12.5945554450331,12.443430472830833,12.294118758268445,12.146598566328771,12.00084839497384,11.856847004267275,11.714573426081758,11.574006925269158,11.435127028782944,11.297913486848296,11.162346321499475,11.028405778042444,10.896072334762374,10.76532671263109,10.636149875307074,10.50852298059814,10.382427448413688,10.257844902519913,10.13475718995474,10.013146381027816,9.892994740198112,9.774284784318734,9.656999199152693,9.541120904412946,9.426633012991024,9.313518842606,9.201761913863,9.091345941516469,8.982254838353168,8.8744727074262,8.7679838439965,8.662772732620603,8.55882404229689,8.456122627436367,8.3546535230089,8.254401943572494,8.15535328036103,8.057493103225779,7.960807150927925,7.86528133502155,7.770901736941399,7.67765460314914,7.585526348045619,7.494503546204871,7.40457293334487,7.315721406327536,7.227936017334248,7.1412039758073425,7.055512642625627,6.9708495310751335,6.887202303936877,6.804558772516102,6.722906894700804,6.6422347720494725,6.562530649791102,6.483782911971456,6.405980084365308,6.329110828651958,6.253163945327475,6.178128365938725,6.103993155995609,6.030747514000319,5.958380764652105,5.886882363701017,5.816241891152672,5.7464490541804985,5.677493682272,5.609365727228753,5.54205525928343,5.475552471953517,5.409847673304612,5.344931288862651,5.280793857730928,5.217426034531586
20,96.22,99.26,97.03,92.88,94.34,87.33,90.67,98.42,91.83,98.67,87.39,78.47,91.66,90.04,90.29,82.95,96.81,85.98,83.08,81.51,79.87,88.46,83.55,78.18,66.09,73.56,68.62,75.92,61.39,53.05,51.57,46.54,43.09,47.43,45.85,46.9,45.34,51.27,39.45,38.22,36.8,35.46,34.09,32.97,31.86,30.77,29.87,29.01,28.22,27.46,26.77,26.08,25.51,24.98,24.47,24.04,23.56,23.17,22.76,22.38,22.07,21.74,21.49,21.26,21.08,20.91,20.66,20.42,20.21,19.99,19.63,19.31,19.1,18.87,18.63,18.44,18.29,18.14,17.93,17.63,17.35,17.09,16.85,16.71,16.53,16.31,16.11,15.99,15.798135574045112,15.60857314400464,15.421285108195821,15.236244176379426,15.053423379492358,14.87279610857811,14.694336027193255,14.518017149268344,14.343813780712223,14.171700548609893,14.001652372024656,13.833644481463342,13.667652409143699,13.50365195979657,13.341619239863707,13.181530647765179,13.02336286416675,12.867092842247267,12.712697817431284,12.560155287923827,12.40944303417562,12.260539099417867,12.113421779929642,11.968069654235707,11.824461544176092,11.68257652463869,11.54239392355926,11.40389331218882,11.267054505093643,11.131857589353094,10.99828284669874,10.866310821642626,10.735922282546834,10.607098231356096,10.47981990359778,10.354068758649309,10.229826460272902,10.10707492527866,9.98579624566366,9.865972766472852,9.747587017670778,9.63062176183137,9.515059950341191,9.400884745784456,9.288079511237148,9.176627812213546,9.06651340790687,8.957720253135808,8.850232498344514,8.744034478896744,8.639110721888665,8.535445939336052,8.43302502622774,8.331833057605866,8.23185528856585,8.133077153283145,8.03548425625388,7.939062378134435,7.843797468928605,7.749675647014344,7.656683197197244,7.564806569737269,7.474032376455715,7.384347389761945,7.295738542653398,7.208192922876009,7.121697771950961,7.0362404880944585,6.951808617458386,6.868389858023346,6.785972052785836,6.704543193651287,6.624091412674725,6.544604988873581,6.46607233752184,6.388482015989593,6.311822717903475,6.236083272173403,6.161252642019317,6.087319922051396,6.01427434021658,5.94210525098574
21,82.14,83.89,84.55,86.71,90.06,86.42,95.44,88.22,89.44,94.02,88.96,90.17,86.37,82.63,102.26,94.9,105.22,91.62,83.55,84.58,80.69,80.97,82.48,64.55,73.36,68.19,72.9,63.58,65.26,64.72,53.72,44.3,47.48,48.41,49.39,50.98,44.8,54.44,42.21,41.01,39.49,38.02,36.67,35.46,34.34,33.27,32.28,31.34,30.46,29.67,28.9,28.2,27.62,27.08,26.58,26.13,25.61,25.15,24.69,24.26,24.01,23.77,23.45,23.15,22.87,22.57,22.33,22.1,21.85,21.59,21.31,21.07,20.81,20.53,20.3,20.12,19.92,19.7,19.53,19.26,18.89,18.61,18.4,18.17,17.97,17.73,17.46,17.27,17.062778286491394,16.858042783703272,16.65576368856417,16.45591152689079,16.258457182407543,16.063371896746553,15.870627250101265,15.680195161226491,15.492047887438376,15.306158024614414,15.122498478173899,14.941042511443825,14.761763687619815,14.584635879439285,14.409633278854631,14.236730406706425,14.065902064357477,13.89712336271241,13.730369722217644,13.565616843841857,13.40284071874916,13.242017637972287,13.083124173066228,12.926137166435046,12.771033760351427,12.617791358263952,12.466387615123907,12.316800485751202,12.169008176468461,12.022989154774203,11.878722149342831,11.736186130678295,11.595360340133608,11.456224251218137,11.31875760829033,11.18294036851861,11.048752740574125,10.916175194303909,10.785188393018627,10.655773261204835,10.527910945832257,10.40158280668061,10.276770435685952,10.153455666613882,10.031620517020436,9.911247236618005,9.792318287928962,9.674816346285676,9.558724288222678,9.444025196313264,9.33070236013681,9.218739267572905,9.108119604801356,8.99882725340023,8.890846289378533,8.784160978339637,8.678755775481253,8.574615321726178,8.471724443722287,8.370068149005949,8.269631625034696,8.170400236285293,8.072359524253699,7.975495203585839,7.879793159175615,7.785239447132243,7.691820288009018,7.599522069705273,7.508331344564421,7.418234823570045,7.329219378280544,7.241272037927165,7.1543799865120565,7.068530563775587,6.983711258425116,6.899909712971585,6.817113714056335,6.7353111972876984,6.654490243371728,6.574639074242924,6.495746054031547,6.41779968712899
22,85.25,86.31,86.52,82.75,85.62,89.07,85.48,88.29,90.23,98.59,88.15,89.95,91.3,89.3,87.48,92.5,90.21,96.22,87.33,88.34,82.8,92.96,86.27,80.28,70.07,75.43,69.07,69.71,59.8,59.34,58.04,47.75,42.02,46.79,49.17,51.02,45.58,50.47,43.8,42.6,40.97,39.5,38.21,36.9,35.84,34.8,33.73,32.85,32.02,31.26,30.42,29.7,29.1,28.57,28.05,27.46,27.02,26.67,26.18,25.75,25.47,25.17,24.81,24.5,24.21,23.87,23.63,23.34,23.05,22.8,22.49,22.21,21.97,21.65,21.43,21.26,20.95,20.63,20.41,20.24,20.02,19.76,19.53,19.27,19.04,18.78,18.49,18.28,18.060660412438683,17.843952419321734,17.629844447259973,17.418305301279133,17.209304174522835,17.002810619143727,16.798794556006442,16.597226264984652,16.39807637525811,16.201315884718564,16.006916140563824,15.814848800486034,15.625085890889295,15.43759977778086,15.252363137662277,15.069348996341187,14.888530680416581,14.709881856090597,14.533376500059667,14.35898888010863,14.186693613328421,14.016465588492476,13.848280004868544,13.682112362515717,13.517938452581502,13.35573435730181,13.195476440298005,13.037141365982817,12.880706051045586,12.726147712967009,12.573443840910295,12.422572166612328,12.27351073230429,12.12623780338514,11.980731936342247,11.836971920533706,11.694936817000121,11.554605939058716,11.415958823194499,11.278975277574984,11.143635343238412,11.009919313499651,10.877807685435437,10.747281218102092,10.618320903426651,10.490907946800979,10.365023767081784,10.240650045105326,10.117768655766817,9.996361687426287,9.876411451611556,9.75790047331527,9.64081148614343,9.525127426493638,9.410831440347135,9.297906874536173,9.186337273833118,9.076106382891039,8.967198138481358,8.859596674345314,8.753286309550434,8.648251555282597,8.544477106113373,8.441947840970322,8.340648821196414,8.240565285698537,8.141682650947512,8.043986509037504,7.9474626247751194,7.852096931798254,7.757875535486955,7.66478470617137,7.572810879131745,7.481940652657831,7.392160784167709,7.303458194088968,7.21581995421517,7.129233296438497,7.0436856020765175,6.9591644057533575,6.875657391518527,6.793152391876622
23,83.51,88.92,69.5,83.1,76.58,83.69,81.39,91.37,84.27,99.93,96.71,83.71,85.07,87.86,88.29,85.97,93.08,100.23,92.77,97.88,78.05,81.18,85.51,86.49,77.89,75.5,71.13,74.41,64.54,66.14,49.6,57.23,51.46,56.9,52.45,54.53,46.58,52.22,44.66,43.5,41.99,40.58,39.28,38.02,36.93,35.95,34.92,33.98,33.22,32.45,31.63,30.96,30.3,29.63,29.06,28.49,28.08,27.75,27.3,26.83,26.53,26.15,25.74,25.51,25.2,24.92,24.7,24.35,24.0,23.77,23.47,23.21,22.99,22.69,22.43,22.16,21.8,21.44,21.11,20.89,20.72,20.5,20.25,20.01,19.81,19.63,19.37,19.09,18.860942157957812,18.634632468640184,18.411037988153073,18.190126143196856,17.97186474081883,17.75622199767065,17.543166500998392,17.332667208642583,17.124693468543118,16.919214969976885,16.71620179232016,16.515624356286185,16.317453443430157,16.121660186396728,15.928216068919992,15.73709289656606,15.548262835742984,15.361698374690814,15.177372342986573,14.995257872534314,14.81532844632755,14.63755784968683,14.461920180012214,14.288389856535767,14.116941581311615,13.947550397730856,13.780191622254172,13.61484086391678,13.451474043833427,13.29006735618843,13.130597277988175,12.973040588566072,12.817374340325113,12.663575829480413,12.511622664326607,12.361492716475418,12.213164091598209,12.066615187940888,11.921824657313977,11.778771395340115,11.637434580464008,11.497793595932539,11.359828107814662,11.22351801623896,11.088843455393661,10.955784803279117,10.824322681707793,10.694437936799318,10.56611162922798,10.439325082985166,10.314059807359477,10.190297555451632,10.068020294917023,9.947210207965707,9.827849701114896,9.70992137885724,9.593408053413329,9.478292750583162,9.36455869901843,9.252189325346267,9.141168256119746,9.031479316842631,8.923106523192148,8.816034084919968,8.71024640000072,8.605728055607244,8.5024638203086,8.400438648946302,8.299637674832347,8.200046209749203,8.101649742974562,8.004433935429853,7.908384622605982,7.8134878087118445,7.719729666674329,7.627096533262066,7.5355749110359325,7.445151463472804,7.35581301496556,7.267546547897332,7.180339199715767,7.094178263908266
24,85.45,82.56,73.14,79.79,73.47,80.43,82.96,80.21,93.57,89.23,91.49,94.42,86.87,88.55,89.81,86.42,95.97,99.79,92.25,96.56,97.83,84.34,84.41,74.73,69.37,71.82,76.81,72.33,65.77,62.94,50.78,48.81,53.13,51.67,54.34,55.49,47.32,57.17,45.59,44.54,43.07,41.71,40.46,39.25,38.08,37.08,36.04,35.14,34.38,33.56,32.84,32.18,31.46,30.79,30.29,29.76,29.21,28.75,28.38,28.04,27.64,27.19,26.83,26.55,26.26,26.02,25.74,25.4,25.05,24.76,24.48,24.18,23.92,23.65,23.35,23.03,22.69,22.4,22.09,21.82,21.6,21.36,21.14,20.94,20.7,20.44,20.15,19.79,19.5525438483647,19.317936615609067,19.086144102171243,18.85713256591095,18.630868634518112,18.407319354174735,18.18645216035778,17.968234887571544,17.752635730418138,17.539623301991767,17.329166565752097,17.12123485498899,16.915797892287276,16.712825750597236,16.51228885323462,16.314157993345376,16.118404314440916,15.924999281200995,15.733914737867941,15.545122849852431,15.358596094001095,15.174307307258408,14.992229647737174,14.812336575253795,14.634601909722502,14.458999724099248,14.285504470902573,14.114090845960353,13.944733885733564,13.777408928386762,13.612091584590976,13.448757766720828,13.287383688854526,13.127945847309121,12.97042099144339,12.814786182052071,12.661018752436368,12.509096298671592,12.358996669874756,12.210698016866482,12.064178724044355,11.919417438580059,11.776393089884115,11.63508482147928,11.495472049394774,11.357534432969162,11.221251874850358,11.086604520995627,10.953572750939202,10.822137187524666,10.692278677440202,10.563978300950964,10.437217352434336,10.311977379309418,10.188240133375167,10.065987570810384,9.945201891103226,9.825865498121697,9.70796098940804,9.59147119900119,9.476379147801651,9.362668067902451,9.250321390910274,9.139322745999,9.029655960882936,8.921305055977385,8.814254243425422,8.708487925151413,8.603990688968064,8.500747310522899,8.398742743565878,8.29796212773531,8.198390776878991,8.100014181000686,8.00281800723337,7.906788092053316,7.811910443226579,7.718171234942811,7.625556808788494,7.534053668880754,7.443648482840593,7.354328075953481
25,79.36,81.12,81.25,78.38,76.33,75.9,78.04,84.54,87.34,92.76,90.36,84.18,87.84,88.26,90.49,94.19,104.17,97.41,94.63,91.42,92.25,93.82,85.94,84.05,81.62,78.9,74.07,70.28,71.07,59.17,63.32,56.25,60.47,47.1,63.89,61.32,58.38,56.79,47.14,46.15,44.73,43.41,42.15,40.88,39.7,38.68,37.69,36.78,35.99,35.22,34.44,33.69,33.08,32.51,31.95,31.37,30.78,30.29,29.91,29.6,29.05,28.61,28.36,28.02,27.75,27.46,27.06,26.66,26.33,26.04,25.75,25.41,25.11,24.86,24.58,24.28,23.96,23.68,23.38,23.07,22.74,22.45,22.27,22.04,21.78,21.48,21.16,20.82,20.570186378505614,20.32336989827707,20.07951459693099,19.838584960152694,19.60054589247433,19.36536272701549,19.133001196261365,18.903427461284576,18.67660808252333,18.452510010040793,18.231100612746953,18.012347639436136,17.796219218786984,17.582683859362493,17.371710469091227,17.163268306564202,16.9573270199974,16.753856598528635,16.552827401439437,16.354210148414403,16.157975900059974,15.964096077385685,15.77254244232289,15.58328706850292,15.396302409441425,15.211561201132165,15.029036549712588,14.848701863279498,14.670530861629658,14.494497586000413,14.320576399069704,14.148741965474812,13.97896924207173,13.811233507157043,13.645510311764806,13.481775528369651,13.32000528270245,13.16017601219402,13.002264446493907,12.846247558767253,12.692102633879156,12.539807200210321,12.389339088100787,12.24067636166557,12.093797367497773,11.948680695706104,11.805305218877361,11.663650033632685,11.52369451907132,11.385418268586225,11.24880113856721,11.11382321917906,10.980464863583398,10.848706619754333,10.718529308403435,10.589913945054754,10.462841798488565,10.337294361519488,10.213253331515247,10.090700639618536,9.969618431265777,9.849989056446496,9.731795096002998,9.615019318771637,9.499644713726857,9.38565446855184,9.273031976456927,9.161760826438995,9.051824805229595,8.943207893398684,8.835894266328703,8.729868287396132,8.625114506023365,8.521617659626841,8.4193626667986,8.318334629254412,8.218518825015341,8.1199007093818,8.022465913959506,7.926200239841016,7.83108966052794,7.737120317060621
26,83.57,94.29,85.54,81.47,76.29,83.15,84.47,78.48,82.31,100.12,92.31,91.55,86.43,97.4,93.1,85.63,90.43,103.13,98.12,90.35,88.53,90.67,82.33,85.33,73.55,72.34,78.88,80.28,78.03,63.55,57.38,59.28,59.49,69.04,52.76,63.98,52.56,60.31,49.62,48.64,47.24,45.92,44.63,43.35,42.18,41.15,40.18,39.22,38.31,37.55,36.8,35.98,35.25,34.66,34.13,33.56,33.01,32.46,31.93,31.57,31.06,30.62,30.37,30.05,29.64,29.2,28.8,28.4,28.13,27.92,27.58,27.17,26.89,26.65,26.4,26.0,25.59,25.26,24.92,24.61,24.3,23.96,23.72,23.42,23.12,22.91,22.61,22.34,22.071950271727445,21.807116424198984,21.545459878571776,21.286942525046662,21.03152670332469,20.779175222150577,20.529851310454013,20.283518666208362,20.040141407571966,19.799684072888112,19.562111650000304,19.32738952739351,19.095483513737673,18.86635983788769,18.639985109796452,18.416326369373568,18.19535102785489,17.97702689711774,17.761322189680932,17.54820546007429,17.33764567324085,17.129612165449924,16.924074614981816,16.72100310075832,16.52036802416876,16.322140167700443,16.12629064607997,15.932790935588423,15.74161284474618,15.552728524084623,15.366110456374415,15.181731456625487,14.999564662315315,14.81958353338889,14.64176186203049,14.466073723804946,14.292493536288102,14.12099600043637,13.951556149445434,13.784149280348037,13.618751022416218,13.455337258987324,13.293884195866246,13.134368302694938,12.976766352039405,12.821055370530976,12.667212677953284,12.515215867698767,12.365042777453464,12.216671538055703,12.070080534409138,11.925248405482762,11.782154054082627,11.64077662730838,11.501095526324987,11.363090406362748,11.226741157173795,11.092027903032113,10.958931032048751,10.827431147313114,10.697509086436444,10.56914592155183,10.442322949542456,10.31702168226986,10.193223885660906,10.07091150153384,9.9500667160005,9.830671920379316,9.712709720967094,9.596162927312887,9.481014559058236,9.367247837142594,9.254846186734856,9.143793228438776,9.03407278220168,8.925668860474229,8.818565667233267,8.712747597004627,8.608199230954437,8.504905335911952,8.402850859483683,8.302020932984913
27,88.66,78.05,87.73,88.6,76.98,82.09,81.24,82.08,83.44,93.24,86.37,91.71,96.04,92.82,103.03,90.95,87.35,102.76,101.62,103.54,98.86,96.23,79.95,85.82,78.97,83.39,77.84,77.65,71.54,69.58,59.32,56.97,63.92,63.61,60.73,61.41,59.4,59.64,52.98,52.02,50.57,49.15,47.86,46.6,45.43,44.35,43.32,42.35,41.36,40.55,39.87,39.01,38.18,37.51,36.87,36.28,35.79,35.21,34.53,34.13,33.75,33.24,32.87,32.54,32.11,31.62,31.21,30.87,30.6,30.33,29.89,29.43,29.14,28.86,28.51,28.02,27.56,27.26,26.99,26.75,26.39,26.0,25.71,25.4,25.14,24.89,24.55,24.25,23.959035585437174,23.671561904873073,23.38753706828492,23.106919724459903,22.829669002215844,22.55574451040125,22.28510636728491,22.01771514177665,21.753531902410046,21.492518148766614,21.234635889848164,20.979847546111365,20.728116008247007,20.4794046175869,20.233677146510807,19.990897788649885,19.751031207869406,19.514042440303324,19.279896972726625,19.048560703369148,18.81999993211904,18.594181370319294,18.371072111378147,18.15063966995521,17.93285193297879,17.717677169442396,17.505084040201325,17.295041578379536,17.08751917957313,16.882486611646872,16.679914024530767,16.479771891440762,16.282031067658036,16.086662731749716,15.893638444348152,15.702930069778574,15.514509825041785,15.328350279814185,15.144424287871956,14.962705075259954,14.783166161919356,14.605781391077304,14.430524929246895,14.257371227040997,14.086295077951535,13.917271539977115,13.750276004198858,13.585284136001105,13.422271894664531,13.261215533366133,13.102091589382692,12.944876874294216,12.789548493577042,12.636083807417661,12.484460469898877,12.334656370220562,12.186649701275453,12.040418891073346,11.895942641927274,11.753199891267327,11.612169850826838,11.472831977252737,11.335165952512467,11.199151742673262,11.064769509733228,10.931999680197169,10.800822915686943,10.671220103144933,10.543172354834024,10.416661008337629,10.291667646152755,10.168174046707298,10.046162213749666,9.925614376348785,9.806512959504458,9.688840625292865,9.572580218985557,9.457714801378051,9.34422763605434,9.232102188407215,9.121322119760352,9.011871288347972
28,86.59,82.84,87.42,92.75,87.35,88.93,83.3,89.9,85.27,95.9,86.13,94.58,89.74,93.98,100.55,101.48,92.64,103.21,102.59,101.3,93.25,100.15,93.16,87.6,65.57,75.08,83.01,81.38,84.95,69.56,71.15,64.52,59.56,63.8,65.6,69.39,65.38,69.72,56.91,56.03,54.58,53.17,51.86,50.54,49.31,48.17,47.14,46.06,45.09,44.33,43.45,42.58,41.83,41.05,40.29,39.66,39.09,38.52,37.89,37.35,36.87,36.42,35.93,35.45,35.11,34.63,34.2,33.92,33.53,33.15,32.78,32.28,31.82,31.42,31.02,30.67,30.24,29.84,29.59,29.31,28.89,28.45,28.12,27.81,27.54,27.21,26.78,26.37,26.053602354305955,25.741000473279517,25.4321488282608,25.12700244534271,24.825516876173452,24.527648217421525,24.23335308157821,23.94258861642258,23.655312475823976,23.37148281000953,23.091058285029145,22.81399806329049,22.54026179382651,22.2698096025629,22.00260209231813,21.738600362268425,21.477765939820262,21.220060848737873,20.96544755074823,20.71388895527357,20.465348419431354,20.219789757766797,19.97717718385784,19.737475358977665,19.50064939209469,19.266664762012546,19.035487395230106,18.807083617278963,18.581420162455924,18.358464144625515,18.138183105882494,17.92054494842431,17.705517973481133,17.49307085211834,17.28317264470151,17.075792771698932,16.870901013681582,16.66846754052065,16.468462852992516,16.27085782170875,16.075623648186106,15.882731913509053,15.692154490737213,15.503863642230417,15.317831912591164,15.134032225989644,14.952437788838715,14.773022157921417,14.595759181995955,14.420623050458222,14.24758823494675,14.076629547737785,13.907722063885188,13.740841179615519,13.575962583130478,13.413062264339441,13.25211647592943,13.093101772295125,12.935994990073858,12.780773248145628,12.62741391843556,12.475894664843942,12.326193404316205,12.17828833604043,12.032157912249836,11.88778083822278,11.74513607228276,11.604202845263423,11.464960611846035,11.32738908948951,11.191468238965387,11.05717824489284,10.92449955466868,10.79341282980483,10.663898975125853,10.535939109571427,10.409514605126368,10.284607028425599,10.161198189416675,10.039270102429766,9.91880499591015,9.799785331883246
29,95.09,87.73,85.5,83.16,80.17,83.68,77.13,89.33,90.05,102.93,92.07,96.37,100.07,90.15,103.71,100.45,103.99,101.85,107.58,106.07,105.89,100.04,99.14,90.17,82.8,91.46,78.48,86.42,81.76,77.98,72.56,71.53,68.34,70.72,63.7,74.18,65.19,76.73,61.43,60.63,59.14,57.71,56.34,55.02,53.78,52.57,51.48,50.33,49.32,48.5,47.54,46.69,45.82,44.99,44.35,43.62,42.92,42.32,41.72,41.14,40.52,40.02,39.51,38.92,38.51,38.04,37.59,37.28,36.84,36.35,35.92,35.44,34.95,34.49,34.09,33.81,33.4,32.91,32.51,32.13,31.79,31.3,30.86,30.56,30.24,29.9,29.44,28.99,28.642171090671447,28.29851491077846,27.958981424507137,27.623521171392042,27.292085305322892,26.96462556528956,26.64109426563038,26.32144427652882,26.005629072771836,25.69360263623318,25.385319533886726,25.080734878799845,24.779804300878336,24.48248398587316,24.18873061687039,23.89850142304956,23.61175412117366,23.32844696434749,23.048538693259275,22.77198852642906,22.49875618946365,22.228801885801644,21.9620863064651,21.698570591052842,21.438216366747156,21.180985709307095,20.926841152820167,20.675745689702318,20.427662721939598,20.18255613910151,19.94039023057598,19.701129724576052,19.46473975888487,19.231185919862344,19.000434174183493,18.772450907845084,18.547202916414,18.32465739527556,18.10478192013015,17.887544466496617,17.67291339020888,17.460857417664297,17.25134565557531,17.044347600721125,16.839833091189366,16.637772335631077,16.438135893757394,16.24089469584287,16.04601999396714,15.853483401021604,15.66325688095773,15.475312719532074,15.289623524306267,15.106162253902035,14.924902178994504,14.74581689206388,14.568880307395455,14.39406665132792,14.221350442750044,14.050706532107343,13.882110052643736,13.71553644965655,13.550961451241516,13.388361078044435,13.22771164326118,13.06898973313436,12.91217224595999,12.757236314074142,12.604159372114633,12.45291911801434,12.303493513001204,12.155860791349907,12.009999450630186,11.865888222451844,11.723506121223071,11.582832405143806,11.443846576205697,11.306528370440454,11.170857806678189,11.0368150987824,10.904380723911643,10.773535383512865
30,92.48,97.37,88.57,82.68,87.75,89.28,95.75,91.75,88.91,93.35,93.77,98.68,97.03,99.96,102.54,111.31,96.22,107.22,104.62,105.31,95.73,111.42,103.7,88.89,97.52,94.3,91.0,89.48,91.55,84.81,78.94,76.17,70.84,75.46,69.56,74.89,70.0,77.56,66.27,65.49,64.0,62.53,61.04,59.73,58.56,57.39,56.25,55.09,54.01,53.02,52.05,51.2,50.2,49.31,48.64,47.89,47.18,46.52,45.84,45.15,44.56,44.01,43.5,42.93,42.41,41.9,41.33,40.89,40.42,39.84,39.35,38.88,38.46,38.03,37.52,37.12,36.72,36.26,35.76,35.3,34.98,34.51,34.01,33.67,33.3,32.9,32.37,31.89,31.50738174447138,31.129353424364805,30.75586000705959,30.386847114271443,30.02226100252004,29.66204858266144,29.306157410121905,28.954535655599212,28.60713212459511,28.263896218350453,27.92477795337763,27.589727961460575,27.258697431057456,26.93163816589798,26.608502536152322,26.289243488197325,25.973814525084084,25.66216969677172,25.35426363919225,25.050051496120858,24.749488977773204,24.45253229244189,24.159138195327543,23.869263969006422,23.582867394131707,23.299906739667353,23.020340811719105,22.744128894937255,22.471230752516615,22.20160663596274,21.935217275325705,21.67202387920013,21.41198810542651,21.155072070857422,20.90123838065622,20.650450030634815,20.402670524448318,20.157863746634206,19.91599404074206,19.677026189801122,19.44092538702166,19.207657226028754,18.977187730160942,18.74948334270399,18.524510878059825,18.30223758034385,18.082631064787613,17.865659337271257,17.65129080408974,17.43949422312176,17.230238752660803,17.02349391235033,16.819229573417516,16.617415997738142,16.418023759706863,16.221023843899353,16.02638752787773,15.83408647008651,15.644092651255265,15.456378393931123,15.27091635271249,15.087679514249091,14.906641177709524,14.727774974313684,14.551054838034139,14.376455034894756,14.203950123905845,14.033514966830378,13.865124737950202,13.698754914299826,13.534381246367776,13.371979787395237,13.211526883609837,13.05299915469322,12.896373513313483,12.741627126060301,12.588737452509797,12.437682225692106,12.288439432558956,12.140987323749878,11.995304423358407,11.85136949963346
31,94.77,94.32,91.42,90.18,89.69,87.66,99.25,93.74,96.64,101.79,101.68,104.48,108.66,108.46,112.3,113.06,104.05,106.01,102.25,102.06,109.88,104.48,105.46,101.17,91.59,99.68,101.34,97.93,82.75,85.4,80.33,80.17,80.52,75.78,70.19,81.93,77.66,87.58,71.31,70.54,69.05,67.65,66.24,64.88,63.6,62.41,61.36,60.3,59.14,58.06,56.99,56.06,55.08,54.1,53.32,52.61,51.87,51.04,50.36,49.59,48.92,48.37,47.79,47.2,46.63,46.08,45.53,44.95,44.33,43.75,43.25,42.77,42.26,41.8,41.25,40.68,40.22,39.83,39.3,38.81,38.46,37.96,37.48,37.02,36.55,36.05,35.52,35.09,34.66899441964028,34.25303912978689,33.842073568034984,33.436037907674574,33.03487301845357,32.63852050581473,32.24692264223093,31.860022416251372,31.477763503073856,31.1000902253077,30.726947602020076,30.358281289880413,29.994037622397435,29.634163541254342,29.27860665516438,28.927315181015253,28.580237973296914,28.23732448486452,27.898524786556933,27.563789527959695,27.233069976642057,26.906317959301415,26.583485901000344,26.264526776120288,25.94939414759862,25.638042117882314,25.3304253387372,25.02649901124799,24.726218876008975,24.42954120331479,24.136422773541884,23.846820906576287,23.560693432385847,23.277998661592402,22.99869542470888,22.72274304271146,22.45010133684888,22.18073057959607,21.914591543700514,21.651645472754414,21.391854061576215,21.135179466019814,20.88158431278385,20.631031650365394,20.38348499810624,20.138908287337337,19.897265900615853,19.65852263248809,19.422643718917296,19.189594798046624,18.959341910199086,18.73185153711465,18.5070905234761,18.285026135764646,18.065626023022837,17.848858236473113,17.634691190280726,17.423093690981563,17.214034917863582,17.00748440334831,16.803412072227875,16.601788192618713,16.402583395580073,16.205768655495497,16.01131529988208,15.819195009390477,15.629379798186363,15.441842004141183,15.25655430845066,15.07348972582555,14.892621575063833,14.713923528097055,14.537369521706916,14.362933865427213,14.19059112383264,14.020316204822182,13.852084290954254,13.685870868874506,13.521651739125081,13.359402967098282,13.19910092227365,13.040722238980889
32,96.2,101.95,104.04,99.12,96.69,104.91,97.57,105.13,95.63,107.97,104.69,99.5,94.13,107.84,114.1,113.88,104.86,117.14,116.56,117.27,110.63,116.05,113.07,113.02,100.48,110.4,111.61,92.02,93.73,95.7,79.74,75.73,85.51,76.23,96.44,92.33,85.18,78.0,76.75,76.08,74.59,73.16,71.8,70.45,69.11,67.86,66.76,65.67,64.62,63.58,62.39,61.36,60.36,59.44,58.55,57.73,56.98,56.05,55.28,54.63,53.93,53.21,52.54,51.87,51.27,50.7,50.11,49.41,48.78,48.2,47.59,47.06,46.47,45.86,45.29,44.75,44.23,43.78,43.27,42.75,42.19,41.66,41.15,40.61,40.14,39.59,39.07,38.7,38.23568998081261,37.776949537201475,37.3237118818634,36.875911036679426,36.4334818031105,35.99635977206562,35.56448129429747,35.137783510006834,34.71620428963386,34.29968224372623,33.888156742675385,33.48156785750787,33.07985638948965,32.68296386025803,32.29083246248113,31.90340511906651,31.520625414084428,31.14243759276789,30.768786610853123,30.399618045766665,30.034878155833987,29.674513811202786,29.318472553051567,28.96670252451297,28.619152500278066,28.27577187672823,27.936510652198958,27.601319407243682,27.270149344106155,26.94295223737994,26.619680414272217,26.30028682368051,25.984724937511633,25.672948800022247,25.364913017950713,25.06057271117663,24.759883571929393,24.46280179571153,24.169284130639205,23.879287808365458,23.592770613156986,23.30969081281739,23.030007158687184,22.75367894485241,22.480665899595515,22.21092826434018,21.94442676404698,21.681122577609134,21.420977347720562,21.163953180875897,20.9100126572386,20.65911877143234,20.411234981881503,20.166325191074996,19.924353725830034,19.685285327424054,19.449085181199003,19.215718886957042,18.985152439224354,18.757352266723537,18.532285173164993,18.30991838658744,18.090219510017423,17.873156531337393,17.658697843021905,17.446812202665246,17.2374687428495,17.03063697114458,16.826286750371995,16.624388318341083,16.42491226811278,16.227829528263452,16.033111392489158,15.840729499869484,15.650655815131321,15.462862658253178,15.277322674860871,15.094008826359426,14.912894409669287,14.733953037490101,14.557158638300741,14.382485466227378
33,99.27,96.58,99.04,105.41,99.65,101.17,106.41,117.39,110.7,101.27,103.8,105.09,113.54,118.85,114.04,110.54,112.75,120.77,116.47,109.83,121.2,113.83,113.64,109.37,116.87,107.42,114.07,113.93,97.78,90.68,87.19,91.52,86.87,83.2,87.81,91.51,84.92,96.24,82.6,82.0,80.53,79.11,77.79,76.45,75.16,73.94,72.73,71.56,70.53,69.5,68.35,67.25,66.26,65.33,64.28,63.35,62.61,61.74,60.8,60.0,59.31,58.58,57.76,57.05,56.45,55.74,55.02,54.28,53.6,52.98,52.33,51.69,51.07,50.37,49.78,49.28,48.68,48.17,47.66,47.04,46.34,45.78,45.24,44.67,44.17,43.63,43.06,42.52,42.009868398296156,41.50585578314654,41.0078887999682,40.515894964386234,40.02980264245631,39.54954108033092,39.07504036470436,38.60623142281283,38.14304601254567,37.68541668289042,37.23327683326521,36.78656062452026,36.345203028381405,35.909139797784036,35.47830742731809,35.05264320267175,34.63208515118778,34.2165720319748,33.80604336557347,33.40043936473541,32.999700973978086,32.60376984980737,32.21258834094008,31.826099488303992,31.444247025037814,31.066975336936295,30.694229502005136,30.32595523112861,29.9620989076245,29.602607537800417,29.24742879050875,28.896510927925554,28.549802854994194,28.207254089759157,27.868814743588604,27.534435531063085,27.2040677501981,26.87766331211026,26.555174661907497,26.2365548380214,25.921757452429777,25.610736651101725,25.303447133775116,24.999844153956577,24.6998834892553,24.40352146116051,24.110714905375282,23.82142118170527,23.535598144392505,23.253204181670338,22.974198146542307,22.698539416114535,22.426187822374636,22.15710372141278,21.891247914311897,21.628581666925115,21.369066729653245,21.11266530777856,20.859340051576094,20.609054056313628,20.361770862251696,20.117454474421038,19.876069283512788,19.637580135099547,19.401952290080487,19.169151434570086,18.939143640343193,18.71189542416742,18.487373668693305,18.26554567189795,18.04637912730757,17.82984210422005,17.615903057593645,17.404530828046997,17.195694612192955,16.98936400219348,16.78550894620473,16.584099728599607,16.385107019411414,16.188501824890185,15.994255517168877,15.802339784819756
34,103.38,105.57,105.95,108.01,100.01,112.46,113.27,121.02,106.06,105.61,110.46,113.95,114.95,121.79,120.49,115.08,115.27,111.96,117.23,112.74,133.81,117.48,117.83,109.15,112.41,110.76,114.27,124.29,108.49,107.37,98.46,88.18,93.73,93.1,98.69,97.59,94.95,99.87,88.94,88.37,86.98,85.75,84.48,83.1,81.87,80.75,79.5,78.27,77.14,76.07,74.95,73.8,72.85,71.87,70.7,69.67,68.81,67.96,67.02,66.04,65.21,64.48,63.64,62.88,62.19,61.38,60.56,59.8,59.03,58.25,57.53,56.88,56.17,55.46,54.89,54.26,53.65,53.06,52.43,51.81,51.07,50.43,49.87,49.26,48.68,48.05,47.43,46.79,46.22865109350962,45.67403524222143,45.12607172631132,44.58468079633577,44.04978365342818,43.52130242949524,42.99916021692237,42.483280999260856,41.97358969083526,41.47001210703781,40.97247493462298,40.480905751511045,39.995232997082674,39.51538598208069,39.04129484900273,38.57289057210127,38.110104967285416,37.65287067231725,37.20112111710628,36.754790523709474,36.31381392613492,35.87812711093077,35.44766665679261,35.02236989495612,34.60217489929518,34.18702048632189,33.776846215186595,33.37159237777601,32.971199949204035,32.575610637320914,32.18476684310593,31.798611660667394,31.41708886734073,31.040142893983045,30.667718874482276,30.29976255664064,29.936220371487508,29.577039383770224,29.222167291954047,28.871552408418545,28.52514368916304,28.182890684297472,27.844743557846027,27.510653048139776,27.180570527227758,26.854447921662214,26.532237722400446,26.213893014510315,25.899367447464748,25.588615195534345,25.28159101719845,24.978250195734077,24.678548549117778,24.382442430025602,24.089888715931284,23.800844789302577,23.515268567306727,23.233118452301298,22.95435335163784,22.67893265785823,22.406816258596464,22.13796452667687,21.872338290408546,21.609898883094584,21.350608053915472,21.094428047143865,20.84132155263534,20.59125169592657,20.344182067940853,20.1000766556752,19.85889993131693,19.620616743323403,19.385192385734904,19.15259257837097,18.92278342722303,18.695731464061733,18.471403616731468,18.249767199248506,18.03078993160466,17.814439919963633,17.600685646759164,17.38949596079318
35,105.96,119.28,121.18,113.98,119.57,104.49,117.1,118.26,121.99,119.41,123.14,124.35,124.41,118.05,117.43,129.5,107.85,124.55,128.11,125.91,122.89,118.62,127.18,127.5,117.98,124.06,123.93,135.21,131.71,101.61,108.34,99.49,101.78,105.46,101.58,101.86,102.64,105.89,96.19,95.7,94.35,93.21,91.96,90.62,89.42,88.35,87.14,85.86,84.68,83.59,82.48,81.38,80.32,79.29,78.09,76.97,76.01,75.04,74.06,73.03,72.11,71.28,70.42,69.59,68.76,67.92,67.0,66.18,65.34,64.48,63.67,62.87,62.12,61.34,60.67,60.0,59.27,58.56,57.91,57.29,56.43,55.69,55.11,54.43,53.81,53.1,52.45,51.82,51.198320276238654,50.58409688460461,49.97724044157534,49.377662636468955,48.785276201643136,48.19999494229622,47.62173366693129,47.05040821715725,46.4859354478214,45.92823319720837,45.37722029697379,44.83281655227681,44.29494272191281,43.76352050837959,43.23847257774483,42.71972249011008,42.20719473934566,41.70081472328949,41.20050873381339,40.70620394688938,40.21782839278852,39.73531098588206,39.25858149484034,38.78757050289789,38.322209447588314,37.86243058100942,37.40816697975697,36.95935249525608,36.515921793496105,36.07781030536206,35.64495426636948,35.21729064712842,34.794757183144625,34.37729235495209,33.96483537817933,33.55732620354941,33.15470549701252,32.75691463974597,32.363895698353055,31.975591464597898,31.59194538586949,31.212901604916507,30.838404930046213,30.468400835124434,30.102835429774427,29.741655489178026,29.38480841434081,29.03224224202577,28.68390564475336,28.339747881132904,27.999718835597466,27.66376899853643,27.331849446428052,27.00391183190578,26.679908413559364,26.3597919963326,26.043515961324488,25.73103424592176,25.422301343798917,25.117272304918224,24.815902685861154,24.51814860943065,24.223966705048863,23.93331411869087,23.646148532752072,23.36242812631339,23.08211155527381,22.805158021886374,22.531527155553658,22.261179132032275,21.994074554228384,21.73017453166734,21.469440620891458,21.211834835393706,20.957319675418844,20.705858048493745,20.457413338963356,20.21194935832216,19.969430345214167,19.72982097536662,19.493086361590017,19.259192004109536
36,130.95,108.92,120.92,114.78,131.69,124.02,124.41,128.51,134.83,132.33,129.18,131.92,131.75,127.73,134.48,126.38,108.13,128.58,126.36,136.55,125.87,132.02,127.05,133.03,131.39,128.88,125.21,124.73,126.13,113.0,119.1,102.01,109.33,99.66,113.55,115.38,118.07,113.3,104.55,104.24,102.9,101.7,100.5,99.29,98.06,96.92,95.88,94.74,93.47,92.28,91.13,90.03,88.96,87.94,86.74,85.47,84.41,83.37,82.28,81.2,80.17,79.22,78.25,77.26,76.36,75.41,74.45,73.53,72.5,71.64,70.81,69.86,68.98,68.15,67.38,66.58,65.8,65.1,64.29,63.47,62.67,61.88,61.19,60.43,59.69,58.96,58.23,57.56,56.86947758979224,56.18723674284623,55.51317818017888,54.84720382576699,54.189216786663515,53.53912131323039,52.896822799138434,52.262227801251115,51.63524395014804,51.01578002965963,50.403745887390684,49.799052444662216,49.20161170645328,48.61133674151735,48.028141622731376,47.45194148674674,46.882652474338286,46.320191720462596,45.76447737414153,45.215428548753174,44.672965331973714,44.137008755951896,43.60748082713453,43.08430446661557,42.56740351013613,42.056702727968116,41.5521277752051,41.053605201704215,40.56106245208608,40.07442781602573,39.593630448136324,39.118600377910845,38.64926843018767,38.18556628480138,37.7274264467574,37.27478220646465,36.82756767950287,36.385717746971686,35.94916808531609,35.51785513650095,35.09171610801102,34.67068894302555,34.25471236018546,33.84372578400068,33.43766938461742,33.03648402810904,32.64011129635973,32.2484934970063,31.861573593845502,31.479295246601225,31.10160280098275,30.72844124891744,30.359756258376215,29.99549415348989,29.635601874781948,29.280027028877583,28.92871782885281,28.581623114118134,28.238692350418496,27.899875600007864,27.56512351170738,27.23438734078905,26.90761891915021,26.584770665255423,26.26579556425281,25.95064715803222,25.63927954522526,25.331647391147097,25.027705888029182,24.727410774902896,24.430718307774104,24.137585279506766,23.847968999939333,23.56182728594291,23.279118461421255,22.999801357310794,22.72383528175516,22.451180049930645,22.181795954220746,21.91564374433254,21.652684657122123,21.392880396710993
37,135.89,141.19,124.59,134.62,132.08,141.02,130.52,126.63,140.19,145.6,146.09,134.91,130.05,134.4,134.03,132.58,136.14,139.68,129.73,149.71,134.78,142.87,135.84,137.2,141.01,136.09,129.77,130.74,133.26,124.2,129.1,114.41,124.59,110.11,117.66,112.72,126.04,135.77,113.99,113.91,112.62,111.41,110.24,109.22,108.01,106.77,105.71,104.64,103.54,102.27,101.03,99.84,98.76,97.72,96.46,95.16,93.96,92.8,91.56,90.39,89.27,88.22,87.16,85.97,84.93,83.91,82.89,81.89,80.75,79.64,78.76,77.8,76.81,75.98,75.05,74.07,73.32,72.49,71.47,70.62,69.8,68.89,68.03,67.24,66.42,65.67,64.81,63.95,63.18284424251466,62.424888518481744,61.67602258591311,60.936137493477894,60.2051256003588,59.482880566323914,58.76929730208611,58.064271999087374,57.367702089786334,56.6794862079457,55.99952422834479,55.32771721713888,54.663967421931076,54.00817826184415,53.36025432752058,52.72010131162558,52.08762608827219,51.462736593883704,50.845341916546786,50.23535220665836,49.63267868685371,49.037233652006435,48.44893045930042,47.86768346866092,47.293408102323454,46.72602077533681,46.16543890549123,45.61158091331834,45.0643661823787,44.52371506918988,43.98954887344209,43.46178983799816,42.94036116874981,42.42518694526447,41.9161921902822,41.41330280021875,40.91644558487809,40.425548217811794,39.94053922639082,39.46134802159,38.98790483841917,38.52014075577948,38.057987676607105,37.60137831794514,37.15024621094354,36.70452567107483,36.264151817990225,35.829060525879115,35.39918845325332,34.97447302309096,34.55485239305196,34.140265465406216,33.7306518870336,33.32595200971144,32.92610690004259,32.53105835931179,32.14074885398867,31.755121555440272,31.374120320074848,30.99768964962928,30.62577475073788,30.25832146543547,29.895276281085515,29.536586330380132,29.18219939134006,28.83206385753029,28.486128728131924,28.14434363772657,27.80665881658381,27.473025080733063,27.143393851819884,26.817717127321494,26.495947460690605,26.17803802092414,25.863942483353817,25.55361511899932,25.247010725071387,24.94408466468433,24.644792797359102,24.349091558448386,24.05693785985522,23.7682891694581
38,160.05,142.01,145.36,138.77,132.69,147.17,139.16,139.18,146.11,153.19,148.9,167.37,152.66,139.57,150.73,142.35,145.17,138.81,144.9,142.39,148.77,138.66,138.57,137.03,135.34,142.45,137.53,154.6,144.49,141.16,132.1,126.81,134.19,144.43,128.67,121.71,121.7,126.58,124.48,124.63,123.47,122.33,121.11,120.12,119.05,117.88,116.72,115.51,114.44,113.34,112.14,110.85,109.63,108.39,107.1,105.91,104.64,103.35,102.0,100.7,99.51,98.31,97.05,95.74,94.53,93.43,92.28,91.17,90.03,88.71,87.62,86.58,85.55,84.63,83.53,82.39,81.45,80.46,79.41,78.6,77.7,76.66,75.68,74.83,73.98,73.1,72.17,71.24,70.38542249188286,69.54109269749766,68.70688781455534,67.88268651312099,67.06836892566535,66.26381659732334,65.46891249584218,64.68354101158147,63.907587887874875,63.1409402508751,62.38348657970882,61.63511669652844,60.895721706822,60.16519405910322,59.44342747527312,58.730316940671734,58.02575871402635,57.32965027770995,56.64189035763775,55.96237889342228,55.29101699858,54.6277069903763,53.97235235998051,53.324857742620885,52.68512892753291,52.053072808217635,51.4285974122867,50.811611881565625,50.20202640245549,49.59975229546792,49.00470188589673,48.41678858340462,47.83592682233312,47.26203208159936,46.69502081505754,46.1348105111891,45.581319633412676,45.03446762008398,44.49417488449596,43.960362765137,43.43295358538098,42.911870563952256,42.397037864667325,41.88838053674478,41.38582453470205,40.8892967183553,40.39872480307783,39.91403736974839,39.43516386475113,38.962034570130676,38.494580623488716,38.03273396824235,37.57642736357245,37.12559438442361,36.68016939165917,36.24008754200953,35.80528475822717,35.37569774898327,34.95126394917772,34.53192158957752,34.117609587384955,33.70826764572109,33.30383614419398,32.9042562184854,32.50946966086747,32.119419009737655,31.7340474600838,31.353298903277405,30.977117907177,30.605449676334747,30.23824010173817,29.875435711068462,29.516983668700455,29.16283178565098,28.812928489733853,28.467222815611528,28.12566443464011,27.788203605127677,27.454791182282616,27.12537860826526,26.799917912187922,26.478361700166534
39,162.05,165.05,166.44,156.28,166.85,149.46,149.37,158.6,158.46,162.19,177.45,165.49,163.54,163.71,156.14,170.76,157.29,156.39,154.48,154.65,164.01,152.94,156.33,158.15,143.53,147.81,152.75,150.87,153.52,153.19,138.37,136.69,144.91,136.78,135.38,136.61,142.13,138.07,135.85,136.2,135.14,134.14,132.89,131.76,130.85,129.83,128.68,127.42,126.26,125.19,124.04,122.71,121.33,120.01,118.74,117.48,116.2,114.86,113.43,111.96,110.53,109.2,107.79,106.42,105.07,103.72,102.44,101.21,100.01,98.66,97.31,96.09,95.01,93.95,92.69,91.48,90.42,89.3,88.18,87.21,86.25,85.15,84.11,83.19,82.16,81.08,80.14,79.26,78.30925375080602,77.36990754435958,76.44182479853558,75.52487054579623,74.6189114531242,73.7238157721897,72.83945333935044,71.96569555571855,71.10241532736087,70.24948710516554,69.40678686490857,68.57419201755484,67.75158146905727,66.93883558049083,66.1358361281859,65.34246630372849,64.55861071396002,63.78415534111121,63.0189875129021,62.26299592247536,61.51607060846306,60.77810288522056,60.04898541259264,59.328612096247596,58.61687815744338,57.91368002339512,57.218915397041236,56.53248317731073,55.85428350895613,55.18421769285421,54.522188245805516,53.868098830768204,53.22185426682471,52.58336052918166,51.95252468937043,51.32925495511341,50.71346063045774,50.105052105808646,49.50394082802969,48.91003932037603,48.32326116256109,47.743520940923766,47.17073428829472,46.60481784412997,46.04568923457783,45.49326709241199,44.94747100719862,44.40822153526294,43.87544018972266,43.34904943052134,42.828972614595536,42.315134065640784,41.80745897444586,41.30587343875905,40.81030445332156,40.32067987996779,39.83692842769216,39.358979692515405,38.88676408771852,38.42021287374248,37.9592581282885,37.503832746318054,37.053870420119644,36.60930564927543,36.17007371076144,35.73611064898103,35.30735328573142,34.883739200270504,34.465206719350356,34.05169489728392,33.64314353587833,33.23949314456842,32.84068495038341,32.4466608879803,32.057363579710625,31.672736345587143,31.292723183350596,30.917268758503127,30.546318394341725,30.179818071958177,29.81771444020571,29.459954755899403
40,214.39,189.11,182.26,170.29,198.59,180.94,161.0,171.37,175.84,162.94,174.26,175.43,180.41,170.0,174.6,185.17,170.49,157.54,169.71,170.03,173.75,166.8,171.76,165.84,160.57,155.74,159.3,163.99,176.15,159.76,156.66,158.71,150.91,164.18,151.06,155.35,145.38,158.23,147.88,148.46,147.39,146.51,145.37,144.19,143.19,142.17,141.08,139.88,138.8,137.62,136.45,135.2,133.68,132.26,130.9,129.54,128.21,126.83,125.31,123.69,122.04,120.49,118.94,117.56,116.13,114.51,113.12,111.77,110.41,108.99,107.64,106.32,105.03,103.69,102.29,101.05,99.86,98.66,97.42,96.24,95.17,94.06,92.92,91.82,90.67,89.53,88.5,87.5,86.45045567423995,85.41349500206324,84.38896725871875,83.37672349292214,82.37661653681916,81.38850100598565,80.41223321972117,79.44767125086554,78.4946748460923,77.55310544583551,76.62282612450986,75.70370162040054,74.79559827588348,73.89838403742543,73.01192842569394,72.13610253555748,71.27077898626888,70.4158319314286,69.57113703905829,68.73657144178408,67.91201376672669,67.0973440757215,66.29244386531859,65.49719607674612,64.7114850261671,63.93519641464283,63.16821731816952,62.41043617771499,61.66174273943895,60.92202809454614,60.19118462946988,59.46910602587201,58.755687210826466,58.050824406635755,57.354415061087856,56.66635783749294,55.986552634609936,55.314900536830095,54.65130381417697,53.995665902379805,53.34789141283681,52.70788608279879,52.07555677536898,51.450811469539914,50.8335592601933,50.22371032821018,49.621175910581044,49.02586832033242,48.43770093656358,47.856588144666716,47.28244537618022,46.715189068935395,46.154736657093224,45.601006591070956,45.05391824787241,44.51339202075766,43.97934922957336,43.45171214067935,42.93040394702206,42.41534876813449,41.906471640172946,41.40369848602712,40.9069561153201,40.41617221444509,39.93127535652867,39.45219493168778,38.97886121677271,38.511205285697514,38.04915907918304,37.59265531508726,37.141627548185106,36.69601011038857,36.25573812071016,35.82074747529945,35.390974857406476,34.966357697528544,34.54683415348356,34.1323431701899,33.722824370070114,33.318218152683855,32.91846558513167,32.52350848176135
41,220.83,225.86,205.48,192.92,197.16,190.96,190.65,193.98,178.59,201.29,187.2,199.85,190.65,193.47,196.56,184.79,188.29,187.22,189.4,192.21,179.71,184.42,182.61,159.71,183.51,174.62,166.08,183.65,182.11,167.94,165.88,152.52,168.0,172.07,159.06,176.16,175.76,164.66,160.33,161.25,160.29,159.34,158.29,157.25,156.18,155.02,153.94,152.83,151.75,150.5,149.24,148.01,146.67,145.19,143.61,142.17,140.66,139.15,137.61,135.9,134.16,132.34,130.54,129.01,127.55,125.87,124.26,122.78,121.29,119.79,118.32,116.91,115.36,113.83,112.39,111.02,109.7,108.36,106.98,105.61,104.42,103.31,102.01,100.71,99.56,98.4,97.15,95.94,94.7892688384504,93.6523333794479,92.52902835997827,91.41919052588085,90.32265857217965,89.2392731231937,88.16887669275782,87.11131369416734,86.06643040039891,85.03407491427602,84.01409715852412,83.00634885588111,82.01068348931791,81.0269563119834,80.05502430742504,79.0947461398649,78.14598219397878,77.20859452517224,76.2824468198013,75.367404415062,74.46333423932155,73.57010483200797,72.68758629388601,71.81565027711221,70.95416998523508,70.10302011352601,69.26207688875871,68.43121798965049,67.61032257669684,66.79927125239213,65.9979460413399,65.20623039025295,64.42400912817402,63.65116847642059,62.88759600880563,62.133180651637616,61.387812653886016,60.65138358718134,59.92378630603585,59.204914957788354,58.49466496271458,57.79293298419275,57.09961691875872,56.4146159060508,55.73783025919604,55.0691615145343,54.4085123818942,53.755786724703434,53.11088956993359,52.47372706832088,51.844206504311025,51.22223627616946,50.60772586614705,50.00058585042479,49.40072786927941,48.808064627083326,48.22250988235985,47.64397839805912,47.072385991282125,46.50764946366701,45.94968662127874,45.39841625471941,44.85375812918345,44.315632974512816,43.783962465307326,43.25866920103504,42.739676735866716,42.22690951900687,41.720292914583446,41.21975316186852,40.725217415057585,40.236613683600645,39.75387084214698,39.2769186106556,38.80568755439514,38.34010908394395,37.88011540546594,37.42563957043472,36.97661539607496,36.53297752503145,36.09466135575521,35.66160309222769
42,248.62,234.34,238.33,215.42,215.63,210.97,229.95,201.65,204.26,212.17,217.92,196.16,208.52,203.85,210.65,202.12,207.67,194.39,193.76,185.14,200.96,190.57,193.43,186.0,190.06,185.72,200.48,180.24,194.23,177.25,190.28,156.83,187.31,161.75,183.74,176.15,179.88,197.34,173.51,174.52,173.67,172.67,171.65,170.8,169.68,168.49,167.38,166.24,165.11,163.86,162.55,161.16,159.86,158.43,156.71,155.1,153.4,151.79,150.26,148.46,146.57,144.64,142.71,140.91,139.23,137.55,135.86,134.14,132.44,130.82,129.23,127.62,125.98,124.41,122.86,121.33,119.93,118.43,116.83,115.37,113.99,112.74,111.41,110.02,108.74,107.48,106.09,104.78,103.5232952542431,102.28165535708445,101.0548998697565,99.84285053942396,98.6453312892477,97.46216806934379,96.29318895614432,95.1382240729087,93.99710556985173,92.8696676142074,91.75574633061272,90.65517983091573,89.56780813468713,88.49347321890056,87.43201888876388,86.3832908770797,85.34713671507667,84.32340578208976,83.31194925588001,82.31262008282627,81.32527297792532,80.34976440491971,79.38595251668139,78.4336971850199,77.49285994106609,76.56330399514415,75.64489416721928,74.73749691670581,73.84098029278698,72.95521391454275,72.0800689709499,71.21541819107375,70.36113582419618,69.51709762987943,68.68318084815805,67.85926418960278,67.04522782538456,66.24095332765809,65.44632373911432,64.66122345374774,63.885538276472694,63.11915536350712,62.36196325218062,61.613851761573976,60.87471208194361,60.14443666542504,59.42291928564908,58.71005496818962,58.00574000049951,57.309871902102564,56.62234942459344,55.94307255163764,55.271942439355264,54.608861426256986,53.95373304318016,53.306461953672446,52.66695397386395,52.03511604265903,51.41085622173633,50.7940836657406,50.18470861234663,49.58264239219531,48.98779737921336,48.40008701048543,47.81942575644595,47.24572909107095,46.67891354155832,46.11889659890338,45.565596757643014,45.018933486047544,44.47882721618469,43.94519934391954,43.41797217923431,42.89706900584463,42.382413981839,41.87393218935911,41.37154963459981,40.875193168320635,40.384790545462195,39.900270375465865,39.421562132209836,38.94859611426493
43,265.53,243.26,259.94,246.78,248.28,246.19,236.35,241.07,212.75,227.94,230.55,219.95,211.64,225.28,236.91,229.02,221.77,232.26,207.45,202.79,208.55,221.47,226.54,215.17,213.42,200.55,195.88,204.83,205.18,186.46,185.94,191.2,186.27,184.61,184.99,206.65,204.95,208.12,187.32,188.4,187.4,186.49,185.55,184.59,183.39,182.25,181.1,179.75,178.55,177.34,176.05,174.56,173.03,171.52,169.93,168.25,166.32,164.48,162.77,161.0,159.1,157.14,155.14,153.09,151.11,149.14,147.31,145.51,143.58,141.78,140.15,138.48,136.71,135.02,133.37,131.64,130.01,128.43,126.79,125.21,123.66,122.22,120.9,119.41,117.94,116.62,115.19,113.74,112.37589094216354,111.02813278622753,109.69652978511162,108.38088848059303,107.08101780282209,105.79672887129117,104.5278350943502,103.27415216920672,102.03549788289466,100.81169231130566,99.60255762015774,98.40791810480164,97.2276001504146,96.06143225190341,94.90924492434051,93.77087074277014,92.6461442426928,91.53490196982301,90.43698240047695,89.35222596147548,88.2804749803864,87.22157366562136,86.17536808653274,85.14170617341361,84.12043763788533,83.11141403260693,82.11448865175943,81.12951656090061,80.15635454720726,79.1948611294266,78.24489649816708,77.30632252584988,76.37900274680582,75.46280231746911,74.5575879964743,73.66322815460775,72.77959273500147,71.90655322327846,71.0439826674558,70.19175559833222,69.34974808919738,68.51783767621956,67.69590333854238,66.88382554804271,66.08148617976663,65.28876852188098,64.50555727567331,63.73173850579425,62.96719965020888,62.21182949034226,61.465518131176154,60.72815701120064,59.99963885265641,59.27985768143776,58.5687087574318,57.86608863422775,57.17189506955289,56.486027075030485,55.80838484651869,55.13886979396543,54.477384501602046,53.823832708040186,53.178119316223444,52.54015036357262,51.90983303193731,51.287075577935006,50.671787382708885,50.063878912121595,49.4632616968521,48.86984832244419,48.28355242930643,47.704288692809094,47.131972813332574,46.56652148641272,46.00785242264395,45.45588429792153,44.9105367932477,44.37173051511931,43.83938704528556,43.3134289009418,42.79377952477793,42.28036327502693
44,296.81,295.78,283.5,284.26,276.63,269.18,274.19,264.04,260.81,236.26,243.65,243.74,241.56,245.17,235.65,236.81,243.6,249.81,227.57,229.71,222.84,215.73,222.37,226.85,208.94,225.56,210.0,207.22,220.98,232.39,208.35,206.14,205.29,204.19,209.05,227.54,193.68,217.24,201.57,202.86,201.76,200.71,199.71,198.65,197.46,196.26,195.03,193.57,192.15,190.84,189.5,187.98,186.32,184.61,183.09,181.52,179.43,177.23,175.24,173.43,171.53,169.47,167.38,165.18,163.01,160.83,158.77,156.86,154.88,152.92,151.04,149.28,147.48,145.61,143.82,141.99,140.13,138.45,136.79,135.12,133.38,131.64,130.18,128.68,127.15,125.77,124.29,122.68,121.20873660060363,119.75510700834624,118.31890007984764,116.899907260001,115.49792248242393,114.11274206990947,112.7441648339751,111.39199207486277,110.05602738244082,108.7360766362041,107.43194800527395,106.14345214749609,104.87040191079376,103.61261223361873,102.36990034404923,101.14208585933892,99.92899018862308,98.73043713021238,97.5462525430814,96.37626431700374,95.22030244223657,94.07819890001643,92.94978773224379,91.83490492202414,90.73338843348763,89.64507816201451,88.56981591432547,87.50744539852661,86.45781218428989,85.42076369289829,84.39614915742612,83.38381964264889,82.38362795544921,81.39542869459127,80.41907818103658,79.45443445794393,78.5013572807145,77.55970805726254,76.62934986792506,75.71014743559722,74.80196708591271,73.90467675719863,73.01814597061085,72.14224578035942,71.2768488334381,70.42182925016544,69.5770626839143,68.74242627133725,67.91779862241175,67.1030597905754,66.29809127272594,65.5027759694018,64.71699821464655,63.940643706324806,63.17359948621238,62.415753999725624,61.66699698641762,60.92721951979775,60.19631398742187,59.47417404111783,58.76069462685021,58.05577194490071,57.3593034299583,56.67118774116441,55.991324772067756,55.3196156008499,54.65596248037033,54.000268848121344,53.35243930631829,52.71237956217015,52.07999649756383,51.455198089425004,50.83789339976318,50.22799260553639,49.62540695883167,49.03004874704536,48.44183133270279,47.86066912359352,47.286477522996904,46.71917295954675,46.158672877276445,45.6048957057542
45,357.21,333.26,331.98,329.18,333.67,321.29,293.3,301.64,285.96,298.03,268.83,259.53,267.33,248.28,271.77,288.86,259.23,271.48,257.51,241.64,257.95,260.01,231.6,233.91,251.76,236.0,234.74,240.15,234.97,240.08,224.17,214.56,231.97,230.19,212.2,225.15,225.67,240.71,216.55,217.84,216.77,215.48,214.19,213.1,211.79,210.41,209.09,207.59,205.93,204.34,202.85,201.26,199.52,197.7,195.92,194.18,192.23,190.0,187.75,185.66,183.53,181.38,179.21,176.97,174.68,172.43,170.24,168.08,166.1,164.14,162.03,160.01,158.09,156.05,154.03,152.25,150.35,148.36,146.57,144.83,143.02,141.18,139.51,137.85,136.17,134.6,133.07,131.49,129.9131499788851,128.35519769850484,126.81591678138439,125.29508383655907,123.79247806137315,122.30788124147968,120.84107785039092,119.39185485037773,117.96000169246936,116.5453106151047,115.1475760468301,113.76659500450076,112.40216689418008,111.05409351113965,109.72217903985918,108.40623005402665,107.10605531743742,105.82146608264546,104.55227549366121,103.29829938235422,102.05935537250029,100.83526357663368,99.62584609829545,98.43092719131407,97.25033320007512,96.0838925694764,94.93143578519768,93.79279537370071,92.66780584249905,91.55630369011303,90.45812735629464,89.37311724193762,88.30111561948208,87.24196667273468,86.19551642718336,85.16161277986255,84.14010542966774,83.13084585744555,82.1336873359488,81.14848490992631,80.17509532643774,79.21337705476364,78.26319028640545,77.3243968355352,76.39686020868068,75.4804455250852,74.57501952666269,73.68045053817735,72.79660848715403,71.92336483419274,71.0605925630137,70.2081662202775,69.36596181603475,68.5338568635462,67.71173033946259,66.89946265395959,66.0969356706478,65.30403265679767,64.5206382634294,63.74663855517801,62.981920920698,62.22637413239369,61.479888266778794,60.74235473434165,60.01366622976996,59.293716751860885,58.58240154379085,57.879617132935714,57.185261251230386,56.49923288494413,55.82143221495028,55.15176061672624,54.49012065039849,53.8364160408325,53.190551667677695,52.552433555412385,51.92196883352369,51.29906577632765,50.68363372332896,50.07558310908602,49.47482545325598,48.881273330729606
46,388.6,373.47,370.49,353.67,364.44,363.67,344.96,331.48,322.67,323.79,336.89,289.52,287.8,275.54,291.49,294.69,276.65,287.02,294.81,274.85,285.06,281.22,271.77,264.92,261.74,258.84,244.28,253.95,256.18,238.95,236.35,228.2,235.26,240.15,233.66,238.6,237.48,259.26,232.2,233.39,232.07,230.67,229.12,227.7,226.22,224.6,223.03,221.46,219.68,217.71,215.84,214.12,212.34,210.45,208.47,206.35,204.3,202.24,199.95,197.54,195.18,192.94,190.71,188.42,186.02,183.62,181.28,178.94,176.75,174.71,172.54,170.31,168.13,166.05,164.05,162.16,160.18,158.01,156.04,154.18,152.36,150.52,148.62,146.73,144.93,143.28,141.6,139.99,138.3112872836803,136.65269130713816,135.0139713158891,133.39488944290954,131.79521070863652,130.2147028218326,128.65313637872111,127.11028456428322,125.58592355052849,124.07983179952151,122.59179085992288,121.12158457044818,119.66899935857093,118.23382424052257,116.81585102042762,115.41487359333048,114.03068844303337,112.66309464209651,111.31189355313508,109.97688872925181,108.65788651144246,107.35469503291989,106.06712511522237,104.79498967080805,103.5381039021902,102.2962851028018,101.06935295569865,99.85712903572107,98.65943738698617,97.47610385578481,96.30695648885212,95.15182540392946,94.01054272006726,92.88294256758167,91.76886105818427,90.66813627502542,89.58060823286705,88.50611884821258,87.44451193930671,86.39563318630852,85.35933012133464,84.33545208863225,83.3238502346223,82.32437751785626,81.3368885994917,80.36123992294655,79.39728964420156,78.4448975820166,77.50392527767127,76.57423590535394,75.6556942721619,74.74816680814433,73.85152153643239,72.96562808319567,72.09035759798822,71.22558280353238,70.37117791606468,69.52701869511957,68.69298233400514,67.86894755937067,67.05479449181205,66.25040471556903,65.45566123869816,64.6704484432891,63.89465211533478,63.128159404904444,62.37085881618681,61.6226401676631,60.88339461202051,60.15301461623873,59.431393911806076,58.718427524589856,58.014011705138955,57.318043988424485,56.630423104228875,55.95104899705941,55.279822826148255,54.61664692562536,53.96142479456174,53.31406108701272,52.674461612017886,52.04253330373086
47,441.56,434.96,418.99,394.39,378.0,391.93,383.33,378.51,375.07,362.86,316.17,335.88,322.41,301.55,304.68,310.78,326.61,326.99,308.53,315.45,317.36,320.88,310.47,293.32,287.73,285.42,268.41,292.76,259.12,254.27,238.12,253.87,244.27,251.82,271.47,274.4,273.39,269.52,248.55,249.66,247.95,246.22,244.43,242.61,240.75,238.88,237.03,235.2,233.27,231.1,228.88,226.84,224.9,222.87,220.71,218.42,216.09,213.94,211.7,209.2,206.67,204.2,201.79,199.42,197.0,194.56,192.04,189.51,187.14,184.88,182.61,180.37,178.04,175.81,173.76,171.74,169.61,167.44,165.42,163.36,161.37,159.41,157.43,155.46,153.56,151.77,149.99,148.27,146.49207119439978,144.73544628077676,142.99987039363026,141.28509155122848,139.59086095392922,137.91693278529957,136.26306411267535,134.62901468828068,133.01454754586965,131.4194281057637,129.84342506981437,128.2863094270002,126.74785524894902,125.22783909329645,123.72604030200661,122.24224080249147,120.77622500817066,119.32778031567292,117.89669611043317,116.48276466165504,115.08578072454985,113.7055412420156,112.34184574239822,110.99449624005122,109.66329703645519,108.34805462077738,107.04857806763287,105.7646785398833,104.49616948751722,103.2428665482099,102.00458784564424,100.78115329342856,99.57238509229826,98.37810775994781,97.1981476139412,96.03233322913732,94.88049517914517,93.74246606615601,92.61808050105523,91.50717507359026,90.40958830265046,89.32516066609921,88.25373454110965,87.19515418427675,86.14926570178505,85.115917079241,84.09495808223232,83.08624029610444,82.08961705635207,81.10494348839548,80.13207640814005,79.17087438164053,78.22119765549286,77.28290812700197,76.35586937401405,75.4399465952521,74.53500659042815,73.64091778013116,72.75755013621881,71.88477518181756,71.02246600126664,70.17049719039792,69.32874482670384,68.49708647928132,67.67540120883196,66.86356948810956,66.06147323175246,65.26899576645127,64.48602183094889,63.71243752632048,62.948130315973266,62.1929890157027,61.446903783748326,60.70976607107364,59.981468641254146,59.2619055406453,58.550972068550394,57.84856481699666,57.154581571295004,56.468921369704155,55.79148444376653,55.122172218308144
48,473.07,453.82,484.93,466.3,441.07,428.51,395.39,428.4,402.9,372.2,394.78,370.95,377.54,318.19,352.6,335.81,337.25,337.32,331.95,336.27,339.75,327.46,340.95,321.39,330.14,313.67,285.68,301.94,282.67,280.0,277.23,261.57,272.21,268.02,266.41,284.39,287.97,286.85,265.88,266.91,264.81,262.54,260.28,258.2,255.93,253.62,251.55,249.34,247.08,244.78,242.39,239.98,237.67,235.38,232.98,230.63,228.14,225.65,223.24,220.76,218.14,215.44,212.79,210.23,207.82,205.33,202.77,200.23,197.72,195.25,192.79,190.47,188.1,185.67,183.35,181.21,179.07,176.86,174.72,172.53,170.38,168.37,166.37,164.3,162.21,160.24,158.4,156.54,154.6629831391766,152.80845561854036,150.97614834319566,149.1657955955914,147.37713453885274,145.60990581278307,143.86385283852846,142.13872231524573,140.43426392210176,138.75023031827328,137.08637694427966,135.44246241931745,133.8182481439258,132.21349829998658,130.62798004939137,129.06146303737347,127.51371998850979,125.98452611071879,124.47365939326149,122.98090050740787,121.50603260776957,120.04884172963438,118.60911599429708,117.1866465030624,115.78122664190927,114.39265218082461,113.02072157180426,111.66523555151832,110.32599714131116,109.00281184586875,107.69548735521768,106.40383394205978,105.12766386577017,103.86679167039826,102.62103418466769,101.39021052197641,100.17414168306198,98.97265102286974,97.78556398235209,96.61270804873476,95.45391276545043,94.30900973213862,93.17783257484552,92.06021687649061,90.95600020666656,89.86502206203912,88.7871238862139,87.72214899026939,86.66994257262367,85.6303516693676,84.60322516419824,83.58841374868524,82.58576986267083,81.5951477737366,80.6164034282031,79.64939454053007,78.69398050391618,77.75002240023237,76.81738298015517,75.89592663336653,74.98551935875379,74.08602876440963,73.19732405769871,72.31927599559081,71.45175687472765,70.5946405413559,69.74780234166073,68.91111909196542,68.0844691283984,67.26773219762606,66.46078950651966,65.66352369235526,64.87581878308019,64.09756018737968,63.328634704610316,62.56893047513311,61.818336990246905,61.0767450524549,60.34404677546469,59.620135574254846,58.90490611540811,58.198254356844835
49,577.06,537.16,533.27,520.8,477.35,480.97,460.05,460.93,448.96,434.21,429.58,412.98,397.89,396.11,380.24,391.99,367.62,357.64,371.77,382.79,391.35,390.63,357.85,366.86,338.3,340.46,327.36,325.98,308.95,298.12,287.08,291.98,292.8,296.93,306.66,301.76,321.79,325.3,284.72,285.35,282.77,280.08,277.37,274.83,272.29,269.53,266.96,264.43,261.8,259.16,256.49,253.76,251.04,248.45,245.87,243.28,240.61,237.98,235.34,232.72,230.05,227.2,224.33,221.62,219.07,216.51,213.94,211.27,208.56,205.98,203.42,200.88,198.39,195.95,193.48,191.12,188.99,186.67,184.27,182.06,179.85,177.66,175.47,173.33,171.22,169.12,167.09,165.09,163.11054818008387,161.15481109626253,159.2225047967938,157.31334930128858,155.42706750858864,153.56338589175357,151.72203400164148,149.90274466547683,148.10525408613412,146.3293014450026,144.57462890198636,142.84098199263948,141.12810903246324,139.43576151404136,137.7636938091884,136.11166316895,134.47942992217043,132.86675697907324,131.27341042696455,129.69915893453,128.14377385111845,126.60702940530973,125.08870260563074,123.58857284342031,122.1064222899643,120.64203579721195,119.19520079849191,117.76570701066086,116.35334693052262,114.95791543769279,113.57920979459882,112.21702984504765,110.87117761709032,109.54145772015744,108.22767694792371,106.92964447687572,105.64717166774416,104.3800722640716,103.12816209436092,101.8912594692107,100.66918438704447,99.46175952694915,98.26880923597989,97.09016030357395,95.92564139563294,94.77508329280391,93.63831878126726,92.51518264280824,91.40551165481702,90.30914452078997,89.22592190011487,88.15568632864377,87.0982822484782,86.05355593847047,85.02135554400884,84.00153100751878,82.993934068463,81.99841824348475,81.01483879662256,80.04305271945357,79.0829187310935,78.13429722855463,77.19705026688929,76.27104157904634,75.35613650637268,74.45220200854156,73.55910663376746,72.67672050887764,71.80491530952712,70.94356425027014,70.09254206470357,69.25172496575318,68.42099068538738,67.60021837533323,66.78928866664681,65.9880836101429,65.19648665653826,64.41438266637994,63.64165787033178,62.8781998592461,62.12389757423519,61.378641286814634
50,652.82,587.93,579.75,570.01,540.36,543.8,529.39,531.14,489.58,497.28,482.08,465.73,463.72,423.04,447.45,398.34,410.08,394.05,419.62,444.82,395.93,414.1,414.55,377.08,392.58,376.93,351.04,377.45,338.39,327.41,311.47,311.07,306.37,310.71,350.58,344.22,326.57,337.18,305.44,305.57,302.43,299.21,296.12,292.94,289.75,286.72,283.68,280.65,277.64,274.57,271.55,268.5,265.49,262.64,259.77,256.89,254.11,251.29,248.39,245.47,242.69,239.84,236.83,234.01,231.19,228.42,225.78,223.02,220.24,217.53,214.73,212.08,209.59,207.04,204.46,201.92,199.55,197.15,194.65,192.22,189.97,187.64,185.25,183.1,180.94,178.63,176.35,174.19,172.1015329271637,170.03808422480466,167.99935467714315,165.9850486423108,163.9948741516255,162.02854251249022,160.085768506944,158.16627039166144,156.26976979867766,154.3959915368378,152.54466379034733,150.7155181187722,148.90828896066247,147.1227142292038,145.35853471656594,143.61549459027904,141.89334089685724,140.19182366107387,138.51069588596164,136.84971365208764,135.2086359190031,133.5872244259677,131.98524379122526,130.40246161127862,128.83864786523827,127.29357570902435,125.7670207804399,124.25876149699644,122.76857865881298,121.29625614354308,119.84157991362177,118.4043389097433,116.98432435593408,115.58132995810318,114.19515200331767,112.82558916125213,111.47244258346367,110.13551550629109,108.81461384650636,107.50954580421362,106.22012166429843,104.94615419352908,103.6874582434554,102.44385094895924,101.21515162897927,100.0011817865109,98.8017649100558,97.61672683101278,96.44589530672181,95.28910017930419,94.14617334588014,93.01694869900363,91.90126212666229,90.7989514626398,89.70985649644342,88.63381892366631,87.57068233606007,86.52029220167957,85.4824958152454,84.45714232792639,83.44408267784695,82.44316958015949,81.45425751711691,80.47720271821755,79.51186312049505,78.55809837844586,77.61576980446414,76.68474038869668,75.7648747394779,74.85603910318471,73.95810131459902,73.07093079690766,72.19439853191977,71.32837705013935,70.47274040098257,69.62736414285034,68.7921253332007,67.9669024789112,67.15157555613389,66.34602597058539,65.55013655754668,64.76379155208058
51,681.74,677.72,631.87,620.72,627.74,622.56,593.52,566.65,541.67,561.73,539.5,508.07,523.89,498.75,475.38,459.52,459.33,449.12,439.74,435.38,442.75,436.23,428.15,440.92,431.43,426.74,395.15,398.5,383.88,368.68,348.07,335.6,345.29,347.38,346.9,348.23,352.02,361.7,328.45,328.24,324.41,320.5,316.77,312.99,309.12,305.58,302.27,298.62,294.98,291.6,288.29,285.0,281.7,278.41,275.13,271.95,268.89,265.91,262.82,259.68,256.71,253.7,250.67,247.67,244.62,241.7,238.88,235.98,233.23,230.35,227.29,224.47,221.82,219.17,216.49,213.8,211.18,208.68,206.15,203.57,201.04,198.64,196.18,193.85,191.59,189.18,186.79,184.45,182.23862932434267,180.0537468625285,177.89503569471844,175.76218297817215,173.6548794500408,171.5728196262498,169.5157016026162,167.48322725373134,165.4751016363123,163.49103368529208,161.5307355177293,159.59392302945707,157.68031509955134,155.789634286421,153.92160623115927,152.0759600553095,150.2524279630993,148.45074534088215,146.67065075713722,144.91188596246954,143.17419579016834,141.457328056766,139.76103356203754,138.08506608900112,136.42918250335916,134.79314245517412,133.1767083788685,131.57964559266637,130.00172239803456,128.44270968191728,126.90238111561872,125.38051295592017,123.87688434340453,122.3912769046904,120.92347485187358,119.47326528085138,118.0404372763497,116.62478300577878,115.22609672481892,113.84417537406902,112.4788181812809,111.12982686024215,109.79700541189321,108.48016032321037,107.17910016943988,105.89363601186379,104.62358109947563,103.36875086898034,102.12896304423586,100.90403743737009,99.69379614766387,98.4980633228915,97.31666511954415,96.14942989176869,94.99618801237291,93.856771892714,92.73101593297773,91.6187565221785,90.51983198843861,89.43408261887653,88.36135058005375,87.30147995775138,86.25431667741704,85.21970851410885,84.19750507260737,83.18755773769469,82.18971969404282,81.20384586654882,80.22979291039056,79.26741922097108,78.3165848643093,77.37715157704032,76.44898276641516,75.53194347052433,74.6259003284654,73.73072160023126,72.84627708715693,71.97243818164033,71.1090777975333,70.25607037014153,69.41329183633633,68.58061963455458
52,784.02,770.19,740.64,689.92,713.6,671.74,641.29,625.49,596.54,588.2,604.88,586.39,576.5,560.51,535.48,547.24,511.34,506.23,494.64,471.2,477.89,484.15,471.31,490.01,455.26,444.57,433.67,421.4,418.45,415.7,402.26,359.06,377.24,368.47,364.7,384.89,390.99,395.56,354.18,353.55,348.93,344.39,339.99,335.64,331.29,327.05,323.01,318.98,314.86,310.97,307.33,303.73,300.09,296.37,292.79,289.24,285.69,282.48,279.3,276.03,272.75,269.41,266.31,263.23,259.99,256.96,253.88,250.79,247.86,244.83,241.82,238.75,235.76,232.92,230.05,227.27,224.5,221.82,219.08,216.41,213.73,211.15,208.62,206.06,203.6,201.2,198.77,196.28,193.92693138765725,191.60204511117095,189.30500397226422,187.03547536039153,184.79313025540625,182.5776437262269,180.3886946316372,178.22596562028622,176.0891431306883,173.9779175906897,171.8919827193354,169.8310362250023,167.79477910726612,165.7829161555678,163.79515574974707,161.83120936137578,159.89079235162438,157.97362327312888,156.07942386999065,154.20791957644326,152.3588387189857,150.53191311478253,148.72687767273027,146.9434705929245,145.18143296772624,143.4405092804287,141.72044670712404,140.02099571510328,138.34190966392308,136.68294480540553,135.04386048310508,133.42441863364195,131.8243841856352,130.24352495996942,128.68161137059502,127.138416723728,125.61371691865008,124.10729054744205,122.61891899471686,121.14838593895345,119.69547805062963,118.25998429408901,116.84169602727431,115.44040750039392,114.05591505805543,112.68801753819885,111.33651637182992,110.00121528382023,108.68192019317391,107.37843951222742,106.09058374771658,104.81816599944287,103.56100126214042,102.31890702387577,101.09170256791482,99.8792097705892,98.68125242310984,97.49765640111353,96.32824971452969,95.17286243776695,94.0313266498732,92.90347644450894,91.7891479100006,90.68817906950059,89.60040992088058,88.52568232702492,87.46384008564388,86.41472883951377,85.37819608645017,84.35409112944141,83.34226509659507,82.34257089127146,81.35486316216361,80.37899831327053,79.41483445403063,78.46223140929501,77.52105064951421,76.59115533063147,75.67241023424273,74.76468176759674,73.8678379137283,72.98174826137827
53,913.52,871.8,821.16,807.01,788.54,769.2,719.37,741.79,702.97,670.39,668.88,656.89,659.48,608.88,617.84,587.51,591.23,564.39,560.84,528.24,516.65,516.2,518.7,510.73,472.77,506.78,502.12,465.56,460.57,444.57,438.44,410.37,410.89,397.01,400.41,405.42,390.19,431.06,383.25,382.14,376.91,371.75,366.62,361.63,356.73,351.86,347.08,342.64,338.3,333.81,329.51,325.43,321.39,317.43,313.59,309.68,305.79,302.11,298.62,295.19,291.7,288.19,284.88,281.56,278.22,274.95,271.53,268.27,265.13,261.89,258.78,255.62,252.41,249.23,246.18,243.2,240.26,237.42,234.45,231.54,228.78,226.09,223.33,220.59,217.86,215.18,212.6,210.09,207.57154430420061,205.08324754272783,202.6247492363187,200.19569329571496,197.7957278221176,195.42450520695962,193.0816817328148,190.7669179724887,188.47987858947351,186.220232138402,183.98765106504743,181.7818118060969,179.60239458960504,177.4490835347674,175.32156655214723,173.2195351441299,171.14268450469598,169.0907135194208,167.06332466570203,165.0602240127594,163.08112102208918,161.1257285474641,159.19376313425187,157.28494452055108,155.39899583673673,153.53564350568755,151.69461704324016,149.87564955705335,148.07847704819827,146.30283881024965,144.54847712996747,142.8151374868423,141.10256825377726,139.41052089663327,137.73874997422928,136.08701273925087,134.45506943756874,132.8426832084659,131.2496199848648,129.6756484933274,128.12054025405502,126.58406948111565,125.06601308244397,123.56615065984121,122.08426440920236,120.62013912051626,119.17356227763835,117.74432365919927,116.33221583746926,114.93703367949372,113.55857444686617,112.19663809504677,110.85102657495247,109.5215446311396,108.2079990036213,106.91019902650451,105.62795592958007,104.3610836365054,103.10939796662187,101.87271703404616,100.65086134744301,99.44365308168354,98.2509169957554,97.0724797343529,95.90817002742259,94.75781869016339,93.62125852325366,92.49832435276038,91.38885297027542,90.29268312293833,89.20965546354978,88.13961259048082,87.0823989479,86.03786085570523,85.0058464795919,83.9862057711892,82.97879051794652,81.98345424336068,81.00005224688498,80.02844155404279,79.06848088649576,78.12003066204377
54,1003.23,987.38,942.93,908.02,905.13,859.76,837.79,803.56,767.98,738.71,732.93,689.65,716.5,662.01,667.87,673.07,645.3,648.71,634.32,547.32,590.93,552.21,562.48,555.72,523.15,548.59,536.19,521.06,479.85,486.31,454.61,454.05,458.29,443.01,439.73,433.49,444.08,450.25,416.86,415.36,409.47,403.65,397.86,392.28,386.74,381.26,375.98,371.02,366.15,361.31,356.46,351.68,347.19,342.94,338.75,334.5,330.38,326.31,322.33,318.59,314.9,311.19,307.57,303.96,300.48,296.97,293.25,289.65,286.21,282.76,279.44,276.12,272.68,269.19,265.92,262.69,259.44,256.35,253.25,250.12,247.07,244.17,241.17,238.2,235.35,232.43,229.48,226.76,224.0419334907324,221.35641095487654,218.70304366661694,216.08144739581084,213.49124250789154,210.93205406377268,208.40351132032887,205.90524813001105,203.4369026411349,200.99811719797725,198.58853874039113,196.20781790467151,193.85560992268964,191.53157392256622,189.23537322838305,186.96667496056753,184.72515043550808,182.51047466603495,180.32232666113168,178.1603893260314,176.02434926240906,173.91389666847743,171.82872563869907,169.76853396397811,167.73302263214154,165.72189672707336,163.73486452958036,161.77163781710345,159.83193186371767,157.91546534022842,156.02196021426766,154.15114195010136,152.30273890920685,150.47648314950314,148.6721096261205,146.8893564911118,145.12796519335646,143.38767997904117,141.6682483911792,139.96942086999493,138.29095085282776,136.6325947741321,134.99411186566962,133.37526435631707,131.77581717235475,130.19553823717777,128.63419797177727,127.0915698941631,125.56742992003717,124.06155676240869,122.57373173178652,121.10373873617928,119.65136448090281,118.21639796906118,116.79863080125807,115.39785697578924,114.0138731883539,112.6464783325356,111.2954737995137,109.96066337815961,108.64185315513286,107.33885161478503,106.05146923954429,104.77951920924238,103.52281670178768,102.28117899306906,101.05442585657123,99.84237886404792,98.64486202490633,97.46170126670734,96.2927246649442,95.13776234313876,93.99664644287029,92.86921111378511,91.75529250360621,90.65472870818134,89.5673597614926,88.4930276056853,87.431576091068,86.3828508961894,85.34669958778059,84.32297153084176
55,1147.37,1115.0,1037.18,1013.96,971.86,949.95,942.93,910.53,826.47,854.18,828.33,795.74,779.6,749.22,750.95,743.29,712.78,710.12,674.7,648.92,622.54,623.9,638.69,583.2,591.74,593.37,600.86,577.18,569.84,542.47,528.26,492.99,477.55,487.86,497.46,511.09,467.98,484.65,455.99,454.29,447.6,441.14,434.88,428.71,422.65,416.65,410.88,405.36,399.85,394.52,389.23,383.93,378.97,374.29,369.64,365.06,360.6,356.14,351.74,347.45,343.42,339.41,335.37,331.55,327.68,323.81,320.01,316.12,312.25,308.5,304.84,301.22,297.63,294.01,290.35,286.75,283.16,279.67,276.34,273.0,269.62,266.31,263.14,259.96,256.84,253.78,250.56,247.44,244.47435569480916,241.54421253198805,238.64914638138572,235.7887385081464,232.96257487331948,230.17024653351092,227.41134934114461,224.68548394446245,221.9922556876113,219.3312747105562,216.7021557492542,214.10451813565462,211.53798569778618,209.00218675975694,206.49675404184129,204.02132466048022,201.57554012828112,199.1590461541922,196.77149254358926,194.41253339810206,192.08182701570072,189.77903559095765,187.5038254148731,185.2558667749622,183.0348338553422,180.8404048366454,178.67226149636753,176.53008960851915,174.4135785439745,172.3224215702098,170.25631535173895,168.21496044967816,166.1980607222681,164.20532382443915,162.23646060833323,160.29118552295594,158.3692166141764,156.4702748253369,154.59408499638195,152.74037466490367,150.90887506527048,149.09932042923703,147.31144828568281,145.54499906096072,143.7997164785484,142.07534735922272,140.3716414212338,138.68835138021805,137.02523294919806,135.38204463875687,133.75854805677673,132.15450750878745,130.5696900978792,129.0038657247028,127.45680718738232,125.92828978186371,124.4180916016534,122.92599333799255,121.45177827985701,119.99523251378318,118.55614432439064,117.13430489377235,115.72950760210445,114.34154852721076,112.97022594499826,111.61534072910872,110.27669605117998,108.95409748075885,107.6473528853883,106.35627243060732,105.0806685799511,103.82035589512513,102.57515133574388,101.34487405950512,100.1293451224511,98.9283880584635,97.74182826979464,96.56949333679755,95.4112129080217,94.2668186402654,93.13614421855827,92.01902531619612
56,1241.12,1190.73,1215.47,1135.04,1116.55,1092.23,1064.3,1020.34,980.09,967.65,882.64,869.93,869.13,823.72,833.22,828.54,799.79,773.11,761.07,765.13,716.61,668.97,685.1,639.16,622.65,661.53,652.56,615.46,607.43,624.99,576.67,559.43,537.69,509.89,555.8,540.85,541.6,530.25,500.98,499.17,491.91,484.91,478.06,471.37,464.87,458.38,451.98,445.82,439.82,433.92,428.1,422.44,417.05,411.72,406.54,401.51,396.62,391.78,387.0,382.23,377.66,373.32,368.9,364.63,360.37,356.05,351.87,347.75,343.59,339.46,335.3,331.27,327.42,323.6,319.58,315.58,311.69,307.83,304.12,300.45,296.72,293.08,289.59,286.11,282.72,279.25,275.84,272.52,269.25417265881873,266.0274300159004,262.83930560500096,259.6893384524143,256.57707307697194,253.50205939017874,250.46385269621265,247.46201339233235,244.49610736833398,241.56570550722978,238.6703837851124,235.80972327115472,232.98331002774594,230.19073501062672,227.43159406888967,224.7054877452503,222.01202137591173,219.35080519042864,216.72145381238593,214.12358645912724,211.55682694175505,209.02080376499478,206.51514932828056,204.03950092439814,201.5934999405704,199.17679205818615,196.7890270530712,194.4298589952174,192.09894614891786,189.79595077303867,187.52053902115432,185.27238124114098,183.05115157571885,180.8565279624524,178.6881925332075,176.54583071537277,174.42913203077393,172.33778949648783,170.27150012416436,168.22996412111152,166.2128854894816,164.21997172667812,162.25093382535576,160.30548617355626,158.3833465547081,156.48423624749117,154.60787982610788,152.75400486069023,150.92234261635016,149.11262735412927,147.32459633099867,145.55799019931655,143.81255260737055,142.0880302992425,140.3841729150793,138.70073329068626,137.03746695820533,135.39413264543674,133.77049167665308,132.1663085717852,130.58135014764332,129.01538661642456,127.46819048720552,125.9395370652637,124.42920455194194,122.9369735453268,121.46262733984145,120.00595192624584,118.56673579190786,117.1447697210748,115.73984749392358,114.35176478805327,112.98032007726387,111.6253142320991,110.28655041998209,108.96383410521534,107.65697314884505,106.36577770879684,105.09006023987564,103.8296352940372,102.58431981998095,101.35393286355705
57,1396.53,1406.02,1353.0,1256.21,1247.19,1209.58,1224.1,1124.69,1091.04,1053.59,1024.61,980.63,1016.69,948.8,914.9,897.09,922.98,853.78,902.99,814.53,792.04,767.88,761.68,727.25,694.96,694.62,670.24,685.06,654.48,655.98,618.99,593.0,610.8,578.59,606.64,565.63,590.55,600.89,552.24,550.39,542.5,534.89,527.4,520.17,513.14,506.1,499.08,492.32,485.8,479.36,473.03,466.88,461.0,455.01,449.14,443.63,438.24,432.96,427.75,422.46,417.34,412.55,407.69,402.92,398.28,393.58,388.84,384.3,379.85,375.28,370.64,366.21,361.98,357.62,353.19,348.94,344.67,340.4,336.3,332.14,328.06,324.14,320.15,316.25,312.64,308.83,305.03,301.43,297.8182388966181,294.24969027032563,290.72383861450436,287.24017461420806,283.79819484656525,280.3974020803764,277.03730467691986,273.71741708928,270.43725956275074,267.1963577353721,263.994243237125,260.83045299087087,257.70452941208345,254.61602070844577,251.56448008092443,248.54946602336702,245.5705426220989,242.62727875699784,239.7192486008225,236.84603151934664,234.00721167189639,231.20237821108176,228.43112518293088,225.69305152688992,222.98776087609187,220.3148615573564,217.67396659119,215.06469359192033,212.48666486756161,209.9395069204866,207.42285094675475,204.9363324366496,202.4795911746787,200.05227143930514,197.65402140375312,195.2844937352025,192.94334499559434,190.63023614095957,188.34483182235888,186.08680088521163,183.85581606969836,181.65155411062662,179.47369533796842,177.32192417618842,175.19592864491548,173.09540055867433,171.02003532715398,168.9695320550733,166.9435934423157,164.94192558419735,162.9642382710646,161.0102447885624,159.0796615181716,157.17220853640308,155.28760921533504,153.42559002288155,151.58588102212116,149.7682150723712,147.9723286281134,146.19796113979967,144.44485495398666,142.7127558126639,141.00141225405986,139.3105760121046,137.64000171683287,135.98944679451827,134.35867166740465,132.7474396538405,131.15551686841323,129.5826722219492,128.0286773216479,126.49330657094791,124.97633716952657,123.47754861397186,121.99672349670769,120.53364660720281,119.08810563103057,117.6598905506749,116.24879394512729,114.85461089002106,113.47713885776582,112.11617791727876
58,1523.8,1528.5,1496.92,1416.84,1447.64,1350.9,1338.29,1231.3,1224.78,1163.98,1141.18,1118.42,1094.78,1011.53,1010.09,993.4,971.22,996.31,930.76,864.17,892.89,864.07,829.7,749.09,761.29,756.38,764.71,717.75,738.73,701.75,702.19,648.0,661.35,668.72,642.0,635.02,633.92,659.84,609.94,608.02,599.45,591.14,583.08,575.16,567.44,559.89,552.35,544.93,537.75,530.74,523.84,517.03,510.4,503.93,497.56,491.33,485.33,479.57,473.79,467.92,462.24,456.79,451.35,446.14,440.99,435.87,430.72,425.55,420.61,415.65,410.59,405.67,400.87,396.03,391.28,386.58,381.83,377.13,372.53,368.03,363.51,359.07,354.71,350.33,346.17,342.09,337.94,333.88,329.880064207765,325.92796980353165,322.02314641469474,318.16503045998786,314.3530650496113,310.58669988535877,306.86539126061814,303.18860166088,299.5558001632292,295.966462136726,292.4200691425344,288.9161088340484,285.4540748570204,282.0334671491785,278.6537914408635,275.3145590552837,272.0152876076232,268.7555001061882,265.5347251521526,262.3524973390478,259.20835635390983,256.1018475765148,253.03252187963335,249.999935129668,247.00364878588854,244.04322930119653,241.1182485216156,238.2282831869284,235.3729151304219,232.55173107914192,229.76432275376615,227.01028676873108,224.28922453235964,221.60074204711597,218.94445010935036,216.31996410955438,213.72690403236064,211.16489445654278,208.63356435527052,206.13254699623644,203.66148024127452,201.22000614686917,198.80777096415542,196.42442533866412,194.06962381095875,191.7430253159987,189.44429268377598,187.17309273918804,184.92909640191004,182.71197838677736,180.52141740353068,178.357095857198,176.21869994796737,174.10591987093224,172.0184491169829,169.95598507204224,167.91822871744805,165.9048846299528,163.91566058223322,161.95026834187138,160.008422772501,158.0898421334252,156.19424827936194,154.32136616108082,152.4709240251483,150.64265351380027,148.8362893653244,147.05156941405983,145.28823469027,143.5460294201426,141.82470072617167,140.1239988269028,138.443676837188,136.78349086805827,135.14320002672355,133.52256611695486,131.92135403857492,130.33933118822205,128.77626805858645,127.23193753930136,125.7061156160516,124.19858057159269
59,1737.72,1683.2,1625.01,1613.96,1562.84,1594.17,1468.5,1433.91,1367.5,1285.9,1286.72,1225.98,1201.13,1147.92,1120.52,1116.1,1081.43,1054.58,1040.56,1000.36,978.39,946.37,912.15,851.82,830.45,803.25,815.01,803.35,786.52,761.0,725.3,725.13,765.87,732.84,686.24,716.6,700.93,688.84,673.3,671.33,662.13,653.08,644.28,635.67,627.07,618.83,610.73,602.58,594.7,586.97,579.41,572.02,564.58,557.43,550.55,543.6,536.89,530.52,524.1,517.76,511.58,505.38,499.27,493.43,487.66,481.94,476.35,470.7,465.11,459.69,454.29,448.8,443.39,438.11,432.94,427.75,422.56,417.41,412.3,407.3,402.29,397.31,392.58,387.84,383.05,378.51,373.96,369.45,365.024718929023,360.6523477207384,356.3322562344875,352.0638214143282,347.846427887744,343.67946736693506,339.5623389481726,335.4944486128752,331.47520962674776,327.50404184128837,323.58037249206603,319.7036351010887,315.87327017529645,312.08872470763765,308.34945237663857,304.6549133468338,301.00457396941204,297.3979071813552,293.8343919067298,290.31351355561065,286.83476332558786,283.3976386009055,280.00164285267715,276.646285139962,273.33108070847334,270.0555501923007,266.8192201128336,263.62162267919183,260.46229558865605,257.3407818270985,254.2566301679065,251.20939437370467,248.1986337950632,245.22391297135897,242.2848014312061,239.3808740915948,236.51171055939847,233.67689582986648,230.87601968791597,228.10867650856235,225.37446605519716,222.67299228217118,220.00386423285724,217.36669544094156,214.76110403020857,212.18671281432572,209.64314899748922,207.13004397485446,204.64703403102936,202.19375934222683,199.76986467475797,197.3749986865389,195.0088146255841,192.67096953172816,190.3611247355497,188.07894535944772,185.82410081656508,183.59626431186496,181.39511284213086,179.22032749532073,177.07159285185858,174.94859758334297,172.8510337540537,170.77859741966034,168.73098782894428,166.70790832186145,164.70906543147953,162.73416918333228,160.78293329498896,158.8550746771307,156.95031373290456,155.06837415835432,153.20898294242016,151.3718703669389,149.55676990685916,147.76341813045656,145.9915547991186,144.2409229671294,142.51126848274572,140.80234038733624,139.11389071581206,137.44567419727215
60,1884.03,1862.82,1809.32,1764.98,1783.16,1754.2,1613.05,1610.26,1553.12,1484.32,1398.63,1388.91,1370.61,1260.88,1287.96,1245.01,1191.65,1157.45,1161.62,1145.67,1075.77,1081.51,1070.25,982.5,969.5,908.53,863.33,875.36,869.44,862.1,816.65,787.96,823.3,784.95,808.92,792.62,779.97,754.88,741.43,739.47,729.4,719.5,709.79,700.29,690.88,681.73,672.8,664.07,655.49,646.91,638.49,630.4,622.44,614.45,606.73,599.25,591.85,584.55,577.48,570.67,563.91,557.12,550.27,543.71,537.32,530.98,524.9,518.75,512.52,506.42,500.5,494.66,488.76,482.84,477.02,471.34,465.71,460.09,454.55,448.93,443.42,438.09,432.75,427.58,422.4,417.24,412.17,407.23,402.35310135365864,397.53449050703784,392.77347365758766,388.0693650888023,383.4214873698754,378.829170756734,374.29175369117706,369.8085823017364,365.37901050350524,361.0023997984822,356.6781193753994,352.4055456105832,348.1840625670939,344.0130612959308,339.89194033517106,335.82010521083123,331.79696843686736,327.82194951517465,323.89447483576004,320.01397757691433,316.17989770521245,312.39168177585776,308.64878273302656,304.9506602093518,301.2967803262668,297.68661509503966,294.1196433152227,290.59534967620226,287.113225056683,283.67276622520376,280.2734760397934,276.9148634479712,273.5964428877797,270.31773478692395,267.0782650636329,263.8775655259699,260.7151732728668,257.5906311932623,254.50348716748036,251.4532949656794,248.43961334940337,245.46200627123656,242.520042974632,239.61329799391066,236.741350555296,233.90378517587965,231.10019126431084,228.33016282131328,225.59329913847893,222.88920399964664,220.21748588055723,217.57775794885376,214.96963806408138,212.39274857803207,209.84671633474426,207.33117257067573,204.84575291470316,202.39009738812211,199.963850204992,197.5666600716188,195.19817958758898,192.85806554525274,190.54597882989606,188.26158451956857,186.00455148577274,183.77455269294694,181.57126479915453,179.3943685553949,177.2435483064647,175.11849239026887,173.018892638682,170.9444445772038,168.89484752478668,166.8698041945251,164.86902109296628,162.89220782131633,160.9390778740618,159.00934784034817,157.1027379031182,155.21897143980127,153.35777522196878,151.51887921567862
61,2072.61,1949.14,1995.71,1963.78,1967.29,1948.44,1879.81,1822.38,1752.31,1658.85,1595.94,1541.44,1526.08,1453.54,1395.25,1367.03,1334.77,1305.15,1248.89,1261.2,1209.62,1151.52,1144.51,1100.35,1036.73,1050.75,992.68,942.63,932.41,909.43,878.34,897.29,872.96,861.42,868.13,874.55,837.52,845.41,813.66,811.66,800.71,789.78,779.12,768.71,758.39,748.42,738.59,728.99,719.62,710.25,701.01,692.06,683.37,674.67,666.16,657.88,649.79,641.66,633.73,626.35,618.97,611.55,604.06,596.79,589.77,582.79,576.1,569.36,562.56,555.84,549.25,542.98,536.64,530.04,523.55,517.31,511.16,505.07,499.03,492.91,486.86,481.03,475.14,469.35,463.78,458.21,452.58,447.05,441.69729285034896,436.408534860996,431.1829653987231,426.01983280945603,420.9183943184953,415.877915731212,410.89767183212086,405.97694558673373,401.11502874016946,396.31122131831256,391.5648315280448,386.8751757572454,382.2415784750226,377.6633722317138,373.1398972598125,368.67050187304125,364.25454186774203,359.89138072241303,355.58038939817186,351.3209464385241,347.11243747052174,342.9542557036043,338.84580133099,334.7864817292115,330.7757111588115,326.81291096387923,322.89750927274565,319.0289408982151,315.20664763687023,311.4300776704623,307.6986856656794,304.01193287391516,300.3692869317315,296.7702216613228,293.21421736982,289.70076025068175,286.2293426829987,282.79946323149375,279.41062624744876,276.0623418687047,272.7541262191984,269.48550110965726,266.25599413736796,263.06513828710314,259.91247213065816,256.79753992661904,253.7198912212898,250.6790807489238,247.67466873102896,244.70622057706262,241.7733068844316,238.8755032389559,236.01239041440488,233.18355407319282,230.38858476637876,227.62707803343463,224.89863420270896,222.20285819189027,219.53935980731183,216.90775334487853,214.307657889372,211.7386969153771,209.20049838705052,206.69269465835237,204.21492247304624,201.7668230644675,199.34804175645004,196.95822806309488,194.59703578853808,192.26412292718277,189.95915126462594,187.6817868764997,185.43169972939842,183.20856368087854,181.01205657922702,178.84185986438814,176.69765916657312,174.57914350811404,172.4860058023051,170.41794255409795,168.37465386010166,166.35584340858247
62,2192.1,2239.66,2234.5,2148.68,2124.22,2141.52,2026.88,1988.8,1921.92,1848.94,1739.32,1737.41,1700.33,1628.72,1580.49,1530.82,1456.33,1446.31,1394.51,1355.21,1333.29,1316.52,1271.75,1268.68,1181.73,1136.35,1129.8,1041.37,980.85,1001.52,967.1,960.76,983.47,957.8,937.14,937.92,923.05,919.82,889.65,887.9,876.11,864.22,852.59,841.24,829.95,819.11,808.4,797.69,787.4,777.31,767.37,757.57,747.89,738.47,729.18,720.04,711.13,702.36,693.62,685.29,677.21,669.13,661.06,653.12,645.41,637.72,630.18,622.82,615.57,608.33,601.08,594.03,587.15,580.15,573.07,566.18,559.44,552.81,546.27,539.62,533.0,526.52,520.08,513.74,507.61,501.54,495.36,489.28,483.42289481059527,477.63573546058905,471.917690487731,466.2679385014532,460.68566778399156,455.17007589150717,449.7203701526848,444.3357669706949,439.0154923217927,433.7587808578404,428.56487670406517,423.4330324618621,418.3625099068325,413.3525792907454,408.4025196406975,403.51161845995335,398.67917142878736,393.90448290308115,389.18686521628666,384.52563887886527,379.920132478568,375.36968238127696,370.873633030164,366.4313364470925,362.0421523323373,357.7054480645844,353.4205983020526,349.1869852816525,345.0039984201075,340.87103451339374,336.7874973378612,332.75279784967273,328.76635388564586,324.8275902629718,320.9359384800565,317.09083691596084,313.2917304315209,309.5380706685075,305.8293155510281,302.16492968440514,298.5443837568582,294.96715493838286,291.43272648187155,287.9405877231144,284.49023418051803,281.08116725594726,277.7128944341643,274.38492878423006,271.09678935838343,267.84800089288194,264.63809360856254,261.46660341028104,258.33307188691185,255.23704571303045,252.17807724723107,249.15572393380887,246.16954870163855,243.21911956529576,240.3040096250571,237.4237971666198,234.57806526222322,231.76640226924695,228.98840113217335,226.24365988118583,223.5317811335707,220.85237239287576,218.20504565003228,215.58941768251356,213.00510965545644,210.45174742082025,207.9289612182279,205.43638567496592,202.9736597062648,200.54042651529895,198.1363337926261,195.76103311786926,193.4141803585956,191.09543547087682,188.80446249928946,186.54092937747544,184.30450812758147,182.0948746608196
63,2449.21,2362.47,2518.36,2423.89,2367.17,2303.22,2223.58,2210.43,2091.33,2064.29,2035.03,1945.7,1901.19,1772.79,1760.93,1742.3,1629.67,1599.21,1526.6,1488.59,1438.02,1421.34,1413.79,1273.55,1304.11,1255.69,1207.44,1219.2,1094.4,1097.12,1048.51,1026.3,1034.57,1033.64,1070.7,1051.86,1028.49,1037.45,970.23,969.17,956.63,943.93,931.33,918.81,906.67,894.83,883.02,871.43,860.08,849.02,838.32,827.62,817.01,806.69,796.55,786.64,776.84,767.19,757.81,748.6,739.56,730.79,722.11,713.44,704.96,696.55,688.22,680.14,672.26,664.43,656.52,648.76,641.1,633.57,626.07,618.4,610.99,603.76,596.64,589.51,582.37,575.37,568.3,561.34,554.5,547.7,541.08,534.55,528.1524181217112,521.8312019078681,515.5854446496365,509.4142503076913,503.3167333127863,497.29201836632416,491.33924073950135,485.4575456750184,479.6460885865093,473.9040347593968,468.23055925117757,462.6248468914215,457.0860921820576,451.6134988985129,446.20628048857327,440.8636593743779,435.5848674509946,430.3691452886992,425.2157426315512,420.12391819796335,415.0929391821266,410.12208155315506,405.21062985565624,400.3578771100158,395.56312441353714,390.82568143901733,386.144865936171,381.5200034324861,376.9504279312283,372.4354808145766,367.97451164134236,363.56687724953525,359.2119425540828,354.909079449965,350.65766780936497,346.4570943848034,342.3067535071436,338.20604648730176,334.1543817159617,330.1511747632898,326.1958478803599,322.2878302982986,318.42655812857,314.6114737646855,310.8420266799243,307.1176726296128,303.4378737508399,299.80209866217183,296.2098222642221,292.66052573965186,289.1536963537392,285.68882745437963,282.265418372371,278.88297442141334,275.54100679839365,272.2390324836714,268.9765742410781,265.75316031877225,262.5683247483847,259.42160704587315,256.31255221152236,253.24071063022936,250.2056378720728,247.20689509117358,244.24404842740444,241.31666920582006,238.42433393665706,235.56662421561896,232.74312622530093,229.95343163262538,227.19713649197612,224.47384194320404,221.7831536133366,219.12468221486824,216.49804264832494,213.90285460055443,211.33874244501126,208.80533464346644,206.30226444401285,203.82916928277487,201.38569078390847,198.97147525817635
64,2728.77,2746.54,2604.96,2594.46,2667.03,2511.82,2495.8,2492.81,2371.46,2307.05,2252.49,2172.82,2182.89,2028.75,2002.16,1944.58,1823.16,1801.26,1675.45,1608.67,1544.26,1562.44,1559.12,1470.36,1424.82,1385.32,1347.92,1285.52,1253.56,1189.87,1142.32,1116.16,1133.69,1137.23,1158.82,1129.6,1135.61,1072.42,1056.61,1056.47,1043.71,1030.25,1016.61,1003.08,989.9,976.87,963.99,951.39,939.02,926.83,915.03,903.52,892.01,880.63,869.58,858.78,848.07,837.55,827.34,817.3,807.33,797.64,788.17,778.78,769.5,760.29,751.22,742.34,733.61,725.04,716.55,708.1,699.66,691.38,683.27,675.16,667.04,659.04,651.19,643.4,635.72,628.23,620.63,612.94,605.41,598.03,590.78,583.68,576.6961238955176,569.7955713815595,562.9773539155946,556.24049482678,549.5840288171514,543.0070016623358,536.5084707103626,530.0875040835665,523.7431809778743,517.4745914632804,511.28083618456026,505.1610262615087,499.1142834884642,493.13973993526,487.2365376479384,481.40382914756066,475.64077653234887,469.9465520762577,464.32033753064053,458.7613244235353,453.26871395990236,447.8417164230522,442.47955157369364,437.1814484504098,431.9466449706093,426.77438813005125,421.66393390308247,416.61454694335123,411.62550058380793,406.6960767369421,401.825565695259,397.0132664305653,392.2584857958728,387.5605390242087,382.9187496288535,378.33244870500636,373.8009755283575,369.32367705627837,364.8999081273449,360.529031162052,356.21041586352686,351.9434397163398,347.7274873879312,343.561950828374,339.44622937013554,335.3797293290296,331.36186380469167,327.39205327915187,323.4697248187382,319.59431237336264,315.765256477235,311.98200454814923,308.24401018914875,304.55073388686094,300.9016421136385,297.29620802589426,293.733910765766,290.2142358601653,286.73667462220493,283.3007247497711,279.90588982671346,276.55167902355845,273.2376076960819,269.96319688649874,266.7279731239389,263.5314687237332,260.3732214881274,257.2527748060442,254.16967735379697,251.1234832946138,248.1137519793516,245.14004804625776,242.20194132120832,239.2990066181837,236.4308240385551,233.59697837251167,230.79705969763333,228.03066268055613,225.29738687625834,222.59683672806054,219.9286211685774,217.29235401876568
65,2974.81,2990.13,2922.52,2720.7,2939.39,2829.8,2736.39,2691.83,2649.41,2621.68,2519.95,2368.27,2399.07,2277.48,2209.35,2166.69,2056.58,1982.97,1925.95,1832.89,1720.22,1717.31,1657.9,1621.15,1555.26,1516.15,1500.01,1435.71,1324.8,1317.4,1229.95,1209.15,1235.31,1223.39,1226.67,1244.38,1196.24,1217.47,1150.62,1151.16,1138.22,1124.49,1110.08,1095.39,1081.03,1066.8,1052.76,1039.02,1025.55,1012.39,999.32,986.63,974.24,961.89,949.79,937.92,926.22,914.82,903.62,892.48,881.67,871.01,860.43,850.2,840.2,830.2,820.36,810.61,800.88,791.41,782.17,772.91,763.8,754.84,745.93,737.29,728.57,719.78,711.07,702.49,694.17,686.0,677.81,669.57,661.35,653.26,645.27,637.47,629.8445418189242,622.3100134106218,614.8653373705017,607.5094487731774,600.2412952723004,593.0598369008927,585.9640454723454,578.952905379088,572.0254124944172,565.1805747715002,558.4174114447052,551.7349536286022,545.1322436191289,538.6083347937565,532.1622919109903,525.7931906112022,519.50011741663,513.2821693320434,507.1384543439121,501.0680907215699,495.0702071170487,489.1439424652451,483.28844578425264,477.50287607552843,471.78640242372677,466.13820329786364,460.55746734998576,455.0433924168343,449.5951859191795,444.21206456231965,438.8932542362474,433.6379902153171,428.44551645940953,423.3150859134325,418.2459606071545,413.23741085653603,408.28871596256454,403.3991635124193,398.5680494793049,393.79467832228494,389.07836258694755,384.418422905405,379.81418809612813,375.26499476461095,370.7701874032047,366.3291182912843,361.94114719574725,357.60564167051456,353.32197655736263,349.0895343852578,344.90770467152083,340.7758842213279,336.6934771277105,332.65989437222095,328.6745540245997,324.7368810431081,320.8463070748609,317.0022706554937,313.20421680982867,309.4515972515411,305.74387018349285,302.08050009806476,298.46095817649115,294.88472139035736,291.35127330026836,287.86010335701377,284.4107073009023,281.0025865627598,277.63524866326384,274.30820691344275,271.0209805145094,267.77309425836046,264.5640786274094,261.39346959491996,258.26080872483925,255.16564287229718,252.10752468277434,249.08601159376602,246.10066663345094,243.15105792152318,240.23675876902598,237.3573473788506
66,3226.07,3226.89,3197.66,3152.03,2961.9,3091.26,2971.99,2988.53,2884.82,2776.67,2777.73,2670.21,2660.71,2505.81,2500.22,2345.28,2232.76,2208.11,2154.92,2023.87,1923.86,1865.01,1815.98,1792.46,1683.95,1661.53,1619.46,1572.71,1492.31,1458.64,1424.24,1328.2,1344.1,1288.49,1320.02,1359.83,1359.59,1337.52,1254.14,1255.1,1241.81,1227.8,1213.0,1197.35,1181.66,1166.27,1150.93,1135.93,1121.22,1106.82,1092.6,1078.54,1064.99,1051.7,1038.46,1025.44,1012.58,1000.01,987.78,975.61,963.75,952.2,940.64,929.24,918.23,907.35,896.69,886.08,875.37,864.98,854.74,844.58,834.78,825.09,815.33,805.69,796.29,786.97,777.47,768.11,758.97,749.88,741.01,732.21,723.23,714.29,705.57,697.01,688.674778961686,680.4388928097942,672.3011657216927,664.2604358595574,656.3155547710223,648.4653875889633,640.7088125320402,633.0447210045884,625.4720172969445,617.9896187852293,610.596455032324,603.2914685870031,596.0736141848012,588.9418586481225,581.8951811859151,574.9325726944301,568.053036156788,561.2555860436299,554.5392485129001,547.9030610102806,541.3460724689731,534.8673426104602,528.4659427436358,522.1409545661081,515.89147086344,509.7165949097995,503.6154406677434,497.5871324885427,491.63080491239947,485.74560276833836,479.9306807746406,474.1852038385189,468.50834645676775,462.89929301543884,457.35723749016574,451.88138334627297,446.47094313920974,441.1251392137906,435.84320270528036,430.6243739389605,425.4679021304539,420.3730454856171,415.339070800974,410.36525366349883,405.4508780510504,400.5952365321549,395.7976299663314,391.05736750409216,386.3737663871593,381.7461520483567,377.1738576121519,372.65622449400564,368.1926015013485,363.782345333038,359.4248203795755,355.1193983235409,350.8654584392665,346.6623872931628,342.5095787437185,338.4064337417175,334.352360330239,330.34677374454856,326.38909581275,322.4787556550248,318.61518868471836,314.79783730757936,311.02615042230286,307.29958342053044,303.61759838663284,299.97966339846954,296.3852531267381,292.83384833551634,289.32493608204544,285.8580093171639,282.4325672848737,279.0481147232083,275.7041627632561,272.4002279302451,269.1358327428927,265.9105052139476,262.7237790499729,259.57519355145473
67,3567.55,3539.47,3541.21,3447.05,3380.72,3288.64,3336.06,3216.74,3210.61,3132.91,3088.81,2998.55,3020.49,2823.4,2778.49,2603.31,2555.16,2473.95,2409.98,2256.76,2149.55,2100.85,2047.64,1930.11,1908.09,1821.52,1756.86,1701.03,1642.65,1593.61,1523.08,1538.05,1428.33,1442.79,1462.03,1430.14,1463.55,1436.05,1369.29,1370.13,1356.2,1341.72,1326.58,1310.47,1293.67,1276.95,1260.24,1243.8,1227.78,1211.91,1196.31,1181.05,1166.06,1151.48,1137.1,1122.86,1108.78,1094.93,1081.46,1068.16,1055.05,1042.34,1029.93,1017.47,1005.12,993.18,981.52,969.87,958.34,947.01,935.65,924.47,913.76,903.24,892.58,881.92,871.56,861.48,851.4,841.17,830.97,821.03,811.32,801.68,792.05,782.37,772.71,763.3,754.1750519559768,745.1587786976837,736.2498957342156,727.447133464129,718.749237175443,710.1549667458504,701.6630963429308,693.2724146240083,684.9817243364354,676.7898421177331,668.6955983956631,660.6978372882975,652.7954165040898,644.9872070420872,637.2720928921428,629.6489713347033,622.1167524411622,614.6743591737904,607.3207267861588,600.0548032228567,592.8755488197036,585.7819358041023,578.7729487946863,571.8475839019555,565.004849227923,558.2437646662559,551.563361302701,544.9626817148707,538.4407796724573,531.9967202371605,525.6295791631126,519.3384431966665,513.1224098765365,506.9805872340108,500.912093892881,494.9160585697953,488.9916206738347,483.1379293072195,477.35414386488566,471.63943353483785,465.9929771982207,460.41396342931836,454.90159059548415,449.4550662575646,444.0736072698289,438.7564399798273,433.5027995288864,428.3119303517552,423.1830856769594,418.11552742687104,413.108526417568,408.161362059046,403.2733221553595,398.44370300455165,393.67180899893674,388.9569531247469,384.29845616269756,379.69564708770474,375.1478626691682,370.6544476708294,366.2147543511257,361.8281430627655,357.493981253436,353.2116440653785,348.98051413552986,344.79998119580563,340.66944217302915,336.5883014887194,332.5559701597275,328.571866597671,324.6354156096409,320.7460493974949,316.9032062587763,313.10633178586545,309.3548775668993,305.64830218506404,301.98607011937304,298.36765274396,294.7925272288561,291.26017733942496,287.770092536999,284.3217687783133
68,3924.22,3909.78,3941.1,3801.09,3829.59,3681.26,3473.29,3563.45,3386.94,3421.93,3301.73,3272.18,3266.03,3093.46,2995.48,2950.78,2858.7,2699.2,2599.36,2499.66,2306.27,2316.2,2266.41,2126.57,2055.68,2006.61,1980.43,1950.05,1862.99,1772.77,1650.44,1615.1,1618.28,1554.09,1578.53,1587.1,1563.15,1600.88,1498.46,1498.59,1483.13,1467.88,1452.08,1435.51,1418.2,1400.25,1382.11,1364.3,1346.68,1329.23,1312.11,1295.37,1279.01,1262.85,1246.96,1231.52,1216.14,1200.9,1186.07,1171.56,1157.23,1143.06,1129.23,1115.74,1102.29,1088.95,1076.08,1063.35,1050.81,1038.47,1025.98,1013.68,1001.8,990.16,978.7,967.25,955.74,944.48,933.51,922.5,911.32,900.4,889.72,879.12,868.69,858.25,847.79,837.42,827.4126621220431,817.5244202867269,807.7538687255615,798.0996182649633,788.5602957264394,779.1345439265864,769.8210213771835,760.6184023851614,751.5253763528173,742.5406480777225,733.6629376527534,724.8909795663676,716.2235236023278,707.6593336400696,699.1971882545181,690.8358801162714,682.5742160915701,674.4110168424203,666.3451168265935,658.3753641976567,650.5006204050961,642.7197602942858,635.0316719065489,627.4352560792813,619.9294268458281,612.5131105357597,605.1852463746882,597.9447858844514,590.7906926831738,583.7219427851751,576.7375242010924,569.8364365380032,563.0176912993335,556.2803116849188,549.6233321911274,543.0457987108289,536.546768233487,530.1253088451592,523.7804998284662,517.511430862837,511.3172026243255,505.1969262857635,499.1497233168218,493.1747257839188,487.2710756504347,481.43792537652774,475.6744369194411,469.9797824332879,464.35314366923507,458.7937121754427,453.3006887972168,447.87328387694845,442.51071715414383,437.212217465517,431.9770226450201,426.8043798237515,421.69354473017046,416.6437819900053,411.6543648263453,406.7245750596406,401.85370300773303,397.04104748585627,392.28591530678887,387.58762168073184,382.94548991540063,378.3588512160864,373.8270447856254,369.34941742452185,364.92532393082496,360.5541265003131,356.2351951263713,351.967907000175,347.7516468105983,343.58580644430566,339.4697851856911,335.4029891170616,331.3848315185151,327.4147327679707,323.4921197413525,319.6164265123758,315.78709355279165,312.003568032295
69,4273.76,4290.47,4217.21,4058.12,4131.08,4097.04,3970.24,3749.32,3850.54,3778.41,3660.82,3597.95,3593.5,3339.36,3378.44,3257.4,3117.01,3003.81,2943.14,2789.54,2636.63,2587.86,2505.73,2379.33,2223.44,2124.09,2149.84,2129.48,2044.64,1980.52,1844.83,1844.17,1774.59,1777.69,1722.44,1749.15,1692.71,1772.41,1643.93,1643.09,1625.25,1608.18,1591.45,1574.28,1556.42,1537.7,1518.25,1498.78,1479.48,1460.41,1441.68,1423.25,1405.23,1387.5,1369.9,1352.94,1336.23,1319.51,1303.21,1287.27,1271.61,1256.04,1240.64,1225.71,1211.1,1196.29,1181.91,1168.06,1154.2,1140.59,1127.08,1113.57,1100.31,1087.34,1074.8,1062.52,1050.01,1037.52,1025.34,1013.42,1001.43,989.34,977.44,965.78,954.37,943.01,931.71,920.45,909.4549744381042,898.5906911163801,887.8556094540694,877.2482068725259,866.7669783951684,856.410436347446,846.1771103568377,836.0655471528294,826.0743100668548,816.2019794323421,806.4471516846093,796.8084397609102,787.2844727003883,777.8738954440524,768.5753685347422,759.3875683171512,750.309186337757,741.3389294448319,732.475519488409,723.7176933202813,715.064202393955,706.5138125646263,698.0653044892277,689.7174725262997,681.4691254360727,673.3190858804077,665.26619002275,657.3092878281645,649.4472425632769,641.6789308962848,634.0032424969115,626.4190800364062,618.925359187543,611.5210081245632,604.2049675231746,596.9761905605523,589.8336427153142,582.7763014674866,575.8031562985041,568.9132085911973,562.1054715297818,555.3789694997874,548.7327386881286,542.1658265830458,535.6772915740587,529.2662032520007,522.9316423090082,516.6726998384381,510.4884781349613,504.37808949442206,498.3406570139324,492.3753139918006,486.48120392753265,480.6574804218191,474.903306776489,469.21785659458004,463.60031298024467,458.0498684387384,452.5657252764666,447.14709520093805,441.7931991207406,436.50326694551865,431.27653798601926,426.1122603540226,421.00969106235266,415.96809582485463,410.9867490563948,406.06493377284824,401.2019414910876,396.39707192894787,391.6496331052379,386.95894143975227,382.324321053189,377.74510446723207,373.220631804457,368.7502509883548,364.3333177433317,359.9691954946975,355.65725496861853,351.39687449215313,347.1874396932161,343.0283435005789
70,4778.92,4663.09,4654.05,4465.72,4656.09,4439.21,4311.41,4228.85,4094.6,4059.46,4075.71,3915.74,3898.17,3743.83,3683.99,3684.68,3458.29,3404.61,3275.73,3054.24,2940.29,2796.53,2671.56,2629.43,2468.6,2393.55,2290.1,2305.72,2156.76,2143.8,2180.1,2025.17,1992.15,1925.12,1934.66,1875.53,1868.87,1884.26,1808.61,1806.54,1785.84,1766.34,1747.84,1729.59,1710.81,1691.32,1670.98,1649.95,1628.91,1608.14,1587.49,1567.22,1547.32,1527.76,1508.63,1489.8,1471.38,1453.28,1435.34,1417.62,1400.22,1383.11,1366.36,1349.8,1333.44,1317.37,1301.54,1285.89,1270.6,1255.63,1240.89,1226.22,1211.5,1197.09,1182.98,1169.38,1155.88,1142.22,1128.82,1115.6,1102.54,1089.53,1076.36,1063.4,1050.8,1038.31,1025.9,1013.72,1001.6164651331603,989.6567211115524,977.8390751507255,966.1618561737239,954.623411910084,943.22210919594,931.9563336739187,920.8244895930712,909.8249997088378,898.9563048829106,888.2168639831981,877.6051538838258,867.1196688649289,856.7589207126866,846.5214385192533,836.4057682826201,826.4104729066152,816.534132100869,806.7753416805728,797.1327141666853,787.6048779856571,778.1904774694303,768.8881726553692,759.6966393862953,750.6145686102453,741.6406667806093,732.7736551558888,724.012270099801,715.3552623810358,706.8013977734646,698.3494559557591,689.9982312116338,681.7465316295691,673.593179302881,665.5370101296514,657.5768735126256,649.711632259176,641.940162681338,634.2613537955338,626.6741081228472,619.1773405886458,611.7699790227518,604.4509637593052,597.2192476367627,590.073795497726,583.0135844890448,576.0376038617477,569.1448543708353,562.3343487754531,555.6051112386835,548.9561775276152,542.3865945131711,535.8954205702455,529.4817246773941,523.1445872171096,516.8830990755112,510.6963617423793,504.583487611259,498.5435992792181,492.57582964688174,486.6793218183981,480.8532290014036,475.096714507023,469.40895134973124,463.789122147319,458.236419420996,452.7500449951843,447.32921019758663,441.9731356591182,436.68105111383693,431.45219539894356,426.2858163547476,421.1811707246322,416.13752385495076,411.1541499951307,406.23033179750047,401.36536041732427,396.5585354127677,391.80916454482815,387.11656387736986,382.480057276951,377.8989769129963
71,5214.19,5091.42,5062.36,4844.28,5024.57,4828.33,4739.25,4525.85,4557.83,4322.95,4458.49,4334.69,4404.23,4092.03,4067.88,3983.95,3886.73,3716.91,3676.94,3397.04,3258.79,3228.76,3067.36,2867.71,2847.56,2659.33,2538.77,2533.23,2413.41,2361.93,2375.49,2286.6,2162.5,2149.41,2163.74,2161.55,2006.37,2063.68,1995.93,1992.47,1968.55,1946.06,1924.89,1904.62,1884.5,1863.96,1842.82,1820.76,1797.93,1775.09,1752.4,1730.04,1708.21,1686.61,1665.55,1644.87,1624.24,1604.32,1584.86,1565.35,1545.95,1526.97,1508.59,1490.29,1472.08,1454.32,1436.98,1419.66,1402.55,1386.02,1369.77,1353.62,1337.48,1321.53,1305.78,1290.31,1275.37,1260.71,1246.02,1231.27,1216.74,1202.61,1188.52,1174.19,1159.97,1146.11,1132.53,1119.17,1105.8144460535752,1092.6173890608081,1079.5769678714787,1066.6913433489708,1053.9587003715096,1041.3772398272158,1028.945187619669,1016.6607866629621,1004.5223018847925,992.5280182252258,980.6762396360766,968.9652898814048,957.3935122373282,945.959268791591,934.6609407437481,923.4969278047957,912.4656481971697,901.5655384546229,890.795053222101,880.1526649555577,869.6368637218297,859.2461571986381,848.9790701742784,838.8341446476825,828.8099394281716,818.9050301354555,809.1180088994483,799.4474839600197,789.8920799671815,780.4504375808397,771.1212129704854,761.9030781153808,752.7947204043109,743.7948424354603,734.9021621164759,726.1154119640323,717.433339404019,708.8547065714151,700.3782898099819,692.002879772323,683.7272814198855,675.5503133225268,667.4708081588232,659.4876120156383,651.5995844881833,643.8055985799565,636.104540402557,628.4953090756228,620.97681662677,613.5479876914058,606.207759812915,598.9550825421031,591.7889179375057,584.7082403652646,577.7120357986952,570.7993025187188,563.9690504134306,557.2203006779134,550.5520865146708,543.9634520329471,537.4534526489742,531.0211551860341,524.6656369739018,518.3859863491546,512.1813025551103,506.05069514145663,499.99328416437413,494.00820028659837,488.0945839769252,482.25158621064395,476.4783676690421,470.7740989395293,465.1379607157612,459.56914279702073,454.0668449887749,448.63027610205614,443.25865475395733,437.95120836701324,432.70717366950964,427.5257961951744,422.40633068342447,417.34804047899513
72,5725.03,5711.38,5559.38,5423.25,5493.53,5413.08,5200.07,5161.35,4985.52,4880.99,4753.98,4730.91,4738.97,4437.83,4486.15,4456.69,4211.83,4164.51,4028.04,3822.54,3634.89,3531.32,3364.13,3258.91,3085.77,2950.09,2861.21,2785.79,2694.83,2618.31,2552.84,2545.0,2549.64,2451.85,2397.32,2330.46,2341.62,2193.42,2209.28,2203.99,2176.35,2150.57,2126.2,2103.08,2080.8,2058.76,2036.32,2013.1,1989.02,1964.11,1939.19,1914.7,1890.54,1866.72,1843.34,1820.45,1797.73,1775.4,1753.87,1732.71,1711.46,1690.36,1669.74,1649.51,1629.48,1609.71,1590.36,1571.41,1552.4,1533.7,1515.66,1497.78,1480.11,1462.61,1445.15,1427.88,1411.14,1394.98,1378.84,1362.57,1346.55,1330.78,1315.35,1299.94,1284.17,1268.58,1253.56,1238.76,1223.9861595799425,1209.3874360227287,1194.9617797616286,1180.7071642475073,1166.6215859488254,1152.7030643516384,1138.9496419595964,1125.3593822924151,1111.9303728881705,1098.6607213002383,1085.548559100354,1072.592035874024,1059.78932622588,1047.1386227743224,1034.6381401545827,1022.2861140179577,1010.0808000310439,998.020471974284,986.1034262454107,974.3279773560024,962.692459532709,951.1952264170208,939.8346502646573,928.6091223458735,917.5170524450766,906.5568687607496,895.7270175051464,885.0259630043669,874.4521872980519,864.0041899392293,853.6804878942387,843.4796152425009,833.4001231765184,823.4405796015692,813.599568935554,803.875692108996,794.2675663648879,784.7738248583863,775.393116656811,766.1241066395689,756.9654750978484,747.9159176345421,738.9741450641707,730.13888321273,721.4088728176142,712.7828691273105,704.2596420014751,695.8379756107033,687.5166682363775,679.2945323707428,671.1703941164486,663.1430933867013,655.2114836050346,647.3744317053101,639.6308178314877,631.9795349373186,624.4194892867292,616.9495997532849,609.5687979202662,602.2760277804402,595.0702458361365,587.9504205988641,580.9155327894659,573.9645751379647,567.0965520833332,560.3104797734956,553.6053858651728,546.9803094238073,540.4343007234096,533.9664213466345,527.5757437844757,521.2613514362649,515.0223384095201,508.8578095199442,502.76688019134957,496.74867615542786,490.80233325159753,484.9269978273092,479.1218259374345,473.38598384464785,467.71864741896763,462.1190023379095
73,6340.85,6292.39,6158.91,5920.58,5939.42,5812.41,5683.38,5654.75,5471.98,5372.26,5228.22,4989.97,5225.59,5045.69,4955.96,4800.49,4674.18,4520.91,4507.13,4274.92,4016.31,3877.03,3803.03,3557.23,3408.62,3214.38,3110.38,3137.7,2946.54,2885.58,2722.3,2750.62,2762.54,2635.47,2663.89,2562.45,2601.04,2591.27,2451.8,2444.71,2412.62,2382.93,2354.94,2328.31,2303.07,2278.55,2254.17,2229.45,2204.04,2177.67,2150.51,2123.5,2096.88,2070.56,2044.67,2019.15,1994.11,1969.6,1945.45,1921.85,1898.62,1875.35,1852.38,1829.95,1807.79,1785.92,1764.22,1742.92,1722.15,1701.37,1680.89,1661.15,1641.69,1622.34,1603.2,1584.18,1565.32,1546.9,1528.96,1511.2,1493.61,1476.13,1458.8,1441.85,1424.92,1407.58,1390.65,1374.18,1357.8022317272892,1341.6183278120982,1325.6260257914626,1309.8230862172993,1294.2072976596426,1278.7764737047025,1263.5284529548667,1248.4610960267553,1233.5722915551078,1218.8599491882503,1204.3220045913329,1189.95641544374,1175.7611624397384,1161.7342512897706,1147.8737097185144,1134.1775864642354,1120.6439552813754,1107.2709079360222,1094.0565632117352,1080.9990569030724,1068.0965498207684,1055.3472207872042,1042.7492706389958,1030.300922226995,1018.000416413699,1005.8460170764878,993.8360055040001,981.968684098527,970.2423743747178,958.6554175599689,947.2061736938412,935.8930217281247,924.7143594267733,913.6686031657764,902.7541873327701,891.9695645271669,881.3132053600256,870.783598053793,860.3792481421102,850.0986786699413,839.9404297933149,829.9030584791298,819.9851385051551,810.1852600597714,800.5020297419713,790.9340705613583,781.4800211376302,772.138536100837,762.9082856911228,753.7879556586614,744.7762469634608,735.8718756753,727.0735728736632,718.3800843475466,709.7901704953928,701.3026061249619,692.9161805533962,684.6296969067675,676.4419725203352,668.3518383381586,660.3581390131616,652.4597327070028,644.6554909900119,636.9442984409295,629.3250528470373,621.7966648038997,614.3580577153624,607.0081673932951,599.7459422577199,592.5703431366824,585.4803427659278,578.4749261891603,571.5530900575895,564.7138430301897,557.9562052733759,551.2792083609398,544.6818954741785,538.1633208015068,531.7225497385862,525.3586585881309,519.0707345599081,512.8578754705437
74,6758.07,6929.2,6763.73,6530.21,6552.65,6448.66,6155.72,6115.48,6089.34,5867.69,5824.73,5672.2,5551.05,5403.88,5416.49,5296.38,5229.18,5098.95,4818.96,4789.03,4488.11,4406.96,4267.8,3914.02,3894.0,3593.61,3512.48,3324.45,3242.68,3194.79,3125.68,3018.78,3000.82,3008.63,3049.83,2895.19,2875.74,2820.87,2727.79,2718.61,2681.62,2647.04,2614.87,2584.51,2555.64,2527.69,2500.51,2473.86,2446.5,2418.52,2389.6,2359.98,2330.65,2301.58,2272.81,2244.61,2216.93,2189.71,2162.89,2136.3,2110.42,2085.12,2059.88,2034.82,2010.17,1985.8,1961.67,1937.82,1914.62,1891.95,1869.08,1846.55,1824.92,1803.54,1782.29,1761.31,1740.3,1719.65,1699.38,1679.63,1660.29,1640.97,1621.66,1602.59,1584.01,1565.28,1546.37,1527.9,1509.7042142683824,1491.7234787195528,1473.9552907104992,1456.397175616604,1439.0466868316428,1421.901405767787,1404.9589408549443,1388.216927540761,1371.673029291276,1355.324933588297,1339.1703549313672,1323.207034837768,1307.4327398412056,1291.8452624924646,1276.4424173567836,1261.2220490191087,1246.1820210768688,1231.3202251458868,1216.6345758570944,1202.1230118571914,1187.7834938073297,1173.614007385084,1159.61256128314,1145.7771852079782,1132.1059328818465,1118.5968800414444,1105.248124437925,1092.0577858368943,1079.0240040170963,1066.1449427730424,1053.4187839110687,1040.8437322526208,1028.418012632283,1016.139870898436,1004.0075719119419,992.0194013473276,980.1736637915354,968.4686841448446,956.9028063200158,945.474393342357,934.1818270495269,923.0235081916012,911.9978556305449,901.1033067404771,890.3383168072767,879.7013591286465,869.1909246138521,858.8055213834583,848.5436752696581,838.403928815615,828.3848416757265,818.4849901152954,808.702966810398,799.0373809479505,789.4868578254454,780.0500385507559,770.725580142199,761.5121552283415,752.4084518478663,743.4131732494421,734.525037891723,725.7427790430859,717.0651447816304,708.4908976949818,700.0188147802253,691.6476874439062,683.3763210017013,675.20353487855,667.1281622083923,659.1490495339707,651.2650573071594,643.4750587882418,635.7779408464351,628.1726030593001,620.6579581130035,613.2329311018577,605.8964600286504,598.6474951041833,591.4849988473387,584.4079460850794,577.4153234521202,570.5061296911244
75,7436.88,7404.25,7298.36,7087.44,7250.47,6967.81,6758.67,6644.17,6603.65,6415.77,6230.31,6044.77,6236.19,5633.08,5913.17,5851.24,5604.02,5422.88,5420.51,5122.2,5013.86,4880.41,4671.94,4431.15,4139.21,4025.25,3943.55,3793.39,3589.27,3524.72,3288.93,3370.72,3358.16,3257.06,3336.33,3265.32,3204.76,3167.04,3039.77,3028.44,2985.97,2946.31,2909.11,2874.44,2841.43,2809.5,2778.87,2749.11,2719.35,2689.17,2658.36,2626.78,2594.45,2562.25,2530.53,2499.3,2468.66,2438.21,2408.27,2379.0,2349.97,2321.85,2294.17,2266.39,2238.92,2211.66,2184.96,2158.51,2132.37,2106.92,2081.83,2056.64,2032.06,2008.29,1984.62,1961.34,1938.23,1915.14,1892.35,1870.09,1848.52,1827.2,1805.88,1784.63,1763.59,1743.07,1722.63,1702.06,1681.8078410580347,1661.7946142236367,1642.017549817829,1622.4739081906785,1603.1609797212998,1584.0760858188205,1565.2165799233492,1546.5798425011376,1528.1632840474815,1509.9643440857549,1491.9804911674084,1474.2092228719714,1456.648064806082,1439.2945696025185,1422.1463179211696,1405.2009184490332,1388.4560048973117,1371.9092410062528,1355.558314539341,1339.4009392852338,1323.4348560587296,1307.657830698832,1292.0676550697167,1276.6621450587966,1261.439141577689,1246.3965125641523,1231.5321459753088,1216.843956794422,1202.329882026055,1187.9878846999443,1173.8159488661584,1159.8120815970335,1145.9743139881434,1132.300699156361,1118.7893112388917,1105.4382493971457,1092.24563080996,1079.209597680377,1066.3283112298345,1053.5999537001019,1041.0227303552172,1028.5948654776141,1016.3146033690899,1004.180209351774,992.1899691675463,980.3421866758117,968.6351865561134,957.0673125063893,945.6369272429737,934.3424123004023,923.1821681315104,912.1546132065596,901.2581848140144,890.4913379594753,879.8525455658747,869.3402982732803,858.9531040385108,848.6894883353276,838.5479935538544,828.5271790005777,818.6256205980557,808.8419110851119,799.1746591159643,789.6224898608064,780.1840442050313,770.8579788493303,761.6429663096917,752.5376943168204,743.5408659162345,734.6511992680718,725.8674275469928,717.188298441697,708.6125744552129,700.1390324044141,691.7664634200194,683.493672646302,675.3194791409932,667.2427159753788,659.2622295336216,651.3768799131485,643.5855404241664,635.8870974895657
76,8117.69,8047.97,7902.76,7644.96,8034.48,7832.19,7468.11,7279.74,7214.69,7037.54,6880.75,6726.06,6782.13,6400.68,6237.48,6348.47,6250.8,6028.81,5873.94,5586.64,5469.49,5438.53,5192.97,4851.17,4783.16,4496.85,4412.97,4201.85,4094.09,3879.49,3765.92,3723.63,3672.96,3573.52,3695.98,3560.4,3641.24,3505.18,3387.53,3375.84,3327.7,3282.29,3239.68,3199.66,3161.82,3125.81,3091.17,3057.5,3024.38,2991.49,2958.27,2924.46,2889.63,2854.12,2819.11,2784.6,2750.41,2716.79,2683.59,2650.99,2618.94,2587.2,2556.21,2525.75,2495.28,2464.98,2435.23,2405.92,2376.87,2348.16,2320.0,2292.43,2264.96,2237.85,2211.52,2185.6,2159.92,2134.41,2109.08,2084.07,2059.58,2035.8,2012.35,1988.83,1965.34,1942.32,1919.83,1897.39,1874.835851135929,1852.5472665961313,1830.5211796815477,1808.7545567329717,1787.244399133465,1765.9877423071498,1744.9816517143777,1724.2232288589764,1703.7096052810027,1683.4379455603673,1663.4054443132097,1643.6093301967305,1624.0468599019434,1604.715323159717,1585.6120397371471,1566.734356433939,1548.0796540908566,1529.6453405812704,1511.4288528135742,1493.4276577323913,1475.639249314951,1458.0611515747132,1440.6909145565367,1423.5261163390942,1406.564364036081,1389.8032907925922,1373.240554783913,1356.8738432203513,1340.7008683424071,1324.7193674207708,1308.927105759948,1293.321872693428,1277.9014815836838,1262.6637718245872,1247.6066078402023,1232.7278780835757,1218.0254940355317,1203.4973912058774,1189.141530134612,1174.955893388302,1160.9384875624994,1147.0873392769086,1133.4005011826323,1119.8760459549276,1106.5120702980348,1093.3066899391404,1080.2580446344136,1067.364295165385,1054.6236213365312,1042.034226981312,1029.594333954925,1017.3021851379292,1005.1560454374512,993.1541972817529,981.2949439242142,969.576608241886,957.9975323350061,946.5560773267572,935.2506232631475,924.0795691130096,913.0413318669142,902.1343473381359,891.3570688610828,880.7079681923849,870.1855343094429,859.7882739110339,849.5147110168273,839.3633866670222,829.3328587221068,819.4217018628582,809.6285072899794,799.9518825238586,790.3904514045682,780.9428533910211,771.6077441616933,762.3837947135386,753.2696915622292,744.2641366420356,735.3658469053426,726.573554122409,717.8860049814871,709.3019606883408
77,8682.72,8802.87,8661.84,8342.4,8617.07,8469.54,8029.41,7892.78,7919.84,7571.77,7548.05,7424.78,7420.17,7055.42,7014.18,6454.94,6815.95,6549.62,6529.5,6206.74,6045.25,5936.6,5797.24,5444.75,5306.12,5006.6,4883.16,4680.31,4439.81,4373.02,4076.15,4107.85,4016.42,3915.75,4061.26,3996.68,3924.43,3978.54,3772.84,3762.69,3710.26,3658.8,3610.25,3564.61,3521.14,3480.32,3441.17,3403.13,3366.04,3329.52,3293.13,3256.43,3219.04,3180.75,3142.12,3103.74,3065.88,3028.56,2991.86,2955.53,2919.86,2884.69,2849.84,2815.81,2782.31,2748.93,2715.68,2682.85,2650.56,2618.72,2587.18,2556.25,2526.0,2495.66,2465.68,2436.75,2408.18,2379.89,2352.0,2324.16,2296.52,2269.54,2243.3,2217.44,2191.59,2165.89,2140.49,2115.62,2090.4994700027473,2065.6740626598735,2041.140385779977,2016.8950862199047,1992.9348428760923,1969.2563766969336,1945.8564406704124,1922.731825831522,1899.8793572573186,1877.2958950681584,1854.978335428934,1832.9236075453634,1811.1286756664642,1789.590537082079,1768.3062221228768,1747.27279416035,1726.4873496068185,1705.9470189166634,1685.6489595776686,1665.5903671246292,1645.7684631245054,1626.1805021850828,1606.8237709537357,1587.6955851137143,1568.7932903853832,1550.1142615249846,1531.6559043271104,1513.4156526209927,1495.390971274215,1477.5793491840523,1459.978307287366,1442.5853945556598,1425.3981859926005,1408.4142836352585,1391.631317555344,1375.0469448579695,1358.6588496816498,1342.4647401945913,1326.462351598403,1310.649447129333,1295.0238110496095,1279.5832566573379,1264.3256192778395,1249.2487602686024,1234.3505660180415,1219.6289449417893,1205.081831487644,1190.7071821306206,1176.5029773754247,1162.4672197539794,1148.5979368291355,1134.8931751872497,1121.3510074468443,1107.969527252421,1094.7468472719868,1081.6811062057152,1068.7704607760463,1056.0130897326387,1043.407193852367,1030.950993936849,1018.6427298112075,1006.4806643290193,994.4630773648931,982.5882705202825,970.8545643200234,959.2602988130757,947.8038330719047,936.4835450923575,925.2978315934157,914.2451077168239,903.3238072273374,892.5323816116089,881.8693003785592,871.333050959254,860.9221379059137,850.6350832924088,840.4704264138882,830.4267233862846,820.5025468459438,810.6964863501182,801.007147676103,791.4331526209866
78,9617.52,9616.92,9464.0,9050.8,9279.47,9203.22,8586.89,8598.7,8577.28,8315.62,8164.38,8057.32,8192.32,7740.52,7887.55,7508.17,6889.81,7295.41,7161.37,6921.69,6590.25,6461.2,6246.65,6120.05,5787.16,5520.71,5346.79,5246.07,4878.65,4902.14,4527.48,4614.3,4569.34,4420.91,4430.12,4432.56,4384.03,4375.32,4199.32,4192.62,4137.14,4081.25,4026.43,3974.47,3925.36,3878.62,3834.2,3791.33,3749.89,3709.08,3668.59,3628.33,3587.67,3546.58,3504.73,3462.1,3420.13,3378.84,3337.83,3297.6,3257.87,3218.65,3180.08,3141.99,3104.53,3067.79,3031.04,2994.21,2958.13,2922.72,2887.61,2852.9,2818.9,2785.48,2752.03,2719.13,2687.33,2655.78,2624.68,2594.03,2563.28,2532.81,2503.06,2474.2,2445.67,2417.11,2388.74,2360.7,2332.7042626699385,2305.036598955485,2277.6932588146374,2250.6705322485577,2223.964746298332,2197.5722730536,2171.489521643926,2145.7129382387984,2120.2390120541027,2095.06426734349,2070.185267402693,2045.5986135684486,2021.3009442174152,1997.288934766176,1973.5592956690796,1950.1087764225556,1926.9341595586432,1904.0322656503818,1881.3999473053407,1859.0340951720923,1836.931630932657,1815.0895143100588,1793.5047350596926,1772.1743169736392,1751.0953208839035,1730.264833650544,1709.6799811757028,1689.337915389574,1669.2358252622766,1649.370928795222,1629.7404730211115,1610.3417390093332,1591.172037861647,1572.2287087100242,1553.5091227209646,1535.010679091181,1516.7308060486776,1498.6669628549078,1480.816635800459,1463.1773392061311,1445.7466154229355,1428.522036834255,1411.50119884829,1394.6817279066897,1378.0612754780796,1361.6375210612964,1345.4081681810746,1329.3709473912816,1313.523616274918,1297.8639564408809,1282.3897745250435,1267.0989031913327,1251.9891981284936,1237.0585420544035,1222.3048387096,1207.7260178626752,1193.320032307038,1179.0848578609152,1165.0184933673513,1151.1189606942073,1137.3843047341625,1123.8125934047123,1110.4019136438553,1097.1503784176432,1084.056119712629,1071.117291539105,1058.3320689300222,1045.6986479409911,1033.2152456502815,1020.8800991577438,1008.6914655848083,996.6476239765362,984.7468707967638,972.9875232316621,961.3679177882283,949.8864101941759,938.5413747972884,927.3312051660668,916.2543130886494,905.3091287730294,894.4941005467293,883.8076947566946
79,10496.33,10430.32,10169.55,9798.68,10223.99,9883.18,9515.1,9398.32,9341.56,9178.11,9055.08,8587.11,9007.1,8435.78,8633.26,8338.41,8014.53,7473.53,7909.65,7441.16,7328.85,7212.04,7150.01,6659.37,6490.75,6229.84,5978.41,5955.43,5517.26,5305.93,5168.0,5021.07,4973.67,4859.67,4982.35,4886.37,4886.65,4833.69,4674.27,4672.42,4615.32,4556.27,4496.66,4438.03,4382.29,4329.44,4278.98,4230.8,4184.32,4138.53,4093.44,4048.87,4004.14,3959.23,3913.83,3867.45,3820.94,3775.04,3729.6,3684.77,3640.61,3596.82,3553.77,3511.58,3469.5,3428.28,3387.8,3347.13,3306.8,3267.01,3227.88,3189.2,3150.89,3113.42,3076.59,3039.79,3003.63,2968.38,2933.67,2899.46,2865.44,2831.59,2798.03,2765.23,2733.29,2701.6,2670.16,2638.92,2607.669016279091,2576.783205504444,2546.258416857181,2516.090543569564,2486.275524927321,2456.809341263834,2427.6880179647883,2398.907622464685,2370.464265248005,2342.3540968457214,2314.5733118399467,2287.1181448592865,2259.9848695776745,2233.169803720188,2206.669302054907,2180.4797603975653,2154.597613609229,2129.0193355962906,2103.7414373081497,2078.7604697406964,2054.0730219339894,2029.6757169676039,2005.5652189687705,1981.7382271053996,1958.1914765872439,1934.921737664737,1911.9258176313178,1889.200559822267,1866.7428406112215,1844.5495724136608,1822.6176986810954,1800.9442009092033,1779.5260926308558,1758.3604184149558,1737.444258872248,1716.7747246483468,1696.3489604283843,1676.1641409323613,1656.2174749197973,1636.5061981815925,1617.0275825504914,1597.7789258894575,1578.7575590998092,1559.960842116573,1541.386164909643,1523.030945481458,1504.8926318693268,1486.9687011442625,1469.2566574086622,1451.7540358009535,1434.4583944862961,1417.3673246682065,1400.4784395757713,1383.7893834741085,1367.2978256573927,1351.0014604488567,1334.8980102042779,1318.9852243108141,1303.2608731800335,1287.7227562572089,1272.368698016672,1257.1965459594858,1242.20417161461,1227.389473542385,1212.7503723287227,1198.2848115862673,1183.9907589555578,1169.8662071061913,1155.9091697321724,1142.1176835542392,1128.4898073186998,1115.0236227985952,1101.717232791375,1088.5687641223833,1075.576361637886,1062.738194212044,1050.0524507422635,1037.517340149198,1025.13109337907,1012.8919614013489,1000.7982139072386,988.8481420128162
80,11328.44,11373.62,11058.75,10901.69,11005.04,10777.76,10302.97,10339.82,10204.8,10027.7,9806.62,9615.58,9658.61,9270.67,9337.3,9323.27,8954.23,8531.5,7716.35,8214.7,8005.86,7946.79,7752.36,7359.16,7099.63,6919.63,6620.44,6505.89,6341.8,6037.17,5798.41,5608.54,5698.52,5548.1,5638.48,5441.74,5464.58,5412.52,5212.56,5214.01,5156.46,5095.73,5032.76,4969.0,4906.1,4846.2,4789.31,4734.68,4682.36,4631.29,4581.01,4531.44,4481.78,4432.18,4382.26,4331.79,4280.74,4229.5,4179.07,4129.13,4079.59,4031.07,3983.08,3935.68,3888.92,3842.48,3796.95,3752.03,3707.09,3662.44,3618.65,3575.56,3532.82,3490.55,3449.07,3408.37,3367.56,3327.37,3288.62,3250.19,3212.26,3174.86,3137.32,3100.14,3063.94,3028.52,2993.48,2958.67,2923.689188244933,2889.1157864436395,2854.945194342582,2821.172863781689,2787.794291681769,2754.805025053501,2722.200653984849,2689.9768206572417,2658.1292093275965,2626.653552339106,2595.5456261140466,2564.801253157373,2534.416301054923,2504.386678466226,2474.7083421370853,2445.377290888794,2416.3895636145394,2387.7412462919865,2359.4284639688976,2331.4473847703216,2303.7942178949997,2276.465214617163,2249.4566652811395,2222.764901304951,2196.386293176715,2170.317253460039,2144.5542297814404,2119.0937118429247,2093.932226413,2069.066338328475,2044.4926504944585,2020.2078018807642,1996.2084705273055,1972.491367533306,1949.0532440698864,1925.8908843674799,1903.001108721225,1880.3807744927633,1858.0267711012525,1835.936023028758,1814.105488818456,1792.5321630782278,1771.2130704698768,1750.1452697163163,1729.3258536015699,1708.7519459653806,1688.42070170321,1668.3293107734266,1648.4749921865246,1628.854995006917,1609.4666003565353,1590.3071214148247,1571.373898409761,1552.6643036268351,1534.1757374018646,1515.905630124588,1497.8514412368686,1480.010658230895,1462.3807966491825,1444.9594010863705,1427.7440431856273,1410.7323216386505,1393.9218621856662,1377.310318617228,1360.8953707706196,1344.6747235280604,1328.6461098220957,1312.8072856266106,1297.1560359676134,1281.6901679106556,1266.4075145680192,1251.3059330951244,1236.3833066941222,1221.6375416085032,1207.0665671230984,1192.668337567672,1178.4408303133284,1164.3820437689171,1150.4900023900188,1136.762751669959,1123.1983591416056,1109.794914377369
81,12309.07,12266.05,12005.58,11462.74,11870.26,11527.1,11107.36,11120.69,11109.3,10631.3,10704.89,10256.32,10572.99,9949.5,10149.05,10007.06,9635.24,9429.84,9129.24,8290.04,8677.28,8825.76,8695.1,8013.47,7994.33,7526.04,7513.8,7369.41,6933.73,6796.06,6422.92,6504.03,6394.6,6099.23,6210.55,6093.99,6082.51,6102.07,5831.07,5834.02,5773.68,5712.15,5647.25,5579.78,5511.47,5443.98,5379.5,5317.89,5258.6,5201.51,5145.38,5090.01,5034.94,4979.52,4924.14,4868.69,4812.6,4756.14,4699.75,4643.79,4588.5,4534.04,4480.45,4427.36,4374.87,4323.05,4271.46,4220.82,4170.99,4121.21,4071.86,4023.39,3975.55,3928.15,3881.31,3835.36,3790.03,3744.87,3700.46,3657.24,3614.7,3572.63,3530.92,3489.2,3448.0,3407.86,3368.48,3329.52,3290.2286735757402,3251.393200907302,3213.008480680507,3175.0694607093988,3137.5711439519446,3100.5085834969495,3063.876883566676,3027.6712015220737,2991.8867428497006,2956.5187641695675,2921.562572232526,2887.0135209124155,2852.8670162191497,2819.118510283012,2785.763503359892,2752.797543831285,2720.216226199059,2688.015193090686,2656.190132251393,2624.736778549398,2593.650910968054,2562.928354611089,2532.5649766921338,2502.556693553042,2472.8994596351044,2443.5892775052184,2414.6221888323353,2385.994281405778,2357.701684122157,2329.7405649801385,2302.107137096143,2274.7976536912624,2247.8084060860256,2221.135729716101,2194.7759961113607,2168.7256199141966,2142.981051861208,2117.5387837962803,2092.395343657503,2067.547298485019,2042.9912534184114,2018.7238496914654,1994.7417676400216,1971.0417196836572,1947.6204603518536,1924.474774252597,1901.6014850959266,1878.9974506808535,1856.6595628953578,1834.5847497216248,1812.7699702229602,1791.2122205594897,1769.9085269698428,1748.8559517868525,1728.0515884244735,1707.492562380396,1687.1760322386644,1667.0991876644437,1647.2592484014021,1627.6534682821778,1608.2791302152962,1589.133546185169,1570.2140602599454,1551.518044581044,1533.0429043762372,1514.7860689361005,1496.7450006375618,1478.9171879255875,1461.3001483210292,1443.8914274180079,1426.6885998865325,1409.689264459414,1392.8910499479668,1376.291610228925,1359.8886262496758,1343.6798070308755,1327.6628846533674,1311.8356182686475,1296.1957920936309,1280.7412164132695,1265.4697255753176,1250.3791789929494
82,13250.91,13617.28,13027.79,12474.54,13064.55,12501.6,11849.12,11852.34,12061.77,11603.93,11665.29,11320.35,11501.48,10901.13,11218.56,10868.08,10750.87,10411.83,10449.76,9755.06,8656.19,9594.48,9539.23,8957.25,8580.71,8550.4,8388.15,8039.64,7776.07,7496.85,7292.06,7215.87,7338.77,6886.54,7139.35,6818.31,6801.99,6669.85,6541.45,6544.35,6478.48,6413.54,6347.48,6277.94,6205.77,6132.51,6059.78,5990.22,5923.67,5859.16,5796.36,5734.71,5673.46,5611.78,5549.89,5488.21,5426.06,5363.69,5301.25,5238.46,5176.53,5115.57,5055.24,4995.76,4936.71,4878.27,4820.46,4763.24,4707.15,4651.72,4596.39,4541.58,4487.62,4434.48,4381.89,4329.74,4278.58,4228.38,4178.09,4128.68,4080.68,4033.14,3986.16,3939.68,3893.23,3847.39,3802.64,3758.77,3714.5106970024253,3670.7625745118576,3627.5199665949453,3584.7772614706205,3542.528905521378,3500.769402290456,3459.4933104761967,3418.6952429292255,3378.3698696609117,3338.511913832088,3299.1161537586886,3260.177418900474,3221.6905968807655,3183.6506224554287,3146.052486538253,3108.891230184031,3072.161947597016,3035.8597821196486,2999.979929241009,2964.517633588362,2929.4681909327965,2894.8269441779416,2860.589286368432,2826.7506596870853,2793.306554452081,2760.2525061085007,2727.584100242432,2695.2969685696826,2663.386787932964,2631.8492823075308,2600.6802207955407,2569.8754166232325,2539.4307301493905,2509.342064854059,2479.605366335727,2450.2166263226054,2421.1718786613483,2392.467200319871,2364.098708378893,2336.0625650460365,2308.3549716389043,2280.972171593544,2253.9104494616245,2227.1661289047975,2200.7355757031573,2174.6151917383213,2148.801420007527,2123.2907446236372,2098.0796837953953,2073.1647968471675,2048.542679204843,2024.2099654042913,2000.163324077267,1976.3994629655049,1952.9151259122634,1929.7070908566816,1906.7721728422418,1884.1072220111294,1861.7091215985895,1839.5747919442115,1817.701185477826,1796.0852887251456,1774.7241233105858,1753.6147409431633,1732.754228430597,1712.1397056736687,1691.76832165494,1671.6372604556775,1651.743734236107,1632.0849892523381,1612.6583008422613,1593.4609764340091,1574.4903515346766,1555.74379273878,1537.2186957226174,1518.9124862470894,1500.8226191548774,1482.946575361985,1465.281867874658,1447.8260347696435,1430.5766442082902,1413.531288419629
83,14233.37,13989.02,14297.73,13509.06,14128.41,13386.68,13149.9,12879.44,13077.77,12756.78,12592.25,12336.88,12468.59,11894.47,12168.48,11844.16,11658.86,11558.66,11434.85,10991.49,10569.91,9365.1,10568.33,9930.9,9602.39,9353.2,9179.43,8910.26,8559.72,8219.62,8097.53,8134.56,8048.49,7778.41,8059.38,7757.16,7697.26,7570.41,7354.49,7354.15,7279.82,7209.32,7139.7,7068.91,6994.4,6916.87,6837.93,6759.83,6684.94,6612.59,6541.93,6473.1,6405.14,6336.99,6268.28,6199.31,6129.96,6060.44,5991.08,5921.31,5851.69,5783.29,5715.7,5648.39,5581.94,5516.24,5451.21,5387.02,5323.37,5260.75,5199.1,5137.67,5076.6,5016.47,4957.32,4898.54,4840.43,4783.52,4727.43,4671.61,4616.52,4562.94,4509.95,4457.56,4405.66,4353.79,4302.71,4252.67,4202.722949014233,4153.349742814373,4104.544090330986,4056.2997656610964,4008.610600047694,3961.470486892544,3914.873380753626,3868.8132953400072,3823.284305516971,3778.280543295769,3733.796199838743,3689.8255254593273,3646.362827616924,3603.4024709169057,3560.938877110615,3518.966525095362,3477.4799499118667,3436.473739736574,3395.94254089446,3355.8810538487874,3316.2840321985436,3277.1462836810056,3238.4626701717325,3200.2281066820146,3162.437559353743,3125.0860484670957,3088.168644430295,3051.6804687821677,3015.6166951947034,2979.9725474679385,2944.7432975248284,2909.9242684189326,2875.510833331856,2841.4984115630004,2807.8824715372525,2774.658531807541,2741.8221540369123,2709.368951019017,2677.294578657623,2645.59474198198,2614.265190134017,2583.3017173708995,2552.7001630650357,2522.45641170407,2492.5663908857646,2463.0260743256817,2433.831474839257,2404.9786503571668,2376.4637029227633,2348.2827746818343,2320.432048885162,2292.907751893649,2265.706149168068,2238.82354827675,2212.2562958878984,2186.0007777695937,2160.053421797468,2134.410691939348,2109.069092265495,2084.0251629383583,2059.2754862279485,2034.816677488779,2010.6453911752426,1986.7583188364804,1963.152188113826,1939.8237617382429,1916.7698385328865,1893.9872544156638,1871.472877386429,1849.2236115372284,1827.236396049738,1805.5082021875814,1784.0360363040136,1762.8169378367966,1741.8479773030804,1721.1262603096443,1700.648923542656,1680.4131357702292,1660.4160968398658,1640.6550386810145,1621.1272232999504,1601.8299437823352
84,15558.76,15370.99,15284.15,14485.3,15233.69,14632.75,13971.3,13881.24,14123.17,13767.06,13988.11,13225.99,13884.21,13212.59,13003.57,12803.77,12549.3,12456.65,12576.77,12066.1,11743.08,11034.5,10061.26,11200.18,10837.5,10319.43,10117.28,10059.57,9600.4,9363.88,9001.79,9065.72,8972.45,8617.74,8941.51,8746.48,8647.37,8489.3,8279.03,8275.95,8188.48,8109.08,8033.59,7959.43,7883.43,7803.21,7719.96,7635.4,7551.59,7470.34,7391.45,7314.39,7238.86,7163.53,7087.95,7011.53,6934.02,6856.51,6778.89,6701.35,6623.66,6546.27,6470.31,6394.71,6319.58,6245.74,6172.64,6100.25,6028.73,5957.68,5887.94,5819.28,5750.56,5682.44,5615.49,5549.33,5483.82,5419.02,5355.32,5292.97,5230.61,5169.1,5109.24,5050.06,4991.57,4933.64,4876.0,4818.83,4762.400232440026,4706.614846191372,4651.46687213601,4596.949407308913,4543.055613895726,4489.778719232781,4437.112015807084,4385.048861256322,4333.582675361905,4282.706944058242,4232.415215423464,4182.701099679433,4133.5582701940475,4084.9804614766126,4036.961471182481,3989.495156103771,3942.575435176329,3896.1962864727684,3850.351749207112,3805.035920727833,3760.2429585224945,3715.9670772107906,3672.202549546872,3628.9437074216553,3586.1849398581944,3543.92069000472,3502.1454601462356,3460.8538066929223,3420.0403431870964,3379.6997362939337,3339.8267088084294,3300.416035646119,3261.4625488546717,3222.9611305976664,3184.9067161615417,3147.2942949579156,3110.1189055119953,3073.375642478803,3037.059645617679,3001.166110817778,2965.6902810772085,2930.6274485076665,2895.9729573413915,2861.722198919576,2827.870613697002,2794.4136902397213,2761.3469632204196,2728.666016425373,2696.3664797474917,2664.4440301886366,2632.894388852669,2601.7133239524023,2570.8966488049655,2540.440221831804,2510.3399435517254,2480.5917605901723,2451.191661669948,2422.1356806181725,2393.41989235701,2365.0404129036683,2336.9934033796717,2309.2750649992686,2281.8816390694346,2254.809407992189,2228.054695264594,2201.61386347412,2175.483317305598,2149.6594965249965,2124.1388829956427,2098.917995666637,2073.993391575169,2049.361664844199,2025.0194496894123,2000.9634134029943,1977.1902633698548,1953.696740051403,1930.4796229994547,1907.535723840007,1884.861893289464,1862.4550131360925,1840.31200225393,1818.4298125935127
85,16654.68,16578.59,16028.18,15668.97,16463.0,15947.23,14997.9,15060.91,15603.5,14816.83,14621.57,14320.78,14982.99,13936.14,14150.95,14233.19,13827.52,13554.08,13537.09,13119.94,13273.41,12759.5,12703.45,10395.24,11695.39,11575.33,11165.79,11089.22,10638.6,10421.02,10042.28,10057.21,10148.75,9788.52,10120.17,9727.68,9630.69,9466.7,9316.35,9313.09,9212.17,9119.29,9034.54,8954.19,8874.67,8793.24,8707.55,8618.3,8527.6,8436.97,8349.12,8263.91,8179.84,8096.89,8014.08,7929.99,7844.37,7757.93,7671.12,7584.33,7497.68,7411.18,7325.16,7240.23,7156.07,7072.63,6990.28,6908.74,6828.08,6748.31,6669.23,6591.47,6514.73,6438.09,6362.14,6287.45,6213.75,6140.65,6068.37,5997.51,5927.82,5858.19,5789.62,5722.75,5656.68,5591.43,5526.68,5462.18,5398.431877116752,5335.406615266709,5273.096520184653,5211.493961749298,5150.59138601028,5090.381302158918,5030.856292550704,4972.009005689562,4913.832161239092,4856.318543006826,4799.461005959972,4743.252468207422,4687.685919017745,4632.754410801193,4578.451062116449,4524.769058672876,4471.701650323769,4419.242151066357,4367.383941046302,4316.120462548698,4265.445223004821,4215.351790983137,4165.833798193791,4116.8849394886165,4068.4989728611263,4020.6697134330284,3973.3910414722104,3926.6568943747507,3880.4612736806603,3834.7982370558925,3789.6619023013372,3745.0464463505723,3700.946105269865,3657.3551712514227,3614.267995620142,3571.6789858268603,3529.582606450606,3487.9733771940996,3446.8458758905003,3406.1947314876656,3366.0146320661393,3326.300317823412,3287.0465840806664,3248.248278276032,3209.900301969079,3171.9976088363255,3134.5352056734846,3097.5081503909637,3060.911552013869,3024.740569679753,2988.9904166476126,2953.6563512776465,2918.7336860514993,2884.2177795542634,2850.104039481235,2816.3879226379045,2783.0649359422137,2750.1306284065568,2717.5806011602763,2685.410499431668,2653.6160165569772,2622.1928879669053,2591.136899204602,2560.4438779076713,2530.1096968149227,2500.1302727641178,2470.5015676942216,2441.2195846364057,2412.2803717230468,2383.6800181787253,2355.4146553224805,2327.480458572304,2299.8736414316495,2272.590461502922,2245.627213471739,2218.980236122674,2192.6459053235085,2166.620637031984,2140.9008872958,2115.483148243618,2090.363954098555,2065.539874162444
86,17845.74,17878.36,17659.56,16680.11,17483.82,17650.24,16105.02,16165.2,16547.54,16117.97,15833.97,15541.11,16078.61,14969.67,15553.84,15318.27,15028.27,14634.02,14508.63,14372.57,14010.98,14116.98,13912.69,13030.01,11472.31,12948.29,12641.75,12513.16,11711.88,11438.48,10925.42,11461.72,11278.92,10748.96,11256.1,10746.13,10824.28,10913.84,10461.6,10460.15,10347.26,10240.91,10142.81,10053.16,9967.53,9883.01,9796.34,9704.18,9608.52,9511.36,9413.99,9319.39,9227.12,9135.85,9045.1,8953.29,8860.02,8765.05,8668.44,8571.4,8474.51,8377.91,8281.67,8186.03,8091.56,7998.21,7905.39,7813.73,7722.91,7633.03,7544.44,7456.34,7369.92,7284.51,7199.09,7114.69,7031.58,6949.47,6868.13,6787.77,6708.87,6631.05,6553.44,6476.95,6402.61,6329.02,6255.92,6183.85,6111.954194023716,6040.867156801396,5970.5804324324745,5901.0856361754395,5832.374456452312,5764.4386538464105,5697.270063106826,5630.860589139461,5565.202210013758,5500.286973955969,5436.1070013536455,5372.654482751145,5309.921680854129,5247.900925518343,5186.584619763074,5125.965232755461,5066.035306826176,5006.787449451502,4948.21433826454,4890.308719050722,4833.063405747817,4776.471277439203,4720.525283365073,4665.218435906753,4610.543817602385,4556.49457212676,4503.063912309246,4450.245114120339,4398.031518676152,4346.416531236169,4295.393620201009,4244.9563181146605,4195.098220662246,4145.81298566778,4097.09433108969,4048.9360400320165,4001.3319547309707,3954.275977557176,3907.762073020149,3861.784264761577,3816.33663555532,3771.41332730741,3727.008541056049,3683.1165359693737,3639.7316283432083,3596.8481926033123,3554.4606593008934,3512.5635151126135,3471.1513038428234,3430.2186244190857,3389.760129889933,3349.770530431592,3310.2445873345364,3271.177117012452,3232.5629899999967,3194.397129950557,3156.6745106295316,3119.390160925527,3082.5391588369225,3046.116633476347,3010.117768077399,2974.5377919767266,2939.37198762971,2904.615684597016,2870.264262551324,2836.313149272842,2802.757821651547,2769.5938036827074,2736.8166674691192,2704.422030214387,2672.4055562274084,2640.762957924607,2609.489990818736,2578.5824565255975,2548.0362017618036,2517.8471183447746,2488.0111401860204,2458.524246297858,2429.3824577866935,2400.581840859743,2372.1185008115895,2343.988588037624
87,19190.62,18816.02,18712.46,18090.99,17988.77,17673.64,17390.68,17483.53,17724.92,17127.05,17545.15,16729.72,17486.43,16331.2,16639.5,16558.26,16439.9,16009.12,15829.74,15378.46,15008.47,15203.42,15414.83,14709.69,14061.02,11773.86,14041.02,13662.71,13240.83,12753.73,12335.46,12644.8,12329.63,12185.94,12463.32,11928.25,12177.55,11983.65,11710.1,11715.63,11591.55,11472.85,11361.46,11258.34,11163.73,11073.59,10983.41,10890.65,10792.82,10691.03,10586.92,10482.71,10381.21,10281.6,10182.32,10082.66,9981.75,9878.99,9773.33,9665.94,9557.97,9449.61,9342.16,9235.46,9129.31,9024.8,8921.32,8818.36,8716.67,8615.83,8516.26,8417.91,8320.31,8224.31,8129.28,8034.74,7941.04,7848.65,7757.41,7667.22,7578.04,7489.96,7403.25,7317.2,7232.6,7149.66,7067.56,6986.58,6905.698399680131,6825.718478130656,6746.630999273418,6668.426805208671,6591.096811203651,6514.632007697145,6439.023460299496,6364.26230879031,6290.3397661161725,6217.247120395222,6144.975733914862,6073.5170411271865,6002.862551655847,5933.003847289179,5863.932582982502,5795.640486858112,5728.119358200707,5661.361070464255,5595.357568265121,5530.100866379793,5465.583051749447,5401.796284482234,5338.732791839568,5276.3848732475435,5214.744898292379,5153.805305718118,5093.558604428922,5033.997370482205,4975.114251097788,4916.901959646453,4859.353278656817,4802.461056808458,4746.218211938788,4690.617726031608,4635.652650228549,4581.316099817633,4527.601256237849,4474.501365074579,4422.009739066459,4370.11975309394,4318.824846183867,4268.118522511765,4217.994347392689,4168.445949285794,4119.467020796634,4071.0513136657114,4023.1926417753507,3975.8848821519796,3929.1219699546928,3882.897900479828,3837.206730163252,3792.0425745757884,3747.399605416352,3703.2720565256764,3659.654217872588,3616.5404365562918,3573.9251168063734,3531.8027209850893,3490.1677655782114,3449.0148252041795,3408.3385266003775,3368.133553634569,3328.3946453003255,3289.1165917078706,3250.2942400978122,3211.9224868228375,3173.9962843637263,3136.5106363179157,3099.460597399499,3062.841274441512,3026.6478243913593,2990.8754563153907,2955.5194273897478,2920.5750449049415,2886.0376672681396,2851.9026999940165,2818.16559670704,2784.8218601437584,2751.8670391459414,2719.2967306651512,2687.1065777581703,2655.2922705892856
88,20289.34,20711.72,19904.42,18809.17,19944.97,19897.41,18037.15,18413.47,19359.93,17685.27,18601.93,17855.89,18726.44,17747.64,18033.45,17802.97,17725.62,17088.31,17647.06,16816.82,16675.48,16708.82,16445.84,16172.3,16006.25,14454.43,12712.03,15446.83,14885.68,13953.27,13686.45,13899.65,13810.61,13495.34,14092.91,13529.76,13409.37,13503.72,13064.37,13082.73,12952.11,12822.09,12698.32,12581.81,12474.11,12375.05,12278.97,12183.42,12085.49,11981.7,11873.34,11762.7,11652.04,11542.92,11435.21,11327.42,11218.77,11108.4,10994.84,10878.15,10758.85,10638.31,10517.99,10399.13,10281.21,10163.76,10048.0,9933.3,9819.46,9706.94,9595.52,9485.38,9376.37,9268.09,9161.55,9056.59,8951.87,8848.14,8745.93,8644.93,8544.94,8445.75,8348.31,8252.66,8157.12,8062.69,7970.63,7879.66,7788.877934345159,7699.097607430061,7610.30900587627,7522.502192475576,7435.667305187761,7349.794554133874,7264.874229614157,7180.896693087878,7097.8523841890155,7015.731814712818,6934.525576633723,6854.224331080719,6774.81881936198,6696.299854946954,6618.658326473076,6541.885198748012,6465.971509742935,6390.908372597011,6316.686974615153,6243.298578270264,6170.734517194281,6098.986202191601,6028.045115225659,5957.902812425639,5888.55092308423,5819.981148655395,5752.185263756608,5685.155115166607,5618.882620823166,5553.3597728298055,5488.578631442356,5424.5313310824,5361.210073321589,5298.607134899565,5236.7148577015605,5175.525657778556,5115.032018331604,5055.226490714069,4996.1016984405815,4937.650329169127,4879.865142718959,4822.738963052682,4766.26468428969,4710.435264692731,4655.243731679099,4600.6831768094435,4546.746758794481,4493.4277004882815,4440.719288888262,4388.614879144156,4337.107885537844,4286.191790503519,4235.860135607526,4186.1065295662775,4136.924640228343,4088.308198583399,4040.250997759994,3992.7468900188296,3945.7897907617166,3899.3736745226197,3853.492574967654,3808.1405868995666,3763.311862248775,3719.0006130800916,3675.2011085859967,3631.907676088886,3589.1146990365855,3546.8166200090736,3505.0079347050405,3463.6831979553276,3422.837017709492,3382.4640580425194,3342.55903715035,3303.116728352115,3264.131957083419,3225.5996039030592,3187.514599481825,3149.871930615938,3112.666633211374,3075.8937952905803,3039.548555990238,3003.62610556126
89,21503.9,21797.52,20974.78,19784.86,21303.66,20431.22,19850.53,19899.23,20629.29,19436.23,20017.71,19236.74,19900.18,18857.0,19255.04,19488.02,19097.31,18789.0,18837.19,17869.25,17887.15,18237.29,18128.45,16958.84,17849.3,16805.57,16143.89,13646.66,16705.66,16255.53,15261.32,15229.17,15398.65,14785.02,15304.29,14952.84,14804.76,15278.89,14529.33,14565.0,14431.55,14294.55,14160.85,14032.79,13911.28,13799.04,13695.07,13594.04,13493.37,13389.78,13279.62,13165.08,13048.09,12930.03,12813.32,12697.32,12580.94,12463.06,12342.13,12217.26,12087.96,11955.34,11821.95,11689.51,11558.18,11427.26,11297.74,11170.0,11043.24,10917.68,10793.44,10670.34,10548.6,10428.13,10308.72,10191.06,10074.9,9959.44,9844.97,9731.86,9620.05,9509.47,9400.12,9292.34,9185.96,9080.14,8975.85,8873.88,8772.197631558824,8671.624275796346,8572.14915661961,8473.761571085628,8376.450892407536,8280.206563942296,8185.0181042009335,8090.875104844453,7997.767235694101,7905.684235712874,7814.615922024015,7724.552186904845,7635.482995782654,7547.398389238814,7460.288484010834,7374.143472992348,7288.953621224913,7204.709272912385,7121.400845408585,7039.018830219364,6957.553796008759,6876.996386594883,6797.337319947885,6718.5673891919805,6640.677463607529,6563.658484622802,6487.501471826313,6412.197516954496,6337.737785895805,6264.113520694834,6191.316035544086,6119.336718788095,6048.167032923418,5977.79851459864,5908.222770606148,5839.431483894468,5771.416407555931,5704.169368834895,5637.682267123634,5571.947070956173,5506.955823018565,5442.700637142723,5379.173696302315,5316.367255618925,5254.273638353835,5192.885240918297,5132.194526861212,5072.194028873227,5012.876349788803,4954.234160582098,4896.2601993649105,4838.947272388746,4782.288255046854,4726.276086863971,4670.903775504533,4616.164395770615,4562.0510855937255,4508.557051045067,4455.67556132527,4403.399951770558,4351.7236218486305,4300.640032152509,4250.142709410806,4200.225242479501,4150.881283344004,4102.104545115046,4053.88880202867,4006.2278924524044,3959.115711870877,3912.5462188981423,3866.5134312694636,3821.0114248392597,3776.0343375893217,3731.5763636164875,3687.631755136749,3644.1948234873075,3601.25993812452,3558.821522615679,3516.874058647234,3475.4120850227337,3434.4301936546103,3393.923033572396
90,21476.45,21481.89,22486.58,21600.29,22632.92,21362.28,20241.04,20272.74,20915.97,20221.37,21529.15,20496.96,21481.58,20118.41,20497.97,20188.7,20020.75,19959.05,19954.97,19288.07,18825.61,18550.72,19223.37,17727.37,18448.65,17809.9,18362.22,17035.21,15539.64,16387.41,16607.62,16757.63,16846.51,16212.29,17121.91,16465.4,16460.88,16355.87,16111.58,16169.37,16035.8,15897.71,15758.19,15619.72,15486.57,15361.08,15244.71,15136.08,15030.41,14924.42,14814.91,14699.08,14577.92,14454.3,14329.21,14204.73,14080.57,13954.61,13826.35,13693.92,13556.31,13413.62,13267.87,13122.38,12978.34,12835.18,12693.59,12553.0,12413.7,12276.09,12139.13,12004.22,11870.42,11737.68,11606.86,11476.61,11348.28,11221.77,11095.78,10970.94,10847.58,10725.72,10605.23,10485.52,10367.69,10251.82,10136.26,10022.27,9908.132566357928,9795.223502946717,9683.531267387332,9573.044385694066,9463.751453280309,9355.641133952782,9248.70216393466,9142.92334583088,9038.293556674402,8934.801743903077,8832.436927371215,8731.188198343803,8631.044722513856,8531.995736985065,8434.030553289149,8337.138557385853,8241.309207651384,8146.532038901542,8052.796659374373,7960.0927507301685,7868.41007308038,7777.738457947139,7688.067814297956,7599.388125528366,7511.689451473507,7424.961926396538,7339.195762006003,7254.381241421119,7170.508728223838,7087.5686584125715,7005.551544425322,6924.447975139697,6844.248612855542,6764.944196312299,6686.525540689007,6608.983533581167,6532.309140029658,6456.493397491818,6381.52742187615,6307.402399496048,6234.109593104506,6161.640338876757,6089.986048421847,6019.138204759502,5949.088365337468,5879.828161025743,5811.349297122345,5743.643547318622,5676.702762751298,5610.518863956206,5545.0838418740705,5480.38976388521,5416.428762745916,5353.193046646292,5290.674892169762,5228.866646304644,5167.76072543836,5107.349618374797,5047.625880299591,4988.5821347917035,4930.211076840772,4872.505466812403,4815.458133465527,4759.061973952396,4703.309950801236,4648.195094933591,4593.71050264698,4539.849334609105,4486.60481887521,4433.970246864937,4381.938976379685,4330.504427579474,4279.660086000289,4229.399498530951,4179.716276430469,4130.604092310685,4082.0566821478396,4034.0678422652295,3986.6314313447638,3939.7413674096197,3893.3916298358085,3847.5762573406064
91,22580.88,23229.57,23468.15,23314.14,24111.53,23071.68,21562.61,21046.76,22534.53,21990.39,22052.39,22049.8,22164.46,20950.51,21755.81,21403.42,21781.11,21098.67,20944.66,20220.52,19782.86,20312.29,20467.31,19745.41,19598.95,19658.16,18710.39,19964.23,17381.29,17186.16,18007.17,18625.09,18499.63,17452.14,18954.22,17743.38,18498.49,17927.21,17816.33,17903.97,17776.45,17641.06,17499.47,17354.75,17212.53,17076.23,16947.5,16827.02,16713.81,16603.44,16492.04,16376.79,16255.08,16128.05,15997.49,15865.31,15732.8,15599.32,15463.35,15323.66,15179.39,15029.01,14873.81,14717.89,14564.12,14411.75,14260.7,14110.75,13961.81,13814.67,13668.43,13523.66,13380.38,13237.87,13097.06,12957.75,12819.34,12682.82,12547.98,12413.83,12280.74,12149.3,12019.4,11890.56,11762.8,11637.0,11512.98,11389.33,11267.080758312668,11146.059806493411,11026.25668026309,10907.660935389084,10790.262207824817,10674.050153570222,10559.014498788032,10445.145009733993,10332.431502780139,10220.863844414773,10110.431961265744,10001.125822058573,9892.935460669938,9785.85095507885,9679.86244340385,9574.960115884414,9471.134219892578,9368.375057928275,9266.67298962401,9166.018432747162,9066.401860193018,8967.813802991759,8870.244853315415,8773.685657461603,8678.126923872127,8583.559419123676,8489.973967927815,8397.361457140305,8305.712830749462,8215.019093885465,8125.271313822675,8036.460615970339,7948.578186879565,7861.615274243323,7775.563186896443,7690.413292810966,7606.157024107764,7522.785872044929,7440.291388020083,7358.665187579682,7277.8989454074,7197.9843973287625,7118.91334331814,7040.677640482458,6963.269209075155,6886.680031493856,6810.902150275722,6735.927668097446,6661.748750782238,6588.357623290512,6515.746571724547,6443.907944330809,6372.834146488319,6302.517647724937,6232.950975703408,6164.126719228337,6096.03752624154,6028.676104824367,5962.035223197702,5896.10770871964,5830.8864468831625,5766.3643833207825,5702.53452380455,5639.389929234421,5576.923722654541,5515.129083239285,5453.999248297913,5393.527512272244,5333.707228741308,5274.531807414366,5215.994715133236,5158.089474869975,5100.80966672919,5044.148927948054,4988.100947884666,4932.659476036662,4877.818314022608,4823.571320593631,4769.912407624108,4716.83554211633,4664.334745198165,4612.404091120741
92,25398.07,25206.13,24980.71,24630.83,26245.35,24290.43,22730.5,23201.86,24287.32,23944.17,23781.48,23675.21,24806.51,23356.89,24403.97,24064.15,23677.89,22895.16,22501.83,22358.84,22404.14,21870.96,23019.97,21211.36,21073.03,21203.02,21176.1,20950.74,19663.49,19639.36,18537.87,20274.87,20821.7,19986.94,20574.27,19591.37,20166.37,19982.53,19644.95,19767.18,19652.0,19522.43,19382.32,19236.89,19090.77,18946.27,18806.88,18674.13,18549.27,18431.97,18316.26,18199.86,18080.52,17953.29,17819.5,17682.21,17541.97,17401.01,17258.45,17111.63,16961.11,16804.58,16642.07,16478.17,16316.47,16156.63,15997.87,15840.58,15684.15,15529.1,15375.34,15222.85,15071.69,14921.49,14772.16,14624.91,14479.33,14333.94,14190.58,14048.88,13907.91,13768.08,13629.48,13492.72,13356.96,13222.15,13089.36,12958.31,12827.729203069832,12698.366391708954,12570.21226701725,12443.257550135333,12317.492992264917,12192.909374668818,12069.497518691313,11947.248245676681,11826.152427071036,11706.200974401956,11587.384829258117,11469.694943248565,11353.122338124911,11237.658035638762,11123.293127684294,11010.018716176048,10897.825953130401,10786.706030645191,10676.650170879358,10567.649646093678,10459.695758610016,10352.779850831714,10246.89332528431,10142.027604534074,10038.174161249106,9935.324510183049,9833.470212183232,9732.602869180484,9632.714126193214,9533.795676337582,9435.8392548153,9338.836642921755,9242.779667043988,9147.660199662725,9053.470160354413,8960.201514789193,8867.846275732914,8776.396502045125,8685.844299681088,8596.18182369587,8507.401275238213,8419.494906560736,8332.455013003631,8246.273942013,8160.944089132695,8076.457897002301,7992.807857361194,7909.986512050581,7827.986450007393,7746.800310270398,7666.420779976114,7586.840598366974,7508.052549777054,7430.049469644302,7352.8242435084985,7276.369805007182,7200.679137879724,7125.745272961222,7051.561294194711,6978.120330614875,6905.415564364344,6833.440223679434,6762.187587900328,6691.650983462931,6621.82378790702,6552.69942687013,6484.271374087554,6416.533153396419,6349.478335729574,6283.1005421217005,6217.39344170524,6152.350750708355,6087.966235461042,6024.233708386983,5961.147032011692,5898.70011495437,5836.886913931978,5775.701433759231,5715.137725344538,5655.1898876940595,5595.852067911721,5537.118457191057
93,25951.08,26654.9,26814.54,25212.23,27468.43,26407.96,24485.61,25434.67,26535.78,24998.85,26732.83,24958.68,27090.14,24725.51,25913.73,25977.72,25210.59,24481.65,24779.17,23970.54,23694.9,24237.48,25277.58,22646.55,23321.18,22923.42,22725.14,22904.9,21142.67,22449.05,22290.72,21288.94,22523.66,21703.48,22642.26,22028.53,21665.42,21561.41,21583.83,21743.34,21643.97,21525.79,21392.57,21250.77,21104.42,20955.57,20808.32,20666.23,20530.87,20402.58,20280.56,20162.75,20043.14,19917.22,19784.44,19645.09,19499.75,19351.83,19202.53,19050.07,18893.66,18731.28,18563.16,18393.09,18224.52,18057.44,17892.42,17728.05,17564.34,17402.59,17241.59,17082.24,16924.33,16766.83,16610.23,16455.67,16302.76,16150.39,15998.94,15849.61,15701.84,15554.3,15407.62,15262.98,15119.63,14977.05,14835.88,14697.0,14558.558438169825,14421.308132413722,14285.241069978118,14150.349248125378,14016.624674133813,13884.059345265787,13752.64527881555,13622.37453214112,13493.239142568636,13365.231157440168,13238.342684193449,13112.565780186496,12987.892592920802,12864.315219818156,12741.825818395995,12620.41656620364,12500.079640790416,12380.807249753469,12262.591620721829,12145.425021388299,12029.299719445675,11914.208012634586,11800.142228743483,11687.094735624582,11575.057891114164,11464.024113144154,11353.985819646487,11244.935488648736,11136.865608194434,11029.768686358979,10923.63727128155,10818.46396118103,10714.241344260365,10610.962068818144,10508.618813200792,10407.204265770672,10306.711185001734,10207.13232936794,10108.460497407012,10010.688535733196,9913.809311994213,9817.815731898369,9722.700736209761,9628.45730074829,9535.078435388054,9442.557186060543,9350.88663775942,9260.059906527771,9170.070148472449,9080.910555757695,8992.574357606738,8905.054817297014,8818.345240172905,8732.438966634598,8647.329374141262,8563.009879214243,8479.473935433865,8396.715035442634,8314.726709943634,8233.502526698925,8153.036094535945,8073.321059341101,7994.351104059798,7916.119953704391,7838.621369344625,7761.849153115612,7685.797145213041,7610.459223893178,7535.829308477654,7461.901355347086,7388.669360945857,7316.127360780522,7244.269431423006,7173.0896845010175,7102.58227270764,7032.7413908029075,6963.561267601056,6895.036173983279,6827.160419892944,6759.928353333998,6693.334362374156,6627.372872140117
94,27793.07,30289.95,28905.92,28083.08,29329.33,27660.18,26406.17,26102.72,27140.38,27344.66,28860.58,27425.65,27604.86,25745.03,27401.68,27083.15,27056.61,26142.48,26592.55,26084.84,25430.55,25543.94,25309.88,25013.71,24186.74,24316.41,23412.02,24461.76,23142.69,24993.6,24080.71,23880.16,22784.51,22492.38,25611.42,23746.74,23569.62,23780.66,23609.78,23809.11,23726.39,23624.23,23504.86,23368.86,23224.66,23077.14,22929.13,22781.14,22637.33,22499.43,22368.82,22246.29,22123.61,21998.52,21869.01,21731.44,21585.28,21434.03,21279.37,21122.13,20960.82,20792.5,20619.82,20445.52,20271.59,20098.55,19927.39,19757.73,19588.5,19421.1,19254.8,19089.13,18925.19,18761.85,18599.15,18438.72,18278.82,18119.97,17962.89,17806.48,17651.97,17498.32,17345.29,17193.61,17043.14,16893.98,16745.87,16599.51,16454.037732598797,16309.712217666982,16166.5267981079,16024.474806814236,15883.549576678672,15743.744420572542,15605.052661377864,15467.46761196597,15330.98257519753,15195.59086394388,15061.285801087035,14928.060669466317,14795.908811985077,14664.82351148264,14534.798110862363,14405.825922995577,14277.9002707643,14151.014497071881,14025.161934811003,13900.33593689569,13776.529856239971,13653.73706577921,13531.950928438107,13411.164847184047,13291.372214973739,13172.566444785236,13054.740969617937,12937.889202449904,12822.004616323215,12707.080684279956,12593.11086935154,12480.08867461207,12368.007633167661,12256.861268113753,12146.643122567133,12037.346789697945,11928.965832644324,11821.493864597755,11714.92452878174,11609.251468419781,11504.468346756727,11400.568857069438,11297.54671265612,11195.39565684699,11094.109432972271,10993.681834415536,10894.106664571036,10795.377736843699,10697.488924702466,10600.434091605619,10504.207151064798,10408.802016591642,10314.21264174047,10220.433010097624,10127.457135281462,10035.27903091033,9943.89275865381,9853.292409212427,9763.472089303783,9674.425938680692,9586.148124124788,9498.632838445445,9411.874304484054,9325.866773111888,9240.604522229032,9156.08185976759,9072.293120688473,8989.232671986741,8906.894905684143,8825.274246837633,8744.365147532986,8664.162089887985,8584.659585051371,8505.852175204956,8427.734431561508,8350.300955365805,8273.546377894645,8197.4653614579,8122.05259639533,8047.302805080842,7973.210738919289,7899.771182350744
95,30222.86,30027.19,30771.02,29456.93,29976.28,29104.56,27698.9,28728.96,28031.12,30100.87,29701.86,28813.64,29862.81,28334.35,29800.21,29334.99,28894.75,28228.51,28825.14,28429.0,26794.81,28189.1,28453.92,27547.72,26971.15,26042.1,27566.49,27172.15,25631.93,26016.65,25469.3,27468.08,27241.04,25005.27,26186.97,26142.45,26603.11,25488.58,25696.35,25938.99,25875.11,25791.51,25687.19,25564.2,25430.56,25287.94,25139.12,24988.22,24840.59,24698.23,24559.82,24428.89,24303.79,24178.92,24050.53,23917.54,23774.12,23622.54,23465.58,23304.81,23139.45,22967.44,22790.74,22612.92,22436.99,22260.81,22084.99,21910.4,21736.94,21565.57,21394.66,21224.9,21056.19,20888.37,20722.17,20557.07,20392.48,20227.99,20065.36,19904.22,19744.13,19585.06,19427.12,19270.38,19114.12,18959.46,18806.2,18653.88,18502.579789882933,18352.36383170344,18203.226842674863,18055.163520000013,17908.168530865853,17762.23653245407,17617.362161935805,17473.540036471637,17330.764773222134,17189.030949326774,17048.333161935578,16908.665978182733,16770.023955197154,16632.401630097196,16495.793550006496,16360.194252043408,16225.598263321013,16092.000080936557,15959.394232003118,15827.775223623217,15697.137552894106,15567.475726918305,15438.784232787779,15311.05757760506,15184.290258467385,15058.47675246145,14933.611576695053,14809.689208254887,14686.704164248753,14564.650931768618,14443.524017917003,14323.317939801715,14204.027204525273,14085.646329195482,13968.16983092014,13851.592256822885,13735.908134016792,13621.11199962022,13507.19842076736,13394.161954587122,13281.997168213697,13170.698638786553,13060.260953450435,12950.678719360643,12841.94655367776,12734.059063557079,12627.010896175023,12520.796688702714,12415.411108327127,12310.84882223523,12207.104527629817,12104.172911708418,12002.048701689662,11900.726614786905,11800.20140823462,11700.467829261988,11601.520675124591,11503.354713062176,11405.964770346147,11309.345654237368,11213.492232028355,11118.399351001077,11024.061878448058,10930.474731688202,10837.632818035148,10745.531054807807,10654.164419356752,10563.52785901673,10473.616371148873,10384.424973124867,10295.948682316406,10208.18255611628,10121.121661922572,10034.761087143916,9949.095948204242,9864.121365529605,9779.832494564525,9696.224509763546,9613.29260459125,9531.031993523293,9449.437914047478,9368.505623662151
96,32104.66,31509.85,32666.08,29552.91,32350.84,31464.54,29505.5,29101.41,32383.56,30809.94,32989.69,30847.78,30859.18,31283.82,30776.25,31783.53,31209.86,28880.74,29811.82,30242.16,28143.63,29884.59,29307.56,28339.48,29422.31,28136.99,28323.96,30174.97,26740.85,27835.23,28093.81,29924.1,29427.33,28250.89,27919.3,28146.89,28904.68,28460.94,27888.82,28170.78,28127.78,28065.16,27975.05,27869.44,27754.58,27621.55,27476.0,27326.67,27180.42,27035.17,26890.53,26754.21,26624.02,26497.16,26371.59,26241.01,26101.99,25955.41,25798.34,25635.75,25467.13,25292.83,25114.76,24934.32,24756.6,24579.01,24401.37,24223.15,24047.29,23873.3,23699.19,23526.71,23354.81,23183.4,23013.93,22845.67,22677.31,22510.34,22343.72,22178.32,22014.75,21850.7,21688.59,21529.08,21368.65,21208.75,21051.58,20895.23,20739.27126927525,20584.319942446746,20430.37202951816,20277.423530468044,20125.470415199616,19974.50861351562,19824.5340552188,19675.542609961194,19527.530147394853,19380.492527146707,19234.425558718103,19089.325051610387,18945.18677522444,18802.006498961142,18659.77996214603,18518.502894079513,18378.171004011783,18238.7799911679,18100.325524697586,17962.803273750556,17826.20888742629,17690.538004799168,17555.786254918436,17421.94924678311,17289.022579367094,17157.001861669414,17025.882662588618,16895.660561048375,16766.331135972356,16637.889946234005,16510.332530656517,16383.654448113331,16257.851237427656,16132.918437422693,16008.851586921648,15885.646204697492,15763.297819548312,15641.801970297314,15521.154165692355,15401.349924506401,15282.384765512432,15164.25421750853,15046.953799267667,14930.479029562815,14814.825417141832,14699.988500827918,14585.963799394049,14472.746841638313,14360.333156358793,14248.718272353583,14137.897738471,14027.867093534252,13918.621876366538,13810.157655866416,13702.469970857095,13595.554390237117,13489.406482905044,13384.021827784545,13279.396013824404,13175.524619948294,13072.40325515523,12970.027518419121,12868.39301873898,12767.495395189178,12667.33027681897,12567.893302702718,12469.180111914797,12371.18639365515,12273.907797023274,12177.340011219107,12081.478725442603,11986.319648943949,11891.858500998442,11798.091010906495,11705.012897943416,11612.619931510075,11520.907881007362,11429.872495785921,11339.509595372221,11249.814959192256,11160.784416797607,11072.413787714737
97,31292.33,33196.83,32543.13,32521.2,34600.52,31471.96,30147.06,31283.93,31646.66,34162.8,32420.96,32016.59,36289.46,33499.95,32606.91,34430.73,32245.57,31181.97,32536.75,32942.62,33323.87,31352.61,31761.1,30227.26,30997.33,31652.03,31438.33,32566.94,29260.12,29045.09,30492.17,32084.23,32189.18,29730.32,31579.96,28976.38,30376.43,30178.02,30268.11,30589.72,30560.91,30516.73,30448.77,30358.14,30257.16,30138.64,30005.04,29866.57,29722.43,29573.69,29426.97,29287.44,29152.08,29022.31,28897.63,28768.2,28634.78,28495.77,28341.98,28180.73,28013.25,27837.14,27657.47,27476.31,27295.59,27117.33,26940.34,26761.93,26583.39,26406.61,26233.38,26059.8,25885.42,25712.12,25539.31,25368.48,25198.61,25029.23,24860.98,24693.88,24527.36,24361.54,24196.54,24033.23,23870.48,23707.43,23546.1,23386.17,23226.77035105413,23068.28695846594,22910.717077753357,22754.057954417956,22598.306803912234,22443.460791606893,22289.517052823572,22136.472722883896,21984.324877011357,21833.07056038036,21682.706818165334,21533.230635442516,21384.638997288195,21236.928858729545,21090.097124711974,20944.1407202136,20799.05650009803,20654.84132924523,20511.492042486105,20369.00545461883,20227.378340376148,20086.60747449081,19946.68962167921,19807.62149657594,19669.399833848325,19532.021308065523,19395.482613829427,19259.780405676487,19124.911338143153,18990.872045733166,18857.659142917542,18725.269244167303,18593.69892388804,18462.94477651806,18333.003356430236,18203.871228013795,18075.54493562525,17948.021013604768,17821.295976259786,17695.36633789774,17570.22862284244,17445.87930533589,17322.314889669167,17199.53184006794,17077.52664079056,16956.295766079045,16835.835660126333,16716.142797174427,16597.213611399908,16479.044557012072,16361.632068187497,16244.972589119121,16129.062543967157,16013.898376924546,15899.476502135154,15785.793343759195,15672.845345989605,15560.628902937535,15449.14044877956,15338.3764076759,15228.33319377042,15119.00722120698,15010.394914145803,14902.492686730746,14795.296963122035,14688.804177496246,14583.010733980882,14477.913066752524,14373.50759997139,14269.790767814058,14166.75899444075,14064.408734060758,13962.736400817945,13861.738458937965,13761.41135261375,13661.751516021883,13562.75542340437,13464.419528970508,13366.74028692959,13269.714191556339,13173.337697060051,13077.607287699097
98,34607.31,31375.99,36086.4,33678.76,35327.64,35110.68,32140.97,35330.37,33225.09,32357.42,35836.63,32681.83,35061.66,32139.4,33357.3,33347.05,32284.54,32643.83,34699.99,34548.79,33429.93,34682.28,31312.65,32850.53,34360.99,32203.28,35256.09,32930.59,29575.63,33641.03,31692.59,33587.09,33474.14,33165.09,34932.55,31893.06,29412.24,31934.17,32826.99,33177.51,33153.3,33131.95,33088.0,33015.06,32925.6,32823.02,32703.7,32577.1,32438.38,32292.69,32153.34,32016.84,31880.24,31744.82,31615.2,31488.84,31360.77,31225.08,31075.73,30919.25,30758.33,30586.16,30403.65,30219.14,30041.3,29866.22,29687.33,29509.35,29331.45,29154.16,28982.23,28809.96,28635.53,28462.32,28288.85,28116.18,27947.93,27779.55,27609.88,27441.9,27275.91,27109.41,26942.59,26776.29,26612.15,26450.25,26286.95,26123.82,25962.54515165153,25802.083978344173,25642.434857455486,25483.59613631446,25325.566142217718,25168.343152380938,25011.92542398742,24856.311164139537,24701.498569923457,24547.48579836061,24394.27096640766,24241.852181005102,24090.227488996286,23939.39494724076,23789.352552500946,23640.098301539256,23491.630131020986,23343.945977611416,23197.043737911095,23050.921298504374,22905.576515927034,22761.007206650112,22617.211177128458,22474.186213784542,22331.93008300846,22190.44050110937,22049.71521444499,21909.751889243536,21770.54822178179,21632.10184823941,21494.410424828417,21357.47154766372,21221.282832892586,21085.841856597548,20951.146174828755,20817.193343636358,20683.98088902194,20551.50631695471,20419.767133403882,20288.7608142901,20158.484845550203,20028.936653023895,19900.11370261563,19772.01341014893,19644.63320146351,19517.970452318128,19392.022578536307,19266.786935844433,19142.26091001747,19018.441846765614,18895.32709179907,18772.913980811863,18651.199839481807,18530.181983470553,18409.857718423544,18290.22433997005,18171.27914373933,18053.019405328287,17935.44241034998,17818.545414368924,17702.32567294964,17586.78046168901,17471.907006102985,17357.702561756076,17244.164354164233,17131.28962887578,17019.07559137429,16907.5194771919,16796.618511844557,16686.369880783463,16576.770819540747,16467.8185235838,16359.51019839619,16251.84303944531,16144.814242198538,16038.421012139448,15932.660544735427,15827.530005405297,15723.026609648816,15619.147542917182,15515.889980645403,15413.251118300866
99,39298.25,33860.98,31771.89,37395.66,36997.32,33103.45,26480.41,35708.52,36095.16,36028.21,40509.01,35477.18,38067.21,34502.37,36792.68,37518.91,35660.96,35393.73,36407.68,34031.15,35249.53,36272.34,34239.96,34323.43,34130.82,30673.21,34772.35,37966.91,31435.66,31417.56,35182.13,37039.15,35161.68,33974.19,36778.51,34031.85,36873.63,33115.57,35468.7,35856.57,35849.52,35833.52,35791.16,35747.93,35685.82,35592.37,35493.08,35385.91,35252.39,35114.28,34984.29,34855.23,34717.75,34582.22,34453.12,34325.84,34201.04,34069.64,33927.66,33783.46,33629.23,33460.68,33280.55,33096.77,32921.18,32748.94,32572.6,32398.76,32226.53,32054.38,31881.12,31705.99,31537.7,31369.88,31196.79,31024.94,30858.74,30692.79,30524.49,30356.84,30193.57,30028.31,29861.76,29696.94,29533.28,29373.28,29211.7,29048.09,28887.178033790347,28726.967201893425,28567.456823712913,28408.646198634957,28250.534565993086,28093.121145103283,27936.405135264,27780.38568572984,27625.061915729097,27470.432934481294,27316.497801162113,27163.25555492969,27010.705194907085,26858.845700199825,26707.676019887127,26557.195073021892,26407.401768648266,26258.294955757756,26109.873483341897,25962.136170365895,25815.08179575989,25668.709128445236,25523.016907317004,25378.00385125271,25233.668639094794,25090.009949685696,24947.026431841557,24804.716694343424,24663.079345972357,24522.1129654831,24381.816091595327,24242.18728304625,24103.225038520457,23964.927866711314,23827.29422626833,23690.322575841023,23554.011354061367,23418.35897954381,23283.36385088524,23149.02434666502,23015.338835453746,22882.305645786924,22749.923126217607,22618.189585263775,22487.10330141709,22356.662573186757,22226.865669055675,22097.710817471663,21969.19626690008,21841.320235779967,21714.08092253285,21587.476535588998,21461.50523333485,21336.16519417438,21211.45455647648,21087.371478627585,20963.91407897905,20841.080475882234,20718.868757662185,20597.27703266148,20476.30337919641,20355.945865574482,20236.202550094433,20117.071481046238,19998.550706719856,19880.638245378963,19763.33213530475,19646.630364734578,19530.53094192334,19415.031875125926,19300.131142570917,19185.82672248691,19072.11657308494,18958.9986725936,18846.470969215155,18734.531421160667,18623.17794660609,18512.40850376248,18402.221000797028,18292.613375903253,18183.583547257113,18075.12941301704
100,43761.52,32120.45,41111.69,43060.69,37016.88,32971.8,37163.81,34444.44,38438.44,39452.05,38112.86,38161.32,40285.49,34551.5,35802.47,43488.46,36498.52,37764.67,38371.29,39325.52,33341.91,38878.89,40717.97,36107.44,37393.12,35503.82,35606.32,40629.56,34326.28,38349.45,34121.22,38202.25,38882.48,32280.24,41614.2,39390.19,37893.81,36347.28,38161.95,38561.56,38563.01,38563.72,38533.29,38510.84,38472.29,38402.61,38331.0,38235.38,38115.93,37998.81,37865.58,37739.61,37617.11,37479.69,37353.03,37227.5,37095.28,36972.63,36852.16,36721.97,36575.12,36410.3,36234.06,36060.67,35889.8,35720.22,35548.8,35377.05,35213.44,35049.46,34878.11,34702.96,34539.91,34380.93,34214.68,34047.38,33885.19,33724.18,33559.67,33395.13,33234.22,33073.14,32912.8,32752.59,32591.11,32430.44,32270.72,32113.83,31955.82209311852,31798.39851120711,31641.559284307667,31485.30438237829,31329.633765363116,31174.54738319231,31020.045105684305,30866.126832699436,30712.792394000266,30560.041619349366,30407.874278425497,30256.29016093536,30105.288986487893,29954.87047469202,29805.034315114775,29655.780157267338,29507.107650660855,29359.01640475064,29211.505988936122,29064.57599264466,28918.22593520586,28772.455335949315,28627.2636941767,28482.65046913381,28338.615110052477,28195.157056150558,28052.275686562134,27909.97040044919,27768.2405469039,27627.08546500446,27486.50447380114,27346.49688233023,27207.0619495582,27068.198934451517,26929.907085962674,26792.18561298831,26655.033724425055,26518.45058911367,26382.435365880952,26246.987203539742,26112.10523087493,25977.78855664348,25844.03625956047,25710.847418340945,25578.221091672058,25446.15631821299,25314.65211659501,25183.707495435425,25053.321453337558,24923.492958862844,24794.220960544775,24665.504426944786,24537.342266540512,24409.733407837513,24282.67673928549,24156.17116936207,24030.21554646109,23904.80873900431,23779.949605399528,23655.636953984715,23531.869623139723,23408.646421202528,23285.96612646919,23163.827527249738,23042.229401840235,22921.170508508825,22800.64958549569,22680.66537104103,22561.216593371086,22442.301950670175,22323.920171164544,22206.069922996612,22088.74990435071,21971.95878336928,21855.695218180772,21739.957856899684,21624.745347640528,21510.056328503826,21395.889417562164,21282.243232888162,21169.116382540436,21056.507464563652
101,40336.13,41073.51,37134.21,43302.75,36465.12,42966.75,35355.29,35685.32,38863.98,35774.87,38125.0,42451.42,37987.24,39784.95,38249.16,43808.34,42467.72,43934.82,45265.59,36363.64,35408.02,43288.59,45392.65,38062.58,38610.6,34220.53,41713.64,38374.72,36616.1,42958.46,40472.18,37568.61,40056.76,36563.88,42195.3,37734.55,37225.51,37916.74,40912.51,41343.9,41339.77,41348.53,41352.1,41327.64,41278.04,41211.24,41167.5,41118.56,41033.24,40903.78,40780.1,40660.24,40543.5,40408.41,40287.28,40193.67,40066.36,39945.83,39836.69,39722.15,39584.13,39417.02,39258.27,39091.44,38924.11,38765.95,38604.44,38448.61,38289.02,38126.29,37967.31,37804.55,37642.77,37485.23,37334.29,37181.89,37024.67,36863.97,36703.61,36548.57,36394.2,36241.41,36087.65,35931.63,35775.56,35620.26,35466.52,35313.81,35161.40757550444,35009.47267259498,34858.00579192655,34707.00738408861,34556.47787964436,34406.417699143974,34256.82722308518,34107.706811939526,33959.056826178574,33810.87756619527,33663.16934239568,33515.93243514656,33369.16708476227,33222.87353155718,33077.05198580637,32931.7026477718,32786.82566764995,32642.4212156635,32498.489401956533,32355.030346686228,32212.044129957383,32069.530821861677,31927.49047246461,31785.92310179238,31644.82873988428,31504.207356701012,31364.058922203287,31224.383406351804,31085.180729041775,30946.450800155308,30808.193529574524,30670.408797142238,30533.09646267507,30396.25635595034,30259.888316758475,30123.992154850595,29988.567649938544,29853.61459174724,29719.13272994922,29585.121814217026,29451.58156418389,29318.51167945686,29185.91187966917,29053.78181436237,28922.121163117314,28790.929575475544,28660.206670939315,28529.952079023977,28400.16538919249,28270.846190907814,28141.99406361981,28013.60856675213,27885.68922968915,27758.235601841432,27631.24719256714,27504.723501211352,27378.66401710604,27253.068219570065,27127.935567896122,27003.265521376874,26879.0575092657,26755.310960815994,26632.025285254935,26509.199881796594,26386.834139641975,26264.927437978953,26143.479135969224,26022.48859277448,25901.955137517114,25781.878109332618,25662.25682733029,25543.090600606327,25424.378708217628,25306.120459260397,25188.31512277843,25070.96195780243,24954.06022336311,24837.60915846498,24721.608002112538,24606.055983297192,24490.952320997258,24376.29620415175
102,40174.67,41913.44,38413.36,38230.09,39935.59,29870.13,41921.4,39306.36,34301.52,41943.73,44887.78,38502.67,42276.42,41532.76,41379.31,48172.04,50507.33,44329.9,37614.68,48710.01,34782.61,45026.99,42137.4,38194.44,40638.61,40175.77,42683.57,43607.53,34767.03,36448.16,41467.89,39690.93,40444.89,39919.08,43653.9,41676.94,44518.27,37370.24,43673.25,44174.16,44178.7,44181.17,44169.65,44162.42,44125.24,44117.07,44125.42,44067.96,43966.64,43844.58,43762.54,43655.76,43550.46,43410.6,43271.16,43199.47,43097.35,42986.35,42854.81,42732.49,42619.84,42466.42,42334.25,42179.71,42032.21,41903.66,41757.08,41600.33,41436.3,41282.08,41134.66,40985.79,40842.53,40697.66,40551.44,40416.86,40268.2,40106.47,39954.26,39812.84,39669.52,39525.04,39371.8,39222.2,39081.93,38937.8,38790.64,38646.37,38502.27273311497,38358.53182743205,38215.14800386402,38072.12198332365,37929.45444667301,37787.14607477415,37645.19751845112,37503.60942852795,37362.38240576527,37221.51708096177,37081.01402484007,36940.87381813545,36801.09702155785,36661.68416577916,36522.635781471305,36383.95236926814,36245.63442980354,36107.68243367335,35970.09684146073,35832.87809372348,35696.026621006735,35559.54283383026,35423.42714271384,35287.67991812653,35152.3015305374,35017.29234040285,34882.652668128525,34748.38285414549,34614.48320884674,34480.954002574545,34347.79553570924,34215.00807859312,34082.59186151776,33950.5471348001,33818.874118719046,33687.573023540805,33556.64403950627,33426.0873568563,33295.90314580641,33166.091556546766,33036.65271924218,32907.58679409548,32778.89386120809,32650.57405074482,32522.62744280708,32395.05410748363,32267.854114863185,32141.027525021833,32014.574367997597,31888.49468384119,31762.788472552602,31637.45574414452,31512.49648860427,31387.910695919163,31263.69831602582,31139.85932889889,31016.39365443694,30893.301242576592,30770.582013216423,30648.235876242343,30526.26272151489,30404.66245891998,30283.43494828012,30162.58006944318,30042.097672219003,29921.987606417428,29802.249701822933,29682.883788220006,29563.889685380458,29445.26719305073,29327.016110977285,29209.136208868535,29091.627286470935,28974.48909346755,28857.721389554117,28741.3239244137,28625.296427704012,28509.63863909544,28394.350268220347,28279.43102471107,28164.880608187297,28050.69870825603
103,43921.57,57831.33,44635.19,48745.52,37617.55,33333.33,36455.7,35324.68,41379.31,45823.39,42494.23,38177.87,54332.55,47619.05,37530.86,46704.33,33507.85,45176.47,33333.33,35589.94,39751.55,41860.47,39136.69,49612.4,41087.61,39101.72,32793.96,43349.75,44180.12,33988.99,41413.31,40615.38,34982.08,35071.09,46153.85,42982.46,36403.03,42594.39,46307.74,46903.4,47050.91,47002.98,47058.5,47105.67,47032.43,47040.83,47089.86,47031.37,46896.22,46830.88,46801.56,46724.25,46591.25,46497.96,46372.38,46250.56,46112.24,46007.65,45918.37,45765.52,45708.32,45623.76,45470.96,45316.28,45197.01,45085.62,44936.36,44765.21,44615.75,44496.05,44383.7,44258.65,44132.19,43982.73,43828.8,43714.23,43583.09,43442.36,43298.08,43155.7,43023.86,42890.75,42751.79,42610.52,42479.16,42350.19,42214.15,42081.53,41948.4663119955,41815.65831639386,41683.106774065185,41550.81247591394,41418.77617279878,41286.99860556693,41155.48051506558,41024.22262211906,40893.22563754023,40762.490262130515,40632.017186679885,40501.80708195539,40371.86061872413,40242.178447730264,40112.76120970651,39983.60955539705,39854.724085488815,39726.10542069163,39597.754151680965,39469.67087914376,39341.856173732594,39214.31060610006,39087.03473688728,38960.029096701044,38833.29422615959,38706.8306558697,38580.63890642672,38454.7194583802,38329.072832325444,38203.69948878914,38078.599918332264,37953.774571470014,37829.22389871758,37704.94836060161,37580.94836759151,37457.22436019102,37333.776738858105,37210.605914062166,37087.712276249695,36965.096205855756,36842.7580833154,36720.69825902934,36598.91711343262,36477.414966891614,36356.19215979559,36235.249032533786,36114.585895461125,35994.20304892108,35874.1007932571,35754.27942881266,35634.73922589688,35515.480464830325,35396.503405910655,35277.80828941265,35159.395375633976,35041.26489483797,34923.41708729938,34805.8521532472,34688.57030292185,34571.5717565752,34454.85669441333,34338.42530665377,34222.27776349115,34106.41423512011,33990.83489173526,33875.53986348544,33760.52932056529,33645.803383112194,33531.36218127497,33417.20583519103,33303.33445498629,33189.7481507867,33076.44701269529,32963.43114082655,32850.70059524918,32738.25546606621,32626.095813346343,32514.221697158257,32402.63316755921,32291.33027460644,32180.31303832285,32069.58149875423
104,44094.49,59016.39,24489.8,21238.94,38888.89,34042.55,49805.45,45901.64,29767.44,37914.69,44651.16,35059.76,37209.3,48241.21,71748.88,51612.9,57358.49,33644.86,36199.1,44444.44,44837.76,40000.0,51351.35,34316.35,40970.35,43298.97,36820.08,50000.0,40727.27,35351.88,41643.84,44993.14,50000.0,44552.06,44051.13,48484.85,41505.6,46886.45,49517.07,50098.66,50181.29,50067.07,50124.97,50230.96,50083.89,49870.68,49883.63,49787.67,49693.33,49844.43,49876.2,49757.66,49583.05,49473.97,49499.42,49391.5,49226.49,49111.02,49025.87,48926.42,48861.06,48762.97,48661.21,48544.49,48328.16,48186.97,48075.75,47924.3,47766.15,47673.63,47618.36,47562.12,47422.6,47259.18,47172.97,47049.11,46908.09,46820.99,46681.74,46558.39,46451.73,46302.78,46182.67,46069.0,45971.39,45844.87,45706.63,45581.04,45461.666025028564,45342.46171838074,45223.42776057121,45104.56485212981,44985.873663563645,44867.35487538743,44749.009158108245,44630.8371622181,44512.83953820896,44395.01694658037,44277.37001780919,44159.899382372256,44042.60566073883,43925.48949339335,43808.551460774775,43691.79220336755,43575.21229160308,43458.81232593553,43342.59288680387,43226.554564654674,43110.697919911814,42995.02352300671,42879.53193436321,42764.22369439006,42649.0993635111,42534.159462119926,42419.40454063283,42304.835109435815,42190.45169893005,42076.254819501526,41962.24497152872,41848.422655390066,41734.788371464,41621.34260011384,41508.085831710465,41395.01852660205,41282.14116515189,41169.45420770816,41056.9580946039,40944.65329619484,40832.540242806455,40720.61938477934,40608.891132423814,40497.35592607292,40386.014186044566,40274.86631264148,40163.912726181574,40053.1538269676,39942.589995287184,39832.22163144308,39722.0491157229,39612.07282841426,39502.29313979723,39392.71041014428,39283.32500973546,39174.13727882812,39065.14756768716,38956.356236585074,38847.76359575649,38739.369995466324,38631.175755956785,38523.181197470076,38415.38663024083,38307.79237451125,38200.39871049328,38093.20595842911,37986.21439853068,37879.42432101749,37772.83600610147,37666.44972398697,37560.2657648935,37454.28436900271,37348.505806518966,37242.93033763905,37137.55820254462,37032.389651424906,36927.42491445398,36822.66424182108,36718.10784368515,36613.75595022028,36509.608781592964,36405.666557969744
105,29629.63,63492.06,64516.13,62500.0,43243.24,28915.66,30476.19,43750.0,41791.04,37500.0,27826.09,39024.39,57142.86,41290.32,53333.33,93333.33,31683.17,33613.45,71641.79,52631.58,45283.02,56140.35,51282.05,54961.83,53588.52,48241.21,53333.33,47808.76,51219.51,31007.75,34316.35,48484.85,52705.88,38297.87,41314.55,45454.55,46963.56,39926.06,53003.03,53022.44,53483.85,53878.51,53822.28,53823.26,53452.72,52710.92,52453.19,52485.43,52689.69,53065.33,52840.52,52367.93,52206.62,52404.43,52685.86,52726.11,52429.92,52079.25,52017.06,52127.86,51955.75,51687.48,51783.94,51738.09,51393.82,51168.42,51114.99,51133.94,50977.62,50833.76,50836.21,50787.82,50666.93,50531.69,50435.16,50346.99,50267.08,50163.31,50014.34,49902.82,49856.6,49798.18,49680.44,49583.81,49512.19,49382.93,49248.24,49138.85,49035.54974179516,48932.35081387218,48829.25372658501,48726.25902030846,48623.36720539652,48520.57879220315,48417.894301089276,48315.31423240193,48212.83910650204,48110.46940372275,48008.205634418046,47906.04828892801,47803.99785759276,47702.05483075238,47600.21968874001,47498.49291188883,47396.87498053198,47295.36635498875,47193.96750558533,47092.67891265489,46991.501026509766,46890.43430746922,46789.4792058456,46688.63619196511,46587.90568611926,46487.288148627325,46386.784019794686,46286.39373992676,46186.11773932199,46085.95643827188,45985.91027708182,45885.97967604333,45786.16505544792,45686.466825580144,45586.88540673153,45487.42120918665,45388.07464323006,45288.84609913246,45189.735987178414,45090.744697638605,44991.87262078374,44893.12015689143,44794.487686225424,44695.97558904948,44597.58425563428,44499.31404622971,44401.16534109947,44303.138510500416,44205.23392468933,44107.45193390915,44009.79291842361,43912.257208461764,43814.84517428042,43717.557166122504,43620.39352422398,43523.3545988278,43426.44072016301,43329.652228465566,43232.98946397148,43136.45274690285,43040.042407488705,42943.7587759581,42847.60217253315,42751.572907429,42655.671300867754,42559.89766306459,42464.25230423466,42368.73552458618,42273.34762432738,42178.08890366649,42082.95967281866,41987.960201971284,41893.09080133954,41798.351741110826,41703.74331148642,41609.265792660655,41514.919454820934,41420.70458816855,41326.62145288394,41232.67031915453,41138.8514571677,41045.165117096985
106,64000.0,48484.85,34782.61,36363.64,27586.21,33333.33,43636.36,61538.46,56338.03,56338.03,32000.0,40000.0,40404.04,14545.45,62337.66,94117.65,40000.0,39344.26,67796.61,46153.85,40677.97,65753.42,28915.66,21052.63,32653.06,34188.03,52892.56,61538.46,9090.91,40251.57,36363.64,18691.59,27317.07,52525.25,27184.47,27234.04,22299.65,28070.18,56277.65,57031.79,57552.62,58709.57,59243.54,58980.53,57899.06,56909.48,55949.64,55519.81,55355.65,55460.38,55416.08,55131.07,55395.25,55530.15,55360.85,55718.43,55522.44,54975.53,55005.72,54982.36,54835.88,54593.46,54640.13,54747.03,54548.72,54273.75,54072.19,53996.94,53923.89,53888.19,53973.91,54040.61,54049.03,53920.52,53848.4,53889.57,53847.4,53686.6,53505.3,53330.29,53301.31,53274.87,53069.81,52952.1,52936.71,52906.53,52774.09,52689.32,52604.24650830324,52519.22486192828,52434.255400975635,52349.3384455399,52264.474335721585,52179.663391615286,52094.90595332152,52010.20233093191,51925.55286454699,51840.957874261345,51756.41768016957,51671.93259236331,51587.50295094307,51503.12905599754,51418.81123762427,51334.54979591195,51250.34504095222,51166.19730284263,51082.106871668904,50998.0740775286,50914.099200504505,50830.18257069415,50746.32447818328,50662.52522306056,50578.7851054147,50495.10443533733,50411.483502914176,50327.92260823392,50244.422041382306,50160.98209244505,50077.60306151084,49994.28522866244,49911.02889398854,49827.834337571934,49744.70183949536,49661.63169984753,49578.62418870825,49495.67958616029,49412.79817228642,49329.98022716942,49247.226040895024,49164.535863537116,49081.909985181446,48999.34866590487,48916.8521957931,48834.42082492007,48752.054823365565,48669.75447121238,48587.5200185344,48505.35173541146,48423.24987191746,48341.214708135165,48259.246484135525,48177.34546999836,48095.51191579757,48013.74608161003,47932.04820750666,47850.41855356435,47768.85736985698,47687.36490645847,47605.94140343976,47524.58711087476,47443.30226883441,47362.08712739263,47280.94192662034,47199.866896585554,47118.86228736218,47037.92832901819,46957.065251621585,46876.27330524628,46795.552709957294,46714.903695822635,46634.32650291322,46553.82135129413,46473.38847103332,46393.028082195844,46312.74041484969,46232.52568905989,46152.384114888526,46072.31593240654,45992.32135167602,45912.400592762
107,53333.33,40000.0,42105.26,100000.0,0.0,36363.64,0.0,0.0,33333.33,77419.35,47058.82,67796.61,77419.35,24242.42,55172.41,60000.0,100000.0,0.0,0.0,34782.61,64864.86,28571.43,0.0,29090.91,24242.42,60000.0,26229.51,55172.41,46153.85,33802.82,25000.0,34482.76,40000.0,45070.42,36036.04,34532.37,39506.17,22346.37,59395.11,59263.62,57767.9,58471.36,60779.55,60977.97,58849.21,59754.46,60139.08,60622.71,61507.94,60369.74,59541.75,60189.75,61573.3,61031.02,60232.41,60211.77,59899.27,59791.67,59289.19,58327.48,57569.65,58023.3,58013.89,57394.07,57148.47,56807.04,57033.11,57376.74,57591.3,57774.23,57253.94,57209.81,57452.98,57210.99,57010.83,57047.92,57004.79,56711.9,56750.45,56899.33,56828.9,56669.64,56574.84,56273.17,56219.34,56401.72,56231.65,56103.27,56038.263960189965,55973.27846820384,55908.31369369341,55843.36980631046,55778.44697570675,55713.54537153406,55648.66514348514,55583.806471191274,55518.96951432472,55454.154432557756,55389.36139554214,55324.59056295013,55259.84209445399,55195.116149726004,55130.41290839742,55065.732510181486,55001.07512472999,54936.44091171518,54871.83003080932,54807.24263170514,54742.67889403394,54678.138957508956,54613.62299178196,54549.131136566175,54484.66357149289,54420.22043627534,54355.80189058578,54291.408094096485,54227.03918652065,54162.69534748959,54098.37670673701,54034.08343391469,53969.81567871537,53905.57358085229,53841.3573099772,53777.16700580334,53713.00281802346,53648.86490630982,53584.75341037563,53520.66848989317,53456.610284575654,53392.578954095356,53328.57463816549,53264.59747649928,53200.647628768995,53136.725244667374,53072.83045392813,53008.96341622352,52945.12427126679,52881.313168750654,52817.53024838835,52753.77564989311,52690.04951297816,52626.35199731576,52562.68323263962,52499.043358662966,52435.43252507854,52371.85087159958,52308.29852795978,52244.775653831406,52181.28236896866,52117.81881308476,52054.38513587246,51990.98146706547,51927.607956356514,51864.26472349981,51800.95191818808,51737.66966017554,51674.41809915493,51611.19737483946,51548.007606983345,51484.84893529981,51421.72148952254,51358.625409364795,51295.56082456026,51232.5278748222,51169.52666992525,51106.55736954169,51043.62008344621,50980.71495135201,50917.8420930133,50855.001648143305
108,0.0,0.0,61538.46,100000.0,50000.0,0.0,57142.86,40000.0,72727.27,61538.46,0.0,0.0,76190.48,100000.0,44444.44,66666.67,47058.82,0.0,53333.33,55172.41,0.0,57142.86,42105.26,0.0,94117.65,55172.41,0.0,0.0,53333.33,44444.44,93023.26,49230.77,23188.41,40404.04,29268.29,38554.22,22857.14,24242.42,61009.62,59898.5,61527.78,65277.78,67013.89,65327.38,61904.76,63244.05,64342.95,63717.95,63333.33,62291.67,62916.67,65134.8,66176.47,65789.47,62991.85,60297.62,61296.0,62784.09,63301.28,64366.1,62879.08,62553.51,63361.8,62027.31,61795.11,62702.85,62619.92,62114.85,62338.06,63385.9,62530.48,60653.59,60318.86,59942.98,59472.7,59140.25,59286.45,59075.72,59068.55,59849.74,59554.78,59621.61,60217.0,59621.43,59467.42,59585.74,59522.51,59622.67,59578.75524850176,59534.84536033906,59490.94038544348,59447.0403837329,59403.14541512521,59359.255529552,59315.37078693115,59271.49123719424,59227.61695024548,59183.74797601644,59139.884374425026,59096.026195402796,59052.17348888134,59008.32632476486,58964.48475298492,58920.648823473115,58876.818606133646,58832.994140911775,58789.175487725384,58745.36271647869,58701.55585713064,58657.754989571746,58613.960153747284,58570.17140957512,58526.38880698686,58482.61240590039,58438.84225624728,58395.078417945406,58351.32095091268,58307.56989509436,58263.825320394644,58220.087266758805,58176.35579410474,58132.63096235031,58088.91282142713,58045.201411280425,58001.496811800745,57957.79906293334,57914.10821460979,57870.424326747976,57826.74744927949,57783.07764212221,57739.414945221404,57695.75942848127,57652.11113184709,57608.470115236734,57564.83642858179,57521.21012181383,57477.591264837065,57433.979887610425,57390.37605005183,57346.77981207914,57303.19121363765,57259.61032463154,57216.03717501977,57172.47183470653,57128.91435362341,57085.36477171568,57041.82314890121,56998.28954509791,56954.76400025103,56911.24656429215,56867.73729713916,56824.23623873732,56780.743458990844,56737.25899784499,56693.782905231325,56650.31523108145,56606.8560253269,56563.405347885615,56519.96323870281,56476.529757696415,56433.104954797986,56389.68886995278,56346.28156307871,56302.883084107336,56259.49348297023,56216.11279961267,56172.74109395253,56129.3784159214,56086.024815450844,56042.68034247245
109,0.0,0.0,0.0,0.0,50000.0,0.0,0.0,61538.46,100000.0,100000.0,50000.0,100000.0,0.0,72727.27,0.0,100000.0,66666.67,80000.0,0.0,61538.46,44444.44,100000.0,0.0,0.0,40000.0,0.0,44444.44,0.0,37209.3,0.0,0.0,0.0,0.0,41379.31,26229.51,28070.18,28070.18,22535.21,63660.71,66041.67,62916.67,75000.0,87500.0,85416.67,83333.33,83333.33,83333.33,81666.67,67500.0,55000.0,56666.67,58333.33,58333.33,58333.33,55952.38,57738.1,63244.05,64583.33,65625.0,67500.0,66742.42,67992.42,70833.33,70238.1,66488.1,63854.17,63363.97,64019.61,65686.27,66615.07,66347.69,63585.37,63894.23,65563.19,63719.24,62572.2,63475.98,64666.45,64520.25,63849.53,63598.9,64750.23,66275.21,64935.34,64713.62,63923.9,63124.31,63408.42,63386.232574976486,63364.04521024686,63341.85788571319,63319.67064157139,63297.48345772351,63275.296364316484,63253.10935130134,63230.92243877605,63208.735636789585,63186.54893529298,63164.36236443316,63142.17591416118,63119.98960457497,63097.803435674556,63075.61741750892,63053.43156012703,63031.24587357789,63009.06035786149,62986.87502302683,62964.689889171845,62942.504946247594,62920.32021435202,62898.13569348512,62875.951403744875,62853.7673350823,62831.583507595366,62809.39993133305,62787.21660629535,62765.033542531266,62742.85075008976,62720.66822897086,62698.48599927251,62676.30406099474,62654.1224241865,62631.941098896794,62609.76008512562,62587.579402970936,62565.39904238378,62543.21903351109,62521.03936630389,62498.86005081116,62476.68110713088,62454.50252521404,62432.32432515863,62410.14651701363,62387.969100779046,62365.79208650385,62343.61547418805,62321.43928392961,62299.26352577753,62277.08819973179,62254.913305792405,62232.73886405733,62210.56488457557,62188.39135729812,62166.21831237196,62144.04573974808,62121.87365952445,62099.70207170108,62077.53098632697,62055.3604034021,62033.190343024435,62011.02081524296,61988.85181000872,61966.68334741964,61944.51543752475,61922.348080324016,61900.18129591542,61878.015074249975,61855.84942537668,61833.68436939348,61811.51990630039,61789.35604614639,61767.192798980475,61745.03016480263,61722.86815366185,61700.70677560712,61678.546030638434,61656.38593885377,61634.22650025311,61612.06772488546,61589.909622799794
110,100000.0,0.0,100000.0,100000.0,50000.0,50000.0,0.0,0.0,0.0,72727.27,50000.0,50000.0,0.0,72727.27,100000.0,50000.0,0.0,0.0,50000.0,0.0,0.0,0.0,0.0,0.0,44444.44,0.0,44444.44,0.0,51612.9,48484.85,36363.64,0.0,68571.43,17777.78,13793.1,36781.61,34408.6,10389.61,68452.38,77083.33,79166.67,87500.0,100000.0,100000.0,100000.0,100000.0,100000.0,100000.0,87500.0,75000.0,75000.0,75000.0,75000.0,75000.0,75000.0,79166.67,83333.33,83333.33,83333.33,83333.33,83333.33,85416.67,87500.0,87500.0,83750.0,67500.0,55000.0,56666.67,58333.33,58333.33,58333.33,57291.67,62291.67,68333.33,66742.42,67992.42,67083.33,64523.81,68273.81,67083.33,63333.33,64313.73,65294.12,64313.73,65833.33,66742.42,67992.42,70166.67,70166.67,70166.67,70166.67,70166.67,70166.67,70166.67,70166.67,70166.67,70166.67,70166.67,70166.67,70166.67,70166.67,70166.67,70166.67,70166.67,70166.67,70166.67,70166.67,70166.67,70166.67,70166.67,70166.67,70166.67,70166.67,70166.67,70166.67,70166.67,70166.67,70166.67,70166.67,70166.67,70166.67,70166.67,70166.67,70166.67,70166.67,70166.67,70166.67,70166.67,70166.67,70166.67,70166.67,70166.67,70166.67,70166.67,70166.67,70166.67,70166.67,70166.67,70166.67,70166.67,70166.67,70166.67,70166.67,70166.67,70166.67,70166.67,70166.67,70166.67,70166.67,70166.67,70166.67,70166.67,70166.67,70166.67,70166.67,70166.67,70166.67,70166.67,70166.67,70166.67,70166.67,70166.67,70166.67,70166.67,70166.67,70166.67,70166.67,70166.67,70166.67,70166.67
111,100000.0,100000.0,100000.0,100000.0,100000.0,100000.0,100000.0,100000.0,100000.0,100000.0,100000.0,100000.0,100000.0,100000.0,100000.0,100000.0,100000.0,100000.0,100000.0,100000.0,100000.0,100000.0,100000.0,100000.0,100000.0,100000.0,100000.0,100000.0,100000.0,100000.0,100000.0,100000.0,100000.0,100000.0,100000.0,100000.0,100000.0,100000.0,72916.67,91666.67,100000.0,100000.0,100000.0,100000.0,100000.0,100000.0,100000.0,100000.0,100000.0,100000.0,100000.0,100000.0,100000.0,100000.0,100000.0,100000.0,100000.0,100000.0,100000.0,100000.0,100000.0,100000.0,100000.0,100000.0,100000.0,87500.0,75000.0,75000.0,75000.0,75000.0,75000.0,75000.0,79166.67,83333.33,83333.33,85416.67,83750.0,67500.0,58750.0,71250.0,67500.0,55000.0,55000.0,55000.0,56666.67,58333.33,60416.67,62500.0,62500.0,62500.0,62500.0,62500.0,62500.0,62500.0,62500.0,62500.0,62500.0,62500.0,62500.0,62500.0,62500.0,62500.0,62500.0,62500.0,62500.0,62500.0,62500.0,62500.0,62500.0,62500.0,62500.0,62500.0,62500.0,62500.0,62500.0,62500.0,62500.0,62500.0,62500.0,62500.0,62500.0,62500.0,62500.0,62500.0,62500.0,62500.0,62500.0,62500.0,62500.0,62500.0,62500.0,62500.0,62500.0,62500.0,62500.0,62500.0,62500.0,62500.0,62500.0,62500.0,62500.0,62500.0,62500.0,62500.0,62500.0,62500.0,62500.0,62500.0,62500.0,62500.0,62500.0,62500.0,62500.0,62500.0,62500.0,62500.0,62500.0,62500.0,62500.0,62500.0,62500.0,62500.0,62500.0,62500.0,62500.0,62500.0,62500.0,62500.0,62500.0,62500.0
112,100000.0,100000.0,100000.0,100000.0,100000.0,100000.0,100000.0,100000.0,100000.0,100000.0,100000.0,100000.0,100000.0,100000.0,100000.0,100000.0,100000.0,100000.0,100000.0,100000.0,100000.0,100000.0,100000.0,100000.0,100000.0,100000.0,100000.0,100000.0,100000.0,100000.0,100000.0,100000.0,100000.0,100000.0,100000.0,100000.0,100000.0,100000.0,75000.0,100000.0,100000.0,100000.0,100000.0,100000.0,100000.0,100000.0,100000.0,100000.0,100000.0,100000.0,100000.0,100000.0,100000.0,100000.0,100000.0,100000.0,100000.0,100000.0,100000.0,100000.0,100000.0,100000.0,100000.0,100000.0,100000.0,100000.0,100000.0,100000.0,100000.0,100000.0,100000.0,100000.0,100000.0,100000.0,100000.0,100000.0,100000.0,87500.0,75000.0,87500.0,87500.0,75000.0,75000.0,75000.0,75000.0,75000.0,75000.0,75000.0,75000.0,75000.0,75000.0,75000.0,75000.0,75000.0,75000.0,75000.0,75000.0,75000.0,75000.0,75000.0,75000.0,75000.0,75000.0,75000.0,75000.0,75000.0,75000.0,75000.0,75000.0,75000.0,75000.0,75000.0,75000.0,75000.0,75000.0,75000.0,75000.0,75000.0,75000.0,75000.0,75000.0,75000.0,75000.0,75000.0,75000.0,75000.0,75000.0,75000.0,75000.0,75000.0,75000.0,75000.0,75000.0,75000.0,75000.0,75000.0,75000.0,75000.0,75000.0,75000.0,75000.0,75000.0,75000.0,75000.0,75000.0,75000.0,75000.0,75000.0,75000.0,75000.0,75000.0,75000.0,75000.0,75000.0,75000.0,75000.0,75000.0,75000.0,75000.0,75000.0,75000.0,75000.0,75000.0,75000.0,75000.0,75000.0,75000.0,75000.0,75000.0,75000.0
113,100000.0,100000.0,100000.0,100000.0,100000.0,100000.0,100000.0,100000.0,100000.0,100000.0,100000.0,100000.0,100000.0,100000.0,100000.0,100000.0,100000.0,100000.0,100000.0,100000.0,100000.0,100000.0,100000.0,100000.0,100000.0,100000.0,100000.0,100000.0,100000.0,100000.0,100000.0,100000.0,100000.0,100000.0,100000.0,100000.0,100000.0,100000.0,75000.0,100000.0,100000.0,100000.0,100000.0,100000.0,100000.0,100000.0,100000.0,100000.0,100000.0,100000.0,100000.0,100000.0,100000.0,100000.0,100000.0,100000.0,100000.0,100000.0,100000.0,100000.0,100000.0,100000.0,100000.0,100000.0,100000.0,100000.0,100000.0,100000.0,100000.0,100000.0,100000.0,100000.0,100000.0,100000.0,100000.0,100000.0,100000.0,100000.0,100000.0,100000.0,100000.0,100000.0,100000.0,100000.0,100000.0,100000.0,100000.0,100000.0,100000.0,100000.0,100000.0,100000.0,100000.0,100000.0,100000.0,100000.0,100000.0,100000.0,100000.0,100000.0,100000.0,100000.0,100000.0,100000.0,100000.0,100000.0,100000.0,100000.0,100000.0,100000.0,100000.0,100000.0,100000.0,100000.0,100000.0,100000.0,100000.0,100000.0,100000.0,100000.0,100000.0,100000.0,100000.0,100000.0,100000.0,100000.0,100000.0,100000.0,100000.0,100000.0,100000.0,100000.0,100000.0,100000.0,100000.0,100000.0,100000.0,100000.0,100000.0,100000.0,100000.0,100000.0,100000.0,100000.0,100000.0,100000.0,100000.0,100000.0,100000.0,100000.0,100000.0,100000.0,100000.0,100000.0,100000.0,100000.0,100000.0,100000.0,100000.0,100000.0,100000.0,100000.0,100000.0,100000.0,100000.0,100000.0,100000.0,100000.0,100000.0,100000.0
114,100000.0,100000.0,100000.0,100000.0,100000.0,100000.0,100000.0,100000.0,100000.0,100000.0,100000.0,100000.0,100000.0,100000.0,100000.0,100000.0,100000.0,100000.0,100000.0,100000.0,100000.0,100000.0,100000.0,100000.0,100000.0,100000.0,100000.0,100000.0,100000.0,100000.0,100000.0,100000.0,100000.0,100000.0,100000.0,100000.0,100000.0,100000.0,87500.0,100000.0,100000.0,100000.0,100000.0,100000.0,100000.0,100000.0,100000.0,100000.0,100000.0,100000.0,100000.0,100000.0,100000.0,100000.0,100000.0,100000.0,100000.0,100000.0,100000.0,100000.0,100000.0,100000.0,100000.0,100000.0,100000.0,100000.0,100000.0,100000.0,100000.0,100000.0,100000.0,100000.0,100000.0,100000.0,100000.0,100000.0,100000.0,100000.0,100000.0,100000.0,100000.0,100000.0,100000.0,100000.0,100000.0,100000.0,100000.0,100000.0,100000.0,100000.0,100000.0,100000.0,100000.0,100000.0,100000.0,100000.0,100000.0,100000.0,100000.0,100000.0,100000.0,100000.0,100000.0,100000.0,100000.0,100000.0,100000.0,100000.0,100000.0,100000.0,100000.0,100000.0,100000.0,100000.0,100000.0,100000.0,100000.0,100000.0,100000.0,100000.0,100000.0,100000.0,100000.0,100000.0,100000.0,100000.0,100000.0,100000.0,100000.0,100000.0,100000.0,100000.0,100000.0,100000.0,100000.0,100000.0,100000.0,100000.0,100000.0,100000.0,100000.0,100000.0,100000.0,100000.0,100000.0,100000.0,100000.0,100000.0,100000.0,100000.0,100000.0,100000.0,100000.0,100000.0,100000.0,100000.0,100000.0,100000.0,100000.0,100000.0,100000.0,100000.0,100000.0,100000.0,100000.0,100000.0,100000.0,100000.0,100000.0,100000.0
115,100000.0,100000.0,100000.0,100000.0,100000.0,100000.0,100000.0,100000.0,100000.0,100000.0,100000.0,100000.0,100000.0,100000.0,100000.0,100000.0,100000.0,100000.0,100000.0,100000.0,100000.0,100000.0,100000.0,100000.0,100000.0,100000.0,100000.0,100000.0,100000.0,100000.0,100000.0,100000.0,100000.0,100000.0,100000.0,100000.0,100000.0,100000.0,100000.0,100000.0,100000.0,100000.0,100000.0,100000.0,100000.0,100000.0,100000.0,100000.0,100000.0,100000.0,100000.0,100000.0,100000.0,100000.0,100000.0,100000.0,100000.0,100000.0,100000.0,100000.0,100000.0,100000.0,100000.0,100000.0,100000.0,100000.0,100000.0,100000.0,100000.0,100000.0,100000.0,100000.0,100000.0,100000.0,100000.0,100000.0,100000.0,100000.0,100000.0,100000.0,100000.0,100000.0,100000.0,100000.0,100000.0,100000.0,100000.0,100000.0,100000.0,100000.0,100000.0,100000.0,100000.0,100000.0,100000.0,100000.0,100000.0,100000.0,100000.0,100000.0,100000.0,100000.0,100000.0,100000.0,100000.0,100000.0,100000.0,100000.0,100000.0,100000.0,100000.0,100000.0,100000.0,100000.0,100000.0,100000.0,100000.0,100000.0,100000.0,100000.0,100000.0,100000.0,100000.0,100000.0,100000.0,100000.0,100000.0,100000.0,100000.0,100000.0,100000.0,100000.0,100000.0,100000.0,100000.0,100000.0,100000.0,100000.0,100000.0,100000.0,100000.0,100000.0,100000.0,100000.0,100000.0,100000.0,100000.0,100000.0,100000.0,100000.0,100000.0,100000.0,100000.0,100000.0,100000.0,100000.0,100000.0,100000.0,100000.0,100000.0,100000.0,100000.0,100000.0,100000.0,100000.0,100000.0,100000.0,100000.0,100000.0,100000.0
116,100000.0,100000.0,100000.0,100000.0,100000.0,100000.0,100000.0,100000.0,100000.0,100000.0,100000.0,100000.0,100000.0,100000.0,100000.0,100000.0,100000.0,100000.0,100000.0,100000.0,100000.0,100000.0,100000.0,100000.0,100000.0,100000.0,100000.0,100000.0,100000.0,100000.0,100000.0,100000.0,100000.0,100000.0,100000.0,100000.0,100000.0,100000.0,100000.0,100000.0,100000.0,100000.0,100000.0,100000.0,100000.0,100000.0,100000.0,100000.0,100000.0,100000.0,100000.0,100000.0,100000.0,100000.0,100000.0,100000.0,100000.0,100000.0,100000.0,100000.0,100000.0,100000.0,100000.0,100000.0,100000.0,100000.0,100000.0,100000.0,100000.0,100000.0,100000.0,100000.0,100000.0,100000.0,100000.0,100000.0,100000.0,100000.0,100000.0,100000.0,100000.0,100000.0,100000.0,100000.0,100000.0,100000.0,100000.0,100000.0,100000.0,100000.0,100000.0,100000.0,100000.0,100000.0,100000.0,100000.0,100000.0,100000.0,100000.0,100000.0,100000.0,100000.0,100000.0,100000.0,100000.0,100000.0,100000.0,100000.0,100000.0,100000.0,100000.0,100000.0,100000.0,100000.0,100000.0,100000.0,100000.0,100000.0,100000.0,100000.0,100000.0,100000.0,100000.0,100000.0,100000.0,100000.0,100000.0,100000.0,100000.0,100000.0,100000.0,100000.0,100000.0,100000.0,100000.0,100000.0,100000.0,100000.0,100000.0,100000.0,100000.0,100000.0,100000.0,100000.0,100000.0,100000.0,100000.0,100000.0,100000.0,100000.0,100000.0,100000.0,100000.0,100000.0,100000.0,100000.0,100000.0,100000.0,100000.0,100000.0,100000.0,100000.0,100000.0,100000.0,100000.0,100000.0,100000.0,100000.0,100000.0,100000.0
117,100000.0,100000.0,100000.0,100000.0,100000.0,100000.0,100000.0,100000.0,100000.0,100000.0,100000.0,100000.0,100000.0,100000.0,100000.0,100000.0,100000.0,100000.0,100000.0,100000.0,100000.0,100000.0,100000.0,100000.0,100000.0,100000.0,100000.0,100000.0,100000.0,100000.0,100000.0,100000.0,100000.0,100000.0,100000.0,100000.0,100000.0,100000.0,100000.0,100000.0,100000.0,100000.0,100000.0,100000.0,100000.0,100000.0,100000.0,100000.0,100000.0,100000.0,100000.0,100000.0,100000.0,100000.0,100000.0,100000.0,100000.0,100000.0,100000.0,100000.0,100000.0,100000.0,100000.0,100000.0,100000.0,100000.0,100000.0,100000.0,100000.0,100000.0,100000.0,100000.0,100000.0,100000.0,100000.0,100000.0,100000.0,100000.0,100000.0,100000.0,100000.0,100000.0,100000.0,100000.0,100000.0,100000.0,100000.0,100000.0,100000.0,100000.0,100000.0,100000.0,100000.0,100000.0,100000.0,100000.0,100000.0,100000.0,100000.0,100000.0,100000.0,100000.0,100000.0,100000.0,100000.0,100000.0,100000.0,100000.0,100000.0,100000.0,100000.0,100000.0,100000.0,100000.0,100000.0,100000.0,100000.0,100000.0,100000.0,100000.0,100000.0,100000.0,100000.0,100000.0,100000.0,100000.0,100000.0,100000.0,100000.0,100000.0,100000.0,100000.0,100000.0,100000.0,100000.0,100000.0,100000.0,100000.0,100000.0,100000.0,100000.0,100000.0,100000.0,100000.0,100000.0,100000.0,100000.0,100000.0,100000.0,100000.0,100000.0,100000.0,100000.0,100000.0,100000.0,100000.0,100000.0,100000.0,100000.0,100000.0,100000.0,100000.0,100000.0,100000.0,100000.0,100000.0,100000.0,100000.0,100000.0,100000.0
118,100000.0,100000.0,100000.0,100000.0,100000.0,100000.0,100000.0,100000.0,100000.0,100000.0,100000.0,100000.0,100000.0,100000.0,100000.0,100000.0,100000.0,100000.0,100000.0,100000.0,100000.0,100000.0,100000.0,100000.0,100000.0,100000.0,100000.0,100000.0,100000.0,100000.0,100000.0,100000.0,100000.0,100000.0,100000.0,100000.0,100000.0,100000.0,100000.0,100000.0,100000.0,100000.0,100000.0,100000.0,100000.0,100000.0,100000.0,100000.0,100000.0,100000.0,100000.0,100000.0,100000.0,100000.0,100000.0,100000.0,100000.0,100000.0,100000.0,100000.0,100000.0,100000.0,100000.0,100000.0,100000.0,100000.0,100000.0,100000.0,100000.0,100000.0,100000.0,100000.0,100000.0,100000.0,100000.0,100000.0,100000.0,100000.0,100000.0,100000.0,100000.0,100000.0,100000.0,100000.0,100000.0,100000.0,100000.0,100000.0,100000.0,100000.0,100000.0,100000.0,100000.0,100000.0,100000.0,100000.0,100000.0,100000.0,100000.0,100000.0,100000.0,100000.0,100000.0,100000.0,100000.0,100000.0,100000.0,100000.0,100000.0,100000.0,100000.0,100000.0,100000.0,100000.0,100000.0,100000.0,100000.0,100000.0,100000.0,100000.0,100000.0,100000.0,100000.0,100000.0,100000.0,100000.0,100000.0,100000.0,100000.0,100000.0,100000.0,100000.0,100000.0,100000.0,100000.0,100000.0,100000.0,100000.0,100000.0,100000.0,100000.0,100000.0,100000.0,100000.0,100000.0,100000.0,100000.0,100000.0,100000.0,100000.0,100000.0,100000.0,100000.0,100000.0,100000.0,100000.0,100000.0,100000.0,100000.0,100000.0,100000.0,100000.0,100000.0,100000.0,100000.0,100000.0,100000.0,100000.0,100000.0,100000.0
119,100000.0,100000.0,100000.0,100000.0,100000.0,100000.0,100000.0,100000.0,100000.0,100000.0,100000.0,100000.0,100000.0,100000.0,100000.0,100000.0,100000.0,100000.0,100000.0,100000.0,100000.0,100000.0,100000.0,100000.0,100000.0,100000.0,100000.0,100000.0,100000.0,100000.0,100000.0,100000.0,100000.0,100000.0,100000.0,100000.0,100000.0,100000.0,100000.0,100000.0,100000.0,100000.0,100000.0,100000.0,100000.0,100000.0,100000.0,100000.0,100000.0,100000.0,100000.0,100000.0,100000.0,100000.0,100000.0,100000.0,100000.0,100000.0,100000.0,100000.0,100000.0,100000.0,100000.0,100000.0,100000.0,100000.0,100000.0,100000.0,100000.0,100000.0,100000.0,100000.0,100000.0,100000.0,100000.0,100000.0,100000.0,100000.0,100000.0,100000.0,100000.0,100000.0,100000.0,100000.0,100000.0,100000.0,100000.0,100000.0,100000.0,100000.0,100000.0,100000.0,100000.0,100000.0,100000.0,100000.0,100000.0,100000.0,100000.0,100000.0,100000.0,100000.0,100000.0,100000.0,100000.0,100000.0,100000.0,100000.0,100000.0,100000.0,100000.0,100000.0,100000.0,100000.0,100000.0,100000.0,100000.0,100000.0,100000.0,100000.0,100000.0,100000.0,100000.0,100000.0,100000.0,100000.0,100000.0,100000.0,100000.0,100000.0,100000.0,100000.0,100000.0,100000.0,100000.0,100000.0,100000.0,100000.0,100000.0,100000.0,100000.0,100000.0,100000.0,100000.0,100000.0,100000.0,100000.0,100000.0,100000.0,100000.0,100000.0,100000.0,100000.0,100000.0,100000.0,100000.0,100000.0,100000.0,100000.0,100000.0,100000.0,100000.0,100000.0,100000.0,100000.0,100000.0,100000.0,100000.0,100000.0,100000.0
120,100000.0,100000.0,100000.0,100000.0,100000.0,100000.0,100000.0,100000.0,100000.0,100000.0,100000.0,100000.0,100000.0,100000.0,100000.0,100000.0,100000.0,100000.0,100000.0,100000.0,100000.0,100000.0,100000.0,100000.0,100000.0,100000.0,100000.0,100000.0,100000.0,100000.0,100000.0,100000.0,100000.0,100000.0,100000.0,100000.0,100000.0,100000.0,100000.0,100000.0,100000.0,100000.0,100000.0,100000.0,100000.0,100000.0,100000.0,100000.0,100000.0,100000.0,100000.0,100000.0,100000.0,100000.0,100000.0,100000.0,100000.0,100000.0,100000.0,100000.0,100000.0,100000.0,100000.0,100000.0,100000.0,100000.0,100000.0,100000.0,100000.0,100000.0,100000.0,100000.0,100000.0,100000.0,100000.0,100000.0,100000.0,100000.0,100000.0,100000.0,100000.0,100000.0,100000.0,100000.0,100000.0,100000.0,100000.0,100000.0,100000.0,100000.0,100000.0,100000.0,100000.0,100000.0,100000.0,100000.0,100000.0,100000.0,100000.0,100000.0,100000.0,100000.0,100000.0,100000.0,100000.0,100000.0,100000.0,100000.0,100000.0,100000.0,100000.0,100000.0,100000.0,100000.0,100000.0,100000.0,100000.0,100000.0,100000.0,100000.0,100000.0,100000.0,100000.0,100000.0,100000.0,100000.0,100000.0,100000.0,100000.0,100000.0,100000.0,100000.0,100000.0,100000.0,100000.0,100000.0,100000.0,100000.0,100000.0,100000.0,100000.0,100000.0,100000.0,100000.0,100000.0,100000.0,100000.0,100000.0,100000.0,100000.0,100000.0,100000.0,100000.0,100000.0,100000.0,100000.0,100000.0,100000.0,100000.0,100000.0,100000.0,100000.0,100000.0,100000.0,100000.0,100000.0,100000.0,100000.0,100000.0,100000.0
121,100000.0,100000.0,100000.0,100000.0,100000.0,100000.0,100000.0,100000.0,100000.0,100000.0,100000.0,100000.0,100000.0,100000.0,100000.0,100000.0,100000.0,100000.0,100000.0,100000.0,100000.0,100000.0,100000.0,100000.0,100000.0,100000.0,100000.0,100000.0,100000.0,100000.0,100000.0,100000.0,100000.0,100000.0,100000.0,100000.0,100000.0,100000.0,100000.0,100000.0,100000.0,100000.0,100000.0,100000.0,100000.0,100000.0,100000.0,100000.0,100000.0,100000.0,100000.0,100000.0,100000.0,100000.0,100000.0,100000.0,100000.0,100000.0,100000.0,100000.0,100000.0,100000.0,100000.0,100000.0,100000.0,100000.0,100000.0,100000.0,100000.0,100000.0,100000.0,100000.0,100000.0,100000.0,100000.0,100000.0,100000.0,100000.0,100000.0,100000.0,100000.0,100000.0,100000.0,100000.0,100000.0,100000.0,100000.0,100000.0,100000.0,100000.0,100000.0,100000.0,100000.0,100000.0,100000.0,100000.0,100000.0,100000.0,100000.0,100000.0,100000.0,100000.0,100000.0,100000.0,100000.0,100000.0,100000.0,100000.0,100000.0,100000.0,100000.0,100000.0,100000.0,100000.0,100000.0,100000.0,100000.0,100000.0,100000.0,100000.0,100000.0,100000.0,100000.0,100000.0,100000.0,100000.0,100000.0,100000.0,100000.0,100000.0,100000.0,100000.0,100000.0,100000.0,100000.0,100000.0,100000.0,100000.0,100000.0,100000.0,100000.0,100000.0,100000.0,100000.0,100000.0,100000.0,100000.0,100000.0,100000.0,100000.0,100000.0,100000.0,100000.0,100000.0,100000.0,100000.0,100000.0,100000.0,100000.0,100000.0,100000.0,100000.0,100000.0,100000.0,100000.0,100000.0,100000.0,100000.0,100000.0,100000.0
122,100000.0,100000.0,100000.0,100000.0,100000.0,100000.0,100000.0,100000.0,100000.0,100000.0,100000.0,100000.0,100000.0,100000.0,100000.0,100000.0,100000.0,100000.0,100000.0,100000.0,100000.0,100000.0,100000.0,100000.0,100000.0,100000.0,100000.0,100000.0,100000.0,100000.0,100000.0,100000.0,100000.0,100000.0,100000.0,100000.0,100000.0,100000.0,100000.0,100000.0,100000.0,100000.0,100000.0,100000.0,100000.0,100000.0,100000.0,100000.0,100000.0,100000.0,100000.0,100000.0,100000.0,100000.0,100000.0,100000.0,100000.0,100000.0,100000.0,100000.0,100000.0,100000.0,100000.0,100000.0,100000.0,100000.0,100000.0,100000.0,100000.0,100000.0,100000.0,100000.0,100000.0,100000.0,100000.0,100000.0,100000.0,100000.0,100000.0,100000.0,100000.0,100000.0,100000.0,100000.0,100000.0,100000.0,100000.0,100000.0,100000.0,100000.0,100000.0,100000.0,100000.0,100000.0,100000.0,100000.0,100000.0,100000.0,100000.0,100000.0,100000.0,100000.0,100000.0,100000.0,100000.0,100000.0,100000.0,100000.0,100000.0,100000.0,100000.0,100000.0,100000.0,100000.0,100000.0,100000.0,100000.0,100000.0,100000.0,100000.0,100000.0,100000.0,100000.0,100000.0,100000.0,100000.0,100000.0,100000.0,100000.0,100000.0,100000.0,100000.0,100000.0,100000.0,100000.0,100000.0,100000.0,100000.0,100000.0,100000.0,100000.0,100000.0,100000.0,100000.0,100000.0,100000.0,100000.0,100000.0,100000.0,100000.0,100000.0,100000.0,100000.0,100000.0,100000.0,100000.0,100000.0,100000.0,100000.0,100000.0,100000.0,100000.0,100000.0,100000.0,100000.0,100000.0,100000.0,100000.0,100000.0,100000.0
123,100000.0,100000.0,100000.0,100000.0,100000.0,100000.0,100000.0,100000.0,100000.0,100000.0,100000.0,100000.0,100000.0,100000.0,100000.0,100000.0,100000.0,100000.0,100000.0,100000.0,100000.0,100000.0,100000.0,100000.0,100000.0,100000.0,100000.0,100000.0,100000.0,100000.0,100000.0,100000.0,100000.0,100000.0,100000.0,100000.0,100000.0,100000.0,100000.0,100000.0,100000.0,100000.0,100000.0,100000.0,100000.0,100000.0,100000.0,100000.0,100000.0,100000.0,100000.0,100000.0,100000.0,100000.0,100000.0,100000.0,100000.0,100000.0,100000.0,100000.0,100000.0,100000.0,100000.0,100000.0,100000.0,100000.0,100000.0,100000.0,100000.0,100000.0,100000.0,100000.0,100000.0,100000.0,100000.0,100000.0,100000.0,100000.0,100000.0,100000.0,100000.0,100000.0,100000.0,100000.0,100000.0,100000.0,100000.0,100000.0,100000.0,100000.0,100000.0,100000.0,100000.0,100000.0,100000.0,100000.0,100000.0,100000.0,100000.0,100000.0,100000.0,100000.0,100000.0,100000.0,100000.0,100000.0,100000.0,100000.0,100000.0,100000.0,100000.0,100000.0,100000.0,100000.0,100000.0,100000.0,100000.0,100000.0,100000.0,100000.0,100000.0,100000.0,100000.0,100000.0,100000.0,100000.0,100000.0,100000.0,100000.0,100000.0,100000.0,100000.0,100000.0,100000.0,100000.0,100000.0,100000.0,100000.0,100000.0,100000.0,100000.0,100000.0,100000.0,100000.0,100000.0,100000.0,100000.0,100000.0,100000.0,100000.0,100000.0,100000.0,100000.0,100000.0,100000.0,100000.0,100000.0,100000.0,100000.0,100000.0,100000.0,100000.0,100000.0,100000.0,100000.0,100000.0,100000.0,100000.0,100000.0,100000.0
124,100000.0,100000.0,100000.0,100000.0,100000.0,100000.0,100000.0,100000.0,100000.0,100000.0,100000.0,100000.0,100000.0,100000.0,100000.0,100000.0,100000.0,100000.0,100000.0,100000.0,100000.0,100000.0,100000.0,100000.0,100000.0,100000.0,100000.0,100000.0,100000.0,100000.0,100000.0,100000.0,100000.0,100000.0,100000.0,100000.0,100000.0,100000.0,100000.0,100000.0,100000.0,100000.0,100000.0,100000.0,100000.0,100000.0,100000.0,100000.0,100000.0,100000.0,100000.0,100000.0,100000.0,100000.0,100000.0,100000.0,100000.0,100000.0,100000.0,100000.0,100000.0,100000.0,100000.0,100000.0,100000.0,100000.0,100000.0,100000.0,100000.0,100000.0,100000.0,100000.0,100000.0,100000.0,100000.0,100000.0,100000.0,100000.0,100000.0,100000.0,100000.0,100000.0,100000.0,100000.0,100000.0,100000.0,100000.0,100000.0,100000.0,100000.0,100000.0,100000.0,100000.0,100000.0,100000.0,100000.0,100000.0,100000.0,100000.0,100000.0,100000.0,100000.0,100000.0,100000.0,100000.0,100000.0,100000.0,100000.0,100000.0,100000.0,100000.0,100000.0,100000.0,100000.0,100000.0,100000.0,100000.0,100000.0,100000.0,100000.0,100000.0,100000.0,100000.0,100000.0,100000.0,100000.0,100000.0,100000.0,100000.0,100000.0,100000.0,100000.0,100000.0,100000.0,100000.0,100000.0,100000.0,100000.0,100000.0,100000.0,100000.0,100000.0,100000.0,100000.0,100000.0,100000.0,100000.0,100000.0,100000.0,100000.0,100000.0,100000.0,100000.0,100000.0,100000.0,100000.0,100000.0,100000.0,100000.0,100000.0,100000.0,100000.0,100000.0,100000.0,100000.0,100000.0,100000.0,100000.0,100000.0,100000.0
125,100000.0,100000.0,100000.0,100000.0,100000.0,100000.0,100000.0,100000.0,100000.0,100000.0,100000.0,100000.0,100000.0,100000.0,100000.0,100000.0,100000.0,100000.0,100000.0,100000.0,100000.0,100000.0,100000.0,100000.0,100000.0,100000.0,100000.0,100000.0,100000.0,100000.0,100000.0,100000.0,100000.0,100000.0,100000.0,100000.0,100000.0,100000.0,100000.0,100000.0,100000.0,100000.0,100000.0,100000.0,100000.0,100000.0,100000.0,100000.0,100000.0,100000.0,100000.0,100000.0,100000.0,100000.0,100000.0,100000.0,100000.0,100000.0,100000.0,100000.0,100000.0,100000.0,100000.0,100000.0,100000.0,100000.0,100000.0,100000.0,100000.0,100000.0,100000.0,100000.0,100000.0,100000.0,100000.0,100000.0,100000.0,100000.0,100000.0,100000.0,100000.0,100000.0,100000.0,100000.0,100000.0,100000.0,100000.0,100000.0,100000.0,100000.0,100000.0,100000.0,100000.0,100000.0,100000.0,100000.0,100000.0,100000.0,100000.0,100000.0,100000.0,100000.0,100000.0,100000.0,100000.0,100000.0,100000.0,100000.0,100000.0,100000.0,100000.0,100000.0,100000.0,100000.0,100000.0,100000.0,100000.0,100000.0,100000.0,100000.0,100000.0,100000.0,100000.0,100000.0,100000.0,100000.0,100000.0,100000.0,100000.0,100000.0,100000.0,100000.0,100000.0,100000.0,100000.0,100000.0,100000.0,100000.0,100000.0,100000.0,100000.0,100000.0,100000.0,100000.0,100000.0,100000.0,100000.0,100000.0,100000.0,100000.0,100000.0,100000.0,100000.0,100000.0,100000.0,100000.0,100000.0,100000.0,100000.0,100000.0,100000.0,100000.0,100000.0,100000.0,100000.0,100000.0,100000.0,100000.0,100000.0,100000.0
