age,1981,1982,1983,1984,1985,1986,1987,1988,1989,1990,1991,1992,1993,1994,1995,1996,1997,1998,1999,2000,2001,2002,2003,2004,2005,2006,2007,2008,2009,2010,2011,2012,2013,2014,2015,2016,2017,2018,2019,2020,2021,2022,2023,2024,2025,2026,2027,2028,2029,2030,2031,2032,2033,2034,2035,2036,2037,2038,2039,2040,2041,2042,2043,2044,2045,2046,2047,2048,2049,2050,2051,2052,2053,2054,2055,2056,2057,2058,2059,2060,2061,2062,2063,2064,2065,2066,2067,2068,2069,2070,2071,2072,2073,2074,2075,2076,2077,2078,2079,2080,2081,2082,2083,2084,2085,2086,2087,2088,2089,2090,2091,2092,2093,2094,2095,2096,2097,2098,2099,2100,2101,2102,2103,2104,2105,2106,2107,2108,2109,2110,2111,2112,2113,2114,2115,2116,2117,2118,2119,2120,2121,2122,2123,2124,2125,2126,2127,2128,2129,2130,2131,2132,2133,2134,2135,2136,2137,2138,2139,2140,2141,2142,2143,2144,2145,2146,2147,2148,2149,2150,2151,2152,2153,2154,2155,2156,2157,2158,2159,2160
0,1171.36,1248.72,1020.75,970.83,855.97,934.06,779.77,828.43,630.74,689.86,651.38,562.54,631.44,557.63,661.23,490.59,583.64,515.53,591.7,457.58,519.33,458.36,392.72,537.21,535.73,454.09,446.27,488.96,501.37,563.68,361.72,333.01,405.25,354.64,461.3,496.99,380.11,436.44,463.21,403.75,434.07,394.86,319.03,403.41,282.44,248.7,242.38,236.43,230.85,225.62,220.72,216.13,211.84,207.83,204.07,200.56,197.26,194.17,191.26,188.53,185.95,183.51,181.19,178.98,176.86,174.82,172.85,170.94,169.06,167.21,165.38,163.57,161.79,160.02,158.27,156.54,154.83,153.14,151.46,149.81,148.17,146.55,144.95,143.36,141.8,140.25,138.71,137.2,135.7,134.21,132.75,131.29,129.86,128.44,127.0145771630703,125.60497362125146,124.2110138125339,122.8325241232893,121.46933286664765,120.12127026111403,118.78816840942301,117.46986127762729,116.16618467441883,114.87697623067928,113.60207537925727,112.34132333497043,111.09456307482895,109.86163931847899,108.64239850886288,107.43668879309404,106.24436000354417,105.0652636391403,103.89925284686943,102.74618240348839,101.60590869743672,100.47828971095026,99.36318500237329,98.26045568866685,97.16996442811138,96.0915754032011,95.02515430372839,93.97056831005584,92.92768607657392,91.89637771534235,90.87651477991285,89.8679702493315,88.87061851231877,87.88433535162486,86.90899792855888,85.94448476768964,84.99067574171626,84.04745205650659,83.11469623630184,82.19229210908524,81.28012479211321,80.37808067760703,79.48604741860329,78.6039139149615,77.73157029952671,76.86890792444613,76.01581934763709,75.17219831940567,74.33793976921343,73.51293979259135,72.69709563819866,71.89030569502556,71.09246947973791,70.30348762416219,69.52326186290958,68.75169502113725,67.98869100244562,67.23415477690963,66.48799236924322,65.75011084709492,65.0204183094734,64.29882387530145,63.58523767209704,62.87957082477992,62.181735444602566,61.4916446182038,60.80921239678405,60.134353785400634,59.46698473238195,58.80702211885901,58.15438374841326,57.50898833683928,56.87075550202104,56.23960575392056,55.615460484677634,54.998241958819484,54.38787330357901,53.78427849932052,53.187382370071695,52.597110574160666,52.013389594956955,51.436146731715176,50.865310090520424,50.300808575334045,49.74257187913886,49.1905304751826
1,66.64,67.52,91.72,77.08,76.64,38.0,37.63,22.52,75.93,117.45,63.33,71.2,32.12,16.53,33.44,25.67,60.67,33.7,60.8,62.16,27.88,38.34,38.47,38.58,28.04,36.3,44.41,42.54,56.75,16.16,24.26,32.12,24.26,24.78,16.8,8.42,8.49,17.34,8.84,9.1,18.77,0.0,0.0,20.03,14.9,13.22,12.84,12.49,12.16,11.85,11.56,11.3,11.05,10.82,10.61,10.41,10.23,10.06,9.9,9.75,9.61,9.48,9.35,9.24,9.12,9.02,8.92,8.82,8.72,8.62,8.53,8.44,8.34,8.25,8.16,8.07,7.98,7.9,7.81,7.73,7.64,7.56,7.47,7.39,7.31,7.23,7.15,7.07,7.0,6.92,6.84,6.77,6.7,6.62,6.492496060422492,6.367447899486643,6.244808217879532,6.124530627292577,6.006569632875219,5.890880616026546,5.777419817518364,5.666144320943325,5.557012036481845,5.449981684981684,5.345012782344156,5.242065624211072,5.14110127094661,5.042081532908449,4.944968956002584,4.849726807516359,4.756319062224367,4.664710388761949,4.574866136261152,4.486752321244078,4.400335614768678,4.315583329822118,4.232463408956961,4.1509444121654715,4.070995504987474,3.992586446847258,3.9156875796151143,3.8402698163891866,3.766304630493383,3.693764044687202,3.6226206205833704,3.5528474482693073,3.484418136128487,3.417306800857837,3.3514880576774164,3.2869370107286486,3.2236292436574976,3.161540810379009,3.1006482260197354,3.0409284580346103,2.982358917494917,2.9249174505440534,2.868582330017865,2.813332247226369,2.7591463038937696,2.706004004253713,2.6538852472967855,2.602770319167334,2.552639885706723,2.5034749851402145,2.4552570209046976,2.407967754614564,2.3615892991630587,2.3161041119565065,2.2714949882788447,2.227745054783963,2.1848377631133786,2.142756883636843,2.101486499313501,2.0610109996712933,2.02131507490231,1.9823837100718795,1.9442021794391844,1.90675604088727,1.8700311304603305,1.8340135570062106,1.7986896969220945,1.7640461890013932,1.7300699293798876,1.6967480665792054,1.6640679966457659,1.6320173583833513,1.6005840286774968,1.569756117909941,1.5395219654613892,1.5098701353009003,1.480789411660222,1.4522687947914399,1.424297496806336,1.396864937595884,1.3699607408283363,1.3435747300243885,1.3176969247079389,1.292317536630986,1.267426966071235,1.2430157982010157
2,53.17,67.1,22.59,38.37,46.45,69.17,30.64,53.18,22.74,45.96,54.73,23.79,31.56,40.11,16.53,24.87,34.21,43.27,8.46,8.7,8.87,18.51,9.56,28.73,0.0,9.28,0.0,8.81,16.92,16.12,0.0,8.07,16.05,8.06,8.2,8.37,25.15,16.88,8.61,0.0,18.08,18.5,0.0,0.0,5.27,6.97,6.77,6.58,6.41,6.25,6.1,5.96,5.83,5.71,5.6,5.5,5.4,5.31,5.23,5.15,5.08,5.01,4.94,4.88,4.82,4.77,4.71,4.66,4.61,4.56,4.51,4.46,4.41,4.36,4.31,4.27,4.22,4.17,4.13,4.08,4.04,3.99,3.95,3.91,3.86,3.82,3.78,3.74,3.7,3.66,3.62,3.58,3.54,3.5,3.456398031808662,3.4133392440830836,3.370816870041154,3.3288242271993367,3.287354716322508,3.2464018203868683,3.20595910355578,3.16602021016836,3.1265788637406766,3.087628865979382,3.0491640958076425,3.0111785084031926,2.9736661342483823,2.9366210781920516,2.900037518523097,2.863909706055574,2.828231963225203,2.792998683197126,2.75820432898478,2.7238434325797503,2.689910594092457,2.6564004809035535,2.623307826825893,2.590627431276936,2.558354158461466,2.526482936564491,2.495008756954193,2.463926673394814,2.4332318012693426,2.4029193168118863,2.3729844563496054,2.3434225155540926,2.314228848702077,2.285398867945339,2.2569280425897182,2.2288118983831082,2.201046016812315,2.1736260344086804,2.1465476420623517,2.1198065843450964,2.0933986588415525,2.06731971548881,2.041565655924219,2.016132432841323,1.991016049353817,1.966212558367426,1.941718061959613,1.9175287107670103,1.8936407033804845,1.8700502857477361,1.8467537505833431,1.8237474367861526,1.8010277288639285,1.7785910563651735,1.7564338933180212,1.7345527576761242,1.712944210771441,1.691604856773843,1.6705313421574528,1.6497203551736295,1.6291686253305198,1.608872922879095,1.5888300583055868,1.5690368818302491,1.5494902829123638,1.5301871897614119,1.5111245688543349,1.4922994244588104,1.4737087981624661,1.455349768407959,1.4372194500338462,1.4193149938211755,1.401633586045724,1.3841724480358166,1.3669288357356497,1.349900039274059,1.333083382538655,1.316476222755269,1.3000759500726324,1.2838799871522353,1.2678857887632904,1.2520908413827456,1.2364926628002784,1.2210888017282098,1.2058768374162805,1.1908543792712245
3,23.73,15.31,52.35,15.08,15.39,46.54,30.86,54.06,45.96,7.64,15.37,31.21,55.34,31.54,24.05,16.41,8.3,17.08,8.64,0.0,8.72,8.82,18.45,9.52,28.56,37.93,0.0,26.98,8.79,8.44,8.06,8.05,0.0,0.0,0.0,8.17,0.0,0.0,8.41,8.61,0.0,0.0,0.0,9.33,6.12,5.07,4.93,4.79,4.67,4.55,4.44,4.34,4.25,4.16,4.08,4.01,3.94,3.87,3.81,3.76,3.7,3.65,3.61,3.56,3.52,3.48,3.44,3.4,3.36,3.32,3.29,3.25,3.22,3.18,3.15,3.11,3.08,3.04,3.01,2.98,2.95,2.91,2.88,2.85,2.82,2.79,2.76,2.73,2.7,2.67,2.64,2.61,2.58,2.55,2.524490439563204,2.499236070370989,2.474234339554146,2.449482719781734,2.4249787090055936,2.4007198302074286,2.376703631148413,2.3529276841213025,2.329389585705027,2.3060869565217397,2.2830174409962893,2.260178707118112,2.237568446205489,2.2151843726721774,2.193024223796363,2.171085759491936,2.1493667620820434,2.1278650360749176,2.1065784079419383,2.085504725897921,2.064641859683601,2.043987700350293,2.0235401600467036,2.0032971718078825,1.9832566893462766,1.9634166868448817,1.9437751587524572,1.9243301195807954,1.9050796037040143,1.8860216651598596,1.8671543774529964,1.848475833360265,1.8299841447378888,1.8116774423306072,1.7935538755827203,1.7756116124510235,1.7578488392196137,1.7402637603165456,1.722854598132326,1.7056195928402211,1.6885570022183625,1.6716651014736315,1.6549421830673086,1.6383865565424625,1.621996548353069,1.6057705016948391,1.589706776337738,1.5738037484601808,1.5580598104848866,1.542473370916374,1.5270428541800845,1.5117667004631106,1.4966433655565228,1.4816713206992704,1.4668490524236453,1.4521750624022896,1.4376478672967372,1.423265998607468,1.409028002525463,1.394932439785243,1.3809778855193808,1.3671629291144656,1.353486174068508,1.3399462378497755,1.326541751757036,1.3132713607812012,1.3001337234683539,1.2871275117841452,1.2742514109795493,1.2615041194579593,1.2488843486436143,1.236390822851343,1.2240222791576074,1.2117774672728407,1.199655149415059,1.1876541001847387,1.1757731064409462,1.1640109671787056,1.1523664934075926,1.140838508031546,1.1294258457298776,1.1181273528394755,1.1069418872381842,1.0958683182293516,1.0849055264275316,1.0740524036453292
4,40.7,47.77,38.41,29.97,30.18,0.0,31.14,31.0,31.11,7.71,15.31,15.34,15.57,47.45,15.75,23.85,8.18,8.31,25.59,25.89,16.98,8.66,0.0,9.2,9.45,9.44,0.0,0.0,27.12,17.59,8.43,8.08,24.17,8.08,15.97,0.0,8.17,8.33,8.32,0.0,17.23,8.69,0.0,0.0,4.33,5.72,5.55,5.4,5.26,5.13,5.01,4.9,4.8,4.7,4.61,4.53,4.45,4.38,4.31,4.24,4.18,4.13,4.07,4.02,3.98,3.93,3.88,3.84,3.8,3.76,3.72,3.68,3.64,3.6,3.56,3.52,3.48,3.44,3.4,3.37,3.33,3.29,3.26,3.22,3.19,3.15,3.12,3.08,3.05,3.02,2.98,2.95,2.92,2.89,2.8705204707851775,2.8511722398604697,2.8319544222331845,2.812866138875767,2.7939065166855883,2.775074688445014,2.756369792781734,2.737790974129365,2.7193373826883165,2.7010081743869194,2.682802510842821,2.6647195593246336,2.646758492713847,2.6289184894669964,2.6111987335780826,2.5935984145412516,2.5761167273137175,2.5587528722789417,2.54150605521006,2.5243754872335504,2.507360384793153,2.4904599696140295,2.4736734686671635,2.4570001141340034,2.4404391433713406,2.4239897988764274,2.407651328252329,2.3914229841735057,2.3753040243516352,2.3592937115016546,2.343391313308041,2.3275961023913125,2.3119073562747596,2.296324357351397,2.2808463928511427,2.265472754808213,2.2502027400287417,2.235035650058616,2.2199707911515274,2.2050074742372403,2.190145014890075,2.1753827332976017,2.1607199542295423,2.14615600700689,2.1316902254712304,2.117321947954269,2.1030505172475698,2.088875280572493,2.0747955895503365,2.060810800172679,2.0469202727719225,2.0331233719920356,2.0194194667594894,2.005807930254395,1.99228813988183,1.978859477243362,1.965521328108763,1.9522730823879146,1.939114134102902,1.9260438813602954,1.9130617263236214,1.9001670751860156,1.8873593381430642,1.8746379293658233,1.8620022669740255,1.8494517730094628,1.8369858734095514,1.8246039979810746,1.8123055803741008,1.800090058056079,1.7879568722861083,1.7759054680893818,1.7639352942318,1.7520458031947606,1.7402364511501098,1.7285066979352735,1.7168560070285446,1.705283845524546,1.6937896841098536,1.682372997038787,1.6710332621093593,1.659769960639394,1.648582577442799,1.6374706008060014,1.6264335224645434,1.6154708375798326
5,8.15,32.75,23.96,23.11,30.05,37.78,7.75,31.31,0.0,31.3,7.73,15.26,15.32,15.58,7.9,7.83,31.82,8.18,16.64,34.13,8.76,0.0,0.0,8.78,9.15,0.0,0.0,9.35,18.46,0.0,26.47,16.91,0.0,16.09,0.0,15.95,8.01,16.32,0.0,8.33,0.0,25.6,8.6,0.0,5.3,7.0,6.8,6.61,6.44,6.29,6.14,6.01,5.88,5.76,5.65,5.55,5.46,5.37,5.29,5.21,5.13,5.07,5.0,4.94,4.88,4.82,4.77,4.72,4.66,4.61,4.56,4.51,4.46,4.41,4.37,4.32,4.27,4.22,4.18,4.13,4.09,4.04,4.0,3.95,3.91,3.87,3.83,3.78,3.74,3.7,3.66,3.62,3.58,3.54,3.513287222136461,3.4867760184258,3.4604648677929966,3.4343522606410373,3.4084366987643007,3.382716695262599,3.3571907744558662,3.3318574717994927,3.306715333800297,3.2817629179331314,3.256998792558118,3.232421536838508,3.2080297406591614,3.183822004545643,3.1597969395839267,3.1359531673407077,3.1122893197843142,3.088804039206217,3.065495978143133,3.042363799299712,3.0194061754718122,2.99662178947035,2.9740093340457276,2.951567511812831,2.9292950351765894,2.9071906262581035,2.8852530168213253,2.863480948200293,2.841873171226917,2.8204284461593083,2.7991455426106473,2.7780232394785926,2.7570603248752197,2.736255596057488,2.715607859358237,2.6951159301176957,2.674778632615515,2.654594800003312,2.63456327423772,2.614682906013949,2.594952554699841,2.5753710882704284,2.555937383242985,2.5366503246125656,2.5175088057880317,2.498511728528563,2.479658002880645,2.4609465471155327,2.442376287667188,2.423946159070683,2.4056551039010685,2.3875020727127074,2.36948602397906,2.3516059240329263,2.3338607470071424,2.31624947477572,2.2987710968954316,2.281424610547835,2.26420902048174,2.2471233389561043,2.230166585683362,2.2133377877731792,2.1966359796766364,2.1800602031308287,2.1636095071038866,2.14728294774041,2.131079588307315,2.1149984991400905,2.099038757589456,2.0831994479684255,2.0674796614997737,2.0518784962638903,2.036395057147034,2.0210284557899785,2.005777810537038,1.9906422463854867,1.9756208949353533,1.9607128943395982,1.945917389254663,1.931233530791398,1.916660476466356,1.9021973901534546,1.8878434420360048,1.873597808559099,1.8594596723823609,1.8454282223330505
6,32.01,8.22,32.96,24.1,31.01,22.67,0.0,0.0,15.79,7.83,15.74,23.07,30.47,7.67,23.37,23.58,7.84,15.94,24.52,25.02,8.56,17.49,16.96,17.31,34.97,0.0,9.34,9.35,0.0,9.23,0.0,0.0,8.48,8.08,16.11,16.14,31.81,0.0,8.15,8.32,8.32,8.33,8.47,8.55,7.62,7.34,7.13,6.93,6.75,6.59,6.44,6.3,6.17,6.05,5.93,5.83,5.73,5.64,5.55,5.47,5.39,5.32,5.25,5.19,5.13,5.07,5.01,4.96,4.9,4.85,4.79,4.74,4.69,4.64,4.59,4.54,4.49,4.44,4.39,4.34,4.3,4.25,4.2,4.16,4.11,4.07,4.02,3.98,3.93,3.89,3.85,3.81,3.76,3.72,3.6937347538421226,3.66765495476912,3.6417592934225684,3.616046469688837,3.5905151926338092,3.5651641804380763,3.539992160332578,3.514997868534704,3.490180050184844,3.465537459283387,3.441068858628166,3.416773019752339,3.392648722862718,3.3686947567785253,3.3449099188705844,3.321293015000944,3.2978428594629228,3.2745582749215805,3.25143809235461,3.2284811509936437,3.205686298265978,3.1830523897367065,3.1605782890512613,3.138262867878365,3.116105005853378,3.0941035905220513,3.072257517284677,3.0505656893406248,3.0290270176332843,3.007640420795381,2.9864048250946893,2.9653191643801233,2.9443823800282107,2.9235934208899423,2.902951243238,2.882454810714354,2.8621030942782326,2.841895072154458,2.8218297297821473,2.801906059763775,2.782123061814596,2.7624797427124275,2.742975116247779,2.7236082031743427,2.70437803115983,2.68528363473715,2.6663240552559424,2.647498340834446,2.628805546311707,2.610244733200129,2.591814969638353,2.5735153303444758,2.5553448965695917,2.537302756051668,2.5193880029697437,2.5015997378984522,2.4839370677628647,2.466399105793653,2.4489849714825667,2.43169379053823,2.4145246948422443,2.397476822405603,2.3805493173254173,2.3637413297419445,2.347052015795917,2.3304805375861797,2.3140260631276197,2.297687766309396,2.281464826853466,2.2653564302734,2.249361767833491,2.233480036508151,2.2177104389415936,2.2020521834078046,2.186504483770789,2.1710665594451055,2.1557376353566746,2.140516941903867,2.1254037149188636,2.110397195629291,2.095496630620125,2.0807012717958666,2.066010376342983,2.0514232066926126,2.036939030483536,2.0225571205254074
7,30.89,40.24,24.72,33.02,16.11,7.77,22.75,15.27,7.86,31.67,15.66,15.64,15.34,15.22,15.33,7.76,15.7,15.67,16.0,8.18,8.31,17.09,0.0,8.46,17.24,17.39,9.05,37.09,0.0,9.36,0.0,9.1,8.84,0.0,16.15,0.0,8.04,7.94,7.98,0.0,8.32,0.0,0.0,16.81,8.81,6.24,6.06,5.9,5.75,5.61,5.48,5.36,5.25,5.15,5.06,4.97,4.89,4.81,4.74,4.67,4.6,4.54,4.48,4.43,4.38,4.33,4.28,4.23,4.18,4.14,4.09,4.05,4.0,3.96,3.92,3.87,3.83,3.79,3.75,3.71,3.67,3.63,3.59,3.55,3.51,3.47,3.43,3.39,3.36,3.32,3.28,3.25,3.21,3.18,3.1605840430405117,3.1412866330573292,3.1221070462444813,3.1030445632152994,3.084098468975437,3.06526805289605,3.046552608687143,3.027951434371078,3.0094638322562446,2.991089108910891,2.9728265751371152,2.9546755459450127,2.9366353405269874,2.9187052822322124,2.900884698541253,2.8831729210408388,2.8655692853987977,2.8480731313391328,2.83068380261726,2.813400646995393,2.7962230162180783,2.7791502659878833,2.7621817559412256,2.7453168496243583,2.7285549144694947,2.711895321771086,2.6953374466622355,2.6788806680912636,2.6625243687984126,2.646267935292696,2.6301107578288856,2.614052230384643,2.5980917506377867,2.582228719943703,2.566462543312891,2.550792629388645,2.5352183904248746,2.5197392422640594,2.504354604315339,2.489063899532734,2.4738665543935063,2.458761998876644,2.4437496664414824,2.4288289940064534,2.4139994219279672,2.399260393979419,2.3846113573303276,2.3700517625256006,2.3555810634649226,2.341198717382275,2.326904184825575,2.3126969296364477,2.2985764189301072,2.284542123075377,2.2705935156748205,2.256730073544998,2.242951276696843,2.229256608316159,2.215645554744234,2.202117605458575,2.188672253053759,2.175308993222401,2.1620273247362394,2.148826749427335,2.1357067721693856,2.1226669008591563,2.109706646398021,2.0968255226736146,2.0840230465416063,2.0712987378075702,2.0586521192089813,2.046082716397308,2.033590057920225,2.021173675203929,2.0088331025355606,1.9965678770457411,1.9843775386912075,1.9722616302375584,1.9602196972421049,1.948251288036824,1.9363559537114179,1.9245332480964779,1.9127827277467462,1.9011039519244872,1.8894964825829532,1.8779598843499548
8,22.52,31.1,24.22,0.0,16.54,8.07,15.6,22.84,15.32,15.78,15.83,23.4,0.0,15.32,15.22,7.63,15.51,7.84,0.0,8.01,0.0,8.3,8.53,0.0,0.0,17.15,17.29,18.02,18.52,0.0,18.72,18.44,0.0,17.61,16.9,8.07,8.02,16.04,7.91,7.98,0.0,0.0,0.0,8.2,5.6,4.78,4.64,4.52,4.41,4.3,4.2,4.11,4.03,3.95,3.88,3.82,3.75,3.69,3.64,3.59,3.54,3.49,3.45,3.4,3.36,3.33,3.29,3.25,3.22,3.18,3.15,3.11,3.08,3.04,3.01,2.98,2.94,2.91,2.88,2.85,2.82,2.79,2.76,2.73,2.7,2.67,2.64,2.61,2.58,2.55,2.52,2.5,2.47,2.44,2.4274737457556097,2.4150117976773653,2.402613825636009,2.390279501197073,2.378008497612176,2.3658004898103684,2.353655154389521,2.341572169607758,2.3295512153749316,2.3175919732441472,2.3056941264033215,2.293857359666795,2.282081359466978,2.270365813846049,2.2587104124476856,2.247114846508845,2.235578808851585,2.224101993874927,2.212684097546758,2.2013248173957782,2.190023852503489,2.17878090349622,2.167595672537197,2.1564678633186554,2.145397181053989,2.1343833324699397,2.12342602579883,2.1125249707708336,2.101679878606285,2.0908904620080304,2.0801564351538158,2.069477513688717,2.058853414717605,2.0482838567976525,2.0377685599308792,2.027307245556732,2.016899636544708,2.0065454571870123,1.9962444331912539,1.9859962916731795,1.975800761149444,1.96565757153042,1.9555664541130429,1.94552714157369,1.9355393679611026,1.9256028686893374,1.9157173805307595,1.9058826416090686,1.8960983913923615,1.8863643706862303,1.8766803216268966,1.867045987674379,1.8574611136056995,1.8479254455081204,1.8384387307724184,1.8290007180861931,1.8196111574272096,1.810269800056774,1.8009763985131462,1.7917307066049812,1.7825324794048114,1.773381473242554,1.764277445699059,1.7552201555996862,1.7462093630079158,1.7372448292189928,1.7283263167536038,1.7194535893515848,1.7106264119656638,1.701844550755233,1.6931077730801551,1.6844158474945996,1.6757685437409124,1.6671656327435147,1.6586068866028365,1.6500920785892774,1.6416209831372022,1.6331933758389636,1.6248090334389582,1.6164677338277131,1.6081692560360001,1.5999133802289842,1.591699887700398,1.5835285608667495,1.575399183261557,1.5673115395296147
9,21.96,15.12,23.44,16.18,41.31,8.28,8.09,7.83,15.28,15.35,23.68,15.77,23.31,0.0,30.53,15.15,7.64,15.51,0.0,15.73,8.01,8.22,16.58,8.5,8.61,8.42,8.52,17.23,27.01,18.52,0.0,0.0,18.37,9.02,0.0,8.43,0.0,0.0,0.0,0.0,0.0,8.09,0.0,0.0,2.54,3.36,3.27,3.18,3.1,3.03,2.96,2.9,2.84,2.79,2.74,2.69,2.65,2.61,2.57,2.53,2.5,2.46,2.43,2.4,2.38,2.35,2.32,2.3,2.27,2.25,2.22,2.2,2.17,2.15,2.13,2.1,2.08,2.06,2.03,2.01,1.99,1.97,1.95,1.93,1.9,1.88,1.86,1.84,1.82,1.8,1.78,1.76,1.74,1.72,1.7122656965918486,1.7045661719332377,1.6969012696349801,1.689270834011123,1.6816747100757843,1.6741127435400047,1.6665847808086143,1.6590906689771137,1.651630255828566,1.6442033898305075,1.636809920131868,1.6294496965599077,1.6221225696171666,1.6148283904784286,1.607567010987698,1.60033828365519,1.5931420616543357,1.5859781988187995,1.5788465496395099,1.5717469692617048,1.564679313481988,1.5576434387454023,1.550639202142511,1.5436664614064972,1.5367250749102732,1.5298149016636045,1.5229358013102454,1.5160876341250886,1.509270261011327,1.502483543497629,1.4957273437353236,1.489001524495604,1.4823059491667385,1.475640481751295,1.469004986863379,1.4623993297258855,1.4558233761677595,1.4492769926212705,1.442760046119302,1.4362724042926478,1.4298139353673256,1.423384508161899,1.416983992084814,1.4106122571317457,1.4042691738829582,1.3979546135006762,1.3916684477264674,1.3854105488786377,1.3791807898496369,1.3729790441034797,1.3668051856731713,1.3606590891581534,1.3545406297217535,1.3484496830886508,1.3423861255423526,1.3363498339226796,1.3303406856232667,1.3243585585890698,1.3184033313138896,1.3124748828379018,1.3065730927452004,1.3006978411613528,1.2948490087509636,1.289026476715252,1.283230126789638,1.2774598412413405,1.2717155028669862,1.2659969949902288,1.2603042014593784,1.2546370066450445,1.248995295437784,1.243378953245767,1.237787865992446,1.2322219201142401,1.2266810025582295,1.2211650007798571,1.215673802740644,1.210207296905913,1.204765372242524,1.1993479182166182,1.1939548247913727,1.1885859824247667,1.1832412820673546,1.1779206151600528,1.172623873631934,1.1673509498980323
10,28.38,0.0,0.0,15.66,16.19,8.26,0.0,24.3,23.54,22.93,0.0,7.85,0.0,15.49,23.14,0.0,7.58,7.62,0.0,0.0,7.88,8.02,0.0,8.27,0.0,17.12,0.0,0.0,0.0,18.0,0.0,0.0,0.0,9.14,8.98,8.78,0.0,16.07,0.0,0.0,0.0,7.92,0.0,0.0,3.02,4.0,3.89,3.79,3.7,3.61,3.53,3.46,3.39,3.33,3.27,3.22,3.16,3.12,3.07,3.03,2.99,2.95,2.91,2.88,2.84,2.81,2.78,2.75,2.72,2.69,2.66,2.63,2.6,2.57,2.54,2.52,2.49,2.46,2.43,2.41,2.38,2.36,2.33,2.3,2.28,2.25,2.23,2.21,2.18,2.16,2.13,2.11,2.09,2.06,2.041123044438587,2.0224190691933233,2.0038864891468586,1.9855237337071785,1.967329246674498,1.9493014861093805,1.9314389242020584,1.9137400471429586,1.8962033549944077,1.8788273615635185,1.8616105942762364,1.844551594052543,1.8276489151828033,1.810901125205245,1.7943068047845592,1.777864547591618,1.7615729601842884,1.745430661889344,1.729436284685454,1.713588473087249,1.697885884030444,1.68232718675802,1.6669110627074435,1.651636205398921,1.6365013203246799,1.6215051248392611,1.6066463480508173,1.5919237307134086,1.5773360251202846,1.562881994998143,1.54856041540236,1.5343700726131786,1.520309764032848,1.506378298083707,1.4925744941072006,1.4788971822638217,1.4653452034339707,1.4519174091197218,1.4386126613474912,1.4254298325715968,1.4123678055787001,1.3994254733931277,1.386601739183054,1.373895516167551,1.361305727524483,1.3488313062992516,1.3364711953143713,1.324224347079877,1.3120897237045526,1.3000662968079713,1.2881530474333427,1.276348965961159,1.264653052023633,1.2530643144199167,1.2415817710321022,1.230204448741989,1.2189313833486126,1.2077616194865333,1.1966942105448695,1.1857282185870752,1.1748627142714532,1.1640967767723933,1.1534294937023366,1.142859961034452,1.132387283026022,1.122010572142531,1.1117289489824485,1.1015415422027017,1.0914474884448324,1.081445932261828,1.0715360260456253,1.0617169299552776,1.0519878118457795,1.0423478471975463,1.0327962190465352,1.0233321179150126,1.01395474174295,1.004663295820054,0.9954569927184144,0.9863350522257719,0.977296701279398,0.9683411739005793,0.9594677111297016,0.9506755609619317,0.9419639782834851,0.9333322248084807
11,14.05,7.15,0.0,0.0,7.84,16.18,8.25,24.84,32.39,0.0,15.26,0.0,23.41,0.0,7.72,15.34,0.0,15.16,15.25,0.0,7.82,0.0,8.04,8.21,8.24,8.41,0.0,16.66,0.0,17.18,0.0,9.22,9.26,9.25,0.0,8.93,17.52,8.41,16.03,0.0,24.01,0.0,0.0,7.96,6.35,5.84,5.69,5.55,5.41,5.29,5.18,5.07,4.97,4.88,4.8,4.72,4.64,4.57,4.51,4.45,4.39,4.33,4.28,4.23,4.18,4.13,4.08,4.04,3.99,3.95,3.91,3.86,3.82,3.78,3.74,3.7,3.66,3.62,3.58,3.54,3.5,3.46,3.42,3.39,3.35,3.31,3.28,3.24,3.21,3.17,3.14,3.1,3.07,3.03,2.9926104175292862,2.955682214886076,2.9192096987373284,2.883187246004574,2.8476093029969842,2.8124703845551435,2.7777650732053867,2.7434880183245682,2.709633935315142,2.6761976047904192,2.643173871769879,2.610557644884409,2.5783438955913534,2.54652765739925,2.515104025102127,2.484068154023256,2.453415259268231,2.4231406149872687,2.393239553646608,2.363707465308904,2.3345397969224986,2.3057320516194633,2.2772797880223035,2.2491786195592183,2.2214242137878073,2.1940122917271276,2.1669386271979887,2.1401990461713902,2.113789426124998,2.087705695407565,2.0619438326111887,2.0364998659513227,2.0113698726544302,1.986549978353202,1.9620363564892314,1.937825227723062,1.9139128593515176,1.8902955647322162,1.8669697027151935,1.8439316770815324,1.8211779359889246,1.7987049714240726,1.7765093186618475,1.7545875557311217,1.7329363028871958,1.7115522220907289,1.690432016493107,1.6695724299281554,1.6489702464101264,1.6286222896378806,1.6085254225051882,1.5886765466170705,1.569072601812111,1.5497105656906618,1.5305874531488706,1.5117003159184583,1.4930462421121755,1.474622355774868,1.4564258164400818,1.4384538186921403,1.4207035917336246,1.4031723989581912,1.385857537528661,1.3687563379603152,1.351866163709332,1.3351844107663033,1.318708507254766,1.302435913034689,1.2863641193108508,1.2704906482460523,1.2548130525790997,1.2393289152475044,1.2240358490148355,1.2089314961026738,1.194013527827105,1.179279644239699,1.1647275737729224,1.1503550728899201,1.136159925738626,1.122139943810136,1.108292965601301,1.0946168562814786,1.0811095073634027,1.0677688363781104,1.0545927865538802,1.0415793264991358
12,6.92,14.13,35.98,7.5,22.87,23.6,8.1,16.52,8.29,0.0,15.68,0.0,22.93,15.56,15.52,7.69,0.0,7.59,7.58,7.61,15.6,7.83,23.69,0.0,16.36,24.62,8.37,0.0,8.3,8.42,0.0,0.0,9.16,0.0,0.0,9.04,17.77,0.0,0.0,16.04,15.96,7.97,0.0,0.0,4.92,6.52,6.35,6.2,6.05,5.92,5.79,5.68,5.57,5.47,5.37,5.29,5.21,5.13,5.06,4.99,4.93,4.86,4.8,4.75,4.69,4.64,4.59,4.53,4.49,4.44,4.39,4.34,4.29,4.24,4.2,4.15,4.11,4.06,4.02,3.97,3.93,3.89,3.84,3.8,3.76,3.72,3.68,3.64,3.6,3.56,3.52,3.48,3.44,3.41,3.369042717697283,3.328577370577447,3.2885980500398584,3.249098918451692,3.2100742082955396,3.1715182213272604,3.133425327743943,3.095789965361863,3.058606638804313,3.021869918699189,2.9855744408862117,2.949714905633674,2.9142860768645917,2.8792827813921513,2.8446999081643414,2.8105324075176554,2.776775290439756,2.7434236278410022,2.710472549834718,2.677917245026112,2.6457529598097342,2.6139749976753714,2.582578718522282,2.5515595379816642,2.5209129267472634,2.490634409914021,2.4607195663246633,2.4311640279241415,2.401963479121825,2.373113656161353,2.3446103464980586,2.3164493881838673,2.2886266692595845,2.261138127154484,2.2339797480931045,2.2071475665091747,2.180637664466573,2.154446171087249,2.1285692619860086,2.1030031587120943,2.0777441281974673,2.052788482211721,2.0281325768235354,2.003772811868609,1.9797056304239722,1.955927518288619,1.9324350034703788,1.9092246556789452,1.8862930858250007,1.863636945525353,1.8412529266140172,1.8191377606591685,1.7972882184858985,1.7757011097047035,1.754373282245635,1.733301621898046,1.7124830518558654,1.6919145322683347,1.6715930597961397,1.651515667172875,1.6316794227717724,1.612081430177638,1.5927188277639273,1.5735887882749007,1.5546885184127994,1.5360152584299764,1.5175662817259303,1.4993388944491755,1.481330435103897,1.463538274161329,1.445959813675799,1.4285924869053874,1.4114337579371397,1.394481121316783,1.377732101682888,1.361184253405427,1.3448351602286706,1.3286824349183757,1.3127237189132104,1.2969566819803655,1.2813790218753023,1.2659884640055878,1.2507827610987667,1.235759692874223,1.220917065718983,1.2062527123674116
13,27.29,34.69,14.17,0.0,37.76,15.29,23.67,16.23,33.04,41.41,16.18,47.08,15.27,0.0,38.77,7.72,23.0,7.61,30.33,7.58,15.22,23.39,0.0,15.81,8.06,32.59,24.5,0.0,16.82,0.0,25.22,0.0,0.0,27.26,0.0,9.14,8.99,0.0,8.7,8.41,16.05,7.93,7.92,7.76,6.9,6.66,6.5,6.35,6.2,6.07,5.94,5.83,5.72,5.62,5.52,5.43,5.35,5.28,5.2,5.13,5.07,5.0,4.94,4.88,4.83,4.77,4.72,4.67,4.62,4.57,4.52,4.47,4.42,4.37,4.32,4.27,4.23,4.18,4.14,4.09,4.05,4.0,3.96,3.91,3.87,3.83,3.79,3.75,3.7,3.66,3.62,3.58,3.54,3.51,3.459085288610466,3.408909126461924,3.359460800442848,3.3107297528419934,3.262705579094218,3.215378025559003,3.1687369873312012,3.122772506083535,3.077474767940397,3.032834101382489,2.988840975181855,2.9454859963668705,2.9027599082167472,2.860653588285133,2.8191580464523778,2.778264423006052,2.7379639867493104,2.6982481331366954,2.6591083824369797,2.6205363779226585,2.582523884085705,2.545062784879209,2.5081450819845172,2.4717628931035143,2.4359084502756727,2.4005740982195154,2.3657522926981374,2.3314355989084357,2.297616689893704,2.264288344979256,2.2314434482307366,2.1990749869348005,2.16717605010183,2.1357398269903642,2.1047596056529434,2.074228771503038,2.044140805902769,2.014489284771114,1.9852678772123025,1.956470344164104,1.9280905370657289,1.900122396545047,1.8725599511248534,1.845397315947896,1.818628691520401,1.7922483624738235,1.766250696344559,1.740630142371355,1.7153812303101696,1.6904985692662193,1.665976846542969,1.6418108265078177,1.61799534947424,1.594525330600141,1.57139575880219,1.5486016956859079,1.5261382744912668,1.5040006990535904,1.4821842427795247,1.4606842476378628,1.439496123165008,1.418615345484866,1.3980374563429498,1.3777580621544998,1.357772833066409,1.3380775020327549,1.3186678639037448,1.2995397745278723,1.2806891498671014,1.2621119651248816,1.243804253886816,1.2257621072737899,1.2079816731073878,1.190459155087414,1.1731908119813443,1.1561729568255372,1.1394019561380284,1.1228742291427471,1.106586247004984,1.0905345320779511,1.0747156571602676,1.0591262447642196,1.0437629663946326,1.0286225418382033,1.0137017384631435,0.9989973705289783
14,13.64,27.4,13.9,7.11,14.58,22.84,23.02,15.84,24.38,8.26,41.37,8.08,15.69,38.22,22.94,23.1,38.42,15.28,7.59,7.57,15.13,0.0,31.19,15.68,39.5,40.22,16.21,8.14,8.3,33.52,0.0,8.37,17.12,8.95,0.0,9.09,9.1,0.0,8.76,17.38,8.42,15.97,7.89,0.0,5.92,7.86,7.68,7.5,7.34,7.19,7.04,6.91,6.78,6.66,6.55,6.45,6.35,6.26,6.18,6.1,6.02,5.94,5.87,5.8,5.74,5.67,5.61,5.55,5.48,5.42,5.37,5.31,5.25,5.19,5.13,5.08,5.02,4.97,4.91,4.86,4.81,4.75,4.7,4.65,4.6,4.55,4.5,4.45,4.4,4.35,4.31,4.26,4.21,4.17,4.098207513995242,4.027651037833828,3.958309291846842,3.890161362725159,3.823186697212043,3.757365095904328,3.692676707160329,3.62910202111263,3.566621863783957,3.505217391304347,3.4448700842278845,3.385561741947275,3.327274477204591,3.26999071069651,3.2136931657724412,3.158364863223927,3.103989116163754,3.0505495249932246,2.9980299724560795,2.9464146187775673,2.895687896887207,2.8458345077237963,2.79683941562125,2.7486878437738773,2.7013652697797332,2.654857421260692,2.609150271557938,2.564230035501551,2.5200831652529363,2.4766963462188243,2.434056493035623,2.392150745622901,2.350966465304819,2.3104912309983314,2.270712835467022,2.2316192816394222,2.19319877899073,2.155439739986811,2.118330776589424,2.0818606968216202,2.0460185013922625,2.0107933803786704,1.9761747099663691,1.9421520492449742,1.9087151370592352,1.8758538889142966,1.8435583939342366,1.811818911872971,1.780625870176617,1.7499698610964338,1.7198416388514668,1.6902321168400414,1.6611323648992666,1.6325336066117173,1.6044272166584874,1.5768047182178144,1.5496577804084886,1.5229782157772798,1.49675797782962,1.4709891586027992,1.4456639862809428,1.420774822851049,1.3963141617993835,1.3722746258475302,1.348648964727424,1.3254300529946845,1.302610887879599,1.2801845871751047,1.2581443871611298,1.2364836405646717,1.215195814554995,1.1942744887733454,1.173713353396583,1.1535062072341558,1.1336469558578346,1.1141296097636475,1.09494828256546,1.0760971892196531,1.0575706442803698,1.0393630601847963,1.0214689455679669,1.00388290360658,0.9865996303913305,0.9696139133272611,0.9529206295616579,0.9365147444390081
15,27.92,27.4,20.62,34.81,14.29,14.69,38.42,15.43,23.88,40.72,0.0,0.0,8.06,31.41,22.99,15.25,7.67,22.94,53.42,30.26,22.62,30.27,15.24,15.61,7.85,23.69,24.08,8.09,24.31,16.55,8.35,24.68,16.65,17.08,17.87,18.01,9.06,27.13,8.89,8.74,8.69,0.0,7.95,7.86,10.4,11.28,11.03,10.8,10.57,10.36,10.15,9.96,9.79,9.62,9.46,9.32,9.18,9.05,8.93,8.81,8.7,8.6,8.49,8.39,8.3,8.2,8.11,8.02,7.94,7.85,7.76,7.68,7.59,7.51,7.43,7.35,7.27,7.19,7.11,7.03,6.95,6.88,6.8,6.73,6.65,6.58,6.51,6.44,6.37,6.3,6.23,6.16,6.09,6.03,5.9533287479509625,5.877632368354789,5.802898465740243,5.7291148022441005,5.656269295607164,5.584350017195765,5.513345190048424,5.443243186947338,5.3740325285143955,5.305701881331402,5.238240056084202,5.171636005730406,5.1058788236904,5.0409577420613765,4.976862129854058,4.913581491251844,4.851105463892099,4.7894238171692916,4.728526450559698,4.668403391967425,4.609044796091452,4.550440942813437,4.492582235606023,4.435459199961383,4.379062481839748,4.323382846137655,4.268411175175681,4.2141384672053945,4.1605558349353045,4.1076545040755335,4.055425811901016,4.00386120583295,3.9529522420382937,3.902690584047062,3.8530680013872147,3.8040763682368937,3.755707662093796,3.707953962461475,3.6608074495523355,3.614260403007125,3.568305200630704,3.5229343171438967,3.4781403229512033,3.4339158829241865,3.3902537552003267,3.3471467899971494,3.3045879284414283,3.262570201413279,3.2210867284049476,3.1801307163941113,3.1396954587315014,3.099774334042675,3.060360805143749,3.021448417970918,2.9830308005235855,2.9451016618209347,2.907654790871762,2.8706840556574136,2.834183402127652,2.798146853209289,2.7625685078274267,2.72744253993914,2.692763197579448,2.6585248019194174,2.6247217463362364,2.5913484954951196,2.5583995844428804,2.5258696177130346,2.4937532684422745,2.462045277498187,2.4307404526180534,2.3998336675586054,2.3693198612565904,2.3391940370000075,2.309451261609886,2.280086664632463,2.2510954375416365,2.2224728329515546,2.194214163839222,2.166314802776985,2.1387701811747837,2.1115757885320283,2.084727171698996,2.0582199341476177,2.032049735251534,2.006212289575307
16,27.66,27.9,41.18,13.78,34.84,35.84,22.18,7.75,7.74,31.92,24.41,24.79,41.12,32.24,39.34,30.67,30.56,30.59,30.52,15.28,30.19,7.54,45.42,38.12,23.41,31.35,39.45,40.11,40.38,32.38,33.02,8.32,0.0,24.86,25.6,17.84,26.91,53.98,9.01,0.0,34.86,8.64,25.0,7.92,13.52,15.44,15.13,14.83,14.53,14.25,13.98,13.73,13.49,13.26,13.05,12.86,12.67,12.49,12.32,12.17,12.02,11.87,11.73,11.59,11.46,11.33,11.21,11.08,10.96,10.84,10.72,10.61,10.49,10.37,10.26,10.15,10.04,9.93,9.82,9.71,9.61,9.5,9.4,9.29,9.19,9.09,8.99,8.89,8.8,8.7,8.61,8.51,8.42,8.33,8.250493676542415,8.171746207282881,8.093750349279338,8.016498928720546,7.939984840266256,7.864201046393684,7.7891405767502215,7.714796527512323,7.641162060750518,7.5682304038004755,7.495994848640081,7.424448751272451,7.353585531114838,7.28339867039337,7.213881713543571,7.14502826661659,7.076831996691116,7.0092866312908875,6.942385957807774,6.876123822930362,6.810494132077984,6.745490848840173,6.681107994421438,6.617339647091364,6.554179941639942,6.491623068838114,6.42966327490345,6.368294860970938,6.307512182568821,6.247309649099439,6.18768172332501,6.128622920858352,6.070127809658433,6.012191009530753,5.95480719163249,5.897971077982373,5.841677440975225,5.78592110290115,5.7306969354692985,5.675999859336188,5.621824843638519,5.568166905530451,5.515021109725299,5.4623825680415985,5.410246438953509,5.3586079271455045,5.307462283071315,5.2568048025170775,5.206630826168663,5.156935739183116,5.107714970764213,5.058963993742037,5.010678324156596,4.962853520845396,4.915485185034959,4.868568959936238,4.82210053034389,4.776075622239388,4.730490002397894,4.685339477998912,4.640619896240645,4.596327143958027,4.552457147244414,4.509005871076874,4.4659693189450635,4.423343532483636,4.3811245911081675,4.339308611654552,4.29789174802184,4.256870190818489,4.216240167011987,4.175997939581818,4.136139807175744,4.096662103769369,4.057561198328948,4.018833494477413,3.9804754301635965,3.9424834773345987,3.904854141611292,3.8675839619669183,3.8306695104087543,3.794107391662816,3.7578942428615734,3.722026733234641,3.686501563802429,3.6513154670727097
17,21.03,48.4,27.89,34.44,20.74,27.93,64.84,14.91,7.82,0.0,47.99,16.29,33.01,16.47,16.29,47.65,46.58,30.97,0.0,46.11,15.36,7.56,7.56,30.3,45.79,31.18,23.46,55.22,32.07,24.18,8.06,16.48,41.48,24.36,16.48,8.53,8.92,0.0,8.96,9.01,17.7,0.0,0.0,16.59,16.37,16.41,16.11,15.81,15.51,15.23,14.95,14.69,14.44,14.21,13.99,13.78,13.58,13.4,13.22,13.05,12.89,12.73,12.58,12.44,12.3,12.16,12.03,11.89,11.76,11.63,11.51,11.38,11.26,11.13,11.01,10.89,10.77,10.65,10.54,10.42,10.31,10.2,10.08,9.97,9.86,9.76,9.65,9.54,9.44,9.34,9.23,9.13,9.03,8.93,8.850278009769381,8.771267732386056,8.692962814080184,8.615356957804794,8.538443922729384,8.46221752373806,8.386671630932145,8.311800169137232,8.237597117414632,8.164056508577195,8.091172428709443,8.018939016691995,7.94735046373022,7.876401012887128,7.806084958620406,7.736396646323596,7.667330471871367,7.598880881168853,7.531042369705002,7.463809482109929,7.397176811716204,7.331139000124065,7.265690736770514,7.2008267585022585,7.1365418491524615,7.072830839121269,7.0096886049601,6.947110068959618,6.8850901987414055,6.823624006853276,6.762706550368194,6.702332930486784,6.642498292143377,6.5831978236155875,6.524426756137366,6.466180363515511,6.408453961749597,6.351242908655311,6.294542603491133,6.2383484865883645,6.182656038984445,6.127460782059563,6.072758277176488,6.018544125323636,5.964813966761306,5.911563480671092,5.858788384808412,5.806484435158136,5.7546474255933076,5.70327318753689,5.652357589626546,5.601896537382406,5.5518859728778,5.502321874412931,5.453200256191468,5.404517168000011,5.356268694890435,5.308450956865057,5.261060108564619,5.2140923389590546,5.167543871041021,5.121410961522161,5.075689900532075,5.030377011319995,4.985468649959102,4.940961205053492,4.896851097447764,4.853134779939195,4.809808736992477,4.7668694844570165,4.724313569286746,4.68213756926244,4.64033809271651,4.598911778260259,4.557855294513569,4.517165339836997,4.476838642066272,4.436871958249154,4.3972620743846464,4.358005805164539,4.319099993717248,4.280541511353956,4.242327257317011,4.20445415853057,4.166919169353475,4.129719271334329
18,36.42,35.08,34.59,6.98,55.37,62.49,49.08,29.05,45.18,31.63,31.2,24.05,24.43,8.38,26.13,17.05,42.01,41.58,49.86,24.47,23.77,7.77,23.01,30.33,30.39,15.29,23.37,54.78,23.63,24.06,24.07,32.34,41.47,33.29,8.11,24.93,25.83,53.77,0.0,45.32,18.31,26.73,34.95,17.24,19.72,20.72,20.37,20.02,19.67,19.33,19.0,18.68,18.37,18.08,17.81,17.55,17.3,17.07,16.84,16.63,16.42,16.23,16.04,15.86,15.68,15.5,15.33,15.16,15.0,14.83,14.67,14.51,14.35,14.19,14.04,13.88,13.73,13.58,13.43,13.29,13.14,13.0,12.86,12.71,12.58,12.44,12.3,12.17,12.03,11.9,11.77,11.64,11.52,11.39,11.278601837001709,11.168293186797044,11.059063393571801,10.950901905729348,10.843798274871336,10.737742154788394,10.632723300460675,10.528731567068187,10.42575690901081,10.32378937893789,10.222819126787325,10.12283639883404,10.023831536747794,9.92579497666017,9.828717248240713,9.732588973782097,9.637400867294236,9.543143733607254,9.44980846748324,9.35738605273668,9.265867561363486,9.175244152678555,9.085507072461768,8.996647652112319,8.908657307811337,8.82152753969268,8.735249931021864,8.649816147382989,8.565217935873646,8.48144712430768,8.398495620425766,8.316355411113683,8.23501856162826,8.154477214830875,8.074723590428453,7.995749984221895,7.917548767361849,7.840112385611762,7.763433358618144,7.687504279187967,7.612317812573125,7.537866695761904,7.464143736777367,7.3911418139826175,7.318853875392844,7.247272937994101,7.176392087068748,7.106204475527489,7.036703323247946,6.967881916419693,6.89973360689571,6.832251811550166,6.76543001164249,6.699261752187663,6.633740641332665,6.568860349739025,6.5046146099714,6.440997215892151,6.378002022061817,6.315622943145481,6.253853953324914,6.192689085716485,6.132122431794766,6.072148140821758,6.01276041928172,5.953953530321509,5.895721793196397,5.838059582721327,5.7809613287274955,5.724421515524299,5.668434681366503,5.612995417926641,5.558098369772571,5.503738233850143,5.449909758970918,5.3966077453049115,5.343827043878281,5.2915625560759425,5.239809233149042,5.188562075727243,5.137816133335793,5.087566503917304,5.037808333358215,4.988536815019884,4.939747189274269,4.891434743044144
19,29.87,22.07,35.45,34.95,7.06,21.08,35.29,49.95,14.8,23.06,48.21,32.07,24.86,42.89,35.01,0.0,17.78,70.59,52.76,34.74,17.36,0.0,16.11,23.56,15.57,23.46,15.64,31.81,87.96,48.39,16.32,0.0,8.5,34.84,34.89,8.47,17.61,18.08,18.97,77.24,29.42,10.0,28.05,27.28,25.88,25.69,25.29,24.89,24.49,24.09,23.7,23.32,22.96,22.6,22.27,21.94,21.64,21.35,21.08,20.81,20.56,20.31,20.08,19.85,19.63,19.41,19.19,18.98,18.77,18.57,18.37,18.17,17.97,17.77,17.58,17.38,17.19,17.0,16.82,16.63,16.45,16.27,16.1,15.92,15.74,15.57,15.4,15.23,15.07,14.9,14.74,14.58,14.42,14.26,14.079405233226778,13.901097596172061,13.72504812364243,13.551228217272133,13.379609640877396,13.21016451586961,13.042865316726598,12.877684866521212,12.714596332506593,12.553573221757317,12.394589376865746,12.23761897169289,12.082636507173081,11.929616807171783,11.778535014395828,11.629366586355502,11.48208729137772,11.336673204669715,11.19310070443258,11.051346468024011,10.911387468169671,10.773200969222522,10.636764523469521,10.502055967485113,10.369053418530884,10.237735271000822,10.108080192911597,9.98006712243727,9.853675264487924,9.728884087331593,9.605673319258988,9.48402294529045,9.363913203924628,9.245324583928314,9.128237821166934,9.012633895475199,8.898494027567361,8.785799675986613,8.674532534093132,8.564674527090236,8.456207809088244,8.349114760205481,8.243377983706031,8.13898030317371,8.03590475972185,7.934134609238414,7.8336533196659905,7.7344445683162455,7.636492239218385,7.539780420501193,7.444293401808225,7.350015671745743,7.256931915362963,7.165027011664217,7.074286031152622,6.984694233404861,6.896237064676669,6.808900155538651,6.7226693185420405,6.637530545914019,6.553470007282217,6.47047404742805,6.388529184068481,6.307622105665902,6.227739669265737,6.148868898361432,6.0709969807864885,5.994111266633187,5.918199266197678,5.843248647951084,5.7692472365363106,5.696183010790214,5.624044101790828,5.552818790929311,5.48249550800632,5.413062829352488,5.344509475972705,5.2768243117139,5.209996341456029,5.144014709325973,5.078868696934055,5.01454772163289,4.951041334798283,4.88833922013191,4.8264311919854785,4.765307193706122
20,30.45,85.0,60.74,21.97,21.68,29.21,51.16,29.55,37.19,15.44,23.86,0.0,49.03,16.98,61.22,35.33,18.34,18.08,54.33,26.94,26.7,79.32,41.76,49.69,48.71,16.06,16.05,24.04,49.07,65.94,24.76,16.95,34.49,17.32,26.64,17.71,52.88,8.98,27.8,19.83,60.57,31.41,40.9,38.39,31.56,29.75,29.35,28.93,28.5,28.06,27.64,27.21,26.8,26.4,26.02,25.65,25.3,24.97,24.65,24.34,24.05,23.76,23.49,23.22,22.96,22.7,22.45,22.21,21.96,21.72,21.49,21.25,21.02,20.79,20.56,20.34,20.11,19.89,19.68,19.46,19.25,19.04,18.83,18.62,18.42,18.22,18.02,17.82,17.63,17.43,17.24,17.05,16.87,16.68,16.478020440370962,16.27848666866206,16.081369068616286,15.88663838260243,15.694265707272464,15.504222489271505,15.316480520999702,15.131011936425464,14.947789206949391,14.766785137318255,14.58797286158851,14.411325839138627,14.236817850729768,14.064422994614105,13.894115682690325,13.72587063670563,13.559662884503775,13.395467756318507,13.233260881111898,13.073018182957034,12.914715877464463,12.758330468251968,12.603838743457048,12.451217772291647,12.300444901638606,12.151497752689314,12.004354217622081,11.858992456320745,11.715390893132989,11.573528213667938,11.433383361632513,11.294935535706102,11.158164186453089,11.023049013272736,10.889569961386036,10.757707218859037,10.627441213662198,10.498752610765377,10.371622309267977,10.246031439563861,10.121961360540576,9.999393656812511,9.878310135987547,9.758692825966815,9.640523972277139,9.523786035435787,9.408461688347147,9.294533813730899,9.181985501581345,9.070800046657506,8.960960946003613,8.852451896499606,8.74525679244132,8.639359723149944,8.534744970610454,8.43139700713863,8.329300493076312,8.228440274514591,8.12880138104455,8.03036902353524,7.933128591938578,7.837065653120815,7.742165948720263,7.648415393030967,7.555800070912001,7.4643062357220815,7.373920307279191,7.284628869844905,7.19641867013314,7.10927661534299,7.023189771215414,6.938145360113419,6.854130759125531,6.771133498192198,6.68914125825489,6.608141869427627,6.528123309190624,6.449073700605829,6.370981310554055,6.293834547993471,6.21762196223917,6.142332241263577,6.067954210017433,5.994476828771122,5.9218891914760565,5.8501805241459435
21,55.57,95.48,32.09,31.48,30.44,7.51,30.45,38.52,31.06,38.87,31.91,31.96,40.93,24.65,17.12,8.78,26.8,54.99,45.74,36.51,27.16,17.82,8.85,42.22,33.31,48.8,24.03,23.94,8.04,81.71,16.51,16.71,33.46,8.6,34.7,26.73,8.96,26.31,44.89,9.44,40.13,31.15,83.83,40.9,34.59,32.87,32.48,32.06,31.62,31.18,30.73,30.29,29.85,29.42,29.0,28.6,28.22,27.85,27.49,27.15,26.83,26.51,26.2,25.9,25.61,25.33,25.05,24.78,24.5,24.24,23.97,23.71,23.45,23.19,22.94,22.69,22.44,22.2,21.95,21.71,21.47,21.24,21.01,20.78,20.55,20.33,20.1,19.88,19.67,19.45,19.24,19.03,18.82,18.61,18.413515344823544,18.219105177541756,18.026747595680774,17.83642092801337,17.648103732117463,17.461774791960373,17.27741311550861,17.09499793236289,16.914508691418096,16.735925058548002,16.559226914314376,16.38439435170031,16.21140767386748,16.040247391937076,15.870894222794153,15.70332908691518,15.537533106218513,15.37348760193758,15.211174092516504,15.05057429152794,14.89167010561292,14.734443632442428,14.578877158700493,14.42495315808861,14.272654289351177,14.12196339432184,13.972863495990413,13.825337796590231,13.679369675705704,13.53494268839983,13.392040563361498,13.250647201072342,13.110746671992946,12.972323214768204,12.83536123445164,12.699845300748443,12.565760146277087,12.433090664849292,12.301821909768123,12.171939092144104,12.043427579229071,11.916272892767628,11.790460707366016,11.665976848878193,11.542807292808964,11.42093816273396,11.300355728736301,11.18104640585978,11.062996752578355,10.946193469281814,10.830623396777428,10.716273514807419,10.60313094058208,10.491182927328396,10.38041686285396,10.270820268126085,10.162380795865896,10.05508622915727,9.948924480070461,9.843883588300269,9.739951719818574,9.637117165541094,9.535368340008239,9.434693780079865,9.335082143643838,9.23652220833821,9.139002870286891,9.042513142848689,8.947042155379522,8.852579152007733,8.75911349042232,8.666634640673957,8.575132183988671,8.484595811594067,8.395015323557923,8.306380627639042,8.21868173815027,8.131908774833478,8.046051961746452,7.961101626161518,7.8770481974758075,7.793882206133016,7.711594282556554,7.6301751560939595,7.549615653972461,7.469906700265554
22,58.52,40.83,40.6,32.55,40.0,23.24,30.68,93.9,23.81,7.97,47.17,7.97,47.7,40.84,33.12,17.02,35.25,26.94,27.64,18.38,27.47,72.2,35.54,17.64,33.56,24.73,31.94,47.26,15.77,23.9,32.62,0.0,41.15,16.62,17.0,69.19,26.61,17.73,26.0,45.01,18.84,71.1,51.87,41.42,35.96,34.63,34.26,33.87,33.45,33.02,32.58,32.13,31.68,31.25,30.82,30.4,30.0,29.61,29.23,28.87,28.53,28.19,27.87,27.55,27.24,26.94,26.64,26.35,26.06,25.78,25.49,25.22,24.94,24.67,24.4,24.13,23.87,23.61,23.35,23.09,22.84,22.59,22.34,22.1,21.86,21.62,21.38,21.15,20.92,20.69,20.46,20.24,20.02,19.8,19.591989107099003,19.386163493569995,19.18250020174059,18.980976515122528,18.781569955877906,18.58425828231201,18.389019486392492,18.195831791294594,18.004673648972194,17.815523737754326,17.628360959966987,17.443164439579927,17.25991351987811,17.078587761157713,16.899166938446275,16.721631039246816,16.54596026130567,16.372135010403717,16.2001358981709,16.029943739923624,15.861539552524922,15.694904552267083,15.530020152776526,15.36686796294069,15.2054297848567,15.045687611801576,14.88762362622378,14.73122019775586,14.57645988124796,14.423325414822001,14.271799717946307,14.121865889530433,13.973507206040063,13.82670711963163,13.681449256306623,13.537717414085206,13.39549556119908,13.254767834303305,13.115518536706897,12.977732136622048,12.841393265431709,12.706486715975378,12.57299744085292,12.440910550746162,12.310211312758174,12.180885148769953,12.052917633814388,11.926294494467323,11.801001607255483,11.677024997081174,11.55435083566349,11.432965439995927,11.312855270820178,11.194006931115982,11.07640716460682,10.96004285428132,10.844901020930196,10.730968821698548,10.618233548653382,10.506682627366175,10.396303615510325,10.287084201473345,10.179012202983635,10.072075565751677,9.966262362125498,9.86156078976028,9.75795917030192,9.655445948084445,9.554009688841093,9.45363907842894,9.354322921566933,9.256050140587163,9.158809774199288,9.062590976267895,8.967383014602742,8.873175269761692,8.779957233866229,8.687718509429406,8.596448808196126,8.50613794999559,8.41677586160581,8.328352575630042,8.240858229385035,8.154283063800948,8.068617422332832,7.983851749883538
23,60.75,34.13,24.76,57.16,24.5,40.13,31.33,31.18,7.94,48.28,15.94,55.19,7.99,31.95,41.3,49.7,0.0,35.54,36.57,18.6,27.93,18.16,8.97,8.79,25.98,32.94,24.11,23.58,23.43,23.47,15.95,48.48,48.81,32.71,16.46,50.83,60.24,43.9,26.32,25.97,35.51,47.34,10.14,50.84,36.84,32.86,32.55,32.22,31.87,31.49,31.1,30.7,30.29,29.89,29.49,29.1,28.72,28.35,28.0,27.66,27.33,27.01,26.69,26.39,26.1,25.81,25.52,25.24,24.97,24.69,24.42,24.15,23.89,23.63,23.37,23.12,22.86,22.61,22.36,22.12,21.88,21.64,21.4,21.17,20.94,20.71,20.48,20.26,20.04,19.82,19.6,19.39,19.17,18.96,18.761132859229228,18.564351590804357,18.36963431648333,18.176959387500013,17.98630538215726,17.797651103445254,17.61097557668481,17.4262580471954,17.243477977987624,17.06261504747991,16.883649147239154,16.706560379745042,16.53132905617784,16.357935694229372,16.18636101593699,16.01658594554021,15.848591607359888,15.68235932369958,15.51787061276899,15.355107186629105,15.194050949158974,15.034683994043746,14.876988602783852,14.720947242725043,14.566542565109106,14.413757403145022,14.262574770100349,14.112977857412625,13.964950032820594,13.818474838515016,13.67353598930888,13.530117370826803,13.388203037713442,13.247777211860665,13.108824280653335,12.971328795233502,12.83527546878278,12.700649174822754,12.567434945533213,12.435617970088018,12.305183593008426,12.176117312533687,12.048404779008736,11.922031793288777,11.796984305160635,11.673248411780625,11.55081035612884,11.429656525479642,11.309773449888178,11.191147800692795,11.073766389033146,10.957616164383857,10.84268421310355,10.728957756999105,10.616424151904967,10.505070886277375,10.394885579803308,10.285855982024046,10.177969970973145,10.071215551828724,9.965580855579866,9.86105413770702,9.757623776876239,9.65527827364711,9.554006249194241,9.453796444042164,9.354637716813494,9.256519042990227,9.159429513688028,9.063358334443379,8.968294824013435,8.874228413188494,8.781148643616891,8.689045166642247,8.597907742152888,8.50772623744335,8.418490626087818,8.330190986825391,8.242817502457012,8.15636045875401,8.070810243378048,7.986157344812434,7.902392351304609,7.8195059498197566,7.7374889250053736,7.656332158166695
24,9.09,26.48,42.94,41.41,65.49,40.72,40.29,55.46,47.18,15.97,40.05,31.7,47.04,23.92,15.98,16.39,33.15,43.09,62.69,18.34,18.89,27.61,27.08,17.61,34.35,25.31,40.11,23.76,31.11,31.08,23.59,23.72,8.1,40.53,16.25,49.44,25.49,17.21,17.47,26.58,17.26,44.62,18.76,9.96,24.15,29.08,28.83,28.56,28.28,27.98,27.66,27.33,26.99,26.64,26.3,25.97,25.63,25.31,25.0,24.69,24.4,24.11,23.84,23.57,23.3,23.04,22.79,22.54,22.29,22.05,21.81,21.57,21.33,21.1,20.87,20.64,20.41,20.19,19.97,19.75,19.54,19.32,19.11,18.9,18.69,18.49,18.29,18.09,17.89,17.69,17.5,17.31,17.12,16.93,16.72056342415193,16.513717733082533,16.309430875637858,16.107671197160336,15.908407434583856,15.711608711589452,15.517244533820993,15.325284784159997,15.135699718058932,14.948459958932242,14.763536493604375,14.580900667814149,14.400524181774703,14.222379085788392,14.046437775915932,13.872672989699108,13.701057801936404,13.531565620510882,13.364170182269698,13.19884554895455,13.035566103182513,12.874306544476562,12.715041885345222,12.557747447410698,12.402398857584913,12.24897204429285,12.097443233742617,11.947788946241646,11.799985992558463,11.65401147032948,11.509842760510228,11.36745752387048,11.226833697532745,11.087949491553596,10.950783385547256,10.81531412535098,10.681520719731678,10.549382437133282,10.418878802464354,10.289989593925418,10.162694839875565,10.036974815737796,9.912810040942674,9.790181275909749,9.669069519066367,9.549456003903332,9.431322196066986,9.314649790487294,9.199420708541425,9.085617095252424,8.973221316522574,8.862215956400933,8.752583814384703,8.64430790275399,8.537371443939506,8.431757867922862,8.327450809669005,8.224434106590428,8.122691796042737,8.022208112851219,7.922967486867983,7.824954540559346,7.728154086623046,7.632551125634941,7.538130843724822,7.444878610280968,7.352779975683107,7.261820669063417,7.171986596095232,7.083263836809086,6.9956386434357976,6.909097438276221,6.823626811597353,6.739213519554467,6.655844482138962,6.573506781151575,6.492187658200691,6.411874512725401,6.332554900043019,6.254216529420755,6.17684726217124,6.100435109771614,6.024968232005877,5.950434935130229,5.876823670061097,5.80412303058558
25,28.54,92.58,53.42,17.29,25.04,41.11,24.58,65.22,56.11,31.74,39.8,56.28,71.49,39.38,8.02,31.95,8.24,24.97,34.88,27.12,36.82,37.32,18.24,53.44,8.6,33.51,40.8,39.4,23.48,0.0,39.06,31.45,31.82,24.28,48.68,57.02,33.05,16.99,42.88,53.15,8.92,26.23,17.59,27.7,27.83,28.33,28.1,27.86,27.62,27.35,27.07,26.77,26.45,26.13,25.81,25.49,25.17,24.86,24.56,24.26,23.97,23.69,23.42,23.16,22.9,22.64,22.39,22.15,21.9,21.66,21.43,21.19,20.96,20.73,20.51,20.28,20.06,19.84,19.62,19.41,19.2,18.99,18.78,18.57,18.37,18.17,17.97,17.77,17.58,17.39,17.2,17.01,16.82,16.64,16.402534722100107,16.168458251784834,15.937722228228772,15.710278980751749,15.486081518969957,15.26508352308759,15.047239334327067,14.832503945495809,14.62083299168761,14.412182741116755,14.206510086082902,14.003772534064913,13.8039281989418,13.606935792338923,13.412754615097713,13.221344548867108,13.032666047815008,12.846680130457983,12.66334837160761,12.48263289443171,12.304496362628912,12.128901972714857,11.955813446418505,11.785195023186951,11.617011452797197,11.451227988073356,11.287810377707798,11.12672485918474,10.967938151804816,10.811417449809193,10.65713041560182,10.50504517306839,10.355130300990648,10.20735482655469,10.061688218951888,9.91810038307115,9.776561653281185,9.637042787301507,9.4995149601609,9.363949758242102,9.230319173411477,9.09859559723246,8.968751815261573,8.840761001425859,8.71459671248054,8.590232882545763,8.467643817721331,8.346804190778274,8.227689035926161,8.11027374365512,7.99453405565144,7.880446059785729,7.767986185172621,7.657131197300953,7.5478581932334645,7.4401445968749815,7.333968154308136,7.22930692919565,7.126139298248232,7.024443946757134,6.924199864190493,6.825386339852489,6.72798295860446,6.6319695966470835,6.537326417362742,6.444033867217228,6.352072671719929,6.261423831441666,6.172068618089364,6.083988570636732,5.997165491510168,5.9115814428290925,5.82721874269993,5.744059961562988,5.662087918591463,5.5812856781418265,5.501636546254889,5.423124067206774,5.345732020109128,5.269444415557831,5.194245492329557,5.120119714125452,5.047051766361299,4.975026553003478,4.904029193450094,4.834045019456596
26,30.02,38.47,46.29,35.52,43.21,50.0,49.38,32.81,24.46,64.11,23.55,15.74,47.63,55.32,23.6,7.94,31.77,40.89,16.65,8.69,36.37,18.22,18.47,45.26,17.45,33.44,48.49,23.9,15.66,31.3,15.66,31.28,31.51,23.72,32.3,16.21,16.28,16.48,25.36,34.57,26.67,17.9,25.97,35.01,29.54,28.24,28.02,27.8,27.57,27.33,27.07,26.8,26.51,26.21,25.9,25.59,25.28,24.97,24.67,24.37,24.09,23.81,23.53,23.27,23.01,22.75,22.5,22.25,22.01,21.77,21.53,21.3,21.06,20.83,20.6,20.38,20.16,19.94,19.72,19.5,19.29,19.08,18.87,18.66,18.46,18.26,18.06,17.86,17.66,17.47,17.28,17.09,16.9,16.72,16.507845579960414,16.29838311553939,16.09157844942335,15.887397857709301,15.685808044405446,15.486776136001552,15.290269676108233,15.096256620164239,14.90470533021091,14.715584569732929,14.528863498564561,14.344511667860477,14.162499015130454,13.982795859337022,13.805372896055351,13.630201192694535,13.457252183779525,13.286497666292911,13.117909795075827,12.951461078287196,12.787124372920614,12.624872880378089,12.464680142099972,12.306520035250324,12.150366768457017,11.996194877605928,11.843979221688443,11.693694978701709,11.545317641600855,11.398823014302614,11.25418720773962,11.111386635964806,10.970398012305193,10.831198345564523,10.693764936274036,10.55807537299085,10.424107528643296,10.291839556922627,10.161249888720512,10.032317228611731,9.905020551381513,9.779339098596914,9.655252375221718,9.532740146274291,9.411782433527826,9.292359512252476,9.174451907998813,9.058040393422106,8.943105985146891,8.829629940671332,8.717593755310846,8.606979159180545,8.497768114215907,8.389942811231316,8.283485667015881,8.178379321466123,8.074606634755035,7.972150684537079,7.870994763188626,7.771122375083428,7.67251723390266,7.575163259979075,7.479044577674886,7.3841455127929,7.2904505900205026,7.197944530406086,7.106612248867485,7.016438851732037,6.927409634307849,6.839510078485887,6.752725850372485,6.667042797951907,6.582446948778546,6.498924507698436,6.416461854599644,6.335045542191229,6.254662293810371,6.175299001257334,6.096942722657885,6.019580680352858,5.943200258814476,5.867789002589124,5.79333461426622,5.719824952472864,5.647248029893928,5.575592011317263
27,30.7,60.74,28.91,36.98,79.94,34.57,58.59,0.0,49.18,81.36,47.69,38.77,46.75,23.65,62.84,31.16,31.52,63.21,16.28,58.0,34.83,53.85,45.28,45.68,53.34,33.94,16.16,63.1,79.11,39.26,31.46,31.25,7.84,31.37,7.86,40.27,24.22,40.52,65.29,51.0,43.11,17.82,17.7,34.21,31.94,31.79,31.54,31.3,31.06,30.81,30.54,30.26,29.95,29.63,29.3,28.96,28.62,28.28,27.95,27.62,27.3,26.98,26.67,26.37,26.08,25.79,25.5,25.22,24.95,24.67,24.4,24.14,23.87,23.61,23.35,23.1,22.85,22.6,22.35,22.1,21.86,21.62,21.39,21.15,20.92,20.69,20.47,20.24,20.02,19.8,19.59,19.37,19.16,18.95,18.74547505733978,18.543157526403583,18.34302358287709,18.145049659578778,17.949212443684736,17.75548887398338,17.563856138159863,17.374291670109763,17.186773147281734,17.001278488048914,16.81778584910862,16.636273622910164,16.456720435110405,16.279105142056782,16.103406828297476,15.929604804118496,15.757678603107294,15.587607979742721,15.419372907010962,15.252953574047218,15.08833038380284,14.925483950737632,14.764395098537072,14.605044857854166,14.447414464075667,14.291485355112423,14.137239169213547,13.984657742804197,13.833723108346689,13.684417492224686,13.53672331265024,13.390623177593406,13.246099882734205,13.103136409436699,12.961715922744927,12.821821769400472,12.683437475881414,12.546546746462464,12.411133461296028,12.277181674513976,12.14467561234991,12.013599671281689,11.883938416194,11.755676578560774,11.628799054647201,11.503290903731163,11.379137346343859,11.256323762529414,11.134835690123284,11.014658823049226,10.89577900963466,10.778182250944216,10.661854699131249,10.546782655807162,10.432952570428338,10.320351038700442,10.208964800999993,10.098780740812938,9.989785883190095,9.881967393219261,9.775312574513809,9.6698088677176,9.565443849026034,9.462205228723047,9.360080849733928,9.259058686193725,9.159126842031121,9.060273549567581,8.962487168131634,8.865756182688095,8.770069202482093,8.675414959697724,8.581782308131192,8.489160221878265,8.397537794035886,8.306904235417829,8.217248873284174,8.128561150084535,8.040830622214818,7.95404695878743,7.868199940414729,7.783279458005628,7.699275511575178,7.616178209066991,7.533977765188393,7.4526645002581295
28,20.66,31.06,81.29,86.75,64.74,53.28,43.42,42.14,41.49,49.04,16.11,39.28,7.67,23.25,31.38,54.48,15.48,23.58,55.13,40.43,33.03,17.26,44.51,27.0,17.95,17.39,16.49,7.9,62.38,39.37,39.52,31.44,46.99,54.58,54.63,70.38,24.1,40.1,16.05,40.92,76.08,34.28,35.1,52.69,39.75,36.02,35.75,35.48,35.21,34.93,34.65,34.35,34.03,33.69,33.34,32.97,32.6,32.22,31.85,31.48,31.12,30.76,30.41,30.06,29.73,29.4,29.08,28.76,28.44,28.13,27.82,27.52,27.22,26.92,26.63,26.33,26.05,25.76,25.48,25.2,24.92,24.65,24.38,24.12,23.85,23.59,23.33,23.08,22.83,22.58,22.33,22.08,21.84,21.6,21.37460118624047,21.151554438464466,20.930835212557056,20.712419220524342,20.49628242782081,20.282401050704554,20.070751553620113,19.86131064660862,19.654055282744956,19.44896265560167,19.246010196739352,19.0451755732232,18.84643668516549,18.64977166329371,18.455158866544057,18.26257687968004,18.072004510935958,17.883420789684948,17.696804964131356,17.51213649902724,17.32939507341262,17.148560578379403,16.96961311485856,16.792532991430445,16.617300722157935,16.4438970244422,16.27230281690085,16.102499217268196,15.934467540317454,15.768189295804616,15.603646186433776,15.4408201058437,15.279693136615393,15.12024754830045,14.962465795470013,14.806330515784065,14.651824528080857,14.498930830486307,14.347632598543107,14.197913183359347,14.049756109776478,13.903145074556368,13.758063944587308,13.614496755108709,13.472427707954333,13.331841169813872,13.192721670512643,13.055053901309252,12.91882271321102,12.784013115306971,12.650610273118243,12.518599506965698,12.387966290354553,12.258696248375896,12.13077515612486,12.004188937135318,11.878923661830893,11.754965545992155,11.632300949239802,11.510916373533668,11.390798461687387,11.271933995898578,11.154309896294354,11.037913219491994,10.922731157174672,10.808751034682011,10.695960309615373,10.58434657045767,10.473897535207628,10.364601050028245,10.256445087909395,10.14941774734437,10.04350725102023,9.938701944521842,9.834990295049398,9.732360890149367,9.630802436458659,9.53030375846189,9.430853797261644,9.332441609361535,9.23505636546199,9.138687349268585,9.043323956312825,8.94895569278523,8.855572174380583,8.763163125155243
29,105.37,114.57,51.81,60.95,57.8,36.88,53.35,43.62,50.71,24.85,32.28,39.78,38.9,30.45,30.83,69.73,30.86,15.43,55.01,62.95,24.3,57.34,34.2,44.28,26.63,88.24,17.0,8.1,39.09,31.02,23.69,87.03,15.75,15.64,15.49,46.58,23.31,39.97,23.82,32.09,32.57,25.16,33.82,60.82,42.13,36.6,36.3,36.02,35.75,35.48,35.2,34.91,34.61,34.29,33.95,33.59,33.23,32.86,32.49,32.11,31.75,31.39,31.03,30.68,30.34,30.0,29.67,29.35,29.02,28.71,28.39,28.08,27.78,27.47,27.17,26.87,26.58,26.29,26.0,25.72,25.44,25.16,24.88,24.61,24.34,24.07,23.81,23.55,23.29,23.04,22.79,22.54,22.29,22.05,21.803721862653834,21.560194424669785,21.31938696327618,21.08126909884635,20.845810791065976,20.61298233514333,20.38275435806176,20.155097814874097,19.929983985038405,19.707384468794675,19.487271183582,19.26961636049573,19.05439254078425,18.841572572384834,18.63112960649823,18.423037094201476,18.217268783098564,18.013798714008495,17.81260121769036,17.61365091160497,17.416922696712646,17.222391754306816,17.03003354288293,16.839823795042385,16.651738514431017,16.465753972711763,16.281846706571187,16.099993514759387,15.920171455163,15.742357841910882,15.566530242512123,15.392666475026015,15.220744605263647,15.05074294402074,14.882640044341402,14.716414698812429,14.552045936887835,14.389513022243271,14.228795450159984,14.069872944937986,13.912725457338142,13.757333162052797,13.603676455204678,13.451735951873715,13.301492483651495,13.152927096223026,13.006021046975508,12.86075580263382,12.717113036922411,12.5750746282533,12.434622657439908,12.295739405436429,12.158407351102424,12.022609168992425,11.888327727170186,11.75554608504736,11.62424749124634,11.49441538148693,11.366033376496643,11.239085279944357,11.113555076396988,10.989426929299071,10.866685178974826,10.745314340652598,10.62529910251133,10.506624323748861,10.389275032671819,10.273236424806809,10.158493861032738,10.04503286573398,9.932839124974162,9.821898484690362,9.712196948907472,9.603720677972504,9.496455986808606,9.390389343188602,9.285507366027794,9.181796823695846,9.079244632347512,8.977837854272014,8.877563696260856,8.778409507993867,8.680362780443271,8.583411144295583,8.487542368391116,8.392744358180956
30,10.54,95.3,31.13,20.59,60.62,38.25,82.56,35.5,60.91,42.08,24.51,8.0,31.53,23.17,15.15,76.37,69.24,53.73,15.45,39.17,31.42,56.27,65.12,50.9,52.46,61.32,51.92,33.57,32.16,46.66,15.49,31.59,31.75,47.14,46.74,30.92,53.91,38.56,55.44,23.82,47.85,48.58,33.19,66.91,45.76,39.65,39.29,38.97,38.68,38.38,38.09,37.79,37.48,37.15,36.8,36.44,36.06,35.67,35.28,34.88,34.49,34.1,33.71,33.34,32.96,32.6,32.24,31.89,31.54,31.19,30.85,30.51,30.18,29.85,29.52,29.2,28.88,28.56,28.25,27.94,27.64,27.34,27.04,26.74,26.45,26.16,25.87,25.59,25.31,25.03,24.76,24.49,24.22,23.96,23.690205202239166,23.423448352429034,23.159695242616642,22.898912050037996,22.641065332780773,22.386122025495823,22.134049435157007,21.884815236868757,21.638387469720833,21.394734532689785,21.15382518058654,20.91562852004963,20.68011400558354,20.44725143564166,20.21701094875335,19.98936301969461,19.764278455701856,19.541728392728363,19.321684291742834,19.10411793506965,18.889001422770352,18.676307169065826,18.466007898798825,18.25807664393629,18.052486740111053,17.849211823202523,17.648225825955812,17.449502974638982,17.253017785737903,17.058745062688356,16.86665989264488,16.676737643286078,16.488953959655824,16.30328476104009,16.119706237878898,15.938194848713099,15.758727317165464,15.581280628955831,15.405832028949824,15.232359018240814,15.060839351264741,14.891251032947425,14.723572315883994,14.557781697550064,14.393857917544352,14.231779954862294,14.07152702520041,13.913078578290973,13.756414295266742,13.601514086055317,13.448358086802878,13.296926657326908,13.147200378597603,12.99916005024765,12.852786688110033,12.70806152178358,12.56496599222591,12.423481749373472,12.283590649788431,12.14527475433198,12.00851632586392,11.873297826968088,11.739601917703437,11.60741145338042,11.47670948236241,11.347479243891883,11.219704165941087,11.093367863086893,10.968454134409596,10.844946961415355,10.722830505982047,10.602089108328244,10.482707285005048,10.36466972691056,10.247961297326682,10.132567029978055,10.018472127112823,9.90566195760502,9.79412205507834,9.683838116051012,9.57479599810157,9.466981718055282,9.360381450190998,9.254981524468187,9.15076842477394,9.047728787189712
31,51.9,84.37,52.69,20.58,40.85,30.04,47.52,27.39,35.29,43.23,58.16,32.45,31.76,62.68,61.44,52.55,22.85,30.55,30.66,30.75,31.33,62.48,64.17,24.32,25.12,34.58,17.21,42.87,33.34,40.06,23.25,31.06,39.5,71.22,23.5,70.1,23.05,38.17,45.98,86.85,39.24,15.82,63.91,57.61,48.24,45.75,45.28,44.88,44.52,44.17,43.84,43.49,43.14,42.78,42.4,42.0,41.59,41.15,40.71,40.26,39.82,39.37,38.93,38.5,38.07,37.65,37.23,36.82,36.42,36.02,35.63,35.24,34.85,34.47,34.1,33.72,33.35,32.99,32.63,32.27,31.92,31.57,31.22,30.88,30.54,30.21,29.88,29.55,29.23,28.91,28.59,28.28,27.97,27.67,27.3617460681491,27.05692619797155,26.75550213276286,26.45743604201225,26.162690516654678,25.871228564375784,25.58301360496913,25.29800946574517,25.016180376991386,24.73749096748293,24.461906260043367,24.1893916671548,23.919912986616968,23.653436397254623,23.389928454672802,23.12935608705935,22.871686591034212,22.61688762754495,22.364927217808027,22.11577373929525,21.869395921764976,21.625762843337505,21.3848439266142,21.146608934839833,20.91102796810771,20.678071459607047,20.447710171912153,20.21991519331296,19.994657934186453,19.77191012340847,19.551643804805533,19.333831333646167,19.118445373171337,18.9054588911635,18.694845156553935,18.486577736067794,18.2806304909066,18.076977573467662,17.875593424100046,17.676452767896688,17.47953061152224,17.284802240076274,17.092243213991388,16.90182936596592,16.71353679793079,16.527341878050166,16.343221237755515,16.16115176881271,15.981110620421832,15.80307519634922,15.627023152091535,15.452932392071396,15.280781066864234,15.110547570456077,14.942210537531857,14.77574884079394,14.611141588310524,14.448368120893576,14.287408009505986,14.12824105269759,13.970847274069785,13.81520691976836,13.66130045600427,13.509108566602036,13.358612150575444,13.209792319730266,13.062630396293667,12.917107910570046,12.773206598622968,12.630908399982948,12.49019545538073,12.351050104505871,12.213454883790243,12.077392524216268,11.94284594914954,11.80979827219562,11.678232795080685,11.548133005555792,11.419482575324505,11.292265357993582,11.166465387046518,11.042066873839648,10.91905420562058,10.797411943568694,10.677124820857493,10.558177740738513
32,81.99,72.76,83.95,73.36,91.98,50.68,99.67,37.87,45.37,61.36,25.7,41.41,88.86,39.53,70.28,30.41,44.74,53.02,61.05,30.55,53.67,38.92,70.04,15.95,56.11,41.45,84.78,59.62,34.0,58.38,40.02,54.27,54.56,47.4,94.57,54.76,69.89,76.36,68.13,53.39,70.29,38.82,93.81,39.74,47.2,50.23,49.65,49.15,48.71,48.32,47.94,47.56,47.18,46.8,46.4,45.98,45.54,45.08,44.61,44.13,43.65,43.17,42.69,42.21,41.75,41.29,40.83,40.38,39.94,39.5,39.07,38.64,38.22,37.8,37.39,36.98,36.58,36.18,35.78,35.39,35.0,34.62,34.24,33.87,33.5,33.13,32.77,32.41,32.05,31.7,31.36,31.01,30.67,30.34,30.014576926906134,29.692644301290905,29.37416468504802,29.05910104162766,28.74741673172945,28.4390755090416,28.134041516025754,27.83227927974706,27.53375370774897,27.238430083972265,26.94627406471786,26.657251674652926,26.37132930285984,26.08847369892751,25.80865196908461,25.53183157237434,25.257980316870157,24.98706635593211,24.71905818450338,24.453924635446448,24.19163487591867,23.932158403786627,23.675465044079,23.421524945477465,23.17030857684523,22.92178672379282,22.675930485280663,22.432711270258157,22.19210079433875,21.954071076510715,21.718594435883183,21.485643488467083,21.25519114399061,21.027210602748852,20.801675352487205,20.578559165318207,20.357836094671477,20.139480472276315,19.923466905176706,19.709770272778336,19.49836572392726,19.289228674019927,19.08233480214419,18.877660048250988,18.675180610356353,18.474872941773455,18.27671374837429,18.08067998588079,17.886748857184937,17.694897809697682,17.505104532726236,17.31734695487953,17.13160324150149,16.94785179213187,16.766071237994264,16.586240439511116,16.408338483845345,16.232344682468373,16.058238568754213,15.885999895599351,15.71560863306821,15.547044966063808,15.380289292023434,15.215322218639024,15.052124561602014,14.890677342372344,14.73096178597142,14.57295931879874,14.41665156647193,14.262020351689968,14.109047692119294,13.957715798302637,13.808007071590229,13.659904102093236,13.513389666659135,13.368446726868788,13.225058427055034,13.083208092342502,12.942879226708468,12.804055511064492,12.666720801358656,12.530859126698138,12.396454687491927,12.263491853613466,12.131955162582996,12.001829317769392
33,60.53,113.39,52.01,73.31,52.41,50.97,101.28,49.89,47.28,90.42,52.21,51.24,57.72,56.37,39.43,100.64,45.39,37.1,53.03,68.41,15.21,53.52,23.23,54.12,31.59,63.68,48.99,33.47,16.96,68.05,33.49,40.06,38.76,31.15,62.93,31.48,93.54,46.23,30.32,37.71,45.33,30.91,30.7,38.89,45.52,48.16,47.54,47.0,46.53,46.11,45.73,45.37,45.0,44.63,44.26,43.87,43.46,43.04,42.61,42.16,41.71,41.25,40.8,40.35,39.9,39.46,39.03,38.6,38.18,37.76,37.35,36.94,36.54,36.14,35.74,35.35,34.96,34.58,34.2,33.83,33.46,33.09,32.73,32.37,32.02,31.67,31.32,30.98,30.64,30.31,29.97,29.65,29.32,29.0,28.69956035655223,28.402233264116703,28.1079864767032,27.816788082389564,27.52860649986076,27.243410474983794,26.96116907741809,26.68185169726104,26.405428041728232,26.131868131868142,25.861142299310814,25.59322118305023,25.32807572626004,25.065677173142255,24.805997065808608,24.549007241194197,24.294679828003126,24.042987243685783,23.79390219144743,23.54739765728779,23.30344690707129,23.062023483627687,22.823101203882683,22.58665415601831,22.352656696662713,22.121083448109065,21.891909295563266,21.665109384420163,21.44065911756802,21.218534152720874,20.99871039977854,20.78116401821397,20.565871414487702,20.352809239489034,20.141954386003775,19.933283986208178,19.726775409188885,19.52240625848851,19.32015436967669,19.11999780794629,18.921914865734514,18.72588406036864,18.53188413173618,18.339894039979136,18.1498929632122,17.961860295264522,17.775775643444938,17.59161882633031,17.409369871576803,17.22900901375381,17.050516692200336,16.873873548903617,16.69906042639964,16.526058365695494,16.354848604213196,16.18541257375485,16.017731898488854,15.851788392956992,15.687564060102183,15.525041089316625,15.364201854510203,15.205028912198872,15.04750499961287,14.891613032824518,14.737336104895414,14.58465748404284,14.433560611825126,14.284029101345867,14.136046735476697,13.989597465098504,13.844665407360848,13.701234843959428,13.559290219431384,13.418816139468252,13.279797369246424,13.142218831774871,13.006065606260009,12.87132292648749,12.737976179220766,12.606010902616239,12.475412784654836,12.34616766158982,12.218261516410703,12.091680477323045,11.966410816244036,11.842438947313626
34,80.31,40.5,103.09,83.01,83.5,62.68,101.72,101.16,49.79,28.25,107.54,60.66,68.02,65.71,48.18,86.02,30.85,37.59,88.79,37.69,37.68,60.52,45.65,61.72,46.07,31.35,62.93,96.92,41.62,33.9,68.23,50.37,40.07,38.63,46.54,23.51,47.0,77.33,68.86,45.37,119.57,29.96,30.65,38.14,46.11,49.2,48.5,47.88,47.34,46.87,46.45,46.05,45.68,45.3,44.92,44.52,44.12,43.71,43.28,42.84,42.38,41.93,41.47,41.01,40.56,40.12,39.68,39.24,38.81,38.39,37.97,37.55,37.14,36.74,36.33,35.94,35.54,35.15,34.77,34.39,34.01,33.64,33.27,32.91,32.55,32.19,31.84,31.49,31.15,30.81,30.47,30.14,29.81,29.48,29.17171791024611,28.866659628052023,28.564791440998082,28.266079989206528,27.97049226165486,27.677995592527722,27.38855765760698,27.10214647069952,26.81873038010239,26.538278065104965,26.26075853252761,25.986141113296608,25.714395459054867,25.445491538808074,25.179399635605947,24.916090343258155,24.6555345630846,24.397703500699695,24.142568662830243,23.890101854166602,23.6402751742468,23.393061014373195,23.148432054561415,22.906361260521177,22.666821880668703,22.429787443170337,22.195231753017143,21.963128889130033,21.73345320149519,21.506179308329475,21.281282093275415,21.058736702625584,20.838518542575976,20.62060327650812,20.404966822299574,20.191585349662624,19.980435277510722,19.771493271352533,19.564736240713202,19.36014133658258,19.157685948890165,18.957347704006427,18.759104462270255,18.5629343155423,18.36881558478383,18.176726817661002,17.986646786174095,17.79855448431158,17.61242912572874,17.42825014145052,17.245997177598422,17.065650093141173,16.887188957668908,16.710594049190654,16.535845851954786,16.36292505429234,16.191812546482858,16.022489418642525,15.854936958634427,15.689136650000641,15.525070169915955,15.362719387162986,15.202066360128482,15.043093334820552,14.885782742906667,14.730117199772147,14.576079502598962,14.42365262846463,14.272819732460993,14.123564145832646,13.975869374134872,13.829719095410796,13.685097158387645,13.541987580691824,13.400374547082702,13.260242407704835,13.121575676358484,12.984359028788212,12.848577300989378,12.714215487532343,12.581258739904195,12.449692364867829,12.319501822838166,12.190672726275363,12.063190838094837,11.93704207009389
35,104.56,30.23,101.28,113.51,31.14,41.66,62.74,71.25,91.02,39.77,74.9,44.65,94.94,59.34,40.95,39.92,31.06,69.14,52.5,44.31,52.58,52.54,45.25,98.76,91.69,68.62,85.54,54.86,48.37,75.05,101.9,42.77,33.63,63.95,38.6,38.67,46.87,46.67,68.94,76.33,97.46,44.48,66.9,76.07,61.14,56.74,55.87,55.08,54.39,53.78,53.24,52.75,52.3,51.85,51.41,50.96,50.51,50.04,49.56,49.06,48.55,48.04,47.52,47.0,46.49,45.97,45.47,44.97,44.48,43.99,43.51,43.04,42.57,42.1,41.64,41.18,40.73,40.29,39.85,39.41,38.98,38.55,38.13,37.72,37.3,36.89,36.49,36.09,35.7,35.31,34.92,34.54,34.16,33.79,33.42719150690865,33.068278545118254,32.71321928770247,32.361972356837185,32.01449681897841,31.670752180092016,31.33069838093461,30.99429579238515,30.661505210826615,30.332287853577355,30.006605354371395,29.68441975888734,29.36569352032525,29.050389495031038,28.738470938167797,28.429901499433665,28.12464521882565,27.822666522448884,27.523930218370968,27.22840149252076,26.936045904631214,26.64682938422581,26.36071822664803,26.077679089133504,25.79767898692432,25.520685289425053,25.246665716400052,24.97558833421159,24.707421552098385,24.44213411849408,24.179695117385247,23.920073964708514,23.663240404786364,23.409164506801197,23.157816661307265,22.909167576780046,22.663188276202696,22.419850093689096,22.179124671143214,21.940983954954326,21.70540019272768,21.472345930050313,21.241794007291578,21.013717556438003,20.788089997962167,20.564885037725173,20.344076663912393,20.125639144002097,19.909547021766652,19.695775114305913,19.484298509112442,19.275092561168282,19.068132890072878,18.863395377201826,18.660856162896145,18.460491643681742,18.26227846951869,18.06619354108008,17.872214007060077,17.680317261510872,17.490480941208247,17.302682923045396,17.116901321454765,16.933114485857537,16.751300998140543,16.571439670160224,16.393509541273424,16.21748987589467,16.04336016107971,15.87110010413496,15.700689630252652,15.53210888017136,15.365338207861631,15.2003581782365,15.037149564886553,14.875693347839329,14.715970711342774,14.557963041672497,14.401651924962561,14.24701914505958,14.094046681399837,13.942716706909225,13.7930115859257,13.644913872144073,13.498406306582847,13.353471815572902
36,94.74,115.38,70.35,131.32,113.33,72.35,103.71,83.55,30.44,100.63,88.8,83.82,71.16,86.18,67.64,89.8,47.41,85.68,53.65,112.06,66.66,29.98,37.54,67.84,52.99,68.49,75.86,100.62,62.67,56.63,58.49,42.5,25.77,117.5,95.65,46.14,69.39,93.3,77.25,45.85,98.55,81.94,80.95,73.84,66.43,64.72,63.65,62.68,61.81,61.04,60.36,59.75,59.19,58.67,58.15,57.64,57.12,56.59,56.05,55.5,54.94,54.36,53.78,53.2,52.62,52.04,51.47,50.91,50.35,49.8,49.25,48.71,48.18,47.65,47.13,46.62,46.11,45.6,45.11,44.61,44.12,43.64,43.16,42.69,42.22,41.76,41.31,40.85,40.41,39.97,39.53,39.1,38.67,38.25,37.82406262826845,37.40286833221371,36.98636429475896,36.57449828697816,36.16721866154665,35.76447434626458,35.36621483765259,34.97239019461879,34.58295103219615,34.197848515349754,33.81703435285298,33.440460791231814,33.068080608776675,32.699847109620876,32.33571411788505,31.97563597188676,31.6195675184146,31.267464107066058,30.91928158464843,30.57497628964208,30.234505046725364,29.89782516136049,29.564894414439724,29.235671056991173,28.910113804943517,28.58818183394907,28.26983477426447,27.955032705688385,27.643736152555565,27.335906078786678,27.03150388299325,26.73049139363708,26.43283086424366,26.138484968668745,25.847416796417782,25.55958984801736,25.274968030438256,24.993515652569396,24.715197420742292,24.43997843430524,24.167824181246846,23.898700533868272,23.632573744503695,23.369410441288377,23.109177623973913,22.851842659790044,22.597373279352563,22.345737572616766,22.096903984876025,21.85084131280485,21.60751870054605,21.36690563584145,21.12897194620573,20.893687795142817,20.66102367840445,20.430950420290387,20.20343916998984,19.9784613979636,19.755988892366506,19.535993755509715,19.318448400362374,19.10332554709226,18.890598219644925,18.680239742360946,18.472223736630845,18.266524117587245,18.063115090833886,17.86197114921103,17.66306706959692,17.466377909744836,17.27187900515538,17.079545965983584,16.88935467398047,16.70128127946865,16.515302198351623,16.33139410915638,16.1495339501089,15.969698916242264,15.791866456536948,15.616014271092949,15.442120308333429,15.27016276223947,15.100120069615647,14.931970907386031,14.765694189920307,14.601269066389682
37,52.21,73.9,63.01,70.18,120.99,133.66,144.39,93.14,72.97,70.67,109.83,127.86,111.36,88.77,103.27,84.22,64.9,55.52,85.56,45.88,89.1,59.11,74.73,97.34,75.04,75.35,68.06,83.18,69.55,94.2,48.56,16.74,93.64,51.51,75.5,55.48,68.91,61.44,100.52,61.73,75.93,67.78,73.96,80.53,68.6,65.35,64.21,63.16,62.22,61.37,60.61,59.93,59.31,58.75,58.21,57.68,57.16,56.63,56.09,55.54,54.98,54.41,53.84,53.26,52.68,52.1,51.53,50.97,50.41,49.86,49.31,48.77,48.24,47.71,47.19,46.68,46.17,45.66,45.16,44.67,44.18,43.7,43.22,42.74,42.28,41.81,41.36,40.9,40.46,40.02,39.58,39.14,38.72,38.29,37.85743894721068,37.4297645244655,37.006921527642334,36.58885537625845,36.17551210642532,35.76683836388293,35.36278139711284,34.96328905052905,34.5683097577457,34.177792534921004,33.79168697417615,33.40994323708874,33.03251204825963,32.65934468895247,32.29039299080512,31.92560932961202,31.564946619176983,31.208358305235226,30.85579835944419,30.5072212734422,30.162582052974273,29.821836212084254,29.484939767372584,29.15184923231893,28.82252161166896,28.496914395884513,28.174985555656487,27.856693536479714,27.54199725328909,27.230856085156333,26.92322987004665,26.61907889963463,26.31836391417869,26.02104609745345,25.727087071739323,25.436448892868754,25.149094045328376,24.86498543741652,24.584086396455437,24.306360664057568,24.031772391445354,23.76028613482386,23.491866850805714,23.226479891887692,22.96409100197845,22.704666311976737,22.44817233539959,22.194575964059908,21.943844463792832,21.695945470230455,21.450846984624228,21.208517369714546,20.96892534564705,20.732039985935018,20.49783071346737,20.266267296561786,20.037319845062427,19.81095880648169,19.587154962185586,19.365879423622243,19.147103628592912,18.93079933756522,18.71693863002799,18.50549390088727,18.296437856903097,18.089743513166443,17.88538418961606,17.6833335075946,17.483565386443654,17.28605404013728,17.090773973953556,16.897699981183703,16.706807139878432,16.518070809631006,16.331466628396672,16.14697050934802,15.96455863776584,15.784207467965139,15.605893720255866,15.429594377937974,15.255286684330425,15.082948139833773,14.912556499025904,14.744089767790625,14.577526200478644,14.412844297100662
38,147.44,125.9,73.99,147.16,110.15,70.51,113.27,61.95,62.0,72.83,100.34,89.73,49.02,120.38,88.76,136.83,58.57,81.21,87.13,54.38,69.1,81.72,66.33,67.0,74.59,82.11,59.85,128.17,75.48,123.73,54.98,81.06,50.37,34.03,77.19,41.83,55.26,22.84,61.08,54.06,107.29,60.41,52.4,66.13,65.56,65.93,64.74,63.63,62.61,61.68,60.85,60.1,59.42,58.81,58.23,57.68,57.15,56.61,56.07,55.52,54.96,54.4,53.83,53.25,52.68,52.1,51.53,50.97,50.41,49.86,49.32,48.78,48.24,47.72,47.19,46.68,46.17,45.66,45.16,44.67,44.18,43.7,43.22,42.75,42.28,41.82,41.36,40.91,40.46,40.02,39.58,39.15,38.72,38.29,37.86139542830603,37.43758850296561,37.01852552084055,36.60415337992642,36.19441957262364,35.789272179083916,35.388659860631186,34.992531853256175,34.60083796118377,34.213528550512436,33.83055454292477,33.45186740946853,33.077419164407196,32.70716235913943,32.341050076186605,31.979035923247533,31.621074027319892,31.267119028887333,30.91712607617173,30.571050819449717,30.22884940543288,29.89047847171084,29.555895141256535,29.22505701699302,28.89792217642107,28.574449166306927,28.25459699742952,27.938325139386457,27.62559351545819,27.31636249752963,27.01059290106865,26.708245980160775,26.409283422599433,26.113667345031196,25.82136028815536,25.532325211977234,25.246525491114596,24.963924910156646,24.684487659074954,24.408178328685743,24.13496190616299,23.864803770601718,23.597669688630987,23.333525810075976,23.07233866366862,22.814075152806257,22.558702551357776,22.30618849951666,22.056500999700518,21.809608412496438,21.5654794526518,21.324083185109917,21.085389021090055,20.849366714211367,20.61598635666018,20.385218375400193,20.1570335284251,19.93140290105316,19.708297902263247,19.487690261071904,19.269552022950947,19.0538555462852,18.840573498869837,18.629678854446965,18.42114488928096,18.214945178772137,18.011053594108343,17.809444298954002,17.610091746176234,17.412970674607642,17.21805610584531,17.02532334108562,16.834747957994544,16.64630580761293,16.459973011296434,16.275725957689723,16.09354129973454,15.913395951711248,15.7352670863135,15.559132131755666,15.3849687689126,15.212754928491478,15.042468788235242,14.874088770157377,14.707593537807643,14.54296199356839
39,137.45,116.37,105.01,126.73,105.17,109.8,90.5,133.8,113.28,71.98,124.14,100.04,119.45,88.22,92.67,97.31,76.54,108.85,16.23,79.06,69.81,107.55,104.13,88.25,81.72,89.08,81.64,97.0,135.42,45.27,54.19,102.36,81.17,67.17,93.5,145.53,75.0,55.0,75.51,61.02,115.2,99.17,97.64,52.1,70.95,77.56,76.12,74.76,73.5,72.35,71.29,70.33,69.47,68.68,67.96,67.28,66.63,65.99,65.35,64.71,64.06,63.41,62.75,62.08,61.41,60.75,60.08,59.43,58.78,58.13,57.5,56.87,56.25,55.63,55.02,54.42,53.83,53.24,52.66,52.08,51.51,50.95,50.39,49.84,49.29,48.75,48.22,47.69,47.17,46.66,46.15,45.64,45.14,44.65,44.158116857267856,43.67165250571386,43.19054724965974,42.71474205105988,42.24417852225656,41.77879891881501,41.31854613243739,40.86336368395483,40.41319571639671,39.96798698813623,39.527682866111554,39.09222931912158,38.6615729111956,38.23566079503598,37.81444070553314,37.39786095335182,36.98587041858823,36.57841854449688,36.1754553312866,35.776931329984926,35.382797636370036,34.99300588496952,34.60750824312533,34.22625740512405,33.84920658639188,33.47630951775349,33.10752043975424,32.742794097044836,32.38208573282791,32.025351083365756,31.6725463725486,31.323628306522654,30.97855406837739,30.637281312891368,30.29976816133585,29.96597319633578,29.63585545678728,29.309374432831174,28.986490060881923,28.667162718711246,28.351353220585978,28.039022812459418,27.730133167215726,27.424646379966664,27.12252496340013,26.823731843180017,26.528230353396644,26.23598423206739,25.94695761668687,25.6611150398261,25.378421424780168,25.098842081263896,24.822342701154835,24.5488893542832,24.27844848426823,24.01098690440032,23.74647179356859,23.4848706922333,23.226151498442626,22.970282463893312,22.717232190034753,22.46696962421594,22.21946405587491,21.974685112770146,21.732602757253495,21.49318728258413,21.256409309283168,21.022239781528388,20.790649963588706,20.561611436297913,20.335096093567266,20.111076138936497,19.8895240821628,19.670412735847442,19.453715212099468,19.23940491923623,19.027455558520213,18.81784112093184,18.610535883977793,18.40551440853456,18.202751535726684,18.002222383839438,17.80390234526551,17.607767083485324,17.413792530080617,17.221954881780917
40,108.87,126.26,137.51,52.49,94.87,104.99,119.39,90.26,61.64,92.26,122.5,92.82,109.79,149.39,136.99,46.23,61.75,161.41,108.82,113.52,118.07,116.51,122.82,89.32,58.68,111.2,81.42,88.63,104.48,90.25,195.88,108.65,118.51,97.34,92.56,101.74,76.98,107.95,93.82,135.43,121.54,61.2,45.62,127.45,99.15,90.89,89.21,87.58,86.05,84.62,83.31,82.11,81.02,80.02,79.11,78.27,77.47,76.71,75.95,75.2,74.44,73.68,72.91,72.14,71.37,70.6,69.83,69.06,68.31,67.56,66.82,66.09,65.37,64.65,63.95,63.25,62.56,61.87,61.19,60.53,59.86,59.21,58.56,57.92,57.29,56.66,56.04,55.43,54.82,54.22,53.63,53.04,52.46,51.89,51.313780711710955,50.74396012583464,50.18046718714364,49.62323162945261,49.07218396685624,48.52725548506454,47.98837823283436,47.45548501349597,46.928509376573864,46.40738560950053,45.89204872942226,45.38243447509591,44.87847929887576,44.38012035878918,43.88729551070046,43.399943300561574,42.91800295674901,42.441414382485654,41.97011814834698,41.5040554848502,41.04316827512599,40.58739904767136,40.136690969183164,39.690987837471084,39.250234074449374,38.8143747192064,38.38335542115118,37.95712243323596,37.53562260525408,37.118803377212345,36.70661277277685,36.298999392791664,35.89591240886954,35.49730155705369,35.10311713154999,34.71330997852882,34.327831489995674,33.94663359772989,33.569668767290636,33.1968899920895,32.828250787528866,32.463705185205406,32.10320772717796,31.74671346029898,31.39417793060907,31.04555717779359,30.70080772970099,30.3598865969219,30.02275126742846,29.6893597012732,29.35967032534672,29.03364202819366,28.711234154886192,28.392406501954444,28.077119312373224,27.76533327060444,27.457009497694514,27.15210954642631,26.850595396524835,26.552429449916186,26.257574526039217,25.96599385720918,25.677651084032867,25.392510250874732,25.11053580137326,24.83169257400722,24.55594579771108,24.28326108753915,24.01360444037787,23.746942230705695,23.48324120640008,23.222468484591026,22.96459154756066,22.709578238688355,22.457396758440883,22.20801566040709,21.961403847376605,21.717530567462102,21.4763654102646,21.23787830308136,21.002039507155928,20.76881961396973,20.53818954157495,20.310120530968057,20.084584142503626,19.861552252348012
41,217.37,193.97,183.32,200.75,115.29,178.54,136.31,148.69,129.87,163.64,162.86,122.38,133.92,169.28,139.31,146.22,101.36,132.0,135.87,167.48,137.83,133.97,116.59,84.57,81.6,117.14,169.92,117.98,118.16,134.12,67.64,113.34,70.16,79.08,105.76,100.99,84.64,102.47,99.32,85.74,90.05,143.94,68.68,182.43,115.9,95.36,93.69,91.98,90.33,88.77,87.33,86.0,84.78,83.66,82.64,81.69,80.81,79.98,79.17,78.37,77.57,76.78,75.98,75.17,74.37,73.57,72.77,71.97,71.19,70.41,69.64,68.88,68.12,67.38,66.64,65.91,65.19,64.48,63.77,63.08,62.39,61.7,61.03,60.36,59.7,59.05,58.4,57.76,57.13,56.51,55.89,55.28,54.67,54.08,53.487740403059796,52.901966964221806,52.32260865002849,51.749595204948506,51.18285714285713,50.62232573861015,50.06793301970991,49.51961175806267,48.97729546182625,48.44091836734692,47.910415431184596,47.38572232222544,46.86677541388073,46.35351177637126,45.845869169096176,45.343786033085415,44.84720148353478,44.35605530242283,43.87028793120851,43.38984046360887,42.91465463845583,42.44467283263112,41.97983805407874,41.52009393489376,41.06538472448696,40.61565528282426,40.17085107374016,39.73091815832451,39.29580318838158,38.86545339996086,38.43981660695866,38.018841194789786,37.60247611412855,37.19067087471828,36.78337553924867,36.38054071730016,35.98211755935461,35.588057750871656,35.19831350642979,34.812837563931765,34.43158317887335,34.05450411867489,33.681554657074955,33.31268956858533,32.947864123006845,32.58703408000513,32.23015568374587,31.877185657588786,31.52808119883968,31.18279997356004,30.841300111433423,30.503540200688054,30.169479283075095,29.839076848901833,29.512292832119318,29.189087605463765,28.869421975651182,28.553257178624637,28.240554874853515,27.931277144684348,27.625386483742485,27.322845798384154,27.02361840119831,26.727668006557785,26.43495872621911,26.145455064970562,25.85912191632785,25.575924558276967,25.295828649063612,25.018800223028794,24.74480568648999,24.473811813667425,24.20578574265498,23.940694971435196,23.67850735393796,23.419191096142306,23.162714752220953,22.909047220727032,22.658157740822592,22.410015888548422,22.16459157313468,21.921855033351967,21.681776833902365,21.44432786184995,21.209479323090466,20.977202738859603
42,108.21,145.83,133.63,149.09,169.39,94.34,136.59,125.97,207.67,239.05,132.49,111.54,122.57,123.49,179.11,79.49,87.65,147.14,131.98,161.28,132.74,154.15,126.23,147.88,122.74,125.89,58.31,132.73,125.19,118.09,119.2,90.36,166.43,109.16,110.68,73.25,75.75,75.91,102.17,82.59,101.07,74.99,52.86,60.91,84.62,93.21,91.77,90.18,88.56,87.0,85.54,84.17,82.91,81.75,80.68,79.7,78.79,77.93,77.11,76.31,75.53,74.75,73.97,73.19,72.4,71.62,70.85,70.07,69.31,68.55,67.8,67.06,66.32,65.6,64.88,64.17,63.47,62.78,62.09,61.41,60.74,60.07,59.42,58.77,58.13,57.49,56.86,56.24,55.62,55.02,54.41,53.82,53.23,52.65,52.07761081571445,51.51144441164329,50.9514331362748,50.39751007357676,49.84960903500056,49.30766455157231,48.77161186606994,48.241386925285305,47.716926372370445,47.19816753926704,46.68504843921816,46.177507759361454,45.67548485340285,45.17891973436988,44.6877530674438,44.20192616286967,43.72138096894346,43.24606006507544,42.77590665492896,42.31086455963382,41.850878211073415,41.39589264524493,40.94585349569158,40.50070698700641,40.06039992840659,39.62487970737765,39.1940942833868,38.76799218166451,38.346522487053846,37.92963483792655,37.51727942016531,37.109406961211434,36.70596872417728,36.30691650202263,35.912202611794406,35.521779888929025,35.135601681616684,34.75362184522689,34.375794736794646,34.00207520956651,33.632418607606034,33.266780760457735,32.90511797786924,32.54738704457062,32.193545215110646,31.843550208749072,31.497360204404497,31.154933835657165,30.816230185806038,30.48120878297965,30.149829595300126,29.822053026099706,29.497839909189366,29.177151504178795,28.859949491847306,28.54619596956506,28.23585344676402,27.928884840458235,27.625253470812755,27.32492305676071,27.02785771166813,26.734021939045764,26.44338062830764,26.15589905057565,25.871542854529796,25.590278062303533,25.31207106542372,25.03688862079474,24.764697846726275,24.495466219004232,24.22916156700442,23.96575206984848,23.705206252601563,23.4474929825114,23.19258146528821,22.94044124142511,22.691042182558444,22.44435448786778,22.200348680514956,21.958995604121892,21.720266419286695,21.484132600137595,21.250565930924388,21.019538502646935,20.791022709720274,20.564991246676037
43,184.56,277.65,170.76,194.8,195.26,159.07,188.95,231.19,199.75,217.36,168.85,131.84,222.7,81.69,154.43,178.68,148.77,145.9,165.64,131.75,168.8,133.18,186.84,158.05,132.13,130.3,103.52,80.02,110.56,147.14,140.29,74.61,135.84,120.99,62.36,86.97,114.0,143.02,109.27,161.67,74.04,116.37,82.23,105.57,102.72,103.11,101.8,100.24,98.52,96.78,95.11,93.54,92.08,90.73,89.48,88.32,87.25,86.25,85.31,84.4,83.52,82.64,81.77,80.91,80.04,79.18,78.32,77.47,76.62,75.78,74.95,74.13,73.32,72.52,71.73,70.94,70.17,69.4,68.64,67.89,67.15,66.42,65.69,64.97,64.26,63.56,62.86,62.17,61.49,60.82,60.16,59.5,58.85,58.21,57.571525583240415,56.94005425153248,56.3155091917746,55.69781443338709,55.086894839070986,54.48267609566826,53.88508470512226,53.29404797553724,52.7094940123361,52.13135170951495,51.559550740993714,50.99402155206154,50.43469535091606,49.88150410029549,49.33438050920243,48.793258024718526,48.25807082390883,47.728753805815074,47.2052425835366,46.68747347639834,46.17538350220453,45.66891036957748,45.16799247038041,44.672568872223266,44.18257931105087,43.697964183812296,43.21866454121067,42.74462208053248,42.275779138555556,41.81207868453483,41.35346431326505,40.89988023821952,40.4512712847642,40.007582883446155,39.56876106335564,39.13475244556101,38.70550423661564,38.280964222136014,37.86108076045034,37.44580277631676,37.03507975471045,36.62886173467896,36.22709930326483,35.82974358949497,35.4367462584359,35.04805950531423,34.66363604970161,34.28342912976346,33.907392496570814,33.5354804084745,33.16764762554109,32.80384940404986,32.44404149105004,32.088180118977846,31.736222000332585,31.388124322411006,31.043844742099573,30.703341380723746,30.36657281895381,30.03349809176657,29.70407668346232,29.3782685227364,29.056033977804933,28.737333851583916,28.42212937692122,28.110382211880932,27.802054435079356,27.497108541072215,27.195507435792436,26.897214432037956,26.60219324500904,26.310407987894582,26.021823167506714,25.736403679963423,25.454114806418435,25.174922208837963,24.898791925823772,24.625690368482108,24.355584316337822,24.088440913293454,23.824227663632524,23.562912428066724,23.304463419826437,23.048849200794162,22.796038677680322,22.546001098241035
44,159.0,235.12,145.56,318.53,158.9,230.27,234.12,200.13,168.53,147.6,207.28,119.07,131.84,202.17,183.81,51.41,139.03,109.04,184.85,119.65,201.97,110.09,158.54,170.77,150.18,147.43,122.37,147.66,130.8,139.85,139.86,66.51,119.32,166.05,128.39,109.2,86.99,105.75,134.46,134.57,119.0,90.25,147.01,179.14,133.73,121.42,120.2,118.66,116.85,114.88,112.9,110.99,109.2,107.54,105.99,104.55,103.21,101.97,100.81,99.7,98.63,97.58,96.55,95.52,94.5,93.48,92.46,91.46,90.46,89.47,88.49,87.52,86.56,85.62,84.68,83.76,82.84,81.93,81.04,80.15,79.28,78.41,77.55,76.7,75.86,75.03,74.21,73.4,72.6,71.81,71.02,70.24,69.48,68.72,67.97151773104683,67.23118775701417,66.4989212850004,65.77463048921555,65.05822850044774,64.34962939564436,63.6487481876067,62.95550081479692,62.269804131255846,61.59157589663083,60.92073476631197,60.25720028167601,59.60089286043628,58.95173378709789,58.309645203516844,57.67455009956192,57.04637230387837,56.425036474752154,55.81046809107364,55.20259344339981,54.6013396251138,54.00663452368063,53.41840681199831,52.836585939843076,52.26110212540779,51.691886346932556,51.12887033442642,50.57198656147934,50.0211682371632,49.47634929802118,48.93746440014424,48.40444891133408,47.87723890335121,47.3557711442477,46.839983090783306,46.3298128809242,45.82519932642348,45.326081905482376,44.832400755491506,44.34409666585111,43.86111107086952,43.38338604273898,42.91086428458792,42.44348912360902,41.981204504261996,41.52395498155046,41.07168571437205,40.62434245894096,40.181871562282076,39.74421995579603,39.31133514889428,38.88316522270361,38.459658823839085,38.040765158244916,37.62643398510234,37.21661561080394,36.811260882993516,36.4103211846709,36.01374842836101,35.62149505034633,35.23351400496235,34.84975875895497,34.47018328589949,34.09474206068031,33.72339005403085,33.35608272713281,32.99277602627434,32.6334263775664,32.277990681716624,31.926426308860098,31.578691093446512,31.23474332918292,30.89454176403163,30.558045595262556,30.225214464559464,29.896008453179522,29.57038807716557,29.24831428261053,28.9297484409734,28.61465234444627,28.302988201371807,27.99471863171061,27.689806662557988,27.388215723709532,27.089909643275,26.79485264333998
45,223.08,331.93,260.59,194.79,221.6,134.81,150.29,128.19,137.27,189.64,137.01,216.83,237.8,162.19,191.72,193.96,205.22,198.69,207.97,155.45,192.88,193.53,144.37,150.64,170.74,126.44,201.44,129.8,155.03,152.48,154.62,132.55,96.02,111.91,173.57,158.72,187.16,142.03,138.14,109.45,142.84,101.73,155.51,131.73,136.77,140.68,139.56,138.12,136.34,134.28,132.06,129.84,127.7,125.7,123.82,122.07,120.45,118.93,117.51,116.17,114.89,113.65,112.43,111.23,110.03,108.85,107.66,106.49,105.33,104.18,103.04,101.91,100.8,99.69,98.6,97.53,96.46,95.4,94.36,93.33,92.31,91.3,90.3,89.31,88.34,87.37,86.42,85.47,84.54,83.61,82.7,81.79,80.9,80.01,79.1383334587189,78.27616326238454,77.4233859533522,76.57989920109334,75.74560178991632,74.92039360682081,74.10417562948452,73.2968499143809,72.49831958502621,71.70848882035465,70.92726284322012,70.15454790902332,69.39025129446266,68.63428128640778,67.88654717089425,67.14695922223821,66.41542869226956,65.69186779968248,64.97618971950193,64.26830857266499,63.5681394157156,62.87559823061158,62.19060191464286,61.51306827045929,60.84291599620733,60.180064675774,59.52443476913726,58.87594760282147,58.23452536045678,57.600091073441455,56.972568611705874,56.35188267457719,55.737958781743444,55.13072326431624,54.530103255990625,53.93602668430145,53.34842226197486,52.76721947837407,52.19234859103828,51.623740617313906,51.061327326076714,50.505041229544496,49.95481557517858,49.41058433767387,48.872282211035966,48.339844600744655,47.813207616002785,47.29230806206957,46.777083432677436,46.26747190253146,45.763412319890534,45.26484419922936,44.77170771398038,44.28394368935479,43.801493595241716,43.324299539184835,42.852304259435456,42.38545111808128,41.92368409425004,41.46694777738719,41.015187360606795,40.568348634114905,40.12637797870452,39.68922235932149,39.25682931870048,38.829146971070266,38.406123995927544,37.98770963187876,37.57385367054879,37.16450645055617,36.75961885155385,36.35914228833493,35.963028705002586,35.571230569203536,35.183700866424246,34.800393094349445,34.4212612572819,34.046259860623124,33.67534390541419,33.30846888293595,32.94559076936816,32.5866660205068,32.23165156653882,31.880504806874,31.53318360503293,31.189646283590854
46,256.05,261.58,246.84,199.05,329.47,247.09,221.03,231.59,246.03,158.49,178.99,210.66,177.32,178.51,202.27,231.76,224.43,102.53,168.75,178.08,204.51,267.22,141.04,161.81,108.92,251.87,189.26,177.92,160.15,147.67,167.02,176.64,125.18,169.93,201.45,136.06,120.96,234.35,189.24,130.4,143.25,151.1,152.5,180.09,162.33,159.04,157.96,156.64,155.0,153.0,150.72,148.28,145.85,143.51,141.32,139.26,137.35,135.55,133.87,132.29,130.79,129.34,127.94,126.56,125.19,123.84,122.49,121.16,119.84,118.53,117.23,115.95,114.68,113.43,112.19,110.96,109.75,108.55,107.36,106.19,105.02,103.88,102.74,101.62,100.51,99.41,98.32,97.24,96.18,95.13,94.09,93.06,92.04,91.04,90.03625603747385,89.04357866042999,88.06184585636441,87.09093695799848,86.13073262844732,85.1811148465519,84.24196689237272,83.31317333284342,82.39462000758267,81.48619401486248,80.58778369773096,79.6992786302885,78.82056960411492,77.95154861484643,77.09210884890052,76.24214467034722,75.40155160792511,74.57022634220061,73.74806669286853,72.93497160619297,72.1308411425865,71.33557646432635,70.54907982340598,69.77125454952066,69.00200503818546,68.24123673898424,67.48885614394828,66.74477077606291,66.00888917790095,65.28112090038142,64.56137649165233,63.84956748609571,63.14560639345429,62.44940668807772,61.76088279828754,61.079950095859296,60.40652488562075,59.7405243951646,59.08186676467478,58.43047103686483,57.786257147027264,57.14914591319255,56.519059026396704,55.89591904105614,55.27964936544859,54.670174252299084,54.06741878946958,53.47130889075139,52.88177128675904,52.29873351592454,51.722123915590906,51.151871613204,50.58790651760133,50.03015931039703,49.4785614374617,48.93304510049628,48.39354324869879,47.859989570522934,47.33231848552758,46.8104651363161,46.29436538056458,45.783955783137934,45.27917360829293,44.77995681196716,44.28624403415307,43.79797459135605,43.315088469135624,42.837526314728976,42.36522942975572,41.89813976300317,41.436199903291055,40.979353072415,40.52754311816781,40.080714507437584,39.63881231938206,39.20178223867812,38.769570548845756,38.34212412564567,37.91939043054961,37.50131750428273,37.087853960437165,36.67894897915596,36.27455230088671,35.874614220204,35.47908557969999,35.08791776394238
47,259.62,180.34,262.51,321.28,274.16,208.23,161.23,270.82,371.11,278.53,274.38,358.25,263.52,275.45,287.48,181.31,191.2,255.24,224.95,188.63,227.05,185.56,276.57,150.13,136.27,184.16,243.75,268.13,201.0,183.05,125.78,116.45,147.6,162.15,184.69,223.96,196.47,143.74,179.41,134.44,195.76,151.99,193.15,186.39,178.14,177.8,176.57,175.3,173.78,171.93,169.72,167.23,164.59,161.96,159.45,157.08,154.86,152.78,150.82,148.98,147.24,145.58,143.97,142.4,140.85,139.33,137.81,136.31,134.82,133.35,131.89,130.45,129.02,127.61,126.22,124.84,123.47,122.12,120.79,119.47,118.16,116.87,115.59,114.33,113.08,111.84,110.62,109.41,108.21,107.03,105.86,104.7,103.56,102.42,101.28953755725863,100.17155261241268,99.0659074448729,97.97246585414334,96.89109314304326,95.82165610111427,94.76402298821066,93.71806351827067,92.6836488432672,91.66065153733531,90.6489455810752,89.64840634602822,88.65891057932443,87.68033638849947,86.71256322647908,85.75547187672932,84.80894443857068,83.87286431265443,82.94711618659898,82.03158602078513,81.12616103430781,80.23072969108311,79.34518168610846,78.46940793187456,77.60330054492732,76.74675283257805,75.8996592797604,75.06191553603226,74.2334184027213,73.41406582021219,72.60375685537434,71.80239168912821,71.00987160414907,70.22609897270621,69.45097724463666,68.68441093545147,67.9263056145733,67.17656789370386,66.43510541531978,65.70182684129534,64.97664184165092,64.25946108342553,63.55019621967223,62.84875987857494,62.155065652685465,61.469028088279245,60.79056267482861,60.11958583459224,59.45601491231951,58.79976816506851,58.15076475213637,57.50892472510084,56.874169017971695,56.246419437450875,55.62559865330016,55.01163018881509,54.40443841140411,53.80394852327162,53.210086552203975,52.62277934245701,52.04195454574432,51.46754061232489,50.89946678218918,50.3376630763424,49.78206028818409,49.23258997498277,48.68918444944477,48.15177677137598,47.62030073943586,47.09469088298223,46.574882454006186,46.06081141915608,45.552414451849415,45.0496289244719,44.552392900662575,44.06064512768409,43.5743250288772,43.09337269619851,42.61772888284068,42.14733499593396,41.682133089328396,41.222065856455586,40.76707662326935,40.317109341264214,39.87210858057102,39.43201952312871
48,446.51,156.56,284.77,175.73,322.26,225.11,258.03,311.23,321.54,151.32,225.52,243.33,200.42,221.57,177.2,178.21,171.0,191.39,225.04,245.29,157.98,197.93,205.27,194.04,220.9,238.32,150.69,186.89,212.82,193.25,206.0,162.98,196.56,154.96,213.72,177.53,186.57,271.75,203.52,226.89,229.42,212.25,194.14,244.15,206.15,197.05,195.38,193.95,192.48,190.76,188.7,186.29,183.6,180.78,177.99,175.31,172.78,170.41,168.17,166.07,164.07,162.18,160.35,158.58,156.85,155.15,153.46,151.78,150.13,148.48,146.86,145.26,143.67,142.1,140.54,139.01,137.49,135.98,134.5,133.03,131.57,130.13,128.71,127.3,125.91,124.54,123.17,121.83,120.5,119.18,117.87,116.59,115.31,114.05,112.79756800168947,111.55888949667478,110.33381345194331,109.12219049304073,107.92387288585773,106.73871451861665,105.56657088405595,104.40729906181035,103.26075770098451,102.12680700291784,101.00530870413888,99.89612605950674,98.79912382553754,97.71416824391414,96.64112702517694,95.57986933259365,94.53026576620628,93.49218834705333,92.46551050156516,91.45010704613088,90.44585417183454,89.45262942935902,88.4703117140557,87.4987812511781,86.53791958127763,85.58760954575973,84.64773527259868,83.71818216220919,82.79883687347319,81.88958730992009,80.99032260605873,80.10093311385951,79.2213103893849,78.35134717956679,77.49093740912902,76.6399761676536,75.79835969678884,74.96598537759805,74.14275171804712,73.32855834062954,72.52330597012725,71.72689642150601,70.93923258794355,70.16021842898928,69.38975895885406,68.62776023482843,67.87412934582815,67.12877440106547,66.39160451884483,65.66252981548158,64.94146139434235,64.2283113350059,63.52299268254284,62.82541943691318,62.13550654248029,61.45316987764,60.778326244563544,60.110893359053264,59.45078984050955,58.79793520200811,58.15224984048611,57.51365502703611,56.88207289730657,56.25742644200785,55.639639497522346,55.028636736617834,54.42434365926276,53.826686583542376,53.23559263667468,52.65098974612496,52.07280663081793,51.5009727924464,50.93541850687533,50.37607481564036,49.822873517539584,49.27574716031779,48.73462903244194,48.19945315496694,47.67015427349083,47.14666785019824,46.628930055991255,46.11687776270667,45.61044853541873,45.109580624826414,44.61421295972425,44.12428513955591
49,422.64,397.48,353.47,338.01,289.61,372.93,301.2,370.12,150.44,384.35,314.49,203.75,243.54,359.23,221.64,304.56,257.01,341.43,241.65,297.1,224.93,227.67,208.05,234.58,231.43,256.56,213.21,242.51,179.12,338.95,216.76,305.73,177.91,189.46,229.17,191.76,184.78,134.12,165.92,286.83,211.68,197.97,212.25,237.12,214.57,209.39,207.18,205.37,203.8,202.18,200.32,198.14,195.64,192.87,190.0,187.15,184.42,181.84,179.42,177.12,174.95,172.89,170.91,169.0,167.14,165.31,163.51,161.72,159.96,158.21,156.48,154.77,153.08,151.4,149.75,148.11,146.49,144.89,143.31,141.74,140.19,138.66,137.14,135.64,134.16,132.69,131.24,129.81,128.39,126.98,125.6,124.22,122.87,121.52,120.18413984484387,118.86296469918523,117.55631313182701,116.2640254861731,114.98594386072023,113.72191208976437,112.47177572431931,111.2353820132448,110.01257988458234,108.80321992709598,107.60715437201618,106.42423707498433,105.25432349819565,104.0972706927385,102.95293728112783,101.82118344003051,100.70187088318077,99.5948628444833,98.50002406130206,97.41722075793297,96.34632062925809,95.28719282457968,94.23970793163173,93.20373796076754,92.17915632932085,91.1658378461391,90.16365869628655,89.17249642591571,88.19222992730492,87.22273942406056,86.26390645648183,85.31561386708644,84.3777457862954,83.45018761827528,82.53282602693595,81.6255489220823,80.72824544571827,79.84080595850136,78.96312202634606,78.0950864071745,77.23659303781292,76.38753702103196,75.54781461272955,74.71732320925467,73.8959613348705,73.08362862935527,72.28022583573954,71.48565478817822,70.69981839995594,69.92262065162419,69.15396657926901,68.39376226290757,67.64191481501226,66.89833236916103,66.1629240688125,65.43560005620432,64.71627146137372,64.0048503912987,63.30124991915859,62.60538407371271,61.917167828795684,61.23651709292832,60.5633486990427,59.89758039432021,59.2391308301412,58.58791955214526,57.943866990400664,57.30689444968192,56.676924099854176,56.053878966363364,55.43768292083087,54.82826067175157,54.22553775529415,53.62944052620254,53.03989614879744,52.45683258807659,51.880178600913105,51.309863727350375,50.745818281992754,50.18797334549089,49.63626075612059,49.09061310145436,48.550963710124385,48.01724664367618,47.489396688511675,46.967349347920944
50,486.69,411.59,347.71,368.17,352.92,265.63,262.13,403.34,384.23,276.83,385.64,337.05,417.87,296.63,328.38,305.38,216.18,187.71,311.14,282.0,376.85,204.97,297.97,248.16,313.1,241.17,283.18,272.8,276.72,244.59,197.91,209.34,306.31,185.38,277.48,200.01,243.52,258.6,238.29,234.31,212.08,149.28,229.71,253.71,227.8,222.37,219.76,217.42,215.47,213.75,211.99,210.0,207.71,205.11,202.28,199.34,196.45,193.68,191.06,188.58,186.23,184.0,181.86,179.8,177.8,175.85,173.93,172.03,170.15,168.29,166.45,164.63,162.83,161.05,159.29,157.55,155.83,154.12,152.44,150.77,149.12,147.49,145.88,144.29,142.71,141.15,139.61,138.08,136.57,135.08,133.6,132.14,130.69,129.27,127.84051790999492,126.4268431925097,125.02880104785451,123.64621860929401,122.27892492167244,120.92675092027528,119.58952940992454,118.26709504430511,116.95928430551989,115.66593548387098,114.38688865786435,113.12198567443568,111.87107012939492,110.63398734808702,109.41058436626646,108.20070991118354,107.00421438287943,105.82094983568834,104.6507699599442,103.49353006388957,102.34908705578455,101.21729942621377,100.09802723058868,98.99113207184365,97.89647708332328,96.81392691185886,95.74334770103218,94.68460707462422,93.637574120247,92.60211937315627,91.57811480024344,90.56543378420433,89.56395110788296,88.57354293878873,87.59408681378451,86.6254616239442,85.66754759957774,84.72022629542167,83.78338057599348,82.85689460110785,81.94065381155325,81.03454491492663,80.13845587162501,79.25227588099183,78.37589536761656,77.5092059677858,76.6521005160842,75.80447303214352,74.96621870753825,74.13723389282616,73.31741608473214,72.50666391347373,71.7048771302268,70.91195659472997,70.12780426302591,69.3523231753383,68.58541744408285,67.8269922420109,67.0769537904841,66.33520934787875,65.6016671981183,64.87623663933294,64.15882797264415,63.449352491073704,62.74772246857497,62.0538511491858,61.36765273630112,60.689042382064294,60.017936176875764,59.35425113901769,58.69790520439334,58.048817216379895,57.40690691579357,56.772094930965565,56.14430276792786,55.523452800707496,54.90946826172819,54.30227323231809,53.70179263332249,53.10795221582034,52.52067855194348,51.939899025797295,51.36554182448183,50.7975359292122,50.23581110653719,49.680297899654896
51,399.94,550.58,335.23,400.23,356.22,458.8,355.04,338.08,417.47,397.48,378.42,311.67,395.35,482.8,487.59,222.64,337.25,392.72,276.8,281.14,230.9,285.84,246.36,339.24,278.37,244.69,296.39,354.31,256.49,235.55,310.54,285.0,186.33,268.16,200.42,204.58,237.45,192.07,206.9,208.84,295.24,197.09,376.92,262.73,243.69,241.09,238.36,235.56,233.03,230.9,228.99,227.04,224.87,222.41,219.66,216.7,213.65,210.66,207.79,205.06,202.47,200.01,197.66,195.39,193.2,191.07,188.97,186.91,184.86,182.84,180.84,178.87,176.91,174.98,173.07,171.17,169.3,167.45,165.62,163.81,162.02,160.25,158.5,156.77,155.05,153.36,151.68,150.02,148.38,146.76,145.16,143.57,142.0,140.45,138.89161192823357,137.3505152297831,135.8265180451262,134.31943064355204,132.82906539954087,131.3552367694054,129.8977612681915,128.45645744683506,127.03114586957255,125.62164909160204,124.227791636992,122.84939997683556,121.4863025076468,120.13832952999694,118.80531322738754,117.4870876453581,116.18348867082553,114.8943540116527,113.61952317644396,112.3588374545646,111.11213989638208,109.8792752937266,108.6600901605683,107.45443271390904,106.26215285488603,105.08310215008522,103.91713381306205,102.76410268606718,101.62386522197501,100.4962794664127,99.3812050400876,98.2785031213105,97.18803642871308,96.10966920415694,95.04326719583247,93.98869764154487,92.94582925218607,91.91453219538974,90.89467807936778,89.88613993692609,88.8887922096578,87.90251073231173,86.92717271733449,85.96265673958386,85.00884272121209,84.0656119167165,83.13284689815647,82.21043154053405,81.29825100733692,80.39619173624182,79.50414142497657,78.62198901733888,77.74962468937042,76.88693983568419,76.0338270559437,75.19018014149205,74.35589406212951,73.53086495303766,72.71499010184877,71.90816793585849,71.11029800938063,70.32128099124196,69.54101865241616,68.7694138537945,68.00637053409267,67.25179369789149,66.50558940381039,65.76766475281222,65.03792787663768,64.31628792636813,63.60265506111541,62.8969404368369,62.199056195275,61.50891545301907,60.826432290688885,60.151521742238074,59.484099784376184,58.82408332610822,58.17139019839017,57.52593914389932,56.88764980691809,56.25644272333015,55.632239310727456,55.014961858627125,54.404533518796796,53.80087829568745
52,672.78,525.53,539.73,426.13,517.63,529.27,369.25,597.83,452.49,596.13,311.3,328.54,362.21,431.42,387.49,244.53,477.07,263.53,315.14,395.79,334.47,251.46,368.46,319.22,379.79,408.25,274.24,259.99,319.77,316.97,278.36,318.6,142.4,279.76,314.18,222.6,278.14,289.47,280.87,318.32,261.61,204.63,258.23,315.5,277.69,268.89,266.23,263.21,260.13,257.33,254.93,252.75,250.54,248.11,245.39,242.4,239.21,235.95,232.75,229.68,226.75,223.97,221.31,218.75,216.28,213.87,211.52,209.2,206.92,204.65,202.42,200.21,198.02,195.85,193.71,191.6,189.5,187.43,185.38,183.36,181.35,179.37,177.41,175.47,173.55,171.65,169.78,167.92,166.09,164.27,162.47,160.7,158.94,157.2,155.45222113160673,153.72387439408368,152.0147437373819,150.32461551353705,148.65327844996258,147.00052362304004,145.36614443200253,143.74993657310904,142.15169801410553,140.5712289689702,139.00833187293944,137.46281135781143,135.93447422752445,134.4231294340065,132.92858805329374,131.45066326191395,129.9891703135332,128.54392651586167,127.11475120781638,125.70146573693796,124.3038934370583,122.92185960621671,121.55519148482136,120.20371823405374,118.86727091451317,117.54568246509864,116.23878768212559,114.94642319867475,113.66842746417072,112.40464072418746,111.15490500047835,109.91906407122836,108.6969634515257,107.48845037405056,106.29337376997866,105.111584250097,103.9429340861297,102.78727719227136,101.64446910692574,100.5143669746475,99.39682952828481,98.29171707132028,97.19889146040843,96.1182160881072,95.04955586580152,93.99277720681671,92.94774800971958,91.91433764180526,90.89241692276765,89.88185810855136,88.88253487538309,87.89432230398091,86.91709686393865,85.95073639828418,84.99512010820936,84.05012853796968,83.11564355995188,82.1915483599074,81.27772742235034,80.37406651611744,79.48045268008879,78.5967742090672,77.72292063981476,76.85878273724431,76.00425248076476,75.15922305077808,74.32358881532639,73.4972453168876,72.6800892593178,71.87201849493884,71.07293201176948,70.28272992089848,69.5013134439981,68.7285849009765,67.96444769776721,67.20880631425464,66.46156629233357,65.72263422410165,64.99191774018291,64.26932549818136,63.55476717126272,62.848153436863306,62.149395965524334,61.45840740985035,60.775101393590546,60.09939250084134
53,550.16,624.12,588.42,515.54,491.25,428.72,504.98,807.69,281.52,479.48,457.69,336.36,342.11,401.26,373.79,623.65,308.58,382.98,338.05,374.69,338.51,345.35,403.26,349.54,237.07,320.91,459.01,382.4,418.89,382.76,283.97,379.46,335.15,371.19,341.89,284.07,341.91,322.43,311.98,222.2,363.18,269.49,341.59,213.85,273.41,297.51,295.07,292.14,288.82,285.45,282.37,279.69,277.24,274.75,272.05,269.07,265.83,262.41,258.94,255.54,252.27,249.15,246.17,243.3,240.54,237.85,235.22,232.64,230.1,227.58,225.1,222.64,220.2,217.8,215.42,213.06,210.73,208.43,206.15,203.9,201.67,199.47,197.29,195.13,193.0,190.89,188.8,186.74,184.7,182.68,180.68,178.71,176.75,174.82,172.86948860526314,170.94073956438166,169.03351006921477,167.1475600206942,165.28265199859814,163.43855123166304,161.6150255680282,159.81184544601052,158.0287838652053,156.2656163579093,154.5221209608627,152.79807818730663,151.09327099935197,149.40748478065674,147.74050730940834,146.09212873160715,144.4621415346482,142.85034052119767,141.25652278336082,139.6804876771381,138.12203679716637,136.58097395174173,135.05710513812124,133.5502385181002,132.06018439386165,130.58675518409575,129.1297654003851,127.6890316238541,126.26437248207834,124.85560862625181,123.46256270860903,122.08505936009881,120.72292516830724,119.37598865562707,118.04408025767043,116.7270323019227,115.42467898663429,114.13685635994813,112.86340229925987,111.60415649080845,110.35896040949443,109.12765729892337,107.91009215167196,106.70611168977435,105.51556434542606,104.33830024190331,103.17417117469529,102.02303059284667,100.88473358050864,99.75913683869548,98.64609866724491,97.5454789469795,96.45713912206732,95.3809421825792,94.31675264724082,93.26443654637696,92.22386140504632,91.19489622636436,90.1774114750123,89.17127906092989,88.17637232319048,87.19256601405569,86.21973628320818,85.25776066216022,84.30651804883628,83.36588869232762,82.43575417781697,81.51599741167146,80.60650260670175,79.70715526758575,78.81784217645495,77.9384513786415,77.06887216858438,76.2089950758928,75.35871185156506,74.51791545436126,73.68650003732792,72.86436093447305,72.05139464758992,71.24749883322768,70.45257228980752,69.6665149448825,68.88922784253953,68.12061313094189,67.36057405001085,66.60901491924457
54,692.3,681.39,345.8,664.44,542.64,570.78,509.1,642.89,587.64,514.28,431.04,445.52,399.89,406.72,452.28,433.01,387.93,319.65,469.68,455.18,295.29,379.69,193.57,364.49,236.85,371.22,302.02,410.2,353.7,326.57,339.1,301.25,362.66,334.98,300.06,319.45,361.72,275.4,366.71,387.43,355.75,267.32,307.25,304.91,313.27,320.8,318.59,315.92,312.75,309.21,305.62,302.31,299.39,296.7,293.97,291.04,287.85,284.43,280.86,277.25,273.72,270.32,267.06,263.93,260.92,257.99,255.13,252.33,249.57,246.84,244.15,241.48,238.84,236.23,233.65,231.09,228.57,226.07,223.6,221.16,218.74,216.35,213.98,211.65,209.33,207.04,204.78,202.54,200.33,198.14,195.97,193.83,191.71,189.62,187.50498587588842,185.41356253726988,183.34546685343815,181.30043862863667,179.27822056932231,177.27855825179404,175.30120009018302,173.3458973047994,171.41240389083225,169.5004765873989,167.60987484693908,165.74036080495063,163.89169925006283,162.06365759444355,160.2560058445362,158.46851657212346,156.70096488571352,154.95312840224554,153.22478721911074,151.5157238864854,149.82572337997289,148.15457307355013,146.50206271281667,144.86798438854134,143.2521325105045,141.65430378163194,140.07429717241695,138.51191389562828,136.96695738129972,135.43923325199881,133.92854929837145,132.43471545495922,130.95754377628643,129.4968484132139,128.05244558955667,126.62415357896211,125.21179268204628,123.81518520378523,122.43415543115842,121.06852961104147,119.7181359283457,118.38280448440116,117.06236727558117,115.7566581721649,114.46551289743606,113.18876900701439,111.92626586841804,110.67784464085359,109.44334825523164,108.22262139440538,107.01551047362936,105.82186362123649,104.6415306595303,103.4743630858906,102.32021405408958,101.17893835581661,100.05039240240893,98.93443420678608,97.8309233655861,96.7397210415006,95.66068994580716,94.59369432109648,93.53859992419208,92.49527400926068,91.46358531111093,90.44340402867826,89.43460180869415,88.43705172953752,87.45062828526602,86.47520736982582,85.51066626143717,84.55688360715422,83.61373940759725,82.68111500185496,81.75889305255522,80.8469575311024,79.94519370307935,79.05348811381214,78.17172857409587,77.29980414607968,76.43760512930919,75.58502304692468,74.74195063201303,73.90828181411219,73.08391170586587,72.26873658982731
55,679.07,782.78,669.6,511.94,539.58,606.41,559.06,628.98,538.68,483.62,553.49,444.76,649.44,562.75,598.45,465.17,421.87,603.26,533.47,407.87,411.84,454.02,401.01,234.51,355.13,351.02,351.83,343.04,341.08,354.09,449.52,375.62,336.0,329.2,302.96,450.49,296.61,408.88,290.75,331.54,291.25,363.39,267.83,368.4,345.66,344.33,342.3,339.85,336.93,333.52,329.75,325.92,322.38,319.23,316.28,313.3,310.13,306.74,303.14,299.41,295.67,292.01,288.48,285.09,281.81,278.64,275.55,272.52,269.53,266.59,263.67,260.79,257.94,255.12,252.34,249.58,246.85,244.16,241.49,238.85,236.24,233.66,231.1,228.58,226.08,223.61,221.17,218.75,216.36,213.99,211.66,209.34,207.05,204.79,202.51099080834973,200.2573436114044,198.02877616775064,195.8250093769036,193.64576724435338,191.49077684699975,189.3597682989722,187.25247471782993,185.16863219113824,183.1079797434166,181.0702593034549,179.05521567199304,177.06259648976055,175.09215220587154,173.14363604657174,171.21680398433293,169.31141470729168,167.42722958902795,165.5640126586801,163.7215305713925,161.8995525790918,160.09785050158894,158.31619869800198,156.5543740384977,154.81215587634725,153.08932602029282,151.3856687072219,149.70097057514573,148.03502063647818,146.3876102516124,144.75853310279092,143.14758516826743,141.55456469675502,139.9792721821598,138.42151033859489,136.88108407567302,135.35780047407374,133.85146876138282,132.36190028820013,130.88890850451392,129.43230893633742,127.99191916260615,126.56755879233154,125.15904944200946,123.7662147132798,122.38888017083471,121.0268733205729,119.68002358799671,118.34816229684985,117.03112264799277,115.7287396985132,114.44085034106891,113.16729328346078,111.90790902843277,110.66253985369687,109.43102979218051,108.21322461249333,107.00897179961191,105.81812053577892,104.64052168161514,103.47602775744171,102.32449292480989,101.18577296823685,100.05972527714427,98.94620882799825,97.84508416664782,96.75621339086001,95.67946013304935,94.61468954319949,93.56176827197487,92.52056445402046,91.49094769144716,90.47278903750116,89.46596098041488,88.47033742743774,87.48579368904458,86.51220646331994,85.54945382051584,84.59741518778173,83.65597133406423,82.72500435517482,81.80439765902386,80.89403595101894,79.99380521962551,79.10359272208848,78.22328697031251
56,718.12,757.09,861.96,657.78,653.97,665.59,772.85,756.67,553.49,541.7,674.0,413.02,496.64,434.92,614.78,446.07,554.76,446.58,638.14,438.82,282.72,401.97,425.91,501.83,438.42,427.38,497.1,404.74,394.51,442.47,414.04,450.6,394.68,362.71,405.91,377.7,403.75,406.5,425.44,425.4,398.86,314.19,379.3,351.16,369.9,382.52,380.54,378.15,375.32,372.02,368.21,364.05,359.84,355.91,352.37,349.03,345.67,342.13,338.38,334.45,330.42,326.4,322.46,318.66,314.99,311.43,307.97,304.58,301.24,297.95,294.7,291.48,288.29,285.14,282.03,278.95,275.9,272.88,269.9,266.95,264.04,261.15,258.3,255.47,252.68,249.92,247.19,244.49,241.82,239.18,236.56,233.98,231.42,228.89,226.35095088125144,223.8400671276452,221.35703630418823,218.90154944169123,216.4733009983227,214.07198882158988,211.697314110741,209.34898137958493,207.02669841972323,204.73017626418994,202.45912915149464,200.2132744900647,197.99233282308163,195.79602779370762,193.62408611069796,191.47623751439468,189.3522147430975,187.25175349980796,185.1745924193422,183.12047303580883,181.08913975044734,179.08033979982346,177.09382322437705,175.12934283731923,173.18665419387432,171.26551556086295,169.36568788662282,167.48693477126275,165.629022437247,163.79171970030575,161.9747979406685,160.17803107461614,158.40119552634894,156.6440702001665,154.90643645295643,153.18807806698783,151.488781223007,149.80833447363148,148.14652871703893,146.50315717094844,144.87801534688984,143.27090102475887,141.68161422765448,140.10995719699523,138.5557343679117,137.018752344912,135.498819877817,133.99574783796277,132.50934919466673,131.0394389919551,129.5858343255484,128.14835432010221,126.72682010670044,125.32105480059829,123.93088347921206,122.55613316035311,121.1966327807034,119.85221317452954,118.52270705263321,117.20794898153493,115.90777536288891,114.62202441312594,113.35053614332244,112.09315233929266,110.84971654190166,109.62007402759679,108.40407178915508,107.20155851664424,106.01238457859472,104.8364020033808,103.67346446080816,102.52342724390562,101.38614725091894,100.2614829675044,99.14929444911975,98.04944330361064,96.96179267399022,95.88620722140962,94.82255310831748,93.77069798180624,92.73051095714311,91.7018626014839,90.68462491776728,89.67867132878786,88.68387666144591,87.70011713117177
57,976.12,979.73,785.9,815.44,609.12,643.42,780.93,867.87,721.12,676.15,598.5,674.33,607.65,688.9,589.79,414.99,536.64,430.6,531.22,651.14,513.03,564.51,476.87,437.34,512.88,439.15,521.0,499.33,572.36,538.8,444.79,494.6,451.3,440.53,475.62,474.35,378.46,325.16,415.28,542.7,434.44,473.52,532.56,455.63,427.92,426.85,424.88,422.49,419.67,416.4,412.64,408.37,403.74,399.08,394.71,390.72,386.93,383.13,379.16,375.0,370.69,366.3,361.94,357.68,353.55,349.55,345.66,341.85,338.11,334.41,330.76,327.15,323.57,320.04,316.54,313.08,309.66,306.28,302.93,299.62,296.35,293.11,289.91,286.74,283.61,280.51,277.45,274.42,271.42,268.45,265.52,262.62,259.75,256.91,254.06754176462098,251.25653255349118,248.4766244138724,245.7274732427837,243.00873874440748,240.320084387967,237.66117736606998,235.0316885535128,232.43129246654078,229.85966722255918,227.3164945002897,224.80145950036814,222.31425090637785,219.85456084631417,217.42208485447557,215.01652183377615,212.63757401847516,210.28494693731898,207.95834937709077,205.65749334656354,203.38209404085202,201.1318698061587,198.90654210491041,196.70583548128005,194.52947752709034,192.37719884809434,190.24873303062938,188.1438166086398,186.0621890310645,184.00359262958534,181.96777258673262,179.95447690434293,177.9634563723664,175.99446453801914,174.0472576752765,172.12159475470418,170.2172374136233,168.33394992660521,166.4714991762928,164.6296546245449,162.80818828389974,161.0068746893541,159.2254908704549,157.46381632369926,155.7216329852402,153.9987252038943,152.2948797144479,150.60988561125848,148.94353432214857,147.29561958258822,145.6659374101629,144.05428607932436,142.46046609642053,140.8842801750017,139.3255332114001,137.78403226057952,136.259586512252,134.75200726725922,133.26110791421468,131.78670390640454,130.32861273894426,128.8866539261875,127.46064897938537,126.05042138459258,124.65579658081836,123.27660193841875,121.91266673772823,120.56382214792761,119.22990120614584,117.910738796793,116.60617163112185,115.31603822701572,114.04017888899982,112.7784356884738,111.53065244416307,110.29667470278629,109.07634971993681,107.86952644117568,106.67605548333381,105.49578911602092,104.32858124333926,103.17428738579949,102.03276466243672,100.90387177312435,99.78746898108376,98.68341809558723
58,1023.7,1034.47,882.72,877.97,1035.61,897.42,943.23,886.75,617.41,725.31,706.54,707.56,987.55,532.7,563.23,628.76,667.8,589.51,534.17,592.6,467.04,535.6,586.71,520.01,608.53,464.31,645.78,493.28,522.14,460.15,378.77,537.28,426.59,536.16,379.15,467.25,372.98,510.16,540.1,566.64,459.29,450.65,423.92,505.16,464.6,458.97,457.0,454.66,451.9,448.7,445.06,440.93,436.32,431.37,426.39,421.7,417.38,413.25,409.11,404.82,400.38,395.82,391.22,386.65,382.2,377.87,373.66,369.53,365.49,361.49,357.54,353.64,349.78,345.96,342.18,338.44,334.74,331.09,327.47,323.89,320.35,316.85,313.39,309.97,306.58,303.23,299.92,296.64,293.4,290.2,287.03,283.89,280.79,277.72,274.67357009642,271.66055779026703,268.6805965095689,265.7333237034387,262.8183807979661,259.9354131525916,257.0840700169604,254.2640044882491,251.47487346895986,248.71633762517894,245.98806134529184,243.28971269915192,240.62096339769693,237.98148875300814,235.37096763880803,232.7890824513911,230.23551907098326,227.709966823525,225.212118442874,222.7416700334221,220.29832103312265,217.88177417692296,215.49173546059848,213.12791410498303,210.7900225205921,208.4777762726336,206.1908940464028,203.9290976130568,201.69211179576416,199.47966443622644,197.29148636156629,195.12731135157915,192.9868761063443,190.86992021419087,188.7761861200153,186.7054190939466,184.65736720035508,182.63178126720112,180.6284148557202,178.64702423044034,176.68736832952862,174.74920873546293,172.83230964602515,170.93643784561306,169.0613626768664,167.2068560126046,165.37269222807197,163.55864817348777,161.76450314689683,159.9900388673186,158.23503944819024,156.49929137110132,154.78258345981655,153.0847068545834,151.4054549867216,149.74462355349144,148.1020104932376,146.47741596080596,144.87064230322952,143.28149403568165,141.70977781769258,140.15530242962726,138.6178787494209,137.09731972956973,135.59344037437447,134.106057717433,132.63499079938023,131.18006064587206,129.74109024581074,128.31790452980934,126.9103303488921,125.51819645342876,124.14133347229973,122.77957389228996,121.4327520377088,120.1007040502333,118.78326786897289,117.4802832107524,116.19159155061166,114.91703610251885,113.65646180029539,112.40971527875026,111.17664485502097,109.95710051011952,108.75093387068058,107.55799819090997
59,1213.34,1069.43,1091.63,1056.87,1074.29,1092.42,813.31,897.21,852.27,878.55,649.56,534.81,820.4,680.33,716.85,666.27,605.78,682.87,681.09,473.15,740.57,665.5,633.85,598.22,457.64,581.77,577.47,576.58,546.71,504.07,598.84,420.07,518.1,496.83,509.95,461.44,441.75,559.96,520.64,549.8,624.51,492.65,467.8,470.53,475.12,485.62,483.45,481.11,478.41,475.29,471.73,467.74,463.3,458.4,453.2,447.98,443.03,438.43,434.01,429.59,425.04,420.38,415.63,410.87,406.17,401.58,397.09,392.71,388.41,384.17,379.97,375.82,371.72,367.66,363.64,359.67,355.74,351.86,348.01,344.21,340.45,336.73,333.06,329.42,325.82,322.26,318.74,315.26,311.81,308.41,305.04,301.71,298.41,295.15,291.9267469392293,288.7386941505025,285.5854572212004,282.4666559367693,279.3819142348758,276.3308601600612,273.31312581889125,270.32834733559616,267.3761648081947,264.4562222650975,261.5681676221843,258.71165264035,255.88633288351437,253.0918676770899,250.32792006690406,247.5941567785693,244.8902481772972,242.21586822815144,239.5706944567348,236.95440791030546,234.3666931193178,231.8072380593837,229.27573411364864,226.771876035579,224.29536191215567,221.84589312746982,219.4231743267159,217.02691338057798,214.65682135000517,212.31261245137156,209.99400402201664,207.70071648616212,205.43247332120097,203.18900102435444,200.97002907969346,198.77528992551998,196.60451892210475,194.45745431977704,192.33383722736335,190.23341158097045,188.1559241131093,186.10112432215652,184.06876444214888,182.05859941290802,180.07038685049136,178.1038870179655,176.15886279649908,174.23507965677115,172.33230563069182,170.4503112834318,168.58886968575726,166.74775638666702,164.92674938632828,163.12562910930833,161.344178378098,159.58218238692493,157.8394286758522,156.11570710516023,154.4108098300083,152.72453127537284,151.05666811125928,149.4070192281848,147.7753857129286,146.1615708245472,144.56537997065163,142.9866206839436,141.4251025990079,139.88063742935833,138.35303894473446,136.8421229486459,135.34770725616215,133.8696116719449,132.40765796852028,130.96166986478823,129.5314730047668,128.11689493656846,126.71776509160578,125.33391476402475,123.96517709036216,122.61138702942539,121.2723813423919,119.94799857312604,118.63807902871085,117.34246476019231,116.06099954353411,114.79352886078026
60,1256.69,1211.84,1303.93,905.02,972.92,1169.42,919.15,1158.33,900.97,1097.55,1101.13,718.35,966.17,933.25,818.83,743.92,924.13,660.85,874.77,698.07,552.42,709.64,449.47,529.12,588.26,629.69,484.29,540.3,640.64,580.63,506.52,495.99,472.66,621.42,529.12,426.59,526.75,521.09,527.5,480.71,639.46,533.12,534.01,561.68,520.24,516.2,513.53,510.97,508.23,505.12,501.59,497.64,493.28,488.49,483.28,477.79,472.3,467.07,462.16,457.42,452.69,447.87,442.95,437.99,433.04,428.17,423.39,418.72,414.13,409.61,405.14,400.71,396.34,392.01,387.73,383.49,379.31,375.16,371.07,367.01,363.01,359.04,355.12,351.24,347.41,343.61,339.86,336.15,332.47,328.84,325.25,321.7,318.18,314.71,311.24726722323663,307.8226346602678,304.43568309702624,301.0859979320286,297.77316912562355,294.4967911497982,291.2564629385369,288.05178783872617,284.8823735615998,281.7478321347183,278.6477798544765,275.581837239134,272.5496289823623,269.550783907303,266.58493492113143,263.65171897012027,260.75077699519784,257.88175388799505,255.04429844737615,252.23806333644754,249.46270504004,246.71788382265828,244.00326368689392,241.31851233229497,238.6633011146889,236.0373050059527,233.44020255422572,230.87167584456031,228.33141046000554,225.81909544311867,223.33442325790074,220.87708975215045,218.4467941202326,216.0432388662559,213.66612976765626,211.3151758391804,208.99008929726617,206.69058552481425,204.4163830363481,202.16720344355673,199.94277142121683,197.74281467348987,195.56706390058997,193.41525276581845,191.2871178629613,189.18239868404527,187.10083758744858,185.0421797663627,183.00617321760123,180.99256871075173,179.0011197576669,177.0315825822921,175.08371609082377,173.15728184219736,171.252044018899,169.36776939809903,167.50422732310273,165.66118967511528,163.8384308453176,162.03572770724904,160.2528595894943,158.4896082486707,156.74575784271266,155.02109490445022,153.31540831547824,151.62848928031295,149.96013130083327,148.31013015100288,146.6782838518706,145.06439264684607,143.46825897724707,141.88968745811616,140.32848485430338,138.78446005681192,137.2574240594044,135.74718993546614,134.25357281512342,132.77638986261314,131.3154602539017,129.87060515455008,128.44164769782245,127.02841296303569,125.6307279541471,124.24842157857763,122.88132462626837,121.52926974896711
61,1206.22,1221.69,1121.21,1170.74,1039.2,992.59,983.33,1119.34,981.63,1128.57,810.04,1029.17,843.37,850.49,1087.85,972.12,879.21,632.82,753.7,983.18,598.37,722.5,700.23,770.8,670.91,643.24,493.02,780.75,614.86,591.29,511.18,624.69,666.68,555.93,686.54,631.76,607.63,565.71,540.19,571.27,507.64,603.32,543.48,648.15,577.54,562.79,559.17,556.01,552.94,549.67,546.04,541.98,537.52,532.65,527.37,521.7,515.77,509.87,504.21,498.86,493.68,488.5,483.26,477.96,472.65,467.37,462.18,457.08,452.07,447.14,442.25,437.43,432.65,427.93,423.25,418.63,414.06,409.54,405.07,400.65,396.27,391.94,387.66,383.43,379.24,375.1,371.01,366.95,362.95,358.98,355.06,351.18,347.35,343.55,339.75023303001643,335.9924926326604,332.2763139813199,328.601237390506,324.96680825899045,321.372577013572,317.8180990534653,314.302934695304,310.8266491187529,307.3888123127215,303.9889990221717,300.6267886955153,297.30176543259154,294.0135179332216,290.7616394463308,287.5457277196347,284.3653849498808,281.2202177336409,278.1098370186478,275.0338580556702,271.99190035091954,268.9835876189839,266.00854773628186,263.0664126950313,260.1568185577277,257.2794054121254,254.4338173267172,251.61970230670588,248.83671225046336,246.08450290647087,243.36273383073566,240.6710683446785,238.00917349348722,235.37672000493058,232.77338224862783,230.19883819576887,227.65276937927965,225.13486085442833,222.64480115986711,220.18228227910504,217.7469996024066,215.3386518891123,212.95694123037546,210.6015730123114,208.27225587955414,205.9687016992162,203.69062552524713,201.43774556318593,199.20978313530367,197.00646264613144,194.82751154836964,192.6726603091742,190.54164237681601,188.4341941477086,186.35005493380106,184.28896693033118,182.2506751839354,180.2349275611116,178.2414747170304,176.2700700646918,174.32046974442252,172.39243259371122,170.48572011737676,168.600096458067,166.7353283670834,164.89118517552876,163.0674387657735,161.2638635432382,159.48023640848768,157.71633672963412,155.97194631504507,154.2468493863536,152.5408325517668,150.85368477966958,149.18519737252038,147.53516394103565,145.9033803786597,144.28964483631717,142.69375769744454,141.11552155329787,139.5547411785337,138.01122350705998,136.484777608154,134.9752146628447,133.48234794055588,132.00599277600813
62,1398.93,1371.13,1194.61,1394.15,1291.22,1420.57,1237.05,1182.91,1412.71,1174.33,1200.37,1226.02,1076.17,1145.05,721.59,970.12,853.67,858.77,919.96,785.74,965.28,874.6,765.65,751.98,730.78,793.21,667.85,711.09,704.29,699.73,636.98,670.4,636.52,766.0,672.35,772.51,624.33,704.68,614.38,795.95,676.96,544.39,760.63,677.0,624.78,616.4,611.34,607.15,603.42,599.77,595.92,591.7,587.05,582.01,576.58,570.76,564.59,558.19,551.82,545.69,539.85,534.17,528.52,522.82,517.09,511.38,505.73,500.16,494.68,489.28,483.94,478.66,473.43,468.26,463.15,458.09,453.09,448.15,443.25,438.42,433.63,428.89,424.21,419.58,415.0,410.47,405.99,401.55,397.17,392.83,388.54,384.3,380.1,375.95,371.7639013756111,367.6244137944277,363.5310182554554,359.4832015366315,355.480456130478,351.5222801804715,347.6081774181214,343.73765710074855,339.910233949957,336.1254280907905,332.3827649915672,328.68177540438336,325.0219953062799,321.4029658410645,317.82423326178053,314.2853488738178,310.7858689786555,307.3253548182324,303.9033725199362,300.51949304220557,297.17329212073724,293.86435021529303,290.59225245709865,287.3565885968281,284.1569529531673,280.99294436195095,277.8641661258649,274.77022596470925,271.7107359662151,268.68531253740844,265.6935763565164,262.7351523254086,259.8096695225678,256.9167611565847,254.0560645201702,251.22722094467997,248.42987575514528,245.66367822580435,242.92828153612925,240.22334272734204,237.54852265941537,234.90348596855176,232.2879010251361,229.70143989215697,227.14377828409016,224.61459552624066,222.1135745145368,219.64040167577258,217.1947669282924,214.77636364311354,212.38488860548173,210.02004197685451,207.68152725730826,205.3690512483635,203.082324016224,200.82105885542597,198.58497225289102,196.37378385237994,194.18721641934232,192.02499580615728,189.8868509177614,187.7725136776593,185.6817189943129,183.6142047279044,181.5697116574702,179.54798344839978,177.54876662029724,175.57181051520038,173.61686726615358,171.6836917661308,169.77204163730462,167.88167720065715,166.01236144592974,164.16386000190698,162.33594110703172,160.52837558034724,158.74093679276308,156.97340063864047,155.2255455076947,153.49715225720985,151.7880041845632,150.0978870000553,148.42658880004302,146.77390004037127,145.1396135101008,143.52352430552844
63,1317.15,1461.49,1487.11,1318.81,1391.35,1458.76,1196.7,1473.81,1177.43,1530.95,1142.45,1197.66,1238.83,1404.09,1019.14,996.72,836.73,884.6,840.38,977.33,786.77,868.94,789.29,1161.39,816.91,924.12,766.46,747.42,843.63,770.57,786.4,725.2,715.0,670.96,716.94,705.06,798.28,608.41,651.09,719.91,712.66,716.01,758.86,701.73,671.63,671.6,664.56,658.89,654.11,649.77,645.51,641.05,636.22,630.97,625.35,619.36,613.01,606.35,599.49,592.68,586.1,579.79,573.63,567.5,561.36,555.22,549.12,543.09,537.15,531.28,525.48,519.75,514.08,508.47,502.92,497.43,492.0,486.63,481.32,476.06,470.87,465.73,460.64,455.61,450.64,445.72,440.85,436.04,431.28,426.57,421.91,417.31,412.75,408.24,403.6631318395182,399.1375759516173,394.6627570631574,390.23810635051206,385.8630613672611,381.5370659726945,377.2595702611178,373.0300304919498,368.84790902060405,364.71267423014575,360.62380046371396,356.58076795770194,352.5830627756871,348.6301767431003,344.72160738262943,340.8568578503453,337.0354368725452,333.2568586833035,329.52064296272295,325.82631477587796,322.17340451244263,318.5614478269953,314.98998557999266,311.4585637794055,307.9667335230089,304.51405094131906,301.10007714117046,297.72437814992503,294.386524860307,291.0860929758566,287.8226629569946,284.5958199676918,281.405153822737,278.2502589355952,275.13073426685094,272.04618327322976,268.99621385719047,265.9804383170839,262.9984732978686,260.04993974238073,257.1344628431496,254.25167199475308,251.40120074670767,248.58268675688674,245.79577174546054,243.04010144935322,240.31532557720982,237.6210977648687,234.9570755313326,232.32292023523402,229.718297031788,227.14287483022795,224.5963262517183,222.07832758773955,219.5885587589394,217.1267032744453,214.69244819163322,212.28548407634764,209.90550496356715,207.5522083185113,205.22529499818336,202.92446921334434,200.64943849091335,198.39991363678928,196.17560869908948,193.97624093180062,191.8015307588369,189.6512017385013,187.52498052834537,185.4225968504227,183.34378345693221,181.28827609624656,179.25581347932135,177.2461372464809,175.2589919345766,173.2941249445132,171.35128650913913,169.43022966149738,167.53071020343145,165.65248667454404,163.79532032150328,161.95897506769325,160.14321748320472,158.34781675516243,156.57254465838474,154.81717552637275
64,1492.57,1592.01,1370.2,1465.55,1443.24,1352.2,1366.6,1483.66,1563.42,1371.15,1489.24,1153.11,1368.62,1230.18,1244.0,1530.58,1195.94,1034.97,1016.31,1100.27,894.65,858.91,888.24,913.7,790.53,724.66,797.58,759.73,729.4,906.01,744.62,698.38,973.67,803.84,909.57,784.87,750.44,783.0,875.76,799.62,909.35,842.12,800.0,793.1,747.77,740.13,730.49,722.7,716.32,710.84,705.79,700.83,695.65,690.11,684.18,677.87,671.23,664.26,657.01,649.6,642.26,635.14,628.27,621.54,614.85,608.18,601.53,594.95,588.45,582.02,575.67,569.39,563.18,557.03,550.95,544.94,539.0,533.11,527.3,521.54,515.85,510.22,504.65,499.14,493.69,488.3,482.97,477.7,472.49,467.33,462.23,457.18,452.19,447.25,442.2546511819478,437.31509556638645,432.43070999734465,427.6008782788993,422.82499109743793,418.1024459447906,413.43264704221923,408.8150052652566,404.2489380693845,399.7338694165421,395.2692297024553,390.8544556847771,386.4889904120317,382.17228315335103,377.9037893289968,373.68297044165854,369.5092940085183,365.382233494075,361.30126824371865,357.2658834180462,353.2755699279116,349.32982437020087,345.4281489643248,341.5700514894206,337.75504522225526,333.98264887582224,330.25238653862436,326.5637876146341,322.9163867639255,319.3097238439683,315.74334385157806,312.2167968655147,308.7296379897222,305.2814272972021,301.87172977451377,298.50011526689497,295.16615842399517,291.86943864621475,288.60954003164363,285.386051323593,282.19856585871224,279.0466815156864,275.9300006645052,272.84813011630047,269.8006810737421,266.7872690819894,263.8075139801893,260.86103985351696,257.9474749857514,255.06645181238164,252.21760687423577,249.40058077162834,246.61501811902002,243.8605675001832,241.13688142386886,238.44361627996835,235.7804322961646,233.1469934950679,230.5429676518303,227.9680262522332,225.4218444512432,222.90410103203098,220.4144783654478,217.95266236995437,215.51834247199778,213.1112115668305,210.73096597976726,208.37730542787452,206.04993298208797,203.74855502975302,201.47288123758372,199.22262451503542,196.9975009780864,194.79722991342433,192.62153374303222,190.4701379891705,188.34277123974974,186.23916511409035,184.15905422906474,182.10217616561755,180.06827143565968,178.0570834493325,176.06835848263728,174.10184564542624,172.1572968497514,170.23446677856643
65,1769.72,1849.54,1782.52,1534.36,1742.81,1485.04,1766.49,1685.5,1485.37,1379.07,1355.68,1505.76,1571.39,1372.63,1339.85,1136.81,1012.54,1012.11,1210.59,984.77,943.43,1061.2,893.26,1040.72,1160.72,836.79,951.92,1007.27,1075.09,888.86,704.17,956.06,914.72,865.56,958.66,808.55,788.56,723.64,755.97,791.01,745.46,936.99,876.18,1027.03,856.52,809.03,796.46,786.07,777.57,770.49,764.3,758.54,752.85,746.96,740.72,734.1,727.14,719.87,712.31,704.52,696.61,688.77,681.15,673.75,666.49,659.29,652.12,645.0,637.96,631.0,624.11,617.31,610.57,603.91,597.32,590.8,584.36,577.98,571.68,565.44,559.27,553.17,547.13,541.16,535.25,529.41,523.63,517.92,512.27,506.68,501.14,495.67,490.26,484.91,479.5570746872839,474.2632403592938,469.0278447101835,463.85024263491624,458.72979614977476,453.66587431374893,448.65785315079177,443.70511557293247,438.8070513042393,433.9630568056214,429.1725352004607,424.43489620106465,419.74955603593145,415.1159373778174,410.53346927259867,406.00158706891864,401.51973234861146,397.0873528578938,392.7039024393162,388.3688409644655,384.08163426741055,379.841754078882,375.6486779611789,371.5018892437948,367.4008769597524,363.34513578264335,359.33416596436115,355.3674732735229,351.44456893456965,347.5649695675397,343.7281971285067,339.9337788506748,336.1812471861246,332.4701397482019,328.7999992545424,325.17037347072545,321.5808151545496,318.0308820009238,314.52013658736627,311.0481463201054,307.61448338077577,304.2187246737021,300.86045177376593,297.5392508748465,294.25471273883244,291.00643264519505,287.7940103411186,284.6170499921816,281.47516013358154,278.3679536218992,275.2950475873945,272.2560633868295,269.25062655681194,266.27836676765384,263.3389177777397,260.43191738839784,257.5570073992709,254.7138335641778,251.9020455474641,249.12129688083317,246.3712449206548,243.65155080574445,240.96187941560896,238.30189932915275,235.67128278384052,233.06970563531004,230.49684731743136,227.9523908028065,225.4360225637054,222.94743253343316,220.48631406812353,218.0523639089543,215.64528214477986,213.26477217517598,210.910540673893,208.58229755271188,206.27975592569985,204.00263207386013,201.75064541017227,199.52351844501803,197.32097675198935,195.14274893407347,192.9885665902113,190.85816428222515,188.7512795021116,186.66765263969504
66,1781.52,1892.72,1729.86,1782.6,1861.77,1599.81,1620.96,1712.08,1944.19,1662.92,1640.9,1572.08,1509.49,1440.92,1747.06,1395.17,1310.13,1174.62,1384.91,1334.78,1159.91,1169.33,1339.94,1142.93,1025.45,1172.21,1189.96,1097.24,1085.62,1239.7,738.72,820.18,901.15,997.04,895.84,1062.37,942.54,979.29,831.97,877.59,1033.89,1130.91,1058.85,940.73,895.69,889.44,873.64,860.2,848.99,839.7,831.83,824.85,818.29,811.81,805.13,798.11,790.73,783.04,775.08,766.87,758.47,749.98,741.59,733.41,725.43,717.57,709.79,702.06,694.4,686.83,679.34,671.93,664.6,657.35,650.18,643.09,636.07,629.14,622.27,615.48,608.77,602.13,595.56,589.06,582.63,576.28,569.99,563.77,557.62,551.53,545.51,539.56,533.67,527.85,522.0596077590933,516.3327347799153,510.66868427087707,505.06676708403205,499.5263016312268,494.0466138011722,488.62703687742385,483.26691145726227,477.965585371463,472.7224136049472,467.53675821830166,462.4079882701612,457.3354797404409,452.3186154544119,447.3567850076089,442.4493846915626,437.5958174203454,432.79549265792417,428.0478263463094,423.35224083449225,418.70816480816177,414.1150332201927,409.5722872218957,405.07937409502233,400.63574718451514,396.2408658319963,391.89419530998475,387.59520675683643,383.34337711239687,379.1381890543602,374.97913093532674,370.86569672055003,366.7973859263677,362.7737035593071,358.7941600558595,354.85827122291425,350.96555817884735,347.11554729525477,343.30777013932686,339.54176341685314,335.8170689158533,332.1332334508264,328.48980880761167,324.8863516888534,321.32242366006557,317.7975910962868,314.31142512932115,310.8635015955575,307.4534009843611,304.0807083870318,300.745013446322,297.44591030650764,294.18299756400836,290.9558782185478,287.76415962485095,284.60745344487026,281.4853756005368,278.397546227029,275.3435896265545,272.3231342226386,269.3358125149145,266.38126103440925,263.45912029932043,260.5690347712778,257.7106528120845,254.88362664093341,252.08761229209216,249.32226957305298,246.58726202314094,243.88225687257685,241.206925001989,238.56094090236883,235.9439826354663,233.3557317946194,230.79587346601338,228.26409619036517,225.76009192502787,223.28355600651108,220.83418711341233,218.41168722975513,216.0157616087292,213.64611873682856,211.30247029838281,208.98453114047777,206.69201923826054,204.42465566062563
67,2174.56,2182.1,2135.74,2116.69,2300.21,2234.43,1929.91,1919.28,1974.16,1968.74,1791.02,1551.31,1702.13,1445.73,1698.31,1838.98,1483.47,1570.3,1316.19,1331.07,1171.35,1430.33,1337.29,1312.47,1088.32,1209.86,1117.55,960.17,919.67,1118.7,1037.5,914.45,1150.5,1035.35,1188.23,1001.8,1040.66,1114.56,889.05,1059.67,1322.84,826.55,985.1,1156.87,1008.4,965.77,947.11,930.56,916.4,904.49,894.5,885.9,878.18,870.87,863.62,856.19,848.44,840.37,832.02,823.43,814.65,805.72,796.75,787.88,779.21,770.72,762.35,754.06,745.84,737.71,729.67,721.71,713.84,706.06,698.36,690.74,683.21,675.76,668.39,661.1,653.89,646.76,639.7,632.73,625.82,619.0,612.25,605.57,598.96,592.43,585.96,579.57,573.25,566.99,560.7804809622396,554.6389668746199,548.5647129655708,542.5569826200561,536.615047290246,530.738186407166,524.9256872933162,519.1768450762447,513.49096260307,507.8673503559374,502.3053263684029,496.8042161427321,491.36335256810486,485.98207583971555,480.6597333787602,475.39567975329896,470.18927659998553,465.0398925466541,459.9469031357535,454.9096907486206,449.9276445305828,445.00016031688,440.12664055939905,435.30649425421,430.5391368698958,425.8239902766675,421.16048267625456,416.54804853256496,411.98612850310246,407.4741693711368,403.0116239786154,398.59795115981086,394.2326156756945,389.9150881490286,385.6448450001698,381.42136838357555,377.24414612500584,373.11267165941223,369.026443969508,364.98496752501046,360.9877522225484,357.0343133262288,353.12417140885293,349.25685229377746,345.4318869974116,341.64881167234415,337.90716755109395,334.20650089047524,330.5463629165732,326.926309770322,323.3459024536788,319.80470677638647,316.30229330332105,312.83823730241403,309.4121186931462,306.023521995605,302.6720362800999,299.3572551173299,296.07877652909593,292.83620293955425,289.62914112700264,286.4572021761951,283.32000143117904,280.2171584486481,277.14829695180686,274.11304478474017,271.1110338672825,268.14190015038133,265.2052835719495,262.3008280132012,259.428181255466,256.5869949374756,253.77692451311887,250.99762920965938,248.24877198641008,245.53001949386126,242.84104203325555,240.18151351660606,237.55111142715214,234.94951678024822,232.37641408468116,229.8314913044111,227.31443982073125,224.82495439484248,222.3627331308371,219.9274774390888
68,2095.42,2443.96,2283.54,2129.45,2065.07,2044.47,1965.82,2050.65,2000.87,1906.89,1955.55,2054.63,1600.03,1917.37,1688.09,1696.3,1630.14,1864.15,1384.35,1760.57,1714.22,1434.71,1363.7,1314.39,1207.44,1072.85,1182.87,1252.9,1188.02,1055.64,1327.74,1081.48,1058.74,1161.99,1001.73,1159.75,1056.21,995.64,993.35,1184.23,1198.23,1135.37,908.37,937.78,1010.62,1043.34,1022.85,1003.48,986.27,971.47,958.91,948.23,938.92,930.45,922.38,914.37,906.19,897.72,888.96,879.96,870.77,861.43,851.99,842.55,833.23,824.08,815.1,806.23,797.45,788.76,780.16,771.66,763.24,754.92,746.69,738.55,730.5,722.54,714.66,706.87,699.16,691.54,684.0,676.54,669.16,661.86,654.64,647.5,640.44,633.46,626.55,619.71,612.95,606.27,599.6475854726867,593.0975089699691,586.6189803284133,580.2112180157069,573.8734490363786,567.6049088385495,561.4048412217011,555.272498245452,549.2071401393305,543.2080352135337,537.2744597706594,531.4056980184045,525.6010419832154,519.8597914248822,514.1812537520663,508.5647439387491,503.00958444159545,497.5151051182184,492.0806431463368,486.70554294381657,481.38915608958496,476.13084124540876,470.9299640785269,465.7858971851283,460.6980200146656,455.6657187949952,450.68838645833563,445.76542256803424,440.896233246134,436.0802311017315,431.31683516011765,426.6054707926921,421.9455696476431,417.33656958138545,412.77791459074626,408.269054745892,403.8094461239881,399.39855074358366,395.0358364997119,390.7207770997003,386.45285199968185,382.2315463417995,378.05635089209665,373.9267619790862,369.8422814329905,365.8024165256447,361.8066799110576,357.8545895666204,353.9456687349584,350.079445866418,346.25545456218134,342.473233518003,338.7323264685604,335.0322821324131,331.3726541575627,327.75300106760704,324.1728862084838,320.63187769579457,317.1295483627048,313.665475708413,310.2392418471828,306.85043345793144,303.4986417343691,300.18346233568286,296.90449533775944,293.6613451849408,290.45362064230613,287.2809347484761,284.1429047689316,281.0391521498432,277.9693024724042,274.93298540766347,271.92983467185053,268.9594879821896,266.0215870131956,263.1157773534481,260.241708462837,257.3990336302754,254.5874099318745,251.80649818957505,249.05596293023103,246.33547234513998,243.64469825001567,240.98331604539766,238.35100467749365,235.74744659944932
69,2361.75,2238.44,2222.46,2227.64,2188.31,2397.06,2083.38,2026.17,2292.9,2155.17,1909.44,2155.01,2037.17,2113.09,1910.28,1865.82,1908.27,1887.03,1868.1,1657.22,1707.64,1587.21,1766.36,1381.72,1361.73,1496.16,1100.91,1197.65,1225.11,1231.71,1106.11,1321.3,1276.5,1105.35,1345.34,1248.15,1304.27,1123.02,1303.78,1203.49,1254.22,1192.77,1411.2,1272.2,1183.47,1162.56,1141.05,1119.12,1098.42,1079.97,1064.02,1050.35,1038.59,1028.2,1018.65,1009.49,1000.38,991.12,981.6,971.81,961.82,951.67,941.41,931.11,920.84,910.7,900.73,890.92,881.21,871.61,862.12,852.72,843.43,834.24,825.15,816.16,807.26,798.46,789.76,781.15,772.64,764.21,755.88,747.64,739.49,731.43,723.46,715.57,707.77,700.05,692.41,684.86,677.4,670.01,662.6889039112006,655.4478043119184,648.2858270928317,641.2021076958773,634.1957910098841,627.2660312673497,620.4119919423424,613.6328456495208,606.9277740442558,600.295967723844,593.7366261298004,587.2489574512198,580.8321785291921,574.4855147622649,568.2082000129359,561.9994765151695,555.8585947829228,549.7848135196717,543.7773995289251,537.8356276257165,531.9587805490645,526.1461488753876,520.3970309328665,514.7107327167422,509.0865678055385,503.52385727820086,498.02192963214094,492.58012070217535,487.1977735803517,481.8742385366495,476.6088729405481,471.4010411834517,466.2501146019616,461.1554714019874,456.11649658368685,451.1325818672263,446.2031256193522,441.3275327807648,436.50521479428585,431.73558953381064,427.0180812340367,422.35212042096055,417.73714384313325,413.17259440366786,408.6579210929892,404.1925789223189,399.77602885788707,395.40773775586285,391.0871782979959,386.81382892796097,382.58717378839884,378.4067026586439,374.2719108931334,370.1822993604888,366.1373743832633,362.1366476783475,358.1796362980265,354.2658625716805,350.394854048123,346.5661434385692,342.7792685602265,339.0337722805026,335.32920246182266,331.66511190704966,328.04105830550054,324.4566041795531,320.91131683183573,317.4047682929945,313.93653527003045,310.5061990952022,307.1133456754863,303.7575654425899,300.4384533035099,297.155608591632,293.90863501836446,290.69714062529965,287.5207377368994,284.37904291369625,281.2716769060068,278.1982646081506,275.15843501316914,272.1518211680398,269.1780601293792,266.2367929196304,263.3276644837288,260.450323646242
70,2978.36,2863.91,2846.3,2488.38,2852.18,2742.62,2415.46,2710.11,2212.94,2455.56,2543.04,2278.72,2611.07,2430.74,2358.93,2298.44,2155.68,1970.73,1923.25,1947.03,2031.69,1677.55,1776.92,1658.22,1551.98,1397.62,1673.93,1577.88,1626.84,1591.55,1247.87,1351.9,1360.58,1291.0,1503.72,1421.33,1384.05,1332.56,1215.45,1399.66,1400.04,1315.32,1263.55,1143.92,1245.73,1289.24,1267.99,1244.99,1221.64,1199.61,1179.93,1162.8,1147.99,1135.09,1123.55,1112.84,1102.51,1092.24,1081.82,1071.17,1060.29,1049.24,1038.08,1026.86,1015.64,1004.48,993.48,982.63,971.92,961.34,950.87,940.51,930.27,920.13,910.11,900.19,890.39,880.69,871.09,861.6,852.21,842.93,833.74,824.65,815.67,806.78,797.98,789.29,780.68,772.17,763.76,755.43,747.19,739.05,730.9986537519956,723.0350203467017,715.1581442243227,707.3670802351063,699.6608935259354,692.0386594281539,684.4994633466156,677.0424006499417,669.6665765619737,662.3711060544082,655.155113740603,648.0177337705383,640.9581097269232,633.9753945224338,627.0687502980711,620.2373483226253,613.4803688932367,606.797001237039,600.1864434138739,593.6479022200664,587.1805930932479,580.783740018216,574.4565754338203,568.1983401408623,562.008283210999,555.8856618966383,549.8297415418167,543.8397954940473,537.915105017129,532.0549592049044,526.2586548959584,520.5254965892451,514.8547963606349,509.2458737803692,503.69805583141675,498.2106768287168,492.7830783393038,487.4146091033019,482.1046249557795,476.85248874945614,471.65757027825055,466.5192462016621,461.436899969976,456.40992175028316,451.43770835330577,446.51966316102096,441.65519605507177,436.8437233459592,432.08466770300436,427.3774580850748,422.72152967206495,418.116323797123,413.5612878796162,409.05587535882677,404.59954562836947,400.1917639713243,395.83200149607524,391.5197350728488,387.254447270943,383.035626296641,378.86276593180037,374.73536547311204,370.6529296720207,366.61496867529974,362.6209979662731,358.6705383066785,354.7631156791632,350.8982612304063,347.075511214861,343.29440693910976,339.5544947068249,335.85532576433,332.19645624675354,328.577447124769,324.99786415191613,321.4572778124953,317.9552632700295,314.4914003162883,311.0652733208669,307.6764711813142,304.32458727380464,301.0092194043473,297.7299697605263,294.4864448637671,291.278255522123,288.10501678357576
71,3057.83,2479.31,3560.76,2672.49,2956.9,2773.26,2826.86,2614.6,2503.64,2600.48,2594.96,2379.23,2577.73,2392.89,2520.64,2439.85,2089.54,2229.76,1845.5,2239.73,1925.69,2186.39,2323.05,1865.61,1872.57,1651.7,1534.47,1885.21,1963.81,1525.02,1643.12,1264.29,1422.08,1459.39,1543.97,1668.07,1474.48,1489.76,1440.59,1689.4,1591.61,1421.02,1378.18,1405.6,1405.14,1424.81,1404.08,1381.29,1356.79,1332.02,1308.67,1287.73,1269.38,1253.37,1239.26,1226.49,1214.53,1202.94,1191.42,1179.77,1167.91,1155.86,1143.68,1131.44,1119.18,1106.97,1094.86,1082.91,1071.11,1059.45,1047.91,1036.5,1025.22,1014.06,1003.01,992.09,981.29,970.6,960.03,949.57,939.23,929.0,918.88,908.87,898.97,889.18,879.49,869.91,860.43,851.05,841.78,832.6,823.53,814.55,805.7134235302868,796.9727099096378,788.3268191780793,779.7747226575553,771.3154028295365,762.9478532139564,754.6710782494625,746.4840931749646,738.38592391247,730.3756069511879,722.4521892328929,714.6147280385303,706.8622908760532,699.1939553694756,691.6088091491288,684.1059497431089,676.684484469902,669.3435303321736,662.0822139117109,654.899671265504,647.7950478229559,640.7674982842057,633.8161865195564,626.9402854699929,620.1389770487795,613.4114520441252,606.756910022904,600.174559235421,593.6636165212107,587.2233072158566,580.8528650588242,574.5515321022909,568.3185586209667,562.1532030228925,556.054731761207,550.0224192468694,544.05554776233,538.1534073761371,532.3152958584698,526.540518597588,520.8283885171878,515.1782259946544,509.58935878020117,504.06112191688607,498.59285766149605,493.1839154062895,487.8336516015873,482.5414296792046,477.30661997671245,472.1285996625212,467.00675266177666,461.94046958306063,456.9291476458856,451.97219060897737,447.06900869933406,442.2190185420564,437.42164309093823,432.6763115598098,427.98245935462694,423.33952800629595,418.7469651042275,414.20422423061166,409.7107648954057,405.26605247202735,400.86955813374504,396.52075879075943,392.21913702796627,387.96418104339506,383.7553845873155,379.59224690200466,375.474272662167,371.4009719160015,367.3718600269075,363.3864576158234,359.4442905041908,355.54488965753677,351.6877911296692,347.8725360074768,344.0986703563283,340.36574516606333,336.6733162975705,333.02094442994377,329.40819500821243,325.83463819163865,322.29984880257507,318.8034062758782
72,3066.36,3356.43,3477.0,3358.48,3352.28,3332.42,3724.22,2738.17,3219.18,2867.38,2824.17,3227.9,2883.04,2770.8,2805.39,2371.65,2523.47,2163.74,2589.58,2427.9,2478.15,2403.08,2075.63,1991.76,2293.97,1659.62,2047.53,1563.17,2127.16,1942.28,1803.96,1842.78,1596.38,1669.56,1528.72,1760.98,1554.05,1577.77,1483.59,1942.39,1708.71,1756.16,1351.17,1739.08,1598.1,1567.71,1547.0,1524.71,1500.41,1474.47,1448.35,1423.71,1401.54,1381.97,1364.73,1349.37,1335.32,1322.05,1309.14,1296.29,1283.33,1270.21,1256.94,1243.58,1230.21,1216.86,1203.61,1190.48,1177.52,1164.7,1152.03,1139.49,1127.09,1114.83,1102.69,1090.69,1078.82,1067.08,1055.46,1043.97,1032.6,1021.36,1010.24,999.24,988.36,977.59,966.95,956.42,946.0,935.7,925.5,915.42,905.45,895.59,885.8874306479887,876.28997619457,866.7964978545929,857.405869180183,848.1169759270848,838.9287159224502,829.8399989340612,820.8497465409675,811.9568920055276,803.1603801468343,794.4591672155126,785.8522207698737,777.3385195534111,768.9170533736227,760.5868229821468,752.3468399561973,744.1961265812807,736.133715735187,728.1586507732352,720.2699854147628,712.4667836308449,704.7481195332304,697.1130772644793,689.5607508892936,682.090244287022,674.700671045332,667.3911543550319,660.1608269060333,653.008830784441,645.9343173707563,638.9364472391851,632.0143900580354,625.1673244911943,618.3944381006728,611.6949272502056,605.0679970098963,598.5128610618943,592.028741607095,585.6148692728495,579.2704830216758,572.994830060956,566.7871657536164,560.6467535297702,554.5728647993215,548.5647788655136,542.6217828394153,536.7431715553328,530.9282474871385,525.1763206655061,519.4867085960421,513.858736178305,508.2917356257007,502.7850463862468,497.3380150641945,491.9499953425005,486.6203479061375,481.3484403662374,476.1336471850541,470.97534960174136,465.87293555893314,460.8257996301201,455.83334294781315,450.8949731324844,446.0101042222786,441.17815660348595,436.39855694176816,431.6707381141293,426.9941391416237,422.36820512279365,417.7923871678272,413.2661423334295,408.78893355840046,404.3602295999093,399.9795049704602,395.6462398755406,391.35992015194506,387.12003720676717,382.9260879570526,378.7775747701058,374.6740054044434,370.61489295138733,366.59975577729085,362.6281174663901,358.6995067642754,354.81345752197404,350.96950864064013
73,3758.32,3697.28,3589.62,3456.17,3704.89,3582.14,3541.6,3210.69,3156.33,3391.67,2776.71,2883.98,3504.76,3030.25,3330.15,3406.34,3585.86,2806.69,2756.0,2848.99,2707.43,1950.41,2122.95,2261.4,1924.43,2277.16,2052.47,2118.69,2314.06,1929.11,1835.34,1649.12,1654.45,1719.43,1795.22,1951.16,1911.37,1764.87,1565.23,2000.11,1781.5,1858.32,1929.21,1825.08,1743.74,1739.8,1718.67,1696.12,1672.02,1645.93,1618.28,1590.52,1564.33,1540.66,1519.62,1500.91,1484.05,1468.47,1453.65,1439.17,1424.75,1410.26,1395.62,1380.89,1366.12,1351.38,1336.71,1322.17,1307.78,1293.56,1279.49,1265.58,1251.81,1238.2,1224.73,1211.41,1198.23,1185.19,1172.3,1159.54,1146.92,1134.44,1122.09,1109.88,1097.8,1085.85,1074.03,1062.34,1050.78,1039.34,1028.02,1016.83,1005.76,994.8,984.0872941247866,973.4899501988784,963.0067259236907,952.6363923785835,942.3777338767982,932.229547822946,922.1906445720308,912.2598472899906,902.4359918157398,892.717926524698,883.1045121937877,873.5946218678873,864.1871407277195,854.8809659591653,845.6750066239836,836.568183531923,827.5594291142119,818.6476872984098,809.8319133846065,801.1110739229554,792.4841465925241,783.9501200814515,775.5079939683927,767.1567786052442,758.8954950011288,750.723174707631,742.6388597052694,734.6416022911898,726.7304649680685,718.9045203342125,711.1628509748422,703.5045493545449,695.9287177108881,688.4344679491761,681.0209215383412,673.6872094079563,666.4324718463553,659.2558583998521,652.1565277730436,645.1336477301878,638.1863949976416,631.3139551673515,624.5155226013832,617.7903003374771,611.1374999956242,604.556341685646,598.0460539157694,591.6058735021871,585.235045479592,578.9328230126741,572.698467308571,566.5312475302616,560.4304407108915,554.3953316690217,548.4252129247901,542.519384616975,536.6771544209523,530.8978374675364,525.1807562626947,519.5252406081266,513.930627522698,508.3962611647221,502.92149275507614,497.50568050114737,492.148189521597,486.8483917719351,481.6056659708963,476.4193975276088,471.28897846954726,466.21380737126213,461.193289283876,456.22683566533925,451.31386431143693,446.4537992875383,441.64607086108174,436.89011543478665,432.1853754805839,427.53129947425884,422.9273418307974,418.37296284042833,413.8676286053548,409.4108109771671,405.00198749492847,400.6406413239293,396.3262611950992,392.0583413450731
74,4126.88,3775.74,3948.41,3471.41,4187.11,4045.57,3953.84,3566.96,3662.94,3726.65,3371.36,3486.94,3537.12,3299.07,3142.97,3314.68,3071.87,3268.17,2996.01,2812.01,2898.49,3130.8,2412.45,3018.04,2473.92,2898.49,2396.26,2323.6,2098.06,1809.26,2557.6,2048.33,1957.19,2051.09,2097.2,2118.75,2164.63,2220.91,2166.91,2060.34,2139.34,1922.65,2125.6,2087.39,1950.81,1936.05,1915.25,1892.11,1867.56,1841.47,1813.45,1783.92,1754.37,1726.47,1701.14,1678.46,1658.08,1639.53,1622.23,1605.64,1589.38,1573.19,1556.94,1540.6,1524.21,1507.82,1491.51,1475.32,1459.29,1443.43,1427.74,1412.23,1396.88,1381.69,1366.67,1351.81,1337.12,1322.58,1308.2,1293.97,1279.9,1265.98,1252.21,1238.59,1225.11,1211.79,1198.6,1185.56,1172.66,1159.9,1147.28,1134.8,1122.45,1110.23,1098.3206894281036,1086.5391286722795,1074.8839473748224,1063.3537898776976,1051.9473150648603,1040.6631962062634,1029.5001208035426,1018.4567904373534,1007.5319206163476,996.7242406277694,986.0324933896533,975.4554353046088,964.9918361151734,954.6404787607152,944.4001592358734,934.269686450515,924.2478820911954,914.3335804841035,904.5256284594788,894.8228852174806,885.2242221954982,875.7285229368837,866.3346829610919,857.0416096352143,847.8482220468915,838.753450878587,829.7562382832123,820.8555377610833,812.0503140381991,803.3395429458246,794.7222113013661,786.197316790524,777.7638678507099,769.4208835557138,761.1673935016098,753.0024376938838,744.9250664357738,736.9343402178063,729.0293296085187,721.2091151463538,713.4727872327138,705.8194460261611,698.2482013377547,690.7581725275088,683.3484884019622,676.0182871128465,668.7667160568416,661.5929317764059,654.4960998616706,647.4753948533861,640.5300001469107,633.6591078972269,626.8619189249789,620.1376426235167,613.4854968669373,606.9047079191133,600.3945103436968,593.9541469150877,587.5828685303587,581.2799341221246,575.044610572345,568.8761726270532,562.7739028119993,556.7370913491976,550.76503607437,544.8570423552745,539.01242301091,533.2304982315874,527.5105954998588,521.8520495122942,516.2542021020977,510.71640216255315,505.23800557129243,499.8183751153743,494.45688041716795,489.15289786103176,483.90581052077783,478.7150080879151,473.5798868006621,468.49984937372125,463.4743049288059,458.5026689259138,453.58436309533624,448.71881537039803,443.9054598209177,439.14373658738253
75,4534.72,4340.16,4539.45,4133.91,4529.02,4555.63,4543.51,3943.99,3889.34,3777.63,3731.41,3931.87,3628.73,3539.26,3811.85,3585.88,3535.58,3432.28,3814.69,3368.91,2821.95,2861.88,3260.8,2662.42,2935.15,2914.71,2586.14,2697.79,2837.11,2144.03,2149.31,2815.81,2456.26,2790.35,2301.19,2082.98,2350.19,2467.14,2334.58,2243.0,2103.81,2328.25,2046.22,2418.45,2172.64,2123.04,2104.33,2081.79,2056.9,2030.61,2002.84,1973.2,1942.14,1911.15,1881.85,1855.12,1831.0,1809.13,1789.0,1770.04,1751.76,1733.78,1715.87,1697.94,1679.95,1661.96,1644.03,1626.22,1608.57,1591.1,1573.82,1556.73,1539.82,1523.1,1506.55,1490.18,1473.99,1457.98,1442.14,1426.46,1410.96,1395.63,1380.46,1365.45,1350.61,1335.92,1321.4,1307.03,1292.82,1278.76,1264.85,1251.09,1237.49,1224.03,1210.8323813270154,1197.7770607501866,1184.8625039966516,1172.0871933362387,1159.4496274030994,1146.9483210192689,1134.5818050201249,1122.348626081731,1110.247346550041,1098.2765442719426,1086.4348124281282,1074.7207593677604,1063.1330084449266,1051.6701978568537,1040.330980483867,1029.1140237310763,1018.0180093717686,1007.0416333924875,996.1836058397857,985.442650668628,974.817505592429,964.3069219347092,953.9096644823479,943.6245113404211,933.4502537886027,923.3856961391148,913.4296555962095,903.5809621171653,893.8384582747833,884.2009991213647,874.6674520541557,865.2366966822434,855.9076246948861,846.6791397312635,837.5501572516315,828.5196044098667,819.586419927384,810.7495539684138,802.0079680166256,793.3606347530792,784.8065379354945,776.3446722788212,767.9740433370966,759.6936673865781,751.5025713101346,743.3997924828848,735.3843786590693,727.4553878601412,719.611888264064,711.8529580958038,704.1776855190005,696.5851685288087,689.0745148458925,681.6448418115649,674.2952762840567,667.0249545359036,659.8330221524411,652.7186339313918,645.6809537835377,638.7191546344611,631.8324183273472,625.0199355268326,618.2809056238918,611.6145366417495,605.0200451428059,598.4966561365669,592.0436029885667,585.6601273302715,579.3454789699564,573.0989158045413,566.9197037323787,560.8071165669813,554.7604359516802,548.7789512752025,542.8619595881601,537.0087655204381,531.2186811994748,525.4910261694212,519.8251273111747,514.2203187632728,508.6759418436398,503.1913449721795,497.76588359419935,492.39892010466275,487.08982377325685,481.8379706702686
76,5581.44,5319.28,5263.28,4720.21,5220.14,4529.16,4408.31,4540.99,5037.96,4396.39,4528.17,4537.19,4077.86,3999.8,3950.29,4426.03,4606.56,3849.11,3806.38,3478.11,3153.54,3313.08,3149.28,3246.75,3077.64,3627.32,2852.64,3037.93,3175.8,2694.12,2505.06,2778.96,2593.48,2952.61,2378.13,2573.46,2964.69,2421.47,2654.21,2861.04,2422.94,2746.19,2550.04,2345.28,2303.2,2324.9,2308.04,2287.65,2263.34,2236.66,2208.62,2179.13,2147.85,2115.26,2082.81,2052.09,2023.9,1998.26,1974.78,1952.95,1932.21,1912.09,1892.24,1872.47,1852.71,1832.93,1813.22,1793.61,1774.17,1754.92,1735.88,1717.04,1698.41,1679.98,1661.74,1643.7,1625.86,1608.21,1590.75,1573.47,1556.39,1539.48,1522.76,1506.22,1489.86,1473.67,1457.66,1441.82,1426.16,1410.66,1395.33,1380.16,1365.16,1350.32,1335.6845518406994,1321.207730038724,1306.8878153217322,1292.72310705172,1278.7119230230562,1264.8525992627006,1251.1434898325908,1237.5829666341704,1224.1694192150344,1210.9012545776723,1197.7768969902831,1184.79478779964,1171.9533852459851,1159.2511642799295,1146.6866163813368,1134.2582493801722,1121.9645872792905,1109.8041700791475,1097.775553604409,1085.8773093324403,1074.1080242236544,1062.4663005536993,1050.9507557474626,1039.560022214878,1028.2927471885087,1017.1475925628924,1006.123234735628,995.2183644501839,984.4316866404095,973.7619202767339,963.2077982140295,952.7680670411256,942.4414869319535,932.2268314983031,922.1228876441778,912.1284554217262,902.242347888736,892.4633909676719,882.7904233062428,873.2222961394783,863.7578731533013,854.3960303495785,845.1356559126351,835.975650077214,826.914924997868,817.9524046197664,809.0870245509028,800.3177319356877,791.6434853299099,783.0632545770559,774.5760206859667,766.1807757098226,757.8765226264396,749.6622752198617,741.5370579632385,733.4999059029703,725.5498645441113,717.6859897370115,709.9073475651913,702.2130142344275,694.6020759630444,687.0736288733918,679.626778884501,672.260641605903,664.9743422325979,657.7670154411632,650.6378052869871,643.5858651026169,636.610357397208,629.710453757063,622.8853347472497,616.1341898142842,609.4562171898696,602.8506237956773,596.3166251491612,589.853445270392,583.4603165899017,577.1364798575268,570.8811840522391,564.6936862929549,558.5732517503095,552.5191535593891,546.530672733408,540.6070980783206,534.7477261083616,528.9518609624978
77,6028.67,5419.97,5588.78,5541.2,5265.52,4917.95,4370.64,4210.23,5186.69,4907.98,5002.91,4654.02,4479.66,4486.76,4738.3,4661.94,4710.74,3726.23,4752.1,4125.25,3797.41,3562.81,3871.8,3559.16,3527.1,3748.93,3514.62,3786.84,2931.55,2851.59,3380.48,2692.1,3494.53,3243.82,2927.07,2920.0,2962.25,2506.34,2364.62,3096.2,2889.2,2558.51,2800.44,2764.2,2562.9,2548.98,2529.51,2510.99,2488.82,2462.67,2434.14,2404.26,2372.99,2340.02,2305.83,2271.87,2239.64,2209.91,2182.63,2157.39,2133.7,2111.01,2088.87,2066.98,2045.19,2023.43,2001.71,1980.11,1958.68,1937.45,1916.45,1895.67,1875.12,1854.79,1834.68,1814.78,1795.1,1775.62,1756.36,1737.31,1718.46,1699.81,1681.36,1663.12,1645.06,1627.21,1609.54,1592.07,1574.78,1557.68,1540.77,1524.03,1507.48,1491.11,1474.9422228344135,1458.949749314082,1443.130678660208,1427.4831307037193,1412.0052456618034,1396.6951839168623,1381.5511257978667,1366.5712713640794,1351.7538401911233,1337.0970711593711,1322.599222244628,1308.2585703110826,1294.0734109065058,1280.0420580596692,1266.162844079958,1252.4341193591595,1238.8542521753996,1225.4216284992046,1212.1346518016671,1198.9917428646907,1185.9913395932927,1173.1318968299422,1160.4118861709107,1147.8297957846153,1135.3841302319288,1123.073410288442,1110.8961727686487,1098.8509703520422,1086.936371411092,1075.1509598410903,1063.4933348918396,1051.9621110011692,1040.5559176302531,1029.2733991007158,1018.1132144335041,1007.0740371895048,996.154555311892,985.3534709701825,974.6695004059834,964.1013737804109,953.6478350231647,943.3076416832379,933.0795647812457,922.9623886633568,912.9549108568056,903.0559419269744,893.2643053360226,883.5788373030505,873.9983866657778,864.5218147437237,855.1479952028683,845.8758139217837,836.7041688592153,827.6319699230987,818.6581388409975,809.7816090319459,801.0013254796804,792.3162446072466,783.7253341529647,775.2275730477413,766.8219512937095,758.5074698441875,750.283140484936,742.1479857167051,734.101038639054,726.1413428354299,718.2679522594947,710.4799311226815,702.776353782973,695.1563046348843,687.6188780006393,680.1631780225257,672.7883185564198,665.4934230664628,658.2776245208814,651.1400652889366,644.0798970389907,637.0962806376788,630.1883860501742,623.3553922415352,616.5964870791207,609.9108672360652,603.2977380957991,596.7563136576053,590.2858164431992,583.8854774043224
78,6349.77,6752.81,5646.0,6253.05,5089.46,5930.89,5333.88,5188.43,5565.8,5531.72,5185.72,5304.86,4907.98,5168.45,4595.19,4202.42,4965.9,4478.33,4939.93,5260.56,4177.92,4356.53,4070.74,3891.5,4241.27,3455.53,3514.55,3517.19,3292.33,3536.58,3295.99,3292.63,3379.46,3371.99,2806.49,3110.17,3331.35,3577.34,2752.46,3540.9,3317.82,2937.68,3023.26,3444.64,2976.86,2844.18,2813.97,2792.45,2771.83,2747.43,2718.93,2688.02,2655.76,2622.14,2586.89,2550.52,2514.45,2480.14,2448.28,2418.8,2391.26,2365.16,2339.98,2315.29,2290.84,2266.5,2242.23,2218.08,2194.11,2170.36,2146.86,2123.61,2100.61,2077.86,2055.35,2033.09,2011.06,1989.27,1967.71,1946.38,1925.29,1904.42,1883.77,1863.34,1843.14,1823.15,1803.38,1783.82,1764.47,1745.32,1726.39,1707.66,1689.13,1670.79,1652.6646228691202,1634.7358768505508,1617.001628813816,1599.4597687694677,1582.1082096180387,1564.944886901726,1547.9677585587651,1531.1748046804678,1514.5640272708986,1498.1334500091546,1481.8811180142288,1465.8050976124205,1449.9034761072696,1434.1743615519888,1418.6158825243622,1403.2261879040866,1388.00344665253,1372.945847594876,1358.0515992046342,1343.3189293904873,1328.746085285452,1314.3313330383237,1300.072957607389,1285.9692625563703,1272.018569852587,1258.2192196673093,1244.5695701782706,1231.0679973743286,1217.7128948622435,1204.5026736755513,1191.435762085512,1178.5106054141067,1165.7256658490674,1153.0794222609084,1140.570370021946,1128.1970208272808,1115.957902517721,1103.8515589046283,1091.8765495966627,1080.0314498284074,1068.314850290853,1056.7253569637196,1045.2615909496,1033.9221883098996,1022.7057999025586,1011.6110912215325,1000.6367422380151,989.7814472433844,979.0439146938514,968.4228670567942,957.9170406587597,947.5251855351137,937.2460652813232,927.07845690585,917.0211506846417,907.0729500172015,897.232671284218,887.4991437067409,877.871209206883,868.3477222700352,858.927549808574,849.6095710270498,840.3926772888359,831.2757719842257,822.2577703999588,813.3375995901648,804.514198248706,795.786516582904,787.153516188639,778.6141699268005,770.1674618010813,761.8123868370961,753.5479509628103,745.3731708902683,737.2870739986028,729.2886982183147,721.3770919168076,713.5513137851635,705.8104327261491,698.1535277434338,690.5796878320124,683.0880118698146,675.6776085104916,668.347596077365,661.0971024585266,653.9252650030758
79,7540.77,7474.04,6479.63,6819.27,6832.19,6381.91,5908.22,5956.41,5754.79,5458.68,5168.39,5325.55,6401.64,5455.78,5878.95,5558.24,5285.63,4729.02,5395.51,5054.03,4473.91,4911.9,5428.33,4328.15,4586.3,4310.65,4458.63,3671.38,3928.78,4039.47,3478.9,3951.93,4470.01,3501.25,3482.72,3909.92,3533.16,3831.64,3590.45,3514.78,3761.51,3848.94,3481.54,3569.85,3274.74,3210.79,3162.86,3129.91,3105.93,3082.81,3055.75,3024.47,2990.72,2955.62,2919.2,2881.22,2842.21,2803.59,2766.74,2732.31,2700.16,2669.85,2640.87,2612.71,2585.01,2557.53,2530.19,2502.99,2475.98,2449.21,2422.73,2396.53,2370.6,2344.96,2319.59,2294.49,2269.66,2245.1,2220.8,2196.76,2172.97,2149.44,2126.17,2103.14,2080.36,2057.83,2035.53,2013.48,1991.66,1970.07,1948.72,1927.6,1906.7,1886.03,1865.548780691739,1845.2899758436686,1825.2511701605195,1805.4299745757633,1785.8240259667837,1766.4309868731386,1747.2485452178855,1728.27441403193,1709.506331181369,1690.9420590977932,1672.5793845115224,1654.416118187733,1636.4500946654534,1618.6791719993944,1601.1012315045805,1583.7141775037576,1566.5159370775414,1549.5044598172797,1532.6777175805994,1516.0337042496064,1499.570435491712,1483.285948523058,1467.1783018745093,1451.2455751601867,1435.4858688485167,1419.8973040357641,1404.4780222220256,1389.2261850896566,1374.139974284102,1359.2175911971094,1344.4572567522946,1329.8572111930368,1315.4157138726778,1301.1310430469969,1287.0014956689427,1273.025387185591,1259.201051337311,1245.5268399591077,1232.0011227841276,1218.6222872492924,1205.3887383030467,1192.2988982151942,1179.3512063887954,1166.5441191741108,1153.8761096845658,1141.3456676147084,1128.951299060152,1116.691526339465,1104.564887818002,1092.569937733642,1080.7052460244245,1068.9693981580522,1057.3609949632487,1045.8786524629475,1034.521001709289,1023.2866886204148,1012.1743738190283,1001.1827324727141,990.3104541359867,979.5562425940585,968.9188157083014,958.3969052633867,947.9892568160884,937.694629545724,927.5117961062216,917.4395424797943,907.4766678322017,897.6219843695837,887.8743171968506,878.2325041776086,868.6953957956079,859.2618550176953,849.9307571582548,840.7009897451201,831.5714523869434,822.5410566420052,813.6087258884468,804.7733951959149,796.034011198597,787.3895319696381,778.8389268969198,770.3811765601879,762.0152726095162,753.7402176450885,745.5550250982863,737.4587191140686
80,7598.37,8302.91,7951.59,7254.02,7252.05,7447.45,6727.25,6771.89,7555.97,6569.55,5923.63,6055.8,6042.76,5527.64,5869.37,6318.31,6011.24,5905.94,5322.51,5749.09,5693.88,5699.25,5344.02,6008.15,5223.37,5231.84,5067.66,4500.42,4233.96,3813.69,4498.04,4133.92,4168.26,4250.03,4126.35,4319.08,3886.36,4406.73,3963.88,3937.81,4032.7,4011.67,4251.4,3626.78,3597.0,3613.69,3547.55,3496.36,3460.63,3434.04,3408.25,3378.37,3344.21,3307.55,3269.56,3230.29,3189.56,3147.93,3106.76,3067.37,3030.3,2995.39,2962.18,2930.16,2898.88,2868.0,2837.36,2806.9,2776.66,2746.7,2717.04,2687.7,2658.67,2629.95,2601.54,2573.43,2545.62,2518.11,2490.89,2463.97,2437.33,2410.97,2384.9,2359.1,2333.58,2308.34,2283.36,2258.65,2234.21,2210.02,2186.1,2162.43,2139.02,2115.85,2092.901634525675,2070.2021654655305,2047.748893305953,2025.5391478120714,2003.5702877102005,1981.8397003737296,1960.3448015124195,1939.0830348650677,1918.051871895506,1897.2488114918997,1876.6713796693014,1856.3171292754378,1836.183639699682,1816.268516585187,1796.5693915441366,1777.0839218760882,1757.8097902893694,1738.7447046254958,1719.8863975865788,1701.2326264656879,1682.7811728801407,1664.5298425076821,1646.4764648255275,1628.6188928522354,1610.9550028923782,1593.4826942839863,1576.1998891487256,1559.104532144791,1542.1945902224738,1525.468052382385,1508.9229294362983,1492.557253770588,1476.3690791122322,1460.3564802973542,1444.5175530422734,1428.8504137170419,1413.3531991214331,1398.0240662633641,1382.8611921397196,1367.8627735195514,1353.0270267296323,1338.3521874423338,1323.8365104658048,1309.478269536427,1295.2757571135198,1281.2272841762726,1267.331180022881,1253.585792071858,1239.989485665503,1226.5406438755028,1213.2376673106382,1200.0789739265788,1187.0629988377398,1174.1881941311792,1161.4530286825134,1148.8559879738298,1136.3955739135752,1124.0703046583944,1111.878714436906,1099.8193533753843,1087.8907873253363,1076.0915976929462,1064.42038127037,1052.8757500688612,1041.4563311537045,1030.160766480942,1018.9877127358677,1007.9358411732763,997.0038374594424,986.1904015158152,975.4942473644074,964.914102974862,954.4487101131764,944.096824192069,933.8572141229671,923.7286621696015,913.7099638031875,903.799927559178,893.9973748955692,884.3011400527447,874.7100699148367,865.2230238725946,855.8388736877381,846.5565033587825,837.3748089883196,828.2926986517376
81,8293.74,7883.15,7996.77,8926.04,7835.62,7378.67,7219.07,8065.53,7155.91,6337.66,7038.83,7038.33,6601.77,7334.36,6641.21,6368.79,6179.15,6356.7,7729.72,5699.4,6360.91,6467.73,5782.02,5834.05,5948.28,5413.01,5776.62,5586.56,4863.29,5126.22,4837.52,5562.25,5117.78,4151.28,5022.2,4179.5,4511.57,4219.37,4229.73,5121.24,4991.3,4284.64,4646.16,4695.44,4202.87,4089.46,4009.24,3938.82,3883.97,3845.0,3815.31,3786.33,3753.14,3715.58,3675.51,3634.12,3591.51,3547.55,3502.82,3458.64,3416.23,3376.04,3337.87,3301.24,3265.68,3230.78,3196.25,3161.98,3127.98,3094.28,3060.93,3027.94,2995.29,2962.99,2931.04,2899.42,2868.14,2837.19,2806.57,2776.28,2746.31,2716.66,2687.33,2658.31,2629.59,2601.19,2573.08,2545.28,2517.77,2490.56,2463.64,2437.0,2410.65,2384.58,2358.7680423140846,2333.2354869378332,2307.9793094725705,2282.996518257315,2258.2841540144086,2233.839289498983,2209.6590291522202,2185.7405087583656,2162.080895105453,2138.677385649705,2115.527208183562,2092.62762050731,2069.9759101042564,2047.5693938194286,2025.4054175417434,2003.4813558896235,1981.794611900014,1960.3426167207629,1939.1228293063364,1918.1327361168237,1897.3698508202028,1876.831713997826,1856.515892853098,1836.4199809233014,1816.5415977945484,1796.8783888198116,1777.4280248400107,1758.188201908119,1739.1566410162518,1720.331087825715,1701.7093123999705,1683.2891089404948,1665.0682955254972,1647.044713851465,1629.2162289775063,1611.5807290724606,1594.136125164747,1576.880350894921,1559.811362270907,1542.9271374258833,1526.225676378786,1509.705000797406,1493.363153764051,1477.1981995437425,1461.2082233549238,1445.391331142648,1429.7456493542227,1414.269324717283,1398.960524020267,1383.817433895265,1368.8382606032233,1354.0212298214701,1339.3645864335433,1324.8665943212902,1310.5255361592224,1296.3397132110915,1282.3074451286718,1268.4270697527163,1254.6969429160713,1241.1154382489194,1227.680946986132,1214.3918777767071,1201.2466564952688,1188.2437260556094,1175.3815462262467,1162.6585934479804,1150.0733606534232,1137.624357088483,1125.3101081357809,1113.1291551399772,1101.0800552349908,1089.1613811730886,1077.3717211558221,1065.7096786667985,1054.1738723062579,1042.7629356274438,1031.4755169747432,1020.3102793235804,1009.2659001220418,998.3410711342168,987.5344982852338,976.8449015079732,966.2710145914402,955.8115850307793,945.4653738789109,935.2311555997755
82,8441.67,9081.62,9293.58,8325.36,9442.33,8957.51,8372.23,7585.49,8616.13,7686.04,7396.89,7598.69,7323.93,7120.47,8003.74,8040.82,7081.21,7825.06,8289.16,6823.44,7096.53,6937.27,6829.02,6206.41,6197.91,5751.26,5770.26,6123.75,6139.58,5407.19,4918.26,5961.38,5294.2,5486.82,5411.64,5010.93,5167.53,4700.24,5099.76,5200.54,5329.57,5488.25,5501.38,4901.98,4692.19,4647.71,4558.03,4472.57,4397.43,4338.41,4295.66,4262.3,4229.53,4192.42,4150.86,4106.77,4061.37,4014.81,3967.03,3918.62,3870.84,3824.81,3780.89,3738.84,3698.18,3658.46,3619.32,3580.56,3542.13,3504.05,3466.36,3429.07,3392.17,3355.67,3319.55,3283.81,3248.45,3213.47,3178.85,3144.61,3110.72,3077.2,3044.03,3011.21,2978.75,2946.63,2914.84,2883.4,2852.29,2821.52,2791.07,2760.94,2731.13,2701.65,2672.479613365994,2643.624186647735,2615.080319144718,2586.8446468746492,2558.913842176986,2531.2846133207636,2503.953704116656,2476.9178935332216,2450.1739953172973,2423.7188576184863,2397.549362617704,2371.6624261597344,2346.054997389752,2320.724058393767,2295.6666238429607,2270.8797406418494,2246.3604875802557,2222.1059749890355,2198.1133443995195,2174.3797682066365,2150.9024493356696,2127.6786209126126,2104.7055459380854,2081.980516964773,2059.5008557783385,2037.2639130817934,2015.267068183267,1993.5077286871492,1971.9833301885712,1950.6913359711796,1929.6292367081792,1908.794550166599,1888.1848209147554,1867.7976200328703,1847.6305448268165,1827.6812185449526,1807.9472900980154,1788.426433782037,1769.1163490042536,1750.0147600119728,1731.1194156243703,1712.42808896718,1693.9385772102519,1675.64870130794,1657.5563057422958,1639.659258269034,1621.9554496662408,1604.4427934857965,1587.1192258074793,1569.9827049957275,1553.0312114590267,1536.262747411893,1519.6753366394298,1503.2670242644235,1487.0358765169563,1470.979980506504,1455.097443996498,1439.3863951813178,1423.8449824656932,1408.4713742464887,1393.2637586968428,1378.22034355264,1363.3393559012852,1348.619041972761,1334.0576669329414,1319.6535146791357,1305.4048876378404,1291.3101065646752,1277.3675103464784,1263.5754558055405,1249.9323175059503,1236.4364875620315,1223.08637544885,1209.880407814764,1196.8170282960014,1183.8946973332354,1171.1118919901448,1158.4671057739308,1145.9588484577707,1133.5856459051922,1121.3460398963405,1109.2385879561234,1097.2618631842101,1085.4144540868685,1073.6949644106141,1062.102012977659
83,10776.11,9557.2,10303.97,9569.3,9249.56,9426.44,8678.6,9083.77,8994.18,9330.99,7392.68,7701.12,8610.21,8956.95,8420.48,8125.53,7956.45,7348.69,8827.94,7989.27,7593.89,7308.68,7205.02,7036.47,6673.07,6378.86,6538.45,7411.17,6768.03,6578.75,6244.88,6048.06,6168.73,6036.63,5626.86,6272.27,5832.18,5398.2,5849.67,6695.76,6183.59,5413.05,5539.48,6004.06,5425.83,5270.91,5174.35,5079.21,4988.58,4908.66,4845.27,4798.4,4760.92,4723.89,4682.39,4636.39,4587.84,4538.0,4487.08,4435.06,4382.56,4330.78,4280.7,4232.59,4186.18,4140.99,4096.62,4052.8,4009.38,3966.38,3923.82,3881.71,3840.04,3798.81,3758.01,3717.65,3677.71,3638.19,3599.09,3560.4,3522.11,3484.24,3446.76,3409.68,3372.99,3336.69,3300.78,3265.24,3230.08,3195.29,3160.88,3126.82,3093.13,3059.8,3026.867549930794,2994.2895499130823,2962.062185021502,2930.181681390512,2898.6443057724664,2867.4463651004485,2836.5842060558066,2806.0542146403445,2775.8528157531205,2745.9764727717966,2716.4216871384965,2687.1849979501194,2658.2629815530636,2629.6522511423127,2601.349456364838,2573.3512829272627,2545.654452207762,2518.2557208721246,2491.1518804939583,2464.339757178978,2437.8162111933398,2411.5781365959724,2385.622460874868,2359.9461445872876,2334.546181003839,2309.419595756384,2284.563446489735,2259.974822517104,2235.6508444792557,2211.588664007332,2187.7854633893044,2164.238455240012,2140.944882174764,2117.9020164864373,2095.1071598260637,2072.5576428868494,2050.2508250915944,2028.1840942834772,2006.3548664201696,1984.7605852712413,1963.3987221188218,1942.2667754614845,1921.3622707213176,1900.6827599541477,1880.2258215628838,1859.9890600139422,1839.9701055567298,1820.1666139461415,1800.5762661680458,1781.1967681677265,1762.0258505812455,1743.0612684696969,1724.300801056322,1705.7422514664536,1687.3834464702595,1669.222236228255,1651.2564940395512,1633.4841160928197,1615.9030212199298,1598.5111506522442,1581.3064677795323,1564.2869579114815,1547.4506280417745,1530.7955066147051,1514.319643294307,1498.0211087359676,1481.8979943604975,1465.948412130635,1450.1704943299537,1434.5623933441518,1419.1222814446921,1403.8483505747743,1388.7388121376082,1373.7918967869675,1359.0058542199968,1344.3789529722492,1329.9094802149284,1315.5957415543162,1301.4360608333548,1287.4287799353685,1273.572258589895,1259.8648741806073,1246.3050215553053,1232.891112837948,1219.6215772427117,1206.4948608900509
84,12162.52,11258.0,10838.92,11476.95,9466.83,9274.48,9998.6,10034.82,9411.76,7908.29,8769.99,8474.17,8996.08,9478.53,8988.09,9140.84,8494.89,9567.78,9581.89,9086.99,8003.24,8739.28,7532.68,8167.03,7322.23,7587.69,7841.14,7658.86,7555.71,7361.02,7331.36,7571.91,7089.67,7094.65,7029.45,6636.73,6880.41,6433.99,6264.65,7200.6,6738.27,6541.85,6005.22,6367.79,6045.11,5989.36,5886.31,5783.92,5683.08,5586.97,5501.87,5433.63,5382.08,5339.84,5297.86,5251.27,5200.12,5146.39,5091.39,5035.38,4978.41,4921.12,4864.61,4809.74,4756.69,4705.14,4654.67,4604.92,4555.71,4506.98,4458.76,4411.03,4363.81,4317.08,4270.84,4225.09,4179.82,4135.02,4090.69,4046.82,4003.42,3960.47,3917.98,3875.93,3834.32,3793.16,3752.42,3712.12,3672.24,3632.78,3593.74,3555.11,3516.88,3479.06,3441.706569560651,3404.7541896250555,3368.198554256525,3332.0354037496822,3296.2605241340934,3260.869746683226,3225.8589474286837,3191.2240466796516,3156.961008547505,3123.0658404755213,3089.53459277364,3056.363358158217,3023.548271296727,2991.0855083573424,2958.9712865633605,2927.2018637524075,2895.7735379403757,2864.682646890045,2833.9255676843354,2803.4987163041383,2773.398547210685,2743.6215529323954,2714.1642636561664,2685.023246823043,2656.195106728236,2627.676484125432,2599.46405583535,2571.5545343585054,2543.9446674921237,2516.631237951179,2489.611062993489,2462.8809940488427,2436.43791635211,2410.2787485802833,2384.400442493428,2358.799982579477,2333.474385702844,2308.420700756809,2283.636008319635,2259.1174203143814,2234.862079672359,2210.867160000212,2187.1298652505648,2163.647429396208,2140.417116107783,2117.436218434928,2094.7020584908432,2072.211987140249,2049.9633836906883,2027.9536555871487,2006.1802381099574,1984.640594075926,1963.3322135427006,1942.2526135162855,1921.399337661709,1900.7699560167941,1880.3620647090047,1860.1732856753297,1840.2012663851742,1820.4436795662289,1800.8982229332794,1781.5626189199297,1762.4346144132037,1743.5119804909996,1724.7925121623587,1706.2740281105266,1687.9543704387722,1669.831404418934,1651.903018242667,1634.1671227753632,1616.6216513127097,1599.2645593398622,1582.0938242932068,1565.1074453246752,1548.3034430685939,1531.679859411035,1515.2347572616436,1498.9662203279156,1482.8723528918977,1466.951279589287,1451.2011451909002,1435.6201143864898,1420.206371570883,1404.958120632413,1389.8735847436267,1374.951006154235
85,10292.07,12341.9,11243.88,10504.25,12044.34,11632.84,9218.24,10924.41,10972.06,10068.89,9493.76,9920.44,9399.02,9524.22,9624.98,9350.91,10075.4,9390.43,11058.72,9500.41,10506.82,9966.43,8543.07,8156.36,8843.1,8300.65,9063.34,8194.8,8288.26,7699.09,8232.28,8030.11,8654.75,7403.98,7675.24,7677.69,7574.84,7549.78,7161.58,8235.83,7546.72,6981.05,7620.4,7560.3,6976.53,6875.26,6765.98,6655.96,6546.64,6438.95,6336.14,6244.66,6170.42,6113.04,6064.87,6016.73,5963.77,5906.14,5845.88,5784.35,5721.85,5658.53,5595.05,5532.41,5471.35,5411.94,5353.86,5296.72,5240.27,5184.4,5129.11,5074.38,5020.23,4966.64,4913.61,4861.13,4809.2,4757.81,4706.96,4656.63,4606.83,4557.56,4508.79,4460.54,4412.79,4365.54,4318.79,4272.53,4226.75,4181.45,4136.63,4092.28,4048.39,4004.96,3962.054539809633,3919.60872928222,3877.617644153771,3836.0764129143313,3794.980216242828,3754.3242864479644,3714.1039069151047,3674.3144115590876,3634.9511842829,3596.009658442148,3557.485316315269,3519.373688579416,3481.6703537919598,3444.370937877543,3407.471113620631,3370.9666001634987,3334.8531625095966,3299.1266110322345,3263.7828009885325,3228.8176320385755,3194.2270477697225,3160.007035226007,3126.1536244425856,3092.6628879851696,3059.5309404943896,3026.753938235047,2994.3280786501864,2962.249599919956,2930.514780525181,2899.119938815624,2868.0614325828647,2837.3356586377536,2806.9390523924,2776.8680874466304,2747.1192751788817,2717.6891643414756,2688.5743406602287,2659.771426438354,2631.2770801646016,2603.087996125603,2575.2009040223634,2547.6125685908664,2520.319789226739,2493.319399613943,2466.6082673574397,2440.1832936197907,2414.0414127616536,2388.1795919861293,2362.5948309869163,2337.2841616002365,2312.2446474604917,2287.473383659603,2262.96749641001,2238.724142711267,2214.740510020226,2191.013815924738,2167.5413078208608,2144.3202625935214,2121.347986300599,2098.6218138603904,2076.1391087424313,2053.897262661618,2031.8936952756185,2010.1258538855154,1988.5912131396624,1967.2872747407073,1946.211567155762,1925.361645329668,1904.7350904013408,1884.3295094231514,1864.1425350833103,1844.1718254312323,1824.4150636058366,1804.8699575667633,1785.534239828466,1766.4056671971546,1747.482020510554,1728.761104380456,1710.2407469380219,1691.9187995818202,1673.7931367285603,1655.861655566497,1638.1222758114773,1620.5729394656003,1603.2116105784635,1586.0362750109648
86,13047.86,11175.41,12158.37,11751.06,11191.94,13350.21,12189.54,10806.57,12237.91,11543.05,11881.78,9808.73,11226.0,10991.66,10231.45,11157.18,11903.99,11457.49,11696.75,10613.84,9923.32,11499.88,9851.63,9645.09,10651.62,10912.51,9059.67,10131.2,8863.17,9409.97,8500.84,9200.95,8300.29,9017.48,8646.78,9664.01,9147.76,8676.01,8374.27,9456.2,8578.66,9148.9,8412.25,7878.98,7829.57,7883.23,7771.53,7655.5,7538.58,7422.28,7307.57,7197.79,7099.55,7018.72,6954.76,6899.76,6844.47,6784.15,6719.04,6651.26,6582.18,6512.19,6441.53,6370.85,6301.07,6232.78,6165.96,6100.3,6035.49,5971.38,5907.94,5845.14,5782.99,5721.49,5660.62,5600.37,5540.76,5481.75,5423.36,5365.58,5308.39,5251.8,5195.79,5140.37,5085.52,5031.24,4977.53,4924.38,4871.78,4819.72,4768.22,4717.24,4666.8,4616.89,4567.549657357988,4518.7366111020765,4470.445226056995,4422.66992727015,4375.405199368025,4328.645585919478,4282.385688805814,4236.6201675976135,4191.343738938207,4146.551175933745,4102.237307549787,4058.3970180143306,4015.025246227229,3972.1169851759187,3929.6672813573878,3887.671234206323,3846.1239955293695,3805.0207689454382,3764.3568093319877,3724.1274222772317,3684.327963538194,3644.9538385045616,3606.0005016682644,3567.463456098718,3529.3382529236865,3491.6204908156833,3454.305815483865,3417.3899191713535,3380.868540157932,3344.737462268055,3308.9925143841156,3273.6295699649136,3238.644546569274,3204.0334053847505,3169.7921507613705,3135.916829750359,3102.4035316477966,3069.248387543152,3036.447569872637,3003.9972919773386,2971.8938076660725,2940.1334107829066,2908.712434779307,2877.627252290858,2846.8742747185042,2816.449951814267,2786.3507712713913,2756.5732583188706,2727.1139753203015,2697.969521377035,2669.13653193556,2640.6116783990856,2612.3916677432735,2584.473242136081,2556.85317856166,2529.528288448282,2502.495417300236,2475.751444333659,2449.2932821162613,2423.1178762109016,2397.2222048229687,2371.6032784515355,2346.2581395442367,2321.1838621558372,2296.3775516104533,2271.836344167372,2247.5574066904564,2223.5379363210736,2199.7751601545206,2176.266334919912,2153.0087466634827,2129.99971043528,2107.2365699792012,2084.7166974263455,2062.437492991641,2040.3963846737172,2018.5908279579787,1997.0183055228608,1975.6763269492171,1954.5624284328158,1933.6741724999085,1913.0091477258386,1892.5649684566556,1872.339274533707,1852.3297310211715,1832.5340279365037
87,13477.35,13844.33,14861.64,13669.06,14115.24,14056.45,12988.89,12501.63,12738.53,11262.71,12169.66,10831.46,11942.89,12163.74,11622.59,10692.9,11708.37,11870.69,12467.85,12497.45,11367.38,12589.93,12167.77,10470.51,10432.54,9630.0,10406.45,11739.97,9386.74,10260.7,9358.09,10320.85,10259.41,9337.39,10464.27,9685.53,9624.91,10225.06,10234.73,10616.48,8618.64,9051.43,9853.69,9628.86,8987.37,8921.65,8814.19,8697.62,8576.27,8453.75,8331.65,8210.97,8095.12,7990.73,7903.54,7832.81,7770.53,7707.59,7639.45,7566.49,7490.84,7413.88,7336.09,7257.79,7179.63,7102.4,7026.54,6951.96,6878.4,6805.65,6733.65,6662.39,6591.85,6522.04,6452.94,6384.55,6316.87,6249.87,6183.57,6117.94,6052.99,5988.71,5925.09,5862.12,5799.81,5738.14,5677.1,5616.7,5556.92,5497.76,5439.21,5381.26,5323.92,5267.17,5211.015488053827,5155.459652287066,5100.496110075143,5046.118546840119,4992.320715325218,4939.09643487711,4886.439590735834,4834.344133332289,4782.804077593227,4731.813502253639,4681.36654917649,4631.45742267969,4582.080388870252,4533.22977498554,4484.899968741546,4437.085417688118,4389.780628571048,4342.980166700978,4296.678655329027,4250.870775029066,4205.551263086598,4160.714912894135,4116.356573353027,4072.4711482816774,4029.0535958300516,3986.0989279004402,3943.6022095743915,3901.558558545755,3859.963144559772,3818.8111888581393,3778.097963629997,3737.8187914687655,3697.9690448347733,3658.5441455236155,3619.5395641401765,3580.950819578266,3542.7734785057987,3505.003154855463,3467.63550932082,3430.6662488577763,3394.0911261913698,3357.905939327814,3322.1065310717468,3286.6887885486212,3251.6486427321947,3216.982067977049,3182.6850815560974,3148.753743203026,3115.1841546596047,3081.9724592278335,3049.114841326857,3016.607526054606,2984.4467787541107,2952.6289045844396,2921.150248096211,2890.0071928116304,2859.1961608090046,2828.7136123116898,2798.556045281414,2768.719995015941,2739.2020337510244,2709.9987702666003,2681.106849497183,2652.522952146413,2624.243794305712,2596.2661270770086,2568.58673619948,2541.2024416802797,2514.1100974291962,2487.30659089721,2460.788842718903,2434.5538063586814,2408.5984677607685,2382.919845002929,2357.5149879538894,2332.380977934403,2307.5149273819347,2282.913979518919,2258.5753080245527,2234.49611671009,2210.673639197598,2187.105138602133,2163.7879072173155,2140.719266204244,2117.896565283737,2095.3171824318474
88,14135.97,14021.57,13585.05,14393.46,14053.49,14787.55,13097.91,13197.42,14281.45,12896.58,11929.38,12230.26,13428.64,11704.43,12912.28,11899.03,13129.0,14254.89,14996.08,13683.71,13434.76,12812.21,13407.31,12239.35,10456.21,11792.79,13012.05,12944.73,11943.74,10853.8,11354.08,10924.91,11050.04,10099.06,11306.91,10679.09,11710.89,11711.95,10498.41,11133.87,10775.51,11046.56,10497.33,10919.56,10198.61,10089.25,9986.26,9874.71,9753.21,9626.36,9497.94,9369.63,9242.5,9120.0,9008.71,8914.23,8835.57,8764.71,8692.76,8615.46,8533.35,8448.54,8362.44,8275.61,8188.44,8101.58,8015.68,7931.03,7847.51,7764.93,7683.2,7602.3,7522.21,7442.94,7364.47,7286.79,7209.9,7133.79,7058.46,6983.89,6910.09,6837.03,6764.72,6693.15,6622.31,6552.19,6482.8,6414.11,6346.12,6278.84,6212.24,6146.33,6081.09,6016.53,5952.642345610876,5889.433094285203,5826.89504227257,5765.021062316947,5703.804102844407,5643.237187159487,5583.313412650077,5524.025950000751,5465.368042414451,5407.33300484244,5349.914223222423,5293.105153724774,5236.899322006747,5181.290322474624,5126.271817553687,5071.837536965943,5017.981277015529,4964.696899881689,4911.978332919271,4859.819567966647,4808.214660660981,4757.157729760774,4706.642956475591,4656.664583802917,4607.216915872054,4558.2943172949745,4509.891212524077,4462.002085216761,4414.621477606747,4367.743989882071,4321.364279569689,4275.477060926608,4230.0771043374925,4185.159235718662,4140.71833592841,4096.749340183603,4053.2472374824574,4010.2070700334543,3967.623932690315,3925.4929723929786,3883.809387614514,3842.5684278139056,3801.765392894653,3761.39563266911,3721.4545463285244,3681.9375819186944,3642.8402358212015,3604.1580522401446,3565.886622694327,3528.0215855148413,3490.558625347977,3453.493472663422,3416.821903267671,3380.539737822613,3344.6428413692242,3309.1271228563182,3273.9885346743063,3239.223072193902,3204.8267733097277,3170.7957179887667,3137.1260278236077,3103.813865590441,3070.855434811734,3038.2469793235678,3005.9847828475554,2974.0651685673092,2942.4844987094075,2911.2391741288106,2880.3256338986744,2849.7403549045275,2819.4798514427516,2789.540674823326,2759.919412976794,2730.612690065399,2701.6171660983523,2672.9295365511857,2644.5465319891437,2616.4649176945786,2588.6814932983007,2561.193092414841,2533.9965822815893,2507.088863401765,2480.466869191177,2454.127565628731,2428.0679509106617,2402.2850551084152
89,15177.23,15967.49,16455.26,16465.64,15423.95,18575.11,14610.07,12670.21,16539.33,13921.78,14905.17,14563.88,15826.1,14481.5,13643.06,14849.6,13828.14,13877.38,16979.5,13867.82,14787.43,13697.16,15071.31,12443.16,12852.05,12384.94,13776.27,12625.39,12660.41,11877.58,12358.31,14153.72,12905.86,13249.64,12796.04,12084.71,12391.95,13531.24,12059.51,14067.34,13154.73,13139.42,13605.95,10767.06,11134.05,11423.64,11312.18,11205.71,11089.71,10962.81,10829.88,10694.89,10559.61,10425.18,10295.09,10175.83,10072.76,9984.67,9903.6,9820.96,9732.88,9640.02,9544.52,9447.78,9350.44,9252.96,9155.98,9059.99,8965.16,8871.37,8778.54,8686.64,8595.66,8505.58,8416.41,8328.13,8240.74,8154.22,8068.57,7983.79,7899.86,7816.77,7734.52,7653.11,7572.51,7492.73,7413.76,7335.59,7258.21,7181.62,7105.81,7030.76,6956.48,6882.96,6810.267296412721,6738.34231908781,6667.176959871562,6596.763196242559,6527.093090407289,6458.158788405309,6389.952519223862,6322.466593921852,6255.693404763055,6189.6254243585,6124.255204817898,6059.575376910039,5995.578649232049,5932.257807387429,5869.605713172769,5807.615303773055,5746.279590965465,5685.591660331598,5625.54467047799,5566.131852264888,5507.346508043158,5449.1820108992515,5391.631803908156,5334.689399394219,5278.3483781997975,5222.602388961611,5167.445147394756,5112.870435584271,5058.87210128419,5005.444057223987,4952.580280422366,4900.274811508272,4848.521754049101,4797.315273885979,4746.6495984760795,4696.519016241881,4646.917875927294,4597.840585960592,4549.2816138240705,4501.23548543036,4453.696784505332,4406.660151977515,4360.120285373965,4314.071938222511,4268.50991946032,4223.4290928487035,4178.8243763941055,4134.6907417752045,4091.023213776069,4047.8168697252972,4005.0668389410803,3962.7683021821304,3920.9164911043977,3879.5066877235377,3838.534223883046,3797.994480728014,3757.882888184445,3718.194924444063,3678.9261154545675,3640.0720344152705,3601.6283012780605,3563.590582253635,3525.954589322951,3488.7160797538327,3451.870855622685,3415.4147633412617,3379.3436931884235,3343.6535788468486,3308.340396944635,3273.400166601742,3238.8289489812228,3204.6228468451955,3170.7780041155065,3137.290605439031,3104.1568757575665,3071.373079882266,3038.9355220725693,3006.840545619579,2975.084532433837,2943.663902637454,2912.575114160549,2881.814662341948,2851.379079534101,2821.2649347121733,2791.468833087259,2761.987415723692
90,16376.04,17301.75,14862.41,16949.6,15952.66,17119.84,18215.38,18281.8,17661.72,19555.14,16552.3,15503.88,14399.23,13729.13,14028.97,15076.4,14923.87,15558.1,16227.45,16501.82,16408.54,16094.52,16591.86,17829.88,14008.72,15243.95,13951.62,15509.19,14132.38,13120.71,13443.26,15033.56,14485.21,12774.36,14056.68,14338.89,12924.07,13175.52,13507.32,14547.88,13773.13,13973.24,13426.05,13884.08,12975.34,12758.01,12616.14,12502.99,12394.22,12274.99,12144.04,12006.39,11866.16,11725.19,11584.66,11448.03,11321.54,11210.15,11112.46,11020.76,10927.06,10827.97,10724.31,10618.17,10510.91,10403.24,10295.68,10188.8,10082.95,9978.2,9874.5,9771.82,9670.15,9569.48,9469.8,9371.11,9273.4,9176.65,9080.87,8986.03,8892.14,8799.18,8707.14,8616.03,8525.82,8436.51,8348.1,8260.57,8173.92,8088.14,8003.22,7919.15,7835.93,7753.55,7673.310306541702,7593.900995089875,7515.313472213428,7437.539233412695,7360.569862199109,7284.3970291843925,7209.012491179183,7134.408090300971,7060.575753091286,6987.507489642008,6915.19539273073,6843.631636965056,6772.8084779357605,6702.718251378721,6633.353372345508,6564.706334382566,6496.769708718888,6429.536143462101,6362.99836280286,6297.149166227491,6231.981427738764,6167.4880950847455,6103.662188995624,6040.496802428436,5977.985099819607,5916.120316345224,5854.895757188972,5794.3047968176415,5734.340878264127,5674.997512417863,5616.268277322582,5558.146817481357,5500.626843168827,5443.70212975054,5387.366517009348,5331.613908478762,5276.438270783211,5221.8336329851345,5167.794085938818,5114.3137816509325,5061.386932647672,5009.007811348463,4957.1707494461325,4905.870137293505,4855.100423296348,4804.856113312592,4755.131770057769,4705.92201251661,4657.221515360728,4609.025008372324,4561.327275873865,4514.123156163655,4467.407540957256,4421.17537483468,4375.421654693311,4330.141429206484,4285.329798287664,4240.9819125601825,4197.092972832443,4153.658229578572,4110.672982424439,4068.132579639,4026.032417630893,3984.3679404502636,3943.134639295721,3902.3280520264207,3861.9437626791773,3821.9774009905873,3782.4246419240912,3743.2812052019312,3704.5428548419527,3666.205398699199,3628.264688012251,3590.716616954262,3553.5571221886353,3516.782182429303,3480.387818005557,3444.3700904313796,3408.725101979233,3373.448995258257,3338.5379527968394,3303.9881966294947,3269.7959878880297,3235.9576263969307,3202.469450272945,3169.3278355287994
91,16751.56,17362.02,17958.31,16109.22,18039.34,16476.27,15921.66,17962.22,18541.41,20571.43,14412.5,15927.87,16129.03,16537.71,15327.35,15900.62,17465.82,16818.5,17506.52,18623.56,18843.86,16194.01,17117.97,16315.89,16677.29,17470.62,17570.5,14452.87,15799.05,16994.93,15220.97,16219.37,16017.35,15924.43,16265.47,15164.84,15553.94,16018.66,13898.72,15886.17,15628.69,14214.21,14349.1,15573.32,14573.85,14448.34,14256.97,14112.97,13998.22,13887.41,13765.32,13630.81,13489.11,13344.49,13198.86,13053.49,12911.76,12779.69,12661.82,12556.52,12456.33,12353.85,12246.14,12134.18,12019.97,11904.86,11789.56,11674.61,11560.48,11447.36,11335.29,11224.25,11114.23,11005.22,10897.22,10790.2,10684.18,10579.13,10475.06,10371.95,10269.8,10168.6,10068.34,9969.01,9870.61,9773.12,9676.55,9580.88,9486.1,9392.22,9299.22,9207.09,9115.82,9025.42,8936.278260234025,8848.01695038361,8760.627374670123,8674.10092320088,8588.429071120892,8503.603377772948,8419.615485866034,8336.457120651934,8254.120089109982,8172.596279139858,8091.8776587623615,8011.9562753280725,7932.824254733832,7854.473800646964,7776.897193737154,7700.086790915916,7624.035024583573,7548.734401883676,7474.177503964777,7400.356985249512,7327.2655727108795,7254.896065155687,7183.241332515067,7112.294315141996,7042.048023115763,6972.495535553291,6903.62999992728,6835.444631391068,6767.9327121101705,6701.087590600418,6634.902681072627,6569.371462783755,6504.487479394451,6440.244338332958,6376.635710165297,6313.655327971673,6251.296986729037,6189.554542699748,6128.421912826273,6067.893074131869,6007.96206312717,5948.622975222658,5889.869964146919,5831.697241370647,5774.099075536346,5717.069791893655,5660.603771740255,5604.695451868297,5549.339324016298,5494.52993432645,5440.2618828072855,5386.529822801662,5333.32846045998,5280.652554218632,5228.496914283573,5176.856402119011,5125.72592994115,5075.100460216912,5024.9750051676365,4975.344626277659,4926.2044338077585,4877.549586313406,4829.375290167764,4781.676799089414,4734.449413674727,4687.688480934869,4641.389393837376,4595.547590852251,4550.1585555025495,4505.217815919401,4460.720944401431,4416.663556978522,4373.0413129799,4329.8499146064705,4287.085106507393,4244.742675360823,4202.81844945881,4161.308298296283,4120.208132164101,4079.5139017461233,4039.2215977202573,3999.3272503634485,3959.8269291605716,3920.716742417181,3881.992836876092,3843.651397337745
92,21879.38,20483.64,21120.89,16788.32,19798.66,19245.67,17297.3,20469.08,21600.62,18500.8,19140.04,16693.01,19770.73,20440.53,17914.63,19812.3,18532.82,19534.18,19526.93,20978.32,18706.73,20057.09,19716.63,19113.89,19592.93,18944.17,17910.45,20821.68,18137.58,15125.68,17307.5,17469.4,18833.68,16304.44,17642.39,18683.65,17847.26,16758.62,15252.27,16960.29,18319.23,19278.59,18064.32,16907.22,16477.89,16463.73,16219.98,16022.23,15873.62,15754.94,15639.9,15512.95,15373.03,15225.62,15075.09,14923.44,14771.97,14623.99,14485.19,14359.65,14245.49,14135.57,14023.13,13905.77,13784.61,13661.55,13537.86,13414.27,13291.28,13169.21,13048.17,12928.15,12809.16,12691.19,12574.22,12458.26,12343.28,12229.3,12116.29,12004.26,11893.2,11783.09,11673.93,11565.72,11458.45,11352.11,11246.69,11142.19,11038.6,10935.92,10834.13,10733.24,10633.22,10534.09,10436.15676118926,10339.13398728474,10243.013213884002,10147.786055276389,10053.444203711451,9959.979428674167,9867.383576166887,9775.648567997989,9684.766401077104,9594.729146716934,9505.528949941532,9417.158028801025,9329.6086736927,9242.873246688421,9156.944180868277,9071.813979660428,8987.475216187106,8903.920532616672,8821.14263952172,8739.134315243127,8657.888405260032,8577.397821565659,8497.655542048955,8418.654609881973,8340.388132912942,8262.849283064987,8186.0312957404485,8109.9274692307135,8034.531164131558,7959.835802763921,7885.834868600044,7812.521905694974,7739.890518123331,7667.934369421322,7596.647182033932,7526.022736767274,7456.054872246002,7386.737484375796,7318.064525810831,7250.03000542619,7182.627987795201,7115.852592671612,7049.697994476595,6984.158421790519,6919.228156849433,6854.901535046246,6791.17294443654,6728.036825248975,6665.487669400245,6603.520020014544,6542.128470947507,6481.307666314563,6421.052300023687,6361.357115312481,6302.216904289573,6243.626507480274,6185.580813376452,6128.074757990602,6071.103324414055,6014.661542379298,5958.744487826357,5903.347282473213,5848.465093390229,5794.093132578497,5740.22665655214,5686.860965924484,5633.991404998067,5581.613361358481,5529.72226547197,5478.313590286782,5427.382850838223,5376.925603857378,5326.937447383478,5277.414020379865,5228.351002353533,5179.744112978195,5131.589111720865,5083.881797471912,5036.618008178542,4989.7936204817015,4943.404549356342,4897.446747755043,4851.916206254945,4806.80895270795,4762.121051894197,4717.848605178742
93,21127.21,23471.88,18633.54,22836.54,21064.81,18594.36,22341.79,21774.19,22656.64,25081.51,18953.07,15896.26,19314.04,18535.83,20967.15,21324.04,17050.3,20785.89,22060.02,22059.06,21521.81,21721.77,20136.47,20976.49,19559.9,22434.04,21604.28,21978.59,20773.66,19814.24,17668.58,18846.63,19634.6,20189.0,20142.44,18610.06,20703.6,18612.18,17491.46,19787.72,19944.39,20463.39,19058.73,19092.22,18602.84,18677.86,18400.07,18149.8,17947.11,17794.73,17672.58,17553.71,17422.39,17277.71,17125.29,16969.6,16812.69,16655.89,16502.38,16357.42,16224.54,16101.63,15982.0,15859.71,15732.97,15602.97,15471.52,15339.78,15208.43,15077.9,14948.36,14819.83,14692.32,14565.81,14440.29,14315.77,14192.23,14069.67,13948.08,13827.46,13707.8,13589.1,13471.34,13354.52,13238.64,13123.69,13009.67,12896.56,12784.36,12673.07,12562.68,12453.18,12344.57,12236.84,12130.21292354386,12024.514954065795,11919.737995688047,11815.874023077193,11712.91508082946,11610.853282861366,11509.68081180571,11409.389918412795,11309.972920956874,11211.42220464778,11113.730221047681,11016.889487492894,10920.892586520768,10825.732165301546,10731.400935075171,10637.891670593022,10545.197209564483,10453.310452108366,10362.224360209091,10271.931957177614,10182.426327117057,10093.700614392978,10005.748023108277,9918.561816582667,9832.135316836679,9746.461904080163,9661.535016205253,9577.348148283747,9493.894852068863,9411.168735501344,9329.163462219847,9247.872751075634,9167.290375651459,9087.41016378465,9008.22599709438,8929.731810513009,8851.92159182155,8774.789381189155,8698.329270716633,8622.535403983933,8547.401975601575,8472.923230765995,8399.093464818749,8325.907022809579,8253.358299063266,8181.441736750271,8110.151827461114,8039.483110784456,7969.430173888864,7899.9876511082175,7831.1502235307335,7762.912618591555,7695.269609668917,7628.2160156838045,7561.746700703118,7495.8565735462835,7430.540587395302,7365.793739408187,7301.611070335776,7237.987664141882,7174.918647626747,7112.3991900537885,7050.424502779588,6988.989838887101,6928.090492822088,6867.721800032676,6807.879136612087,6748.557918944479,6689.7536033538545,6631.461685756047,6573.677701313733,6516.397224094451,6459.615866731595,6403.32928008837,6347.533152924672,6292.223211566872,6237.395219580473,6183.044977445627,6129.168322235471,6075.761127297272,6022.819301936349,5970.338791102744,5918.315575080635,5866.7456691804455,5815.625123433632,5764.950022290151
94,19748.49,21287.55,23040.0,30315.12,22057.61,25009.53,16302.77,22674.22,25140.59,22207.18,20256.18,20173.72,22278.48,23697.85,25012.21,25653.21,22217.12,24503.59,24952.26,20733.58,22480.46,23109.33,24529.06,22270.14,20462.3,22458.16,20329.28,20731.71,20380.52,24291.77,20366.06,19338.42,21293.72,21021.74,21665.1,21223.88,22037.22,22364.05,21983.03,22259.7,20159.28,21147.04,21913.91,18980.75,20531.28,21117.49,20823.62,20539.89,20284.67,20078.11,19922.54,19797.21,19674.72,19539.34,19390.32,19233.4,19073.1,18911.51,18749.98,18591.5,18440.83,18300.85,18169.27,18040.01,17908.06,17772.23,17633.82,17494.49,17355.27,17216.75,17079.16,16942.56,16806.95,16672.31,16538.64,16405.94,16274.21,16143.42,16013.59,15884.71,15756.77,15629.76,15503.68,15378.53,15254.3,15130.98,15008.58,14887.07,14766.47,14646.76,14527.94,14410.0,14292.94,14176.75,14061.63537843433,13947.455482817712,13834.202723214234,13721.869571317955,13610.448559952461,13499.932282574506,13390.313392781658,13281.58460382398,13173.738688119629,13066.76847677444,12960.66685910536,12855.426782167795,12751.041250286764,12647.503324591875,12544.80612255608,12442.942817538162,12341.906638328952,12241.690868701211,12142.288846963193,12043.693965515806,11945.899670413397,11848.899460928069,11752.686889117576,11657.25555939669,11562.599128112068,11468.711303120574,11375.58584337101,11283.216558489252,11191.597308366763,11100.722002752429,11010.584600847722,10921.179110905148,10832.499589829955,10744.540142785072,10657.29492279926,10570.758130378445,10484.924013120206,10399.786865331387,10315.341027648827,10231.580886663154,10148.500874545654,10066.095468678146,9984.359191285881,9903.286609073413,9822.872332863431,9743.111017238522,9663.997360185831,9585.526102744638,9507.692028656762,9430.489964019818,9353.914776943304,9277.961377207443,9202.62471592484,9127.899785204854,9053.781617820705,8980.265286879296,8907.345905493685,8835.018626458264,8763.278641926521,8692.121183091464,8621.541519868615,8551.534960581586,8482.096851650205,8413.22257728118,8344.907559161267,8277.147256152935,8209.937163992507,8143.272814990731,8077.149777735812,8011.563656798835,7946.510092441582,7881.984760326733,7817.9833712304035,7754.501670757029,7691.535439056566,7629.08049054397,7567.13267362098,7505.687870400137,7444.7419964310575,7384.291000428926,7324.330864005193,7264.857601400455,7205.867259219511,7147.355916168564,7089.319682794561,7031.754701226645
95,25663.17,23703.7,20944.79,25991.19,24157.96,23221.4,20966.08,30107.53,22982.22,30660.79,24213.46,25396.83,23121.39,24267.21,21234.24,20678.08,20920.23,21001.22,26157.41,29220.59,26559.82,27780.79,25536.37,24907.65,21165.1,22478.39,22056.07,22008.5,23951.09,23626.6,21321.59,22667.48,25249.44,21065.23,23525.37,22807.02,23521.68,24506.82,22800.98,24533.51,24980.19,27402.24,24083.13,22479.34,23256.59,23847.16,23540.97,23241.89,22953.51,22694.34,22484.57,22326.08,22197.59,22071.46,21932.09,21778.92,21617.77,21453.16,21287.24,21121.33,20958.23,20802.09,20655.12,20514.93,20376.1,20234.69,20090.13,19943.78,19797.11,19650.96,19505.7,19361.37,19218.0,19075.55,18934.05,18793.47,18653.82,18515.09,18377.28,18240.38,18104.39,17969.3,17835.11,17701.82,17569.42,17437.91,17307.28,17177.53,17048.66,16920.65,16793.51,16667.23,16541.81,16417.24,16293.87296642703,16171.43297205021,16049.913050651367,15929.306288359838,15809.605823259113,15690.80484499642,15572.896594395246,15455.874363070787,15339.731493048264,15224.461376384123,15110.057454790067,14996.513219259941,14883.822209699385,14771.978014558295,14660.974270466037,14550.8046618694,14441.46292067328,14332.942825884053,14225.238203255627,14118.342924938166,14012.250909129447,13906.956119728824,13802.452565993823,13698.734302199282,13595.795427299077,13493.630084590388,13392.232461380461,13291.596788655927,13191.717340754543,13092.588435039454,12994.204431575863,12896.55973281016,12799.648783251438,12703.466069155425,12608.006118210773,12513.263499227709,12419.232821829033,12325.908736143429,12233.285932501089,12141.359141131614,12050.123131864191,11959.572713830034,11869.702735167026,11780.508082726634,11691.983681782967,11604.124495744074,11516.925525865374,11430.381810965255,11344.488427142809,11259.240487497686,11174.633141852055,11090.661576474655,11007.321013806908,10924.606712191122,10842.513965600683,10761.03810337234,10680.174489940438,10599.918524573199,10520.26564111095,10441.21130770634,10362.751026566497,10284.880333697123,10207.59479864853,10130.890024263545,10054.761646427356,9979.205333819205,9904.216787665964,9829.791741497549,9755.925960904182,9682.61524329548,9609.855417661342,9537.642344334645,9465.971914755706,9394.840051238545,9324.242706738873,9254.175864623829,9184.63553844347,9115.617771703954,9047.118637642432,8979.134239003644,8911.660707818171,8844.694205182386,8778.230921040022,8712.267073965408,8646.798910948324,8581.822707180476
96,21659.39,24721.03,23509.66,20592.82,21588.28,26580.23,22963.54,23955.43,26086.96,23203.03,22895.62,28495.48,21689.26,22366.45,29220.49,25638.8,25413.87,28473.41,30288.07,30250.72,29421.49,30117.65,26175.25,24981.84,25717.25,27879.96,26089.68,25503.76,24417.31,24316.11,23433.69,30726.72,29526.61,25666.24,25512.53,28597.45,26678.52,24874.97,24279.21,28636.84,23647.91,27976.83,23371.16,27614.21,26805.72,26712.52,26390.12,26081.83,25781.16,25491.53,25231.4,25020.67,24860.77,24730.14,24601.34,24459.16,24303.27,24139.46,23972.22,23803.67,23635.12,23469.1,23309.08,23156.57,23009.14,22862.27,22713.09,22561.64,22409.31,22257.26,22106.0,21955.62,21806.13,21657.51,21509.77,21362.91,21216.92,21071.79,20927.53,20784.12,20641.58,20499.88,20359.04,20219.05,20079.9,19941.59,19804.11,19667.48,19531.67,19396.69,19262.53,19129.19,18996.67,18864.97,18734.576357422597,18605.083988582952,18476.4866639262,18348.77819695582,18221.95244393602,18096.00330359617,17970.924716837293,17846.710666440566,17723.355176777863,17600.85231352427,17479.196183372598,17358.380933749882,17238.40075253582,17119.24986778317,17000.92254744007,16883.41309907429,16766.71586959937,16650.825245002703,16535.735650075403,16421.44154814413,16307.937440804737,16195.217867657735,16083.277406045629,15972.110670792026,15861.712313942586,15752.077024507731,15643.199528207158,15535.0745872161,15427.696999913349,15321.06160063102,15215.163259406034,15109.99688173335,15005.557408320861,14901.839814846007,14798.839111714076,14696.550343818162,14594.968590300788,14494.088964317172,14393.90661280014,14294.416716226651,14195.614488385942,14097.495176149281,14000.054059241304,13903.286450012927,13807.187693215845,13711.753165778571,13616.978276584041,13522.858466248737,13429.389206903357,13336.566001974972,13244.384385970734,13152.839924263028,13061.928212876146,12971.644878274421,12881.985577151825,12792.945996223025,12704.521852015874,12616.708890665363,12529.502887708952,12442.899647883367,12356.895004922757,12271.484821358277,12186.664988319038,12102.431425334446,12018.780080137893,11935.70692847182,11853.207973894114,11771.27924758585,11689.916808160368,11609.116741473654,11528.875160436044,11449.188204825226,11370.052041100533,11291.462862218523,11213.41688744983,11135.910362197283,11058.939557815278,10982.500771430414,10906.59032576334,10831.204568951867,10756.33987437527,10681.992640479833,10608.159290605585,10534.83627281423,10462.020059718274,10389.707148311334
97,32969.7,21515.89,22535.21,13317.48,28486.65,30283.91,24046.24,30929.99,23483.37,32933.1,27942.29,25806.45,27098.67,25495.75,20907.84,24045.08,25634.82,18414.32,30367.14,31585.44,32479.7,28019.32,32438.36,32339.57,30300.05,28089.38,30660.79,31959.63,28400.48,23231.57,29739.78,27535.7,23870.97,26281.59,31741.57,28619.64,31688.31,33954.2,25769.01,28269.41,27808.1,28155.34,32235.29,26590.91,28546.25,29498.43,29165.81,28846.5,28541.81,28245.03,27959.4,27702.98,27494.94,27336.22,27205.41,27075.88,26933.14,26777.1,26613.43,26446.46,26278.25,26110.08,25944.1,25783.07,25627.82,25476.0,25324.12,25170.45,25015.56,24860.65,24706.4,24552.96,24400.32,24248.47,24097.43,23947.17,23797.71,23649.04,23501.16,23354.06,23207.74,23062.21,22917.45,22773.47,22630.26,22487.83,22346.16,22205.26,22065.13,21925.75,21787.14,21649.28,21512.18,21375.82,21240.939261376792,21106.90961588833,20973.72569316423,20841.38215672097,20709.87370374808,20579.19506489563,20449.34100406315,20320.30631818977,20192.085837045786,20064.67442302546,19938.066970941196,19812.25840781896,19687.24369269503,19563.017816413987,19439.575801428044,19316.91270159756,19195.02360199289,19073.90361869743,18953.547898611945,18833.951619260082,18715.109988595173,18597.018244808212,18479.671656137038,18363.06552067678,18247.19516619142,18132.05594992661,18017.643258423617,17903.95250733451,17790.979141238422,17678.718633459055,17567.166485883296,17456.318228780983,17346.1694206258,17236.715647917325,17127.952525004177,17019.875693908303,16912.48082415035,16805.76361257614,16699.719783184268,16594.34508695477,16489.63530167884,16385.5862317897,16282.19370819444,16179.453588107002,16077.361754882182,15975.914117850667,15875.106612155138,15774.935198587393,15675.395863426511,15576.484618278015,15478.197499914071,15380.530570114684,15283.479915509908,15187.041647423026,15091.211901714752,14995.986838628396,14901.362642636004,14807.335522285484,14713.90171004869,14621.05746217045,14528.799058518573,14437.122802434775,14346.025020586578,14255.502062820104,14165.550302013837,14076.166133933275,13987.345977086525,13899.086272580791,13811.383483979775,13724.23409716198,13637.634620179902,13551.581583120118,13466.071537964242,13381.101058450775,13296.666739937818,13212.765199266656,13129.393074626192,13046.547025418256,12964.223732123737,12882.419896169591,12801.132239796658,12720.35750592834,12640.092458040077,12560.333880029686,12481.078576088481,12402.323370573225
98,29143.9,26181.82,38390.09,32550.86,25766.87,18934.91,30906.39,36363.64,28351.31,35579.51,24270.71,28601.47,23478.26,19870.41,35261.71,23242.74,28373.7,29268.29,33189.28,27105.52,34042.55,26503.92,33840.95,34666.67,36632.2,24017.16,33990.15,35972.13,29611.35,27705.63,31984.4,31736.22,27235.77,24356.96,27656.33,26291.08,32369.94,28163.27,35633.19,31156.57,31015.59,26677.92,25969.34,30305.5,31342.6,32050.09,31734.41,31410.82,31100.86,30805.63,30518.45,30242.33,29994.53,29793.1,29638.39,29509.66,29381.64,29240.94,29087.71,28927.35,28763.94,28599.44,28435.01,28272.45,28113.75,27959.14,27806.54,27653.57,27499.59,27345.4,27191.73,27038.76,26886.49,26734.92,26584.04,26433.86,26284.38,26135.59,25987.49,25840.09,25693.37,25547.35,25402.01,25257.35,25113.38,24970.09,24827.49,24685.56,24544.31,24403.74,24263.84,24124.61,23986.06,23848.18,23711.833578249574,23576.266685449536,23441.47486482445,23307.45368507944,23174.198740254535,23041.705649579817,22909.970057331404,22778.987632688244,22648.754069589748,22519.265086594234,22390.51642673816,22262.503857396183,22135.22317014202,22008.67018061007,21882.840728357885,21757.730676729374,21633.335912718805,21509.652346835614,21386.67591296994,21264.402568258956,21142.828292953982,21021.949090288286,20901.760986345744,20782.260029930163,20663.4422924354,20545.303867716197,20427.84087195978,20311.04944355816,20194.925742981217,20079.46595265042,19964.66627681338,19850.522941419025,19737.03219399355,19624.190303517047,19511.993560300834,19400.43827586553,19289.520782819756,19179.23743473961,19069.584606048764,18960.558691899263,18852.15610805306,18744.37329076413,18637.206696661353,18530.652802632,18424.708105705933,18319.369122940407,18214.63239130562,18110.494467570814,18006.951928191113,17904.00136919496,17801.639406072223,17699.8626736629,17598.667826046527,17498.051536432147,17398.01049704897,17298.54141903761,17199.641032341966,17101.30608560173,17003.533346045475,16906.319599384417,16809.661649706697,16713.556319372354,16618.00044890884,16522.990896907144,16428.524539918555,16334.598272351934,16241.209006371639,16148.353671796021,16056.02921599647,15964.23260379707,15872.960817374827,15782.210856160438,15691.97973673966,15602.264492755226,15513.062174809333,15424.369850366666,15336.184603658001,15248.503535584347,15161.323763621636,15074.642421725965,14988.456660239366,14902.763645796125,14817.560561229646,14732.844605479819,14648.612993500949,14564.862956170187
99,25806.45,33684.21,13953.49,22278.48,24703.09,16216.22,26356.59,34234.23,15774.65,34004.47,36363.64,30016.31,26112.76,33868.61,17310.66,22950.82,28272.25,29739.78,37735.85,32000.0,29090.91,30209.79,27817.75,35096.77,25510.2,40753.05,30218.69,35799.09,28028.03,23913.04,37632.78,39307.96,29534.51,25201.07,33426.18,31622.75,32287.0,34311.51,29607.25,32699.08,31372.55,35500.0,33638.03,39205.96,36271.54,35517.0,35249.38,34936.78,34616.69,34310.7,34019.81,33737.26,33465.95,33222.55,33024.24,32870.76,32741.73,32612.92,32471.82,32318.84,32159.2,31996.76,31833.39,31670.18,31508.57,31349.88,31193.9,31038.93,30883.68,30728.26,30573.25,30418.85,30265.06,30111.88,29959.31,29807.35,29655.99,29505.25,29355.11,29205.58,29056.66,28908.34,28760.62,28613.51,28467.0,28321.09,28175.79,28031.08,27886.98,27743.48,27600.57,27458.26,27316.55,27175.43,27035.725954892543,26896.740103396718,26758.468753407094,26620.908231798698,26484.05488432943,26347.90507554301,26212.455188672382,26077.701625543647,25943.64080648048,25810.26917020903,25677.583173763327,25545.579292391147,25414.2540194604,25283.603866365967,25153.62536243702,25024.31505484483,24895.66950851105,24767.68530601647,24640.3590475102,24513.68735061939,24387.666850359376,24262.294199044263,24137.566066198022,24013.47913846601,23890.030119526942,23767.215730005348,23645.032707384424,23523.477805919392,23402.547796551284,23282.239466821127,23162.549620784634,23043.47507892731,22925.012678079962,22807.159271334694,22689.911727961302,22573.266933324114,22457.22178879923,22341.77321169224,22226.91813515631,22112.653508110714,21998.9762951598,21885.883476512336,21773.3720479013,21661.43902050407,21550.081420863033,21439.296290806597,21329.080687370588,21219.4316827201,21110.346364071695,21001.82183361605,20893.855208440942,20786.44362045471,20679.584216310024,20573.27415732811,20467.510619423338,20362.2907930282,20257.611883018664,20153.471108639947,20049.86570343262,19946.79291515914,19844.250005730715,19742.234251134585,19640.74294136166,19539.77338033451,19439.322885835776,19339.38878943689,19239.968436427196,19141.05918574345,19042.658409899617,18944.763494917133,18847.371840255404,18750.48085874276,18654.08797650773,18558.190632910646,18462.786280475633,18367.87238482295,18273.446424601625,18179.505891422526,18086.04828979169,17993.07113704406,17900.57196327748,17808.548311287173,17716.997736500376,17625.91780691145,17535.306103017265,17445.16021775293
100,39130.43,25225.23,38805.97,19433.2,43729.9,24742.27,33994.33,40860.22,27681.66,24615.38,38095.24,19512.2,41255.61,34934.5,29565.22,30099.01,37383.18,33136.09,25600.0,39779.01,39062.5,45378.15,40000.0,37076.65,30400.0,37010.68,27486.44,39944.52,32463.77,40279.72,29304.03,30243.9,32505.64,33598.18,42374.43,26115.34,38213.91,42630.39,30117.65,33605.6,35881.75,45229.68,35148.04,41379.31,39398.92,39327.54,39147.42,38883.85,38575.31,38259.73,37958.71,37673.17,37396.35,37130.96,36893.02,36698.64,36546.96,36418.06,36288.93,36148.08,35996.14,35838.13,35677.65,35516.44,35355.49,35195.9,35038.38,34882.47,34727.06,34571.76,34416.81,34262.38,34108.47,33955.07,33802.2,33649.84,33498.0,33346.68,33195.88,33045.6,32895.83,32746.58,32597.85,32449.64,32301.94,32154.76,32008.1,31861.96,31716.33,31571.22,31426.63,31282.55,31138.98,30995.94,30856.57754492612,30717.841684621886,30579.72960182202,30442.238491928096,30305.365562951603,30169.108035457215,30033.46314250638,29898.42812960113,29764.00025462811,29630.176787802953,29496.955011614802,29364.332220771146,29232.30572214289,29100.87283470963,28970.03088950526,28839.777229563744,28710.109209865168,28581.024197282037,28452.519570525787,28324.592720093566,28197.241048215248,28070.46196880068,27944.25290738715,27818.611301087134,27693.534598536236,27569.02025984138,27445.065756529235,27321.668571494873,27198.82619895065,27076.536144375325,26954.7959244634,26833.603067074702,26712.95511118417,26592.849606831893,26473.28411507334,26354.25620792986,26235.763468339344,26117.803490107184,26000.37387785737,25883.472246983874,25767.096223602224,25651.243444501277,25535.911557095267,25421.098219375996,25306.801099865297,25193.01787756768,25079.746241923203,24966.983892760563,24854.72854025036,24742.97790485862,24631.729717300514,24520.981718494244,24410.731659515193,24300.977301550254,24191.716415852366,24082.946783695243,23974.666196328337,23866.872454931978,23759.56337057272,23652.736764158897,23546.39046639637,23440.522317744475,23335.130168372172,23230.211878114387,23125.76531642855,23021.788362351344,22918.278904455616,22815.234840807512,22712.65407892379,22610.53453572934,22508.874137514867,22407.67081989478,22306.9225277653,22206.627215262688,22106.78284572173,22007.38739163436,21908.4388346085,21809.935165327068,21711.874383507187,21614.254497859543,21517.073526047967,21420.32949464917,21324.020439112675,21228.144403720933,21132.699441549583,21037.683614427944
101,19047.62,34782.61,21917.81,32369.94,19277.11,30434.78,35294.12,25806.45,34042.55,31683.17,24870.47,33333.33,32142.86,22857.14,33656.96,37617.55,37617.55,42352.94,35109.72,38438.44,54193.55,34666.67,22775.8,45484.95,39766.08,51685.39,32000.0,30848.33,38009.05,35955.06,29890.11,33898.31,33046.47,29431.44,35036.5,30864.2,31423.9,32337.43,47583.64,42028.99,44755.24,35940.1,34887.22,39553.43,42926.51,42950.43,42781.07,42533.24,42243.12,41946.38,41663.34,41394.85,41134.55,40885.01,40661.28,40478.51,40335.88,40214.68,40093.26,39960.82,39817.96,39669.38,39518.48,39366.9,39215.57,39065.5,38917.39,38770.79,38624.66,38478.63,38332.93,38187.72,38043.0,37898.77,37755.02,37611.76,37468.99,37326.71,37184.91,37043.6,36902.77,36762.44,36622.59,36483.23,36344.35,36205.96,36068.06,35930.64,35793.71,35657.26,35521.3,35385.83,35250.83,35116.33,34984.105169650764,34852.378210399125,34721.14724759243,34590.410413636724,34460.16584797016,34330.41169703655,34201.146114258954,34072.36726001344,33944.07330160286,33816.26241323079,33688.93277597557,33562.082577764355,33435.7100133474,33309.81328427231,33184.390598858496,33059.44017217163,32934.96022599826,32810.94898882053,32687.404695790916,32564.32558870718,32441.709915987274,32319.55593264446,32197.86190026247,32076.62608697075,31955.846767419822,31835.522222756746,31715.650740600628,31596.230615018263,31477.260146499877,31358.737641934913,31240.661414587943,31123.029784074675,31005.84107633803,30889.093623624314,30772.785764459488,30656.91584362553,30541.482212136867,30426.48322721691,30311.917252274692,30197.782656881544,30084.077816747926,29970.801113700287,29857.950935658053,29745.525676610672,29633.52373659477,29521.943521671354,29410.783443903183,29300.041921332107,29189.717377956596,29079.808243709293,28970.312954434678,28861.229951866797,28752.557683607105,28644.294603102342,28536.43916962257,28428.98984823919,28321.94510980315,28215.303430923144,28109.063293943964,28003.22318692487,27897.781603618103,27792.737043447418,27688.088011486765,27583.83301843898,27479.970580614616,27376.49921991081,27273.417463790258,27170.723845260258,27068.416902851823,26966.495180598897,26864.95722801763,26763.801600085717,26663.026857221867,26562.631565265292,26462.614295455303,26362.97362441098,26263.708134110904,26164.816411873,26066.29705033439,25968.14864743143,25870.369806379687,25772.959135654113,25675.915248969206,25579.23676525931,25482.922308658934,25386.970508483195
102,75000.0,44444.44,32876.71,39603.96,34482.76,46280.99,33613.45,31007.75,42953.02,35000.0,31372.55,35820.9,41176.47,23703.7,32558.14,36000.0,18285.71,36923.08,51741.29,40449.44,34375.0,37500.0,33507.85,42352.94,52380.95,58874.46,23645.32,28070.18,40143.37,50666.67,30283.91,32500.0,31024.93,40712.47,40563.38,42105.26,49256.9,43835.62,34972.68,37545.13,41463.41,36887.61,43076.92,36180.9,46851.26,46981.22,46823.82,46593.5,46323.88,46048.11,45785.06,45535.54,45293.64,45061.73,44853.81,44683.95,44551.4,44438.76,44325.92,44202.84,44070.07,43931.99,43791.75,43650.87,43510.24,43370.77,43233.13,43096.88,42961.08,42825.37,42689.96,42555.01,42420.52,42286.47,42152.88,42019.75,41887.06,41754.83,41623.05,41491.72,41360.85,41230.43,41100.46,40970.94,40841.88,40713.27,40585.11,40457.4,40330.14,40203.34,40076.98,39951.08,39825.63,39700.62,39578.49785803031,39456.751373104744,39335.37938967353,39214.380755741426,39093.75432285685,38973.49894610091,38853.6134840766,38734.09679889793,38614.947756179135,38496.16522502389,38377.74807801463,38259.69519120176,38142.005444093105,38024.67771964315,37907.71090424253,37791.103887707424,37674.85556326902,37558.964827562995,37443.43058061908,37328.251725850605,37213.42717004405,37098.95582334873,36984.83659926643,36871.068414641064,36757.65018964843,36644.58084778595,36531.859315862435,36419.484523987936,36307.45540556355,36195.77089727133,36084.42993906415,35973.4314741557,35862.7744490104,35752.45781333345,35642.48052006082,35532.84152534933,35423.53978856674,35314.574272281905,35205.94394225484,35097.64776742701,34989.684719911485,34882.05377498318,34774.753911069136,34667.78410973887,34561.143355694614,34454.830636761784,34348.844943879296,34243.18527109002,34137.85061553123,34032.83997742507,33928.1523600691,33823.78676982679,33719.74221611812,33616.017711410175,33512.61227120777,33409.52491404409,33306.75466147139,33204.3005380517,33102.16157134759,33000.336791912916,32898.82523328362,32797.62593196854,32696.73792744034,32596.160262126275,32495.891981399218,32395.932133568524,32296.279769871024,32196.933944462024,32097.89371440631,31999.15813966922,31900.726283107702,31802.597210461434,31704.769990343942,31607.243694233774,31510.01739646568,31413.09017422183,31316.461107523046,31220.129279220077,31124.093774984907,31028.353683302033,30932.90809545988,30837.756105542114,30742.896810419068,30648.32930973919,30554.052705920465,30460.0661041419
103,100000.0,0.0,26666.67,57142.86,14814.81,22535.21,0.0,30769.23,30000.0,18823.53,32786.89,25531.91,11267.61,28571.43,17391.3,7272.73,35294.12,43750.0,52336.45,77669.9,39603.96,36842.11,39603.96,34482.76,32323.23,60215.05,36363.64,60759.49,41791.04,29813.66,59259.26,34408.6,36923.08,40466.93,45021.65,16161.62,45283.02,55895.2,37500.0,53811.66,34567.9,51891.89,54736.84,57142.86,51113.55,51358.66,51214.25,51002.95,50755.59,50502.59,50261.26,50032.34,49810.41,49597.65,49406.89,49251.06,49129.45,49026.11,48922.59,48809.67,48687.86,48561.18,48432.52,48303.28,48174.25,48046.3,47920.02,47795.03,47670.44,47545.93,47421.71,47297.9,47174.51,47051.53,46928.97,46806.82,46685.09,46563.78,46442.88,46322.4,46202.33,46082.68,45963.44,45844.62,45726.21,45608.21,45490.64,45373.47,45256.72,45140.39,45024.46,44908.96,44793.86,44679.18,44567.10286411375,44455.30687225004,44343.79131916276,44232.55550137494,44121.59871717426,44010.92026660863,43900.51945148177,43790.39557534885,43680.54794351203,43570.97586301614,43461.67864264424,43352.65559291333,43243.90602606998,43135.42925608593,43027.224598653855,42919.291371183,42811.62889279487,42704.23648431894,42597.1134682884,42490.25916893584,42383.672912188995,42277.35402566651,42171.301838673695,42065.51568219829,41959.99488890623,41854.738793137454,41749.746730901716,41645.01803987436,41540.552059392176,41436.3481304492,41332.40559569261,41228.723799418505,41125.30208756784,41022.13980772226,40919.23630909998,40816.5909425517,40714.203060556516,40612.072017217804,40510.19716825917,40408.577871020374,40307.21348445329,40206.10336911785,40105.24688717801,40004.64340239772,39904.292280136935,39804.192887347606,39704.34459256964,39604.74676592699,39505.39877912363,39406.30000543959,39307.44981972706,39208.847598406355,39110.49271946208,39012.38456243912,38914.52250843878,38816.905940114855,38719.53424166977,38622.406798850636,38525.52299894543,38428.882230779105,38332.483884709734,38236.327352624685,38140.41202793674,38044.73730558032,37949.30258200764,37854.10725518491,37759.15072458851,37664.432391201255,37569.95165750858,37475.707927494776,37381.70060663922,37287.929101912654,37194.39282177341,37101.0911761637,37008.0235765059,36915.189435698805,36822.588168113965,36730.21918959195,36638.081917438714,36546.17577042187,36454.500168767045,36363.05453415423,36271.83828971413,36180.8508600245,36090.09167110655,35999.56015042131
104,66666.67,0.0,0.0,0.0,0.0,39024.39,29629.63,17391.3,29090.91,15384.62,21917.81,64646.46,74666.67,20000.0,45070.42,31578.95,36363.64,36363.64,13114.75,0.0,58536.59,31372.55,46376.81,30769.23,45283.02,24242.42,83333.33,0.0,76190.48,45977.01,38095.24,34408.6,27118.64,41481.48,47761.19,26666.67,33103.45,82474.23,63157.89,54961.83,45901.64,16000.0,56338.03,18604.65,55622.53,55989.45,55858.79,55667.61,55443.79,55214.88,54996.53,54789.4,54588.6,54396.09,54223.5,54082.5,53972.47,53878.97,53785.3,53683.13,53572.92,53458.3,53341.89,53224.95,53108.21,52992.44,52878.18,52765.09,52652.36,52539.7,52427.31,52315.29,52203.64,52092.37,51981.48,51870.96,51760.82,51651.06,51541.67,51432.65,51324.02,51215.76,51107.87,51000.36,50893.22,50786.46,50680.08,50574.07,50468.44,50363.17,50258.29,50153.78,50049.64,49945.87,49843.934136401185,49742.20631643616,49640.68611550311,49539.37310986678,49438.266876656744,49337.36699386562,49236.67304034731,49136.18459581526,49035.901240840656,48935.82255685075,48835.94812612703,48736.27753180354,48636.81035786511,48537.54618914564,48438.48461132634,48339.625210934006,48240.967575339324,48142.51129275511,48044.255952234606,47946.20114366978,47848.3464577896,47750.691486158306,47653.23582117375,47555.97905606566,47458.92078489395,47362.06060254702,47265.398104740096,47168.9328880135,47072.664549730995,46976.59268807808,46880.71690206036,46785.03679150181,46689.55195704315,46594.262000140145,46499.166523061984,46404.26512888959,46309.55742151395,46215.0430056345,46120.721486757444,46026.59247119414,45932.6555660594,45838.91037926992,45745.35651954259,45651.99359639289,45558.82122013323,45465.83900187137,45373.04655350877,45280.44348773894,45188.029418045895,45095.80395870246,45003.76672476875,44911.91733209045,44820.25539729735,44728.7805378016,44637.49237179622,44546.39051825349,44455.4745969233,44364.744228331605,44274.199033778874,44183.83863533844,44093.662655854976,44003.67071894289,43913.862448984764,43824.2374711298,43734.79541129224,43645.53589614979,43556.45855314212,43467.56301046921,43378.848897089905,43290.315842720294,43201.9634778322,43113.79143365163,43025.79934215721,42937.986836078686,42850.35354889538,42762.89911483464,42675.62316887035,42588.52534672136,42501.60528485002,42414.86262046061,42328.29699149786,42241.90803664543,42155.695395324394,42069.65870769174,41983.79761463888,41898.11175779014
105,100000.0,0.0,0.0,0.0,42105.26,0.0,0.0,69565.22,63157.89,64864.86,39024.39,43243.24,47058.82,0.0,45714.29,45714.29,37209.3,0.0,40677.97,48000.0,28571.43,0.0,33333.33,42857.14,17021.28,37209.3,62745.1,88888.89,57142.86,53333.33,59259.26,37209.3,56338.03,52173.91,31168.83,44444.44,38095.24,90000.0,25000.0,63157.89,45070.42,29629.63,94117.65,37209.3,60261.99,60754.25,60637.74,60467.25,60267.67,60063.54,59868.83,59684.13,59505.06,59333.4,59179.49,59053.75,58955.64,58872.26,58788.73,58697.62,58599.35,58497.14,58393.33,58289.05,58184.95,58081.71,57979.82,57878.97,57778.45,57677.99,57577.76,57477.87,57378.31,57279.09,57180.2,57081.65,56983.43,56885.55,56788.01,56690.8,56593.92,56497.38,56401.17,56305.3,56209.77,56114.57,56019.7,55925.17,55830.97,55737.1,55643.57,55550.38,55457.51,55364.98,55272.432839805326,55180.040379871716,55087.80236160485,54995.718526842655,54903.78861785461,54812.012377341,54720.38954843221,54628.91987468802,54537.60310009684,54446.438969075054,54355.42722646627,54264.5676175406,54173.85988799395,54083.30378394735,53992.899051946166,53902.64543895949,53812.54269237931,53722.59056001993,53632.78879011717,53543.13713132769,53453.635332728314,53364.283143815286,53275.080314503604,53186.026595126285,53097.121736433706,53008.36548959288,52919.75760618673,52831.29783821349,52742.985938085905,52654.82165863059,52566.80475308735,52478.93497510845,52391.21207875795,52303.63581851102,52216.205949253235,52128.92222627991,52041.784405295395,51954.7922424124,51867.94549415132,51781.24391743954,51694.687269610775,51608.27530840435,51522.00779196457,51435.884478840024,51349.90512798289,51264.06949874829,51178.37735089361,51092.8284445778,51007.42254036074,50922.159399202545,50837.03878246292,50752.06045190047,50667.22416967203,50582.52969833202,50497.97680083177,50413.565240518845,50329.294781136414,50245.16518682255,50161.176222109614,50077.32765192353,49993.6192415832,49910.05075679982,49826.62196367619,49743.332628706106,49660.18251877369,49577.17140115273,49494.29904350605,49411.56521388482,49328.96968072796,49246.51221286143,49164.192579497656,49082.010550234816,48999.96589505622,48918.058384329706,48836.28778880692,48754.65387962274,48673.1564282946,48591.795206721865,48510.5699871852,48429.48054234589,48348.52664524528,48267.708069304055,48187.024588321685,48106.475976475704,48026.06200832117,47945.782458789974
106,0.0,100000.0,50000.0,0.0,0.0,0.0,0.0,100000.0,0.0,88888.89,53333.33,66666.67,0.0,0.0,64000.0,57142.86,0.0,48484.85,54545.45,0.0,50000.0,0.0,61538.46,100000.0,0.0,66666.67,0.0,44444.44,88888.89,92307.69,0.0,40000.0,0.0,30769.23,47058.82,72727.27,65306.12,0.0,100000.0,69565.22,0.0,23529.41,96000.0,64000.0,64901.45,65519.05,65416.68,65266.9,65091.54,64912.2,64741.13,64578.85,64421.53,64270.7,64135.48,64025.01,63938.81,63865.55,63792.17,63712.12,63625.77,63535.97,63444.77,63353.15,63261.68,63170.98,63081.46,62992.86,62904.54,62816.28,62728.22,62640.45,62552.98,62465.81,62378.92,62292.34,62206.05,62120.05,62034.35,61948.94,61863.82,61779.0,61694.48,61610.25,61526.31,61442.67,61359.32,61276.26,61193.5,61111.03,61028.86,60946.97,60865.39,60784.09,60705.80047130461,60627.61177903374,60549.523793310706,60471.5363844261,60393.64942283759,60315.86277916967,60238.1763242135,60160.58992892663,60083.10346443285,60005.71680202189,59928.42981314932,59851.24236943624,59774.154342669084,59697.16560479948,59620.27602794391,59543.48548438364,59466.793846564375,59390.200987096156,59313.70677875308,59237.31109447312,59161.01380735788,59084.81479067243,59008.71391784509,58932.711062467155,58856.806098292785,58780.9988992387,58705.28933938405,58629.67729297014,58554.16263440028,58478.74523823954,58403.424979214535,58328.20173221323,58253.07537228476,58178.04577463917,58103.11281464725,58028.276367840306,57953.53630990994,57878.89251670791,57804.344864245824,57729.893228695015,57655.537486386296,57581.277513809786,57507.11318761465,57433.04438460894,57359.07098175941,57285.192856191235,57211.40988518787,57137.72194619084,57064.128916799506,56990.63067477089,56917.22709801946,56843.918064616926,56770.703452792055,56697.58314093044,56624.5570075743,56551.62493142233,56478.786791329425,56406.04246630654,56333.39183552044,56260.83477829353,56188.37117410365,56116.00090258388,56043.72384352232,55971.5398768619,55899.44888270019,55827.4507412892,55755.54533303515,55683.73253849833,55612.01223839284,55540.38431358643,55468.8486451003,55397.405114108864,55326.053601939624,55254.7939900729,55183.62616014169,55112.54999393142,55041.565373379795,54970.67218057657,54899.87029776339,54829.15960733354,54758.53999183181,54688.01133395426,54617.57351654804,54547.22642261119,54476.96993529243,54406.803937891025
107,0.0,0.0,0.0,50000.0,0.0,66666.67,72727.27,0.0,100000.0,0.0,0.0,0.0,0.0,0.0,69565.22,0.0,0.0,0.0,38095.24,64000.0,86486.49,34782.61,0.0,0.0,0.0,0.0,84210.53,44444.44,0.0,0.0,100000.0,0.0,0.0,61538.46,84210.53,40000.0,53333.33,85714.29,100000.0,66666.67,72727.27,57142.86,76190.48,0.0,69410.42,70149.84,70061.22,69931.55,69779.75,69624.49,69476.39,69335.91,69199.72,69069.15,68952.08,68856.45,68781.83,68718.41,68654.88,68585.58,68510.83,68433.09,68354.13,68274.82,68195.64,68117.12,68039.62,67962.92,67886.46,67810.05,67733.82,67657.84,67582.12,67506.65,67431.44,67356.48,67281.77,67207.33,67133.13,67059.19,66985.51,66912.08,66838.91,66765.99,66693.33,66620.92,66548.76,66476.86,66405.21,66333.82,66262.68,66191.8,66121.16,66050.79,65963.16164565536,65875.64954621828,65788.25354745553,65700.9734953385,65613.80923604294,65526.76061594867,65439.827481639295,65353.00967990198,65266.30705772716,65179.71946230825,65093.24674104137,65006.88874152514,64920.64531156035,64834.51629914969,64748.50155249754,64662.60092000963,64576.814250292824,64491.14139215484,64405.58219460396,64320.13650684881,64234.80417829805,64149.58505856013,64064.47899744304,63979.48584495399,63894.60545129921,63809.837666883664,63725.182342310756,63640.63932838211,63556.20847609728,63471.8896366535,63387.68266144542,63303.58740206485,63219.60371030045,63135.73143813757,63051.97043775789,62968.320561539185,62884.781662055124,62801.353592074935,62718.036204563155,62634.82935267944,62551.7328897782,62468.74666940844,62385.87054531346,62303.10437143056,62220.44800189084,62137.901291018934,62055.46409333272,61973.13626354307,61890.91765655367,61808.80812746064,61726.80753155236,61644.915724309205,61563.13256140329,61481.45789869818,61399.89159224868,61318.43349830056,61237.08347329031,61155.84137384488,61074.70705678143,60993.680379107085,60912.761198018656,60831.94937090243,60751.24475533389,60670.647209077484,60590.15659008632,60509.77275650201,60429.49556665432,60349.324879060994,60269.260552427484,60189.30244564667,60109.45041779865,60029.704328150496,59950.06403615594,59870.529401455235,59791.10028387479,59711.776543427004,59632.55804031001,59553.4446349074,59474.43618778798,59395.53255970555,59316.73361159864,59238.03920459029,59159.44919998776,59080.96345928231,59002.58184414899,58924.304216446326
108,0.0,0.0,0.0,50000.0,50000.0,0.0,100000.0,50000.0,50000.0,0.0,100000.0,0.0,0.0,0.0,0.0,0.0,0.0,100000.0,0.0,100000.0,0.0,0.0,100000.0,0.0,0.0,0.0,0.0,100000.0,0.0,80000.0,50000.0,50000.0,0.0,72727.27,0.0,0.0,0.0,0.0,0.0,0.0,0.0,0.0,0.0,0.0,73672.71,74527.28,74451.66,74341.0,74211.46,74078.97,73952.59,73832.71,73716.49,73605.07,73505.17,73423.56,73359.88,73305.76,73251.55,73192.41,73128.63,73062.29,72994.91,72927.23,72859.66,72792.65,72726.52,72661.06,72595.82,72530.61,72465.56,72400.72,72336.1,72271.7,72207.52,72143.55,72079.81,72016.28,71952.96,71889.87,71826.99,71764.33,71701.89,71639.66,71577.65,71515.86,71454.29,71392.93,71331.79,71270.87,71210.16,71149.67,71089.4,71029.34,70917.95590603689,70806.74647815386,70695.71144244968,70584.85052545264,70474.16345411989,70363.6499558367,70253.30975841593,70143.14259009717,70033.14817954622,69923.32625585436,69813.67654853771,69704.19878753653,69594.89270321456,69485.75802635838,69376.79448817676,69268.00182029995,69159.37975477902,69050.92802408524,68942.64636110942,68834.53449916124,68726.59217196854,68618.81911367677,68511.21505884822,68403.77974246148,68296.5128999107,68189.41426700498,68082.4835799677,67975.72057543586,67869.12499045952,67762.69656250099,67656.43502943436,67550.34012954473,67444.41160152758,67338.64918448821,67233.05261794102,67127.62164180886,67022.35599642246,66917.25542251968,66812.31966124506,66707.54845414893,66602.94154318699,66498.49867071956,66394.21957951099,66290.10401272899,66186.15171394404,66082.36242712873,65978.73589665713,65875.2718673042,65771.97008424507,65668.83029305453,65565.8522397063,65463.0356705725,65360.38033242292,65257.8859724245,65155.55233814061,65053.3791775305,64951.366238948685,64849.513271144235,64747.82002326027,64646.28624483325,64544.91168579244,64443.6960964592,64342.639227546475,64241.74083015808,64141.000655788164,64040.41845632057,63939.993984028195,63839.72699157244,63739.61723200255,63639.66445875502,63539.868425653,63440.22888690569,63340.7455971077,63241.418311238485,63142.24678466174,63043.23077312475,62944.37003275786,62845.664320073825,62747.1133919672,62648.7170057138,62550.47491897003,62452.38688977236,62354.45267653666,62256.67203805767,62159.04473350835,62061.570522439324
109,50000.0,0.0,100000.0,50000.0,50000.0,50000.0,50000.0,50000.0,50000.0,50000.0,50000.0,50000.0,0.0,0.0,0.0,61538.46,0.0,0.0,0.0,0.0,50000.0,50000.0,0.0,0.0,0.0,50000.0,0.0,100000.0,50000.0,0.0,50000.0,50000.0,50000.0,0.0,50000.0,50000.0,0.0,100000.0,0.0,50000.0,50000.0,50000.0,50000.0,50000.0,77597.47,78558.06,78494.41,78401.26,78292.22,78180.69,78074.31,77973.4,77875.57,77781.78,77697.69,77629.0,77575.39,77529.84,77484.2,77434.43,77380.73,77324.89,77268.17,77211.2,77154.32,77097.92,77042.26,76987.16,76932.23,76877.35,76822.59,76768.01,76713.62,76659.41,76605.38,76551.54,76497.88,76444.4,76391.11,76337.99,76285.07,76232.32,76179.76,76127.38,76075.18,76023.17,75971.34,75919.69,75868.23,75816.94,75765.84,75714.93,75664.19,75613.64,75373.70772910645,75134.5367956464,74896.1247837936,74658.46928538744,74421.56789990886,74185.41823445585,73950.01790371948,73715.36452995968,73481.45574298131,73248.28918011015,73015.86248616906,72784.17331345423,72553.21932171137,72322.9981781122,72093.50755723077,71864.74514102004,71636.70861878846,71409.39568717657,71182.80405013383,70956.93141889534,70731.7755119588,70507.33405506138,70283.60478115681,70060.58543039249,69838.27375008658,69616.66749470535,69395.76442584045,69175.56231218627,68956.05892951747,68737.25206066645,68519.13949550097,68301.71903090189,68084.98847074082,67868.94562585799,67653.58831404013,67438.91435999844,67224.92159534658,67011.60785857882,66798.97099504815,66587.00885694457,66375.71930327335,66165.10019983345,65955.14941919592,65745.86484068242,65537.24435034383,65329.28584093887,65121.987211912805,64915.34636937625,64709.36122608404,64504.02970141408,64299.349721346385,64095.31921844214,63891.93613182274,63689.198407149066,63487.103996600694,63285.65085885517,63084.83695906749,62884.66026884945,62685.1187662492,62486.21043573081,62287.933268153945,62090.2852607535,61893.26441711946,61696.868747176646,61501.096267164685,61305.94499961793,61111.41297334551,60917.49822341139,60724.198791114555,60531.512723969216,60339.43807568507,60147.972906147676,59957.1152813988,59766.86327361697,59577.21496109792,59388.1684282352,59199.72176550087,59011.87306942615,58824.62044258224,58637.96199356114,58451.89583695653,58266.42009334473,58081.53288926576,57897.23235720435,57713.51663557111,57530.38386868375
110,50000.0,100000.0,50000.0,50000.0,50000.0,50000.0,50000.0,50000.0,50000.0,50000.0,50000.0,50000.0,50000.0,0.0,0.0,0.0,0.0,59259.26,0.0,80000.0,50000.0,50000.0,50000.0,50000.0,100000.0,50000.0,50000.0,0.0,50000.0,50000.0,50000.0,50000.0,50000.0,50000.0,50000.0,50000.0,50000.0,50000.0,100000.0,50000.0,50000.0,50000.0,50000.0,50000.0,81125.06,82180.96,82128.06,82050.65,81960.03,81867.35,81778.94,81695.08,81613.78,81535.84,81465.96,81408.87,81364.32,81326.46,81288.54,81247.17,81202.55,81156.14,81109.01,81061.66,81014.4,80967.52,80921.26,80875.47,80829.83,80784.22,80738.71,80693.36,80648.15,80603.1,80558.21,80513.46,80468.87,80424.42,80380.13,80336.0,80292.01,80248.18,80204.5,80160.97,80117.59,80074.37,80031.29,79988.37,79945.6,79902.98,79860.52,79818.2,79776.04,79734.03,78511.37490109951,77307.46820223432,76122.02241226798,74954.75444850173,73805.38556907477,72673.64130640114,71559.25140162728,70461.94974009453,69381.47428779144,68317.56702878044,67269.97390358389,66238.44474851522,65222.73323594008,64222.596815453755,63237.79665596044,62268.09758864071,61313.26805079364,60373.08003053985,59447.30901237274,58535.73392354441,57638.13708127387,56754.3041407647,55884.024044019876,55027.08896944131,54183.29428220252,53352.43848538201,52534.32317184615,51728.75297686987,50935.53553148383,50154.481416536975,49385.40411746356,48628.1199797437,47882.44816504703,47148.210608048685,46425.23197390758,45713.33961639679,45012.36353667578,44322.136342695,43642.49320922289,42973.27183848587,42314.31242141186,41665.4575994681,41026.552427084214,40397.444334651365,39777.983092088936,39168.02077296973,38567.41171919542,37976.0125062136,37393.68190876818,36820.28086717504,36255.67245411477,35699.721841934625,35152.2962704519,34613.26501525097,34082.4993564665,33559.87254804534,33045.259787479765,32538.538186004793,32039.586739252543,31548.286298356583,31064.519541499332,30588.170945895825,30119.126760206982,29657.27497737602,29202.50530788129,28754.709153399323,28313.7795808717,27879.611296969615,27452.100622949954,27031.14546989699,26616.645314343703,26208.501174266898,25806.615585450465,25410.89257821107,25021.23765448073,24637.557765240817,24259.76128830209,23887.758006425433,23521.459085778162,23160.77705472058,22805.625782917912,22455.92046077251,22111.577579171426,21772.51490954457,21438.651484228656,21109.90757713224
111,100000.0,100000.0,100000.0,100000.0,100000.0,100000.0,100000.0,100000.0,100000.0,100000.0,100000.0,100000.0,100000.0,100000.0,100000.0,100000.0,100000.0,100000.0,100000.0,100000.0,100000.0,100000.0,100000.0,100000.0,100000.0,100000.0,100000.0,100000.0,100000.0,100000.0,100000.0,100000.0,100000.0,100000.0,100000.0,100000.0,100000.0,100000.0,100000.0,100000.0,100000.0,100000.0,100000.0,100000.0,84227.41,85367.13,85323.69,85260.12,85185.7,85109.59,85037.0,84968.13,84901.36,84837.36,84779.97,84733.09,84696.51,84665.42,84634.28,84600.31,84563.67,84525.56,84486.85,84447.97,84409.16,84370.66,84332.68,84295.07,84257.59,84220.14,84182.77,84145.52,84108.4,84071.4,84034.53,83997.79,83961.17,83924.67,83888.3,83852.06,83815.94,83779.94,83744.07,83708.33,83672.71,83637.21,83601.84,83566.59,83531.47,83496.47,83461.6,83426.85,83392.23,83357.73,82368.7955643435,81391.59358970805,80425.98488522651,79471.83191135607,78528.99876028724,77597.35113658546,76676.7563380623,75767.08323687357,74868.20226084176,73979.98537499996,73102.30606335482,72235.03931086585,71378.0615856385,70531.25082132847,69694.48639975488,68867.64913371956,68050.62125003026,67243.28637272527,66445.52950649703,65657.23702031243,64878.29663122737,64108.597388393406,63348.029657254134,62596.48510392899,61853.85667978243,61120.03860617608,60394.92635940182,59678.41665579364,58970.40743701608,58270.79785552725,57579.48826021425,56896.38018219912,56221.37632081301,55554.38052973695,54895.29780330687,54244.034262981244,53600.497143969085,52964.59478201683,52336.236600351745,51715.333096780414,51101.79583094012,50495.5374117017,49896.47148472152,49304.51272014152,48719.57680043483,48141.58040839582,47570.44121527254,47006.07786903991,46448.40998281215,45897.35812339259,45352.843799959344,44814.78945288523,44283.11844269033,43757.75503912558,43238.62441038589,42725.652612451275,42218.76657855436,41717.894108772896,41222.96385974576,40733.9053345109,40250.64887246389,39773.125639435624,39301.26761788764,38835.00759722393,38374.279164217456,37919.01669355048,37469.15533846697,37024.631021535926,36585.380425524345,36151.3409843784,35722.45087431168,35298.6490049991,34879.875010875265,34466.069242536214,34057.172758242974,33653.127315526035,33253.87536288942,32859.36003161312,32469.525127652836,32084.315123635817,31703.675150951607,31327.550991936678,30955.889072151782,30588.636452750878,30225.740822940625,29867.15049252934
112,100000.0,100000.0,100000.0,100000.0,100000.0,100000.0,100000.0,100000.0,100000.0,100000.0,100000.0,100000.0,100000.0,100000.0,100000.0,100000.0,100000.0,100000.0,100000.0,100000.0,100000.0,100000.0,100000.0,100000.0,100000.0,100000.0,100000.0,100000.0,100000.0,100000.0,100000.0,100000.0,100000.0,100000.0,100000.0,100000.0,100000.0,100000.0,100000.0,100000.0,100000.0,100000.0,100000.0,100000.0,86904.0,88116.03,88080.74,88029.12,87968.68,87906.87,87847.91,87791.98,87737.76,87685.78,87639.17,87601.1,87571.39,87546.14,87520.85,87493.26,87463.5,87432.55,87401.12,87369.54,87338.02,87306.76,87275.9,87245.37,87214.93,87184.51,87154.16,87123.91,87093.76,87063.72,87033.77,87003.93,86974.19,86944.55,86915.01,86885.57,86856.24,86827.01,86797.87,86768.84,86739.91,86711.09,86682.36,86653.73,86625.21,86596.79,86568.47,86540.24,86512.12,86484.11,86484.11,86484.11,86484.11,86484.11,86484.11,86484.11,86484.11,86484.11,86484.11,86484.11,86484.11,86484.11,86484.11,86484.11,86484.11,86484.11,86484.11,86484.11,86484.11,86484.11,86484.11,86484.11,86484.11,86484.11,86484.11,86484.11,86484.11,86484.11,86484.11,86484.11,86484.11,86484.11,86484.11,86484.11,86484.11,86484.11,86484.11,86484.11,86484.11,86484.11,86484.11,86484.11,86484.11,86484.11,86484.11,86484.11,86484.11,86484.11,86484.11,86484.11,86484.11,86484.11,86484.11,86484.11,86484.11,86484.11,86484.11,86484.11,86484.11,86484.11,86484.11,86484.11,86484.11,86484.11,86484.11,86484.11,86484.11,86484.11,86484.11,86484.11,86484.11,86484.11,86484.11,86484.11,86484.11,86484.11,86484.11,86484.11,86484.11,86484.11,86484.11,86484.11,86484.11,86484.11,86484.11,86484.11
113,100000.0,100000.0,100000.0,100000.0,100000.0,100000.0,100000.0,100000.0,100000.0,100000.0,100000.0,100000.0,100000.0,100000.0,100000.0,100000.0,100000.0,100000.0,100000.0,100000.0,100000.0,100000.0,100000.0,100000.0,100000.0,100000.0,100000.0,100000.0,100000.0,100000.0,100000.0,100000.0,100000.0,100000.0,100000.0,100000.0,100000.0,100000.0,100000.0,100000.0,100000.0,100000.0,100000.0,100000.0,89175.33,90448.72,90420.36,90378.87,90330.3,90280.62,90233.23,90188.28,90144.7,90102.93,90065.47,90034.87,90010.99,89990.7,89970.37,89948.2,89924.28,89899.4,89874.14,89848.76,89823.43,89798.3,89773.51,89748.96,89724.5,89700.05,89675.65,89651.34,89627.11,89602.97,89578.9,89554.92,89531.01,89507.19,89483.45,89459.79,89436.22,89412.72,89389.31,89365.98,89342.72,89319.56,89296.47,89273.46,89250.54,89227.69,89204.93,89182.25,89159.65,89137.13,89137.13,89137.13,89137.13,89137.13,89137.13,89137.13,89137.13,89137.13,89137.13,89137.13,89137.13,89137.13,89137.13,89137.13,89137.13,89137.13,89137.13,89137.13,89137.13,89137.13,89137.13,89137.13,89137.13,89137.13,89137.13,89137.13,89137.13,89137.13,89137.13,89137.13,89137.13,89137.13,89137.13,89137.13,89137.13,89137.13,89137.13,89137.13,89137.13,89137.13,89137.13,89137.13,89137.13,89137.13,89137.13,89137.13,89137.13,89137.13,89137.13,89137.13,89137.13,89137.13,89137.13,89137.13,89137.13,89137.13,89137.13,89137.13,89137.13,89137.13,89137.13,89137.13,89137.13,89137.13,89137.13,89137.13,89137.13,89137.13,89137.13,89137.13,89137.13,89137.13,89137.13,89137.13,89137.13,89137.13,89137.13,89137.13,89137.13,89137.13,89137.13,89137.13,89137.13,89137.13,89137.13,89137.13
114,100000.0,100000.0,100000.0,100000.0,100000.0,100000.0,100000.0,100000.0,100000.0,100000.0,100000.0,100000.0,100000.0,100000.0,100000.0,100000.0,100000.0,100000.0,100000.0,100000.0,100000.0,100000.0,100000.0,100000.0,100000.0,100000.0,100000.0,100000.0,100000.0,100000.0,100000.0,100000.0,100000.0,100000.0,100000.0,100000.0,100000.0,100000.0,100000.0,100000.0,100000.0,100000.0,100000.0,100000.0,91075.84,92400.57,92378.01,92345.0,92306.35,92266.83,92229.12,92193.36,92158.69,92125.44,92095.64,92071.3,92052.3,92036.15,92019.98,92002.34,91983.31,91963.51,91943.41,91923.22,91903.06,91883.07,91863.34,91843.81,91824.35,91804.9,91785.49,91766.15,91746.87,91727.65,91708.51,91689.42,91670.41,91651.45,91632.56,91613.74,91594.98,91576.29,91557.66,91539.09,91520.59,91502.16,91483.79,91465.49,91447.24,91429.07,91410.96,91392.91,91374.93,91357.01,91357.01,91357.01,91357.01,91357.01,91357.01,91357.01,91357.01,91357.01,91357.01,91357.01,91357.01,91357.01,91357.01,91357.01,91357.01,91357.01,91357.01,91357.01,91357.01,91357.01,91357.01,91357.01,91357.01,91357.01,91357.01,91357.01,91357.01,91357.01,91357.01,91357.01,91357.01,91357.01,91357.01,91357.01,91357.01,91357.01,91357.01,91357.01,91357.01,91357.01,91357.01,91357.01,91357.01,91357.01,91357.01,91357.01,91357.01,91357.01,91357.01,91357.01,91357.01,91357.01,91357.01,91357.01,91357.01,91357.01,91357.01,91357.01,91357.01,91357.01,91357.01,91357.01,91357.01,91357.01,91357.01,91357.01,91357.01,91357.01,91357.01,91357.01,91357.01,91357.01,91357.01,91357.01,91357.01,91357.01,91357.01,91357.01,91357.01,91357.01,91357.01,91357.01,91357.01,91357.01,91357.01,91357.01
115,100000.0,100000.0,100000.0,100000.0,100000.0,100000.0,100000.0,100000.0,100000.0,100000.0,100000.0,100000.0,100000.0,100000.0,100000.0,100000.0,100000.0,100000.0,100000.0,100000.0,100000.0,100000.0,100000.0,100000.0,100000.0,100000.0,100000.0,100000.0,100000.0,100000.0,100000.0,100000.0,100000.0,100000.0,100000.0,100000.0,100000.0,100000.0,100000.0,100000.0,100000.0,100000.0,100000.0,100000.0,92647.44,94014.63,93996.86,93970.86,93940.42,93909.29,93879.59,93851.43,93824.12,93797.94,93774.46,93755.29,93740.32,93727.61,93714.87,93700.97,93685.99,93670.4,93654.57,93638.66,93622.79,93607.04,93591.5,93576.12,93560.79,93545.47,93530.18,93514.95,93499.77,93484.63,93469.55,93454.52,93439.54,93424.62,93409.74,93394.91,93380.14,93365.42,93350.74,93336.12,93321.55,93307.03,93292.56,93278.15,93263.78,93249.47,93235.2,93220.99,93206.83,93192.71,93192.71,93192.71,93192.71,93192.71,93192.71,93192.71,93192.71,93192.71,93192.71,93192.71,93192.71,93192.71,93192.71,93192.71,93192.71,93192.71,93192.71,93192.71,93192.71,93192.71,93192.71,93192.71,93192.71,93192.71,93192.71,93192.71,93192.71,93192.71,93192.71,93192.71,93192.71,93192.71,93192.71,93192.71,93192.71,93192.71,93192.71,93192.71,93192.71,93192.71,93192.71,93192.71,93192.71,93192.71,93192.71,93192.71,93192.71,93192.71,93192.71,93192.71,93192.71,93192.71,93192.71,93192.71,93192.71,93192.71,93192.71,93192.71,93192.71,93192.71,93192.71,93192.71,93192.71,93192.71,93192.71,93192.71,93192.71,93192.71,93192.71,93192.71,93192.71,93192.71,93192.71,93192.71,93192.71,93192.71,93192.71,93192.71,93192.71,93192.71,93192.71,93192.71,93192.71,93192.71,93192.71,93192.71
116,100000.0,100000.0,100000.0,100000.0,100000.0,100000.0,100000.0,100000.0,100000.0,100000.0,100000.0,100000.0,100000.0,100000.0,100000.0,100000.0,100000.0,100000.0,100000.0,100000.0,100000.0,100000.0,100000.0,100000.0,100000.0,100000.0,100000.0,100000.0,100000.0,100000.0,100000.0,100000.0,100000.0,100000.0,100000.0,100000.0,100000.0,100000.0,100000.0,100000.0,100000.0,100000.0,100000.0,100000.0,93934.44,95336.39,95322.55,95302.29,95278.57,95254.32,95231.18,95209.23,95187.95,95167.55,95149.26,95134.32,95122.66,95112.76,95102.83,95092.0,95080.32,95068.18,95055.84,95043.45,95031.08,95018.81,95006.71,94994.72,94982.78,94970.84,94958.93,94947.06,94935.23,94923.44,94911.69,94899.98,94888.3,94876.67,94865.08,94853.53,94842.02,94830.55,94819.11,94807.72,94796.37,94785.06,94773.78,94762.55,94751.36,94740.2,94729.09,94718.01,94706.98,94695.98,94695.98,94695.98,94695.98,94695.98,94695.98,94695.98,94695.98,94695.98,94695.98,94695.98,94695.98,94695.98,94695.98,94695.98,94695.98,94695.98,94695.98,94695.98,94695.98,94695.98,94695.98,94695.98,94695.98,94695.98,94695.98,94695.98,94695.98,94695.98,94695.98,94695.98,94695.98,94695.98,94695.98,94695.98,94695.98,94695.98,94695.98,94695.98,94695.98,94695.98,94695.98,94695.98,94695.98,94695.98,94695.98,94695.98,94695.98,94695.98,94695.98,94695.98,94695.98,94695.98,94695.98,94695.98,94695.98,94695.98,94695.98,94695.98,94695.98,94695.98,94695.98,94695.98,94695.98,94695.98,94695.98,94695.98,94695.98,94695.98,94695.98,94695.98,94695.98,94695.98,94695.98,94695.98,94695.98,94695.98,94695.98,94695.98,94695.98,94695.98,94695.98,94695.98,94695.98,94695.98,94695.98,94695.98
117,100000.0,100000.0,100000.0,100000.0,100000.0,100000.0,100000.0,100000.0,100000.0,100000.0,100000.0,100000.0,100000.0,100000.0,100000.0,100000.0,100000.0,100000.0,100000.0,100000.0,100000.0,100000.0,100000.0,100000.0,100000.0,100000.0,100000.0,100000.0,100000.0,100000.0,100000.0,100000.0,100000.0,100000.0,100000.0,100000.0,100000.0,100000.0,100000.0,100000.0,100000.0,100000.0,100000.0,100000.0,94979.97,96410.18,96399.52,96383.92,96365.67,96347.0,96329.19,96312.29,96295.91,96280.21,96266.13,96254.63,96245.66,96238.03,96230.39,96222.06,96213.07,96203.72,96194.22,96184.68,96175.16,96165.72,96156.4,96147.17,96137.98,96128.79,96119.62,96110.48,96101.38,96092.3,96083.26,96074.24,96065.26,96056.3,96047.38,96038.49,96029.63,96020.8,96012.0,96003.23,95994.49,95985.78,95977.1,95968.46,95959.84,95951.26,95942.7,95934.18,95925.68,95917.22,95917.22,95917.22,95917.22,95917.22,95917.22,95917.22,95917.22,95917.22,95917.22,95917.22,95917.22,95917.22,95917.22,95917.22,95917.22,95917.22,95917.22,95917.22,95917.22,95917.22,95917.22,95917.22,95917.22,95917.22,95917.22,95917.22,95917.22,95917.22,95917.22,95917.22,95917.22,95917.22,95917.22,95917.22,95917.22,95917.22,95917.22,95917.22,95917.22,95917.22,95917.22,95917.22,95917.22,95917.22,95917.22,95917.22,95917.22,95917.22,95917.22,95917.22,95917.22,95917.22,95917.22,95917.22,95917.22,95917.22,95917.22,95917.22,95917.22,95917.22,95917.22,95917.22,95917.22,95917.22,95917.22,95917.22,95917.22,95917.22,95917.22,95917.22,95917.22,95917.22,95917.22,95917.22,95917.22,95917.22,95917.22,95917.22,95917.22,95917.22,95917.22,95917.22,95917.22,95917.22,95917.22,95917.22
118,100000.0,100000.0,100000.0,100000.0,100000.0,100000.0,100000.0,100000.0,100000.0,100000.0,100000.0,100000.0,100000.0,100000.0,100000.0,100000.0,100000.0,100000.0,100000.0,100000.0,100000.0,100000.0,100000.0,100000.0,100000.0,100000.0,100000.0,100000.0,100000.0,100000.0,100000.0,100000.0,100000.0,100000.0,100000.0,100000.0,100000.0,100000.0,100000.0,100000.0,100000.0,100000.0,100000.0,100000.0,95823.85,97276.85,97268.76,97256.93,97243.09,97228.92,97215.41,97202.6,97190.17,97178.26,97167.58,97158.86,97152.05,97146.26,97140.47,97134.15,97127.33,97120.23,97113.03,97105.8,97098.57,97091.41,97084.34,97077.34,97070.37,97063.4,97056.44,97049.51,97042.6,97035.72,97028.86,97022.02,97015.2,97008.41,97001.64,96994.9,96988.18,96981.48,96974.8,96968.15,96961.52,96954.91,96948.33,96941.77,96935.24,96928.72,96922.23,96915.77,96909.32,96902.9,96902.9,96902.9,96902.9,96902.9,96902.9,96902.9,96902.9,96902.9,96902.9,96902.9,96902.9,96902.9,96902.9,96902.9,96902.9,96902.9,96902.9,96902.9,96902.9,96902.9,96902.9,96902.9,96902.9,96902.9,96902.9,96902.9,96902.9,96902.9,96902.9,96902.9,96902.9,96902.9,96902.9,96902.9,96902.9,96902.9,96902.9,96902.9,96902.9,96902.9,96902.9,96902.9,96902.9,96902.9,96902.9,96902.9,96902.9,96902.9,96902.9,96902.9,96902.9,96902.9,96902.9,96902.9,96902.9,96902.9,96902.9,96902.9,96902.9,96902.9,96902.9,96902.9,96902.9,96902.9,96902.9,96902.9,96902.9,96902.9,96902.9,96902.9,96902.9,96902.9,96902.9,96902.9,96902.9,96902.9,96902.9,96902.9,96902.9,96902.9,96902.9,96902.9,96902.9,96902.9,96902.9,96902.9
119,100000.0,100000.0,100000.0,100000.0,100000.0,100000.0,100000.0,100000.0,100000.0,100000.0,100000.0,100000.0,100000.0,100000.0,100000.0,100000.0,100000.0,100000.0,100000.0,100000.0,100000.0,100000.0,100000.0,100000.0,100000.0,100000.0,100000.0,100000.0,100000.0,100000.0,100000.0,100000.0,100000.0,100000.0,100000.0,100000.0,100000.0,100000.0,100000.0,100000.0,100000.0,100000.0,100000.0,100000.0,96501.39,97972.7,97966.68,97957.87,97947.56,97937.02,97926.96,97917.42,97908.17,97899.3,97891.35,97884.86,97879.79,97875.48,97871.17,97866.46,97861.38,97856.1,97850.74,97845.35,97839.98,97834.64,97829.38,97824.17,97818.98,97813.79,97808.61,97803.45,97798.31,97793.18,97788.07,97782.98,97777.91,97772.85,97767.82,97762.79,97757.79,97752.8,97747.83,97742.88,97737.95,97733.03,97728.13,97723.24,97718.38,97713.53,97708.7,97703.88,97699.09,97694.31,97694.31,97694.31,97694.31,97694.31,97694.31,97694.31,97694.31,97694.31,97694.31,97694.31,97694.31,97694.31,97694.31,97694.31,97694.31,97694.31,97694.31,97694.31,97694.31,97694.31,97694.31,97694.31,97694.31,97694.31,97694.31,97694.31,97694.31,97694.31,97694.31,97694.31,97694.31,97694.31,97694.31,97694.31,97694.31,97694.31,97694.31,97694.31,97694.31,97694.31,97694.31,97694.31,97694.31,97694.31,97694.31,97694.31,97694.31,97694.31,97694.31,97694.31,97694.31,97694.31,97694.31,97694.31,97694.31,97694.31,97694.31,97694.31,97694.31,97694.31,97694.31,97694.31,97694.31,97694.31,97694.31,97694.31,97694.31,97694.31,97694.31,97694.31,97694.31,97694.31,97694.31,97694.31,97694.31,97694.31,97694.31,97694.31,97694.31,97694.31,97694.31,97694.31,97694.31,97694.31,97694.31,97694.31
120,100000.0,100000.0,100000.0,100000.0,100000.0,100000.0,100000.0,100000.0,100000.0,100000.0,100000.0,100000.0,100000.0,100000.0,100000.0,100000.0,100000.0,100000.0,100000.0,100000.0,100000.0,100000.0,100000.0,100000.0,100000.0,100000.0,100000.0,100000.0,100000.0,100000.0,100000.0,100000.0,100000.0,100000.0,100000.0,100000.0,100000.0,100000.0,100000.0,100000.0,100000.0,100000.0,100000.0,100000.0,97043.1,98529.04,98524.67,98518.28,98510.8,98503.15,98495.85,98488.93,98482.22,98475.79,98470.02,98465.31,98461.63,98458.5,98455.37,98451.96,98448.27,98444.44,98440.55,98436.64,98432.74,98428.87,98425.05,98421.27,98417.51,98413.74,98409.98,98406.24,98402.51,98398.79,98395.08,98391.39,98387.71,98384.04,98380.38,98376.74,98373.11,98369.49,98365.88,98362.29,98358.71,98355.14,98351.59,98348.04,98344.51,98340.99,98337.49,98334.0,98330.52,98327.05,98327.05,98327.05,98327.05,98327.05,98327.05,98327.05,98327.05,98327.05,98327.05,98327.05,98327.05,98327.05,98327.05,98327.05,98327.05,98327.05,98327.05,98327.05,98327.05,98327.05,98327.05,98327.05,98327.05,98327.05,98327.05,98327.05,98327.05,98327.05,98327.05,98327.05,98327.05,98327.05,98327.05,98327.05,98327.05,98327.05,98327.05,98327.05,98327.05,98327.05,98327.05,98327.05,98327.05,98327.05,98327.05,98327.05,98327.05,98327.05,98327.05,98327.05,98327.05,98327.05,98327.05,98327.05,98327.05,98327.05,98327.05,98327.05,98327.05,98327.05,98327.05,98327.05,98327.05,98327.05,98327.05,98327.05,98327.05,98327.05,98327.05,98327.05,98327.05,98327.05,98327.05,98327.05,98327.05,98327.05,98327.05,98327.05,98327.05,98327.05,98327.05,98327.05,98327.05,98327.05,98327.05,98327.05
121,100000.0,100000.0,100000.0,100000.0,100000.0,100000.0,100000.0,100000.0,100000.0,100000.0,100000.0,100000.0,100000.0,100000.0,100000.0,100000.0,100000.0,100000.0,100000.0,100000.0,100000.0,100000.0,100000.0,100000.0,100000.0,100000.0,100000.0,100000.0,100000.0,100000.0,100000.0,100000.0,100000.0,100000.0,100000.0,100000.0,100000.0,100000.0,100000.0,100000.0,100000.0,100000.0,100000.0,100000.0,97474.75,98972.35,98969.3,98964.83,98959.61,98954.26,98949.16,98944.33,98939.64,98935.14,98931.11,98927.82,98925.25,98923.07,98920.88,98918.5,98915.92,98913.25,98910.53,98907.8,98905.07,98902.37,98899.7,98897.06,98894.43,98891.8,98889.17,98886.56,98883.95,98881.35,98878.76,98876.18,98873.61,98871.05,98868.49,98865.95,98863.41,98860.88,98858.36,98855.85,98853.35,98850.86,98848.37,98845.9,98843.43,98840.97,98838.53,98836.09,98833.65,98831.23,98831.23,98831.23,98831.23,98831.23,98831.23,98831.23,98831.23,98831.23,98831.23,98831.23,98831.23,98831.23,98831.23,98831.23,98831.23,98831.23,98831.23,98831.23,98831.23,98831.23,98831.23,98831.23,98831.23,98831.23,98831.23,98831.23,98831.23,98831.23,98831.23,98831.23,98831.23,98831.23,98831.23,98831.23,98831.23,98831.23,98831.23,98831.23,98831.23,98831.23,98831.23,98831.23,98831.23,98831.23,98831.23,98831.23,98831.23,98831.23,98831.23,98831.23,98831.23,98831.23,98831.23,98831.23,98831.23,98831.23,98831.23,98831.23,98831.23,98831.23,98831.23,98831.23,98831.23,98831.23,98831.23,98831.23,98831.23,98831.23,98831.23,98831.23,98831.23,98831.23,98831.23,98831.23,98831.23,98831.23,98831.23,98831.23,98831.23,98831.23,98831.23,98831.23,98831.23,98831.23,98831.23,98831.23
122,100000.0,100000.0,100000.0,100000.0,100000.0,100000.0,100000.0,100000.0,100000.0,100000.0,100000.0,100000.0,100000.0,100000.0,100000.0,100000.0,100000.0,100000.0,100000.0,100000.0,100000.0,100000.0,100000.0,100000.0,100000.0,100000.0,100000.0,100000.0,100000.0,100000.0,100000.0,100000.0,100000.0,100000.0,100000.0,100000.0,100000.0,100000.0,100000.0,100000.0,100000.0,100000.0,100000.0,100000.0,97817.77,99324.64,99322.63,99319.7,99316.27,99312.75,99309.4,99306.22,99303.14,99300.19,99297.54,99295.38,99293.69,99292.25,99290.82,99289.25,99287.56,99285.8,99284.01,99282.22,99280.43,99278.65,99276.9,99275.16,99273.43,99271.7,99269.98,99268.26,99266.54,99264.84,99263.14,99261.44,99259.75,99258.06,99256.39,99254.71,99253.05,99251.39,99249.73,99248.08,99246.44,99244.8,99243.16,99241.54,99239.92,99238.3,99236.69,99235.09,99233.49,99231.9,99231.9,99231.9,99231.9,99231.9,99231.9,99231.9,99231.9,99231.9,99231.9,99231.9,99231.9,99231.9,99231.9,99231.9,99231.9,99231.9,99231.9,99231.9,99231.9,99231.9,99231.9,99231.9,99231.9,99231.9,99231.9,99231.9,99231.9,99231.9,99231.9,99231.9,99231.9,99231.9,99231.9,99231.9,99231.9,99231.9,99231.9,99231.9,99231.9,99231.9,99231.9,99231.9,99231.9,99231.9,99231.9,99231.9,99231.9,99231.9,99231.9,99231.9,99231.9,99231.9,99231.9,99231.9,99231.9,99231.9,99231.9,99231.9,99231.9,99231.9,99231.9,99231.9,99231.9,99231.9,99231.9,99231.9,99231.9,99231.9,99231.9,99231.9,99231.9,99231.9,99231.9,99231.9,99231.9,99231.9,99231.9,99231.9,99231.9,99231.9,99231.9,99231.9,99231.9,99231.9,99231.9,99231.9
123,100000.0,100000.0,100000.0,100000.0,100000.0,100000.0,100000.0,100000.0,100000.0,100000.0,100000.0,100000.0,100000.0,100000.0,100000.0,100000.0,100000.0,100000.0,100000.0,100000.0,100000.0,100000.0,100000.0,100000.0,100000.0,100000.0,100000.0,100000.0,100000.0,100000.0,100000.0,100000.0,100000.0,100000.0,100000.0,100000.0,100000.0,100000.0,100000.0,100000.0,100000.0,100000.0,100000.0,100000.0,98089.78,99604.0,99602.83,99601.11,99599.09,99597.03,99595.07,99593.2,99591.4,99589.67,99588.11,99586.84,99585.85,99585.01,99584.17,99583.25,99582.26,99581.23,99580.18,99579.13,99578.08,99577.04,99576.01,99574.99,99573.98,99572.96,99571.95,99570.94,99569.94,99568.94,99567.94,99566.94,99565.95,99564.97,99563.98,99563.0,99562.02,99561.05,99560.08,99559.11,99558.15,99557.19,99556.23,99555.28,99554.32,99553.38,99552.43,99551.49,99550.56,99549.62,99549.62,99549.62,99549.62,99549.62,99549.62,99549.62,99549.62,99549.62,99549.62,99549.62,99549.62,99549.62,99549.62,99549.62,99549.62,99549.62,99549.62,99549.62,99549.62,99549.62,99549.62,99549.62,99549.62,99549.62,99549.62,99549.62,99549.62,99549.62,99549.62,99549.62,99549.62,99549.62,99549.62,99549.62,99549.62,99549.62,99549.62,99549.62,99549.62,99549.62,99549.62,99549.62,99549.62,99549.62,99549.62,99549.62,99549.62,99549.62,99549.62,99549.62,99549.62,99549.62,99549.62,99549.62,99549.62,99549.62,99549.62,99549.62,99549.62,99549.62,99549.62,99549.62,99549.62,99549.62,99549.62,99549.62,99549.62,99549.62,99549.62,99549.62,99549.62,99549.62,99549.62,99549.62,99549.62,99549.62,99549.62,99549.62,99549.62,99549.62,99549.62,99549.62,99549.62,99549.62,99549.62,99549.62
124,100000.0,100000.0,100000.0,100000.0,100000.0,100000.0,100000.0,100000.0,100000.0,100000.0,100000.0,100000.0,100000.0,100000.0,100000.0,100000.0,100000.0,100000.0,100000.0,100000.0,100000.0,100000.0,100000.0,100000.0,100000.0,100000.0,100000.0,100000.0,100000.0,100000.0,100000.0,100000.0,100000.0,100000.0,100000.0,100000.0,100000.0,100000.0,100000.0,100000.0,100000.0,100000.0,100000.0,100000.0,98305.12,99825.16,99824.64,99823.88,99822.99,99822.08,99821.21,99820.39,99819.59,99818.83,99818.14,99817.58,99817.14,99816.77,99816.4,99816.0,99815.56,99815.1,99814.64,99814.18,99813.71,99813.25,99812.8,99812.35,99811.9,99811.45,99811.01,99810.56,99810.12,99809.68,99809.24,99808.8,99808.36,99807.92,99807.49,99807.05,99806.62,99806.19,99805.76,99805.34,99804.91,99804.49,99804.07,99803.64,99803.22,99802.81,99802.39,99801.97,99801.56,99801.15,99801.15,99801.15,99801.15,99801.15,99801.15,99801.15,99801.15,99801.15,99801.15,99801.15,99801.15,99801.15,99801.15,99801.15,99801.15,99801.15,99801.15,99801.15,99801.15,99801.15,99801.15,99801.15,99801.15,99801.15,99801.15,99801.15,99801.15,99801.15,99801.15,99801.15,99801.15,99801.15,99801.15,99801.15,99801.15,99801.15,99801.15,99801.15,99801.15,99801.15,99801.15,99801.15,99801.15,99801.15,99801.15,99801.15,99801.15,99801.15,99801.15,99801.15,99801.15,99801.15,99801.15,99801.15,99801.15,99801.15,99801.15,99801.15,99801.15,99801.15,99801.15,99801.15,99801.15,99801.15,99801.15,99801.15,99801.15,99801.15,99801.15,99801.15,99801.15,99801.15,99801.15,99801.15,99801.15,99801.15,99801.15,99801.15,99801.15,99801.15,99801.15,99801.15,99801.15,99801.15,99801.15,99801.15
125,100000.0,100000.0,100000.0,100000.0,100000.0,100000.0,100000.0,100000.0,100000.0,100000.0,100000.0,100000.0,100000.0,100000.0,100000.0,100000.0,100000.0,100000.0,100000.0,100000.0,100000.0,100000.0,100000.0,100000.0,100000.0,100000.0,100000.0,100000.0,100000.0,100000.0,100000.0,100000.0,100000.0,100000.0,100000.0,100000.0,100000.0,100000.0,100000.0,100000.0,100000.0,100000.0,100000.0,100000.0,100000.0,100000.0,100000.0,100000.0,100000.0,100000.0,100000.0,100000.0,100000.0,100000.0,100000.0,100000.0,100000.0,100000.0,100000.0,100000.0,100000.0,100000.0,100000.0,100000.0,100000.0,100000.0,100000.0,100000.0,100000.0,100000.0,100000.0,100000.0,100000.0,100000.0,100000.0,100000.0,100000.0,100000.0,100000.0,100000.0,100000.0,100000.0,100000.0,100000.0,100000.0,100000.0,100000.0,100000.0,100000.0,100000.0,100000.0,100000.0,100000.0,100000.0,100000.0,100000.0,100000.0,100000.0,100000.0,100000.0,100000.0,100000.0,100000.0,100000.0,100000.0,100000.0,100000.0,100000.0,100000.0,100000.0,100000.0,100000.0,100000.0,100000.0,100000.0,100000.0,100000.0,100000.0,100000.0,100000.0,100000.0,100000.0,100000.0,100000.0,100000.0,100000.0,100000.0,100000.0,100000.0,100000.0,100000.0,100000.0,100000.0,100000.0,100000.0,100000.0,100000.0,100000.0,100000.0,100000.0,100000.0,100000.0,100000.0,100000.0,100000.0,100000.0,100000.0,100000.0,100000.0,100000.0,100000.0,100000.0,100000.0,100000.0,100000.0,100000.0,100000.0,100000.0,100000.0,100000.0,100000.0,100000.0,100000.0,100000.0,100000.0,100000.0,100000.0,100000.0,100000.0,100000.0,100000.0,100000.0,100000.0,100000.0,100000.0,100000.0,100000.0,100000.0,100000.0,100000.0
