age,1981,1982,1983,1984,1985,1986,1987,1988,1989,1990,1991,1992,1993,1994,1995,1996,1997,1998,1999,2000,2001,2002,2003,2004,2005,2006,2007,2008,2009,2010,2011,2012,2013,2014,2015,2016,2017,2018,2019,2020,2021,2022,2023,2024,2025,2026,2027,2028,2029,2030,2031,2032,2033,2034,2035,2036,2037,2038,2039,2040,2041,2042,2043,2044,2045,2046,2047,2048,2049,2050,2051,2052,2053,2054,2055,2056,2057,2058,2059,2060,2061,2062,2063,2064,2065,2066,2067,2068,2069,2070,2071,2072,2073,2074,2075,2076,2077,2078,2079,2080,2081,2082,2083,2084,2085,2086,2087,2088,2089,2090,2091,2092,2093,2094,2095,2096,2097,2098,2099,2100,2101,2102,2103,2104,2105,2106,2107,2108,2109,2110,2111,2112,2113,2114,2115,2116,2117,2118,2119,2120,2121,2122,2123,2124,2125,2126,2127,2128,2129,2130,2131,2132,2133,2134,2135,2136,2137,2138,2139,2140,2141,2142,2143,2144,2145,2146,2147,2148,2149,2150,2151,2152,2153,2154,2155,2156,2157,2158,2159,2160
0,924.8,935.62,881.95,841.87,828.19,809.25,798.63,784.16,728.28,695.61,646.61,572.79,567.13,540.15,530.87,542.93,529.88,497.19,510.02,509.05,498.86,463.85,498.44,470.73,440.31,467.54,437.47,423.69,423.39,406.41,373.75,369.68,345.83,367.13,338.58,359.67,362.5,355.17,354.85,346.83,360.38,348.06,366.03,389.52,296.73,269.8,262.94,256.49,250.44,244.76,239.44,234.47,229.82,225.46,221.39,217.57,214.0,210.64,207.49,204.52,201.72,199.07,196.56,194.16,191.86,189.66,187.52,185.44,183.4,181.4,179.41,177.45,175.51,173.59,171.7,169.82,167.96,166.13,164.31,162.52,160.74,158.98,157.24,155.53,153.83,152.14,150.48,148.84,147.21,145.6,144.01,142.43,140.88,139.34,137.79360932655104,136.26438044522874,134.7521228950364,133.25664832870706,131.77777048924543,130.31530518673023,128.86907027537373,127.43888563083608,126.02457312779134,124.62595661774253,123.24286190708276,121.87511673540003,120.52255075402265,119.18499550480274,117.86228439913543,116.55425269721056,115.26073748749491,113.98157766644199,112.71661391842719,111.46568869590527,110.22864619978849,109.00533236004213,107.7955948164956,106.5992828998664,105.41624761299471,104.24634161228622,103.08941918936091,101.94533625290549,100.81395031072728,99.6951204520072,98.58870732974975,97.49457314342769,96.41258162181951,95.34259800603712,94.28448903274209,93.23812291754808,92.20336933860747,91.18009942038017,90.16818571758252,89.16750219931437,88.17792423336232,87.19932857067708,86.23159333002323,85.27459798279925,84.32822333802595,83.39235152750175,82.46686599112233,81.55165146236364,80.64659395392557,79.75158074353534,78.86650035990813,77.99124256886377,77.12569835959732,76.26975993110214,75.42332067874354,74.58627518098152,73.75851918624085,72.93994959992672,72.13046447158479,71.32996298220341,70.53834543165699,69.75551322628858,68.98136886663035,68.21581593526031,67.45875908479384,66.7101040260084,65.96975751610005,65.23762734707043,64.51362233424246,63.79765230490357,63.08962808707493,62.38946149840537,61.69706533518851,61.012353361501795,60.33524029846607,59.66564181362432,59.00347451043834,58.348655917901915,57.701104480269315,57.06073954689776,56.4274813622026,55.801251055724016,55.18197063230393,54.5695629623719,53.9639517723389,53.36506163509766
1,71.74,67.72,63.83,64.6,76.97,65.73,66.39,61.71,54.43,61.22,56.22,47.59,45.42,48.67,47.72,43.62,38.35,43.74,38.67,32.41,35.15,36.06,39.72,36.37,38.17,39.41,31.05,33.03,24.96,31.47,30.53,26.4,30.32,22.79,27.53,28.59,17.7,23.53,24.16,16.72,20.14,25.45,21.56,15.88,17.7,18.31,17.78,17.29,16.84,16.41,16.01,15.64,15.3,14.99,14.69,14.42,14.16,13.92,13.7,13.5,13.3,13.12,12.95,12.79,12.63,12.49,12.35,12.21,12.07,11.94,11.81,11.68,11.55,11.43,11.3,11.18,11.06,10.94,10.82,10.7,10.58,10.47,10.35,10.24,10.13,10.01,9.91,9.8,9.69,9.58,9.48,9.37,9.27,9.17,8.993382005147168,8.820165745965637,8.650285703618627,8.483677621189265,8.320278479375492,8.160026472653087,8.002860985897794,7.848722571457747,7.69755292666745,7.549294871794871,7.4038923284132805,7.261290298189658,7.121434842081634,6.984273059935117,6.849753070474878,6.717823991680516,6.588435921540399,6.461539919176294,6.337087986331535,6.215033049215738,6.09532894069921,5.977930382850276,5.862792969808963,5.749873150990539,5.639128214612558,5.530516271539177,5.423996239436646,5.319527827233964,5.217071519882828,5.116588563411125,5.018040950264275,4.921391404928935,4.826603369833569,4.733640991520599,4.642469107084881,4.5530532308733696,4.465359541440975,4.3793548687576305,4.2950066816617785,4.2122830755554945,4.131152760336614,4.051585048563289,3.973549843846499,3.8970176294661334,3.8219594572063245,3.748346936405823,3.676152223219263,3.6053480100852644,3.5359075153973794,3.467804473373983,3.4010131241232746,3.33550820389963,3.2712649355476207,3.208259019130085,3.1464666227367077,3.085864373469628,3.026429348602671,2.9681390669108536,2.9109714801668893,2.8549049648014746,2.799918313724197,2.745990728301984,2.6931018104920423,2.641231555126324,2.5903603423445967,2.5404689301732555,2.4915384472470703,2.4435503856711143,2.3964865940201765,2.350329270473008,2.3050609560788025,2.2606645281533733,2.2171231938025144,2.1744204835701146,2.132540245208601,2.0914666375693742,2.051184124610912,2.0116774695222817,1.9729317289598338,1.9349322473949027,1.8976646515703692,1.8611148450639943,1.8252690029564653,1.7901135666021362,1.755635238500487,1.7218209772663615
2,44.79,44.4,42.9,33.98,36.66,36.72,37.88,40.17,35.58,26.44,35.03,28.13,26.48,29.67,23.36,28.49,24.86,26.12,31.57,16.43,21.36,17.47,24.68,20.43,17.44,21.68,17.84,21.18,19.03,13.26,16.34,11.24,13.15,14.52,12.13,16.37,14.31,8.71,15.61,10.81,14.03,13.35,15.35,13.11,11.56,11.13,10.81,10.51,10.24,9.98,9.74,9.52,9.31,9.12,8.94,8.78,8.62,8.48,8.35,8.22,8.1,7.99,7.89,7.79,7.7,7.61,7.52,7.44,7.36,7.28,7.2,7.12,7.04,6.96,6.89,6.81,6.74,6.66,6.59,6.52,6.45,6.38,6.31,6.24,6.17,6.1,6.04,5.97,5.9,5.84,5.78,5.71,5.65,5.59,5.520361427945835,5.4515903926926965,5.383676086722871,5.316607837155511,5.250375104069377,5.184967478846455,5.120374682536232,5.056586564240324,4.993593099517252,4.9313843888070705,4.869950655875634,4.809282246278242,4.749369625842417,4.690203379169591,4.631774208155461,4.57407293052876,4.517090478408253,4.460817896877695,4.405246342578549,4.350367082320229,4.296171491707667,4.242651053785961,4.189797357701926,4.137602097382306,4.086057070228456,4.035154175827286,3.9848854146782684,3.935242886936289,3.8862187911701787,3.8378054231366985,3.7899951745697984,3.742780531984965,3.69615407549846,3.6501084776612696,3.6046365023075784,3.5597310034175926,3.515384923994526,3.4715912949555783,3.4283432340367272,3.385633944711168,3.343456715121222,3.3018049170235564,3.260672004747538,3.22005151416657,3.1799370616822387,3.140322343221117,3.1012011332440674,3.062567283767882,3.0244147233991163,2.986737456379956,2.949529561645968,2.9127851918955976,2.8764985726712458,2.8406640014518056,2.805275846756497,2.770328547259867,2.7358166109178157,2.701734614104509,2.6680772007600457,2.6348390815487392,2.6020150330278873,2.5695998968268974,2.5375885788366372,2.5059760484088835,2.474757337565747,2.4439275402189407,2.4134818113987806,2.3834153664927857,2.353723480493767,2.324401487257283,2.295444778768343,2.266848804417249,2.2386090702844563,2.210721138434347,2.1831806262177946,2.1559832055834254,2.129124602397452,2.1026005957719867,2.076407017401719,2.0505397509088557,2.0249947311962266,1.9997679438084424,1.974855424301016,1.9502532576173408,1.9259575774734308,1.9019645657503272
3,35.52,25.31,25.85,25.56,27.59,25.37,29.0,32.42,27.13,26.04,19.36,22.6,22.76,18.07,17.99,15.9,17.38,16.46,17.92,21.82,19.91,12.18,17.75,15.21,13.09,15.29,16.51,16.82,15.58,13.3,10.77,11.97,12.71,12.51,11.83,9.69,9.59,10.29,10.6,8.0,8.86,9.48,11.02,9.43,8.47,8.16,7.92,7.71,7.51,7.32,7.15,6.99,6.84,6.7,6.57,6.45,6.34,6.23,6.13,6.04,5.96,5.88,5.8,5.73,5.66,5.59,5.53,5.47,5.41,5.35,5.29,5.23,5.18,5.12,5.06,5.01,4.95,4.9,4.85,4.79,4.74,4.69,4.64,4.59,4.54,4.49,4.44,4.39,4.34,4.29,4.25,4.2,4.15,4.11,4.068884590825401,4.028180489892065,3.987883582575507,3.947989795412913,3.908495095691369,3.8693954910402093,3.830687029027443,3.7923657967602176,3.7544279204892796,3.7168695652173924,3.6796869343116674,3.642876269119781,3.6064338485900245,3.5703559888951566,3.534639043060021,3.4992794005928856,3.4642734871204706,3.429617764026632,3.395308728094654,3.3613429111531206,3.3277168797253345,3.2944272346822374,3.261470610898805,3.2288436769138813,3.196543134593411,3.164565718797045,3.1329081970480783,3.1015673692066943,3.0705400671464704,3.039823154434127,3.009413526012477,2.9793081078865455,2.949503856812833,2.919997759991685,2.890786834762738,2.861868128303415,2.8332387173304365,2.804895707804315,2.776836234636808,2.7490574614012977,2.721556580046067,2.6943308106104418,2.66737740094378,2.640693626427263,2.614276789698476,2.588124220378741,2.562233274803178,2.5366013357534682,2.511225812193288,2.486104139006392,2.4612337767373127,2.4366122113346607,2.412236953896984,2.3881055404211775,2.364215531553405,2.3405645123425143,2.317150091995918,2.2939699036379193,2.271021604070452,2.2483028735362156,2.225811415484179,2.203544956337433,2.18150124526336,2.159678053946109,2.1380731763613405,2.1166844285532305,2.0955096484137,2.074546695463858,2.0537934506376265,2.0332478160675347,2.0129077148726493,1.9927710909486354,1.9728359087599086,1.953100153133873,1.9335618290572127,1.914218961474226,1.8950695950871725,1.8761117941586198,1.8573436423157672,1.838763242356727,1.820368716058744,1.8021582039883315,1.7841298653133089,1.76628187761672,1.7486124367126101,1.7311197564636482
4,26.55,20.7,26.43,23.07,20.64,27.76,22.54,23.1,25.04,18.49,20.46,14.29,15.61,13.59,14.33,12.62,12.0,10.83,10.4,13.85,14.47,15.69,13.49,13.08,7.2,12.34,9.24,12.73,14.12,10.04,10.41,9.2,9.17,8.15,7.73,9.16,8.48,4.34,7.18,7.5,4.16,7.72,8.58,7.9,6.92,6.63,6.43,6.26,6.1,5.95,5.81,5.68,5.56,5.45,5.34,5.25,5.16,5.07,4.99,4.92,4.85,4.78,4.72,4.66,4.61,4.55,4.5,4.45,4.4,4.36,4.31,4.26,4.21,4.17,4.12,4.08,4.03,3.99,3.94,3.9,3.86,3.82,3.78,3.73,3.69,3.65,3.61,3.57,3.53,3.5,3.46,3.42,3.38,3.34,3.317487326097748,3.295126394856044,3.2729161834805662,3.2508556760709553,3.2289438635743477,3.2071797437392204,3.185562321069547,3.164090606779266,3.1427636187470505,3.1215803814713876,3.1005399260259594,3.0796412900153203,3.058883517530882,3.0382656591071857,3.017786771678476,2.9974459185355635,2.977242169282981,2.957174599796424,2.937242292180484,2.9174443347266634,2.8977798218716715,2.8782478541560064,2.8588475381828116,2.839577986577014,2.820438317944732,2.8014276568329644,2.7825451336895424,2.7637898848233595,2.7451610523648653,2.7266577842268256,2.708279234065348,2.6900245612411706,2.6718929307812096,2.653883513340369,2.6359954851636043,2.618228028048246,2.6005803293065735,2.583051581728643,2.5656409835453635,2.548347738391828,2.5311710552708826,2.5141101485169512,2.4971642377600936,2.480332547890316,2.463614309022114,2.4470087564592586,2.430515130659821,2.4141326772014278,2.3978606467467554,2.381698295009255,2.3656448827191077,2.349699675589411,2.333861944282593,2.3181309643770516,2.302506016334018,2.2869863854646466,2.2715713618973243,2.256260240545202,2.241052321073942,2.225946907869684,2.21094331000723,2.1960408412184402,2.1812388198608423,2.166536568886453,2.151933415810811,2.1374286926822164,2.123021736051177,2.1087118869400654,2.0944984908129745,2.08038089754578,2.0663584613964017,2.0524305409752714,2.0385964992159904,2.024855703346194,2.0112075248586043,1.9976513394822881,1.9841865271540964,1.9708124719903055,1.9575285622584466,1.9443341903493245,1.931228752749225,1.9182116500123099,1.9052822867332,1.8924400715197385,1.8796844169659426,1.867014739625135
5,23.72,18.39,21.48,22.11,17.49,17.11,19.05,15.94,21.01,14.0,18.13,12.02,13.35,14.66,16.12,11.21,10.74,12.66,10.84,12.11,12.48,12.39,12.88,9.28,8.11,10.78,9.05,9.58,11.34,7.71,7.75,10.07,9.16,6.7,6.92,5.04,6.5,10.92,9.3,4.38,5.32,10.99,5.01,5.28,5.75,5.91,5.74,5.58,5.44,5.31,5.18,5.07,4.96,4.86,4.77,4.69,4.61,4.53,4.46,4.4,4.33,4.28,4.22,4.17,4.12,4.07,4.02,3.98,3.94,3.89,3.85,3.81,3.77,3.73,3.68,3.64,3.6,3.57,3.53,3.49,3.45,3.41,3.37,3.34,3.3,3.26,3.23,3.19,3.16,3.12,3.09,3.06,3.02,2.99,2.9674375124824914,2.9450452810997576,2.9228220211019944,2.900766457434097,2.878877324662503,2.857153366902591,2.8355933377466216,2.814196000192227,2.792960126571437,2.771884498480244,2.750967906708693,2.730209151171508,2.7096070408392356,2.6891603936699076,2.6688680365412263,2.6487288051832536,2.62874154411161,2.6089051065611835,2.58921835442033,2.5696801581655766,2.5502893967968134,2.5310449577729797,2.511945736948228,2.492990638508578,2.4741785749090406,2.4555084668112235,2.436979243021402,2.4185898404290613,2.400339203945899,2.3822262864452917,2.3642500487022136,2.346409459333614,2.3287034947392393,2.311131139042907,2.2936913840342172,2.276383229110709,2.259205681220449,2.2421577548050573,2.2252384717431593,2.208446861294268,2.191781960043086,2.1752428118442317,2.15882846776738,2.142537986042817,2.1263704320074055,2.1103248780509616,2.094400403563031,2.078596094880069,2.0629110452330206,2.0473443546952943,2.0318951301311285,2.016562485144349,2.001345540027511,1.9862434217114264,1.9712552637150724,1.9563802060958768,1.9416173954003786,1.9269659846152618,1.912425133118758,1.897994006632416,1.8836717771732352,1.86945762300616,1.8553507285969333,1.8413502845653045,1.8274554876385936,1.8136655406056004,1.799979652270868,1.7863970374092855,1.7729169167210375,1.7595385167868907,1.7462610700238201,1.7330838146409695,1.7200059945959414,1.7070268595514224,1.6941456648321311,1.6813616713820918,1.6686741457222336,1.6560823599083048,1.6435855914891082,1.631183123465051,1.618874244247007,1.6066582476154887,1.5945344326801285,1.582502103839465,1.5705605707410337,1.5587091482417574
6,21.7,18.48,22.71,17.23,19.91,20.49,17.08,15.91,16.94,14.78,14.64,14.83,13.32,13.34,13.05,14.2,10.59,12.94,11.01,8.89,14.13,10.08,10.65,11.8,10.63,10.19,8.93,8.67,8.15,9.25,8.05,9.34,7.85,8.53,7.29,6.9,7.41,7.4,9.71,4.66,6.26,7.06,7.35,8.28,6.23,5.58,5.42,5.27,5.13,5.01,4.89,4.79,4.69,4.6,4.51,4.43,4.36,4.29,4.22,4.16,4.1,4.05,3.99,3.95,3.9,3.85,3.81,3.77,3.73,3.69,3.65,3.61,3.57,3.53,3.49,3.45,3.41,3.37,3.34,3.3,3.27,3.23,3.19,3.16,3.12,3.09,3.06,3.02,2.99,2.96,2.93,2.89,2.86,2.83,2.810018643379894,2.7901783661281208,2.770478172146739,2.7509170723708087,2.7314940847187312,2.712208234042945,2.6930585520809665,2.6740440774067773,2.6551638553825563,2.6364169381107487,2.617802384386481,2.5993192596503008,2.580966635941261,2.5627435918503294,2.5446492124741273,2.5266825893689977,2.508842820505395,2.4911290102226,2.473540269183749,2.456075714331186,2.4387344688421284,2.4215156620846447,2.4044184295739432,2.387441912928971,2.370585259829317,2.353847623972421,2.3372281650310844,2.3207260486112817,2.3043404462102672,2.2880705351749806,2.2719154986607446,2.255874525590255,2.2399468106128593,2.224131554064123,2.2084279619256826,2.192835245785382,2.1773526227976876,2.161979315644386,2.146714552495558,2.1315575669708284,2.116507598100889,2.1015638902892926,2.08672569327452,2.071992262092309,2.0573628570382576,2.0428367436306814,2.0284131925737414,2.0140914797208285,1.9998708860382068,1.9857506975689152,1.971730205396919,1.9578087056115232,1.943985499272028,1.9302598923726397,1.9166311958076276,1.9030987253367257,1.8896618015507816,1.8763197498376447,1.8630719003482967,1.8499175879632235,1.836856152259019,1.82388693747523,1.811009292481433,1.7982225707445438,1.7855261302963563,1.7729193337013143,1.7604015480245063,1.7479721447998902,1.7356304999987389,1.7233759939983122,1.711208011550747,1.6991259417521682,1.6871291780120188,1.6752171180226039,1.6633891637288527,1.6516447212982925,1.6399832010912336,1.6284040176311678,1.616906589575372,1.6054903396857239,1.5941546947997185,1.5828990858016943,1.5717229475942585,1.5606257190699175,1.5496068430829049,1.5386657664212104
7,20.83,17.39,16.98,19.94,14.13,17.01,14.66,17.75,14.86,13.47,16.81,12.98,12.2,9.74,11.75,8.91,11.68,11.84,8.83,8.11,10.87,9.71,8.35,8.6,10.42,6.49,8.38,7.83,6.84,8.83,4.8,8.01,6.43,10.03,8.5,6.05,7.49,5.63,5.62,4.55,6.21,5.84,5.7,8.1,6.0,5.34,5.19,5.05,4.92,4.8,4.69,4.59,4.5,4.41,4.33,4.26,4.19,4.12,4.06,4.0,3.94,3.89,3.84,3.79,3.75,3.71,3.66,3.62,3.58,3.54,3.5,3.47,3.43,3.39,3.35,3.32,3.28,3.25,3.21,3.17,3.14,3.11,3.07,3.04,3.0,2.97,2.94,2.91,2.88,2.84,2.81,2.78,2.75,2.72,2.703392640588111,2.6868866798477784,2.670481498674525,2.654176481743904,2.6379710174884243,2.6218644980746086,2.605856319380198,2.589945880971488,2.574132586080813,2.5584158415841585,2.5427950579789163,2.527269649361772,2.5118390334067313,2.496502631343276,2.4812598679346562,2.466110171456315,2.4510529736744435,2.4360877098246667,2.421213818590864,2.4064307420841096,2.3917379258217526,2.377134818706617,2.3626208730063314,2.348195544332784,2.3338582916217065,2.3196085771123753,2.305445866327447,2.291369628052905,2.277379334318139,2.2634744603761425,2.249654484683827,2.2359188888824617,2.2222671577782327,2.208698779322916,2.195213244594674,2.181810047778967,2.1684886861495785,2.155248660049762,2.142089472873497,2.129010631046867,2.1160116440095402,2.103092024196375,2.0902512870191297,2.077488950848287,2.064804536994991,2.052197569693088,2.039667576081287,2.0272140861854195,2.0148366329008143,2.0025347519747756,1.9903079819891711,1.978155864343125,1.966077943235815,1.954073765649379,1.9421428813319221,1.9302848427806274,1.9184992052249727,1.906785526610048,1.8951433675799738,1.8835722914614228,1.8720718642472403,1.860641654580167,1.8492812337366578,1.8379901756108021,1.8267680566983426,1.8156144560807879,1.804528955409628,1.793511138890639,1.7825605932682924,1.771676907810249,1.7608596742919589,1.750108486981345,1.7394229426235888,1.728802640426002,1.7182471820429954,1.7077561715611371,1.6973292154843034,1.686965922718918,1.6766659045592849,1.6664287746730067,1.656254149086496,1.6461416461705722,1.6360908866261479,1.6261014934700018,1.6161730920206392,1.6063053098842381
8,16.25,18.77,17.75,15.06,15.97,13.7,10.97,14.99,12.26,13.46,14.13,14.06,9.31,10.54,9.08,8.89,10.18,8.52,10.57,10.42,14.26,9.18,8.99,7.97,6.6,11.73,6.45,9.03,6.72,11.84,4.95,6.14,7.63,6.42,8.13,3.63,7.85,6.29,5.32,4.74,7.28,5.19,6.61,7.65,5.8,5.24,5.09,4.96,4.83,4.71,4.61,4.51,4.42,4.34,4.26,4.18,4.11,4.05,3.99,3.93,3.88,3.83,3.78,3.73,3.69,3.65,3.61,3.57,3.53,3.49,3.45,3.41,3.37,3.34,3.3,3.26,3.23,3.19,3.16,3.12,3.09,3.06,3.02,2.99,2.96,2.92,2.89,2.86,2.83,2.8,2.77,2.74,2.71,2.68,2.6662416551741943,2.6525539417112043,2.638936497010043,2.6253889603312115,2.6119109727871446,2.5985021773327,2.5851622187557037,2.5718907436675376,2.5586874004937776,2.545551839464883,2.5324837126069273,2.5194826737323814,2.5065483784309435,2.493680484060415,2.480878649737622,2.4681425363293874,2.4554718064435446,2.442866124420002,2.430325156321849,2.417848569926511,2.4054360347169474,2.3930872218728974,2.3808018042621675,2.368579456431966,2.3564198546002832,2.344322676647311,2.332287602106912,2.320314312158129,2.308402489616739,2.296551818926853,2.284761986152552,2.2730326789695745,2.261363586657042,2.249754400089225,2.238204811727359,2.2267145156114925,2.2152832073523845,2.2039105841234403,2.192596344652689,2.181340189214804,2.1701418196231597,2.159000939221937,2.1479172528782606,2.136890466974381,2.1259202893999,2.1150064295440263,2.1041485982878836,2.0933465079968463,2.082599872512922,2.071908407147171,2.061271828672165,2.050689855314482,2.040162206747244,2.02968860408269,2.0192687698647878,2.0089024280618846,1.9985893040593943,1.9883291246525225,1.9781216180390295,1.9679665138120288,1.9578635429528257,1.9478124378237889,1.9378129321612618,1.927864761068508,1.9179676610086944,1.9081213697979102,1.8983256265982207,1.888580171910757,1.878884747568844,1.8692390967311578,1.8596429638749246,1.8500960947891505,1.8405982365678875,1.8311491376035327,1.8217485475801647,1.8123962174669115,1.8030918995113534,1.7938353472329602,1.784626315416561,1.775464560105849,1.7663498385969183,1.7572819094318353,1.7482605323922407,1.7392854684929875,1.7303564799758087,1.7214733303030196
9,17.07,11.72,16.69,18.44,22.52,17.08,16.71,10.96,13.62,14.29,15.5,14.82,9.25,12.63,8.89,11.99,11.43,9.86,9.13,8.71,10.1,8.39,9.45,6.63,8.27,4.27,7.66,10.13,11.06,7.74,6.45,7.02,6.78,7.59,7.04,7.49,4.23,7.54,5.38,4.14,5.62,7.46,5.38,5.6,5.38,5.32,5.17,5.04,4.91,4.79,4.69,4.59,4.5,4.41,4.33,4.26,4.19,4.13,4.07,4.01,3.95,3.9,3.85,3.81,3.76,3.72,3.68,3.64,3.6,3.56,3.52,3.48,3.44,3.4,3.37,3.33,3.29,3.26,3.22,3.19,3.15,3.12,3.08,3.05,3.02,2.98,2.95,2.92,2.89,2.85,2.82,2.79,2.76,2.73,2.7177240416835735,2.7055032845219413,2.69333748029273,2.681226381889748,2.6691697433179598,2.6571673196884955,2.6452188672136727,2.6333241432020467,2.62148290605348,2.6096949152542357,2.597959931372093,2.586277716051481,2.5746480320086422,2.5630706430268084,2.5515453139514044,2.5400718106852724,2.5286499001839164,2.5172793504507687,2.505959930532478,2.4946914105142173,2.4834735615150163,2.4723061556831096,2.4611889661913113,2.4501217672324054,2.4391043340145617,2.4281364427567675,2.417217870684285,2.406348396024123,2.3955277980005367,2.3847558568305387,2.374032353719438,2.363357070856395,2.3527297914099976,2.3421502995238574,2.3316183803122237,2.3211338198556204,2.3106964051965018,2.3003059243349235,2.289962166224241,2.2796649207668187,2.2694139788097667,2.2592091321406884,2.2490501734834547,2.2389368964939913,2.2288690957560906,2.218846566777236,2.2088691059844514,2.1989365107201633,2.1890485792380865,2.1792051106991277,2.169405905167301,2.159650763605674,2.149939487872318,2.1402718807162886,2.1306477457736177,2.1210668875633227,2.1115291114834407,2.10203422380707,2.0925820316784414,2.0831723431089952,2.073804966973487,2.0644797130061003,2.0551963917965876,2.0459548147864175,2.0367547942649487,2.027596143365616,2.018478676062135,2.0094022071647237,2.000366552316339,1.9913715279889368,1.982416951479739,1.9735026409075256,1.9646284152089404,1.9557940941348115,1.9469994982464924,1.938244448912215,1.9295287683034639,1.9208522793913618,1.912214805943076,1.903616172518237,1.8950562044653765,1.8865347279183797,1.8780515697929523,1.869606557783107,1.8611995203576628,1.8528302867567605
10,17.58,21.67,16.93,15.27,16.21,14.97,13.95,12.53,11.65,11.54,14.96,11.38,15.17,11.3,13.28,9.55,14.58,8.57,13.97,10.4,6.85,11.62,11.26,8.46,8.26,6.91,12.07,6.3,8.07,7.21,4.21,8.2,9.07,6.73,5.91,6.39,4.36,7.84,7.22,4.78,5.02,5.25,9.36,8.81,6.33,5.55,5.4,5.26,5.13,5.02,4.9,4.8,4.71,4.62,4.54,4.46,4.39,4.33,4.26,4.2,4.15,4.09,4.04,3.99,3.95,3.9,3.86,3.82,3.77,3.73,3.69,3.65,3.61,3.57,3.53,3.49,3.46,3.42,3.38,3.34,3.31,3.27,3.23,3.2,3.16,3.13,3.1,3.06,3.03,2.99,2.96,2.93,2.9,2.87,2.843700552203274,2.817642101254776,2.791822438762857,2.7662393765726225,2.74089074658049,2.7157744005504476,2.6908882099319937,2.666230065679753,2.6417978780747333,2.6175895765472323,2.5936031095013585,2.5698364441411643,2.5462875662983717,2.522954480261676,2.4998352086076143,2.476927792032982,2.45423028918879,2.4317407765157366,2.409457348081191,2.3873781154176723,2.365501207362803,2.343824769900737,2.3223469660050307,2.3010659754829628,2.2799799948212773,2.2590872370333397,2.2383859315076924,2.2178743238580014,2.197550675774377,2.1774132648760536,2.157460384565424,2.137690343883409,2.1181014673661522,2.0986920949030288,2.079460581595954,2.060405297619985,2.041524628085192,2.0228169728998067,2.0042807466346115,1.9859143783885838,1.9677163116557619,1.949685004193338,1.9318189278909539,1.9141165686411996,1.8965764262112945,1.8791970141159478,1.8619768594913815,1.8449145029705083,1.8280084985592553,1.8112574135140183,1.7946598282202395,1.7782143360721003,1.761919543353314,1.74577406911901,1.7297765450787057,1.713925615480344,1.6982199369953972,1.6826581786050245,1.6672390214872694,1.651961158905294,1.636823296096636,1.62182415016348,1.6069624499639348,1.5922369360043094,1.5776463603323705,1.5631894864315847,1.5488650891163238,1.5346719544280358,1.5206088795323638,1.506674672617207,1.4928681527917207,1.4791881499862363,1.4656335048531006,1.452203068668426,1.4388957032347358,1.4257102807845077,1.4126456838845953,1.3997008053415316,1.3868745481076938,1.3741658251883326,1.3615735595494527,1.3490966840265353,1.336734141234099,1.3244848834760894,1.3123478726570885,1.3003220801943396
11,17.56,17.04,17.1,14.96,16.26,16.51,14.93,13.54,11.36,18.67,14.56,9.84,9.99,10.33,13.33,7.95,9.21,11.97,12.66,11.44,12.29,6.82,10.95,6.75,9.08,9.85,8.83,8.12,9.92,6.68,8.21,5.59,7.44,4.16,5.02,8.49,7.65,6.22,5.11,5.71,8.93,6.11,7.73,5.76,5.85,5.9,5.74,5.6,5.46,5.34,5.22,5.12,5.02,4.92,4.84,4.76,4.69,4.62,4.55,4.49,4.43,4.37,4.32,4.27,4.22,4.17,4.12,4.08,4.03,3.99,3.94,3.9,3.86,3.81,3.77,3.73,3.69,3.65,3.61,3.57,3.53,3.49,3.46,3.42,3.38,3.34,3.31,3.27,3.23,3.2,3.16,3.13,3.1,3.06,3.022240223643438,2.9849463952314825,2.948112765061461,2.9117336543808574,2.8758034545118063,2.840316625986383,2.805267697692569,2.770651266030752,2.736461994080639,2.7026946107784435,2.669343910104234,2.636404750279304,2.6038720529734465,2.571740802522015,2.5400060451526434,2.5086628882215063,2.4777064994590057,2.4471321062247666,2.416934994771822,2.3871105095198835,2.3576540523375726,2.3285610818335174,2.299827112656188,2.271447714802379,2.2434185129342215,2.215735185704624,2.188393465091038,2.1613891357374437,2.134718034304454,2.108376048827442,2.082359118082587,2.056663230960742,2.031284425849029,2.0062187900200654,1.9814624590287289,1.9570116161163598,1.9328624916223247,1.9090113624028324,1.8854545512569283,1.8621884263595674,1.8392094007016864,1.8165139315371823,1.7940985198367174,1.7719597097482618,1.7500940880642968,1.7284982836955878,1.7071689671514547,1.686102850026454,1.665296684493395,1.6447472628026123,1.624451416787418,1.6044060173756554,1.5846079741072805,1.5650542346578962,1.5457417843681664,1.5266676457790374,1.5078288781726923,1.4892225771191738,1.4708458740285975,1.4526959357088942,1.434769963929007,1.4170651949874804,1.3995788992863707,1.3823083809104173,1.3652509772114048,1.3484040583976529,1.3317650271285757,1.3153313181142405,1.2991003977198692,1.2830697635752213,1.267236944188794,1.2515994985667867,1.2361550158367647,1.2209011148759676,1.205835443944205,1.1909556803212804,1.176259529948892,1.1617447270769492,1.147409033914256,1.1332502402835039,1.1192661632805219,1.1054546469377309,1.0918135618917535,1.0783408050551213,1.0650342992920374,1.0518919930981372
12,16.27,17.01,19.67,19.23,20.44,17.25,15.4,14.54,15.84,16.26,12.67,12.86,13.23,13.76,13.08,8.87,12.58,16.11,14.2,9.51,11.13,11.33,15.76,13.45,12.18,9.03,13.05,7.17,9.06,9.2,8.99,9.9,6.62,5.28,6.88,6.64,8.45,4.77,4.03,7.5,6.59,5.58,7.73,7.05,6.59,6.48,6.31,6.16,6.02,5.88,5.76,5.64,5.53,5.43,5.34,5.25,5.17,5.1,5.03,4.96,4.89,4.83,4.77,4.72,4.66,4.61,4.56,4.51,4.46,4.41,4.36,4.31,4.26,4.22,4.17,4.13,4.08,4.04,3.99,3.95,3.91,3.86,3.82,3.78,3.74,3.7,3.66,3.62,3.58,3.54,3.5,3.46,3.42,3.39,3.349282936361815,3.3090549226561716,3.2693100849369854,3.2300426198097463,3.1912467935841287,3.152916941436778,3.115047466584154,3.0776328394653123,3.0406675969344934,3.004146341463416,2.9680637403531547,2.9324145249554707,2.897193489903509,2.862395492351728,2.828015451224961,2.794048346476496,2.7604892183550653,2.727333166680644,2.6945753501289422,2.6622109855244926,2.630235347142228,2.5986437660174513,2.5674316292640866,2.5365943794011265,2.5061275136871624,2.4760265834629123,2.446287193501645,2.416905001367402,2.3878757167809344,2.3591951009932512,2.3308589661666916,2.302863174763434,2.2752036389413464,2.247876319957097,2.2208772275764295,2.1942024194915253,2.1678480007453613,2.1418101231629834,2.1160849847896097,2.090668829335484,2.0655579456273943,2.040748667066784,2.0162373710943653,1.9920204786611686,1.9680944537059428,1.9444558026388326,1.9211010738312562,1.8980268571119132,1.8752297832688423,1.8527065235574625,1.8304537892145216,1.808468330977883,1.786746938612081,1.7652864404395732,1.7440837028776255,1.7231356299807552,1.7024391629886755,1.681991279879664,1.6617889949293003,1.6418293582745003,1.6221094554827884,1.6026264071267426,1.5833773683635524,1.5643595285196228,1.545570110680173,1.5270063712837594,1.5086655997216727,1.490545117942142,1.4726422800592993,1.4549544719668344,1.437479110956293,1.4202136453399599,1.4031555540782708,1.386302346411699,1.3696515614970648,1.3532007680482105,1.3369475639809951,1.3208895760625494,1.3050244595647458,1.2893498979218296,1.2738636023921628,1.2585633117240302,1.2434467918254601,1.2285118354380105,1.2137562618144728,1.1991779164004475
13,19.13,18.53,18.76,19.1,19.49,18.45,17.56,17.17,16.01,13.88,12.07,12.65,19.27,15.58,15.8,14.42,14.99,14.22,11.47,10.65,8.87,12.07,9.42,12.68,12.17,12.45,10.89,11.37,10.39,8.36,7.2,7.97,7.83,10.05,12.93,7.85,6.6,7.76,9.52,9.3,9.27,9.75,11.57,7.06,7.34,7.47,7.29,7.11,6.95,6.8,6.66,6.53,6.41,6.3,6.19,6.09,6.0,5.91,5.83,5.75,5.68,5.61,5.54,5.47,5.41,5.35,5.29,5.23,5.17,5.12,5.06,5.0,4.95,4.9,4.84,4.79,4.74,4.69,4.63,4.58,4.53,4.48,4.43,4.39,4.34,4.29,4.24,4.2,4.15,4.11,4.06,4.02,3.97,3.93,3.872992929982659,3.8168127826197615,3.761447562889001,3.706885449763258,3.653114793686689,3.600124114087431,3.5479020969263884,3.496437592281565,3.4457196119674536,3.395737327188941,3.346480066229257,3.2979373121714533,3.2500987006529396,3.2029540176525857,3.1564931973099277,3.110706319776007,3.065583609095382,3.0211154311188646,2.9772922914465334,2.9341048334005837,2.8915438360275845,2.8496002121297126,2.808265006324545,2.7675293931329947,2.727384675094984,2.6878222809124495,2.6488337636192822,2.6104107987778216,2.5725451827014982,2.5352288307032698,2.4984537753694576,2.4622121648586233,2.4264962612251257,2.3912984387669893,2.3566111823977405,2.322427086041863,2.288738851053528,2.2555392846582563,2.2228212984171933,2.190577906713655,2.158802225261628,2.127487469635908,2.096626953823554,2.0662140887963627,2.036242381104039,2.0067054314877857,1.9775969335139936,1.9489106722277567,1.9206405228259167,1.892780449349357,1.8653245033942647,1.8382668228420869,1.8116016306079101,1.7853232334069955,1.7594260205392045,1.7339044626910596,1.7087531107551792,1.6839665946668407,1.6595396222574168,1.6354669781244449,1.6117435225180863,1.5883641902437389,1.565323989580568,1.5426180012157222,1.5202413771940135,1.4981893398828283,1.4764571809520561,1.4550402603688144,1.4339340054067546,1.4131339096697393,1.392635532129683,1.3724344961783461,1.3525264886928872,1.3329072591149678,1.3135726185432148,1.2945184388388495,1.2757406517442884,1.257235248014529,1.2389982765611363,1.2210258436086463,1.2033141118632056,1.1858592996932718,1.1686576803221955,1.1517055810325183,1.1349993823818103,1.1185355174298819
14,25.14,22.74,19.94,18.48,19.65,19.14,20.68,19.26,22.51,18.93,20.71,20.71,21.42,18.23,18.59,20.59,15.11,13.95,13.86,14.44,11.94,18.99,15.2,11.65,13.27,12.12,12.06,8.29,12.94,14.84,9.28,9.47,11.26,12.89,11.04,10.4,8.13,8.52,10.6,9.18,6.48,10.92,8.44,11.13,9.36,8.84,8.64,8.45,8.26,8.09,7.92,7.77,7.63,7.5,7.37,7.26,7.15,7.05,6.95,6.86,6.77,6.69,6.61,6.53,6.46,6.38,6.31,6.24,6.17,6.11,6.04,5.97,5.91,5.84,5.78,5.72,5.65,5.59,5.53,5.47,5.41,5.35,5.29,5.23,5.18,5.12,5.06,5.01,4.95,4.9,4.85,4.79,4.74,4.69,4.609254973774026,4.529900088115266,4.4519114097749855,4.3752654175494,4.299938995185728,4.225909424410384,4.153154378077205,4.08165191343363,4.01138046550282,3.9423188405797096,3.8744462098390358,3.8077421030534104,3.7421864024195526,3.6777593364907997,3.614441474214089,3.5522137190695973,3.491057303311273,3.430953782306529,3.371885028973385,3.313833228313379,3.2567808720386093,3.2007107532912724,3.145605961454116,3.0914498770502368,3.0382261667306834,2.9859187783483567,2.934511936116722,2.8839901358518647,2.834338140296468,2.7855409745242894,2.7375839214237585,2.69045251725933,2.6441325473092565,2.5986100415784597,2.5538712705852116,2.5099027412203574,2.4666911926778234,2.4242235924551903,2.3824871324231176,2.3414692249624456,2.3011574991677963,2.261539797116538,2.2226041702019836,2.1843388755297193,2.1467323723759746,2.1097733187069667,2.0734505677581705,2.0377531646724787,2.0026703431962436,1.9681915224322004,1.9343063036482926,1.9010044671414377,1.8682759691552906,1.8361109388510681,1.8044996753305294,1.7734326447102038,1.7429004772459982,1.7128939645073005,1.6834040565997406,1.6544218594357623,1.6259386320521878,1.597945783973962,1.5704348726232875,1.5433976007733614,1.5168258140459518,1.4907114984520553,1.4650467779748968,1.4398239121945422,1.4150352939534052,1.390673447061945,1.3667310240438675,1.3432008039201417,1.320075690031169,1.2973487078964487,1.27501300311109,1.2530618392785389,1.2314885959788986,1.210286766772224,1.1894499572361954,1.1689718830375768,1.1488463680368741,1.1290673424256261,1.109628840895765,1.090525000840493,1.0717500605861332,1.053298357654424
15,29.17,24.33,21.89,27.46,22.74,23.62,20.31,29.34,19.54,22.78,21.45,21.05,22.54,16.82,20.88,22.61,26.02,15.44,19.71,13.9,18.0,12.58,14.79,16.1,12.85,16.91,11.42,14.48,14.54,15.42,9.28,11.19,11.08,13.2,16.2,12.0,8.59,11.42,9.1,9.9,12.92,13.72,12.52,9.19,10.25,10.66,10.43,10.21,10.0,9.79,9.6,9.42,9.25,9.1,8.95,8.81,8.68,8.56,8.44,8.33,8.23,8.13,8.03,7.94,7.85,7.76,7.67,7.59,7.5,7.42,7.34,7.26,7.18,7.1,7.02,6.95,6.87,6.8,6.72,6.65,6.58,6.5,6.43,6.36,6.29,6.22,6.16,6.09,6.02,5.96,5.89,5.83,5.76,5.7,5.627524687117825,5.555970895459751,5.485326907913662,5.415581156350145,5.346722219728164,5.278738822224852,5.211619831389058,5.14535425631838,5.079931245859379,5.015340086830679,4.951570202268649,4.888611149695408,4.826452619408836,4.765084432794336,4.704496540658065,4.644679021581345,4.585622080296015,4.527316046080425,4.469751371175834,4.412918629222939,4.356808513718288,4.301411836490314,4.246719526194748,4.192722626829168,4.139412296266428,4.0867798048067385,4.034816533748156,3.9835139739752488,3.9328637245657103,3.882857491414683,3.8334870858765826,3.7847444234241823,3.736621522324755,3.6891105023330435,3.6422035834008497,3.5958930844030337,3.5501714218797074,3.5050311087944293,3.4604647533081776,3.416465057568924,3.373024816516586,3.3301369167031862,3.2877943351280035,3.2459901380875396,3.20471748004011,3.1639696024848676,3.1237398328550814,3.084021583425488,3.0448083502335326,3.006093712014334,2.96787132914918,2.9301349426274044,2.8928783730214542,2.856095519474997,2.8197803587038868,2.7839269440098384,2.7485294043066406,2.7135819431587493,2.6790788378321087,2.6450144383570393,2.6113831666030403,2.578179515365356,2.54539804746316,2.5130333948492005,2.481080257730771,2.4495334037018544,2.418387666886305,2.387637947091923,2.3572792089752843,2.3273064812171915,2.2977148557086076,2.2684994867469404,2.239655590242548,2.2111784429353305,2.183063381621285,2.1553058023888956,2.1279011598652287,2.1008449664716187,2.0741327916888164,2.0477602613314785,2.021723056831885,1.996016914532763,1.9706376249891007,1.9455810322788427,1.9208430333223454,1.896419577210489
16,28.1,31.52,28.85,27.9,25.14,25.56,22.72,24.51,28.94,31.1,22.68,24.0,28.65,21.37,23.41,24.88,23.57,32.14,20.55,21.1,24.99,25.52,19.84,22.52,21.94,19.06,17.99,13.75,17.76,16.92,11.12,11.5,12.74,18.81,15.09,13.07,16.67,13.95,13.3,10.98,13.01,9.03,12.63,13.79,13.46,13.48,13.21,12.95,12.69,12.45,12.21,11.99,11.78,11.58,11.4,11.23,11.06,10.91,10.76,10.62,10.49,10.37,10.24,10.12,10.01,9.9,9.79,9.68,9.57,9.47,9.36,9.26,9.16,9.06,8.96,8.86,8.77,8.67,8.58,8.48,8.39,8.3,8.21,8.12,8.03,7.94,7.85,7.77,7.68,7.6,7.52,7.43,7.35,7.27,7.200610927786718,7.131884144891541,7.063813330043311,6.996392222304726,6.92961462049648,6.8634743826269,6.797965425327023,6.7330817232910665,6.6688173087222395,6.605166270783847,6.542122755055629,6.4796809629952845,6.417835151405146,6.356579631903937,6.295908770403572,6.235816986590949,6.176298753414695,6.117348596576801,6.058961094029113,6.001130875474637,5.9438526218735825,5.887121064954148,5.830930986727954,5.77527721901011,5.720154642943863,5.665558188529782,5.611482834159433,5.557923606153507,5.504875578304361,5.452333871422919,5.400293652889894,5.348750136211311,5.297698580578248,5.2471342904308,5.197052615026195,5.147448948011026,5.098318726997585,5.04965743314422,5.001460590739711,4.953723766791607,4.906442570618491,4.859612653446144,4.813229708007554,4.767289468146749,4.721787708426412,4.676720243739234,4.632082928922984,4.58787165837925,4.544082365695819,4.50071102327266,4.45775364195148,4.415206270648813,4.373064995992611,4.331325941962308,4.289985269532311,4.249039176318901,4.208483896230502,4.16831569912129,4.1285308904481015,4.089125810930623,4.050096836214825,4.011440376539599,3.9731528764065893,3.935230814253166,3.8976707021285244,3.860469085372873,3.8236225422996846,3.787127683880983,3.7509811534356277,3.715179626320578,3.679719809625108,3.644598441867925,3.6098122926971983,3.575358162593435,3.5412328825752035,3.507433313907658,3.473956347813847,3.440798905188779,3.407957936316217,3.375430420588174,3.3432133662270878,3.311303810010645,3.279698816999236,3.2483954802660073,3.2173909206294904,3.186682286388787
17,32.55,27.42,37.05,35.14,35.14,29.2,30.32,32.7,30.11,29.77,38.35,31.85,29.13,25.17,27.68,27.93,28.87,29.94,32.11,22.37,27.72,26.6,23.01,22.2,22.27,24.36,24.8,20.49,17.8,22.54,17.31,16.44,11.75,15.8,14.78,14.26,15.91,15.11,16.43,14.8,14.04,20.96,15.02,18.07,16.64,16.32,16.01,15.71,15.42,15.14,14.87,14.6,14.36,14.12,13.9,13.7,13.5,13.32,13.14,12.97,12.81,12.66,12.51,12.37,12.22,12.09,11.95,11.82,11.69,11.56,11.44,11.31,11.19,11.07,10.95,10.83,10.71,10.59,10.47,10.36,10.25,10.13,10.02,9.91,9.81,9.7,9.59,9.49,9.38,9.28,9.18,9.08,8.98,8.88,8.800724381495197,8.722156490883334,8.644290009969994,8.567118676966023,8.49063628598398,8.41483668653908,8.339713783054586,8.265261534371627,8.191473953263374,8.118345105953583,8.045869111639403,7.974040142018468,7.902852420820197,7.832300223341289,7.762377875985354,7.693079755806667,7.624400290057978,7.556333955742376,7.48887527916914,7.42201883551357,7.3557592483807275,7.290091189373091,7.225009377662057,7.1605085795632775,7.0965836081157745,7.033229322664824,6.970440628448566,6.908212476188288,6.846539861682384,6.78541782540393,6.724841452101856,6.664805870405671,6.605306252433728,6.546337813404975,6.487895811254179,6.429975546250587,6.372572360619981,6.31568163817012,6.259298803919515,6.203419323729527,6.14803870393974,6.093152491006599,6.0387562711452665,5.98484566997468,5.931416352165779,5.878464021092868,5.825984418488097,5.77397332409902,5.722426555349225,5.67133996700197,5.620709450826847,5.570530935269403,5.520800385123725,5.471513801207932,5.42266722004258,5.374256713531927,5.326278388648048,5.278728387117773,5.23160288511241,5.184898092940247,5.1386102547418,5.09273564818777,5.047270584179713,5.002211406553367,4.957554491784639,4.9132962486982095,4.8694331181787405,4.8259615728846645,4.7828781169645245,4.740179285775847,4.69786164560653,4.655921793398709,4.6143563564750965,4.573161992267761,4.532335388049328,4.491873260666578,4.451772356276428,4.412029450084265,4.372641346084621,4.333604876804156,4.294916903046938,4.256574313642008,4.218574025193176,4.180912981831072,4.143588154967398,4.106596543051382
18,41.46,27.95,33.37,27.76,28.01,34.71,35.19,33.13,36.91,27.95,28.01,31.83,26.47,25.34,29.22,32.09,30.68,30.92,28.99,36.71,28.19,26.9,25.27,25.89,26.13,26.43,24.93,25.6,22.46,21.75,17.88,14.99,19.02,20.66,21.45,21.41,20.03,19.49,23.3,17.68,16.36,16.93,19.01,19.83,18.37,18.07,17.76,17.45,17.15,16.85,16.56,16.29,16.02,15.76,15.52,15.3,15.08,14.88,14.68,14.5,14.32,14.15,13.98,13.82,13.67,13.52,13.37,13.22,13.07,12.93,12.79,12.65,12.51,12.37,12.24,12.11,11.97,11.84,11.71,11.58,11.46,11.33,11.21,11.09,10.96,10.84,10.73,10.61,10.49,10.38,10.26,10.15,10.04,9.93,9.832881144989198,9.73671214617161,9.641483713623176,9.547186648278526,9.45381184104235,9.36135027190946,9.269793009093458,9.179131208163923,9.08935611119204,9.000459045904586,8.912431424846192,8.82526474454978,8.738950584715152,8.653480607395563,8.568846556192298,8.485040255457086,8.402053609502348,8.319878601819141,8.238507294302773,8.157931826485973,8.07814441477958,7.999137351720636,7.920903005227862,7.8434338178643825,7.766722306107687,7.690761059626717,7.615542740566032,7.541060082836968,7.467305891415742,7.394273041648399,7.321954478562585,7.250343216186028,7.179432336871696,7.1092149906295505,7.039684394464841,6.970833831722863,6.902656651440136,6.835146267701913,6.768296159005985,6.702099867632704,6.63655099902117,6.57164322115151,6.507370263933209,6.443725918599419,6.3807040371071935,6.318298531543584,6.256503373537547,6.195312593677609,6.134720280935215,6.074720582093727,6.015307701183002,5.9564758989195035,5.89821949215188,5.840532853311983,5.783410409871235,5.726846643802328,5.670836091046181,5.615373340984113,5.560453035915175,5.506069870538597,5.452218591441298,5.398893996590403,5.34609093483073,5.293804305387186,5.242029057372035,5.190760189296977,5.139992748590011,5.089721831117012,5.039942580707992,4.990650188687997,4.941839893412587,4.893506979807861,4.845646778914981,4.798254667439149,4.751326067303004,4.704856445204369,4.658841312178343,4.613276223163662,4.568156776573308,4.523478613869317,4.47923741914174,4.4354289186917315,4.392048880618707,4.349093114411541,4.306557470543765,4.264437840072725
19,30.88,33.63,34.44,28.65,29.11,33.38,30.69,30.07,35.81,31.1,33.12,33.16,29.16,30.99,31.43,33.21,29.74,29.93,27.38,33.72,24.94,32.97,32.02,34.28,27.96,25.85,21.95,26.14,23.22,22.13,19.78,17.9,16.47,19.48,21.98,17.2,16.54,21.59,18.87,18.71,18.94,19.96,18.61,22.33,19.15,18.36,18.08,17.79,17.51,17.22,16.94,16.67,16.41,16.16,15.92,15.69,15.47,15.26,15.07,14.88,14.7,14.52,14.35,14.19,14.03,13.87,13.72,13.57,13.42,13.27,13.13,12.98,12.84,12.7,12.56,12.43,12.29,12.16,12.02,11.89,11.76,11.63,11.5,11.38,11.25,11.13,11.01,10.89,10.77,10.65,10.54,10.42,10.31,10.19,10.060949461892065,9.933533275244972,9.80773074192962,9.683521425946916,9.56088515010804,9.439801992756756,9.320252284533241,9.202216605178902,9.08567578038164,8.970610878661084,8.857003208293264,8.74483431427423,8.634085975322138,8.524740200917284,8.416779228379626,8.31018551998335,8.204941760107921,8.101030852425273,7.998435917122579,7.897140288160215,7.797127510564443,7.698381337754383,7.600885728902835,7.504624846330526,7.4095830529333595,7.315744909642243,7.223095172915088,7.131618792260573,7.041300907793263,6.952126847819701,6.864082126455055,6.777152441269964,6.691323670967178,6.606581873087624,6.522913281745516,6.440304305392165,6.358741524608092,6.278211689923113,6.198701719664026,6.120198697829559,6.042689871992231,5.966162651226778,5.890604604064828,5.816003456475462,5.742347089871363,5.669623539140213,5.597820990701012,5.526927780585031,5.456932392541048,5.387823456164598,5.319589745050899,5.252220174971186,5.1857038020721316,5.120029821098062,5.05518756363571,4.991166496381173,4.9279562194288395,4.865546464581968,4.80392709368467,4.743088096975025,4.683019591459032,4.623711819305178,4.565155146259314,4.507340060079631,4.450257168991435,4.3938972001615,4.338250998191747,4.283309523631989,4.2290638515115235,4.175505169889309,4.1226247784225105,4.070414086953175,4.0188646141128,3.967967985944578,3.9177159345430854,3.86810029671121,3.819113012634072,3.7707461245697504,3.722991775556587,3.675842208136863,3.629289763096635,3.5833268782215386,3.5379460870683386,3.4931400177520455,3.448901391748389,3.405223022711457
20,33.62,35.71,33.9,31.08,32.01,33.75,32.32,35.35,27.69,27.72,30.34,32.63,35.28,25.1,26.77,31.75,29.32,28.71,31.07,31.24,27.35,26.82,29.33,27.86,27.51,25.2,20.49,22.67,24.35,21.1,18.53,20.32,19.28,18.14,20.77,19.61,16.8,19.38,16.22,16.06,25.76,20.92,20.73,21.44,19.23,18.77,18.52,18.25,17.98,17.71,17.44,17.17,16.91,16.66,16.42,16.18,15.96,15.75,15.55,15.36,15.17,14.99,14.82,14.65,14.48,14.32,14.17,14.01,13.86,13.7,13.55,13.41,13.26,13.11,12.97,12.83,12.69,12.55,12.41,12.28,12.14,12.01,11.88,11.75,11.62,11.49,11.37,11.24,11.12,11.0,10.88,10.76,10.64,10.53,10.402491321169437,10.276526655935943,10.152087307705607,10.029154806283188,9.907710905130639,9.78773757865881,9.669217019551969,9.55213163612471,9.436464049710857,9.322197092084005,9.209313802909293,9.097797427226004,8.987631412960697,8.878799408470416,8.771285260115654,8.665073009862725,8.560146892915153,8.456491335373732,8.354090951924958,8.252930543557406,8.152995095305803,8.054269774022375,7.9567399261752225,7.860391075673324,7.765208921717897,7.6711793366797645,7.578288364002429,7.486522216130542,7.395867272463452,7.306310077333537,7.217837338009015,7.130435922720939,7.044092858714089,6.958795330321457,6.874530677062047,6.79128639176173,6.709050118696819,6.627809651760157,6.547552932649388,6.468268049077185,6.389943233003133,6.312566858887035,6.236127441963362,6.1606136365366035,6.086014234297258,6.012318162658204,5.939514483111239,5.867592389603499,5.796541206933546,5.726350389166878,5.657009518070626,5.588508301567197,5.520836572206659,5.453984285657608,5.387941519216312,5.322698470333918,5.258245455161484,5.1945729071126285,5.131671375443592,5.0695315238504834,5.008144129083527,4.947500079578068,4.887590374102181,4.828406120420628,4.769938533975022,4.712178936579947,4.655118755134884,4.5987495203517295,4.543062865497719,4.488050525153579,4.433704333986708,4.380016225539227,4.326978231030686,4.27458247817529,4.222821190013429,4.171686683757368,4.121171369650916,4.071267749842888,4.021968417274232,3.9732660545786125,3.9251534329963103,3.8776234113012866,3.8306689347412215,3.784283033990402,3.7384588241152805,3.693189503552565
21,30.79,33.02,33.44,31.71,30.63,28.25,29.72,32.21,33.82,34.97,31.24,34.14,30.7,31.29,30.52,34.87,34.64,28.15,36.37,28.7,30.7,29.93,27.17,30.47,24.68,22.75,26.66,25.83,24.95,14.82,23.44,21.54,20.17,20.26,15.97,22.47,18.3,20.97,18.91,16.74,22.53,20.12,21.15,22.67,19.85,19.2,18.97,18.72,18.47,18.21,17.95,17.69,17.43,17.18,16.94,16.7,16.48,16.26,16.05,15.86,15.67,15.48,15.3,15.13,14.96,14.79,14.63,14.47,14.31,14.15,14.0,13.85,13.69,13.54,13.4,13.25,13.1,12.96,12.82,12.68,12.54,12.4,12.27,12.13,12.0,11.87,11.74,11.61,11.48,11.36,11.23,11.11,10.99,10.87,10.755234379270924,10.641680455662486,10.52932543605857,10.418156662412967,10.30816161032331,10.199327887620056,10.091643232970371,9.985095514496754,9.879672728410247,9.775362997658075,9.672154570585558,9.570035819612164,9.468995239921522,9.369021448165288,9.270103181180678,9.172229294721546,9.07538876220286,8.979570673458436,8.88476423351179,8.790958761359953,8.698143688770148,8.606308559089156,8.515443026065252,8.4255368526826,8.336579910007915,8.24856217604935,8.161473734627393,8.0753047742577,7.990045587045728,7.905686567593023,7.822218211915072,7.739631116370573,7.657915976602005,7.577063586487393,7.497064837103134,7.417910715697774,7.339592304676622,7.262100780597088,7.18542741317461,7.109563564299108,7.034500687061795,6.960230324792268,6.886744110105782,6.814033763960556,6.742091094725064,6.670907997255139,6.600476451980848,6.530788524002998,6.461836362199179,6.393612198339244,6.326108346210137,6.259317200749954,6.193231237191145,6.127843010212771,6.063145153101694,5.999130376922652,5.93579146969706,5.873121295590517,5.811112794108862,5.749758979302737,5.689052938980542,5.628987833929698,5.569556897146134,5.510753433071904,5.452570816840866,5.395002493532313,5.338041977432483,5.281682851303882,5.2259187656623,5.170743438061476,5.11615065238531,5.06213425814755,5.008688169798863,4.955806366041242,4.90348288914963,4.851711844300719,4.800487398908835,4.749803781968828,4.699655283405907,4.650036253432332,4.60094110191091,4.5523642977251955,4.504300368156353,4.456743898266596,4.4096895302891275,4.363131963024533
22,34.99,36.76,27.59,30.15,30.24,36.23,26.38,27.1,30.25,30.78,35.88,31.61,28.92,31.6,31.54,27.56,32.07,32.68,37.99,32.55,29.76,25.09,31.37,29.45,28.14,25.51,25.6,25.89,20.78,18.11,23.42,16.37,21.14,23.08,18.75,20.01,15.64,22.47,23.4,21.2,20.87,19.05,21.67,21.14,19.8,19.66,19.46,19.23,19.0,18.75,18.5,18.24,17.99,17.74,17.5,17.26,17.03,16.81,16.6,16.4,16.2,16.01,15.82,15.64,15.47,15.3,15.13,14.96,14.8,14.64,14.48,14.32,14.16,14.01,13.85,13.7,13.55,13.4,13.26,13.11,12.97,12.83,12.69,12.55,12.41,12.28,12.14,12.01,11.88,11.75,11.62,11.49,11.37,11.24,11.121917048676403,11.00507462968317,10.889459710483042,10.775059395453395,10.661860924447861,10.54985167137308,10.439019142780383,10.329350976472284,10.220834940123607,10.113458929917101,10.00721096919338,9.902079207115069,9.798051917344948,9.695117496738014,9.59326446404728,9.492481458643143,9.392757239246247,9.294080682673625,9.196440782598025,9.09982664832028,9.004227503554551,8.909632685226365,8.81603164228324,8.723413934517847,8.631769231403501,8.541087310941904,8.451358058522993,8.36257146579676,8.274717629556923,8.187786750636327,8.101769132813963,8.016655181733437,7.9324354038328435,7.849100405285834,7.766640890953861,7.685047663349379,7.604311621609983,7.52442376048329,7.445375169322501,7.367157031092517,7.289760621386485,7.21317730745269,7.1373985472316575,7.062415888403376,6.988220967444539,6.91480550869567,6.8421613234380665,6.770280308980439,6.699154447755133,6.628775806423858,6.55913653499281,6.490228865937081,6.422045113334283,6.354577672007254,6.287819016675791,6.221761701117275,6.156398357336132,6.091721694742004,6.027724499336567,5.964399632908878,5.901740032239194,5.839738708311131,5.778388745532125,5.7176833009620625,5.657615603550029,5.598178953379067,5.539366720918868,5.481172346286321,5.423589338513833,5.366611274825318,5.310231799919814,5.254444625262612,5.199243528383838,5.144622352184401,5.090575004249233,5.037095456167749,4.9841777428614344,4.931815961918511,4.880004272935579,4.828736896866183,4.7780081153762275,4.727812270206146,4.678143762539788,4.628997052379932,4.580366657930354,4.532247154984392
23,39.86,31.4,28.67,31.8,32.62,37.73,31.62,32.12,33.37,28.1,37.31,31.36,27.27,29.25,29.21,31.81,27.87,29.96,22.69,34.0,29.6,29.25,28.48,33.16,30.29,24.31,23.89,24.62,24.93,25.66,23.98,19.79,20.2,22.96,23.74,18.91,19.55,17.12,20.06,20.16,24.64,22.48,23.2,20.05,20.03,20.34,20.15,19.94,19.72,19.49,19.25,19.0,18.75,18.5,18.25,18.01,17.78,17.55,17.33,17.12,16.91,16.71,16.52,16.33,16.15,15.97,15.79,15.62,15.45,15.28,15.11,14.95,14.79,14.62,14.46,14.31,14.15,13.99,13.84,13.69,13.54,13.39,13.25,13.1,12.96,12.82,12.68,12.54,12.4,12.26,12.13,12.0,11.87,11.74,11.61686180207548,11.495015172787085,11.374446565164256,11.255142574327538,11.137089935998217,11.02027552502359,10.904686353917704,10.790309571417405,10.677132461053517,10.565142439737032,10.45432705636011,10.344673990411751,10.236171050608007,10.12880617353654,10.022567422315413,9.917442985265932,9.813421174599423,9.71049042511778,9.608639292927634,9.507856454168023,9.40813070375139,9.309450954117805,9.211806234002237,9.115185687214767,9.019578571433591,8.924974257010684,8.831362225789983,8.738732069937987,8.64707349078659,8.556376297688095,8.466630406882185,8.377825840374824,8.289952724828893,8.203001290466466,8.116961869982603,8.031824897470534,7.947580907358114,7.864220533355439,7.781734507413498,7.70011365869374,7.619348912548467,7.539431289511893,7.460351904301823,7.382101964831764,7.30467277123343,7.2280557148894795,7.152242277476402,7.077224030017457,7.002992631945528,6.929539830175813,6.856857458188245,6.784937435119541,6.713771764864751,6.643352535188264,6.573671916844109,6.504722162705505,6.4364956069035255,6.368984663974804,6.30218182801818,6.236079671860191,6.170670846229305,6.105948078938841,6.0419041740784305,5.97853201121398,5.9158245445960125,5.853774802376319,5.792375885832828,5.7316209686025985,5.671503295922862,5.612016183880024,5.5531530186665465,5.494907255845618,5.43727241962354,5.3802421021297455,5.323809962704373,5.2679697271932975,5.21271518725058,5.158040199648211,5.103938685593108,5.05040463005127,4.997432081079024,4.945015149161286,4.893148006556757,4.841824886649997,4.791040083310289,4.740787950257225
24,31.0,39.81,30.61,31.39,29.8,28.84,35.66,31.88,33.56,32.57,32.64,31.87,36.12,29.33,31.82,30.13,36.06,30.15,31.99,36.75,28.7,32.93,28.24,27.36,27.47,27.12,29.6,25.84,22.06,25.84,23.17,20.62,20.75,22.3,20.01,22.28,17.13,21.22,24.43,16.87,22.12,26.62,23.04,23.57,21.5,21.17,20.98,20.79,20.59,20.37,20.14,19.89,19.65,19.4,19.15,18.9,18.66,18.43,18.2,17.97,17.76,17.55,17.35,17.15,16.96,16.77,16.59,16.41,16.23,16.05,15.87,15.7,15.53,15.36,15.19,15.02,14.86,14.7,14.54,14.38,14.22,14.07,13.91,13.76,13.61,13.46,13.31,13.17,13.02,12.88,12.74,12.6,12.46,12.33,12.177468813927542,12.026824551028213,11.87804386867187,11.731103712993914,11.585981315323032,11.442654188653156,11.301100124159056,11.161297187755036,11.023223716696197,10.886858316221769,10.752179856239927,10.619167468053659,10.487800541127116,10.35805871989196,10.229921900593235,10.103370228174247,9.978384093199992,9.854944128818618,9.733031207760506,9.61262643937446,9.493711166700555,9.37626696357921,9.26027563179602,9.145719198261897,9.032579912228115,8.920840242535785,8.810482874899378,8.701490709223833,8.593846856954865,8.48753463846205,8.38253758045429,8.27883941342723,8.176424069142278,8.07527567813679,7.975378567265072,7.876717257269792,7.779276460383437,7.683041077959444,7.587996198132633,7.494127093508588,7.401419218881614,7.309858208980923,7.219429876244723,7.130120208621808,7.041915367400373,6.9548016850636785,6.868765663172235,6.7837939702722005,6.699873439829637,6.6169910681903366,6.535134012564875,6.4542895890386,6.374445270606226,6.295588685230756,6.21770761392641,6.1407899888652615,6.064823891507314,5.98979755075369,5.915699341122679,5.842517780948348,5.770241530601432,5.698859390732235,5.628360300535272,5.55873333603537,5.489967708394983,5.42205276224243,5.354977974020834,5.288732950357468,5.223307426453291,5.158691264492382,5.09487445207108,5.031847100646533,4.9695994440044515,4.908121836745812,4.847404752792286,4.787438783910154,4.728214638252482,4.669723138919326,4.6119552225357605,4.554901937847484,4.498554444333809,4.442904010837803,4.387942014213377,4.333659937989116,4.280049371048631,4.227102006327242
25,35.69,43.04,39.33,37.44,29.64,31.88,36.65,31.87,33.58,34.49,32.66,31.79,30.99,30.59,30.52,36.04,34.44,39.31,28.63,35.46,30.81,32.96,29.68,33.46,30.24,29.21,23.34,26.32,28.98,25.08,26.09,24.2,24.51,24.12,22.39,24.5,20.19,29.4,21.79,21.81,23.78,23.89,20.53,23.36,22.43,22.52,22.34,22.15,21.96,21.75,21.52,21.28,21.03,20.78,20.52,20.26,20.01,19.77,19.52,19.29,19.06,18.84,18.62,18.41,18.2,18.0,17.8,17.61,17.41,17.22,17.04,16.85,16.66,16.48,16.3,16.12,15.95,15.77,15.6,15.43,15.26,15.09,14.93,14.77,14.6,14.44,14.29,14.13,13.98,13.82,13.67,13.52,13.37,13.23,13.041197979169738,12.855090304754409,12.671638526410256,12.490804742508752,12.312551592306042,12.136842248224086,11.963640408242014,11.792910288396007,11.624616615386243,11.458724619289343,11.295200026374808,11.134009052023966,10.975118393750002,10.818495224317545,10.664107184960502,10.511922378696624,10.361909363737533,10.214037146992736,10.068275177666386,9.924593340945405,9.782961951777674,9.643351748739036,9.50573388798779,9.37007993730549,9.23636187022277,9.104552060228995,8.974623275064552,8.846548671094599,8.720301787763084,8.595856542125938,8.473187223462265,8.352268487962428,8.233075353491964,8.1155831944302,7.99976773658254,7.885605052165344,7.773071554862385,7.662143994951859,7.552799454502927,7.445015342640806,7.3387693908794365,7.23403964852076,7.130804478119628,7.029042551013468,6.928732842915719,6.829854629572142,6.73238748247916,6.636311264663255,6.5416061265206205,6.448252501716181,6.3562311031411385,6.2655229189281965,6.176109208523664,6.087971498815602,6.001091580317231,5.915451503404808,5.831033574609172,5.747820352960244,5.66579464638366,5.584939508148851,5.505238233367802,5.426674355543776,5.349231643169291,5.272894096372651,5.197645943612324,5.123471638418505,5.050355856181169,4.978283490983969,4.907239652483311,4.8372096628319685,4.768179053646606,4.700133563018563,4.633059132567312,4.566941904535958,4.501768218928189,4.437524610686079,4.3741978069081835,4.311774724107309,4.250242465507437,4.189588318379213,4.129799751413464,4.070864412132195,4.012770124336537,3.9555048855911066,3.8990568647442756,3.84341439948382
26,43.55,39.42,41.38,39.83,37.9,37.36,34.8,33.3,29.54,38.3,34.13,33.41,38.96,33.74,32.57,37.75,31.45,32.46,36.04,34.82,38.46,34.01,38.03,35.24,31.84,34.86,30.28,32.6,29.09,26.1,27.02,20.15,26.31,25.46,28.25,24.59,24.29,24.42,27.3,22.17,31.07,23.92,25.03,23.96,23.83,24.18,24.0,23.81,23.61,23.41,23.19,22.95,22.7,22.44,22.18,21.91,21.64,21.38,21.13,20.87,20.63,20.39,20.15,19.92,19.7,19.48,19.27,19.06,18.85,18.64,18.44,18.24,18.04,17.84,17.64,17.45,17.26,17.07,16.89,16.7,16.52,16.34,16.16,15.98,15.81,15.63,15.46,15.29,15.13,14.96,14.8,14.64,14.48,14.32,14.138298367525906,13.958902285557661,13.781782499745356,13.606910126937633,13.434256650471651,13.26379391552286,13.09549412451375,12.929329832580857,12.765273943099297,12.603299703264089,12.443380699727543,12.28549085429199,12.129604419657184,11.97569597522166,11.823740422937359,11.673712983216852,11.525589190892514,11.379344891226944,11.234956235974034,11.092399679489992,10.951651974893732,10.812690170275971,10.675491604956438,10.540033905788555,10.406294983511035,10.274253029145747,10.143886510441298,10.015174168361751,9.888095013619873,9.762628323254393,9.63875363725068,9.516450755204309,9.395699733026936,9.276480879694018,9.158774754033743,9.042562161556758,8.927824151326078,8.814542012866749,8.702697273114698,8.592271693404307,8.483247266494216,8.37560621363085,8.269330981649224,8.164404240110517,8.060808878475985,7.958528003316715,7.857544935558793,7.757843207763432,7.659406561441597,7.56221894440272,7.466264508137042,7.371527605231185,7.277992786816495,7.185644800049788,7.094468585626043,7.004449275322661,6.915572189574887,6.827822835081996,6.7411869024438476,6.655650263827435,6.571198970663044,6.487819251369639,6.4054975091091135,6.324220319569039,6.243974428773541,6.164746750921959,6.0865243662549275,6.009294518947534,5.933044615029211,5.857762220330018,5.783435058452991,5.710051008772208,5.637598104456267,5.566064530516843,5.495438621881992,5.4257088614939235,5.356863878430892,5.288892446052932,5.221783480171108,5.1555260372400085,5.090109312573164,5.0255226385811165,4.961755483031835,4.898797447333219,4.836638264837384,4.7752677991664605
27,45.69,41.68,39.92,41.01,32.34,36.03,35.09,39.11,31.45,37.17,37.44,29.71,44.3,37.52,47.51,39.88,30.49,37.79,33.71,37.74,37.13,32.4,34.47,32.16,37.78,31.93,24.93,27.44,28.89,31.13,35.47,26.22,28.74,22.96,24.72,28.18,24.52,26.03,28.45,29.91,28.73,32.93,27.68,27.25,25.69,25.66,25.46,25.27,25.07,24.87,24.65,24.42,24.18,23.92,23.65,23.38,23.1,22.83,22.56,22.29,22.03,21.78,21.53,21.29,21.05,20.81,20.59,20.36,20.14,19.92,19.7,19.48,19.27,19.06,18.85,18.64,18.44,18.24,18.04,17.84,17.65,17.45,17.26,17.07,16.89,16.7,16.52,16.34,16.16,15.98,15.81,15.64,15.46,15.3,15.134869043656922,14.971520324748013,14.809934607811055,14.650092864989727,14.491976273792954,14.335566214878403,14.180844269859945,14.027792219138753,13.876392039757814,13.726625903279599,13.578476173686644,13.431925405304776,13.286956340748771,13.143551908890172,13.00169522284704,12.861369577995408,12.722558450002197,12.585245492879348,12.449414537058983,12.315049587489312,12.182134821751106,12.0506545881945,11.920593404095895,11.791935953834763,11.664667087090118,11.53877181705647,11.414235318679012,11.291042926907876,11.169180134971207,11.048632592666898,10.929386104672755,10.811426628874889,10.69474027471416,10.579313301550476,10.465132117044718,10.352183275558165,10.240453476569163,10.129929563106899,10.020598520202071,9.912447473354293,9.805463687016024,9.699634563092868,9.594947639460065,9.49139058849498,9.388951215625445,9.287617457893763,9.187377382536203,9.08821918557784,8.990131190442547,8.893101846578004,8.797119728095531,8.702173532424618,8.608252078981959,8.51534430785486,8.42343927849887,8.332526168449435,8.242594272047489,8.153632999178784,8.065631874026831,7.978580533839298,7.892468727707719,7.807286315360385,7.723023265968249,7.6396696569637275,7.557215672872249,7.475651604156412,7.39496784607262,7.3151548975400535,7.2362033600218485,7.158103936418358,7.08084742997235,7.004424743186026,6.928826876749723,6.854044928482187,6.780070092282273,6.7068936570919675,6.6345070058706,6.5629016145801256,6.492069051181358,6.422000974641039,6.352689133949624,6.284125367149664,6.216301600374682,6.149209846898415,6.082842206194323,6.017190863005244
28,44.56,43.23,44.15,42.73,43.02,38.07,38.55,35.97,41.51,40.07,38.32,42.07,40.79,32.85,37.43,41.58,31.26,39.54,44.7,37.31,34.2,34.41,39.44,34.56,35.19,37.9,31.34,30.47,34.02,35.03,29.38,33.24,32.28,34.7,25.71,31.9,28.28,31.52,28.43,26.64,32.37,27.31,30.7,27.1,27.01,27.4,27.19,26.98,26.78,26.57,26.35,26.13,25.88,25.63,25.36,25.08,24.79,24.51,24.22,23.94,23.66,23.39,23.13,22.86,22.61,22.36,22.11,21.87,21.63,21.39,21.16,20.93,20.7,20.47,20.25,20.03,19.81,19.59,19.38,19.17,18.96,18.75,18.54,18.34,18.14,17.94,17.75,17.55,17.36,17.17,16.98,16.8,16.61,16.43,16.258550809719022,16.088890714072736,15.921001043625575,15.75486332375995,15.590459272643326,15.427770799216471,15.266780001202706,15.107469163137944,14.949820754421278,14.793817427385898,14.639442015390163,14.486677530928572,14.335507163762452,14.185914279070168,14.037882415616611,13.891395283941806,13.746436764568417,13.602990906227946,13.461041924105471,13.320574198102662,13.181572271118949,13.044020847350627,12.90790479060769,12.773209122648248,12.639919021530316,12.508019819980804,12.377497003781526,12.248336210172058,12.120523226269247,11.994043987503233,11.868884576069766,11.745031219398703,11.622470288638466,11.501188297156313,11.381171899054273,11.262407887700563,11.144883194276318,11.0285848863375,10.913500166391817,10.799616370490465,10.686920966834606,10.575401554396349,10.465045861554142,10.35584174474241,10.247777187115263,10.14084029722416,10.035019307709385,9.93030257400514,9.826678573058196,9.724135902059885,9.622663277191329,9.522249532381778,9.422883618079874,9.324554600037777,9.227251658107937,9.130964085052465,9.035681285364886,8.941392774104218,8.848088175741202,8.75575722301658,8.664389755811284,8.57397572002841,8.484505166486862,8.395968249826549,8.308355227424993,8.221656458325251,8.135862402175025,8.05096361817683,7.966950764049135,7.883814594998335,7.801545962701451,7.720135814299443,7.639575191401036,7.559855229096937,7.4809671549843335,7.402902288201578,7.325652038472952,7.249207905163373,7.173561476343,7.098704427861574,7.02462852243243,6.951325608726057,6.878787620473135,6.807006575576913,6.735974575234859,6.6656838030694745
29,45.03,44.0,44.1,49.61,38.9,44.39,44.73,37.71,46.28,39.17,34.82,40.73,36.67,43.01,38.87,39.88,45.6,41.93,34.12,39.16,40.0,39.68,42.73,38.02,36.91,30.37,37.07,37.61,37.58,28.71,30.01,26.45,29.37,34.79,34.48,31.94,26.12,30.4,30.54,30.37,30.88,35.54,34.14,30.65,29.59,29.72,29.47,29.25,29.03,28.81,28.58,28.35,28.1,27.84,27.57,27.28,26.98,26.68,26.38,26.08,25.78,25.49,25.2,24.91,24.64,24.36,24.09,23.83,23.57,23.31,23.06,22.8,22.55,22.31,22.06,21.82,21.58,21.35,21.11,20.88,20.65,20.43,20.2,19.98,19.77,19.55,19.34,19.12,18.91,18.71,18.5,18.3,18.1,17.9,17.70007353022692,17.502380054493837,17.306894632319437,17.11359260178456,16.922449576420902,16.73344144213449,16.54654435416351,16.361734734070126,16.178989266765868,15.998284897570278,15.819598829302391,15.642908519404696,15.46819167709923,15.295426260575443,15.124590474209446,14.955662765814349,14.78862182392128,14.623446575090794,14.460116181254305,14.298610037085213,14.138907767399381,13.98098922458467,13.824834486059158,13.670423851757763,13.517737841646946,13.366757193267144,13.217462859302685,13.069836005178821,12.923858006685608,12.779510447628333,12.63677511750417,12.495634009204792,12.356069316744637,12.218063433014567,12.081598947560591,11.946658644387412,11.813225499786496,11.681282680188414,11.550813540039169,11.421801619700224,11.294230643372005,11.168084517040592,11.043347326447334,10.920003335081155,10.798036982193276,10.677432880834111,10.55817581591209,10.440250742274166,10.323642782807761,10.208337226563902,10.09431952690133,9.98157529965134,9.8700903213031,9.75985052720927,9.650842009811623,9.543051016886517,9.436463949809953,9.331067361841995,9.226847956430381,9.12379258553306,9.02188824795946,8.92112208773031,8.821481392455754,8.722953591731587,8.625526255553414,8.529187092748508,8.433923949425195,8.33972480743954,8.246577782879184,8.154471124564092,8.063393212564057,7.973332556732765,7.88427779525822,7.796217693229379,7.709141141218777,7.623037153880995,7.53789486856678,7.453703543952637,7.370452558685735,7.288131410043947,7.206729712610852,7.126237196965543,7.046643708387054,6.967939205573284,6.890113759374194,6.813157551539188
30,52.89,53.08,46.41,42.48,52.42,54.09,47.03,43.27,44.03,42.5,39.64,38.33,46.22,43.45,45.03,45.62,39.23,49.33,46.89,43.1,35.74,37.9,47.94,46.4,36.78,38.22,38.0,38.45,36.52,40.73,36.26,33.28,36.62,32.52,36.19,39.35,30.04,36.25,36.45,33.89,31.54,36.52,33.22,37.27,32.93,32.07,31.78,31.52,31.28,31.04,30.8,30.56,30.31,30.04,29.76,29.47,29.16,28.85,28.53,28.21,27.89,27.58,27.27,26.96,26.66,26.36,26.07,25.79,25.5,25.23,24.95,24.68,24.41,24.14,23.88,23.61,23.36,23.1,22.85,22.6,22.35,22.11,21.87,21.63,21.39,21.16,20.92,20.7,20.47,20.24,20.02,19.8,19.59,19.37,19.151889597970477,18.93623516638357,18.723009050479313,18.51218390689633,18.303732700165423,18.09762869924266,17.893845474081438,17.692356892243232,17.493137115546435,17.29616059675297,17.10140207629221,16.90883657902176,16.718439411024757,16.530186156443197,16.34405267434693,16.16001509563792,15.978049819989355,15.798133512819215,15.620243102297941,15.44435577638978,15.27044897992745,15.098500411719742,14.928488021691704,14.760390008057009,14.594184814522167,14.42985112752224,14.267367873487649,14.10671421614178,13.947869553829015,13.790813516872847,13.635525964963744,13.481986984576434,13.330176886416249,13.180076202894261,13.031665685630813,12.884926302987177,12.739839237625002,12.596385884093257,12.454547846442324,12.314306935864964,12.17564516836386,12.038544762445394,11.902988136839438,11.768957908244772,11.63643688909992,11.505408085379075,11.375854694412853,11.247760102733563,11.121107883944774,10.995881796614839,10.872065782194147,10.749643962955853,10.628600639959748,10.508920291039107,10.390587568810156,10.273587298704005,10.157904477020697,10.043524269005182,9.930432006944988,9.818613188289252,9.708053473788986,9.598738685658258,9.490654805756076,9.383787973788763,9.278124485532548,9.1736507910762,9.070353493083424,8.968219345074838,8.867235249729294,8.767388257204315,8.66866556347547,8.571054508694411,8.474542575565433,8.379117387740298,8.28476670823113,8.191478437841191,8.099240613613329,8.008041407295877,7.917869123825854,7.828712199829219,7.740559202138038,7.653398826324325,7.567219895250402,7.482011357635592,7.397762286639033,7.314461878458461
31,57.95,55.4,51.94,47.66,54.82,50.0,54.65,59.67,52.02,47.97,44.31,50.45,49.14,47.47,41.74,42.52,51.8,48.8,42.62,47.87,48.45,48.2,43.93,43.29,40.79,36.92,34.74,40.34,41.93,35.34,40.95,38.39,38.34,40.81,34.3,37.01,36.96,32.98,36.01,35.3,38.67,35.43,39.66,36.42,34.79,34.73,34.38,34.07,33.79,33.53,33.28,33.02,32.75,32.48,32.19,31.89,31.57,31.24,30.9,30.56,30.23,29.89,29.55,29.22,28.9,28.58,28.26,27.95,27.65,27.35,27.05,26.75,26.46,26.17,25.88,25.6,25.32,25.04,24.77,24.5,24.23,23.96,23.7,23.44,23.19,22.93,22.68,22.43,22.19,21.95,21.71,21.47,21.23,21.0,20.766052310485403,20.534710883896004,20.305946685508495,20.079731004057003,19.856035448129678,19.634831942605402,19.416092725130163,19.199790342632763,18.98589764787926,18.77438779606583,18.56523424144961,18.358410734017014,18.15389131618924,17.951650319564404,17.751662361696017,17.55390234290735,17.35834544314125,17.1649671188451,16.97374309989044,16.784649386526933,16.597662246370238,16.412758211423476,16.229914075131845,16.049106889470057,15.87031396206223,15.693512853333862,15.518681373695525,15.345797580757939,15.17483977657808,15.005786504935953,14.838616548641712,14.67330892687277,14.509842892540588,14.348197929686792,14.188353750908298,14.03029029481112,13.87398772349254,13.719426420051352,13.566586986125802,13.415450239458995,13.2659972114914,13.118209144980185,12.972067491645072,12.827553909840415,12.68465026225322,12.543338613626798,12.403601228509785,12.265420569030248,12.12877929269456,11.993660250210826,11.860046483336545,11.727921222750245,11.597267885946835,11.468070075156401,11.340311575286194,11.213976351885533,11.089048549133393,10.965512487848395,10.843352663520987,10.722553744367524,10.603100569406053,10.484978146553507,10.368171650744115,10.252666422068765,10.138447963935104,10.025501941248123,9.913814178611023,9.803370658546113,9.694157519735537,9.5861610552816,9.479367710986459,9.373764083651004,9.269336919392668,9.166073111981987,9.0639597011977,8.962983871200144,8.863132948922818,8.764394402481809,8.666755839602985,8.570205006066686,8.474729784169746,8.380318191204648,8.286958377955626,8.194638627211512,8.10334735229517,8.013073095609279
32,53.38,65.54,56.46,55.12,52.0,54.92,60.16,54.95,51.19,55.06,58.34,54.96,53.51,55.63,55.94,56.32,46.72,45.48,45.83,47.49,54.16,50.1,47.7,46.85,47.3,38.63,46.62,49.15,44.18,45.24,45.46,39.1,41.33,41.31,42.92,47.6,42.95,44.05,38.37,42.53,43.77,42.03,45.27,40.41,38.41,38.3,37.85,37.47,37.14,36.84,36.55,36.26,35.97,35.68,35.37,35.05,34.72,34.37,34.01,33.65,33.28,32.91,32.55,32.19,31.83,31.48,31.13,30.79,30.45,30.12,29.79,29.46,29.14,28.82,28.51,28.2,27.89,27.58,27.28,26.98,26.69,26.39,26.11,25.82,25.54,25.26,24.98,24.71,24.44,24.17,23.91,23.65,23.39,23.13,22.88191049173826,22.63648196074023,22.393685865694152,22.153493971418847,21.915878345580165,21.680811355442724,21.448265664656414,21.21821423007744,20.99063029862339,20.765487404162112,20.542759364433884,20.322420278006664,20.104444521263947,19.88880674542496,19.675481873596805,19.464445097858224,19.255671876374645,19.049137930544155,18.84481924217413,18.64269205068808,18.442732850362518,18.24491838759343,18.049225658192064,17.85563190470975,17.66411461379137,17.47465151355728,17.28722057101324,17.10179998948817,16.91836820609938,16.73690388924498,16.557385936123204,16.3797934702783,16.2041058391728,16.030302611785793,15.858363576236949,15.688268737436063,15.519998314757785,15.353532739741304,15.188852653814674,15.025938906043603,14.864772550904336,14.70533484608045,14.547607250283292,14.391571421095758,14.237209212839236,14.084502674463414,13.933434047458714,13.783985763791122,13.636140443859182,13.489880894472886,13.345190106854245,13.20205125465931,13.060447692021407,12.920362951615365,12.781780742742496,12.644684949436126,12.509059628587437,12.374889008091413,12.242157485012687,12.110849623771028,11.980950154346331,11.852443970502831,11.725316128032366,11.599551843016501,11.475136490107271,11.352055600826377,11.230294861882628,11.109840113507412,10.990677347808033,10.872792707138725,10.756172482489099,10.640803111889914,10.526671178835926,10.413763410725661,10.302066677317923,10.191567989204847,10.08225449630135,9.974113486350761,9.867132383446501,9.7612987465696,9.656600268141915,9.553024772594856,9.45056021495347,9.349194679435712,9.248916378066733,9.149713649308042
33,61.3,60.59,59.77,68.11,59.42,58.13,65.27,53.71,60.52,54.91,56.38,55.82,51.4,58.56,62.48,58.76,51.03,55.96,56.65,52.4,51.17,52.16,52.81,49.75,53.17,51.67,47.57,55.64,45.07,44.82,47.4,42.4,42.56,49.76,41.88,47.06,47.67,41.2,41.71,52.23,47.46,50.25,43.7,44.14,42.36,42.33,41.79,41.31,40.9,40.54,40.2,39.88,39.56,39.23,38.9,38.56,38.21,37.84,37.45,37.06,36.66,36.26,35.86,35.47,35.08,34.69,34.31,33.93,33.56,33.19,32.83,32.47,32.12,31.76,31.42,31.07,30.73,30.4,30.06,29.74,29.41,29.09,28.77,28.46,28.14,27.84,27.53,27.23,26.93,26.64,26.35,26.06,25.77,25.49,25.225923913397114,24.964583651804645,24.705950872109124,24.449997524831378,24.19669585108451,23.946018379563338,23.69793792356507,23.452427578040822,23.209460716677675,22.969010989010997,22.73105231756664,22.49555889503277,22.262505181460977,22.031865901496417,21.8036160416366,21.577730847518623,21.35418582123447,21.132956718674155,20.914019546896377,20.697350561526406,20.482926264180936,20.270723399919646,20.060718954723086,19.852890152996782,19.64721445510112,19.443669554906897,19.242233377376124,19.04288407616793,18.84560003126927,18.650359846650176,18.45714234794327,18.265926580147383,18.07669180535488,17.889417500502603,17.704083355146075,17.520669269256775,17.33915535104223,17.15952191478869,16.981749478726165,16.80581876291555,16.63171068715768,16.45940636892402,16.2888871213088,16.12013445100235,15.953130056285481,15.787855825044574,15.62429383280729,15.462426340798608,15.30223579401699,15.143704819330502,14.98681622359264,14.831552991777695,14.677898285135408,14.525835439364762,14.375347962806702,14.226419534655555,14.079034003188994,13.933175384016335,13.788827858344986,13.645975771264855,13.504603630050518,13.364696102481007,13.226238015176968,13.089214351955066,12.953610252199452,12.819411009250068,12.68660206880767,12.555169027355383,12.425097630596586,12.296373771908994,12.168983490814758,12.042912971466407,11.918148541148481,11.794676668794681,11.67248396352039,11.551557173170394,11.431883182881641,11.3134490136609,11.196241820977148,11.080248893368548,10.965457651063854,10.851855644618087,10.739430553562372,10.628170185067738,10.518062472622775,10.409095474724976
34,69.76,71.25,63.78,70.09,59.64,68.45,69.72,74.67,65.49,60.93,66.48,61.08,61.63,56.1,61.62,65.16,56.75,52.84,57.41,58.96,61.07,61.48,63.38,57.48,56.41,51.02,56.05,59.05,56.63,44.81,50.99,48.57,50.69,53.63,46.56,51.52,45.33,55.48,51.8,51.0,63.89,51.97,45.92,48.01,46.55,46.63,45.96,45.38,44.87,44.42,44.02,43.65,43.29,42.93,42.57,42.2,41.82,41.42,41.02,40.6,40.17,39.74,39.3,38.87,38.44,38.02,37.6,37.19,36.78,36.38,35.98,35.59,35.2,34.82,34.44,34.06,33.69,33.32,32.95,32.59,32.24,31.88,31.54,31.19,30.85,30.51,30.18,29.85,29.52,29.2,28.88,28.56,28.25,27.94,27.647822198516835,27.358699796735873,27.072600843334,26.78949372111365,26.509347143508712,26.23213015112702,25.957812108329005,25.686362699842082,25.417751927410475,25.15195010648008,24.88892786291796,24.62865612976619,24.371106144029614,24.116249443497207,23.86405786359668,23.614503534281983,23.367558876953314,23.123196601409415,22.881389702831648,22.64211145879969,22.405335426338382,22.171035438995492,21.939185603949998,21.70976029915067,21.482734170484516,21.258082128974873,21.035779348008788,20.81580126059339,20.598123556640967,20.382722180282414,20.16957332720879,19.958653442040667,19.749939215724993,19.543407582959187,19.339035719642133,19.13680104035189,18.936681195849715,18.738654070610238,18.542697780377438,18.348790669746176,18.156911309769036,17.96703849558818,17.77915124409196,17.59322879159606,17.409250591548858,17.2271963122608,17.04704583465754,16.868779250056498,16.692376857966796,16.517819163912062,16.345086877276117,16.17416090917111,16.005022370327996,15.837652569009052,15.672033008942222,15.50814538727707,15.345971592562112,15.18549370274329,15.026693983183376,14.8695548847021,14.714059041636764,14.560189269923129,14.407928565196396,14.257260100912017,14.10816722648617,13.960633465455693,13.814642513657226,13.670178237425434,13.527224671810046,13.385766018811537,13.245786645635288,13.107271082963964,12.970204023247993,12.834570319013894,12.700354981190323,12.567543177451597,12.436120230578563,12.30607161683659,12.177382964370532,12.050040051616474,11.924028805730096,11.799335301031451,11.675945757466023,11.553846539081874,11.43302415252272,11.313465245536747
35,78.48,76.59,72.81,72.39,78.33,68.94,70.55,77.26,70.2,72.0,66.73,72.86,60.89,69.03,69.66,68.46,69.97,64.24,64.36,66.52,74.88,58.44,61.28,62.19,52.58,57.74,59.12,55.28,59.3,58.5,56.72,51.6,55.01,55.3,53.27,52.98,54.77,54.25,52.89,55.17,55.24,58.86,65.33,58.18,52.68,51.43,50.63,49.92,49.29,48.74,48.25,47.81,47.4,47.0,46.59,46.19,45.77,45.35,44.91,44.46,44.0,43.54,43.07,42.6,42.13,41.67,41.21,40.76,40.31,39.87,39.44,39.0,38.58,38.16,37.74,37.33,36.92,36.51,36.11,35.72,35.33,34.94,34.56,34.18,33.81,33.44,33.07,32.71,32.35,32.0,31.65,31.3,30.96,30.62,30.29122829066419,29.965986654380618,29.644237188205086,29.325942396163203,29.011065184880703,28.69956885926066,28.391417118207098,28.086574050394592,27.78500413008319,27.486672212978355,27.191543532135313,26.89958369390738,26.610758673937827,26.325034813194744,26.042378814048476,25.762757736391208,25.486138993798207,25.212490349730242,24.94177991377683,24.673976137939796,24.40904781295673,24.146964064663933,23.887694350398423,23.631208455438532,23.37747648948277,23.126468883166474,22.878156384615853,22.63251005603903,22.389501270353733,22.149101707851102,21.91128335289542,21.676018490659214,21.443279703893417,21.21303986973225,20.98527215653236,20.759950020745933,20.537047203827363,20.316537729173135,20.098395899094562,19.882596291823067,19.669113758547546,19.457923420483596,19.249000665974197,19.042321147621536,18.83786077944959,18.635595734097212,18.435502440041358,18.23755757885008,18.041738082465077,17.84802113051338,17.656384147647913,17.466804800916627,17.27926099715986,17.09373088043563,16.910192829472624,16.728625455150485,16.549007598007172,16.37131832577307,16.195536930931624,16.021642928306097,15.849616052672285,15.679436256396865,15.511083707101063,15.344538785349448,15.179782082363522,15.016794397759874,14.855556737312586,14.696050310739713,14.538256529513488,14.382157004694067,14.227733544786513,14.074968153620807,13.923843028254607,13.77434055689854,13.626443316863755,13.480134072531525,13.33539577334465,13.192211551820417,13.050564721584896,12.910438775428362,12.771817383381563,12.634684390812682,12.499023816544687,12.364819850992943,12.232056854322781,12.10071935462688
36,81.06,89.12,81.54,70.23,83.12,70.57,79.46,75.29,81.37,78.9,69.96,74.77,75.58,73.87,64.56,80.59,75.76,69.73,72.84,74.78,73.99,63.53,67.35,66.23,64.87,66.29,53.96,55.02,56.13,68.35,57.34,51.36,60.29,60.82,62.36,61.53,59.81,56.19,55.12,71.07,61.26,53.74,57.8,65.31,58.44,56.9,55.96,55.1,54.34,53.67,53.07,52.53,52.04,51.57,51.12,50.67,50.22,49.75,49.28,48.79,48.3,47.79,47.28,46.77,46.26,45.75,45.25,44.75,44.26,43.78,43.3,42.83,42.36,41.9,41.44,40.98,40.54,40.09,39.65,39.22,38.79,38.37,37.95,37.53,37.12,36.72,36.31,35.92,35.52,35.14,34.75,34.37,34.0,33.62,33.2456205375787,32.875410021673844,32.5093220284914,32.14731065119492,31.789330494148974,31.435336667226537,31.085284780179872,30.739130937074084,30.3968317307826,30.05834423754402,29.723626011579533,29.39263507977029,29.065329936394033,28.74166953792036,28.421613297863928,28.105121081694975,27.7921532018065,27.482670412537537,27.176633905251766,26.874005303471026,26.574746658062917,26.27882044248208,25.986189548064406,25.696817279373676,25.410667349600025,25.127703876009612,24.847891375445005,24.571194759875645,24.297579331997856,24.02701078088387,23.759455177679293,23.494878971348463,23.233248984467235,22.974532409062565,22.718696802498453,22.465710083407675,22.215540527668864,21.968156764428315,21.723527772166165,21.48162287480633,21.242411737869777,21.00586436467062,20.77195109255462,20.54064258917948,20.311909848836677,20.08572418881415,19.86205724579956,19.640880972323547,19.422167633242665,19.205889802261414,18.992020358493022,18.78053248305855,18.571399655723834,18.364595651573897,18.16009453772438,17.957870670069614,17.757898690066884,17.5601535215565,17.364610367617306,17.171244707457166,16.980032293338116,16.790949147535734,16.603971559332347,16.41907608204379,16.23623953007919,16.055438976033546,15.876651747812684,15.69985542579019,15.525027839996037,15.352147067336507,15.181191428845068,15.012139486963871,14.844970042855513,14.679662133744731,14.516195030289714,14.354548233982678,14.194701474579377,14.036634707557251,13.880328111601886,13.725762086121435,13.572917248788755,13.421774433110874,13.272314686025569,13.124519265524661,12.978369638303809,12.833847477438459
37,90.17,87.68,82.71,82.31,78.94,81.3,90.9,92.67,86.87,85.4,80.72,80.03,78.18,81.77,73.09,75.18,82.88,76.9,74.7,71.02,71.38,69.85,67.1,74.03,74.77,70.65,69.27,70.28,68.01,76.41,62.38,63.45,57.87,65.05,67.77,63.09,75.12,71.8,72.43,67.99,75.05,68.69,66.87,66.14,63.45,63.18,62.08,61.07,60.16,59.33,58.6,57.94,57.35,56.8,56.28,55.77,55.26,54.75,54.23,53.7,53.16,52.61,52.05,51.49,50.93,50.38,49.83,49.28,48.74,48.21,47.68,47.16,46.64,46.13,45.63,45.13,44.64,44.15,43.66,43.19,42.72,42.25,41.79,41.33,40.88,40.43,39.99,39.55,39.12,38.69,38.27,37.85,37.43,37.02,36.601786101481835,36.188296753609634,35.779478583267675,35.3752788202948,34.97564529067291,34.58052640979228,34.189871175793094,33.80362916298212,33.421750515323744,33.04418594000459,32.670886701070806,32.30180461313725,31.936892035167713,31.57610186432543,31.219387529893066,30.866702987261352,30.518002711985687,30.17324169390985,29.832375431356073,29.49535992538079,29.162151674095263,28.832707667050386,28.506985379684856,28.18494276783617,27.86653826231353,27.551730763532117,27.240479636207976,26.932744704112803,26.62848624488802,26.32766498491741,26.030242094257694,25.73617918162638,25.445438289446205,25.157981888945592,24.873772875314437,24.592774562914634,24.3149506805447,24.040265366757893,23.76868316523323,23.50016902019878,23.234688271906688,22.972206652159297,22.71269027988581,22.456105656768933,22.202419662920928,21.951599552608485,21.70361295002593,21.458427845116162,21.216012589438776,20.97633589208492,20.73936681563826,20.505074772181576,20.273429519348497,20.04440115641981,19.817960120463884,19.594077182520696,19.372723443828967,19.153870332095906,18.9374895978091,18.723553310590113,18.512033855589177,18.302903929920724,18.096136539139103,17.89170499375416,17.689582905786175,17.489744185359672,17.292163037335772,17.096813957982558,16.903671731683055,16.712711427680393,16.523908396859774,16.337238268566747,16.152676947461465,15.970200610408458,15.789785703401538,15.611408938523473,15.43504729093997,15.260677995927644,15.08827854593555,14.917826687679913,14.749300419271675,14.582677987376504,14.41793788440687,14.255058845745861,14.094019847002336,13.934800101297116
38,102.34,96.62,109.33,95.98,95.9,96.73,84.6,95.26,90.4,91.96,87.6,87.32,76.81,84.23,88.75,92.01,84.66,86.82,77.95,81.71,85.91,80.5,85.33,83.69,76.0,74.9,74.88,80.82,73.35,76.47,70.72,66.36,65.12,78.13,75.12,68.56,65.07,71.78,69.31,80.95,92.72,82.59,75.44,73.61,70.3,69.86,68.59,67.42,66.34,65.36,64.47,63.68,62.96,62.31,61.7,61.12,60.55,59.98,59.41,58.82,58.24,57.64,57.03,56.43,55.82,55.21,54.6,54.01,53.42,52.83,52.25,51.68,51.12,50.56,50.0,49.46,48.92,48.38,47.85,47.33,46.81,46.3,45.79,45.29,44.8,44.31,43.82,43.34,42.87,42.4,41.94,41.48,41.02,40.58,40.12576198695897,39.67660855185021,39.23248277972603,38.79332839272432,38.35908974293725,37.92971180535976,37.50514017091704,37.085321039570005,36.670201213497975,36.259728090357655,35.853849656617584,35.45251448096717,35.055671707799526,34.66327105076726,34.27526278641035,33.89159774785544,33.51222731858556,33.13710342627965,32.76617853672104,32.39940564777408,32.03673828342821,31.678130487908746,31.32353681985349,30.97291234655463,30.626212638265006,30.283393762568167,29.944412278811434,29.609225232601265,29.277790150360232,28.950065033944956,28.62600835532426,28.305579051316904,27.988736518388222,27.675440607504985,27.365651619047913,27.05933029778104,26.756437827877523,26.456935828000958,26.160786346441935,25.867951856308892,25.578395250772893,25.29207983836557,25.00896933832973,24.72902787602202,24.452219978367005,24.17851056936218,23.907864965633284,23.640248872039333,23.3756283773269,23.113969949832995,22.855240433236094,22.59940704235467,22.3464373589928,22.09629932783226,21.848961252370596,21.604391790904668,21.362559952559167,21.12343509335955,20.88698691234898,20.653185447748704,20.422001073161386,20.193404493817013,19.967366742860747,19.743859177682367,19.522853476286794,19.304321633705232,19.088235958446504,18.874569068988073,18.663293890306388,18.454383650446022,18.247811877127255,18.043552394391604,17.841579319284897,17.641867058577503,17.444390305521264,17.249124036642698,17.05604350857215,16.865124254908395,16.676342083118357,16.48967307147153,16.305093566008704,16.122580177544638,15.942109778704259,15.76365950099207,15.587206731894337,15.412729112013718
39,100.78,114.64,106.32,117.02,104.31,106.65,106.39,98.16,96.75,104.18,101.81,98.04,92.99,98.16,96.96,92.33,98.11,93.81,91.22,86.46,85.95,89.09,85.57,88.67,84.4,85.24,84.94,86.57,80.1,73.8,73.69,80.3,85.07,73.72,78.65,73.56,74.45,77.86,73.4,80.57,87.67,86.11,91.15,82.53,77.53,76.7,75.28,73.94,72.69,71.55,70.5,69.56,68.7,67.92,67.21,66.54,65.9,65.26,64.63,64.0,63.35,62.71,62.05,61.4,60.73,60.07,59.42,58.77,58.13,57.49,56.86,56.24,55.63,55.02,54.42,53.82,53.23,52.65,52.07,51.5,50.94,50.38,49.83,49.29,48.75,48.22,47.69,47.17,46.65,46.14,45.64,45.14,44.64,44.15,43.66362506715288,43.18260824473162,42.70689050554261,42.23641347266055,41.77111941226489,41.31095122655505,40.8558524467438,40.405767226127786,39.96064033323437,39.520417145044,39.08504364028724,38.65446639281563,38.228632565045594,37.807489901474554,37.39098672226849,36.979071916920105,36.571694937976936,36.168805794838455,35.77035504762157,35.37629380109372,34.98657369867272,34.601146916492816,34.21996615753602,33.842984645828146,33.4701561206988,33.10143483110451,32.736775530014555,32.37613346885845,32.01946439203476,31.666724531480362,31.317870601299454,30.97285979245185,30.631649767499706,30.29419865541218,29.960465046427274,29.63040798697032,29.303986974628405,28.98116195318021,28.661893307680558,28.34614185959914,28.033868862012785,27.72503599485069,27.419605360192037,27.117539477615413,26.81880127959946,26.523354106974192,26.231161704422437,25.942188216030804,25.656398180889706,25.373756528741822,25.09422857567849,24.81778001988356,24.544376937424097,24.27398577808742,24.006573361264106,23.74210687187624,23.480553856350575,23.221882218636065,22.966060216265216,22.713056456458897,22.462839892274005,22.215379818793586,21.970645869358954,21.728608011843267,21.48923654496622,21.25250209464926,21.018375610411017,20.786828361802428,20.557831934881104,20.33135822872459,20.107379451981966,19.885868119463524,19.666797048767922,19.450139356946572,19.235868457204738,19.02395805563896,18.81438214801047,18.6071150165541,18.402131226822384,18.19940562456441,17.99891333263904,17.800629747962176,17.604530538487623,17.41059164022121,17.218789254267843,17.02909984391103
40,133.68,127.5,108.07,114.38,121.14,122.07,118.05,115.09,108.71,101.93,103.28,111.08,102.93,113.06,107.68,101.91,97.47,102.84,96.7,101.99,92.85,92.38,100.1,86.52,93.58,88.49,99.85,94.36,97.9,89.6,85.02,80.8,79.19,92.9,87.43,82.92,86.94,69.08,86.03,91.92,97.47,89.12,96.08,83.19,83.57,84.39,82.82,81.31,79.89,78.57,77.35,76.23,75.22,74.3,73.45,72.67,71.93,71.22,70.52,69.82,69.11,68.41,67.69,66.98,66.26,65.54,64.83,64.12,63.42,62.73,62.04,61.36,60.69,60.03,59.37,58.72,58.08,57.44,56.82,56.19,55.58,54.97,54.37,53.78,53.19,52.61,52.03,51.46,50.9,50.34,49.79,49.25,48.71,48.18,47.64497889169848,47.115898995234396,46.592694335644254,46.07529967059215,45.563650482234216,45.05768296917344,44.55733403850375,44.06254129794248,43.57324304805027,43.089378274537204,42.61088664065454,42.13770847967086,41.669784787431766,41.20705721500217,40.7494680613904,40.29696026635299,39.84947740327938,39.40696367215569,38.969363892606616,38.5366234970145,38.108688523714974,37.685505610267995,37.26702198680372,36.85318546944222,36.443944453786294,36.0392479084865,35.6390453688777,35.24328693068623,34.85192324380693,34.46490550614937,34.08218545755229,33.703715373765704,33.3294480604998,32.95933684753993,32.59333558292693,32.23139862720213,31.87348084771616,31.51953761300108,31.169524787204914,30.823398724588014,30.481116264080566,30.14263472390049,29.807911896231143,29.476906041958085,29.149575885464348,28.82588060948343,28.505779850009514,28.189233691264157,27.87620266071889,27.566647724173112,27.260530280886584,26.957812158766057,26.658455609605255,26.362423304377817,26.069678328582423,25.780184177639658,25.493904752339983,25.210804354342255,24.93084768172223,24.65399982457047,24.380226260639226,24.109492851037547,23.841765835974243,23.57701183054817,23.315197820585155,23.056291158521255,22.800259559331657,22.54707109650484,22.29669419806139,22.04909764261708,21.80425055548961,21.562122404848637,21.322682997908508,21.085902477163323,20.851751316663744,20.6202003183352,20.391220608336962,20.16478363346163,19.940861157574645,19.719425258093274,19.50044832250477,19.283903044923136,19.06976242268416,18.85799975297824,18.648588629520614,18.44150293925857
41,134.18,144.02,126.37,123.7,126.73,121.85,120.08,138.62,117.17,126.88,103.74,112.77,133.47,120.64,116.93,120.0,105.32,119.12,113.55,113.12,107.76,95.76,103.93,103.93,93.99,98.94,103.71,104.8,98.08,103.2,98.93,86.25,95.48,94.14,85.8,91.6,95.2,86.46,86.19,101.85,100.08,103.54,101.56,97.37,93.59,93.41,91.77,90.09,88.47,86.95,85.54,84.23,83.04,81.94,80.94,80.02,79.16,78.34,77.54,76.76,75.98,75.2,74.42,73.63,72.85,72.06,71.27,70.5,69.73,68.96,68.21,67.46,66.73,66.0,65.27,64.56,63.85,63.16,62.47,61.78,61.11,60.44,59.78,59.12,58.48,57.84,57.2,56.58,55.96,55.35,54.74,54.14,53.55,52.97,52.38989661889936,51.8161462665464,51.24867936745579,50.687427108101375,50.132321428571416,49.58329501431545,49.0402812879814,48.503214401342085,47.97202922731022,47.44666135204079,46.92704706711997,46.41312336183953,45.904827915555884,45.40209909013288,44.90487592246717,44.41309811709568,43.92670603888383,43.44564070579396,42.96984378173289,42.49925756947785,42.03382500367983,41.57348964394361,41.11819566798356,40.667887864854336,40.22251162825581,39.78201294991126,39.34633841301805,38.91543518577014,38.489251014951414,38.067734219599245,37.65083368473743,37.238498855177795,36.830679729389594,36.42732685343615,36.028391314977846,35.633824737340774,35.243579273650404,34.85760760102943,34.475862914859206,34.098298923104025,33.724869840697515,33.35553038399055,32.99023576525999,32.62894168727746,32.27160433793773,31.918180384945853,31.56862697056248,31.222901706406766,30.880962668316158,30.542768391262488,30.208277864323748,29.877450525710916,29.550246257849256,29.2266253825135,28.906548656016277,28.589977264449253,28.27687281897639,27.967197351178754,27.660913308450272,27.35798354944397,27.058371339568037,26.762040346531226,26.468954635937028,26.179078666926145,25.89237728786661,25.608815732091173,25.32835961368133,25.050974923297538,24.776628024055093,24.50528564744518,24.23691488930057,23.97148320580554,23.708958409549453,23.449308665623565,23.19250248776061,22.938508734516606,22.687296605494524,22.438835637609298,22.193095701393727,21.95004699734486,21.709660052310355,21.471905715914456,21.236755157023083,21.00417986024763,20.774151622487096,20.54664254950801
42,166.11,142.64,149.6,142.32,144.04,144.51,133.43,142.43,135.29,139.96,130.39,137.42,134.01,132.16,123.65,130.56,125.7,115.9,129.84,128.49,111.9,118.6,114.73,111.26,116.18,109.66,108.88,112.35,104.05,103.89,103.77,99.12,97.15,106.94,107.14,99.47,99.63,99.91,102.5,106.84,111.69,122.12,111.89,106.78,103.07,103.07,101.48,99.72,97.93,96.2,94.58,93.07,91.68,90.39,89.21,88.13,87.12,86.17,85.26,84.38,83.52,82.65,81.79,80.92,80.06,79.2,78.34,77.48,76.64,75.8,74.97,74.15,73.34,72.54,71.74,70.96,70.18,69.41,68.66,67.9,67.16,66.43,65.7,64.98,64.27,63.57,62.87,62.19,61.51,60.83,60.17,59.51,58.86,58.22,57.58705606250514,56.9609932316405,56.34173669883987,55.729212468825054,55.12334735076415,54.524068949525926,53.931305657029284,53.34498664368681,52.76504184994126,52.19140197789415,51.623998483025275,51.06276356600235,50.50763016457957,49.95853194558432,49.41540329699104,48.878179320081145,48.34679582168829,47.82118930652787,47.30129696960996,46.78705668873468,46.27840701706922,45.7752871758055,45.277637046897695,44.78539716587869,44.29850871475463,43.81691351497677,43.340554020489634,42.86937331085485,42.403315084449666,41.942323651739486,41.48634392862344,41.03532142985242,40.58920226251855,40.14793311961553,39.71146127366895,39.279734570435856,38.85270142267281,38.43031080397169,38.012512242662574,37.59925581578276,37.19049214311155,36.786172381269694,36.386248217883136,35.99067186581009,35.599396057430994,35.212374039000395,34.8295595650604,34.45090689291472,34.076370777162914,33.705906464293925,33.33946968733852,32.97701666057977,32.61850407432108,32.2638890897111,31.913129333624887,31.56618289360072,31.22300831283193,30.883564585213268,30.547811150441,30.215707889166353,29.88721511820168,29.56229358577862,29.240904466857945,28.9230093584903,28.608570275227443,28.297549644583317,27.98991030254452,27.685615489129532,27.38462884399627,27.086914402097367,26.792436589382667,26.5011602185485,26.213050484833104,25.928072961857808,25.646193597513385,25.367378709891167,25.09159498325836,24.818809464077155,24.54898955706706,24.282103021310096,24.018117966398318,23.757002848623184,23.49872646720642,23.243257960571786,22.99056680265744,22.740622799268355
43,179.24,162.54,163.19,168.19,156.99,156.96,161.08,154.79,156.33,139.36,131.25,131.12,145.87,144.2,141.54,147.88,143.55,131.72,139.61,138.67,145.88,133.84,130.42,123.46,123.55,124.83,122.22,124.41,115.34,119.21,118.22,107.01,108.29,118.08,104.8,108.65,110.42,112.13,100.33,124.82,125.72,102.61,120.53,116.12,112.72,113.3,111.86,110.14,108.26,106.35,104.51,102.79,101.18,99.69,98.32,97.05,95.87,94.78,93.74,92.74,91.77,90.81,89.86,88.9,87.95,87.0,86.06,85.12,84.19,83.27,82.36,81.46,80.57,79.69,78.82,77.96,77.1,76.26,75.43,74.6,73.79,72.98,72.18,71.39,70.61,69.84,69.07,68.32,67.57,66.83,66.1,65.38,64.66,63.96,63.25845690266375,62.564608657069535,61.87837086249619,61.19966004396904,60.528393642105826,59.864490003074074,59.207868368658644,58.5584488664381,57.916152500069,57.28090113967662,56.65261751235111,56.03122519274791,55.416648593791294,54.8088129574798,54.20764434579261,53.61306963169553,53.02501649024581,52.4434133897944,51.868189583284675,51.299275099646756,50.73660073528606,50.18009804566528,49.62969933697872,49.08533765791788,48.54694679152746,48.01446124715057,47.48781625246237,46.966947745591085,46.45179236732543,45.94228745340745,45.438371026910026,44.93998179069783,44.447059119971115,43.959543054891185,43.477374293286836,43.000494183440686,42.52884471695475,42.062368521694204,41.60100885480852,41.14470959582924,40.69341523984333,40.247070890741554,39.80562225454077,39.36901563277956,38.93719791598626,38.51011657721866,38.08771966567454,37.669955800372286,37.25677416390086,36.848124496238256,36.44395708863784,36.04422277758168,35.64887293880021,35.257859481357556,34.87113484180162,34.48865197837842,34.11036436530989,33.736225987134354,33.366191333109185,33.00021539167479,32.638253644979386,32.28026206346367,31.926197100505128,31.576015687120893,31.229675226728762,30.887133589965718,30.54834910956323,30.2132805752788,29.881887228883084,29.554128759201987,29.229965297213166,28.90935741119631,28.5922661019366,28.27865279798077,27.968479350945252,27.661708030875726,27.358301521657594,27.05822291647682,26.761435713330478,26.467903810586655,26.17759150259296,25.890463475333235,25.60648480213192,25.325620939405507,25.04783772246063,24.7731013613382
44,201.7,188.08,189.87,172.68,180.68,175.95,164.46,162.28,178.35,162.18,159.88,160.48,149.86,159.13,167.49,146.09,160.02,164.45,151.11,148.02,137.71,149.42,150.23,138.97,142.47,134.51,124.72,131.83,131.61,126.66,121.2,115.87,131.79,118.2,118.0,128.4,122.22,125.83,123.01,133.03,135.3,131.18,126.75,133.75,124.65,123.96,122.72,121.14,119.29,117.28,115.26,113.32,111.49,109.79,108.2,106.74,105.37,104.11,102.91,101.78,100.69,99.62,98.57,97.52,96.47,95.43,94.4,93.37,92.35,91.34,90.34,89.35,88.38,87.41,86.45,85.51,84.57,83.65,82.73,81.83,80.93,80.05,79.17,78.31,77.45,76.6,75.77,74.94,74.12,73.31,72.51,71.71,70.93,70.15,69.38594250338964,68.63020694345961,67.88270267960971,67.14334005847601,66.41203040317825,65.68868600268411,64.97322010128944,64.2655468882131,63.56558148730498,62.87323994686631,62.188439229580695,61.5110972025549,60.84113262746807,60.17846515082826,59.52301529433508,58.87470444534734,58.23345484745443,57.59918959115053,56.97183260461025,56.35130864456486,55.737543287277845,55.130462919618694,54.52999473023402,53.93606670081479,53.348607597458624,52.767546962126296,52.192815104191126,51.62434309208056,51.06206274500871,50.50590662479898,49.95580802779568,49.411700976863884,48.87352021347625,48.341201189886156,47.81468006138605,47.29389367865007,46.778779580160176,46.269275984714625,45.765321784018184,45.266856535352964,44.77382045432912,44.286154407714484,43.8037999063423,43.326699098096235,42.85479476097176,42.38803029621311,41.92634972152502,41.46969766435839,41.01801935526903,40.57126062134883,40.12936787972838,39.69228813115044,39.259968953613395,38.832358496083835,38.40940547227778,37.99105915450956,37.57726936760762,37.167986482896744,36.76316141224571,36.3627456021798,35.96669102805747,35.57495018831041,35.18747609874635,34.80422228691391,34.42514278652888,34.0501921319611,33.67932535278151,33.3124979683685,32.949665982573066,32.59078587844203,32.23581461299873,31.884709612080645,31.537428765233106,31.193930420658738,30.854173380221866,30.51811689450733,30.185720657933135,29.85694480391631,29.531749900091445,29.210096943581288,28.891947356318866,28.57726298042054,28.26600607360947,27.958139304688938,27.653625749064922,27.352428884317515
45,223.53,202.04,218.61,200.34,201.2,208.53,199.22,188.66,180.56,185.53,180.81,169.86,179.01,177.51,178.23,170.93,163.19,167.96,166.02,162.87,161.09,162.45,154.03,152.06,140.27,151.71,148.72,142.47,150.0,133.31,135.14,136.05,125.16,138.72,135.49,142.81,127.92,137.09,136.89,143.27,154.65,129.24,132.59,128.26,131.45,134.91,133.83,132.46,130.75,128.77,126.65,124.51,122.47,120.54,118.74,117.07,115.51,114.06,112.7,111.41,110.18,108.99,107.82,106.67,105.52,104.38,103.25,102.12,101.01,99.9,98.81,97.73,96.66,95.61,94.56,93.53,92.5,91.49,90.49,89.5,88.52,87.56,86.6,85.65,84.72,83.79,82.87,81.97,81.07,80.18,79.31,78.44,77.58,76.73,75.89406732017873,75.0672416838241,74.24942387452461,73.44051575677905,72.64042026422047,71.84904138796851,71.0662841651087,70.29205466729718,69.52625998948957,68.7688082387928,68.01960852343807,67.27857094187425,66.54560657198,65.82062746039333,65.10354661195746,64.39427797928181,63.69273645241648,62.998837848639376,62.3124989023545,61.63363725510043,60.962171445667515,60.29802090032279,59.64110592314144,58.99134768644346,58.34866822133469,57.71299040835069,57.08423796820275,56.462335452624565,55.84720823531869,55.23878250300166,54.63698524654658,54.04174425222232,53.452988093028054,52.870646120122295,52.294648454345214,51.7249259778334,51.161410325725925,50.60403387796078,50.0527297511607,49.50743179060737,48.968074562303045,48.43459334511872,47.90692412302778,47.38500357742427,46.86876907952493,46.35815868285386,45.8531111158092,45.35356577431069,44.859462714527425,44.37074264568477,43.88734692294964,43.40921754039331,42.936297124030936,42.4685289249368,42.00585681243466,41.548225267362234,41.0955793754091,40.64786482052714,40.20502787841277,39.76701541006023,39.33377485538507,38.905254226917094,38.481402103562026,38.06216762443117,37.64750048273826,37.2373509197628,36.83166971887915,36.430408199650756,36.033518211988614,35.640952130373385,35.25266284814057,34.868603771827765,34.488728815583656,34.11299239563788,33.74134942483106,33.37375530720451,33.01016593264892,32.650537671611204,32.29482736985915,31.94299234330303,31.594990372873628,31.25077969945615,30.91031901887919,30.573567476958406,30.24048466459414,29.91103061292246
46,248.55,230.82,218.54,221.66,203.24,226.5,226.17,218.08,186.82,190.0,196.52,198.52,189.75,196.64,186.78,181.59,179.45,179.42,174.38,184.25,180.67,187.33,175.96,176.14,153.12,153.22,153.8,166.88,153.14,143.95,154.95,139.96,132.5,140.94,150.69,146.82,141.31,150.28,151.58,150.46,168.68,150.45,148.52,140.28,143.65,146.95,145.95,144.74,143.21,141.37,139.26,137.01,134.76,132.61,130.58,128.68,126.91,125.25,123.7,122.24,120.85,119.51,118.21,116.94,115.68,114.43,113.18,111.95,110.73,109.52,108.32,107.13,105.96,104.8,103.66,102.53,101.4,100.3,99.2,98.11,97.04,95.98,94.93,93.89,92.87,91.85,90.85,89.85,88.87,87.9,86.94,85.99,85.05,84.12,83.1925511629207,82.27532773413192,81.3682169753666,80.47110739133163,79.58388871600383,78.70645189907674,77.83868909255703,76.98049363750866,76.13176005094304,75.29238401285403,74.46226235339552,73.64129304020067,72.82937516584082,72.0264089354227,71.23229565432241,70.44693771605456,69.67023859027528,68.90210281091736,68.1424359644563,67.39114467830572,66.6481366093407,65.9133204325476,65.1866058297991,64.46790347875304,63.757125041873465,63.054183155572865,62.35899141947418,61.67146438579099,60.991517548824994,60.31906733457915,59.654031090485425,58.99632707524572,58.34587444878487,57.702593262314345,57.06640444850557,56.43722981177157,55.81499201865572,55.19961458832652,54.59102188317709,53.989139099528444,53.39389225843512,52.80520819659223,52.22301455734282,51.6472397817843,51.07781309997293,50.51466452222538,49.95772483051604,49.40692556996932,48.86219904044563,48.32347828822026,47.790697097753814,47.26378998355361,46.74269218212461,46.22733964400921,45.71766902591474,45.213617682927804,44.71512366081439,44.22212568840498,43.73456317006349,43.252376178239345,42.775505446101626,42.30389236025442,41.837478953532525,41.376207897876505,40.92002249728643,40.468866680853154,40.02268499586653,39.58142260099957,39.14502525956779,38.71343933286277,38.28661177355935,37.86449011919541,37.44702248572359,37.034157561134116,36.62584459914783,36.222033412978945,35.82267436916636,35.427718381473134,35.03711690485318,34.650821929484444,34.26878597486791,33.890962083991646,33.51730381755921,33.14776524828164,32.782300955232465,32.42086601826486
47,286.38,259.94,259.17,241.58,252.91,237.08,243.21,236.37,227.87,224.9,223.77,210.77,208.0,211.56,202.97,201.09,214.96,190.0,201.63,203.65,189.83,198.15,203.5,192.21,182.62,178.21,174.52,167.01,160.0,163.46,149.17,161.76,164.93,153.75,150.9,164.89,157.5,166.43,154.43,173.4,190.47,178.76,170.63,154.42,157.13,160.43,159.32,158.17,156.8,155.13,153.14,150.89,148.51,146.14,143.87,141.73,139.73,137.85,136.09,134.43,132.85,131.35,129.9,128.48,127.09,125.71,124.35,122.99,121.65,120.32,119.0,117.7,116.42,115.14,113.88,112.64,111.41,110.19,108.98,107.79,106.61,105.45,104.3,103.16,102.03,100.91,99.81,98.72,97.64,96.57,95.51,94.47,93.44,92.42,91.39991272253313,90.39108467525072,89.39339158421357,88.40671054715804,87.43092001835636,86.46589979364363,85.51153099561051,84.56769605895894,83.63427871601986,82.71116398243048,81.79823814296982,80.89538873755056,80.00250454736539,79.1194755811865,78.24619306181602,77.38254941268623,76.52843824460753,75.68375434266278,74.8483936532462,74.02225327124548,73.20523142736505,72.39722747558974,71.59814188078641,70.80787620644256,70.02633310254035,69.25341629356437,68.48903056664183,67.73308175981353,66.9854767504345,66.2461234437025,65.51493076131318,64.79180863024048,64.07666797164086,63.36942068987999,62.66997966168053,61.978258725389814,61.294172670365796,60.61763722648029,59.948569053738076,59.2868857320105,58.63250575088242,57.985348499611284,57.34533425719691,56.71238418256098,56.0864203048349,55.467365513754814,54.855143550162666,54.24967899661214,53.6508972680782,53.058724602769296,52.47308805304085,51.89391547640909,51.32113552666417,50.75467764508114,50.194472051728184,49.640449736870636,49.09254245246991,48.550682703776246,48.01480374101437,47.48483955116068,46.960724849811456,46.44239507314066,45.929786369946534,45.422835593786026,44.921480295196,44.42565871400028,43.93530977170167,43.4503730639579,42.97078885314062,42.49649806097654,42.02744226126979,41.563563672704596,41.104805151727426,40.65111018550764,40.20242288497593,39.758687977939495,39.31985080227329,38.88585729918635,38.456654006562545,38.0321880523747,37.61240714817155,37.19725958263645,36.786694215217274,36.38066046982658,35.979108328611346,35.5819883257914
48,303.77,297.31,289.01,268.77,275.78,253.15,263.74,274.68,265.48,254.82,250.23,231.39,228.32,224.4,225.52,214.71,230.58,212.65,228.06,209.95,214.19,222.89,212.93,204.8,215.24,209.52,204.13,194.42,177.1,174.76,172.25,169.45,159.36,168.44,171.7,166.86,168.67,186.75,168.73,205.32,201.33,179.92,185.19,180.9,174.92,175.65,174.16,172.89,171.57,170.04,168.21,166.06,163.66,161.15,158.66,156.27,154.02,151.9,149.91,148.03,146.26,144.56,142.94,141.36,139.82,138.3,136.79,135.3,133.82,132.36,130.91,129.48,128.07,126.67,125.28,123.91,122.56,121.22,119.89,118.58,117.28,116.0,114.73,113.48,112.24,111.01,109.8,108.6,107.41,106.24,105.07,103.92,102.79,101.66,100.54362790926568,99.43951517958753,98.3475271856603,97.26753078055695,96.19939427949406,95.14298744377525,94.09818146491125,93.06484894891399,92.04286390076356,91.03210170904539,90.03243913075633,89.04375427627757,88.06592659451246,87.09883685818774,86.14236714931599,85.1964008448178,84.26082260230189,83.33551834600124,82.42037525286378,81.51528173879584,80.62012744505655,79.73480322480174,78.85920112977556,77.99321439714831,77.13673743649876,76.28966581693936,75.45189625438302,74.62332659894946,73.80385582251017,72.9933840063698,72.19181232908312,71.3990430544056,70.61497951937632,69.83952612253186,69.07258831224951,68.31407257521845,67.56388642503772,66.82193839093921,66.08813800663455,65.36239579928451,64.64462327858953,63.93473292600001,63.23263818404508,62.53825344577861,61.851494044341116,61.172276242636194,60.50051722312047,59.836135077705535,59.179048797770854,58.52917826428634,57.88644423804334,57.25076834999298,56.62207309169053,56.00028180584475,55.38531867697103,54.77710872214715,54.175577781870494,53.58065251101582,52.99226036989216,52.41032961539803,51.83478929227372,51.26556922444972,50.702600006490016,50.14581299512948,49.595140300904184,49.05051477987347,48.51187002543316,47.97914036021848,47.45226082809599,46.931167186243435,46.415795897316535,45.90608412170189,45.40196970985485,44.9033911947216,44.4102877842444,43.9225993539492,43.44026643961462,42.96323023002139,42.49143255978148,42.024815902245976,41.56332336249076,41.10689867037931,40.655486173701604,40.20903083138845,39.76747820680024,39.33077446108947
49,338.01,346.16,329.15,318.3,312.52,309.3,282.38,264.53,284.78,268.32,265.85,247.33,239.34,249.77,258.04,230.81,230.7,245.65,242.06,244.13,233.98,235.03,230.46,213.18,231.8,212.78,204.1,202.07,203.83,196.62,191.36,186.06,190.97,176.6,182.95,181.15,186.67,194.55,178.96,215.04,206.05,206.53,210.59,192.59,190.72,192.85,190.82,189.15,187.7,186.21,184.5,182.49,180.18,177.64,174.99,172.36,169.85,167.48,165.24,163.13,161.13,159.23,157.41,155.65,153.94,152.25,150.59,148.95,147.32,145.71,144.12,142.54,140.99,139.44,137.92,136.41,134.92,133.45,131.99,130.54,129.12,127.71,126.31,124.93,123.56,122.21,120.88,119.55,118.25,116.95,115.67,114.41,113.16,111.92,110.68967191766727,109.47286873874927,108.26944178500725,107.07924401261104,105.90212999417221,104.73795590097457,103.58657948540008,102.44786006354805,101.32165849804522,100.20783718104495,99.10626001741319,98.01679240809946,96.9393012336904,95.87365483814429,94.8197230127043,93.7773769799886,92.74648937825538,91.72693424584078,90.718587005768,89.7213244505255,88.73502472701256,87.75956732165041,86.79483304565687,85.84070402048307,84.89706366341005,83.96379667330389,83.04078901652724,82.12792791300598,81.2251018224487,80.33220043071806,79.44911463635161,78.57573653723102,77.71195941739782,76.8576777340139,76.0127871044657,75.17718429360971,74.35076720115858,73.53343484920566,72.72508736988685,71.92562599317785,71.13495303482573,70.35297188441325,69.57958699355409,68.8147038642181,68.05822903718489,67.31007008062412,66.5701355788016,65.83833512090938,65.11457929001867,64.3987796521542,63.69084874548871,62.99070006965615,62.29824807518245,61.613408153032445,60.936096624271684,60.2662307298419,59.60372862044887,58.94850934656148,58.300492848520655,57.65959994675714,57.02575233211663,56.39887255629145,55.7788840223573,55.16571097541407,54.55927849332952,53.959512477584745,53.36633964422023,52.77968751488151,52.19948440796313,51.62565942985013,51.058142466255696,50.49686417365402,49.94175597080745,49.39275003038667,48.849779270683094,48.312777347412215,47.781678645607265,47.25641827160183,46.73693204510064,46.22315649133756,45.71502883331976,45.21248698415711,44.71546953947598,44.22391576991638,43.737765613711545,43.25695966934918
50,384.97,373.32,356.65,325.88,334.28,334.3,322.58,308.21,312.91,311.77,281.65,290.85,296.84,283.27,287.39,282.24,265.56,271.86,280.47,274.15,277.17,248.55,264.96,257.8,250.84,254.79,240.95,252.0,228.88,208.35,210.6,206.32,202.45,205.69,204.56,200.92,204.74,202.51,212.26,222.29,232.85,223.93,232.92,224.99,212.53,211.2,208.72,206.5,204.65,203.02,201.34,199.45,197.27,194.81,192.12,189.33,186.59,183.96,181.47,179.11,176.88,174.76,172.73,170.77,168.87,167.02,165.19,163.39,161.6,159.84,158.09,156.36,154.65,152.96,151.29,149.64,148.0,146.38,144.78,143.2,141.63,140.08,138.55,137.04,135.54,134.06,132.59,131.14,129.71,128.29,126.89,125.5,124.13,122.77,121.41239563556954,120.06980381174607,118.74205851817976,117.42899558028176,116.13045263892414,114.84626913036432,113.57628626639153,112.32034701469279,111.07829607943587,109.84997988206729,108.6352465423223,107.43394585944507,106.24592929361656,105.07104994758754,103.90916254851498,102.76012342999924,101.62379051431968,100.50002329486699,99.38868281876961,98.28963166971238,97.20273395094506,96.12785526847887,95.06486271446872,94.01362485077932,92.97401169273303,91.94589469303715,90.92914672588938,89.92364207125873,88.92925639934032,87.94586675518214,86.97335154348175,86.0115905135512,85.06046474444798,84.11985663027069,83.18964986561711,82.26972943120313,81.35998157964075,80.46029382137323,79.57055491076598,78.69065483235097,77.82048478722358,76.95993717958956,76.10890560346098,75.26728482949923,74.43497079200344,73.61186057604287,72.79785240473163,71.99284562664391,71.19674070336869,70.40943919720172,69.63084375897397,68.8608581160143,68.09938706024556,67.34633643641214,66.60161313043776,65.86512505791198,65.13678115270403,64.41649135570262,63.70416660368014,62.99971881828013,62.30306089512636,61.614106693052555,60.93277102345108,60.25896963973944,59.59261922694321,58.93363739139429,58.28194265054295,57.63745442288259,57.0000930179859,56.36977962665121,55.7464363111578,55.129985995628985,54.520352456501705,53.917460313101586,53.321235018322135,52.731602849407125,52.14849089883476,51.571827065302784,51.00154004481319,50.43755932185552,49.87981516068771,49.32823859671334,48.78276142795415,48.24331620661702,47.709836230754,47.182255536014786
51,422.73,380.47,377.63,389.25,359.6,356.17,350.29,341.71,344.85,333.78,338.83,300.8,323.53,284.99,328.24,317.16,291.23,303.5,278.17,272.5,289.34,270.58,280.39,274.01,267.78,257.25,255.21,264.3,211.65,245.77,235.3,228.45,221.89,219.42,218.02,233.56,226.11,220.7,229.04,256.48,242.38,250.92,239.42,239.25,229.86,230.18,227.57,224.9,222.48,220.45,218.62,216.77,214.69,212.34,209.72,206.89,203.98,201.12,198.38,195.78,193.31,190.96,188.71,186.55,184.46,182.42,180.42,178.45,176.5,174.57,172.66,170.77,168.9,167.06,165.23,163.43,161.64,159.87,158.13,156.4,154.69,153.0,151.32,149.67,148.03,146.42,144.82,143.23,141.67,140.12,138.59,137.07,135.57,134.09,132.60218044469093,131.1308692571137,129.67588326572425,128.2370413313912,126.81416432484468,125.40707510437575,124.01559849378283,122.63956126056328,121.27879209434664,119.93312158556724,118.6023822043735,117.28640827977131,115.98503597899865,114.69810328712916,113.42544998690208,112.16691763877587,110.92234956120325,109.69159081112504,108.47448816468048,107.2708900981315,106.08064676899875,104.90360999740692,103.73963324763692,102.58857160988298,101.45028178221195,100.32462205272289,99.21145228190453,98.11063388518868,97.0220298156969,95.94550454717893,94.88092405714025,93.82815581015682,92.78706874137514,91.75753324019513,90.7394211341344,89.73260567287116,88.73696151246445,87.75236469974945,86.77869265690585,85.81582416619736,84.86363935488085,83.92201968028253,82.9908479150401,82.07000813250838,81.15938569232702,80.25886722614821,79.36834062352298,78.48769501794384,77.61682077304242,76.7556094689403,75.90395388875123,75.06174800523297,74.22888696758761,73.40526708840792,72.5907858307689,71.78534179546223,70.9888347083727,70.20116540799445,69.42223583308582,68.65194901046112,67.89020904291812,67.13692109729894,66.3919913926841,65.65532718871702,64.92683677405829,64.2064294549681,63.49401554401521,62.7895063489113,62.092814161469185,61.40385224668355,60.722534831932826,60.048777096300896,59.38249516001727,58.72360607401444,58.072027809601096,57.42767924824994,56.79048017149878,56.16035125096371,55.53721403846308,54.92099095625105,54.31160528735954,53.70898116604728,53.1130435683549,52.52371830276477,51.940932000964494,51.364612108712926
52,443.59,453.02,449.54,418.89,430.9,395.86,416.92,367.54,377.34,362.31,368.02,362.07,361.36,329.11,349.05,333.44,338.28,316.68,309.5,328.32,309.66,301.07,302.63,269.68,297.98,289.71,259.14,269.59,269.96,275.62,253.67,255.88,246.61,242.21,240.07,252.04,250.67,239.48,248.06,257.79,252.81,268.13,241.76,248.5,246.78,250.15,247.68,244.86,242.0,239.39,237.16,235.14,233.08,230.82,228.29,225.51,222.54,219.5,216.53,213.67,210.95,208.36,205.88,203.5,201.2,198.97,196.78,194.62,192.5,190.39,188.31,186.25,184.22,182.2,180.21,178.24,176.29,174.37,172.46,170.58,168.71,166.87,165.04,163.24,161.46,159.69,157.95,156.22,154.51,152.82,151.15,149.5,147.86,146.25,144.62396527034022,143.01600909754924,141.42593048086582,139.85353065429257,138.29861306174956,136.76098333250386,135.2404492568726,133.73682076219592,132.2499098890772,130.77953076788734,129.3254995955305,127.88763461246769,126.46575607999651,125.05968625778279,123.66924938164256,122.29427164157072,120.9345811600142,119.5900079703866,118.26038399582154,116.9455430281627,115.64532070718688,114.3595545000585,113.08808368101225,111.83074931126184,110.58739421913201,109.35786298041144,108.14200189892411,106.93965898731669,105.7506839480596,104.57492815465913,103.41224463307863,102.26248804336609,101.12551466148624,100.0011823613543,98.88935059706984,97.78988038534789,96.70263428814549,95.62747639548148,94.56427230844714,93.51288912240584,92.47319541037947,91.44506120661954,90.42835799036091,89.42295866975623,88.42873756598902,87.44557039756326,86.47333426476774,85.5119076343131,84.56117032413977,83.62100348839463,82.69128960257493,81.77191244883721,80.86275710146964,79.96370991252583,79.07465849761844,78.19549172187067,77.32609968602394,76.46637371270012,75.61620633281639,74.77549127215124,73.9441234380597,73.12199890633639,72.30901490822463,71.50506981756986,70.71006313811608,69.92389549094335,69.14646860204506,68.37768529004333,67.6174494540409,66.86566606160818,66.12224113690387,65.3870817489275,64.66009599990282,63.941193013790155,63.23028292492656,62.52727686679225,61.83208696090195,61.14462630581977,60.46480896629613,59.7925499625256,59.127765259524004,58.47037175662379,57.820287277086095,57.17743055782834,56.54172123926602,55.913079855267476
53,522.09,489.05,507.79,470.02,443.01,456.34,442.73,425.44,399.62,395.44,381.73,392.53,380.34,397.68,379.08,360.77,351.09,345.52,319.67,349.5,320.79,327.85,329.31,316.69,313.19,310.11,310.2,292.0,299.14,289.01,272.89,272.5,269.42,256.63,280.02,266.43,264.38,264.11,245.04,291.41,313.1,273.87,266.46,283.82,270.59,271.65,269.42,266.74,263.72,260.64,257.83,255.38,253.14,250.87,248.4,245.68,242.72,239.6,236.43,233.33,230.35,227.5,224.77,222.15,219.63,217.17,214.78,212.42,210.1,207.8,205.53,203.28,201.06,198.87,196.69,194.54,192.42,190.31,188.23,186.18,184.14,182.13,180.14,178.17,176.22,174.3,172.39,170.51,168.64,166.8,164.98,163.17,161.39,159.62,157.83907888783952,156.0780279674328,154.33662554197497,152.61465238818903,150.91189172872805,149.22812920488536,147.5631528496091,145.916753060818,144.2887225750147,142.6788564411937,141.0869519950401,139.51280883341659,137.9562287891349,136.41701590600863,134.89497641418464,133.38991870574952,131.9016533106083,130.42999287263228,128.97475212607284,127.5357478722388,126.11279895643347,124.70572624514939,123.3143526035174,121.93850287300741,120.57800384937764,119.2326842608704,117.90237474665068,116.5869078354856,115.28611792466162,113.9998412591369,112.72791591092653,111.47018175871739,110.22648046771081,108.99665546968994,107.78055194330943,106.57801679460533,105.38889863772204,104.21304777585472,103.05031618240396,101.90055748234096,100.76362693378047,99.63938140975945,98.52767938021896,97.42838089418706,96.34134756216055,95.26644253868326,94.20353050511876,93.15247765261519,92.1131516652602,91.08542170342395,90.06915838728769,89.06423378055639,88.07052137435296,87.08789607129215,86.11623416973218,85.15541334820209,84.20531265000282,83.2658124679801,82.33679452946726,81.4181418813959,80.50973887557295,79.61147115412179,78.72322563508575,77.84489049819251,76.97635517077707,76.11751031386189,75.26824780839232,74.42846074162567,73.59804339367197,72.77689122418509,71.96490085920226,71.16197007813041,70.3679978008777,69.58288407512876,68.80653006376167,68.03883803240558,67.27971133713694,66.52905441231317,65.78677275854196,65.05277293078483,64.3269625265935,63.60925017447743,62.8995455224011,62.19775922640971,61.50380293938184,60.81758929990744
54,585.24,554.98,528.65,526.49,517.75,465.73,488.0,447.41,446.2,426.53,424.74,407.82,417.27,406.57,402.96,381.62,393.46,401.09,386.87,372.69,381.85,362.63,357.09,341.02,350.12,329.43,346.39,351.13,332.67,331.27,315.03,292.08,286.79,285.92,293.57,294.5,281.51,269.09,278.4,301.03,314.48,307.31,294.09,291.96,289.96,293.89,291.87,289.43,286.52,283.28,279.99,276.96,274.29,271.82,269.32,266.63,263.71,260.58,257.3,254.0,250.76,247.65,244.67,241.8,239.04,236.35,233.74,231.17,228.64,226.14,223.67,221.23,218.81,216.42,214.05,211.71,209.4,207.11,204.85,202.61,200.4,198.2,196.04,193.9,191.78,189.68,187.61,185.56,183.53,181.52,179.54,177.58,175.64,173.72,171.78233385908308,169.8662803711345,167.97159846946144,166.09804977621963,164.24539857242206,162.41341176828215,160.60185887388775,158.81051197020224,157.03914568038908,155.28753714145626,153.55546597621694,151.84271426556282,150.1490665210469,148.47430965777204,146.81823296758162,145.18062809254977,143.56128899876674,141.96001195041714,140.3765954841468,138.81084038371608,137.2625496549356,135.73152850088138,134.21758429738694,132.72052656880814,131.2401669640589,129.77631923291372,128.328799202575,126.89742475450136,125.48201580149451,124.08239426504184,122.69838405291156,121.32981103699775,119.97650303141269,118.63828977082333,117.31500288902956,116.00647589778133,114.71254416583207,113.43304489822577,112.167817115815,110.91670163500751,109.67954104773871,108.45617970166738,107.24646368059256,106.05024078508853,104.86736051335613,103.69767404228742,102.5410342087416,101.39729549102988,100.26631399060669,99.14794741396531,98.04205505473523,96.94849777597935,95.86713799268855,94.79783965447164,93.74046822843815,92.69489068227223,91.6609754674954,90.63859250291571,89.62761315826188,88.6279102379996,87.63935796532867,86.66183196635839,85.6952092544597,84.73936821479151,83.79418858900006,82.85955146008853,81.9353392374557,81.02143564210134,80.1177256919967,79.22409568761809,78.34043319764193,77.46662704479922,76.60256729188795,75.74814522794136,74.90325335455064,74.06778537234,73.24163616759279,72.4247017990267,71.61687948471645,70.81806758916233,70.02816561050308,69.24707416787129,68.47469498888991,67.71093089730815,66.95568580077533,66.2088646787512
55,647.67,620.64,611.42,571.53,585.22,546.96,514.66,524.96,535.41,479.07,497.08,457.51,455.39,426.88,467.63,440.9,420.33,433.3,417.91,416.23,388.13,394.26,404.6,356.02,365.08,365.6,374.6,361.2,362.7,338.22,321.5,336.63,333.18,322.22,310.54,328.28,306.39,312.28,304.64,329.0,350.54,323.6,323.62,314.4,312.81,318.34,316.46,314.19,311.5,308.34,304.85,301.32,298.05,295.13,292.41,289.65,286.72,283.58,280.25,276.81,273.35,269.96,266.7,263.57,260.54,257.6,254.75,251.94,249.19,246.46,243.77,241.11,238.47,235.87,233.29,230.74,228.22,225.73,223.26,220.82,218.41,216.02,213.66,211.32,209.01,206.73,204.47,202.24,200.03,197.84,195.68,193.54,191.42,189.33,187.2230376959073,185.13952275964257,183.07919425675195,181.04179415659536,179.0270673000314,177.0347613674616,175.06462684723087,173.11641700437883,171.18988784973976,169.28479810938555,167.40090919440948,165.5379851710457,163.6957927311215,161.87410116283834,160.07268232187818,158.29131060283098,156.52976291094066,154.78781863416506,153.06525961554718,151.36187012589357,149.67743683675695,148.0117487937196,146.3645973899737,144.73577634019617,143.12508165471377,141.53231161395595,139.95726674319218,138.3997497875499,136.859565687311,135.33652155348295,133.83042664364183,132.3410923380442,130.86833211600484,129.41196153253733,127.97179819525452,126.54766174152631,125.13937381589133,123.74675804772016,122.36964002912708,121.0078472931277,119.66120929203949,118.32955737612299,117.01272477246025,115.71054656406882,114.42285966924784,113.14950282115404,111.8903165476052,110.64514315110806,109.41382668910876,108.19621295446298,106.99214945612337,105.8014854000419,104.62407167028483,103.45976081035782,102.30840700473867,101.16986606061595,100.04399538983039,98.93065399101775,97.82970243194993,96.74100283207284,95.66441884523874,94.5998156426303,93.54705989587521,92.5060197603483,91.47656485865966,90.45856626432655,89.45189648562688,88.45642944963248,87.47204048642004,86.4986063134577,85.53600502016552,84.58411605264756,83.64282019859415,82.71199957235193,81.79153760016011,80.88131900555112,79.98122979491365,79.0911572432163,78.21098987989022,77.34061747486881,76.4799310247827,75.62882273930852,74.78718602766939,73.95491548528591,73.13190688057529,72.3180571418979
56,664.27,672.73,639.35,651.4,652.18,613.24,616.97,574.82,581.7,559.18,528.76,497.81,494.58,469.29,497.3,466.79,459.22,449.76,447.78,459.15,439.27,431.4,427.53,411.51,407.86,413.3,396.35,384.05,394.54,381.38,364.77,356.24,354.82,336.94,341.58,361.32,334.88,346.57,334.89,372.25,380.99,360.28,363.22,346.12,341.2,345.94,344.15,341.98,339.43,336.44,333.0,329.23,325.42,321.87,318.67,315.65,312.61,309.41,306.02,302.47,298.82,295.18,291.62,288.18,284.86,281.65,278.52,275.45,272.43,269.46,266.51,263.6,260.72,257.87,255.05,252.27,249.51,246.79,244.09,241.42,238.78,236.17,233.59,231.04,228.52,226.02,223.55,221.11,218.69,216.3,213.94,211.6,209.29,207.0,204.70377400681136,202.43301977116764,200.18745473793948,197.96679948634755,195.77077769519335,193.59911610847618,191.45154450139103,189.327795646704,187.2276052815008,185.15071207430347,183.0968575925527,181.06578627045042,179.0572453771589,177.07098498535316,175.1067579401218,173.1643198282131,171.24342894762194,169.3438462775143,167.46533544848546,165.60766271314793,163.77059691704576,161.95390946989147,160.157374317122,158.3807679117702,156.62386918664853,154.886459526841,153.16832274250046,151.46924504194763,149.7890150050685,148.12742355700684,146.48426394214857,144.8593316983946,143.25242463171932,141.66334279101085,140.09188844319098,138.5378660486106,137.0010822367183,135.48134578199884,133.97846758017852,132.49226062469452,131.02253998342522,129.56912277567866,128.13182814943633,126.7104772588493,125.30489324198402,123.91490119881509,122.54032816946183,121.18100311266676,119.83675688451227,118.50742221737389,117.19283369910666,115.8928277524626,114.60724261473631,113.33591831763663,112.07869666738127,110.83542122501242,109.60593728693087,108.39009186564557,107.18773367073736,105.99871309003335,104.82288217099045,103.66009460228526,102.51020569560814,101.3730723676595,100.24855312234543,99.13650803317111,98.03679872582946,96.94928836098283,95.87384161723583,94.81032467429695,93.75860519632701,92.71855231547234,91.69003661558051,90.67293011609686,89.66710625613958,88.67243987875138,87.68880721532604,86.7160858702075,85.75415480545992,84.80289432580669,83.8621860637364,82.93191296477421,82.01195927291637,81.10221051622652,80.20255349259166,79.31287625563614
57,750.76,733.39,710.74,720.56,692.5,629.72,636.86,645.21,643.55,633.74,561.56,585.72,566.01,541.94,521.83,545.5,531.68,507.1,503.29,489.81,489.29,474.29,421.18,463.23,458.07,418.12,428.95,414.06,407.07,428.35,406.86,383.66,397.63,382.63,369.0,388.96,356.62,383.51,362.28,388.5,410.34,392.33,396.04,382.95,371.59,375.07,373.34,371.24,368.76,365.89,362.58,358.83,354.76,350.67,346.82,343.32,340.0,336.65,333.16,329.51,325.72,321.87,318.03,314.29,310.66,307.15,303.73,300.38,297.09,293.84,290.63,287.46,284.32,281.21,278.14,275.1,272.1,269.12,266.18,263.28,260.4,257.56,254.74,251.96,249.21,246.48,243.79,241.13,238.49,235.88,233.31,230.76,228.24,225.74,223.24240737201953,220.77244816716006,218.32981664858337,215.91421046213065,213.52533059889666,211.16288135821753,208.82657031106862,206.5161082638666,204.231209222673,201.97159035779265,199.73697196876492,197.52707744974154,195.34163325524787,193.18036886632268,191.04301675703286,188.92931236135854,186.83899404044445,184.77180305021363,182.72748350933972,180.70578236757328,178.70644937441878,176.72923704815798,174.77390064521612,172.8401981298671,170.92789014427376,169.03673997885957,167.16651354300836,165.3169793360879,163.4879084187945,161.67907438481413,159.89025333279756,158.1212238386453,156.3717669280993,154.64166604963776,152.93070704767007,151.23867813602786,149.56536987175014,147.9105751291575,146.27408907421406,144.65570913917233,143.0552349974992,141.47246853907905,139.90721384569105,138.35927716675826,136.8284668953646,135.3145935445374,133.81746972379224,132.33691011593743,130.87273145413496,129.42475249921551,127.99279401724405,126.57667875733401,125.17623142970677,123.79127868399394,122.42164908777961,121.06717310538016,119.72768307685871,118.40301319727179,117.09299949614581,115.79747981718018,114.51629379817554,113.24928285118357,111.99629014287669,110.75716057513498,109.5317407658477,108.31987902992739,107.12142536053392,105.93623141050631,104.76415047400009,103.60503746832762,102.45874891599955,101.32514292696482,100.20407918104712,99.09541891057599,97.99902488320957,96.91476138494794,95.842494203334,94.78209061084037,93.73341934844021,92.69635060935954,91.67075602300963,90.65650863909686,89.6534829119087,88.66155468477322,87.68060117469093,86.7105009571362
58,785.51,794.41,809.06,790.25,777.93,768.27,750.27,714.34,652.86,678.93,628.46,646.52,628.16,555.94,606.08,593.67,580.3,568.23,542.36,537.81,516.24,502.36,515.38,478.35,481.53,456.28,457.02,451.22,446.32,464.7,412.57,439.55,429.21,400.51,400.96,423.99,399.87,430.28,391.57,440.27,433.12,435.46,410.86,403.43,399.14,405.42,403.67,401.61,399.17,396.34,393.12,389.48,385.4,381.03,376.64,372.49,368.67,365.03,361.37,357.58,353.66,349.63,345.56,341.53,337.6,333.77,330.05,326.41,322.84,319.31,315.82,312.37,308.96,305.59,302.25,298.95,295.68,292.45,289.26,286.1,282.97,279.88,276.82,273.8,270.81,267.85,264.92,262.03,259.16,256.33,253.53,250.76,248.02,245.31,242.6190892998444,239.95769635435113,237.32549737059747,234.7221721074843,232.14740383677463,229.60087930455938,227.08228869314618,224.5913255833659,222.12768691729272,219.69107296137346,217.28118726996087,214.89773664924726,212.5404311215938,210.2089838902507,207.90311130446491,205.62253282497028,203.36697098985633,201.1361513808113,198.92980258973577,196.7476561857222,194.58944668239704,192.45491150562066,190.34379096154186,188.2558282050028,186.1907692082905,184.14836273023096,182.12836028562245,180.13051611500418,178.15458715475626,176.20033300752812,174.26751591299086,172.3559007189107,170.4652548525397,168.59534829232018,166.74595353989972,164.91684559245294,163.10780191530714,161.31860241486788,159.54902941184184,157.79886761475342,156.0679040937515,154.35592825470403,152.66273181357636,150.9881087710908,149.33185538766415,147.69377015862028,146.07365378967427,144.47130917268572,142.88654136167816,141.31915754912112,139.76896704247278,138.23578124097963,136.7194136127308,135.21967967196403,133.73639695662058,132.2693850061464,130.81846533953663,129.3834614336213,127.96419870158876,126.56050447174513,125.17220796650643,123.79914028162128,122.44113436562162,121.09802499949859,119.7696487766016,118.45584408275775,117.1564510766094,115.87131167016733,114.60026950957739,113.34316995609797,112.09986006728619,110.87018857839048,109.6540058839473,108.45116401957961,107.26151664399518,106.08491902118223,104.92122800280043,103.77030201076505,102.63200102002213,101.50618654151266,100.39272160532356,99.29147074402356,98.20229997618173,97.12507679006703,96.05967012752647,95.00595036804019
59,879.29,894.76,870.32,860.93,863.62,848.01,814.62,811.0,798.84,752.07,740.25,705.14,720.33,670.49,634.8,649.59,635.03,630.06,623.98,598.88,580.71,549.43,573.56,536.44,514.66,535.7,494.27,526.61,499.79,480.17,492.13,509.93,445.61,441.69,469.97,480.57,434.68,450.75,434.96,460.25,492.69,443.7,440.43,448.66,434.6,438.51,436.55,434.44,432.01,429.18,425.97,422.37,418.36,413.94,409.24,404.53,400.06,395.9,391.91,387.92,383.81,379.6,375.32,371.02,366.77,362.62,358.58,354.62,350.73,346.9,343.11,339.37,335.66,331.99,328.37,324.78,321.24,317.73,314.26,310.82,307.43,304.07,300.75,297.46,294.21,291.0,287.82,284.68,281.57,278.49,275.45,272.44,269.46,266.52,263.60940740045197,260.7306005928915,257.8832324533096,255.06695964854399,252.28144259488093,249.5263454171083,246.80133590801591,244.10608548833844,241.44026916713554,238.80356550260473,236.19565656332225,233.61622788990712,231.06496845710402,228.54157063627986,226.04573015833057,223.57714607699234,221.13552073255377,218.7205597159645,216.33197183333547,213.96946907082707,211.63276655992067,209.32158254306944,207.03563833972433,204.77465831273085,202.5383698350931,200.32650325710065,198.1387918738144,195.97497189290746,193.83478240285748,191.71796534148584,189.6242654648412,187.55343031642192,185.5052101967355,183.47935813318972,181.47562985031306,179.49378374030016,177.5335808338789,175.5947847714958,173.6771617748158,171.78048061853377,169.90451260249327,168.0490315241103,166.2138136510978,164.3986376944884,162.6032847819514,160.82753843140154,159.07118452489559,157.33401128281432,155.61580923832622,153.91637121213026,152.23549228747427,150.57296978544636,148.92860324053606,147.30219437646232,145.69354708226558,144.10246738866078,142.52876344464892,140.97224549438354,139.4327258542904,137.91001889043665,136.40394099614713,134.91431056986553,133.44094799325674,131.98367560954878,130.54231770211103,129.11670047326663,127.70665202333586,126.31200232990881,124.93258322734417,123.56822838649197,122.21877329463776,120.88405523566578,119.56391327043883,118.25818821739237,116.96672263334051,115.68936079449169,114.4259486776716,113.17633394175124,111.94036590927774,110.71789554830579,109.50877545442754,108.31285983299865,107.13000448155859,105.96006677244267,104.80290563558431,103.65838154150484
60,991.74,996.25,972.16,956.19,979.35,930.96,934.98,863.7,893.28,851.68,851.17,796.72,791.03,729.34,714.97,704.87,726.28,690.54,702.87,667.14,635.73,641.83,628.77,605.71,552.85,529.3,559.45,558.67,528.86,532.96,534.47,510.3,495.58,510.96,525.21,499.2,485.6,497.12,476.18,543.75,540.07,480.63,492.15,466.62,466.81,475.52,473.07,470.71,468.18,465.32,462.06,458.43,454.41,449.99,445.19,440.14,435.08,430.26,425.74,421.38,417.02,412.57,408.05,403.48,398.92,394.43,390.03,385.72,381.5,377.33,373.21,369.14,365.1,361.12,357.17,353.27,349.42,345.6,341.83,338.09,334.4,330.75,327.14,323.56,320.03,316.53,313.08,309.66,306.28,302.93,299.62,296.35,293.11,289.91,286.72013994054385,283.5653776948882,280.4453270841692,277.3596061786229,274.3078372508326,271.2896467294907,268.30466515366925,265.35252712759404,262.43287127591566,259.5453401994732,256.68958043154424,253.86524239457708,251.07198035739785,248.30945239288943,245.57732033613556,242.87524974302556,240.20290984931466,237.5599735301346,234.9461172599499,232.36102107295454,229.80436852390457,227.27584664938158,224.77514592948245,222.30196024993054,219.8559868646038,217.4369263584753,215.04448261096115,212.67836275967238,210.3382771645649,208.02393937248434,205.735066082101,203.47137710923056,201.2325953525361,199.01844675960808,196.82866029341693,194.66296789913508,192.5211044713242,190.40280782148298,188.3078186459524,186.23588049417413,184.18673973729778,182.16014553713407,180.1558498154493,178.1736072235977,176.21317511248807,174.27431350288066,172.356785056011,170.46035504453693,168.58479132380535,166.72986430343502,164.89534691921205,163.08101460529474,161.28664526672407,159.5120192522368,157.75691932737766,156.02113064790726,154.30444073350296,152.60663944174854,150.9275189424106,149.26687369199763,147.62450040859935,146.0001980470024,144.39376777408037,142.80501294445418,141.2337390764205,139.67975382814507,138.1428669741177,136.62289038186663,135.1196379889289,133.6329257800742,132.16257176477933,130.70839595495048,129.27022034289058,127.84786887950924,126.44116745277219,125.04994386638809,123.67402781872975,122.31325088198717,120.96744648155016,119.63644987561761,118.32009813503134,117.01823012333159,115.73068647703217,114.45730958611244,113.19794357472425,111.9524342821107
61,1072.0,1093.92,1031.51,1027.72,1066.58,1001.1,1043.9,1017.04,950.73,946.46,961.47,890.56,902.0,824.74,783.53,776.51,799.31,740.73,753.64,713.69,725.55,687.91,691.79,630.9,649.24,641.19,635.96,627.14,575.97,587.05,560.87,562.38,563.41,559.29,547.91,550.06,547.49,538.54,510.69,586.33,570.01,509.4,538.53,514.04,509.4,516.58,513.26,510.36,507.54,504.55,501.21,497.49,493.39,488.92,484.07,478.87,473.43,468.01,462.82,457.91,453.15,448.4,443.59,438.73,433.85,429.01,424.24,419.56,414.96,410.43,405.95,401.52,397.13,392.8,388.51,384.27,380.07,375.92,371.82,367.76,363.74,359.77,355.84,351.95,348.11,344.31,340.55,336.83,333.15,329.51,325.91,322.35,318.83,315.35,311.86213356430125,308.412843986929,305.00170459615555,301.6282934393715,298.29219323089114,294.9929913003346,291.7302795415814,288.5036543622882,285.3127166339652,282.1570716426043,279.036329039854,275.95010279473365,272.898011145882,269.8796765543339,266.89472565681973,263.9427892195803,261.0235020926937,258.13650316490657,255.28143531896546,252.4579453874417,249.66568410904517,246.90430608542155,244.17346973842666,241.47283726787404,238.80207460974952,236.16085139488797,233.54884090810734,230.9657200477942,228.4111692859369,225.8848726286002,223.3865175768374,220.91579508803486,218.4723995376836,216.05602868157433,213.6663836184101,211.30316875283282,208.9660917588585,206.654863543717,204.36919821209167,202.10881303075467,199.87342839359314,197.66276778702246,195.476557755782,193.314527869109,191.17641068728685,189.06194172856303,186.9708594364334,184.9029051472877,182.85782305841366,180.8353601963544,178.835266385616,176.85729421772112,174.90119902060525,172.96673882835077,171.0536743512565,169.16176894623763,167.2907885875536,165.44050183785924,163.6106798195766,161.80109618658292,160.01152709621203,158.24175118156552,156.4915495241297,154.76070562669605,153.04900538658057,151.35623706913984,149.6821912815796,148.0266609470533,146.389441279047,144.77032975604752,143.16912609649094,141.5856322339881,140.01965229282393,138.47099256372815,136.93946147991358,135.4248695933797,133.92702955147823,132.4457560737378,130.98086592894524,129.53217791247994,128.0995128238993,126.68269344477184,125.28154451675555,123.89589271991872,122.52556665130054,121.17039680370883
62,1129.77,1188.98,1141.72,1150.52,1197.19,1118.99,1124.17,1136.34,1073.9,1037.01,990.7,969.77,988.04,910.1,889.89,878.42,875.89,843.1,814.52,786.28,767.33,772.94,709.99,718.55,693.91,688.38,650.66,637.87,630.5,613.44,605.63,631.9,601.94,590.91,606.14,636.89,599.6,612.66,620.63,650.58,643.47,602.37,585.04,564.76,555.38,561.37,556.76,552.95,549.55,546.23,542.72,538.88,534.65,530.05,525.11,519.81,514.19,508.36,502.56,496.98,491.66,486.49,481.34,476.15,470.93,465.73,460.58,455.51,450.52,445.6,440.74,435.93,431.17,426.46,421.81,417.2,412.65,408.14,403.69,399.28,394.92,390.61,386.34,382.13,377.95,373.83,369.74,365.71,361.71,357.76,353.86,349.99,346.17,342.39,338.5775826359768,334.8076154783192,331.07962585579304,327.39314636022675,323.74771478790893,320.14287408163756,316.5781722734156,313.0531624277837,309.5674025857847,306.12045570955115,302.71188962751086,299.3412769802017,296.0081951666902,292.71222629158683,289.4529571126507,286.22997898897853,283.04288782976954,279.89128404366164,276.7747724886314,273.69296242245184,270.6454674537019,267.6319054933214,264.6518987067057,261.7050734663332,258.79106030492073,255.90949386910063,253.0600128736132,250.2422600560096,247.45588213185897,244.70052975045422,241.97585745101117,239.28152361935537,236.61719044509107,233.9825238792473,231.37719359239546,228.80087293323308,226.25323888762918,223.73397203812516,221.24275652388692,218.77928000110293,216.34323360382294,213.93431190523322,211.55221287936254,209.19663786321485,206.86729151932337,204.563881798722,202.28611990432836,200.03372025473539,197.80640044840547,195.60388122826345,193.4258864466841,191.27214303086905,189.14238094860957,187.03633317443055,184.953735656111,182.89432728157814,180.85784984616933,178.844048020259,176.85266931724595,174.88346406189706,172.9361853590433,171.01058906262475,169.1064337450799,167.2234806670759,165.36149374757605,163.52023953424018,161.699487174155,159.89900838489015,158.11857742587662,156.35797107010382,154.61696857613174,152.89535166041495,151.19290446993452,149.5094135551348,147.84466784316155,146.19845861139805,144.57057946129578,142.96082629249662,141.3689972772432,139.79489283507402,138.23831560780047,136.69907043476243,135.17696432835945,133.6718064498543,132.18340808544596,130.7115826226091
63,1246.53,1258.42,1279.9,1235.07,1270.76,1248.63,1226.96,1236.96,1210.76,1163.22,1104.19,1084.03,1090.26,1012.79,996.9,934.8,921.52,897.26,898.35,838.84,871.96,828.94,802.8,783.25,768.86,749.54,777.68,718.81,697.49,679.81,663.7,647.46,675.77,653.9,668.77,669.69,649.84,663.1,638.72,699.08,721.31,653.73,652.24,630.96,609.4,610.78,604.37,599.22,594.87,590.93,587.05,582.99,578.6,573.83,568.72,563.27,557.5,551.43,545.2,539.0,533.02,527.28,521.68,516.11,510.52,504.94,499.39,493.91,488.5,483.17,477.9,472.68,467.52,462.42,457.37,452.38,447.44,442.56,437.73,432.95,428.22,423.55,418.92,414.35,409.83,405.35,400.93,396.55,392.22,387.94,383.7,379.51,375.37,371.27,367.107610616446,362.9918866930162,358.92230505300427,354.89834838515236,350.9195051778929,346.9852696543266,343.09514170792966,339.24862683898243,335.44523609170994,331.6844859921277,327.965898486584,324.2890008809916,320.6533257807401,317.05841103128273,313.5037996593887,309.9890398150541,306.5136847140648,303.0772925812024,299.67942659408715,296.3196548276509,292.99755019923225,289.712690414287,286.4646579127079,283.2530398157453,280.07742787352413,276.93741841314795,273.83261228738576,270.76261482393363,267.7270357752454,264.72548926892586,261.7575937586796,258.8229719758106,255.92125088126485,253.05206161821093,250.21503946515224,247.40982378956497,244.63605800205542,241.89338951103204,239.18146967788473,236.49995377266728,233.84850093027666,231.2267741071232,228.63444003828667,226.07116919515317,223.53663574352618,221.0305175022079,218.5524959020446,216.1022559454311,213.67948616626947,211.28387859037656,208.91512869633533,206.57293537678504,204.2570009001456,201.96703087277106,199.7027342015271,197.4638230567884,195.25001283585064,193.06102212675285,190.89657267250533,188.7563893357184,186.64020006362807,184.54773585351347,182.47873071850233,180.43292165375942,178.41004860305443,176.4098544257045,174.43208486388733,172.47648851032082,170.54281677630507,168.63082386012255,166.7402667157927,164.8709050221768,163.02250115242904,161.19482014379034,159.3876296677206,157.60070000036598,155.83380399335707,154.08671704493466,152.35921707139914,150.65108447887997,148.96210213542162,147.2920553433825,145.64073181214337,144.00792163112175,142.39341724308863,140.79701341778465
64,1377.77,1391.06,1378.44,1362.76,1393.33,1359.08,1338.38,1316.86,1334.64,1341.64,1241.52,1222.42,1163.82,1116.82,1092.42,1075.04,1021.36,1024.56,999.6,989.52,912.23,920.3,898.62,871.48,854.78,837.09,813.62,819.85,777.32,724.48,740.26,708.75,700.65,723.3,695.35,718.04,718.87,709.23,686.51,750.82,790.8,739.6,713.21,674.98,662.62,666.1,657.42,650.41,644.67,639.73,635.2,630.72,626.07,621.08,615.74,610.07,604.09,597.82,591.29,584.62,578.01,571.61,565.42,559.37,553.35,547.34,541.36,535.44,529.59,523.81,518.09,512.44,506.85,501.32,495.84,490.43,485.08,479.79,474.55,469.37,464.25,459.18,454.17,449.21,444.31,439.46,434.66,429.92,425.23,420.58,415.99,411.45,406.96,402.52,398.0242419089047,393.57869707631494,389.18280466882317,384.8360101169872,380.53776504536773,376.28752720334734,372.0847603967224,367.9289344200583,363.8195249898013,359.75601367813647,355.7378878475848,351.76464058633087,347.8357706442727,343.9507823697861,340.10918564719464,336.3104958349388,332.5542337044355,328.83992537962007,325.1671022771641,321.5353010473604,317.944063515669,314.392936624915,310.881472378133,307.4092277820494,303.9757647911955,300.5806502526461,297.2234558513741,293.9037580562158,290.62113806644004,287.37518175891364,284.16547963585737,280.991626773185,277.85322276941974,274.7498716951812,271.68118204323594,268.6467666791069,265.64624279223375,262.6792318476788,259.74535953837267,256.844255737893,253.97555445377048,251.13889378131708,248.333915857969,245.5602668181403,242.81759674858057,240.1055596442311,237.42381336457416,234.77201959046985,232.14984378147489,229.55695513363858,226.99302653776942,224.45773453816844,221.95075929182323,219.47178452805755,217.02049750863208,214.59658898829034,212.19975317574549,209.8296876951028,207.4860935477132,205.16867507445255,202.8771399184224,200.61119898806731,198.3705664207044,196.15495954645954,193.96409885260712,191.79770794830767,189.65551352973932,187.53724534561889,185.44263616310798,183.3714217340999,181.32334076188306,179.29813486817676,177.29554856053514,175.31532920011526,173.35722696980508,171.42099484270744,169.50638855097608,167.61316655499976,165.74109001293044,163.88992275055196,162.05943123148515,160.2493845277257,158.45955429051125,156.68971472151364,154.9396425443531,153.20911697643052
65,1496.87,1498.6,1466.0,1438.22,1532.35,1468.84,1487.16,1445.38,1458.56,1424.5,1413.01,1375.98,1368.33,1265.63,1294.84,1213.65,1194.42,1110.83,1098.49,1054.5,1028.54,965.95,1015.9,939.14,940.04,887.32,865.64,879.16,818.25,820.61,789.33,787.6,776.54,765.53,760.27,771.09,759.7,795.81,767.57,801.46,837.73,783.19,782.21,729.01,722.65,728.15,716.84,707.49,699.84,693.46,687.89,682.71,677.59,672.29,666.67,660.71,654.45,647.9,641.1,634.09,626.97,619.91,613.06,606.4,599.86,593.38,586.92,580.52,574.18,567.92,561.72,555.59,549.53,543.54,537.61,531.74,525.94,520.2,514.53,508.91,503.36,497.87,492.43,487.06,481.74,476.49,471.29,466.14,461.06,456.02,451.05,446.12,441.25,436.44,431.6221353993899,426.8574552440869,422.14537243057987,417.4853063363982,412.87668274856713,408.3189337928535,403.81149786379234,399.35381955548587,394.9453495931661,390.585544765514,386.2738678577242,382.00978758530994,377.7927785286381,373.6223210681871,369.49790132051913,365.41901107496,361.3851477309768,357.39581423624827,353.4505190254174,349.548775959521,345.6901042660878,341.8740284798978,338.1000783843949,334.36778895374766,330.6767002955483,327.026357594145,323.41631105459936,319.84611584726304,316.31533205296563,312.8235246088079,309.3702632545533,305.9551224796117,302.57768147060733,299.237524059527,295.93423867243916,292.6674182787804,289.43666034120065,286.2415667659631,283.08174385389066,279.9568022518546,276.86635690479835,273.81002700829134,270.78743596160604,267.79821132131326,264.8419847553897,261.91839199783243,259.0270728037735,256.1676709050911,253.3398339665099,250.54321354218655,247.77746503277402,245.04224764296026,242.33722433947537,239.6620618095623,237.0164304199062,234.4000041760169,231.81246068206013,229.25348110113168,226.72275011597043,224.219955890105,221.7447900294293,219.29694754420223,216.8761268114668,214.4820295378842,212.11436072297818,209.77282862278508,207.4571447139051,205.16702365795066,202.90218326638671,200.66234446575976,198.44723126331036,196.25657071296533,194.0900928817053,191.94753081630364,189.82862051043256,187.73310087213207,185.6607136916385,183.61120360956778,181.58431808545004,179.57980736661167,177.59742445740082,175.6369250887526,173.69806768809016,171.78061334955834,169.88432580458556,168.0089713927708
66,1650.06,1654.2,1658.88,1630.25,1592.32,1642.6,1567.71,1596.07,1574.14,1520.47,1518.12,1469.93,1507.8,1438.06,1388.5,1302.14,1339.48,1254.2,1220.63,1196.83,1109.62,1136.6,1061.15,1059.71,1071.78,1008.44,985.05,925.57,943.4,893.87,890.98,849.71,837.44,802.71,841.84,894.06,838.26,849.52,805.4,909.76,914.13,869.2,885.99,837.62,802.33,798.39,784.21,772.14,762.08,753.74,746.67,740.41,734.53,728.7,722.7,716.4,709.79,702.88,695.74,688.37,680.82,673.21,665.68,658.33,651.17,644.12,637.13,630.19,623.32,616.52,609.79,603.14,596.57,590.06,583.62,577.26,570.96,564.73,558.57,552.48,546.45,540.49,534.59,528.76,522.99,517.28,511.64,506.06,500.53,495.07,489.67,484.33,479.04,473.81,468.61241404250444,463.47184439911274,458.3876656140651,453.3592590927067,448.38601302622254,443.4673223171988,438.60258850600013,433.7912196979548,429.03263049133824,424.32624190614763,419.67148131365633,415.06778236674256,410.51458493098096,406.0113350164912,401.55748471053363,397.1524921108445,392.7958212597022,388.48694207871756,384.22533030433806,380.0104674240613,375.84184061334685,371.71894267322057,367.6412719685638,363.60833236707873,359.6196331789242,355.6746890970127,351.7730201379632,347.91415158370114,344.09761392369944,340.3229427978524,336.58967893997755,332.89736812193576,329.24556109836556,325.6338135520229,322.0616860397211,318.52874393886333,315.03455739456217,311.57870126733854,308.16075508139517,304.7803029734568,301.43693364217194,298.1302402980696,294.8598206140655,291.62527667650966,288.426214936773,285.2622461633639,282.1329853945698,279.03805189161903,275.97706909235603,272.9496645654249,269.95546996495557,266.9941209857467,264.0652573189406,261.1685226081844,258.3035644062719,255.470034132261,252.66758702906193,249.89588212149025,247.15458217478033,244.44335365355383,241.76186668123827,239.10979499993073,236.48681593070194,233.89261033433579,231.32686257249932,228.78926046933913,226.2794952734985,223.79726162055172,221.34225749584996,218.91418419777517,216.512746301397,214.13765162252793,211.78861118217353,209.46533917137182,207.16755291641906,204.89497284447648,202.64732244955468,200.4243282588709,198.22571979957544,196.05122956584307,193.90059298632562,191.77354839196124,189.66983698413708,187.58920280320123,185.53139269731975,183.4961562916757
67,1819.94,1842.64,1814.45,1768.2,1791.94,1723.38,1765.31,1700.13,1766.92,1719.83,1676.61,1616.81,1641.96,1575.07,1499.45,1495.86,1440.68,1421.72,1387.92,1288.73,1232.87,1208.32,1209.01,1141.88,1154.17,1116.35,1080.81,1061.17,997.15,951.19,969.47,994.31,945.07,894.22,925.62,928.43,937.47,902.28,883.87,998.15,984.97,948.61,972.38,941.89,889.09,879.46,862.47,847.4,834.5,823.66,814.56,806.73,799.7,793.04,786.44,779.67,772.62,765.27,757.67,749.85,741.85,733.71,725.55,717.47,709.58,701.85,694.22,686.67,679.19,671.78,664.46,657.22,650.05,642.96,635.95,629.02,622.16,615.37,608.66,602.02,595.46,588.96,582.54,576.18,569.9,563.68,557.53,551.45,545.43,539.48,533.6,527.78,522.02,516.32,510.66540491088654,505.07273739696245,499.5413192444021,494.0704796669914,488.6595552247832,483.30788974364276,478.01483423567436,472.7797468205201,467.6019926475195,462.4809438187227,457.41597931274595,452.4064849094613,447.4518531155116,442.55148309064,437.70478057482757,432.9111578162284,428.1700334998934,423.4808326772755,418.84298669650656,414.2559331334377,409.71911572343527,405.2319842939232,400.79399469766474,396.4046087467746,392.06329414745346,387.7695244354379,383.5227789121568,379.3225425815869,375.16830608780026,371.0595656531956,366.9958230174054,362.9765853768736,359.0013653250932,355.0696807934998,351.1810549930117,347.3350163562104,343.53109848015487,339.7688400698209,336.0477848821609,332.3674816707762,328.72748413119496,325.12735084674944,321.56664523504645,318.04493549502314,314.56179455458397,311.11680001880944,307.70953411873376,304.33958366068214,301.00653997616377,297.7099988723129,294.4495605828735,291.2248297197197,288.03541522490826,284.88093032325514,281.76099247543215,278.6752233315769,275.62324868541106,272.6046984288608,269.6192065071744,266.6664108745316,263.7459534501385,260.8574800748039,258.0006404679913,255.17508818534012,252.38048057665375,249.61647874434655,246.88274750234626,244.17895533544663,241.50477435910506,238.85988027968054,236.24395235510715,233.65667335599818,231.09772952717606,228.56681054962405,226.06360950285412,223.58782282768735,221.13915028944166,218.71729494152288,216.32196308941462,213.9528642550623,211.60971114164727,209.29221959874695,207.00010858787627,204.73310014840663,202.49091936385798,200.27329432856018
68,1966.46,2008.41,1966.24,1928.62,1953.03,1931.58,1820.36,1936.3,1869.3,1809.62,1857.55,1833.96,1789.83,1737.74,1734.74,1703.93,1632.25,1541.59,1492.91,1447.26,1396.65,1358.96,1347.36,1323.56,1237.61,1258.38,1163.92,1182.69,1108.2,1074.98,1058.93,1030.58,1039.84,1025.33,1066.0,1005.31,998.23,1033.23,1000.96,1096.26,1104.28,1065.32,1033.77,1006.6,973.32,970.72,951.66,933.64,917.63,903.86,892.17,882.24,873.58,865.7,858.19,850.73,843.12,835.24,827.09,818.72,810.17,801.47,792.69,783.91,775.23,766.73,758.37,750.11,741.95,733.86,725.86,717.95,710.12,702.38,694.73,687.15,679.66,672.25,664.92,657.67,650.5,643.41,636.39,629.45,622.59,615.8,609.08,602.44,595.87,589.37,582.94,576.58,570.29,564.07,557.9085449347295,551.8143927370487,545.7868082436013,539.8250643213746,533.9284417799828,528.0962292849072,522.3277232716857,516.6222278610389,510.9790547749224,505.3975232534976,499.8769599730086,494.41669896455613,489.01608153375946,483.67445618129443,478.39117852430115,473.1656112186488,467.9971238820505,462.8850930180175,457.82890194064396,452.8279407002138,447.8816060096199,442.9893011715865,438.1504360066879,433.36442678215207,428.6306961414427,423.94867303460995,419.31779264940275,414.73749634313276,410.207231575283,405.7264518408526,401.29461660442973,396.91119123498413,392.5756469413728,388.2874607085492,384.0461152344703,379.85109886769146,375.70190554564465,371.59803473358943,367.5389913642313,363.52428577799986,359.55343366397904,355.6259560014826,351.74137900226793,347.8992340533808,344.09905766062474,340.3403913926475,336.6227818256392,332.9457804886331,329.3089438094051,325.71183306096367,322.1540143086243,318.63505835766233,315.1545407015371,311.71204147068187,308.3071453818536,304.93944168803523,301.6085241288856,298.3139908817307,295.0554445130897,291.8324919307314,288.64474433625355,285.4918171781804,282.37333010557273,279.28890692214463,276.2381755408811,273.2207679391518,270.2363201143148,267.28447203980556,264.3648676217053,261.4771546557838,258.62098478501173,255.79601345753665,253.00189988511843,250.23830700201842,247.50490142433776,244.80135340980007,242.127336817973,239.48252907092464,236.8666111143096,234.27926737888006,231.72018574241744,229.18905749207963,226.68557728715976,224.2094431222516,221.7603562908174,219.33802134915368
69,2150.9,2132.82,2147.78,2144.33,2174.82,2183.59,2069.71,2077.31,2102.58,2051.01,2025.32,1976.76,1975.53,1909.43,1895.85,1891.76,1783.94,1791.53,1691.94,1640.22,1541.46,1471.5,1506.63,1431.35,1404.66,1291.16,1343.17,1305.64,1220.43,1244.85,1161.49,1160.47,1137.94,1113.1,1093.64,1140.08,1113.55,1092.08,1058.27,1174.88,1195.64,1138.8,1129.78,1089.52,1067.16,1069.02,1049.24,1029.07,1010.04,993.08,978.41,965.84,955.02,945.47,936.69,928.26,919.89,911.38,902.62,893.62,884.43,875.1,865.67,856.19,846.75,837.43,828.26,819.23,810.31,801.48,792.75,784.11,775.57,767.12,758.76,750.49,742.31,734.22,726.21,718.3,710.47,702.73,695.06,687.49,679.99,672.58,665.25,657.99,650.82,643.72,636.7,629.76,622.89,616.1,609.3679701790879,602.7095002112997,596.1237863194484,589.6100335090969,583.1674554725895,576.7952744941332,570.4927213559158,564.2590352452498,558.0934636627304,551.9952623313985,545.963695106894,539.9980338885935,534.0975585317163,528.2615567603938,522.489324081685,516.7801637005357,511.1333864356633,505.54831063636334,500.0242621002235,494.5605739917374,489.15658676180755,483.8116480681278,478.525112696436,473.296342482627,468.1247062357163,463.0095796616462,457.9503452879241,452.9463923890841,447.9971169129635,443.1019214077846,438.2602149500332,433.4714130731252,428.73493769685314,424.0502170576028,419.41668563933297,414.83378410530906,410.300959230583,405.8176638352102,401.3833567181975,396.9975025921714,392.6595720187609,388.3690413446871,384.12539263854933,379.9281136283037,375.7766976394243,371.67064353373934,367.60945564893694,363.59264373873094,359.6197229136808,355.6902135826581,351.8036413949531,347.95953718301297,344.1574369058066,340.3968815928078,336.6774172885905,332.9985949980298,329.3599706321012,325.76110495427287,322.2015635274826,318.68091666169533,315.1987393620327,311.75461127746996,308.34811665009323,304.9788442649114,301.64638740021627,298.3503437784849,295.0903155178192,291.865909083915,288.67673524255724,285.5224090126328,282.4025496196581,279.3167804498137,276.2647290044812,273.24602685527753,270.2603095995796,267.3072168165358,264.38639202355745,261.49748263328644,258.6401399110324,255.81401893267505,253.018778543027,250.25408131465105,247.51959350712758,244.8149850267672,242.13992938676338,239.49410366778065
70,2420.17,2458.13,2392.56,2409.21,2438.94,2283.45,2302.26,2257.8,2263.48,2230.93,2246.06,2162.02,2227.8,2127.61,2118.69,2127.72,2026.0,1978.77,1920.79,1796.7,1772.68,1647.77,1636.25,1541.4,1497.53,1474.44,1484.85,1436.02,1402.57,1382.63,1337.9,1288.87,1263.65,1267.05,1268.78,1209.62,1202.3,1241.72,1210.33,1312.29,1353.33,1271.01,1238.63,1176.49,1167.72,1179.54,1160.1,1139.06,1117.69,1097.54,1079.54,1063.86,1050.31,1038.51,1027.95,1018.15,1008.7,999.3,989.77,980.03,970.07,959.97,949.76,939.49,929.22,919.02,908.94,899.02,889.23,879.54,869.96,860.49,851.11,841.84,832.67,823.6,814.63,805.75,796.97,788.29,779.7,771.2,762.8,754.49,746.26,738.13,730.09,722.13,714.26,706.47,698.77,691.15,683.62,676.17,668.803680004718,661.5176100505098,654.3109158787095,647.1827327549853,640.1322053655798,633.1584877146807,626.2607430229092,619.4381436269143,612.6898708800618,606.0151150542036,599.4130752425189,592.8829592634123,586.4239835654606,580.0353731333929,573.7163613950974,567.4661901296388,561.2841093762802,555.1693773444945,549.1212603249566,543.139032601505,537.221976364064,531.3693816225115,525.5805461214887,519.8547752561354,514.191381988744,508.5896867663216,503.0490174390504,497.56870917963596,492.14810440353443,486.7865526900483,481.4834107042828,476.23804211995116,471.049817543022,465.91811443619815,460.8423170442177,455.8218163199695,450.85600985141343,445.9443017892966,441.0861027756572,436.28082987310705,431.5279064948849,426.8267623356713,422.1768333031577,417.5775614503605,413.02839490867296,408.52878782164606,404.07820027949106,399.6760982542957,395.3219535359454,391.0152436687437,386.75545188872223,382.5420670616341,378.3745836216225,374.252501510558,370.17532611803614,366.14256822202873,362.15374393018226,358.2083746217552,354.30598689018814,350.4461124862996,346.62828826210057,342.8520561152211,339.11696293394255,335.42256054282853,331.7684056489478,328.15405978868387,324.5790892751232,321.04306514601694,317.5455631123099,314.08616350722934,310.6644512359296,307.2800157256844,303.9324508766218,300.6213550129965,297.3463308349924,294.1069853710506,290.90292993071625,287.7337800579997,284.5991554852453,281.49868008750315,278.4319818373973,275.3986927604865,272.39844889111026,269.43089022871715,266.4956606946674,263.5924080895074
71,2683.12,2669.17,2583.08,2553.25,2593.85,2582.96,2518.98,2581.11,2503.76,2318.86,2445.6,2371.45,2442.79,2330.24,2332.69,2292.03,2288.4,2229.38,2147.93,2014.62,1970.13,1934.73,1814.97,1713.15,1664.43,1632.0,1592.86,1560.13,1503.75,1493.45,1433.83,1407.17,1377.87,1390.42,1409.14,1416.28,1302.11,1326.98,1274.21,1446.01,1437.81,1363.32,1346.99,1289.29,1287.76,1303.73,1284.76,1263.9,1241.49,1218.83,1197.46,1178.3,1161.51,1146.86,1133.95,1122.27,1111.32,1100.72,1090.17,1079.51,1068.66,1057.63,1046.49,1035.29,1024.08,1012.9,1001.82,990.88,980.08,969.41,958.86,948.42,938.1,927.88,917.78,907.78,897.9,888.12,878.45,868.88,859.42,850.05,840.79,831.63,822.57,813.61,804.75,795.98,787.31,778.73,770.24,761.85,753.55,745.33,737.2443508192607,729.2464181166907,721.3352503075292,713.5099061302018,705.76945453433,698.1129745699567,690.5395552779719,683.048295581728,675.638304179831,668.3086994400945,661.0586092946438,653.8871711361585,646.7935317152401,639.7768470388943,632.8362822701125,625.971011628545,619.18021829225,612.4630943005083,605.818840457695,599.2466662381906,592.7457896923256,586.3154373533449,579.9548441453821,573.6632532924311,567.4399162283062,561.2840925075783,555.1950497174772,549.1720633907513,543.2144169194696,537.3214014697618,531.4923158974815,525.726466664785,520.0231677576148,514.381740604079,508.8015139937149,503.28182399762966,497.8220138895064,492.4214340674683,487.0794419767888,481.7954020334421,476.56868554848154,471.39867065323904,466.2847422253359,461.22629181549655,456.22271757515546,451.2734241848502,446.3778227833909,441.5353308977983,436.74537237400176,432.00737730828916,427.3207819795004,422.6850287819564,418.099566159116,413.5638485379524,409.0773362640411,404.63949553735307,400.24979834874347,395.9077224171298,391.6127511273515,387.3643734687037,383.16208397413783,379.0053826601213,374.89377496715093,370.82677170090994,366.8038889740645,362.8246481486916,358.8885757793311,354.99520355665544,351.1440682517512,347.33471166100446,343.5666805515842,339.83952660751754,336.1528063763489,332.50608121637924,328.89891724447676,325.3308852844539,321.8015608160044,318.3105239241946,314.8573592495024,311.4416559383979,308.0630075944611,304.72101223002886,301.4152722183672,298.14539424636183,294.91098926772247,291.7116724566943
72,3021.1,2964.38,2892.63,2817.48,2990.24,2892.07,2794.68,2691.75,2785.28,2680.41,2646.6,2708.13,2677.42,2563.95,2587.15,2566.65,2560.38,2504.27,2405.95,2234.39,2187.04,2175.01,2107.37,1971.65,1938.88,1827.6,1766.07,1754.69,1627.98,1635.32,1650.05,1632.7,1572.04,1568.54,1518.14,1605.52,1536.75,1485.39,1464.29,1595.65,1540.23,1499.36,1520.47,1480.99,1436.9,1440.27,1421.24,1400.77,1378.44,1354.61,1330.61,1307.98,1287.61,1269.63,1253.79,1239.68,1226.77,1214.58,1202.72,1190.91,1179.01,1166.95,1154.76,1142.49,1130.2,1117.94,1105.76,1093.71,1081.79,1070.02,1058.38,1046.86,1035.47,1024.2,1013.05,1002.03,991.12,980.33,969.66,959.1,948.66,938.33,928.12,918.01,908.01,898.12,888.34,878.67,869.1,859.63,850.27,841.01,831.85,822.78,813.8662336432432,805.0490365160043,796.3273624144998,787.7001764692225,779.1664550221494,770.7251855052798,762.3753663204891,754.1160067206839,745.9461266922453,737.8647568387457,729.8709382659246,721.9637224679113,714.1421712146803,706.4053564407253,698.7523601349399,691.1822742316908,683.6942005030718,676.2872504523243,668.9605452084128,661.7132154217426,654.5444011610074,647.4532518111538,640.4389259724519,633.5005913606593,626.6374247082659,619.8486116668099,613.1333467102503,606.4908330393887,599.9202824873238,593.4209154259324,586.9919606733624,580.6326554025283,574.3422450505977,568.1199832294593,561.96513163716,555.8769599703016,549.854745837387,543.8977746731044,538.0053396535415,532.1767416123163,526.4112889576182,520.7082975901477,515.0670908219433,509.48699929609046,503.96736090729826,498.5075207233378,493.10683090733113,487.7646506408823,482.48034604804104,477.25329012009007,472.08286264114804,466.96845011457697,461.9094456901887,456.90524909223853,451.9552665482001,447.05891071831064,442.21560062588105,437.4247615883594,432.6858251491427,427.99822901012624,423.3614169649842,418.7748388331733,414.23795039465097,409.750213325301,405.3110951330588,400.9200690947286,396.576614193485,392.2802150570519,388.030361896551,383.8265504460131,379.6682819025437,375.55506286713864,371.48640528613913,367.4618263933219,363.480848652617,359.54299970144524,355.6478122946704,351.79482424915835,347.9835783889365,344.2136224909478,340.4845092313921,336.79579613264923,333.1470455107766,329.53782442357607,325.96770461922284,322.4362624854519
73,3288.86,3309.27,3240.46,3132.21,3238.2,3138.21,3071.32,3085.01,3018.61,3041.27,3041.16,2829.58,3013.93,2819.85,2882.41,2839.95,2820.28,2734.4,2683.09,2486.21,2468.07,2417.49,2363.35,2228.35,2080.78,2057.05,2011.6,2035.47,1837.81,1810.0,1703.31,1777.34,1790.63,1727.8,1768.4,1731.59,1740.14,1674.47,1645.43,1759.95,1714.86,1656.12,1648.04,1605.21,1578.82,1591.58,1572.24,1551.61,1529.56,1505.71,1480.4,1455.01,1431.05,1409.4,1390.15,1373.03,1357.61,1343.36,1329.8,1316.55,1303.37,1290.11,1276.72,1263.24,1249.73,1236.24,1222.83,1209.52,1196.36,1183.35,1170.48,1157.75,1145.16,1132.71,1120.38,1108.2,1096.14,1084.22,1072.42,1060.75,1049.21,1037.79,1026.5,1015.32,1004.27,993.34,982.53,971.83,961.25,950.79,940.44,930.2,920.07,910.05,900.249941715181,890.5554173487026,880.9652904371278,871.4784367552573,862.0937441843388,852.8101125816968,843.6264536517658,834.5416908185123,825.5547590992301,816.6646049796958,807.870186290668,799.1704720857166,790.564442520367,782.0510887325477,773.6294127243227,765.2984272448999,757.057155674898,748.9046319118595,740.8399002569976,732.862015303162,724.9700418240114,717.1630546643797,709.4401386318214,701.8003883893269,694.242908349193,686.7668125680334,679.3712246429236,672.0552776086623,664.8181138361388,657.6588849317955,650.5767516381736,643.5708837355284,636.6404599445051,629.784667829863,623.0027037052347,616.293772538913,609.6570878606509,603.0918716694666,596.5973543424391,590.1727745444888,583.8173791391272,577.5304231001692,571.3111694243955,565.1588890451558,559.0728607469017,553.0523710806415,547.0967142803036,541.2051921800014,535.3771141321902,529.6117969267029,523.9085647106606,518.2667489092426,512.6856881473128,507.1647281718871,501.70322177543756,496.30052872002227,490.95601566223127,485.66905607894205,480.4390301938734,475.2653249049313,470.14733371233547,465.0844566475224,460.07610020281163,455.12167726183065,450.22060703068894,445.37231496989295,440.5762327269946,435.8317980699642,431.13845482128215,426.49565279273935,421.9028477209403,417.3595012035002,412.86508063593,408.41905914920005,404.0209155479769,399.6701342495251,395.3662052232664,391.10862393099046,386.89689126770924,382.73051350314813,378.60900222386726,374.53187427600614,370.4986517086446,366.50886171777427,362.5620365908726,358.6577136520745
74,3673.9,3653.47,3606.45,3519.12,3524.01,3537.24,3397.17,3428.27,3349.54,3242.97,3300.44,3237.69,3155.31,3147.87,3182.19,3077.49,3006.93,3030.32,2998.72,2908.86,2696.31,2684.69,2656.81,2502.47,2385.04,2350.25,2252.24,2219.58,2130.39,2028.5,1970.22,1977.57,1990.66,1949.34,1986.99,1894.26,1841.37,1917.99,1845.29,1954.56,1939.51,1841.44,1812.03,1764.32,1740.97,1760.1,1741.18,1720.15,1697.83,1674.11,1648.64,1621.79,1594.92,1569.56,1546.53,1525.91,1507.39,1490.53,1474.79,1459.71,1444.93,1430.22,1415.44,1400.59,1385.68,1370.79,1355.96,1341.24,1326.66,1312.25,1297.98,1283.88,1269.92,1256.12,1242.46,1228.96,1215.59,1202.38,1189.3,1176.37,1163.58,1150.92,1138.4,1126.02,1113.77,1101.66,1089.67,1077.82,1066.09,1054.49,1043.01,1031.66,1020.43,1009.33,998.5030322189707,987.7922040863532,977.1962697853863,966.7139968630433,956.3441660866806,946.0855713022238,935.9370192938758,925.8973296453293,915.9653346024681,906.1398789375413,896.419819814794,886.8040266575402,877.2913810166614,867.8807764405148,858.5711183462382,849.3613238924352,840.2503218532252,831.2370524936457,822.3204674463901,813.4995295898684,804.7732129275756,796.1405024687541,787.6003941103364,779.1518945201543,770.7940210214,762.5258014783282,754.3462741831825,746.2544877443361,738.2495009756316,730.3303827869083,722.4962120757032,714.7460776201144,707.0790779728137,699.4943213561952,691.9909255586498,684.5680178319517,677.2247347897459,669.9602223071241,662.7736354212785,655.6641382332214,648.6309038105572,641.6731140913012,634.7899597887249,627.9806402972272,621.2443635992114,614.5803461729636,607.9878129015177,601.465996982499,595.0141398389342,588.631491031019,582.3173081688311,576.0708568259803,569.8914104541842,563.7782502987617,557.73066531503,551.7479520856027,545.8294147385708,539.9743648665641,534.1821214466795,528.4520107612693,522.7833663195779,517.1755287802199,511.6278458744902,506.13967233049516,500.71036979809935,495.33930677467663,490.0258585316572,484.7694070418635,479.569340907625,474.4250552896642,469.3359518367457,464.3014386160794,459.32093004447063,454.39384682020915,449.51961585568773,444.69767021074483,439.9274490267212,435.2083974612246,430.5399666235936,425.92161351105455,421.35280094556236,416.83299751131983,412.3616774929661,407.93832081442935,403.5624129784341,399.2334450066588
75,4137.69,4100.74,3997.51,3842.27,4069.31,3876.2,3724.24,3689.46,3702.81,3603.7,3536.73,3582.26,3531.39,3280.47,3483.5,3421.57,3405.22,3238.92,3264.55,3145.71,3075.05,3086.71,2998.8,2820.19,2715.11,2625.12,2470.74,2453.77,2299.27,2246.46,2175.5,2196.22,2190.26,2182.75,2195.68,2120.92,2167.29,2131.51,1985.11,2254.42,2141.37,2092.07,2055.76,2027.77,1944.9,1947.88,1930.71,1910.03,1887.19,1863.07,1837.59,1810.39,1781.9,1753.47,1726.59,1702.06,1679.93,1659.86,1641.39,1624.0,1607.23,1590.73,1574.3,1557.84,1541.34,1524.83,1508.38,1492.04,1475.85,1459.83,1443.97,1428.29,1412.78,1397.43,1382.25,1367.23,1352.38,1337.69,1323.15,1308.77,1294.55,1280.48,1266.56,1252.79,1239.17,1225.7,1212.37,1199.19,1186.15,1173.25,1160.49,1147.87,1135.39,1123.04,1110.9312660028686,1098.9530896341507,1087.1040632079278,1075.3827942160972,1063.7879051647237,1052.3180334121546,1040.9718310088813,1029.7479645391268,1018.6451149641413,1007.6619774671883,996.797261300201,986.049689632092,975.4179993986997,964.9009411543516,954.4972789250279,944.2057900631096,934.025265103691,923.9545076224432,913.9923340950082,904.1375737579111,894.3890684709701,884.7456725811915,875.206252788131,865.7696880107077,856.4348692554531,847.2006994861821,838.0660934950672,829.0299777751046,820.0912903939549,811.2489808691432,802.502010044606,793.8493499685683,785.2899837727383,776.8229055528035,768.4471202502162,760.1616435352538,751.9655016913387,743.8577315006065,735.8373801307085,727.9035050228329,720.0551737809349,712.2914640621614,704.611463468455,697.0142694393297,689.4989891458,682.0647393854554,674.7106464786656,667.4358461659051,660.239483506184,653.1207127765754,646.0786973728245,639.112609711031,632.2216311303899,625.404951796982,618.661770608602,611.9912951006113,605.3927413528079,598.8653338972985,592.4083056273654,586.0208977073154,579.7023594833003,573.4519483950999,567.2689298888553,561.1525773307438,555.1021719215842,549.1170026123625,543.1963660206693,537.3395663480374,531.5459152981707,525.8147319960557,520.1453429079438,514.5370817621975,508.9892894709892,503.50131405284463,498.07251055602177,492.70224098271524,487.3898742140782,482.1347859360529,476.9363585660006,471.79398118012284,466.70704944166505,461.6749655298942,456.69713806984277,451.77298206280926,446.9019188176093,442.08337588256694
76,4510.38,4500.46,4399.76,4277.04,4403.52,4242.98,4122.67,4135.92,4135.33,3919.75,3951.34,3888.54,4002.83,3702.61,3683.8,3842.24,3730.27,3689.04,3658.52,3527.55,3416.67,3426.8,3324.33,3160.96,3087.0,2883.47,2878.71,2820.02,2611.0,2567.87,2457.23,2465.81,2461.89,2391.47,2483.1,2495.39,2443.34,2343.15,2244.21,2581.29,2427.46,2309.48,2290.3,2196.04,2140.21,2157.33,2141.68,2122.76,2100.21,2075.45,2049.42,2022.06,1993.04,1962.8,1932.69,1904.18,1878.03,1854.23,1832.44,1812.18,1792.94,1774.27,1755.85,1737.51,1719.17,1700.82,1682.52,1664.33,1646.29,1628.43,1610.76,1593.28,1575.99,1558.89,1541.97,1525.23,1508.67,1492.29,1476.09,1460.06,1444.21,1428.52,1413.0,1397.66,1382.47,1367.45,1352.6,1337.9,1323.36,1308.98,1294.76,1280.68,1266.76,1252.99,1239.4094633945124,1225.9761194836935,1212.688372918995,1199.5446456430584,1186.5433767023071,1173.683022061564,1160.9620544206841,1148.3789630331692,1135.9322535267536,1123.6204477259298,1111.4420834764019,1099.395714471437,1087.4799100801047,1075.693255177372,1064.0343499760436,1052.5018098605233,1041.0942652223757,1029.810361297671,1018.6487580060938,1007.6081297917934,996.6871654659614,985.8845680511137,975.1990546270613,964.6293561785502,954.1742174445535,943.8323967691945,933.6026659542883,923.4838101134812,913.4746275279688,903.5739295037805,893.7805402306096,884.0932966421738,874.5110482780885,865.0326571472383,855.6569975926287,846.3829561577026,837.2094314541052,828.135334030884,819.1595862451044,810.2811221338682,801.4988872877207,792.8118387254269,784.2189447701085,775.71918492672,767.3115497608557,758.9950407788681,750.7686703092866,742.6314613855214,734.5824476298388,726.6206731385934,718.7451923687047,710.9550700253649,703.2493809509617,695.6272100152072,688.0876520064564,680.6298115242038,673.2528028727457,665.9557499559942,658.7377861734323,651.5980543171954,644.53570647027,637.5499039057937,630.6398169874482,623.8046250709316,617.0435164064984,610.3556880425552,603.7403457303025,597.1967038294093,590.7239852147103,584.3214211839137,577.9882513663105,571.7237236324723,565.5270940049282,559.3976265698099,553.334593389454,547.3372744159522,541.4049574056379,535.5369378345002,529.7325188145144,523.9910110108785,518.311732560149,512.6940089892611,507.13717313542924,501.6405650669138,496.2035320046478,490.8254282447125
77,4997.74,4932.84,4779.82,4718.19,4804.61,4720.52,4522.97,4534.52,4511.17,4408.67,4448.96,4280.16,4432.62,4193.13,4108.33,4002.09,4215.64,4073.7,3983.05,3926.11,3774.59,3774.76,3775.34,3501.66,3426.81,3287.71,3217.82,3120.46,2913.33,2900.03,2791.79,2781.73,2733.54,2665.67,2686.66,2708.99,2655.87,2731.4,2564.91,2869.24,2707.19,2698.54,2523.69,2474.36,2363.54,2395.7,2377.4,2359.99,2339.16,2314.58,2287.77,2259.69,2230.3,2199.31,2167.18,2135.25,2104.97,2077.02,2051.38,2027.66,2005.39,1984.06,1963.26,1942.69,1922.2,1901.75,1881.34,1861.04,1840.89,1820.95,1801.21,1781.68,1762.36,1743.25,1724.35,1705.65,1687.15,1668.85,1650.75,1632.84,1615.12,1597.59,1580.26,1563.11,1546.14,1529.36,1512.75,1496.33,1480.08,1464.01,1448.11,1432.39,1416.83,1401.44,1386.2444948857299,1371.2137512851014,1356.3459827253268,1341.6394221039498,1327.0923214788165,1312.702951860324,1298.4696030059235,1284.3905832168489,1270.464219137051,1256.6888555543114,1243.062855203514,1229.5845985720462,1216.2524837073145,1203.064926026345,1190.0203581274463,1177.1172296039197,1164.3540068597836,1151.7291729275007,1139.2412272876775,1126.8886856907218,1114.6700799804335,1102.5839579195058,1090.6288830169212,1078.803434357218,1067.1062064316077,1055.5358089709237,1044.090866780382,1032.770019576132,1021.5719218235818,1010.4952425774742,999.5386653236983,988.7008878228156,977.980621955283,967.3765935683533,956.8875423246375,946.5122215523065,936.2493980969198,926.0978521748581,916.0563772283477,906.1237797820544,896.2988793012347,886.5805080514227,876.9675109596402,867.4587454771109,858.0530814434627,848.749400952404,839.5465982188542,830.4435794475171,821.4392627028776,812.5325777806092,803.7224660803749,795.007880480008,786.3877852110567,777.8611557356785,769.4269786248684,761.0842514380096,752.831982603727,744.6691913020366,736.5949073477684,728.6081710752571,720.7080332242801,712.893554827235,705.1638070975373,697.5178713192315,689.9548387377965,682.4738104521364,675.0738973077414,667.7542197910086,660.5139079247069,653.352101164577,646.2679482970511,639.2606073380828,632.3292454330726,625.4730387578809,618.6911724209107,611.9828403662557,605.3472452778958,598.7835984849331,592.2911198678544,585.8690377658102,579.5165888848999,573.2330182074503,567.0175789022786,560.8695322359279,554.7881474848651,548.772701848632
78,5577.4,5525.79,5465.05,5243.3,5302.46,5202.66,5067.99,4949.6,4987.09,4857.56,4930.85,4690.68,4827.03,4607.2,4686.14,4640.25,4362.48,4598.48,4523.46,4244.47,4137.61,4231.3,4162.72,4011.97,3892.75,3705.63,3538.96,3556.41,3309.61,3265.98,3149.95,3122.62,3070.83,2907.63,3059.08,3066.12,3074.69,3033.81,2893.17,3226.27,3061.06,2962.22,2966.2,2674.85,2672.05,2675.86,2647.44,2627.19,2607.79,2584.83,2558.02,2528.94,2498.58,2466.96,2433.79,2399.57,2365.64,2333.36,2303.39,2275.65,2249.74,2225.19,2201.49,2178.27,2155.27,2132.36,2109.54,2086.81,2064.26,2041.91,2019.81,1997.93,1976.3,1954.89,1933.71,1912.77,1892.04,1871.54,1851.26,1831.19,1811.34,1791.71,1772.28,1753.07,1734.06,1715.25,1696.65,1678.25,1660.04,1642.03,1624.22,1606.59,1589.16,1571.91,1554.857311412086,1537.9896169956423,1521.3049098622364,1504.8012048949383,1488.4765385121357,1472.32896843391,1456.3565734509475,1440.5574531959578,1424.929727917571,1409.4715382566872,1394.1810450252556,1379.0564289874492,1364.0958906432156,1349.297650014177,1334.6599464318497,1320.181038328164,1305.8592030282555,1291.6927365455035,1277.6799533787948,1263.8191863119848,1250.1087862155357,1236.5471218503053,1223.1325796734666,1209.863563646529,1196.7384950454457,1183.7558122727812,1170.913970671913,1158.2114423432513,1145.6467159624544,1133.2182966006117,1120.9247055463804,1108.7644801300514,1096.736173549523,1084.8383546981636,1073.0696079945399,1061.4285332139953,1049.913745322052,1038.5238743096224,1027.2575650300098,1016.113477037672,1005.0902844287402,994.1866756832641,983.4013535091699,972.7330346879108,962.1804499217922,951.742343682952,941.4174740639808,931.204612630162,921.1025442733151,911.110067067223,901.2259921246302,891.4491434557908,881.7783578285512,872.2124846299504,862.7503857293228,853.3909353428853,844.133019899793,834.9755379096495,825.9173998314519,816.9575279439613,808.0948562174754,799.3283301869953,790.656906826767,782.0795544261841,773.5952524670361,765.2029915020895,756.9017730349855,748.6906094014405,740.5685236517357,732.5345494344814,724.5877308816416,716.7271224948078,708.9517890327038,701.2608053999137,693.6532565368142,686.1282373107041,678.6848524081117,671.3222162282732,664.0394527777644,656.8356955662776,649.7100875035275,642.6617807972758,635.6899368524632,628.7937261714344,621.9723282552461,615.224931506045
79,6099.27,6194.77,6036.3,5770.71,5913.5,5935.3,5678.8,5560.85,5666.88,5442.35,5466.39,5245.78,5347.53,5052.23,5205.79,5234.04,4958.76,4670.12,5000.32,4719.12,4670.37,4627.75,4734.48,4310.45,4380.23,4244.43,4129.72,4002.52,3790.12,3689.52,3494.25,3532.51,3504.4,3392.55,3480.01,3325.29,3389.3,3407.06,3380.55,3727.18,3467.16,3349.4,3272.96,3151.55,3025.75,3011.54,2966.59,2935.68,2913.19,2891.51,2866.12,2836.78,2805.13,2772.21,2738.04,2702.42,2665.83,2629.61,2595.05,2562.76,2532.6,2504.17,2476.99,2450.58,2424.59,2398.82,2373.18,2347.66,2322.33,2297.22,2272.38,2247.81,2223.5,2199.44,2175.65,2152.11,2128.82,2105.78,2082.98,2060.44,2038.13,2016.06,1994.23,1972.63,1951.26,1930.13,1909.22,1888.53,1868.07,1847.82,1827.79,1807.98,1788.38,1768.99,1749.7797689092324,1730.7781500653177,1711.9828780572193,1693.3917120749827,1675.002435642583,1656.8128563536707,1638.8208056101905,1621.0241383638352,1603.4207328603097,1586.0084903863699,1568.7853350196117,1551.7492133809737,1534.8980943899305,1518.2299690223426,1501.7428500709361,1485.4347719083855,1469.3037902529652,1453.3479819367506,1437.5654446763333,1421.9542968460264,1406.5126772535343,1391.2387449180578,1376.1306788508073,1361.1866778379024,1346.4049602256262,1331.7837637080145,1317.3213451167485,1303.0159802133326,1288.8659634835255,1274.8696079340068,1261.0252448912486,1247.3312238025749,1233.7859120393782,1220.387694702474,1207.1349744295705,1194.0261712048264,1181.0597221704795,1168.234081440519,1155.547719916382,1142.9991251046513,1130.5868009367332,1118.3092675904925,1106.1650613138258,1094.1527342501502,1082.2708542657858,1070.518004779215,1058.8927845921953,1047.3938077227035,1036.0197032396977,1024.7691150996725,1013.6407019849878,1002.6331371439545,991.7451082326565,980.9753171584914,970.322479925407,959.7853264808235,949.3626005642132,939.0530595573275,928.8554743360493,918.7686291238547,908.7913213468652,898.9223614904739,889.160572957531,879.504791928066,869.9538672205347,860.5066601545742,851.162044415246,841.9189059187553,832.7761426796269,823.7326646793254,814.7873937362992,805.9392633774398,797.187218710933,788.5302163004936,779.9672240409639,771.4972210352649,763.1191974726826,754.8321545084763,746.6351041447941,738.5270691128828,730.5070827565745,722.5741889170409,714.7274418187983,706.9659059569493,699.288655985651,691.6947766077932
80,6943.65,6969.31,6698.88,6461.85,6755.68,6465.54,6244.16,6125.81,6374.48,5982.9,6160.65,5865.4,6012.22,5749.63,5807.39,5775.64,5718.53,5455.49,5156.78,5405.67,5233.68,5247.61,5256.39,4864.75,4818.72,4616.87,4662.23,4587.67,4316.44,4140.11,4017.6,4080.76,4008.05,3854.19,4039.69,3829.4,3838.24,3777.17,3764.38,4190.61,3930.8,3818.58,3815.48,3508.77,3406.32,3411.06,3348.63,3300.31,3266.58,3241.49,3217.14,3188.94,3156.69,3122.09,3086.22,3049.16,3010.71,2971.41,2932.55,2895.37,2860.38,2827.43,2796.08,2765.85,2736.33,2707.18,2678.26,2649.51,2620.97,2592.68,2564.69,2536.99,2509.59,2482.48,2455.67,2429.13,2402.88,2376.91,2351.22,2325.8,2300.66,2275.78,2251.17,2226.82,2202.73,2178.9,2155.32,2132.0,2108.93,2086.1,2063.52,2041.18,2019.08,1997.21,1975.5483959122923,1954.1217321121119,1932.9274604530485,1911.9630604257143,1891.2260388579955,1870.7139296185537,1850.4242933235437,1830.3547170465117,1810.5028140314407,1790.8662234089077,1771.442609915318,1752.2296636151889,1733.2250996264395,1714.4266578486668,1695.8321026943618,1677.439222823046,1659.245830878291,1641.2497632275856,1623.4488797050317,1605.8410633568242,1588.4242201894965,1571.1962789208912,1554.1551907338385,1537.298929032499,1520.625489201355,1504.1328883668125,1487.8191651613897,1471.682379490464,1455.7206123015465,1439.9319653560617,1424.3145610036013,1408.8665419586248,1393.5860710795857,1378.4713311504495,1363.5205246645837,1348.73187361099,1334.1036192628578,1319.6340219684068,1305.3213609440033,1291.163934069515,1277.1600576858893,1263.3080663949256,1249.606312861219,1236.0531676162523,1222.6470188646138,1209.3862722923145,1196.2693508771881,1183.2946947013425,1170.4607607656496,1157.7660228062448,1145.2089711130184,1132.7881123500733,1120.501969378133,1108.3490810788726,1096.3280021811577,1084.4373030891666,1072.6755697123763,1061.0414032973945,1049.5334202616125,1038.1502520286654,1026.8905448656735,1015.7529597222532,1004.7361720712696,993.8388717513199,983.0597628109225,972.3975633543976,961.8510053894191,951.4188346762196,941.099810578431,930.8927059155428,920.7963068169616,910.8094125776516,900.9308355153423,891.1594008292848,881.493946460539,871.9333229537775,862.476393320587,853.122032904254,843.8691292460146,834.7165819527577,825.6633025661607,816.7082144332467,807.8502525783432,799.0883635764322,790.4215054278715,781.8486474344764
81,7809.41,7588.94,7455.12,7096.17,7391.86,7282.12,6892.17,6883.71,6917.8,6690.86,6708.76,6531.66,6666.49,6301.4,6447.89,6443.3,6278.88,6234.93,6026.24,5408.74,6026.05,5839.27,5812.28,5496.41,5485.59,5262.65,5193.86,5231.95,4788.06,4705.89,4471.18,4603.77,4501.22,4365.7,4633.25,4306.55,4292.6,4381.24,4134.49,4741.12,4489.9,4453.04,4151.78,4092.23,3905.96,3882.21,3806.05,3739.2,3687.13,3650.14,3621.95,3594.44,3562.93,3527.28,3489.24,3449.94,3409.49,3367.76,3325.3,3283.36,3243.09,3204.94,3168.7,3133.94,3100.18,3067.04,3034.26,3001.74,2969.46,2937.47,2905.81,2874.48,2843.49,2812.83,2782.49,2752.48,2722.78,2693.4,2664.34,2635.58,2607.13,2578.98,2551.13,2523.58,2496.33,2469.36,2442.68,2416.29,2390.17,2364.34,2338.78,2313.49,2288.48,2263.73,2239.2261867614684,2214.9876157838203,2191.0114159442514,2167.294747198514,2143.834800244503,2120.6287961894895,2097.6739862209515,2074.9676512809697,2052.507101744151,2030.2896770990303,2008.312745632931,1986.5737041202278,1965.0699775139894,1943.799018640958,1922.7583078998277,1901.9453529627933,1881.3576884803272,1860.9928757891505,1840.8485026233689,1820.9221828287318,1801.211556079988,1781.7142876012963,1762.4280678896675,1743.3506124413966,1724.4796614814572,1705.8129796958258,1687.3483559667018,1669.0836031105964,1651.0165576192537,1633.1450794033776,1615.4670515391329,1597.9803800173895,1580.6829934956822,1563.5728430528552,1546.6479019463598,1529.9061653721835,1513.3456502273748,1496.9643948751393,1480.7604589124796,1464.7319229403479,1448.8768883362895,1433.193477029545,1417.679831278588,1402.3341134510715,1387.1545058061552,1372.139210279188,1357.2864482687244,1342.5944604258425,1328.061506445747,1313.6858648616226,1299.4658328407245,1285.3997259826706,1271.4858781199225,1257.7226411204213,1244.1083846923636,1230.641496191088,1217.3203804280536,1204.1434594818863,1191.1091725114688,1178.215975571055,1165.4623414273863,1152.846759378786,1140.3677350762125,1128.0237903462516,1115.81346301602,1103.7353067399697,1091.7878908285627,1079.969800078803,1068.279634606602,1056.7160096809587,1045.2775555599335,1033.9629173284,1022.7707547375511,1011.6997420461431,1000.7485678634582,989.9159349939667,979.2005602836706,968.6011744681113,958.1165220220206,947.7453610106018,937.4864629424185,927.3386126238768,917.3006080152819,907.3712600884542,897.5493926858848,887.8338423814173
82,8620.62,8646.88,8393.08,7903.05,8179.56,8011.29,7717.27,7731.65,7719.43,7413.27,7464.92,7157.22,7454.34,7089.66,7067.65,7124.0,7193.64,6990.34,6970.72,6533.82,5989.64,6737.55,6634.52,6158.87,6034.3,5792.85,5838.38,5735.81,5400.74,5348.73,5151.31,5087.65,5188.88,4938.4,5166.59,4957.8,4948.37,4855.97,4697.44,5313.45,4980.26,4949.92,4863.71,4548.91,4428.85,4426.63,4341.21,4259.82,4188.26,4132.04,4091.33,4059.55,4028.34,3992.99,3953.41,3911.42,3868.18,3823.84,3778.33,3732.22,3686.71,3642.87,3601.04,3560.99,3522.26,3484.43,3447.16,3410.24,3373.64,3337.37,3301.47,3265.96,3230.81,3196.04,3161.64,3127.6,3093.93,3060.61,3027.64,2995.02,2962.75,2930.82,2899.23,2867.98,2837.05,2806.46,2776.19,2746.24,2716.62,2687.3,2658.3,2629.61,2601.22,2573.13,2545.347275753869,2517.8645284877334,2490.678519275572,2463.786044162851,2437.183933788932,2410.8690530135495,2384.838300547329,2359.0886085862858,2333.6169424502796,2308.4203002253644,2283.495712410006,2258.8402415651167,2234.4509819678683,2210.3250592692443,2186.4596301552892,2162.8518820120157,2139.499032593927,2116.398329696125,2093.5470508299504,2070.9425029021313,2048.5820218973927,2026.4629725644959,2004.5827481056635,1982.9387698693636,1961.5284870464036,1940.3493763693132,1919.3989418149686,1898.6747143104267,1878.1742514419404,1857.8951371671096,1837.8349815301453,1817.9914203802052,1798.362115092771,1778.944752294035,1759.7370435882613,1740.7367252880922,1721.9415581477638,1703.3493270992071,1684.9578409909927,1666.7649323300975,1648.76845702646,1630.966294140292,1613.3563456321194,1595.936536115522,1578.7048126125417,1561.659144311735,1544.797522328834,1528.1179594699934,1511.6184899975938,1495.2971693985737,1479.1520741552627,1463.1813015186885,1447.3829692843321,1431.7552155703056,1416.2961985979218,1401.0040964746363,1385.8771069793308,1370.9134473499173,1356.1113540732329,1341.4690826772037,1326.9849075252557,1312.657121612942,1298.4840363667663,1284.46398144518,1270.595304541728,1256.8763711903187,1243.305564572597,1229.881285327397,1216.601951362254,1203.4659976669482,1190.471876129064,1177.6180553515408,1164.9030204721928,1152.3252729851772,1139.883330564392,1127.5757268887783,1115.40101146951,1103.3577494790495,1091.4445215820494,1079.6599237680778,1068.002567186153,1056.4710779810632,1045.0640971314517,1033.780280289654,1022.6182976232611,1011.5768336583953
83,9830.28,9315.19,9407.71,8896.78,9157.56,8922.16,8460.72,8575.92,8508.96,8275.2,8164.18,8001.04,8298.36,7822.82,7867.77,7983.97,7837.03,7750.47,7667.14,7496.12,7144.2,6553.25,7537.28,6855.57,6912.15,6559.29,6600.2,6453.5,6168.76,6064.53,5854.26,5919.44,5804.39,5647.52,5921.13,5721.01,5640.72,5706.19,5380.09,5901.34,5674.84,5528.86,5521.59,5277.17,5091.57,5047.69,4955.22,4864.11,4777.32,4700.78,4640.07,4595.19,4559.3,4523.84,4484.1,4440.04,4393.55,4345.82,4297.05,4247.24,4196.96,4147.37,4099.41,4053.35,4008.89,3965.62,3923.13,3881.16,3839.59,3798.41,3757.65,3717.32,3677.42,3637.93,3598.87,3560.21,3521.96,3484.11,3446.67,3409.61,3372.95,3336.68,3300.79,3265.28,3230.15,3195.39,3160.99,3126.96,3093.29,3059.98,3027.02,2994.41,2962.14,2930.22,2898.6822119609815,2867.4838633068534,2836.621300671189,2806.0909100085314,2775.8891161711863,2746.0123824905663,2716.457210363045,2687.2201388402605,2658.2977442238407,2629.686639664479,2601.3834747653327,2573.3849351896847,2545.687742272834,2518.288652638155,2491.1844578173,2464.3719838744764,2437.8480910347826,2411.609673316529,2385.653658167529,2359.977006105296,2334.5767103611174,2309.449796527959,2284.5933222121557,2260.0043766888557,2235.68008056117,2211.6175854229914,2187.814073525443,2164.2667574469137,2140.972879766653,2117.9297127418668,2095.134557988302,2072.584746164255,2050.277636657996,2028.2106172785434,2006.381103949777,1984.7865404078382,1963.4243979017879,1942.2921748974868,1921.387396784662,1900.7076155871287,1880.250409676127,1860.0133834867477,1839.9941672374073,1820.190416652344,1800.5998126871013,1781.2200612569623,1762.0488929683117,1743.0840628528863,1724.323350104886,1705.764557820915,1687.4055127427207,1669.2440650027042,1651.2780878721665,1633.5054775122658,1615.9241527276565,1598.5320547227782,1581.3271468607666,1564.3074144249629,1547.4708643829865,1530.8155251533494,1514.3394463745803,1498.0406986768353,1481.917373455967,1465.9675826500231,1450.1894585181528,1434.5811534218924,1419.1408396088032,1403.8667089984406,1388.7569729706245,1373.8098621559905,1359.0236262287945,1344.396533701946,1329.9268717242505,1315.6129458798312,1301.4530799897113,1287.4456159155316,1273.588913365379,1259.8813497017086,1246.3213197513276,1232.9072356174308,1219.6375264936537,1206.510638480129,1193.525034401525,1180.679193627038,1167.9716118923257,1155.400801123356
84,10838.49,10532.33,10187.11,9928.07,10279.15,9799.84,9505.47,9356.69,9400.06,9001.32,9136.98,8913.0,9135.27,8655.6,8900.38,8783.52,8592.81,8593.08,8558.43,8370.53,8365.07,7957.6,7521.69,7882.91,7670.32,7470.73,7363.32,7277.16,6847.38,6889.48,6535.44,6812.21,6799.11,6430.41,6882.6,6431.48,6520.93,6263.4,6129.12,6936.19,6370.84,6183.61,6284.1,6056.54,5775.21,5757.39,5658.33,5559.9,5462.98,5370.58,5288.78,5223.18,5173.63,5133.02,5092.67,5047.89,4998.71,4947.07,4894.2,4840.36,4785.59,4730.52,4676.2,4623.46,4572.46,4522.91,4474.39,4426.57,4379.26,4332.42,4286.07,4240.19,4194.8,4149.88,4105.43,4061.45,4017.93,3974.87,3932.25,3890.09,3848.37,3807.08,3766.23,3725.81,3685.82,3646.25,3607.09,3568.35,3530.01,3492.08,3454.55,3417.42,3380.67,3344.32,3308.4132250415564,3272.891968361243,3237.752090786357,3202.9894975850193,3168.600137989035,3134.5800047218636,3100.9251335316712,3067.6316027293847,3034.695532731713,3002.1130856090713,2969.8804646383624,2937.9939138605514,2906.449717643004,2875.2442002465114,2844.373725396969,2813.8346958616557,2783.623553030059,2753.7367764992027,2724.1708836634257,2694.922429308565,2665.988005210499,2637.3642397379954,2609.0477974598284,2581.035378756112,2553.3237194338053,2525.909590346348,2498.7897970173776,2471.961179268491,2445.4206108509943,2419.1649990816163,2393.1912844821263,2367.496440422823,2342.077472769854,2316.9314195363154,2292.0553505371054,2267.4463670474775,2243.101601465262,2219.0182169767154,2195.193407225953,2171.624395987937,2148.308436844971,2125.242812866668,2102.4248362933577,2079.851848222889,2057.5212183008,2035.4303444138068,2013.5766523865923,1991.9575956818446,1970.5706551035175,1949.4133385032778,1928.4831804901016,1907.7777421429928,1887.294610726784,1867.0313994109858,1846.9857469916608,1827.1553176162772,1807.537800511523,1788.1309097140374,1768.9323838040352,1749.9399856417913,1731.1515021069556,1712.5647438406638,1694.1775449904185,1675.9877629577127,1657.993278148356,1640.1919937254881,1622.581835365241,1605.160751015024,1587.9267106544057,1570.8777060585628,1554.011750564268,1537.3268788383898,1520.8211466488815,1504.4926306382235,1488.3394280993027,1472.3596567536958,1456.5514545323335,1440.9129793585207,1425.4424089332842,1410.1379405230275,1394.9977907494645,1380.020195381806,1365.2034091311837,1350.5457054472736,1336.0453763171104,1321.7007320660557
85,11523.14,11834.61,11359.17,10802.85,11390.32,10958.82,10343.75,10465.97,10343.29,10105.09,10207.07,9778.44,10067.22,9677.49,9761.72,9715.21,9648.98,9317.12,9669.7,9329.84,9208.91,9310.01,9165.21,7886.47,8799.6,8373.42,8304.21,8140.11,7642.47,7731.38,7307.82,7539.66,7681.71,7159.13,7611.78,7411.0,7359.62,7247.56,6988.91,7758.07,7245.14,7113.84,6950.16,6749.54,6552.88,6569.59,6465.16,6360.04,6255.58,6152.67,6054.43,5967.02,5896.08,5841.25,5795.23,5749.23,5698.62,5643.55,5585.98,5527.17,5467.45,5406.95,5346.29,5286.44,5228.1,5171.33,5115.83,5061.23,5007.29,4953.9,4901.06,4848.78,4797.03,4745.83,4695.15,4645.01,4595.38,4546.28,4497.68,4449.6,4402.01,4354.93,4308.33,4262.22,4216.6,4171.45,4126.78,4082.57,4038.83,3995.54,3952.71,3910.33,3868.4,3826.9,3785.9021109817536,3745.3434356623106,3705.2192687098163,3665.5249552010146,3626.255890081219,3587.4075176300676,3548.9753309329967,3510.954871358384,3473.3417280402878,3436.1315373667294,3399.319982473459,3362.9027927431403,3326.8757433099086,3291.2346545692267,3255.975391692999,3221.0938641498774,3186.5860252307075,3152.4478715790565,3118.6754427267724,3085.2648206345198,3052.2121292372335,3019.513533994448,2987.1652414454406,2955.1634987691377,2923.5045933487427,2892.184852341022,2861.200642250209,2830.548368506472,2800.224475048893,2770.225443912926,2740.5477948222615,2711.188084785071,2682.1429076945774,2653.4088939338994,2624.982709985134,2596.8610580426252,2569.0406756303755,2541.518335223557,2514.2908438740747,2487.3550428401454,2460.707807219843,2434.3460455885665,2408.2666996403977,2382.4667438332963,2356.9431850380993,2331.693062191277,2306.713445951413,2282.001438359364,2257.5541725020553,2233.368812179883,2209.4425515776825,2185.7726149392092,2162.3562562451225,2139.190758894408,2116.273435389218,2093.601627023086,2071.1727035724834,2048.984062991677,2027.033131110863,2005.3173613375234,1983.8342343609947,1962.58125786019,1941.55596621446,1920.75592021755,1900.1787067946182,1879.8219387222878,1859.6832543517003,1839.7603173345317,1820.0508163519464,1800.552464846455,1781.2630007566418,1762.1801862547397,1743.3018074870101,1724.6256743169085,1706.1496200710012,1687.8715012876012,1669.7891974680995,1651.9006108309613,1634.203666068354,1616.6963101053864,1599.376511861923,1582.2422620169557,1565.291572775494,1548.5224776379553,1531.933031172027,1515.5213087869695
86,13109.03,12999.23,12623.67,12010.68,12608.77,12183.73,11724.63,11560.0,11497.66,11169.69,11256.95,10982.46,11122.89,10604.13,10871.31,10963.47,10768.21,10574.12,10622.03,10225.99,10103.26,10247.12,10572.54,9564.26,8544.9,9537.34,9357.71,9079.58,8704.46,8607.16,8348.86,8673.4,8452.55,8185.18,8673.47,8353.87,8470.87,8363.75,7930.48,8892.82,8213.29,8082.52,8088.31,7550.83,7422.04,7482.96,7376.94,7266.8,7155.81,7045.42,6936.53,6832.33,6739.07,6662.35,6601.64,6549.43,6496.95,6439.69,6377.89,6313.55,6247.97,6181.54,6114.46,6047.37,5981.14,5916.31,5852.89,5790.56,5729.04,5668.19,5607.96,5548.35,5489.36,5430.98,5373.2,5316.02,5259.43,5203.42,5147.99,5093.14,5038.86,4985.14,4931.98,4879.37,4827.3,4775.78,4724.8,4674.34,4624.41,4575.0,4526.11,4477.73,4429.85,4382.47,4335.634885579179,4289.300294366233,4243.460877308751,4198.111342519231,4153.246454664155,4108.861034359609,4064.949957573349,4021.508155033261,3978.5306116421493,3936.0123658987677,3893.9485093250473,3852.3341858994395,3811.16459149632,3770.434973331379,3730.1406294129406,3690.276907999147,3650.839207060943,3611.8229737507963,3573.2237038771023,3535.0369413842,3497.2582778379447,3459.883351916785,3422.9078489082735,3386.327500210953,3350.1380828415813,3314.335418947605,3278.915375324856,3243.873862940395,3209.2068364604597,3174.9102937834523,3140.9802755779224,3107.412864825485,3074.2041863686263,3041.3504064633353,3008.847732336526,2976.6924117481803,2944.8807325581765,2913.409022297745,2882.273647745503,2851.471014508019,2820.9975666048645,2790.8497860580965,2761.0241924861257,2731.517342701931,2702.3258303155594,2673.446285340883,2644.8753738065525,2616.609797371109,2588.64629294221,2560.981632299928,2533.6126217240685,2506.5361016254756,2479.7489461812743,2453.248062974017,2427.030392634678,2401.0929084894688,2375.4326162104285,2350.046553469745,2324.9317895977706,2300.085425244697,2275.5045920458397,2251.186452290503,2227.128198594385,2203.3270535754787,2179.780269533444,2156.485128132397,2133.4389400870987,2110.6390448524908,2088.0828103165513,2065.767632496435,2043.6909352378577,2021.8501699176938,2000.2428151497545,1978.8663764937082,1957.7183861671122,1936.7964027605217,1916.098010955644,1895.620821246504,1875.3624696635907,1855.3206175009502,1835.4929510461966,1815.877181313407,1796.4710437788726,1777.2722981196725,1758.2787279550419,1739.4881405905035
87,14290.62,13712.89,13810.49,13220.72,13820.9,13245.14,12713.87,12878.12,12669.13,12166.78,12413.24,12098.28,12597.69,11712.4,11868.72,12021.51,11782.56,11660.07,11717.24,11246.75,11324.64,11439.66,11828.96,10925.3,10477.51,9195.82,10585.46,10441.97,9805.72,9548.36,9307.96,9488.08,9687.95,9323.14,9896.53,9533.38,9475.69,9636.94,8949.53,10198.03,9223.72,8989.7,9129.93,8687.72,8462.86,8508.3,8405.82,8294.65,8178.92,8062.08,7945.63,7830.54,7720.07,7620.51,7537.36,7469.9,7410.51,7350.49,7285.5,7215.92,7143.78,7070.38,6996.2,6921.52,6846.98,6773.34,6700.99,6629.87,6559.71,6490.33,6421.67,6353.71,6286.45,6219.87,6153.97,6088.75,6024.2,5960.31,5897.07,5834.49,5772.55,5711.24,5650.57,5590.53,5531.1,5472.28,5414.08,5356.47,5299.46,5243.04,5187.2,5131.94,5077.26,5023.14,4969.587148062945,4916.605235409006,4864.188175123047,4812.329945183937,4761.0245877726975,4710.266208588029,4660.048976169138,4610.367121225773,4561.214935975418,4512.5867734875355,4464.47704703482,4416.880229451349,4369.790852497588,4323.203506232164,4277.112838390333,4231.513553769081,4186.40041361877,4141.768235041275,4097.611890394547,4053.9263067035054,4010.7064650772268,3967.9474001323374,3925.6441994225597,3883.792002874338,3842.3860022284766,3801.4214404877416,3760.893611370339,3720.79785876923,3681.129576217205,3641.88420635766,3603.05724042102,3564.644217706741,3526.640725070834,3489.0423964188535,3451.844912204293,3415.0439989323245,3378.6354286688334,3342.6150185546835,3306.978630325162,3271.7221698345506,3236.84158658576,3202.332873264982,3168.1920652813055,3134.415240311234,3100.998517848066,3067.938058756075,3035.230064829443,3002.8707783559007,2970.8564816850126,2939.1834968010717,2907.8481849005425,2876.8469459740113,2846.176218392595,2815.832478498754,2785.8122402014747,2756.1120545757612,2726.728509466401,2697.658229095955,2668.8978736769236,2640.4441390280504,2612.293756194716,2584.4434910733794,2556.8901440400214,2529.6305495825527,2502.6615759371343,2475.9801247283845,2449.583130613414,2423.4675609296605,2397.6304153464753,2372.068725520424,2346.779554754267,2321.759997659568,2297.007179822908,2272.518257475649,2248.2904171672267,2224.3208754419197,2200.6068785190705,2177.145701976709,2153.9346504385567,2130.9710572643608,2108.2522842435355,2085.775721292064,2063.5387861526374,2041.5389240979857,2019.7736076373744,1998.24033622623
88,15568.62,15639.32,15135.72,14425.13,15021.62,14563.75,13399.92,14003.34,14117.14,13204.92,13445.99,13002.2,13694.71,13086.15,13344.98,13214.51,13242.55,13056.86,12902.39,12636.75,12348.96,12674.92,12857.42,12263.34,12241.55,11376.62,10032.12,12297.11,11087.09,10850.52,10425.71,10856.59,10686.14,10268.69,11220.62,10694.22,10866.14,10953.17,10290.36,11376.54,10753.79,10455.68,10338.42,9685.19,9554.21,9656.13,9557.56,9450.8,9334.52,9213.11,9090.21,8967.4,8845.73,8728.49,8621.98,8531.55,8456.27,8388.45,8319.59,8245.61,8167.02,8085.85,8003.45,7920.35,7836.92,7753.79,7671.58,7590.56,7510.63,7431.59,7353.37,7275.94,7199.29,7123.42,7048.32,6973.98,6900.39,6827.55,6755.45,6684.08,6613.44,6543.53,6474.32,6405.82,6338.02,6270.92,6204.5,6138.76,6073.69,6009.29,5945.55,5882.47,5820.04,5758.24,5697.095046511921,5636.599372202387,5576.746082578431,5517.528356357558,5458.939444690341,5400.972670391279,5343.621427177822,5286.87917891747,5230.7394588828765,5175.195869014852,5120.242079193204,5065.8718265153075,5012.078914582347,4958.857212793135,4906.20065564542,4854.103242044629,4802.559034619939,4751.562159047613,4701.106803381528,4651.187217390799,4601.797711904452,4552.93265816304,4504.586487177161,4456.753689092768,4409.428812563238,4362.606464128096,4316.2813075983395,4270.448063448293,4225.1015082139165,4180.236473897502,4135.847847378699,4091.9305698317853,4048.47963614913,4005.4900943707794,3962.9570451200952,3920.8756410453916,3879.2410862674974,3838.048635833186,3797.293595174408,3756.9713195732666,3717.077213632675,3677.6067307526337,3638.5553726120716,3599.9186886561815,3561.692275589212,3523.8717768726333,3486.4528822286397,3449.43132714892,3412.8028924086443,3376.563403585618,3340.708730584529,3305.2347871662605,3270.137530482194,3235.412960613457,3201.0571201150697,3167.066093564923,3133.436007117554,3100.1630280626564,3067.2433643882778,3034.6732643486584,3002.4490160366545,2970.5669469607064,2939.023423626296,2907.8148511218496,2876.9376727090375,2846.3883694174256,2816.1634596434255,2786.2594987535144,2756.673078691655,2727.400827590895,2698.4394093890846,2669.785523448677,2641.435904180565,2613.3873206719127,2585.63657631794,2558.180508457616,2531.015988013218,2504.139919133725,2477.5492388419916,2451.2409166856696,2425.2119543918407,2399.459385525308,2373.980275150527,2348.7717194971165,2323.830845628927,2299.1548111166203
89,17544.61,17217.74,16795.14,15484.8,16372.69,15984.96,15220.73,15227.22,15809.12,14996.2,14648.7,14285.68,15261.85,14094.78,14589.82,14507.95,14745.18,14399.04,14506.34,13816.09,13942.73,14053.14,14292.46,13390.68,13889.28,12916.25,12502.37,11340.69,12850.29,12197.58,11687.56,12278.56,12309.76,11713.5,12642.18,12146.81,12132.95,12031.0,11497.8,13180.87,11944.19,11784.74,11599.17,11169.31,10883.44,10959.27,10852.35,10750.21,10638.92,10517.18,10389.65,10260.14,10130.36,10001.4,9876.6,9762.19,9663.31,9578.8,9501.02,9421.75,9337.24,9248.16,9156.54,9063.74,8970.35,8876.83,8783.79,8691.71,8600.73,8510.75,8421.7,8333.53,8246.25,8159.83,8074.29,7989.6,7905.75,7822.76,7740.59,7659.25,7578.73,7499.02,7420.12,7342.01,7264.69,7188.16,7112.4,7037.4,6963.17,6889.69,6816.96,6744.97,6673.71,6603.17,6533.432230269184,6464.430978987391,6396.158467594625,6328.606999682256,6261.768960125397,6195.636814224445,6130.203106855688,6065.460461630891,6001.401580065736,5938.019240757075,5875.306298568842,5813.255683826589,5751.860401520507,5691.113530516878,5631.008222777851,5571.537702589456,5512.695265797772,5454.474279053168,5396.868179062518,5339.870471849312,5283.474732021592,5227.674602047609,5172.463791539137,5117.8360765423495,5063.785298836192,5010.305365238159,4957.390246917405,4905.033978715115,4853.230658472042,4801.974446363151,4751.2595642393035,4701.080294975865,4651.430981828225,4602.3060277940995,4553.699894982579,4505.607103989839,4458.022233281441,4410.9399185811635,4364.354852266276,4318.261782769214,4272.655513985564,4227.5309046882985,4182.8828679482085,4138.706370560447,4094.996432477132,4051.748126245943,4008.9565764546455,3966.616959181483,3924.7245014513705,3883.274480697838,3842.262224230647,3801.6831087090404,3761.532559620545,3721.806050765286,3682.4991037457444,3643.6072874619063,3605.1262176117375,3567.051556196942,3529.3790110339355,3492.104335269983,3455.22332690445,3418.731828315105,3382.625725789432,3346.900949060886,3311.553470850048,3276.5793064106315,3241.974513080274,3207.73518983608,3173.857476854857,3140.3375550779933,3107.1716457809343,3074.3560101472026,3041.886948846919,3009.760801619775,2977.9739468624093,2946.522801220141,2915.4038191830155,2884.613492686117,2854.1483507141024,2824.004958909911,2794.1799191876044,2764.6698693493036,2735.4714827061603,2706.58146770334,2677.996567548961,2649.713559846957
90,17245.77,18067.44,18237.99,17455.49,18270.14,17647.81,16448.44,16643.25,16403.86,16084.26,16598.03,15904.4,16580.44,15547.24,16220.11,16015.52,15788.27,15650.38,15934.55,15258.93,14912.7,15348.14,15578.16,14544.25,14680.94,14176.47,14371.08,13778.75,12808.34,13545.95,13332.09,13784.65,13581.54,13242.66,14265.67,13405.85,13537.79,13681.38,12854.0,14592.22,13533.38,13325.9,13263.71,12987.74,12487.19,12460.59,12322.02,12211.51,12105.28,11988.83,11860.93,11726.5,11589.53,11451.84,11314.59,11181.15,11057.61,10948.82,10853.4,10763.84,10672.32,10575.54,10474.3,10370.63,10265.88,10160.71,10055.67,9951.27,9847.89,9745.58,9644.3,9544.01,9444.71,9346.39,9249.04,9152.65,9057.21,8962.72,8869.17,8776.54,8684.84,8594.05,8504.16,8415.17,8327.06,8239.84,8153.49,8068.0,7983.37,7899.59,7816.65,7734.54,7653.26,7572.8,7494.430846435374,7416.872717093022,7340.117218871078,7264.15604552594,7188.980976773401,7114.583877399071,7040.95669637801,6968.091466003469,6895.980301024651,6824.615397793398,6753.989033419695,6684.093564935929,6614.921428469788,6546.465138425725,6478.717286674887,6411.670541753428,6345.317648069129,6279.651425116211,6214.664766698287,6150.350640159352,6086.702085622729,6023.712215237892,5961.374212435086,5899.681331187658,5838.626895282022,5778.204297595181,5718.406999379723,5659.228529556221,5600.662484012947,5542.702524912846,5485.342380007668,5428.575841959208,5372.39676766757,5316.7990776063725,5261.776755164846,5207.323845996732,5153.4344573759245,5100.102757558773,5047.3229751529925,4995.089398493101,4943.396375022318,4892.238310680868,4841.6096693006,4791.504972005888,4741.91879662072,4692.8457770819305,4644.280602858494,4596.218018376845,4548.652822452131,4501.579867725356,4454.994060106352,4408.890358222508,4363.263772873214,4318.109366489938,4273.422252601906,4229.197595307292,4185.430608749904,4142.116556601267,4099.250751548068,4056.8285547849187,4014.845375512352,3973.29667044002,3932.177943295036,3891.484744335402,3851.212669868465,3811.3573617743714,3771.914507034439,3732.879837264417,3694.2491282525757,3656.018199502574,3618.18291378106,3580.7391766699507,3543.6829361233467,3507.0101820290365,3470.7169457745285,3434.7992998175837,3399.253357261188,3364.0752714329246,3329.2612354686994,3294.807481900772,3260.7102822500538,3226.965946622623,3193.5708233104156,3160.5212983960478,3127.813795361732,3095.4447747022323
91,19193.88,19017.42,19110.4,18926.02,19063.0,18515.21,17366.8,18059.38,18309.81,17474.17,18474.58,17145.13,17704.86,16897.64,17593.45,17620.1,17551.9,17142.23,17582.96,16930.77,16582.75,16980.1,16811.46,16180.56,16412.97,16040.77,15623.56,16384.9,14440.61,14360.8,14380.05,15309.35,15321.1,14277.03,15598.22,15009.6,15240.67,15322.1,14404.87,16472.06,15149.35,15234.31,15141.22,14677.13,14241.92,14246.93,14058.22,13916.23,13803.08,13693.81,13573.43,13440.79,13301.07,13158.46,13014.86,12871.52,12731.77,12601.53,12485.31,12381.48,12282.69,12181.63,12075.42,11965.02,11852.41,11738.9,11625.2,11511.86,11399.32,11287.78,11177.27,11067.78,10959.29,10851.8,10745.3,10639.78,10535.24,10431.66,10329.03,10227.36,10126.64,10026.84,9927.98,9830.04,9733.0,9636.88,9541.65,9447.32,9353.86,9261.29,9169.58,9078.73,8988.74,8899.6,8811.700951842544,8724.670059856935,8638.498749489136,8553.17853087375,8468.7009979976,8385.057827871515,8302.240779710346,8220.241694121043,8139.052492298772,8058.665175230968,7979.07182290924,7900.264593549077,7822.235722817244,7744.977523066819,7668.4823825797785,7592.742764817071,7517.751207676094,7443.500322755502,7369.982794627279,7297.191380116001,7225.118907585214,7153.758276230863,7083.102455381699,7013.1444838065945,6943.877469028704,6875.294586646391,6807.389079660871,6740.154257810489,6673.583496911576,6607.67023820581,6542.407987714029,6477.790315596428,6413.810855519063,6350.463304026627,6287.741419921408,6225.639023648396,6164.149996686441,6103.268280945449,6042.987878169515,5983.302849345956,5924.207314120181,5865.695450216342,5807.761492863703,5750.39973422868,5693.6045228524845,5637.3702630943235,5581.691414580106,5526.562491656577,5471.978062850864,5417.93275033535,5364.421229397825,5311.438227916891,5258.978525842525,5207.036954681792,5155.608396989623,5104.687785864631,5054.2701044499045,5004.350385438732,4954.923710585203,4905.985210219652,4857.530062768883,4809.553494281128,4762.050777955711,4715.017233677341,4668.448227555017,4622.339171465479,4576.685522601177,4531.482783022695,4486.726499215603,4442.41226165168,4398.5357043544755,4355.092504469161,4312.078381836625,4269.489098571784,4227.320458646045,4185.568307473911,4144.228531503645,4103.297057812003,4062.769853702945,4022.6429263103323,3982.912322204529,3943.574127002904,3904.6244649841697,3866.059498706536,3827.875428629634,3790.068492740171
92,21184.09,20926.03,20634.41,20078.88,21642.1,19938.2,19804.07,20021.35,20065.08,19351.49,19851.4,19096.29,19781.87,18461.7,19082.66,18883.47,19236.8,19147.06,19485.46,18544.36,18185.03,18803.72,18833.39,18228.93,17796.1,17589.64,17795.37,18077.09,16676.38,16621.97,15476.58,16974.25,17059.14,16072.87,17535.81,16705.59,17009.95,17162.61,16148.07,18491.39,17147.38,16717.07,17299.65,16249.56,16007.59,16115.09,15876.5,15682.94,15537.48,15421.31,15308.7,15184.44,15047.49,14903.2,14755.85,14607.42,14459.15,14314.31,14178.45,14055.57,13943.83,13836.23,13726.17,13611.3,13492.7,13372.25,13251.18,13130.21,13009.82,12890.34,12771.86,12654.38,12537.91,12422.44,12307.95,12194.44,12081.9,11970.33,11859.72,11750.06,11641.34,11533.57,11426.72,11320.8,11215.8,11111.71,11008.53,10906.24,10804.85,10704.34,10604.71,10505.95,10408.05,10311.01,10215.150689446367,10120.182562920274,10026.097335269595,9932.886798367528,9840.542820396524,9749.05734513884,9658.422391273716,9568.63005168106,9479.672492751632,9391.541953703621,9304.230745905592,9217.731252205711,9132.035926267212,9047.137291910054,8963.027942458684,8879.700540095866,8797.14781522252,8715.362565823516,8634.337656839352,8554.066019543696,8474.540650926681,8395.75461308397,8317.701032611472,8240.373100005707,8163.764069069722,8087.867256324553,8012.676040426152,7938.18386158772,7864.384221007428,7791.270680301461,7718.836860942306,7647.076443702297,7575.983168102309,7505.550831865586,7435.773290376644,7366.644456145214,7298.158298275147,7230.308841938286,7163.090167853202,7096.4964117687905,7030.521763952671,6965.16046868433,6900.406823752988,6836.255179960135,6772.699940626677,6709.735561104679,6647.356548293646,6585.55746016129,6524.332905268763,6463.677542300299,6403.586079597237,6344.0532746963545,6285.073933872526,6226.642911685598,6168.755110531506,6111.405480197547,6054.589017421792,5998.300765456596,5942.535813636163,5887.289296948134,5832.556395609155,5778.332334644391,5724.612383470959,5671.391855485212,5618.666107653883,5566.430540109019,5514.680595746678,5463.411759829364,5412.619559592156,5362.2995638524935,5312.447382623599,5263.058666731484,5214.129107435527,5165.654436052568,5117.630423584505,5070.052880349351,5022.917655615716,4976.220637240697,4929.957751311127,4884.124961788159,4838.7182701551565,4793.733715068861,4749.167372013795,4705.015352959886,4661.273806023262,4617.938915130217
93,21798.78,22832.26,22352.46,21899.59,23370.0,22762.23,20855.04,21512.51,22016.05,20874.8,21544.29,20224.81,21851.17,20317.04,20871.31,20561.13,21129.65,20919.57,21340.39,20439.32,20417.88,20708.32,21444.99,19454.9,20344.38,19328.25,19553.54,20025.1,17821.37,18768.36,17498.93,17777.34,18941.71,17760.82,19405.31,18301.2,18810.74,19139.11,17709.04,20761.24,19279.6,18845.32,18798.89,18235.32,18045.12,18183.15,17912.71,17669.07,17471.75,17323.41,17204.5,17088.78,16960.94,16820.09,16671.7,16520.13,16367.38,16214.73,16065.29,15924.17,15794.81,15675.15,15558.69,15439.65,15316.26,15189.7,15061.73,14933.48,14805.62,14678.54,14552.43,14427.31,14303.17,14180.01,14057.82,13936.59,13816.33,13697.01,13578.65,13461.22,13344.73,13229.17,13114.53,13000.81,12888.0,12776.09,12665.09,12554.97,12445.75,12337.41,12229.94,12123.34,12017.61,11912.73,11808.927092344808,11706.028682956401,11604.026890387784,11502.913901867832,11402.68197270288,11303.323425683515,11204.830650496553,11107.196103142122,11010.412305355841,10914.471844036023,10819.367370675873,10725.091600800633,10631.637313409634,10538.997350423204,10447.164616134398,10356.132076665512,10265.892759429322,10176.439752595024,10087.766204558828,9999.865323419157,9912.730376456435,9826.354689617388,9740.731647003855,9655.854690366044,9571.717318600211,9488.3130872507,9405.63560801635,9323.67854826117,9242.435630529311,9161.900632064235,9082.067384332086,9002.929772549223,8924.481735213862,8846.717263641782,8769.630401506118,8693.215244381117,8617.46593928991,8542.376684256187,8467.94172785982,8394.155368796315,8321.011955440143,8248.505885411836,8176.6316051488975,8105.383609480417,8034.7564412054035,7964.744690674803,7895.342995377143,7826.546039527795,7758.348553661818,7690.74531423034,7623.731143200472,7557.30090765869,7491.449519417692,7426.171934626662,7361.463153384947,7297.318219359084,7233.732219403182,7170.700283182594,7108.2175828008785,7046.279332430016,6984.88078794383,6924.017246554623,6863.684046452962,6803.876566450614,6744.590225626589,6685.820482976263,6627.562837063564,6569.812825676192,6512.56602548383,6455.818051699346,6399.564557742943,6343.801234909232,6288.523812037214,6233.728055183129,6179.409767296159,6125.564787896959,6072.188992758987,6019.278293592614,5966.828637731976,5914.836007824571,5863.296421523546,5812.205931182673,5761.560623553984,5711.356619488035,5661.590073636783,5612.257174159059
94,23888.02,24952.45,24880.69,23269.47,23694.47,23879.3,23025.28,22426.79,23710.6,22487.21,23468.1,21805.59,23465.01,21854.45,23637.66,22746.59,22742.35,22731.3,23249.86,22176.84,21889.64,22052.28,22909.65,22194.53,21922.12,21103.77,21161.92,21875.45,19880.24,20677.42,19911.14,20272.87,20101.31,19519.19,21976.99,19871.7,20999.15,21287.8,19666.57,22220.69,21048.75,20862.39,20735.84,19722.34,20065.19,20421.79,20137.61,19863.22,19616.41,19416.65,19266.21,19145.01,19026.55,18895.64,18751.53,18599.78,18444.76,18288.49,18132.28,17979.03,17833.32,17697.95,17570.71,17445.7,17318.09,17186.74,17052.9,16918.15,16783.52,16649.56,16516.51,16384.41,16253.26,16123.06,15993.79,15865.47,15738.07,15611.6,15486.04,15361.41,15237.68,15114.86,14992.93,14871.9,14751.76,14632.51,14514.14,14396.64,14280.0,14164.24,14049.33,13935.28,13822.07,13709.72,13598.397642649315,13487.979218219663,13378.457386813243,13269.824868131918,13162.074440993278,13055.198942850608,12949.191269316772,12844.044373691973,12739.751266495314,12636.305015000198,12533.69874277348,12431.925629218365,12330.97890912102,12230.851872200872,12131.53786266454,12033.03027876342,11935.32257235482,11838.408248466705,11742.28086486594,11646.934031630053,11552.361410722482,11458.556715571254,11365.513710651103,11273.226211068968,11181.688082152861,11090.893239044082,11000.835646292724,10911.509317456488,10822.908314702734,10735.026748413777,10647.858776795389,10561.398605488459,10475.640487183842,10390.578721240296,10306.20765330555,10222.521674940446,10139.515223246113,10057.182780494191,9975.518873760042,9894.518074558948,9814.174998485269,9734.484304854508,9655.440696348307,9577.038918662312,9499.273760156908,9422.140051510769,9345.632665377247,9269.746516043537,9194.47655909261,9119.817791067895,9045.76524914068,8972.314010780216,8899.459193426497,8827.195954165707,8755.519489408283,8684.425034569616,8613.90786375332,8543.963289437099,8474.586662161133,8405.773370219034,8337.51883935127,8269.818532441115,8202.667949213032,8136.062625933541,8069.998135114494,8004.470085218758,7939.4741203683025,7875.005920054647,7811.061198851656,7747.63570613068,7684.725225777996,7622.32557591455,7560.432608617975,7499.042209646856,7438.150298167251,7377.75282648142,7317.845779758761,7258.425175768929,7199.487064617122,7141.027528481524,7083.0426813528675,7025.528668776118,6968.481667594258,6911.897885694146,6855.7735617544395,6800.10496499557
95,25490.75,25355.52,25812.99,25453.46,26284.0,25715.17,23488.61,24552.03,25020.18,24771.43,25124.02,24610.74,25125.98,23649.73,24842.95,25077.96,24859.83,24302.68,24631.52,24859.43,24133.2,23834.75,24812.3,23144.55,24247.89,23267.08,23675.13,23708.51,22044.39,22183.17,22436.85,22625.96,22928.08,21122.04,22888.78,22698.14,23550.48,23181.31,22062.02,24788.65,23304.73,22537.73,22759.84,21612.74,22352.36,22840.7,22547.43,22260.97,21984.76,21736.54,21535.61,21383.82,21260.75,21139.94,21006.45,20859.75,20705.4,20547.74,20388.82,20229.91,20073.69,19924.14,19783.38,19649.1,19516.14,19380.69,19242.23,19102.06,18961.58,18821.6,18682.46,18544.23,18406.91,18270.48,18134.94,18000.3,17866.54,17733.67,17601.67,17470.55,17340.3,17210.91,17082.39,16954.72,16827.91,16701.95,16576.83,16452.56,16329.12,16206.52,16084.75,15963.8,15843.67,15724.36,15606.199599833257,15488.927113716278,15372.535869436051,15257.019244917774,15142.370667848107,15028.583615301226,14915.651613367705,14803.568236786192,14692.327108577836,14581.921899683468,14472.346328603511,14363.594161040604,14255.659209544881,14148.53533316196,14042.216437083536,13936.696472300626,13831.969435259405,13728.02936751964,13624.870355415687,13522.48652972002,13420.872065309313,13320.021180833022,13219.928138384443,13120.587243174266,13021.992843206563,12924.139328957224,12827.021133054792,12730.632729963727,12634.96863567001,12540.02340736914,12445.791643156475,12352.267981719871,12259.447102034665,12167.323723060928,12075.892603443011,11985.148541211325,11895.086373486381,11805.700976185051,11716.987263729032,11628.940188755496,11541.55474182993,11454.825951161121,11368.748882318281,11283.31863795031,11198.530357507158,11114.379216963283,11030.860428543192,10947.96924044904,10865.700936590272,10784.050836315306,10703.014294145225,10622.586699509478,10542.76347648355,10463.540083528631,10384.912013233208,10306.874792056637,10229.423980074595,10152.555170726493,10076.263990564757,10000.546099006,9925.39718808406,9850.812982204907,9776.789237903386,9703.32174360177,9630.406319370153,9558.038816688635,9486.215118211294,9414.93113753191,9344.182818951496,9273.966137247533,9204.27709744496,9135.111734588876,9066.466113518962,8998.336328645577,8930.718503727572,8863.608791651723,8797.003374213871,8730.898461901683,8665.290293679032,8600.175136772035,8535.549286456659,8471.409065847956,8407.750825690851,8344.57094415253,8281.865826616373,8219.631905477436
96,26985.47,27827.52,27810.35,27636.31,28373.11,27236.78,26730.85,26550.51,27096.95,26693.58,27578.4,25495.53,27833.6,26097.45,27138.05,26794.76,26687.83,26238.8,27158.31,26550.09,25967.29,26088.32,26787.63,25282.12,25650.58,25267.72,25945.85,26024.24,23442.11,24609.21,23644.42,25435.85,26058.5,24122.91,24997.85,24465.01,26240.83,25216.66,24264.34,27589.67,24946.48,25050.47,24879.99,23791.77,24847.36,25449.62,25142.46,24848.75,24562.29,24286.35,24038.53,23837.76,23685.42,23560.97,23438.26,23302.8,23154.27,22998.21,22838.87,22678.29,22517.72,22359.54,22207.08,22061.79,21921.33,21781.4,21639.27,21494.98,21349.85,21204.99,21060.88,20917.61,20775.19,20633.6,20492.85,20352.93,20213.83,20075.57,19938.13,19801.5,19665.69,19530.7,19396.52,19263.14,19130.57,18998.8,18867.83,18737.65,18608.26,18479.66,18351.85,18224.81,18098.56,17973.08,17848.851052403737,17725.480768510126,17602.96321328254,17481.292492706998,17360.46275350863,17240.468182870067,17121.30300815183,17002.961496614604,16885.437955143458,16768.726729973954,16652.822206420173,16537.71880860459,16423.41099918985,16309.893279112364,16197.160187317773,16085.20630049823,15974.026232831491,15863.614635721828,15753.966197542706,15645.075643381266,15536.937734784568,15429.547269507553,15322.899081262816,15216.988039472035,15111.809049019172,15007.357050005348,14903.627017505436,14800.613961326308,14698.312925766784,14596.718989379224,14495.827264732752,14395.63289817816,14296.131069614397,14197.31699225668,14099.185912406225,14001.733109221555,13904.953894491395,13808.843612409122,13713.397639348801,13618.611383642747,13524.480285360625,13430.999816090094,13338.165478718953,13245.972807218795,13154.417366430152,13063.494751849144,12973.200589415574,12883.530535302514,12794.480275707334,12706.045526644162,12618.222033737817,12531.005572019109,12444.391945721622,12358.376988079835,12272.956561128693,12188.126555504521,12103.882890247347,12020.22151260457,11937.13839783599,11854.6295490202,11772.690996862286,11691.31879950289,11610.509042328567,11530.25783778347,11450.561325182323,11371.415670524699,11292.817066310565,11214.76173135713,11137.245910616924,11060.265874997167,10983.81792118036,10907.898371446134,10832.503573494321,10757.629900269256,10683.27374978528,10609.431544953464,10536.099733409521,10463.27478734292,10390.95320332715,10319.131502151205,10247.806228652189,10176.973951549104,10106.63126327778,10036.774779826948,9967.401140575432,9898.507008130491
97,28932.21,29990.43,30304.44,27341.74,29067.56,28808.86,27142.86,29265.18,28021.26,28013.33,28423.41,28008.52,29065.11,28326.0,28590.07,27887.43,28674.91,28673.34,28932.82,28408.18,27545.74,27312.51,29299.71,27800.33,27271.64,26673.81,26770.98,27776.86,25220.07,26526.44,26015.15,26368.36,27412.71,26338.22,28173.64,25875.41,26885.56,28412.57,26322.1,29716.37,27896.76,27453.56,27285.67,25796.67,27397.46,28232.26,27913.92,27608.31,27316.7,27032.66,26759.29,26513.87,26314.77,26162.86,26037.67,25913.69,25777.08,25627.74,25471.09,25311.29,25150.31,24989.35,24830.5,24676.38,24527.79,24382.49,24237.12,24090.05,23941.81,23793.55,23645.92,23499.07,23352.98,23207.65,23063.09,22919.28,22776.24,22633.95,22492.41,22351.63,22211.59,22072.3,21933.76,21795.96,21658.9,21522.58,21386.99,21252.14,21118.02,20984.63,20851.96,20720.02,20588.8,20458.3,20329.208783149596,20200.932127737236,20073.464893906374,19946.801974232785,19820.938293519936,19695.868808595613,19571.588508109868,19448.09241233421,19325.375572962057,19203.433072910502,19082.260026123266,18961.851577374935,18842.2029020764,18723.309206081558,18605.165725495226,18487.767726482227,18371.11050507775,18255.189386998845,18139.999727457132,18025.536910972703,17911.79635118918,17798.77349068994,17686.463800815516,17574.86278148215,17463.965961001446,17353.768895901234,17244.267170747506,17135.456397967497,17027.332217673895,16919.890297490125,16813.12633237678,16707.036044459113,16601.615182855618,16496.85952350773,16392.76486901054,16289.327048444657,16186.541917209026,16084.405356854913,15982.913274920855,15882.061604768694,15781.846305420622,15682.26336139728,15583.308782556847,15484.97860393517,15387.268885586898,15290.175712427606,15193.695194076927,15097.823464702662,15002.556682865901,14907.891031367082,14813.822717093053,14720.347970865083,14627.46304728784,14535.164224599313,14443.447804521695,14352.310112113188,14261.74749562076,14171.756326333827,14082.33299843885,13993.473928874857,13905.175557189878,13817.434345398275,13730.246777838996,13643.609361034689,13557.518623551736,13471.971115861152,13386.96341020037,13302.492100435893,13218.553801926822,13135.14515138923,13052.2628067614,12969.903447069928,12888.063772296635,12806.740503246354,12725.930381415537,12645.630168861686,12565.836648073619,12486.546621842544,12407.756913133955,12329.464364960331,12251.665840254642,12174.358221744651,12097.538411828005,12021.203332448127,11945.349924970877,11869.975150061995
98,30270.07,31651.34,29893.74,30370.06,30731.96,29229.05,29058.08,29071.63,29645.76,28574.98,29334.45,28330.1,31444.12,30213.85,29549.44,29986.31,29589.58,29814.39,31208.58,30044.19,30470.21,30010.54,31446.19,29200.46,30038.87,28898.63,29270.42,31287.88,27711.55,28029.27,27752.93,29210.55,29334.89,28430.46,31489.77,28470.42,28603.05,29663.65,29373.82,32780.65,30793.09,29443.58,30067.85,28521.72,30188.2,31115.02,30808.55,30494.4,30193.48,29906.87,29628.06,29360.0,29119.43,28923.88,28773.68,28648.71,28524.43,28387.83,28239.06,28083.39,27924.74,27765.04,27605.41,27447.6,27293.52,27143.42,26995.28,26846.77,26697.28,26547.59,26398.4,26249.89,26102.07,25954.92,25808.44,25662.65,25517.53,25373.08,25229.3,25086.2,24943.76,24801.99,24660.89,24520.46,24380.69,24241.58,24103.14,23965.35,23828.22,23691.75,23555.93,23420.77,23286.26,23152.4,23020.03153855202,22888.419862991723,22757.56064657184,22627.449587282266,22498.082407708644,22369.454854891726,22241.562700187587,22114.401739128574,21987.967791285108,21862.256700128244,21737.264332893013,21612.986580442594,21489.41935713317,21366.55860067966,21244.400272022147,21122.940355193106,21002.174857185364,20882.099807820843,20762.71125962003,20644.005287672215,20525.977989506442,20408.625484963235,20291.94391606702,20175.92944689931,20060.578263472573,19945.886573604883,19831.85060679522,19718.466614099525,19605.730868007468,19493.639662319874,19382.189312026916,19271.376153186946,19161.196542806047,19051.64685871828,18942.72349946659,18834.422884184416,18726.741452477974,18619.6756643092,18513.22199987938,18407.37695951341,18302.137063544793,18197.498852201195,18093.45888549073,17990.01374308887,17887.160024226003,17784.894347575602,17683.213351143117,17582.1136921554,17481.592046950835,17381.64511087007,17282.269598147388,17183.46224180264,17085.219793533914,16987.539023610676,16890.416720767647,16793.849692099204,16697.83476295441,16602.368776832674,16507.448595279944,16413.071097785563,16319.233181679665,16225.931762031169,16133.16377154638,16040.926160468136,15949.215896475554,15858.029964584337,15767.365367047663,15677.219123257633,15587.588269647273,15498.469859593115,15409.860963318331,15321.758667796408,15234.16007665538,15147.06231008262,15060.462504730156,14974.357813620545,14888.745406053271,14803.622467511696,14718.986199570516,14634.833819803785,14551.162561693425,14467.969674538277,14385.25242336368,14303.008088831557,14221.23396715101,14139.927369989437
99,31598.25,30604.69,31266.2,32399.54,33000.0,31375.2,29494.46,31982.3,32256.2,32945.75,33178.9,30310.26,33511.53,29843.22,33148.18,32824.35,32828.06,31782.55,31988.17,31765.59,31649.52,32317.55,32124.67,31388.54,32545.75,30097.61,31311.62,32707.4,29141.77,30490.91,30122.38,31790.22,32472.48,30469.84,33586.29,31783.17,32427.21,29985.17,30978.0,34834.65,32421.99,31163.54,32231.51,29587.29,32589.53,33999.64,33743.45,33444.21,33137.79,32844.87,32566.41,32295.93,32036.21,31803.22,31613.37,31466.45,31342.93,31219.62,31084.56,30938.11,30785.29,30629.79,30473.4,30317.17,30162.46,30010.55,29861.23,29712.88,29564.26,29415.48,29267.09,29119.29,28972.07,28825.43,28679.38,28533.91,28389.03,28244.72,28101.0,27957.86,27815.29,27673.31,27531.9,27391.08,27250.83,27111.16,26972.06,26833.54,26695.59,26558.22,26421.41,26285.18,26149.53,26014.44,25880.70439768551,25747.65630628136,25615.292191416425,25483.60853688914,25352.60184457412,25222.26863432921,25092.605443903052,24963.6088288431,24835.275362404125,24707.601635457195,24580.584256399092,24454.219851062226,24328.505062625005,24203.43655152266,24079.010995358527,23955.225088815798,23832.075543569696,23709.55908820015,23587.672468104873,23466.4124454129,23345.775798898598,23225.759323896073,23106.359832214042,22987.574152051162,22869.399127911736,22751.83162052193,22634.868506746334,22518.50667950504,22402.743047691078,22287.5745360883,22172.99808528971,22059.010651616172,21945.609207035563,21832.790739082327,21720.55225077747,21608.890760548926,21497.80330215236,21387.286924592365,21277.33869204409,21167.95568377522,21059.134994068423,20950.87373214413,20843.16902208375,20736.01800275329,20629.417827727328,20523.36566521342,20417.858697976844,20312.894123265796,20208.46915273691,20104.581012381208,20001.226942450383,19898.404197383512,19796.110045734113,19694.341770097573,19593.096667038986,19492.372047021316,19392.16523433396,19292.473567021658,19193.294396813802,19094.625089054065,18996.463022630418,18898.8055899055,18801.65019664735,18704.994261960503,18608.8352182174,18513.170510990203,18417.997598982944,18323.313953963992,18229.11706069891,18135.404416883634,18042.173533077996,17949.421932639594,17857.147151658013,17765.346738889355,17674.018255691135,17583.159275957492,17492.767386054737,17402.840184757253,17313.37528318369,17224.37030473352,17135.82288502387,17047.730671826776,16960.091325006626,16872.902516458045,16786.16193004403,16699.867261534426
100,33926.75,36382.87,34307.83,32504.21,35779.65,34139.4,33385.36,35285.08,35919.82,32561.24,34528.74,31788.43,35377.82,32487.55,33741.31,34714.46,35975.71,36632.92,35568.4,33195.33,34502.09,34483.32,35828.81,32470.04,32599.52,32874.73,34536.79,34291.73,31643.28,33665.56,32503.49,33815.3,34314.55,31210.37,36010.9,33353.16,35786.91,35000.95,31272.85,36834.23,35231.65,35145.91,34116.7,32634.12,35408.16,36848.86,36680.09,36433.13,36144.04,35848.35,35566.3,35298.76,35039.38,34790.72,34567.78,34385.65,34243.52,34122.75,34001.76,33869.79,33727.43,33579.37,33429.0,33277.95,33127.16,32977.62,32830.03,32683.95,32538.33,32392.82,32247.63,32102.94,31958.73,31815.0,31671.76,31529.0,31386.74,31244.95,31103.65,30962.84,30822.52,30682.67,30543.32,30404.45,30266.06,30128.16,29990.74,29853.81,29717.36,29581.39,29445.91,29310.91,29176.4,29042.37,28911.791092428102,28781.79928746191,28652.391945398904,28523.56643840509,28395.3201504616,28267.650477311596,28140.554826407366,28014.03061685769,27888.07527937542,27762.686256225326,27637.861001172132,27513.596979428832,27389.891667605207,27266.74255365657,27144.147136832784,27022.102927627464,26900.60744772741,26779.65822996231,26659.252818254616,26539.388767569682,26420.063643866102,26301.275024046303,26183.020495907313,26065.2976580918,25948.104120039297,25831.437501937657,25715.295434674732,25599.675559790267,25484.575529427995,25369.993006287972,25255.925663579103,25142.37118497191,25029.32726455148,24916.79160677064,24804.76192640335,24693.23594849828,24582.211408332656,24471.686051366214,24361.657633195464,24252.123919508074,24143.082686037542,24034.531718517992,23926.468812639232,23818.89177400198,23711.798418073296,23605.18657014226,23499.054065275748,23393.398748274536,23288.218473629477,23183.511105477974,23079.27451756059,22975.50659317787,22872.20522514737,22769.368315760843,22666.993776741674,22565.079529202445,22463.62350360274,22362.623639707097,22262.077886543208,22161.984202360225,22062.340554587343,21963.144919792485,21864.395283641243,21766.08964085596,21668.225995175017,21570.802359312278,21473.816754916763,21377.267212532442,21281.151771558274,21185.46848020837,21090.21539547236,20995.390583075965,20900.992117441674,20807.018081649683,20713.466567398937,20620.335674968395,20527.623513178463,20435.328199352556,20343.447859278913,20251.980627172496,20160.924645637126,20070.27806562776,19980.039046412945,19890.205755537427,19800.77636878496,19711.74907014124
101,38014.95,34198.03,37880.05,37319.23,37475.76,34030.03,34645.67,35863.11,36575.23,36888.68,34085.67,35229.2,35887.41,36479.4,36067.67,40138.29,36275.83,35713.69,37564.77,37356.67,35890.01,35710.92,37322.62,36024.32,38501.17,35113.18,35292.2,35341.53,34830.33,36779.87,35245.31,36157.21,35728.03,35667.6,39204.81,37813.11,36903.68,40454.38,33795.88,37373.82,35771.63,37321.84,37174.42,34664.24,39168.11,40619.76,40461.07,40228.86,39957.02,39678.99,39413.79,39162.22,38918.33,38684.51,38474.89,38303.63,38170.0,38056.43,37942.67,37818.57,37684.72,37545.5,37404.11,37262.08,37120.29,36979.68,36840.9,36703.54,36566.62,36429.8,36293.28,36157.23,36021.63,35886.48,35751.8,35617.57,35483.79,35350.47,35217.61,35085.21,34953.26,34821.77,34690.74,34560.16,34430.03,34300.37,34171.15,34042.4,33914.1,33786.25,33658.86,33531.92,33405.44,33279.41,33154.101793209236,33029.26541409478,32904.89908606623,32781.00103922267,32657.569510327437,32534.602742783063,32412.098986606252,32290.05649840299,32168.473541343734,32047.34838513868,31926.67930601316,31806.464586683087,31686.70251633054,31567.391390579396,31448.529511471086,31330.11518744044,31212.14673329157,31094.622470173952,30977.540725558487,30860.899833213713,30744.698133182086,30628.93397175637,30513.605701456097,30398.71168100412,30284.250275303228,30170.219855412943,30056.61879852627,29943.445487946636,29830.698313064877,29718.37566933632,29606.475958257946,29494.99758734562,29383.938970111474,29273.298526041282,29163.074680571997,29053.265865069327,28943.870516805426,28834.887078936634,28726.314000481343,28618.149736297906,28510.392747062666,28403.04149924803,28296.094465100654,28189.550122619705,28083.406955535196,27977.663453286405,27872.318111000382,27767.369429470535,27662.815915135285,27558.656080056815,27454.888441899908,27351.511523910827,27248.523854896317,27145.923969202653,27043.71040669481,26941.881712735638,26840.43643816521,26739.37313928016,26638.690377813164,26538.38672091245,26438.46074112142,26338.91101635833,26239.736129896057,26140.934670341932,26042.50523161765,25944.44641293928,25846.7568187973,25749.43505893676,25652.479748337482,25555.889507194366,25459.662960897742,25363.798740013794,25268.295480265107,25173.151822511223,25078.366412729298,24983.937901994857,24889.864946462567,24796.146207347134,24702.780350904235,24609.76604841155,24517.10197614985,24424.786815384152,24332.819252344947,24241.197978209522,24149.92168908332,24058.98908598139
102,38121.93,38906.55,35859.63,35979.41,37879.16,37842.95,35804.45,36371.47,37738.85,37514.47,38813.21,35590.49,39502.94,38621.57,36864.67,36358.22,39781.55,38016.3,40750.1,37229.56,39222.32,39395.59,41392.37,36252.05,40230.77,37723.82,38520.88,40275.68,35102.49,37647.75,36815.32,38250.37,38073.88,38109.93,39254.98,37036.12,40283.48,42641.43,40716.14,41665.41,36553.31,40934.5,37260.27,35961.68,43351.39,44815.21,44667.73,44451.93,44199.3,43940.91,43694.45,43460.66,43234.0,43016.7,42821.89,42662.73,42538.54,42433.0,42327.27,42211.94,42087.54,41958.17,41826.77,41694.77,41563.0,41432.32,41303.35,41175.7,41048.45,40921.29,40794.42,40667.98,40541.96,40416.36,40291.19,40166.45,40042.13,39918.23,39794.75,39671.7,39549.08,39426.88,39305.1,39183.75,39062.82,38942.31,38822.23,38702.57,38583.34,38464.52,38346.13,38228.16,38110.62,37993.49,37876.6191204091,37760.10774457782,37643.95476664513,37528.15908415168,37412.719598029405,37297.63521259102,37182.90483551968,37068.5273778586,36954.501754000674,36840.826881678244,36727.501681952774,36614.525079204606,36501.89600112282,36389.61337869496,36277.67614619694,36166.08324118296,36054.83360447534,35943.92618015452,35833.35991554906,35723.13376122558,35613.246670978864,35503.69760182188,35394.485513975924,35285.60937086073,35177.06813908462,35068.86078843471,34960.986291867135,34853.44362549729,34746.23176859013,34639.34970355045,34532.79641591326,34426.57089433414,34320.67213057962,34215.09911951768,34109.850859108126,34004.92635039312,33900.324597487706,33796.04460757035,33692.085390873486,33588.44596067418,33485.12533328471,33382.12252804328,33279.43656730464,33177.066476430904,33075.01128378221,32973.27002070754,32871.841721535544,32770.72542356532,32669.920167057324,32569.424995224246,32469.238954221913,32369.36109314026,32269.7904639943,32170.52612171511,32071.567124140867,31972.91253200793,31874.56140894188,31776.512821448676,31678.765838905765,31581.319533553266,31484.172980485157,31387.325257640496,31290.775445794676,31194.522628550683,31098.56589233043,31002.904326366042,30907.537022691256,30812.46307613277,30717.681584301678,30623.191647584874,30528.99236913654,30435.082854869626,30341.46221344736,30248.129556274784,30155.083997490332,30062.324653957425,29969.85064525606,29877.661093674484,29785.75512420086,29694.131864514933,29602.790444979797,29511.7299986336,29420.949661181327,29330.448570986617,29240.225869063554,29150.28069906853
103,42892.77,33626.1,41688.38,37218.23,37014.4,32493.91,38325.16,35481.43,41109.97,38933.33,41436.29,36441.46,40123.28,37711.99,35591.92,41514.16,45514.22,41142.86,39052.4,42821.5,42442.26,41554.26,42634.13,40533.72,41757.87,36960.72,41820.64,44729.93,35118.72,41619.08,38730.08,40276.96,42040.91,38547.8,42880.35,38947.82,44023.53,41143.36,40953.72,44601.06,40204.51,41449.37,39367.91,39482.8,47894.43,49371.49,49236.18,49038.2,48806.43,48569.37,48343.26,48128.77,47920.82,47721.47,47542.74,47396.72,47282.78,47185.96,47088.96,46983.15,46869.02,46750.33,46629.78,46508.68,46387.78,46267.9,46149.58,46032.46,45915.72,45799.06,45682.67,45566.66,45451.05,45335.82,45220.99,45106.54,44992.48,44878.81,44765.54,44652.65,44540.14,44428.03,44316.31,44204.98,44094.03,43983.48,43873.31,43763.53,43654.14,43545.13,43436.52,43328.29,43220.45,43112.99,43004.841631146934,42896.96455105593,42789.358079202684,42682.021536769986,42574.954246643436,42468.15553340717,42361.62472333958,42255.36114440908,42149.36412626988,42043.633000257745,41938.16709938577,41832.965758340164,41728.02831347608,41623.354102813435,41518.94246603267,41414.792744470666,41310.904281116535,41207.276420607486,41103.908509224726,41000.79989488928,40897.949927157904,40795.35795721899,40693.02333788849,40590.94542360576,40489.12357042957,40387.55713603399,40286.245479704376,40185.1879623333,40084.38394641652,39983.83279604897,39883.53387692074,39783.48655631307,39683.690203094404,39584.14418771633,39484.84788220966,39385.80066018047,39287.00189680613,39188.45096883136,39090.147254564334,38992.0901338727,38894.27898817972,38796.71320046035,38699.39215523732,38602.315238577314,38505.48183808702,38408.891342909345,38312.54314371949,38216.43663272116,38120.57120364271,38024.946251733294,37929.56117375911,37834.41536799953,37739.50823424337,37644.83917378501,37550.40758942075,37456.21288544491,37362.25446764614,37268.53174330369,37175.04412118361,37081.79101153507,36988.7718260866,36895.985978042445,36803.43288207877,36711.11195434006,36619.02261243536,36527.16427543465,36435.53636386516,36344.13829970773,36252.96950639315,36162.029408798524,36071.31743324364,35980.83300748736,35890.575560724,35800.54452357975,35710.73932810904,35621.15940779101,35531.804197525904,35442.6731336315,35353.765653839575,35265.08119729235,35176.61920453893,35088.37911753183,35000.3603796234,34912.56243556233,34824.98473149015,34737.626714937745
104,39224.63,39684.33,33934.25,37209.3,43043.81,36056.34,48250.9,46851.39,37364.04,43345.11,41037.46,41393.88,40849.34,43927.41,40535.37,49209.74,43262.1,35701.91,52540.27,42627.01,43311.1,44578.31,43786.57,41078.31,42507.16,37735.85,41611.1,45466.29,39468.3,41143.91,40430.11,41952.4,43803.06,39869.16,44016.93,43192.15,44710.86,45143.39,42035.4,48514.85,46339.36,42737.61,41859.53,45931.39,52700.41,54191.46,54069.04,53889.91,53680.2,53465.71,53261.12,53067.05,52878.91,52698.53,52536.81,52404.7,52301.61,52214.0,52126.24,52030.51,51927.24,51819.85,51710.77,51601.2,51491.82,51383.34,51276.29,51170.32,51064.7,50959.14,50853.83,50748.87,50644.26,50540.01,50436.1,50332.55,50229.35,50126.51,50024.01,49921.87,49820.08,49718.64,49617.55,49516.82,49416.44,49316.41,49216.73,49117.4,49018.42,48919.79,48821.52,48723.59,48626.02,48528.79,48429.746292921605,48330.90472679731,48232.26488907223,48133.826368033464,48035.588752808406,47937.55163336299,47839.714600500025,47742.077245857436,47644.63916190659,47547.399941950614,47450.359180122636,47353.516471384166,47256.87141152333,47160.42359715326,47064.172625710344,46968.11809545258,46872.25960545789,46776.59675562246,46681.129146659034,46585.8563800953,46490.77805827219,46395.89378434222,46301.20316226784,46206.705796819806,46112.401293575494,46018.289258917255,45924.36930003082,45830.64102490357,45737.104042323015,45643.75796187506,45550.60239394244,45457.63694970305,45364.86124112836,45272.27488098177,45179.877482817,45087.66866097649,44995.64803058975,44903.815207571824,44812.16980862161,44720.71145122032,44629.439753629835,44538.354334891155,44447.45481482279,44356.740814019155,44266.21195384902,44175.86785645391,44085.70814474652,43995.732442409164,43905.940373892205,43816.331564412445,43726.90563995162,43637.66222725478,43548.600953828805,43459.721447940756,43371.0233386164,43282.50625563865,43194.16982954597,43106.01369163089,43018.03747393844,42930.24080926462,42842.62333115487,42755.184673902535,42667.924472547325,42580.84236287383,42493.93798140997,42407.210965425475,42320.6609529304,42234.28758267356,42148.090494141106,42062.069327554935,41976.22372387123,41890.55332477898,41805.05777269843,41719.73671077963,41634.58978290094,41549.61663366753,41464.81690840991,41380.19025318245,41295.736314761896,41211.45474064587,41127.34517905147,41043.40727891372,40959.64068988415,40876.04506232935,40792.62004732947,40709.365296676755
105,48289.74,50793.65,37944.66,54723.13,47416.41,32742.16,41314.55,46296.3,44341.8,40358.74,46473.03,45579.57,50805.01,39964.32,46672.14,39298.25,43430.37,48680.35,45180.72,44859.81,46256.49,43402.55,42847.81,40733.2,50996.02,50521.69,40249.16,46688.28,47279.55,39762.88,45352.87,45706.17,44554.81,42935.38,46110.33,41874.79,47634.37,46109.51,43132.22,45199.31,48422.6,47746.65,46427.16,39117.65,57645.47,59150.92,59041.75,58882.01,58695.01,58503.74,58321.31,58148.25,57980.47,57819.62,57675.41,57557.6,57465.67,57387.55,57309.29,57223.92,57131.84,57036.07,56938.8,56841.1,56743.55,56646.82,56551.36,56456.87,56362.68,56268.55,56174.64,56081.04,55987.76,55894.79,55802.14,55709.79,55617.77,55526.06,55434.66,55343.57,55252.8,55162.35,55072.21,54982.38,54892.86,54803.66,54714.77,54626.2,54537.94,54449.99,54362.35,54275.03,54188.02,54101.32,54010.88515239808,53920.60147415137,53830.46871256775,53740.4866153775,53650.65493073256,53560.973407205885,53471.441793790706,53382.05983989981,53292.82729536489,53203.7439104358,53114.80943577988,53026.02362248123,52937.386222040084,52848.896986372,52760.55566780727,52672.36201909018,52584.315793378315,52496.41674424189,52408.66462566304,52321.059192035136,52233.6001981621,52146.28739925774,52059.12055094502,51972.09940925541,51885.2237306282,51798.4932719098,51711.90779035307,51625.46704361667,51539.170789764314,51453.018787264155,51367.01079498809,51281.146572211066,51195.42587861043,51109.84847426526,51024.41411965565,50939.12257566211,50853.973603564846,50768.96696504307,50684.10242217442,50599.37973743421,50514.798673694786,50430.35899422491,50346.06046268902,50261.90284314664,50177.88590005168,50094.009398251765,50010.273102987616,49926.67677989237,49843.22019499093,49759.9031146993,49676.72530582395,49593.68653556114,49510.78657149629,49428.02518160331,49345.40213424399,49262.91719816727,49180.57014250869,49098.36073678969,49016.28875091697,48934.35395518184,48852.55612025959,48770.89501720887,48689.370417471,48607.98209286935,48526.729815608734,48445.613358274706,48364.63249383301,48283.78699562884,48203.07663738632,48122.50119320777,48042.06043757314,47961.754145339335,47881.582091739634,47801.54405238301,47721.63980325353,47641.86912070972,47562.23178148394,47482.72756268178,47403.356241781396,47324.117596632896,47245.011405457764,47166.03744684818,47087.19549976645,47008.485343544315,46929.90675788244,46851.4595228497
106,48387.1,41739.13,45627.38,48398.58,35687.73,29885.06,42290.75,40000.0,49152.54,35794.18,43027.89,42352.94,47418.74,50000.0,42105.26,47058.82,48253.97,61378.41,46250.0,44585.99,38152.01,45627.38,51063.83,44501.94,38805.97,46017.7,40604.75,47215.3,45814.98,42704.63,34055.73,46539.03,47877.52,42798.35,50784.59,44720.5,50588.96,46289.31,50756.69,48484.85,42542.79,53963.84,50110.54,41410.35,62590.53,64110.38,64014.47,63874.12,63709.82,63541.78,63381.49,63229.44,63082.03,62940.71,62814.01,62710.51,62629.74,62561.1,62492.34,62417.33,62336.43,62252.29,62166.83,62080.99,61995.29,61910.3,61826.43,61743.41,61660.65,61577.95,61495.45,61413.21,61331.25,61249.57,61168.17,61087.04,61006.19,60925.61,60845.31,60765.28,60685.53,60606.06,60526.86,60447.94,60369.29,60290.92,60212.82,60135.0,60057.46,59980.19,59903.19,59826.47,59750.02,59673.85,59596.99045349796,59520.22990161229,59443.568216838554,59367.00527183652,59290.540939429986,59214.175092606536,59137.907604517364,59061.73834847702,58985.66719796325,58909.69402661674,58833.818708240935,58758.041116801825,58682.36112642772,58606.778611409056,58531.293446198186,58455.905505409166,58380.61466381755,58305.420796360166,58230.32377813495,58155.32348440069,58080.41979057683,58005.612572243306,57930.90170514028,57856.28706516797,57781.76852838644,57707.34597101536,57633.01926943388,57558.7883001803,57484.65293995201,57410.61306560517,57336.66855415457,57262.81928277338,57189.065128792994,57115.40596970279,57041.84168314995,56968.372146939226,56894.997239032775,56821.71683754993,56748.53082076701,56675.439067117106,56602.44145518989,56529.53786373141,56456.7281716439,56384.012257985545,56311.390001970314,56238.86128296775,56166.42598050277,56094.08397425544,56021.83514406083,55949.67936990875,55877.61653194361,55805.64651046418,55733.769185923404,55661.98443892821,55590.29215023928,55518.6922007709,55447.184471590735,55375.76884391963,55304.445199131405,55233.21341875269,55162.073384462696,55091.02497809304,55020.06808162752,54949.202577201955,54878.42834710397,54807.7452737728,54737.153239799096,54666.65212792473,54596.24182104262,54525.92220219649,54455.69315458072,54385.55456154012,54315.506306569776,54245.54827331482,54175.68034557022,54105.902407280664,54036.21434254029,53966.616035592524,53897.10737082989,53827.68823279382,53758.35850617444,53689.1180758104,53619.966826688695,53550.904643944436,53481.93141286067,53413.04701886823
107,51200.0,29357.8,57142.86,40336.13,64000.0,23703.7,46846.85,43076.92,36363.64,36363.64,45801.53,35424.35,47583.64,45217.39,50498.34,44817.93,52811.74,66666.67,52173.91,51917.4,36363.64,69662.92,34449.76,54205.61,45558.09,39160.84,33882.35,54873.65,48730.96,47739.6,41678.73,39944.52,50647.48,54570.26,47837.15,34594.59,46772.23,53333.33,54066.44,56070.09,46666.67,54148.47,48000.0,49792.53,67396.51,68930.36,68847.32,68725.83,68583.59,68438.12,68299.35,68167.73,68040.11,67917.78,67808.09,67718.49,67648.56,67589.14,67529.62,67464.69,67394.65,67321.81,67247.83,67173.51,67099.32,67025.75,66953.14,66881.27,66809.63,66738.04,66666.61,66595.42,66524.47,66453.76,66383.28,66313.05,66243.05,66173.3,66103.78,66034.5,65965.46,65896.66,65828.1,65759.78,65691.69,65623.85,65556.24,65488.87,65421.74,65354.85,65288.19,65221.77,65155.59,65089.65,65003.2967722132,64917.05810764727,64830.93385431332,64744.92386042409,64659.027974393684,64573.24604483737,64487.57792057117,64402.023450611756,64316.582484176055,64231.25487068107,64146.04045974353,64060.93910117975,63975.95064500522,63891.074941434454,63806.311840880655,63721.66119395552,63637.122851468885,63552.696664428564,63468.38248404,63384.18016170604,63300.089549026714,63216.11049779887,63132.242860016035,63048.486487868046,62964.84123374086,62881.30695021626,62797.883490071625,62714.57070627962,62631.368452008006,62548.276580619306,62465.29494567061,62382.42340091331,62299.66180029275,62217.009997948124,62134.46784821208,62052.035205610555,61969.71192486247,61887.49786087949,61805.39286876575,61723.39680381766,61641.50952152355,61559.730877563496,61478.060727809054,61396.49892832297,61315.04533535897,61233.699805361466,61152.46219496533,61071.332360995635,60990.31016046741,60909.395450585354,60828.588088743636,60747.88793252561,60667.29483970357,60586.80866823849,60506.42927627981,60426.15652216513,60345.99026442001,60265.93036175771,60185.97667307891,60106.129057471495,60026.387374210295,59946.75148275683,59867.221242759086,59787.79651405124,59708.477156653425,59629.26303077149,59550.15399679673,59471.14991530568,59392.25064705982,59313.456053005364,59234.765994273024,59156.180332177726,59077.69892821839,58999.3216440777,58921.04834162182,58842.87888290018,58764.81313014522,58686.8509457722,58608.992192378835,58531.23673274519,58453.58442983335,58376.0351467872,58298.588746932226,58221.24509377519,58144.00405100397,58066.86548248728
108,54237.29,65753.42,66666.67,48000.0,71641.79,71794.87,11594.2,57142.86,77575.76,67605.63,59701.49,50955.41,44670.05,29629.63,44137.93,49315.07,43373.49,58895.71,50450.45,59060.4,66272.19,31638.42,42105.26,38596.49,51376.15,55510.2,40466.93,35483.87,50174.22,48160.54,42902.21,49406.18,60273.97,62222.22,49836.07,59615.38,63461.54,53333.33,49299.72,59033.08,42339.83,52800.0,63753.21,47058.82,71939.55,73486.63,73415.77,73312.09,73190.72,73066.57,72948.16,72835.84,72726.94,72622.54,72528.94,72452.48,72392.81,72342.1,72291.3,72235.9,72176.13,72113.97,72050.84,71987.42,71924.11,71861.33,71799.37,71738.03,71676.9,71615.81,71554.85,71494.1,71433.56,71373.21,71313.08,71253.14,71193.41,71133.89,71074.56,71015.45,70956.53,70897.82,70839.31,70781.01,70722.91,70665.01,70607.32,70549.83,70492.54,70435.46,70378.58,70321.9,70265.42,70209.15,70099.05208045479,69989.12681008546,69879.37391815362,69769.79313434537,69660.38418877074,69551.14681196296,69442.08073487783,69333.18568889308,69224.46140580761,69115.90761784099,69007.52405763262,68899.3104582412,68791.26655314404,68683.39207623639,68575.68676183076,68468.15034465633,68360.78255985826,68253.58314299701,68146.55183004777,68039.68835739972,67932.9924618554,67826.46388063015,67720.10235135134,67613.90761205777,67507.87940119907,67402.017457635,67296.32152063482,67190.79132987668,67085.4266254469,66980.22714783943,66875.19263795512,66770.32283710118,66665.61748699045,66561.0763297408,66456.69910787449,66352.48556431757,66248.43544239919,66144.54848585103,66040.8244388066,65937.26304580065,65833.86405176856,65730.62720204567,65627.55224236666,65524.638918864955,65421.88697807208,65319.29616691701,65216.86623272559,65114.5969232199,65012.487986517604,64910.53917113138,64808.75022596825,64707.120900329006,64605.65094390756,64504.34010679034,64403.18813945568,64302.194792773174,64201.35981800315,64100.68296679592,64000.16399119129,63899.8026436179,63799.59867689259,63699.551844219844,63599.66189919115,63499.928595784404,63400.35168836328,63300.930931676674,63201.666080858035,63102.556891424836,63003.60311927792,62904.804520700876,62806.160852359535,62707.671871301274,62609.337334954456,62511.15700112783,62413.13062800997,62315.257974168584,62217.53879855003,62119.97286047866,62022.55991965621,61925.299736161294,61828.1920704487,61731.23668334889,61634.43333606738,61537.78179018412,61441.28180765297,61344.93315080107
109,34782.61,57142.86,36363.64,51612.9,72727.27,47058.82,47058.82,0.0,16326.53,58181.82,76190.48,0.0,64000.0,85106.38,34042.55,41379.31,48192.77,86956.52,38709.68,91803.28,74074.07,58536.59,62135.92,68292.68,48484.85,80808.08,56050.96,66165.41,33532.93,36090.23,60273.97,41025.64,54054.05,30434.78,65671.64,57516.34,66341.46,48618.78,49056.6,65641.03,55555.56,63849.77,54237.29,46073.3,76122.82,77682.09,77622.44,77535.17,77433.0,77328.5,77228.82,77134.27,77042.61,76954.73,76875.94,76811.58,76761.35,76718.67,76675.91,76629.27,76578.96,76526.63,76473.49,76420.11,76366.82,76313.97,76261.81,76210.19,76158.73,76107.3,76055.99,76004.85,75953.89,75903.1,75852.47,75802.02,75751.75,75701.64,75651.7,75601.94,75552.35,75502.93,75453.68,75404.6,75355.69,75306.96,75258.39,75210.0,75161.78,75113.73,75065.85,75018.14,74970.6,74923.23,74685.48849308961,74448.50137202334,74212.26624303323,73976.78071994708,73742.04242416432,73508.048984632,73274.79803782084,73042.2872277014,72810.51420572016,72579.47663077594,72349.17216919614,72119.5984947133,71890.75328844141,71662.63423885268,71435.2390417541,71208.56540026412,70982.61102478957,70757.37363300243,70532.85094981683,70309.04070736606,70085.94064497962,69863.54850916046,69641.86205356217,69420.8790389663,69200.59723325974,68981.01441141218,68762.12835545362,68543.93685445197,68326.43770449076,68109.62870864682,67893.5076769681,67678.07242645162,67463.32078102129,67249.25057150604,67035.85963561788,66823.14581793001,66611.10696985516,66399.74094962375,66189.04562226235,65979.0188595721,65769.65854010716,65560.9625491534,65352.92877870689,65145.555127452695,64938.83950074366,64732.77981057923,64527.37397558432,64322.619920988356,64118.51557860429,63915.058886807696,63712.24779051598,63510.080241167605,63308.55419670135,63107.66762153579,62907.418486548624,62707.80476905627,62508.824452793364,62310.47552789245,62112.75599086362,61915.66384457433,61719.197098229226,61523.35376734997,61328.13187375528,61133.52944554087,60939.54451705963,60746.17512890166,60553.419327874566,60361.275166983665,60169.740705412376,59978.814008502595,59788.49314773512,59598.77620071022,59409.6612511282,59221.14638877003,59033.22970947808,58845.90931513685,58659.183313653826,58473.04981894035,58287.5069508926,58102.55283537256,57918.185604189086,57734.4033950791,57551.204351688706,57368.586623554474,57186.548366084746,57005.08774054102
110,72727.27,92307.69,0.0,61538.46,59259.26,0.0,61538.46,64000.0,82051.28,60000.0,0.0,42105.26,82352.94,80000.0,46153.85,60869.57,57971.01,40677.97,94117.65,55172.41,55172.41,80000.0,0.0,66666.67,86153.85,59701.49,59259.26,82758.62,42105.26,56737.59,62500.0,79120.88,62608.7,70440.25,91275.17,64367.82,62745.1,63366.34,33103.45,75949.37,77419.35,81889.76,53846.15,59259.26,79882.77,81452.99,81403.42,81330.89,81245.98,81159.14,81076.31,80997.73,80921.56,80848.53,80783.05,80729.56,80687.82,80652.35,80616.81,80578.05,80536.25,80492.76,80448.6,80404.24,80359.95,80316.03,80272.69,80229.78,80187.02,80144.28,80101.64,80059.14,80016.79,79974.58,79932.51,79890.59,79848.8,79807.16,79765.66,79724.31,79683.09,79642.02,79601.1,79560.31,79519.67,79479.17,79438.81,79398.59,79358.52,79318.59,79278.8,79239.15,79199.64,79160.28,77946.42288061959,76751.17925156881,75574.26369043943,74415.3951515387,73274.29689877607,72150.69643957894,71044.32545982195,69954.91975975389,68882.21919090721,67825.96759397496,66785.91273764029,65761.80625834408,64753.40360097593,63760.46396047494,62782.7502243257,61820.02891593619,60872.070138883966,59938.64752201718,59019.538165397506,58114.522587071966,57223.38467066097,56345.91161375003,55481.893877072886,54631.125134473776,53793.40222363714,52968.52509757271,52156.29677684458,51356.52330253284,50569.01368991644,49793.57988286637,49030.03670893805,48278.20183515252,47537.895724455535,46808.94159284441,46091.165367152236,45384.39564347948,44688.463646263015,44003.20318797271,43328.45062942614,42664.04484071175,42009.827162711335,41365.641369212404,40731.333629601635,40106.752472130356,39491.74874774329,38886.17559446199,38289.888402314435,37702.74477880236,37124.604514898136,36555.3295515631,35994.783946779215,35442.83384308633,34899.347435617245,34364.19494062285,33837.24856448003,33318.382473174664,32807.47276225269,32304.397427231906,31809.03633446746,31321.271192464126,30840.98552362848,30368.0646364542,29902.395598133913,29443.86720759103,28992.36996892505,28547.796065264145,28110.039333018616,27678.99523652922,27254.560843104162,26836.634798438976,26425.11730241323,26019.910085258405,25620.916384091244,25228.040919806892,24841.189874326406,24460.270868193133,24085.192938512628,23715.866517230836,23352.203409745416,22994.11677384495,22641.52109897118,22294.332185799227,21952.467126130865,21615.844283096223,21284.38327165899,20958.004939420593
111,100000.0,100000.0,100000.0,100000.0,100000.0,100000.0,100000.0,100000.0,100000.0,100000.0,100000.0,100000.0,100000.0,100000.0,100000.0,100000.0,100000.0,100000.0,100000.0,100000.0,100000.0,100000.0,100000.0,100000.0,100000.0,100000.0,100000.0,100000.0,100000.0,100000.0,100000.0,100000.0,100000.0,100000.0,100000.0,100000.0,100000.0,100000.0,100000.0,100000.0,100000.0,100000.0,100000.0,100000.0,83189.48,84769.32,84728.62,84669.06,84599.33,84528.02,84460.0,84395.47,84332.92,84272.94,84219.18,84175.25,84140.97,84111.84,84082.66,84050.83,84016.5,83980.79,83944.53,83908.1,83871.73,83835.66,83800.07,83764.84,83729.72,83694.62,83659.61,83624.71,83589.93,83555.27,83520.72,83486.29,83451.98,83417.78,83383.7,83349.74,83315.9,83282.17,83248.56,83215.07,83181.69,83148.44,83115.29,83082.27,83049.36,83016.57,82983.89,82951.33,82918.89,82886.57,81903.2252840816,80931.5467142026,79971.3958862396,79022.63603805969,78085.13203004043,77158.75032582067,76243.35897327993,75338.82758574339,74445.02732340984,73561.83087499997,72689.11243962239,71826.74770885477,70974.6138490376,70132.58948377793,69300.55467666085,68478.39091416581,67665.9810887859,66863.20948234723,66069.96174952619,65286.124901562434,64511.58729016484,63746.23859160858,62989.969791020834,62242.67316685289,61504.24227553647,60774.57193632213,60053.55821629745,59341.09841558313,58637.09105270446,57941.43585013663,57254.03372002126,56574.78675005258,55903.59818953096,55240.37243558191,54585.01501953859,53937.43259348586,53297.53291696396,52665.22484383,52040.41830927519,51423.02431699624,50812.95492651884,50210.123240671644,49614.4433932087,49025.83053657893,48444.20082984047,47869.47142671867,47301.560463805494,46740.3870488991,46185.8712494817,45637.93408133413,45096.497497285454,44561.48437609606,44032.8185114727,43510.424601213774,42994.228236483395,42484.155891212795,41980.13491162735,41482.09350589792,40989.96073391499,40503.66649718402,40023.14152884082,39548.31738378523,39079.126428932,38615.5018335772,38157.377559878994,37704.68835345134,37257.36973406925,36815.35798648439,36378.590151349534,35947.0040162508,35520.5381068462,35099.13167810938,34682.72470567713,34271.257877299744,33864.67258439259,33462.91091368804,33065.915638986444,32673.63021300488,32285.998759322694,31902.96606442257,31524.47756982599,31150.479364322055,30780.91817628844,30415.74136610351,30054.89691864841,29698.333435898123
112,100000.0,100000.0,100000.0,100000.0,100000.0,100000.0,100000.0,100000.0,100000.0,100000.0,100000.0,100000.0,100000.0,100000.0,100000.0,100000.0,100000.0,100000.0,100000.0,100000.0,100000.0,100000.0,100000.0,100000.0,100000.0,100000.0,100000.0,100000.0,100000.0,100000.0,100000.0,100000.0,100000.0,100000.0,100000.0,100000.0,100000.0,100000.0,100000.0,100000.0,100000.0,100000.0,100000.0,100000.0,86042.37,87630.52,87597.47,87549.1,87492.47,87434.55,87379.31,87326.9,87276.1,87227.39,87183.73,87148.05,87120.21,87096.56,87072.86,87047.01,87019.13,86990.13,86960.67,86931.09,86901.55,86872.26,86843.35,86814.74,86786.22,86757.71,86729.28,86700.94,86672.69,86644.54,86616.48,86588.52,86560.65,86532.88,86505.2,86477.62,86450.14,86422.75,86395.45,86368.25,86341.14,86314.13,86287.22,86260.4,86233.67,86207.04,86180.5,86154.06,86127.71,86101.46,86101.46,86101.46,86101.46,86101.46,86101.46,86101.46,86101.46,86101.46,86101.46,86101.46,86101.46,86101.46,86101.46,86101.46,86101.46,86101.46,86101.46,86101.46,86101.46,86101.46,86101.46,86101.46,86101.46,86101.46,86101.46,86101.46,86101.46,86101.46,86101.46,86101.46,86101.46,86101.46,86101.46,86101.46,86101.46,86101.46,86101.46,86101.46,86101.46,86101.46,86101.46,86101.46,86101.46,86101.46,86101.46,86101.46,86101.46,86101.46,86101.46,86101.46,86101.46,86101.46,86101.46,86101.46,86101.46,86101.46,86101.46,86101.46,86101.46,86101.46,86101.46,86101.46,86101.46,86101.46,86101.46,86101.46,86101.46,86101.46,86101.46,86101.46,86101.46,86101.46,86101.46,86101.46,86101.46,86101.46,86101.46,86101.46,86101.46,86101.46,86101.46,86101.46,86101.46,86101.46,86101.46,86101.46
113,100000.0,100000.0,100000.0,100000.0,100000.0,100000.0,100000.0,100000.0,100000.0,100000.0,100000.0,100000.0,100000.0,100000.0,100000.0,100000.0,100000.0,100000.0,100000.0,100000.0,100000.0,100000.0,100000.0,100000.0,100000.0,100000.0,100000.0,100000.0,100000.0,100000.0,100000.0,100000.0,100000.0,100000.0,100000.0,100000.0,100000.0,100000.0,100000.0,100000.0,100000.0,100000.0,100000.0,100000.0,88463.32,90058.52,90031.95,89993.07,89947.56,89901.01,89856.61,89814.49,89773.66,89734.52,89699.42,89670.75,89648.38,89629.36,89610.32,89589.54,89567.13,89543.82,89520.15,89496.37,89472.63,89449.09,89425.86,89402.86,89379.94,89357.03,89334.18,89311.4,89288.69,89266.07,89243.52,89221.05,89198.65,89176.33,89154.09,89131.92,89109.83,89087.81,89065.88,89044.01,89022.23,89000.52,88978.89,88957.33,88935.85,88914.45,88893.12,88871.87,88850.69,88829.59,88829.59,88829.59,88829.59,88829.59,88829.59,88829.59,88829.59,88829.59,88829.59,88829.59,88829.59,88829.59,88829.59,88829.59,88829.59,88829.59,88829.59,88829.59,88829.59,88829.59,88829.59,88829.59,88829.59,88829.59,88829.59,88829.59,88829.59,88829.59,88829.59,88829.59,88829.59,88829.59,88829.59,88829.59,88829.59,88829.59,88829.59,88829.59,88829.59,88829.59,88829.59,88829.59,88829.59,88829.59,88829.59,88829.59,88829.59,88829.59,88829.59,88829.59,88829.59,88829.59,88829.59,88829.59,88829.59,88829.59,88829.59,88829.59,88829.59,88829.59,88829.59,88829.59,88829.59,88829.59,88829.59,88829.59,88829.59,88829.59,88829.59,88829.59,88829.59,88829.59,88829.59,88829.59,88829.59,88829.59,88829.59,88829.59,88829.59,88829.59,88829.59,88829.59,88829.59,88829.59,88829.59,88829.59
114,100000.0,100000.0,100000.0,100000.0,100000.0,100000.0,100000.0,100000.0,100000.0,100000.0,100000.0,100000.0,100000.0,100000.0,100000.0,100000.0,100000.0,100000.0,100000.0,100000.0,100000.0,100000.0,100000.0,100000.0,100000.0,100000.0,100000.0,100000.0,100000.0,100000.0,100000.0,100000.0,100000.0,100000.0,100000.0,100000.0,100000.0,100000.0,100000.0,100000.0,100000.0,100000.0,100000.0,100000.0,90489.01,92090.11,92068.97,92038.04,92001.83,91964.79,91929.47,91895.96,91863.47,91832.32,91804.4,91781.59,91763.78,91748.66,91733.5,91716.97,91699.14,91680.6,91661.76,91642.84,91623.96,91605.23,91586.74,91568.44,91550.2,91531.98,91513.79,91495.67,91477.61,91459.6,91441.66,91423.78,91405.96,91388.2,91370.5,91352.87,91335.29,91317.78,91300.32,91282.93,91265.59,91248.32,91231.11,91213.96,91196.87,91179.84,91162.87,91145.96,91129.11,91112.32,91112.32,91112.32,91112.32,91112.32,91112.32,91112.32,91112.32,91112.32,91112.32,91112.32,91112.32,91112.32,91112.32,91112.32,91112.32,91112.32,91112.32,91112.32,91112.32,91112.32,91112.32,91112.32,91112.32,91112.32,91112.32,91112.32,91112.32,91112.32,91112.32,91112.32,91112.32,91112.32,91112.32,91112.32,91112.32,91112.32,91112.32,91112.32,91112.32,91112.32,91112.32,91112.32,91112.32,91112.32,91112.32,91112.32,91112.32,91112.32,91112.32,91112.32,91112.32,91112.32,91112.32,91112.32,91112.32,91112.32,91112.32,91112.32,91112.32,91112.32,91112.32,91112.32,91112.32,91112.32,91112.32,91112.32,91112.32,91112.32,91112.32,91112.32,91112.32,91112.32,91112.32,91112.32,91112.32,91112.32,91112.32,91112.32,91112.32,91112.32,91112.32,91112.32,91112.32,91112.32,91112.32,91112.32
115,100000.0,100000.0,100000.0,100000.0,100000.0,100000.0,100000.0,100000.0,100000.0,100000.0,100000.0,100000.0,100000.0,100000.0,100000.0,100000.0,100000.0,100000.0,100000.0,100000.0,100000.0,100000.0,100000.0,100000.0,100000.0,100000.0,100000.0,100000.0,100000.0,100000.0,100000.0,100000.0,100000.0,100000.0,100000.0,100000.0,100000.0,100000.0,100000.0,100000.0,100000.0,100000.0,100000.0,100000.0,92164.13,93770.11,93753.46,93729.1,93700.58,93671.41,93643.58,93617.19,93591.6,93567.07,93545.08,93527.11,93513.09,93501.18,93489.24,93476.22,93462.18,93447.57,93432.74,93417.84,93402.96,93388.21,93373.65,93359.24,93344.87,93330.52,93316.19,93301.92,93287.69,93273.51,93259.38,93245.3,93231.27,93217.28,93203.34,93189.45,93175.61,93161.81,93148.06,93134.36,93120.71,93107.11,93093.55,93080.04,93066.58,93053.17,93039.8,93026.49,93013.22,92999.99,92999.99,92999.99,92999.99,92999.99,92999.99,92999.99,92999.99,92999.99,92999.99,92999.99,92999.99,92999.99,92999.99,92999.99,92999.99,92999.99,92999.99,92999.99,92999.99,92999.99,92999.99,92999.99,92999.99,92999.99,92999.99,92999.99,92999.99,92999.99,92999.99,92999.99,92999.99,92999.99,92999.99,92999.99,92999.99,92999.99,92999.99,92999.99,92999.99,92999.99,92999.99,92999.99,92999.99,92999.99,92999.99,92999.99,92999.99,92999.99,92999.99,92999.99,92999.99,92999.99,92999.99,92999.99,92999.99,92999.99,92999.99,92999.99,92999.99,92999.99,92999.99,92999.99,92999.99,92999.99,92999.99,92999.99,92999.99,92999.99,92999.99,92999.99,92999.99,92999.99,92999.99,92999.99,92999.99,92999.99,92999.99,92999.99,92999.99,92999.99,92999.99,92999.99,92999.99,92999.99,92999.99,92999.99
116,100000.0,100000.0,100000.0,100000.0,100000.0,100000.0,100000.0,100000.0,100000.0,100000.0,100000.0,100000.0,100000.0,100000.0,100000.0,100000.0,100000.0,100000.0,100000.0,100000.0,100000.0,100000.0,100000.0,100000.0,100000.0,100000.0,100000.0,100000.0,100000.0,100000.0,100000.0,100000.0,100000.0,100000.0,100000.0,100000.0,100000.0,100000.0,100000.0,100000.0,100000.0,100000.0,100000.0,100000.0,93535.9,95145.87,95132.9,95113.91,95091.69,95068.96,95047.28,95026.72,95006.78,94987.67,94970.53,94956.53,94945.61,94936.33,94927.03,94916.88,94905.94,94894.56,94883.0,94871.39,94859.8,94848.3,94836.96,94825.73,94814.54,94803.35,94792.19,94781.07,94769.99,94758.94,94747.93,94736.96,94726.02,94715.12,94704.26,94693.44,94682.65,94671.9,94661.19,94650.52,94639.88,94629.28,94618.72,94608.19,94597.7,94587.25,94576.84,94566.46,94556.12,94545.82,94545.82,94545.82,94545.82,94545.82,94545.82,94545.82,94545.82,94545.82,94545.82,94545.82,94545.82,94545.82,94545.82,94545.82,94545.82,94545.82,94545.82,94545.82,94545.82,94545.82,94545.82,94545.82,94545.82,94545.82,94545.82,94545.82,94545.82,94545.82,94545.82,94545.82,94545.82,94545.82,94545.82,94545.82,94545.82,94545.82,94545.82,94545.82,94545.82,94545.82,94545.82,94545.82,94545.82,94545.82,94545.82,94545.82,94545.82,94545.82,94545.82,94545.82,94545.82,94545.82,94545.82,94545.82,94545.82,94545.82,94545.82,94545.82,94545.82,94545.82,94545.82,94545.82,94545.82,94545.82,94545.82,94545.82,94545.82,94545.82,94545.82,94545.82,94545.82,94545.82,94545.82,94545.82,94545.82,94545.82,94545.82,94545.82,94545.82,94545.82,94545.82,94545.82,94545.82,94545.82,94545.82,94545.82
117,100000.0,100000.0,100000.0,100000.0,100000.0,100000.0,100000.0,100000.0,100000.0,100000.0,100000.0,100000.0,100000.0,100000.0,100000.0,100000.0,100000.0,100000.0,100000.0,100000.0,100000.0,100000.0,100000.0,100000.0,100000.0,100000.0,100000.0,100000.0,100000.0,100000.0,100000.0,100000.0,100000.0,100000.0,100000.0,100000.0,100000.0,100000.0,100000.0,100000.0,100000.0,100000.0,100000.0,100000.0,94650.3,96263.52,96253.53,96238.92,96221.82,96204.32,96187.63,96171.8,96156.46,96141.74,96128.55,96117.78,96109.37,96102.22,96095.06,96087.25,96078.83,96070.07,96061.18,96052.24,96043.32,96034.47,96025.74,96017.09,96008.48,95999.87,95991.28,95982.72,95974.18,95965.68,95957.2,95948.76,95940.34,95931.95,95923.59,95915.26,95906.96,95898.68,95890.44,95882.22,95874.03,95865.87,95857.74,95849.64,95841.57,95833.52,95825.51,95817.52,95809.56,95801.63,95801.63,95801.63,95801.63,95801.63,95801.63,95801.63,95801.63,95801.63,95801.63,95801.63,95801.63,95801.63,95801.63,95801.63,95801.63,95801.63,95801.63,95801.63,95801.63,95801.63,95801.63,95801.63,95801.63,95801.63,95801.63,95801.63,95801.63,95801.63,95801.63,95801.63,95801.63,95801.63,95801.63,95801.63,95801.63,95801.63,95801.63,95801.63,95801.63,95801.63,95801.63,95801.63,95801.63,95801.63,95801.63,95801.63,95801.63,95801.63,95801.63,95801.63,95801.63,95801.63,95801.63,95801.63,95801.63,95801.63,95801.63,95801.63,95801.63,95801.63,95801.63,95801.63,95801.63,95801.63,95801.63,95801.63,95801.63,95801.63,95801.63,95801.63,95801.63,95801.63,95801.63,95801.63,95801.63,95801.63,95801.63,95801.63,95801.63,95801.63,95801.63,95801.63,95801.63,95801.63,95801.63,95801.63
118,100000.0,100000.0,100000.0,100000.0,100000.0,100000.0,100000.0,100000.0,100000.0,100000.0,100000.0,100000.0,100000.0,100000.0,100000.0,100000.0,100000.0,100000.0,100000.0,100000.0,100000.0,100000.0,100000.0,100000.0,100000.0,100000.0,100000.0,100000.0,100000.0,100000.0,100000.0,100000.0,100000.0,100000.0,100000.0,100000.0,100000.0,100000.0,100000.0,100000.0,100000.0,100000.0,100000.0,100000.0,95549.76,97165.6,97158.02,97146.94,97133.96,97120.69,97108.03,97096.03,97084.38,97073.22,97063.22,97055.04,97048.66,97043.24,97037.81,97031.89,97025.5,97018.85,97012.11,97005.33,96998.56,96991.85,96985.22,96978.67,96972.13,96965.6,96959.08,96952.59,96946.12,96939.66,96933.24,96926.83,96920.44,96914.08,96907.74,96901.42,96895.12,96888.84,96882.59,96876.36,96870.14,96863.95,96857.79,96851.64,96845.52,96839.41,96833.33,96827.27,96821.24,96815.22,96815.22,96815.22,96815.22,96815.22,96815.22,96815.22,96815.22,96815.22,96815.22,96815.22,96815.22,96815.22,96815.22,96815.22,96815.22,96815.22,96815.22,96815.22,96815.22,96815.22,96815.22,96815.22,96815.22,96815.22,96815.22,96815.22,96815.22,96815.22,96815.22,96815.22,96815.22,96815.22,96815.22,96815.22,96815.22,96815.22,96815.22,96815.22,96815.22,96815.22,96815.22,96815.22,96815.22,96815.22,96815.22,96815.22,96815.22,96815.22,96815.22,96815.22,96815.22,96815.22,96815.22,96815.22,96815.22,96815.22,96815.22,96815.22,96815.22,96815.22,96815.22,96815.22,96815.22,96815.22,96815.22,96815.22,96815.22,96815.22,96815.22,96815.22,96815.22,96815.22,96815.22,96815.22,96815.22,96815.22,96815.22,96815.22,96815.22,96815.22,96815.22,96815.22,96815.22,96815.22,96815.22,96815.22
119,100000.0,100000.0,100000.0,100000.0,100000.0,100000.0,100000.0,100000.0,100000.0,100000.0,100000.0,100000.0,100000.0,100000.0,100000.0,100000.0,100000.0,100000.0,100000.0,100000.0,100000.0,100000.0,100000.0,100000.0,100000.0,100000.0,100000.0,100000.0,100000.0,100000.0,100000.0,100000.0,100000.0,100000.0,100000.0,100000.0,100000.0,100000.0,100000.0,100000.0,100000.0,100000.0,100000.0,100000.0,96271.93,97889.88,97884.24,97875.98,97866.32,97856.44,97847.02,97838.08,97829.41,97821.1,97813.66,97807.57,97802.82,97798.79,97794.74,97790.33,97785.58,97780.63,97775.6,97770.56,97765.52,97760.52,97755.59,97750.71,97745.84,97740.98,97736.13,97731.3,97726.48,97721.67,97716.89,97712.12,97707.36,97702.63,97697.91,97693.2,97688.51,97683.84,97679.18,97674.54,97669.92,97665.31,97660.72,97656.14,97651.58,97647.04,97642.51,97638.0,97633.51,97629.03,97629.03,97629.03,97629.03,97629.03,97629.03,97629.03,97629.03,97629.03,97629.03,97629.03,97629.03,97629.03,97629.03,97629.03,97629.03,97629.03,97629.03,97629.03,97629.03,97629.03,97629.03,97629.03,97629.03,97629.03,97629.03,97629.03,97629.03,97629.03,97629.03,97629.03,97629.03,97629.03,97629.03,97629.03,97629.03,97629.03,97629.03,97629.03,97629.03,97629.03,97629.03,97629.03,97629.03,97629.03,97629.03,97629.03,97629.03,97629.03,97629.03,97629.03,97629.03,97629.03,97629.03,97629.03,97629.03,97629.03,97629.03,97629.03,97629.03,97629.03,97629.03,97629.03,97629.03,97629.03,97629.03,97629.03,97629.03,97629.03,97629.03,97629.03,97629.03,97629.03,97629.03,97629.03,97629.03,97629.03,97629.03,97629.03,97629.03,97629.03,97629.03,97629.03,97629.03,97629.03,97629.03,97629.03
120,100000.0,100000.0,100000.0,100000.0,100000.0,100000.0,100000.0,100000.0,100000.0,100000.0,100000.0,100000.0,100000.0,100000.0,100000.0,100000.0,100000.0,100000.0,100000.0,100000.0,100000.0,100000.0,100000.0,100000.0,100000.0,100000.0,100000.0,100000.0,100000.0,100000.0,100000.0,100000.0,100000.0,100000.0,100000.0,100000.0,100000.0,100000.0,100000.0,100000.0,100000.0,100000.0,100000.0,100000.0,96849.32,98468.95,98464.86,98458.87,98451.86,98444.69,98437.85,98431.37,98425.08,98419.05,98413.64,98409.23,98405.78,98402.85,98399.92,98396.72,98393.27,98389.68,98386.04,98382.37,98378.72,98375.09,98371.51,98367.97,98364.44,98360.91,98357.39,98353.89,98350.39,98346.9,98343.43,98339.97,98336.52,98333.08,98329.66,98326.24,98322.84,98319.45,98316.07,98312.71,98309.35,98306.01,98302.68,98299.36,98296.05,98292.75,98289.47,98286.2,98282.93,98279.68,98279.68,98279.68,98279.68,98279.68,98279.68,98279.68,98279.68,98279.68,98279.68,98279.68,98279.68,98279.68,98279.68,98279.68,98279.68,98279.68,98279.68,98279.68,98279.68,98279.68,98279.68,98279.68,98279.68,98279.68,98279.68,98279.68,98279.68,98279.68,98279.68,98279.68,98279.68,98279.68,98279.68,98279.68,98279.68,98279.68,98279.68,98279.68,98279.68,98279.68,98279.68,98279.68,98279.68,98279.68,98279.68,98279.68,98279.68,98279.68,98279.68,98279.68,98279.68,98279.68,98279.68,98279.68,98279.68,98279.68,98279.68,98279.68,98279.68,98279.68,98279.68,98279.68,98279.68,98279.68,98279.68,98279.68,98279.68,98279.68,98279.68,98279.68,98279.68,98279.68,98279.68,98279.68,98279.68,98279.68,98279.68,98279.68,98279.68,98279.68,98279.68,98279.68,98279.68,98279.68,98279.68,98279.68
121,100000.0,100000.0,100000.0,100000.0,100000.0,100000.0,100000.0,100000.0,100000.0,100000.0,100000.0,100000.0,100000.0,100000.0,100000.0,100000.0,100000.0,100000.0,100000.0,100000.0,100000.0,100000.0,100000.0,100000.0,100000.0,100000.0,100000.0,100000.0,100000.0,100000.0,100000.0,100000.0,100000.0,100000.0,100000.0,100000.0,100000.0,100000.0,100000.0,100000.0,100000.0,100000.0,100000.0,100000.0,97309.4,98930.37,98927.51,98923.32,98918.43,98913.42,98908.64,98904.11,98899.72,98895.51,98891.73,98888.64,98886.24,98884.19,98882.14,98879.91,98877.5,98874.99,98872.44,98869.88,98867.33,98864.8,98862.3,98859.82,98857.36,98854.89,98852.43,98849.98,98847.54,98845.1,98842.68,98840.26,98837.85,98835.45,98833.06,98830.67,98828.29,98825.92,98823.56,98821.21,98818.87,98816.53,98814.21,98811.89,98809.57,98807.27,98804.98,98802.69,98800.41,98798.14,98798.14,98798.14,98798.14,98798.14,98798.14,98798.14,98798.14,98798.14,98798.14,98798.14,98798.14,98798.14,98798.14,98798.14,98798.14,98798.14,98798.14,98798.14,98798.14,98798.14,98798.14,98798.14,98798.14,98798.14,98798.14,98798.14,98798.14,98798.14,98798.14,98798.14,98798.14,98798.14,98798.14,98798.14,98798.14,98798.14,98798.14,98798.14,98798.14,98798.14,98798.14,98798.14,98798.14,98798.14,98798.14,98798.14,98798.14,98798.14,98798.14,98798.14,98798.14,98798.14,98798.14,98798.14,98798.14,98798.14,98798.14,98798.14,98798.14,98798.14,98798.14,98798.14,98798.14,98798.14,98798.14,98798.14,98798.14,98798.14,98798.14,98798.14,98798.14,98798.14,98798.14,98798.14,98798.14,98798.14,98798.14,98798.14,98798.14,98798.14,98798.14,98798.14,98798.14,98798.14,98798.14,98798.14
122,100000.0,100000.0,100000.0,100000.0,100000.0,100000.0,100000.0,100000.0,100000.0,100000.0,100000.0,100000.0,100000.0,100000.0,100000.0,100000.0,100000.0,100000.0,100000.0,100000.0,100000.0,100000.0,100000.0,100000.0,100000.0,100000.0,100000.0,100000.0,100000.0,100000.0,100000.0,100000.0,100000.0,100000.0,100000.0,100000.0,100000.0,100000.0,100000.0,100000.0,100000.0,100000.0,100000.0,100000.0,97675.02,99297.05,99295.17,99292.42,99289.2,99285.91,99282.77,99279.79,99276.91,99274.14,99271.66,99269.63,99268.05,99266.7,99265.36,99263.89,99262.3,99260.66,99258.98,99257.3,99255.62,99253.96,99252.31,99250.69,99249.07,99247.45,99245.83,99244.22,99242.62,99241.02,99239.42,99237.83,99236.25,99234.67,99233.1,99231.53,99229.97,99228.41,99226.86,99225.31,99223.77,99222.24,99220.71,99219.18,99217.67,99216.15,99214.64,99213.14,99211.64,99210.15,99210.15,99210.15,99210.15,99210.15,99210.15,99210.15,99210.15,99210.15,99210.15,99210.15,99210.15,99210.15,99210.15,99210.15,99210.15,99210.15,99210.15,99210.15,99210.15,99210.15,99210.15,99210.15,99210.15,99210.15,99210.15,99210.15,99210.15,99210.15,99210.15,99210.15,99210.15,99210.15,99210.15,99210.15,99210.15,99210.15,99210.15,99210.15,99210.15,99210.15,99210.15,99210.15,99210.15,99210.15,99210.15,99210.15,99210.15,99210.15,99210.15,99210.15,99210.15,99210.15,99210.15,99210.15,99210.15,99210.15,99210.15,99210.15,99210.15,99210.15,99210.15,99210.15,99210.15,99210.15,99210.15,99210.15,99210.15,99210.15,99210.15,99210.15,99210.15,99210.15,99210.15,99210.15,99210.15,99210.15,99210.15,99210.15,99210.15,99210.15,99210.15,99210.15,99210.15,99210.15,99210.15,99210.15
123,100000.0,100000.0,100000.0,100000.0,100000.0,100000.0,100000.0,100000.0,100000.0,100000.0,100000.0,100000.0,100000.0,100000.0,100000.0,100000.0,100000.0,100000.0,100000.0,100000.0,100000.0,100000.0,100000.0,100000.0,100000.0,100000.0,100000.0,100000.0,100000.0,100000.0,100000.0,100000.0,100000.0,100000.0,100000.0,100000.0,100000.0,100000.0,100000.0,100000.0,100000.0,100000.0,100000.0,100000.0,97964.95,99587.82,99586.72,99585.11,99583.22,99581.29,99579.45,99577.71,99576.01,99574.39,99572.94,99571.75,99570.82,99570.03,99569.24,99568.38,99567.45,99566.48,99565.5,99564.52,99563.53,99562.56,99561.59,99560.64,99559.69,99558.74,99557.79,99556.85,99555.91,99554.97,99554.03,99553.1,99552.17,99551.25,99550.33,99549.41,99548.49,99547.58,99546.67,99545.76,99544.86,99543.96,99543.06,99542.17,99541.28,99540.39,99539.51,99538.63,99537.75,99536.87,99536.87,99536.87,99536.87,99536.87,99536.87,99536.87,99536.87,99536.87,99536.87,99536.87,99536.87,99536.87,99536.87,99536.87,99536.87,99536.87,99536.87,99536.87,99536.87,99536.87,99536.87,99536.87,99536.87,99536.87,99536.87,99536.87,99536.87,99536.87,99536.87,99536.87,99536.87,99536.87,99536.87,99536.87,99536.87,99536.87,99536.87,99536.87,99536.87,99536.87,99536.87,99536.87,99536.87,99536.87,99536.87,99536.87,99536.87,99536.87,99536.87,99536.87,99536.87,99536.87,99536.87,99536.87,99536.87,99536.87,99536.87,99536.87,99536.87,99536.87,99536.87,99536.87,99536.87,99536.87,99536.87,99536.87,99536.87,99536.87,99536.87,99536.87,99536.87,99536.87,99536.87,99536.87,99536.87,99536.87,99536.87,99536.87,99536.87,99536.87,99536.87,99536.87,99536.87,99536.87,99536.87,99536.87
124,100000.0,100000.0,100000.0,100000.0,100000.0,100000.0,100000.0,100000.0,100000.0,100000.0,100000.0,100000.0,100000.0,100000.0,100000.0,100000.0,100000.0,100000.0,100000.0,100000.0,100000.0,100000.0,100000.0,100000.0,100000.0,100000.0,100000.0,100000.0,100000.0,100000.0,100000.0,100000.0,100000.0,100000.0,100000.0,100000.0,100000.0,100000.0,100000.0,100000.0,100000.0,100000.0,100000.0,100000.0,98194.47,99818.01,99817.53,99816.82,99815.98,99815.13,99814.32,99813.55,99812.8,99812.08,99811.44,99810.92,99810.51,99810.16,99809.81,99809.43,99809.02,99808.59,99808.16,99807.72,99807.29,99806.86,99806.43,99806.01,99805.59,99805.17,99804.76,99804.34,99803.92,99803.51,99803.1,99802.68,99802.27,99801.87,99801.46,99801.05,99800.65,99800.25,99799.84,99799.44,99799.04,99798.65,99798.25,99797.86,99797.46,99797.07,99796.68,99796.29,99795.9,99795.52,99795.52,99795.52,99795.52,99795.52,99795.52,99795.52,99795.52,99795.52,99795.52,99795.52,99795.52,99795.52,99795.52,99795.52,99795.52,99795.52,99795.52,99795.52,99795.52,99795.52,99795.52,99795.52,99795.52,99795.52,99795.52,99795.52,99795.52,99795.52,99795.52,99795.52,99795.52,99795.52,99795.52,99795.52,99795.52,99795.52,99795.52,99795.52,99795.52,99795.52,99795.52,99795.52,99795.52,99795.52,99795.52,99795.52,99795.52,99795.52,99795.52,99795.52,99795.52,99795.52,99795.52,99795.52,99795.52,99795.52,99795.52,99795.52,99795.52,99795.52,99795.52,99795.52,99795.52,99795.52,99795.52,99795.52,99795.52,99795.52,99795.52,99795.52,99795.52,99795.52,99795.52,99795.52,99795.52,99795.52,99795.52,99795.52,99795.52,99795.52,99795.52,99795.52,99795.52,99795.52,99795.52,99795.52
125,100000.0,100000.0,100000.0,100000.0,100000.0,100000.0,100000.0,100000.0,100000.0,100000.0,100000.0,100000.0,100000.0,100000.0,100000.0,100000.0,100000.0,100000.0,100000.0,100000.0,100000.0,100000.0,100000.0,100000.0,100000.0,100000.0,100000.0,100000.0,100000.0,100000.0,100000.0,100000.0,100000.0,100000.0,100000.0,100000.0,100000.0,100000.0,100000.0,100000.0,100000.0,100000.0,100000.0,100000.0,100000.0,100000.0,100000.0,100000.0,100000.0,100000.0,100000.0,100000.0,100000.0,100000.0,100000.0,100000.0,100000.0,100000.0,100000.0,100000.0,100000.0,100000.0,100000.0,100000.0,100000.0,100000.0,100000.0,100000.0,100000.0,100000.0,100000.0,100000.0,100000.0,100000.0,100000.0,100000.0,100000.0,100000.0,100000.0,100000.0,100000.0,100000.0,100000.0,100000.0,100000.0,100000.0,100000.0,100000.0,100000.0,100000.0,100000.0,100000.0,100000.0,100000.0,100000.0,100000.0,100000.0,100000.0,100000.0,100000.0,100000.0,100000.0,100000.0,100000.0,100000.0,100000.0,100000.0,100000.0,100000.0,100000.0,100000.0,100000.0,100000.0,100000.0,100000.0,100000.0,100000.0,100000.0,100000.0,100000.0,100000.0,100000.0,100000.0,100000.0,100000.0,100000.0,100000.0,100000.0,100000.0,100000.0,100000.0,100000.0,100000.0,100000.0,100000.0,100000.0,100000.0,100000.0,100000.0,100000.0,100000.0,100000.0,100000.0,100000.0,100000.0,100000.0,100000.0,100000.0,100000.0,100000.0,100000.0,100000.0,100000.0,100000.0,100000.0,100000.0,100000.0,100000.0,100000.0,100000.0,100000.0,100000.0,100000.0,100000.0,100000.0,100000.0,100000.0,100000.0,100000.0,100000.0,100000.0,100000.0,100000.0,100000.0,100000.0,100000.0,100000.0,100000.0,100000.0,100000.0
