age,1981,1982,1983,1984,1985,1986,1987,1988,1989,1990,1991,1992,1993,1994,1995,1996,1997,1998,1999,2000,2001,2002,2003,2004,2005,2006,2007,2008,2009,2010,2011,2012,2013,2014,2015,2016,2017,2018,2019,2020,2021,2022,2023,2024,2025,2026,2027,2028,2029,2030,2031,2032,2033,2034,2035,2036,2037,2038,2039,2040,2041,2042,2043,2044,2045,2046,2047,2048,2049,2050,2051,2052,2053,2054,2055,2056,2057,2058,2059,2060,2061,2062,2063,2064,2065,2066,2067,2068,2069,2070,2071,2072,2073,2074,2075,2076,2077,2078,2079,2080,2081,2082,2083,2084,2085,2086,2087,2088,2089,2090,2091,2092,2093,2094,2095,2096,2097,2098,2099,2100,2101,2102,2103,2104,2105,2106,2107,2108,2109,2110,2111,2112,2113,2114,2115,2116,2117,2118,2119,2120,2121,2122,2123,2124,2125,2126,2127,2128,2129,2130,2131,2132,2133,2134,2135,2136,2137,2138,2139,2140,2141,2142,2143,2144,2145,2146,2147,2148,2149,2150,2151,2152,2153,2154,2155,2156,2157,2158,2159,2160
0,951.6,953.93,891.41,847.91,829.97,808.33,791.25,767.84,723.87,686.61,632.2,571.97,563.5,539.7,541.39,540.93,524.09,498.1,508.3,504.19,500.89,458.21,486.25,468.39,441.7,456.04,435.24,419.53,418.63,404.91,368.83,361.99,347.34,361.73,335.72,357.05,354.16,353.11,354.02,344.75,364.56,346.77,361.26,381.8,292.96,266.72,259.84,253.85,248.19,242.33,236.95,231.97,227.34,223.18,219.25,215.19,211.48,208.36,205.35,202.35,199.61,197.0,194.59,192.12,189.62,187.57,185.52,183.66,181.51,179.33,177.55,175.68,173.69,171.94,170.11,168.13,166.18,164.28,162.6,160.93,159.03,157.35,155.74,153.98,152.49,150.63,148.65,147.22,145.74,144.2,142.85,141.48,139.7,137.72,136.19158803252913,134.6801383301055,133.1854626460773,131.7073748229477,130.24569076918962,128.80022843631755,127.3708077962141,125.9572508187078,124.55938144940019,123.17702558773863,121.81001106533255,120.4581676245105,119.12132689711495,117.7993223835326,116.49198943195731,115.19916521788315,113.92068872382517,112.65640071926505,111.40614374081952,110.16976207262863,108.94710172696189,107.73801042503949,106.5423375780664,105.3599342684771,104.1906532313882,103.03434883625705,101.89087706874396,100.76009551277554,99.64186333280723,98.5360412562827,97.44249155628775,96.36107803439688,95.29166600371023,94.2341222720786,93.18831512551486,92.1541143117893,91.13139102420712,90.12001788556593,89.11986893229125,88.1308195987482,87.15274670172712,86.18552842510154,85.22904430465623,84.28317521308391,83.34780334514808,82.4228122030109,81.5080865817236,80.60351255487814,79.7089774604179,78.82436988660605,77.94957965814947,77.0844978224768,76.22901663616868,75.38302955153858,74.54643120336272,73.71911739575695,72.90098508919971,72.09193238769849,71.29185852609916,70.50066385753591,69.71824984102054,68.94451902916938,68.17937505606668,67.42272262526231,66.67446749790302,65.93451648099523,65.20277741579802,64.47915916634518,63.76357160809438,63.05592561670245,62.35613305692521,61.6641067716405,60.97976057099298,60.303009221659444,59.63376843623329,58.97195486272672,58.31748607418952,57.670280558443025,57.030257707928016,56.397337809665274,55.77144203532756,55.152492431421784,54.54041190958014,53.93512423695893,53.33655402674403,52.74462672876166
1,72.62,67.4,65.59,66.92,77.48,67.01,64.99,57.05,57.65,60.32,58.32,50.67,44.7,47.9,45.65,42.42,39.26,42.29,39.05,32.22,34.15,36.49,39.09,36.51,37.88,40.52,32.71,32.31,25.05,30.3,30.55,26.52,29.92,21.25,26.4,27.05,16.99,24.48,24.01,16.88,19.89,23.63,22.01,16.33,17.52,18.29,17.76,17.35,16.47,15.88,15.65,15.52,15.56,15.04,14.03,13.91,13.9,13.62,13.58,13.5,13.03,12.54,12.68,12.91,12.94,12.64,12.44,12.57,12.54,12.3,11.41,10.62,10.87,11.09,11.02,10.96,10.84,10.65,10.68,10.64,10.6,10.77,10.85,10.92,10.86,10.48,10.09,9.85,9.96,9.69,8.99,9.01,9.15,8.99,8.81684887963719,8.647032721508296,8.480487292860573,8.317149598090674,8.15695785491665,7.99985147100886,7.845771021071011,7.6946582243626125,7.546455922654348,7.401108058608058,7.258559654573107,7.11875679179117,6.981646590001515,6.847177187439118,6.71529772121801,6.585958308092458,6.4591100255886795,6.334704893499988,6.212695855738332,6.0930367625353865,5.9756823529864675,5.860588237930641,5.747710883160586,5.637007592955829,5.528436493933141,5.421956519207983,5.317527392861009,5.215109614703745,5.1146644453376915,5.016153891501201,4.919540691698565,4.824788302105902,4.731860882748504,4.640723283944404,4.551341033009059,4.463680321216096,4.3777079910092,4.293391523460316,4.210699025969399,4.129599220201079,4.050061430253671,3.972055571056049,3.8955521369880075,3.8205221907197973,3.746937352266615,3.674769788253909,3.6039922013894414,3.5345778201381166,3.466500388595686,3.3997341565574817,3.3342538697784336,3.270034760420684,3.2070525376851813,3.145283378623715,3.0847039191279175,3.0252912450918164,2.9670228837446038,2.909876795150335,2.853831363871356,2.7988653907922854,2.7449580851014757,2.692089056426918,2.6402383071236053,2.58938622470945,2.539513574446884,2.4906014920673467,2.4426314766358956,2.3955853835532515,2.349445417692627,2.30419412666874,2.2598143942364706,2.216289433816666,2.173602782146631,2.131738293052926,2.090680131344092,2.0504127668210113,2.010920968402628,1.9721897983648102,1.9342046066901752,1.8969510255267368,1.8604149637532845,1.824582601649434,1.789440385668334,1.754975023310055,1.7211734780937162,1.6880229646264548
2,44.44,46.03,41.14,36.52,37.35,38.87,37.94,39.24,35.94,26.46,35.31,31.43,27.31,28.67,22.45,28.74,24.75,25.87,29.84,16.66,20.88,18.92,23.22,19.08,16.25,20.4,17.38,19.89,19.89,13.84,15.4,11.09,14.49,13.9,12.41,15.54,14.86,8.51,15.8,11.19,13.14,12.89,14.92,13.54,12.44,12.17,11.92,11.61,11.19,10.79,10.46,10.2,10.08,9.95,9.74,9.59,9.43,9.34,9.15,8.96,8.92,8.8,8.61,8.42,8.31,8.3,8.22,8.15,8.17,8.04,7.92,7.9,7.81,7.72,7.64,7.39,7.22,7.22,7.12,7.02,7.0,7.05,6.92,6.79,6.82,6.76,6.69,6.62,6.44,6.27,6.09,6.0,6.0,5.99,5.9153783458668245,5.841686306302193,5.76891230044186,5.697044891692579,5.626072785934807,5.555984829747812,5.486770008656893,5.418417445402422,5.350916398230472,5.284256259204714,5.218426552539365,5.153416932952893,5.089217184042232,5.025817216677255,4.963207067415244,4.901376896935111,4.840316988491133,4.780017746385939,4.720469694462524,4.661663474615058,4.603589845318234,4.5462396801749385,4.489603966482028,4.4336738038139565,4.378440402624052,4.3238950828632285,4.270029272615891,4.216834506752839,4.164302425600961,4.112424773629486,4.061193398152611,4.0106002480482905,3.9606373724929833,3.9112969197121656,3.8625711357464034,3.8144523632328053,3.766933040201648,3.720005698887999,3.673662964558139,3.627897554350608,3.5827022761316853,3.538070027365135,3.49399379399602,3.4504666493484355,3.407481753036961,3.3650323498916803,3.3231117688965948,3.2817134221412547,3.2408308037854576,3.20045748903684,3.1605871331412074,3.121213470385444,3.0823303131128377,3.0439315507506826,3.006011148849985,2.9685631481371386,2.931581663577409,2.8950608834500913,2.8589950684351835,2.82337855071144,2.788205733065661,2.7534710880130797,2.7191691569287046,2.6852945491894835,2.65184194132716,2.6188060761916736,2.58618176212499,2.5539638721452214,2.5221473431409063,2.4907271750753357,2.4596984302007825,2.429056232282526,2.3987957658325394,2.3689122753527263,2.3394010645875833,2.3102574957861752,2.2814769889732984,2.253055021229732,2.2249871259814484,2.1972688922976826,2.1698959641977456,2.1428640399664705,2.1161688714781905,2.089806263529136,2.0637720731781486,2.03806220909561
3,32.85,25.51,27.72,25.79,29.56,27.49,28.51,32.62,29.27,26.42,20.84,22.56,23.77,18.47,18.94,16.23,16.99,16.88,17.86,18.86,18.14,12.56,17.04,15.23,13.18,15.33,15.43,17.36,15.41,13.42,10.94,11.7,11.3,11.4,10.6,10.06,9.23,10.9,10.38,8.19,7.85,8.39,11.68,9.51,8.93,8.58,8.48,8.17,7.84,7.56,7.38,7.26,7.14,7.01,6.87,6.81,6.66,6.58,6.49,6.4,6.3,6.11,6.0,5.9,5.8,5.78,5.77,5.77,5.78,5.63,5.5,5.52,5.48,5.45,5.34,5.15,5.13,5.18,4.99,4.78,4.83,4.88,4.74,4.6,4.62,4.65,4.67,4.59,4.33,4.16,4.16,4.16,4.16,4.16,4.118384403365855,4.077185118722868,4.036397981390294,3.9960188683498097,3.956043697828733,3.9164684288874136,3.877289061010745,3.838501633703772,3.800102226091339,3.76208695652174,3.7244519821743394,3.687193498671116,3.6503077396920927,3.6137909765946112,3.5776395180364204,3.5418497096025314,3.5064179334358045,3.4713406078712383,3.4366141870739075,3.402235160680531,3.3682000534446206,3.334505424885184,3.3011478689389366,3.2681240136159966,3.2354305206590244,3.203064085205768,3.171021435454989,3.1392993323357294,3.1078945691798823,3.0768039713980455,3.046024396158614,3.0155527320700797,2.985385898866517,2.9555208470962064,2.925954557813379,2.8966840422730424,2.8677063416288604,2.8390185266340513,2.810617697345285,2.7825009828295375,2.754665540873878,2.72710855769816,2.69982724767059,2.672818853026135,2.646080643587752,2.6196099164904045,2.5934039959078397,2.5674602327820994,2.5417760045557367,2.5163487149067127,2.491175793485942,2.466254695657467,2.4415829022412296,2.417157919258418,2.3929772776793587,2.3690385331739314,2.3453392658644816,2.3218770800812027,2.298649604119971,2.2756544900025926,2.2528894132394606,2.230352072594579,2.2080401898529387,2.185951509590222,2.164083798944812,2.1424348473920776,2.1210024665209226,2.0997844898125666,2.0787787724215394,2.057983190958867,2.037395643277426,2.017014048259446,1.996836345606136,1.9768604956294187,1.9570844790457431,1.937506296771966,1.9181239697232695,1.8989355386131042,1.8799390637551316,1.8611326248671496,1.842514320876977,1.8240822697302819,1.805834608200332,1.7877694916996485,1.769885094093542,1.7521796075155174
4,26.81,22.93,28.21,24.32,19.79,24.84,21.73,22.8,25.68,17.48,21.25,14.78,17.0,14.26,14.04,13.15,12.72,10.43,11.52,15.01,14.66,15.73,14.23,13.69,8.78,12.24,10.2,12.51,13.36,9.88,10.17,9.09,9.59,7.43,8.09,9.32,8.26,5.02,7.71,7.2,4.92,8.52,8.71,7.06,7.09,7.0,6.87,6.71,6.53,6.42,6.29,6.02,5.75,5.62,5.56,5.5,5.35,5.28,5.28,5.2,5.02,4.85,4.75,4.73,4.71,4.69,4.67,4.66,4.66,4.51,4.37,4.38,4.41,4.44,4.31,4.11,4.08,4.12,4.0,3.79,3.75,3.78,3.73,3.67,3.7,3.63,3.56,3.58,3.5,3.42,3.42,3.42,3.43,3.43,3.4068806971602625,3.3839172258551593,3.3611085357300428,3.338453583509993,3.3159513329520998,3.293600754798062,3.2714008267271097,3.2493505333092463,3.227448865958798,3.205694822888282,3.1840874090625872,3.1626256361534577,3.141308522494289,3.120135093035224,3.099104379298555,3.0782154193344264,3.057467257676834,3.0368589452999206,3.0163895395745697,2.9960581042252863,2.9758637092873754,2.955805431064402,2.9358823520859416,2.9160935610656162,2.8964381528594108,2.876915228424272,2.8575238947769854,2.8382632649533304,2.8191324579675117,2.8001305987718603,2.78125681821681,2.7625102530111425,2.7438900456825,2.7253953445381636,2.7070253036260965,2.6887790826962528,2.67065584716214,2.652654768062648,2.6347750220241313,2.6170157912227454,2.5993762633470445,2.5818556315608214,2.564453094466204,2.5471678560670012,2.529999125732291,2.5129461181602566,2.4960080533422713,2.479184156527215,2.4624736581860396,2.4458757939765703,2.4293898047085447,2.4130149363088864,2.396750439787214,2.3805955712015834,2.364549591624456,2.348611767108904,2.332781368655037,2.31705767217666,2.30143995846815,2.2859275131715617,2.270519626743952,2.255215594424925,2.240014716204398,2.224916296790579,2.2099196455781684,2.1950240766167672,2.1802289085795024,2.1655334647318636,2.1509370729007493,2.13643906544372,2.1220387792184607,2.1077355555524497,2.0935287402128284,2.0794176833764806,2.0654017396003037,2.0514802677916912,2.0376526311792067,2.0239181972834577,2.0102763378881656,1.9967264290114324,1.9832678508771981,1.9698999878868932,1.9566222285912802,1.9434339656624862,1.9303345958662228,1.9173235200341956
5,22.14,21.11,22.64,21.73,18.89,17.74,18.82,16.58,19.36,14.62,16.9,12.65,16.9,14.08,15.84,15.08,13.42,12.45,11.8,12.39,12.45,11.51,12.51,10.11,8.3,10.27,8.84,9.29,11.33,8.23,7.94,10.95,8.03,7.23,6.39,6.81,8.06,10.33,8.45,4.26,5.07,10.46,5.09,5.59,6.46,6.31,6.14,6.05,5.87,5.75,5.63,5.42,5.15,5.02,5.05,4.91,4.69,4.62,4.63,4.47,4.3,4.29,4.28,4.26,4.24,4.22,4.21,4.19,4.11,3.95,3.8,3.73,3.75,3.77,3.71,3.58,3.46,3.41,3.45,3.4,3.36,3.31,3.26,3.29,3.31,3.25,3.18,3.19,3.12,3.04,3.05,3.05,3.05,3.05,3.0269847535356513,3.0041431797171434,2.9814739680137397,2.9589758177839447,2.9366474382008803,2.9144875481782275,2.8924948762967206,2.870668160731201,2.849006149178222,2.827507598784195,2.806171276074085,2.784995956880635,2.763980426274136,2.743123478492715,2.722423916873157,2.701880553782248,2.681492210548632,2.661257717395187,2.6411759133719084,2.6212456462893,2.6014657726522676,2.5818351575945107,2.5623526748134093,2.543017206505405,2.5238276433018636,2.504782884205428,2.485881836526848,2.467123415822286,2.448506545831101,2.4300301584140933,2.411693193492224,2.393494598985793,2.375433330754073,2.3575083525354064,2.3397186358877464,2.3220631601296526,2.3045409122817286,2.287150887008503,2.2698920865607475,2.252763520718233,2.2357642067329135,2.218893169272544,2.202149440364719,2.1855320593413348,2.1690400727834738,2.1526725344666997,2.13642850530677,2.1203070533057558,2.1043072534985656,2.088428187899882,2.0726689454514853,2.0570286219699883,2.0415063200949524,2.026101149237408,2.0108122255287526,1.9956386717700412,1.9805796173816568,1.9656341983533605,1.9508015571947195,1.936080842885909,1.9214712108288852,1.9069718227989254,1.892581846896537,1.878300457499725,1.8641268352166251,1.8500601668384886,1.8360996452930256,1.8222444695981004,1.8084938448157737,1.7948469820066941,1.781303098184833,1.7678614162725608,1.7545211650560604,1.741281579141083,1.7281418989090298,1.715101370473371,1.7021592456363919,1.6893147818462637,1.676567242154441,1.6639158951733795,1.651360015034572,1.638898881346903,1.6265317791553147,1.6142579988997885,1.602076836374633,1.5899875926880802
6,22.48,19.42,23.06,19.79,20.51,18.83,16.03,16.25,16.26,15.34,15.69,15.8,14.8,12.67,13.0,13.45,11.7,13.94,12.16,9.63,12.94,11.83,10.32,11.6,10.36,10.64,9.31,8.82,7.78,8.41,7.66,8.75,7.47,8.26,6.95,7.13,8.06,7.81,9.56,4.76,6.39,6.55,7.07,8.92,6.38,5.83,5.6,5.49,5.37,5.25,5.12,5.08,5.02,4.9,4.77,4.64,4.5,4.36,4.21,4.06,3.98,3.97,3.96,3.87,3.78,3.76,3.74,3.73,3.64,3.55,3.48,3.4,3.41,3.42,3.36,3.31,3.25,3.2,3.24,3.27,3.23,3.1,3.04,3.07,3.1,3.13,3.06,2.99,2.92,2.84,2.85,2.86,2.86,2.86,2.839806826878621,2.819756228666581,2.799847198706598,2.780078737448944,2.760449852401262,2.740959558078736,2.7216068759546164,2.7023908344110894,2.683310468690498,2.664364820846905,2.645552939697998,2.6268738807773357,2.608326706286928,2.589910485050156,2.571624292465019,2.5534672104577147,2.5354383274365477,2.5175367382461613,2.4997615441220926,2.4821118526456507,2.464586777699112,2.447185439421231,2.429906964163066,2.412750484444119,2.3957151389087796,2.378800072283082,2.3620044353317673,2.3453273848156417,2.3287680834492455,2.3123256998588144,2.2959994085405406,2.2797883898191267,2.263691829806635,2.2477089203616223,2.2318388590485694,2.2160808490975943,2.2004340993644473,2.184897824290793,2.169471243864769,2.154153583581827,2.1389440744058454,2.1238419527305217,2.108846460341034,2.093956844375973,2.079172357289546,2.0644922568140456,2.0499158059225793,2.035442272792074,2.021070930766527,2.006801058320529,1.9926319390230347,1.978562861501398,1.9645931194056536,1.9507220113730563,1.9369488409928672,1.9232729167713905,1.9096935520972562,1.8962100652069482,1.8828217791505755,1.8695280217578865,1.856328125604521,1.8432214279785009,1.8302072708469603,1.8172850008231076,1.80445396913342,1.7917135315850736,1.7790630485336,1.766501884850772,1.7540294098927183,1.7416449974682588,1.7293480258074687,1.7171378775304598,1.7050139396163864,1.6929756033726668,1.6810222644044235,1.66915332258414,1.6573681820215291,1.6456662510336182,1.6340469421150403,1.6225096719085406,1.611053861175687,1.5996789347677898,1.5883843215970244,1.577169454607761,1.5660337707480947,1.5549767109415766
7,21.04,17.49,16.96,19.51,15.35,15.2,13.75,16.57,13.66,13.39,15.88,12.93,11.99,9.41,11.08,8.49,11.34,11.7,9.46,8.39,11.28,9.25,8.12,8.04,10.15,6.59,7.93,9.57,7.28,8.06,4.35,8.2,6.82,8.78,8.24,5.39,6.87,6.04,6.3,4.65,6.08,5.76,5.12,7.7,6.15,5.64,5.34,5.17,5.12,4.99,4.79,4.72,4.68,4.54,4.34,4.21,4.15,4.01,3.87,3.8,3.81,3.73,3.64,3.56,3.46,3.45,3.44,3.42,3.41,3.4,3.39,3.39,3.32,3.25,3.18,3.12,3.14,3.16,3.19,3.15,3.02,2.97,3.0,3.03,3.06,3.0,2.86,2.79,2.81,2.82,2.83,2.84,2.85,2.85,2.8325989064985717,2.8153040579287385,2.798114805596469,2.7810305047684287,2.7640505146477974,2.7471741983502334,2.7304009228799866,2.7137300591061546,2.697160981739087,2.6806930693069306,2.6643257041323203,2.6480582723092096,2.6318901636798473,2.6158207718118884,2.599849493975651,2.5839757311215066,2.568198887857413,2.552518372426581,2.53693359668528,2.5214439760807767,2.5060489296294097,2.490747879894801,2.475540252966193,2.4604254784369246,2.445402989383038,2.430472222342011,2.4156326172916263,2.4008836176289625,2.3862246701495207,2.371655225026473,2.3571747357900388,2.3427826593069914,2.3284784557602802,2.3142615886287903,2.3001315246672136,2.28608773388605,2.2721296895317273,2.258256868066846,2.2444687491505393,2.2307648156189597,2.2171445534658782,2.2036074518234074,2.190153002942838,2.176780702175595,2.16349004795431,2.1502805417740074,2.137151688173407,2.12410299471634,2.11113397197328,2.098244133502982,2.0854329958342417,2.0727000784477596,2.060044903758115,2.0474669970958566,2.034965886689698,2.022541103648819,2.0101921819452837,1.9979186583965576,1.9857200726481343,1.9735959671562702,1.9615458871708216,1.9495693807181895,1.9376659985843656,1.925835294298083,1.9140768241140722,1.9023901469964137,1.8907748246019997,1.8792304212640887,1.867756503975968,1.8563526423747092,1.8450184087250303,1.8337533779032476,1.8225571273813337,1.8114292372110683,1.8003692900082855,1.7893768709372209,1.77845156769495,1.767592970495925,1.7568006720566034,1.7460742675801724,1.735413354741365,1.7248175336713716,1.7142864069428385,1.7038195795549649,1.6934166589186845,1.6830772548419406
8,16.26,19.37,18.08,14.47,16.59,14.06,11.96,15.7,12.61,13.35,14.21,13.31,10.17,10.08,9.13,8.97,10.08,8.7,10.13,10.0,13.25,9.59,9.47,8.07,6.63,10.96,6.55,8.76,6.84,10.28,6.57,7.22,6.75,6.81,7.7,3.85,7.18,7.11,5.28,5.54,6.71,4.94,5.89,7.29,5.7,5.48,5.23,4.99,4.88,4.76,4.62,4.55,4.4,4.2,4.07,4.02,3.89,3.75,3.77,3.78,3.79,3.64,3.48,3.47,3.47,3.45,3.44,3.42,3.41,3.4,3.39,3.38,3.3,3.15,3.08,3.09,3.11,3.13,3.15,3.1,2.97,2.93,2.96,2.99,3.02,2.97,2.82,2.76,2.78,2.8,2.81,2.82,2.83,2.84,2.8254202614532504,2.810915371067097,2.796484944592732,2.78212859975397,2.7678459562371227,2.7536366356809205,2.7395002616664916,2.72543645970739,2.7114448572396745,2.69752508361204,2.6836767700759974,2.6698995497761056,2.6561930577402535,2.6425569308699917,2.6289908079309123,2.6154943295430817,2.6020671381715172,2.5887088781167185,2.575419195505243,2.5621977382803323,2.549044156192586,2.535958100790682,2.522939225412147,2.5099871851741726,2.4971016369644787,2.4842822394322246,2.471528652978966,2.4588405397496587,2.4462175636237085,2.433659390206068,2.4211656868183757,2.408736122490146,2.3963703679499995,2.3840680956169398,2.371828979591679,2.3596526956479993,2.347538921224168,2.3354873354143915,2.323497618960312,2.311569454242553,2.2997025252723033,2.287896517682948,2.2761511187217383,2.2644660172415083,2.2528409036924306,2.241275470113819,2.2297694101259657,2.2183224189220305,2.2069341932599618,2.195604431454465,2.1843328333690106,2.1731191004078836,2.161962935508273,2.1508640431324024,2.1398221292597,2.1288369013790116,2.1179080684808502,2.107035341049688,2.096218431056285,2.08545705195006,2.074750918651502,2.064099747544612,2.0535032564693965,2.042961164714389,2.0324731930092135,2.0220390635171883,2.011658499827965,2.0013312269502053,1.9910569713042972,1.9808354607151073,1.9706664244047707,1.9605495929855177,1.9504846984525372,1.9404714741768778,1.9305096548983833,1.920598976718667,1.9107391770941207,1.9009299948289575,1.8911711700682956,1.8814624442912726,1.8718035603041967,1.8621942622337357,1.8526342955201354,1.843123406910479,1.833661344451976,1.8242478574852892
9,17.25,12.81,16.53,17.47,23.35,15.27,16.22,9.91,14.85,13.44,15.59,14.21,11.32,10.98,9.53,12.08,11.61,11.66,8.41,8.58,9.99,8.08,10.35,7.21,8.05,5.23,7.54,10.2,11.04,7.7,5.74,6.23,6.6,7.0,6.25,7.41,4.61,6.91,4.56,4.27,5.03,7.11,5.35,5.54,5.6,5.36,5.21,5.08,4.98,4.8,4.67,4.6,4.46,4.31,4.19,4.06,3.93,3.87,3.82,3.75,3.77,3.7,3.62,3.62,3.54,3.45,3.44,3.43,3.41,3.4,3.39,3.38,3.37,3.29,3.22,3.23,3.16,3.1,3.12,3.14,3.09,3.05,3.0,2.95,2.98,3.01,2.96,2.9,2.84,2.77,2.79,2.8,2.81,2.82,2.807319339761054,2.794695700495192,2.7821288257968857,2.7696184604135854,2.75716435024053,2.7447662423155887,2.7324238848141236,2.7201370270438723,2.707905419439858,2.6957288135593203,2.6836069620766674,2.671539618778453,2.659526538558378,2.6475674774123075,2.635662192433319,2.6238104418067647,2.6120119848053642,2.6002665817843105,2.5885739941764054,2.5769339844872134,2.565346316290236,2.553810754222113,2.542327063977838,2.530895012306001,2.5195143670040525,2.508184896913584,2.496906371915635,2.4856785629260174,2.4745012418906644,2.463374181780996,2.4522971565893092,2.441269941324188,2.4302923120059314,2.4193640456620065,2.4084849203225165,2.3976547150156957,2.3868732097634195,2.376140185576734,2.3654554244514134,2.354818709363527,2.3442298242650335,2.333688554079392,2.323194684697195,2.3127480029718153,2.3023482967150826,2.2919953546929692,2.281688966621301,2.271428923161487,2.261215015916265,2.2510470374254723,2.2409247811618274,2.2308480415267398,2.2208166138461305,2.2108302943662763,2.200888880249671,2.190992169570905,2.181139961312565,2.1713320553611495,2.161568252503005,2.151848354420281,2.1421721636868982,2.1325394837645435,2.122950118998673,2.113403874614541,2.1039005567132434,2.094439972267779,2.0850219291191285,2.0756462359723518,2.0663127023927017,2.0570211388017587,2.0477713564735764,2.0385631675308504,2.029396384941103,2.0202708225128823,2.011186294891981,2.0021426175576726,1.9931396068189626,1.9841770798108571,1.9752548544906496,1.9663727496342227,1.9575305848323667,1.9487281804871173,1.9399653578081044,1.9312419388089237,1.9225577463035197,1.9139126039025878
10,19.17,21.04,15.77,16.23,16.24,14.1,13.34,12.78,13.69,12.58,13.97,10.78,14.49,11.31,13.71,8.98,13.69,7.91,13.24,11.32,7.02,12.04,11.27,8.15,8.56,8.01,11.48,7.79,7.62,7.51,4.43,7.21,8.55,6.56,5.57,5.69,4.23,7.92,7.4,4.81,4.76,5.71,8.72,8.26,6.02,5.65,5.48,5.45,5.4,5.09,4.92,4.87,4.66,4.59,4.53,4.33,4.27,4.22,4.09,3.96,3.9,3.91,3.84,3.77,3.69,3.61,3.6,3.59,3.57,3.56,3.54,3.53,3.44,3.36,3.36,3.36,3.29,3.23,3.24,3.26,3.21,3.16,3.12,3.07,3.1,3.05,3.0,3.03,2.97,2.91,2.93,2.95,2.88,2.8,2.7743420021495355,2.7489191231753907,2.7237292085491283,2.698770123485485,2.6740397527614537,2.649536000537022,2.6252567901775548,2.6012000640778075,2.5773637834875442,2.553745928338763,2.5303444970744957,2.5071575064791847,2.484182991510606,2.4614190051333424,2.4388636181537695,2.416514919056568,2.394371013842722,2.372430025869011,2.3506900956889667,2.3291493808952897,2.3078060559637104,2.2866583120982797,2.265704357078078,2.244942415105329,2.2243707266549047,2.203987548325209,2.1837911526904312,2.1637798281541474,2.14395187880427,2.1243056242693203,2.104839399576023,2.0855515550082036,2.0664404559669776,2.047504482832223,2.028742030825321,2.0101515098731557,1.9917313444733582,1.9734799735607866,1.9553958503752307,1.9374774423303256,1.91972323088367,1.9021317114081344,1.884701393064345,1.8674307986743408,1.8503184645963846,1.8333629406009244,1.816562789747689,1.7999165882639103,1.7834229254236635,1.7670804034283103,1.7508876372880384,1.734843254704488,1.7189458959544524,1.7031942137746439,1.6875868732475174,1.6721225516881402,1.6567999385320946,1.641617735224414,1.626574655109531,1.611669423322238,1.5969007766796448,1.5822674635741267,1.5677682438672533,1.553401888784692,1.5391671808120686,1.5250629135917897,1.5110878918208037,1.4972409311493031,1.4835208580803547,1.4699265098704457,1.456456734430947,1.4431103902304743,1.4298863461981468,1.4167834816277325,1.4038006860826688,1.3909368593019587,1.3781909111069222,1.3655617613088114,1.3530483396172621,1.3406495855495928,1.3283644483409294,1.316191886855156,1.3041308694966818,1.2921803741230138,1.280339387958135,1.2686069075066726
11,17.23,15.89,16.3,14.15,16.76,15.3,14.37,13.0,12.75,17.72,14.5,9.21,11.33,9.93,14.11,7.94,9.52,12.87,12.9,11.13,12.1,6.47,10.95,7.5,9.21,9.89,9.33,9.26,9.42,6.74,8.64,6.47,8.06,4.98,4.82,8.31,8.66,6.07,5.35,5.35,8.59,5.69,6.83,6.13,6.23,6.07,5.89,5.85,5.83,5.58,5.48,5.45,5.2,5.07,5.09,4.96,4.77,4.64,4.51,4.39,4.33,4.35,4.21,4.06,4.07,4.07,4.07,4.06,4.04,4.03,4.01,3.84,3.59,3.51,3.5,3.5,3.5,3.51,3.52,3.54,3.41,3.28,3.31,3.34,3.38,3.25,3.13,3.16,3.19,3.22,3.16,3.09,3.02,2.95,2.913597601224883,2.877644400631658,2.8421348552063104,2.8070634903344867,2.7724248989574605,2.7382137407385065,2.7044247412395683,2.6710526911080783,2.6380924452738186,2.6055389221556893,2.5733871028782653,2.541632030498022,2.510268809239107,2.479292603738544,2.448698638300751,2.418482196161256,2.388638618759499,2.3591633050206084,2.3300517106460377,2.3012993474129595,2.272901782482301,2.2448546377153193,2.2171535889986127,2.1897943655774568,2.1627727493973703,2.1360845744538044,2.109725726149857,2.083692140661915,2.0579798043131174,2.0325847529545604,2.0075030713541278,1.9827308925928722,1.958264397468835,1.934099813908233,1.9102334163839054,1.8866615253409353,1.8633805066293654,1.840386770943907,1.817676773270568,1.795247012340106,1.7730940300882272,1.751214411122447,1.7296047821955283,1.7082618116854158,1.6871822090815936,1.6663627244777726,1.6458001480708468,1.6254913096660262,1.605433078188077,1.585622361198597,1.566056104419243,1.5467312912608444,1.527644942358326,1.5087941151113706,1.4901759032307489,1.4717874362902486,1.4536258792841315,1.4356884321900532,1.4179723295373734,1.400474839980797,1.3831932658792716,1.3661249428800872,1.3492672395081025,1.332617556760043,1.3161733277038052,1.2999320170827047,1.2838911209246073,1.2680481661558856,1.2524007102201353,1.2369463407016021,1.2216826749532492,1.2066073597294187,1.1917180708230248,1.1770125127072237,1.162488418181505,1.1481435480221496,1.1339756906370038,1.1199826617245099,1.1061623039369461,1.0925124865478224,1.079031105123379,1.0657160811981392,1.0525653619544681,1.0395769199060811,1.026748752585461,1.0140788822351323
12,15.86,18.21,19.25,18.31,21.06,17.57,16.75,14.05,17.1,16.45,13.92,13.37,13.66,12.74,13.05,9.58,11.21,15.49,13.38,9.49,10.86,11.04,15.23,12.77,12.83,9.7,12.02,7.65,10.31,9.37,8.67,8.62,6.45,4.74,6.69,6.48,8.82,5.4,3.95,7.89,7.11,5.24,7.55,6.97,6.6,6.65,6.49,6.38,6.34,6.2,6.09,6.0,5.85,5.74,5.77,5.67,5.47,5.36,5.16,5.04,5.07,5.01,4.88,4.82,4.83,4.76,4.61,4.52,4.51,4.5,4.48,4.31,4.13,4.12,4.11,4.1,4.02,3.95,3.96,3.97,3.91,3.86,3.81,3.69,3.65,3.61,3.57,3.53,3.48,3.51,3.46,3.4,3.34,3.27,3.230724248349007,3.1919202351285194,3.1535822943197465,3.115704827958074,3.078282305315664,3.041309262093883,3.004780299625423,2.9686900840860093,2.933033345715573,2.897804878048782,2.862999537154813,2.8286122408862506,2.794637968137013,2.761071758109189,2.727908709588679,2.6951439802295405,2.6627727858469212,2.6307903997184976,2.5991921518942895,2.5679734285147764,2.5371296711371936,2.5066563760699307,2.4765490937149153,2.4468034279179007,2.4174150353265547,2.3883796247562605,2.3596929565635336,2.331350842026963,2.3033491427355917,2.2756837699846404,2.24835068417849,2.221345894240834,2.194665457031918,2.168305476772775,2.1422621044763788,2.116531537385631,2.091110018418092,2.065993835617391,2.0411793216112164,2.016662853075821,1.9924408502069557,1.9685097761971633,1.9448661367193432,1.9215064794165253,1.898427393397768,1.8756255087401128,1.8530974959965214,1.8308400657097215,1.8088499679318921,1.7871239917501185,1.7656589648175474,1.7444517528901702,1.7234992593691754,1.7027984248487917,1.682346226669568,1.6621396784770117,1.6421758297855364,1.6224517655476405,1.602964605728263,1.5837115048842525,1.5646896517488842,1.5458962688213713,1.5273286119613025,1.5089839699879546,1.4908596642844145,1.4729530484064581,1.4552615076961266,1.4377824588999424,1.4205133497917135,1.4034516587998667,1.386594894639256,1.369940595947395,1.3534863309250575,1.3372296969811963,1.3211683203821243,1.305299855904911,1.289621986494942,1.2741324229275919,1.2588289034739584,1.2437091935706144,1.2287710854933251,1.214012398034684,1.1994309761856208,1.1850246908207356,1.1707914383874118,1.1567291405986617
13,20.43,19.34,18.7,19.26,19.53,19.16,18.11,15.85,17.08,15.48,12.08,13.61,17.82,13.92,15.55,13.31,14.63,13.65,11.93,11.77,10.53,12.97,9.44,12.39,12.49,12.78,11.24,10.61,10.89,8.09,8.23,8.09,8.31,11.67,11.78,8.37,7.0,7.96,9.43,8.94,10.14,10.28,10.57,7.45,7.76,7.69,7.5,7.28,7.17,7.02,6.83,6.66,6.58,6.51,6.41,6.39,6.38,6.28,6.1,6.05,6.01,5.89,5.77,5.71,5.66,5.51,5.37,5.29,5.29,5.2,5.1,5.08,5.06,5.04,5.02,5.0,4.92,4.84,4.77,4.63,4.57,4.59,4.54,4.34,4.23,4.27,4.32,4.2,4.08,4.13,4.17,4.12,3.9,3.75,3.6956039408231476,3.6419969299806882,3.5891675218406496,3.537104436797002,3.485796558861344,3.4352329332895337,3.3854027642427367,3.3362954124824094,3.287900393098715,3.24020737327189,3.1932061700660843,3.1468867482552034,3.101239218180286,3.056253833637963,3.011920989799549,2.968231221160312,2.925175199518494,2.8827437319836493,2.8409277590138675,2.799718352481473,2.759106713766779,2.719084171879497,2.6796421816073903,2.640772321691789,2.602466293029565,2.564715916901192,2.527513133224506,2.490849998833799,2.454718685783872,2.4191114796786923,2.3840207780242912,2.3494390886055565,2.3153590278865703,2.28177331943415,2.248674792364256,2.2160563798109383,2.1839111174174883,2.152232141849481,2.1210126893293832,2.090246094192419,2.059925787463386,2.0300452954541104,2.000598238381254,1.9715783290041626,1.94297937128248,1.9147952590532304,1.887019974727093,1.8596475880035845,1.8326722546048824,1.8060882150280122,1.7798897933151379,1.7540713958416858,1.7286275101220516,1.7035527036326292,1.6788416226519127,1.6544889911174232,1.6304896094992167,1.6068383536897335,1.5835301739097487,1.5605600936301953,1.5379232085096242,1.515614685347079,1.49362976105016,1.4719637416180555,1.4506120011393258,1.4295699808042255,1.4088331879313514,1.3883971950084106,1.3682576387469032,1.3484102191505147,1.3288506985970256,1.3095749009335362,1.2905787105848159,1.2718580716745875,1.2534089871595562,1.2352275179760013,1.2173097821987484,1.1996519542123367,1.1822502638942138,1.1651009958097769,1.1482004884190893,1.1315451332951065,1.11513137435324,1.0989557070920977,1.0830146778452387,1.0673048830437804
14,24.63,22.26,20.72,18.71,19.96,18.74,20.73,19.5,20.52,19.77,23.63,19.17,20.83,18.63,18.07,20.9,16.14,13.49,13.9,13.57,12.31,17.63,15.32,12.09,14.18,13.22,13.24,8.53,13.27,14.89,9.13,8.78,11.41,11.7,10.74,11.1,10.02,8.89,10.91,9.14,7.07,11.27,8.66,10.43,9.12,9.06,8.88,8.65,8.5,8.33,8.13,7.96,7.88,7.75,7.57,7.49,7.5,7.46,7.3,7.2,7.08,6.97,6.86,6.74,6.69,6.64,6.58,6.51,6.51,6.43,6.34,6.24,6.14,6.11,6.08,6.06,6.04,6.03,5.88,5.66,5.59,5.61,5.64,5.52,5.41,5.38,5.28,5.18,5.15,5.05,4.93,4.9,4.77,4.64,4.560115794949142,4.481606910203588,4.40444966766651,4.328620796893222,4.254097428072872,4.180857085130954,4.108877678950582,4.038137500710456,3.9686152153375445,3.900289855072463,3.8331408131456555,3.7671478375624354,3.7022910249950365,3.63855081477981,3.5759079830177765,3.514343636776744,3.4538392083932417,3.394376449872557,3.335937427385182,3.278504515858012,3.222060393658666,3.1665880373713224,3.112070716662494,3.058491989235202,3.0058356958700148,2.954085955551465,2.903227160678377,2.853243972356642,2.804121315773051,2.7558443756487634,2.7083985917710525,2.661769654601981,2.615943500962676,2.5709063097919085,2.526644497977693,2.483144716260652,2.4403938452079106,2.398378991256307,2.3570874828237236,2.316506866487366,2.276624903227841,2.2374295647378966,2.1989090297947125,2.1610516806946474,2.1238460997493647,2.0872810658422867,2.05134555104433,2.0160287172879103,1.9813199130982022,1.9472086703806841,1.9136847012639822,1.8807378949970723,1.8483583148999034,1.816536195366515,1.7852619389197557,1.7545261133167047,1.7243194487039297,1.6946328348217212,1.6654573182564596,1.636784099740285,1.6086045314972601,1.58091011463522,1.5536924965825272,1.5269434685689545,1.5006549631499393,1.4748190517734618,1.4494279423888103,1.4244739770965194,1.399949629838763,1.3758475041295148,1.3521603308237835,1.3288809659252572,1.3060023884316894,1.283517698217382,1.2614201139521228,1.239702971055953,1.2183597196891447,1.1973839227767842,1.1767692540673658,1.1565094962248093,1.1365985389533253,1.1170303771545638,1.0977991091164925,1.0788989347334512,1.0603241537568566,1.0420691640760185
15,28.59,24.62,21.79,27.84,22.95,21.83,22.47,26.55,20.03,21.04,21.83,19.18,21.92,17.04,21.92,22.21,26.5,17.26,21.33,14.48,18.68,14.45,16.24,17.65,13.09,18.24,13.13,15.5,14.8,15.61,9.14,12.07,13.14,13.31,15.62,12.69,9.27,13.34,10.75,9.5,13.38,13.21,12.61,9.28,10.76,11.01,10.82,10.61,10.47,10.33,10.1,9.86,9.72,9.6,9.38,9.15,9.1,9.09,8.88,8.68,8.59,8.48,8.38,8.28,8.24,8.27,8.15,8.01,8.03,7.95,7.87,7.77,7.59,7.49,7.45,7.35,7.24,7.22,7.13,7.05,6.99,6.93,6.95,6.91,6.8,6.7,6.53,6.43,6.5,6.33,6.16,6.14,6.11,6.08,6.002692999592347,5.926368955157067,5.85101536844124,5.77661990010682,5.703170367710042,5.6306547437065095,5.559061153481662,5.488377873406272,5.41859332891667,5.34969609261939,5.2816748824198925,5.214518559675102,5.148216127369425,5.082756728313958,5.018129643368602,4.954324289686768,4.891330218982415,4.82913711581912,4.767734795920889,4.707113204504468,4.6472624146328405,4.588172625589668,4.5298341612743975,4.472237468617779,4.415373116017523,4.359231791793855,4.3038043026647,4.249081572240265,4.195054639536758,4.141714657508995,4.089052891601688,4.037060718319127,3.985729623813072,3.9350512024885798,3.885017155627573,3.835619290029902,3.786849516671688,3.7386998493807244,3.6911624035287227,3.6442293947401856,3.5978931376176915,3.5521460444833983,3.5069806241365367,3.4623894806267086,3.4183653120427837,3.374900909317192,3.33198915504542,3.2896230223205203,3.247795573582435,3.206499959481956,3.1657294177591253,3.125477272135898,3.0857369312228844,3.0465018874399967,3.007765715950813,2.9695220736104946,2.9317646979270835,2.8944874060359993,2.8576840936875825,2.8213487342475085,2.7854753777099095,2.7500581497230465,2.7150912506273706,2.680568954505814,2.6464856082461554,2.612835630615311,2.579613511345392,2.5468138102313844,2.5144311562403034,2.4824602466316708,2.4508958460891814,2.419732785863403,2.3889659629253845,2.3585903391310192,2.3286009403960373,2.2989928558814885,2.2697612371895772,2.2409012975697267,2.2124083111347375,2.1842776120869107,2.156504593954011,2.1290847088349474,2.1020134666550407,2.0752864344307653,2.048899235543835,2.0228475490245215
16,26.71,30.94,29.67,26.96,26.41,26.44,24.18,25.44,27.28,28.97,24.46,24.23,30.14,20.64,24.79,26.61,23.57,31.27,22.9,20.52,25.27,24.64,20.2,23.97,23.56,18.28,18.87,14.55,19.77,18.1,13.33,11.01,13.38,18.81,15.17,14.38,16.04,15.2,12.37,11.23,14.29,8.99,13.54,12.45,13.35,13.68,13.41,13.17,12.99,12.83,12.51,12.22,12.07,11.92,11.7,11.51,11.33,11.11,10.95,10.87,10.78,10.63,10.6,10.44,10.2,10.18,9.99,9.79,9.82,9.68,9.53,9.52,9.34,9.16,9.12,9.01,8.9,8.86,8.76,8.67,8.59,8.45,8.39,8.42,8.31,8.21,8.2,8.04,7.97,7.89,7.82,7.74,7.66,7.65,7.576983988661403,7.50466488423938,7.433036035052453,7.362090852906624,7.291822812489419,7.22222545076971,7.153292366403265,7.085017219143971,7.01739372926068,6.95041567695962,6.88407690181232,6.818371302188987,6.753292834697301,6.6888355136265645,6.624993410397157,6.561760653015236,6.499131425532657,6.43709996751204,6.375660573496936,6.314807592487067,6.254535427418557,6.194838534649139,6.13571142344826,6.077148655492069,6.019144844363213,5.96169465505541,5.90479280348276,5.848434055993718,5.792613228889734,5.737325187948464,5.682564847951539,5.628327172216855,5.574607172135296,5.521399906711916,5.468700482111471,5.416504051208301,5.364805813140513,5.313601012868403,5.262884940737111,5.212652932043438,5.162900366606804,5.113622668344292,5.064815304849765,5.016473786976978,4.968593668426693,4.921170545337708,4.87420005588182,4.827677879862622,4.781599738318159,4.7359613931273525,4.690758646620195,4.645987341191668,4.601643358919323,4.557722621184547,4.514221088297411,4.471134759125116,4.428459670723981,4.386191897974948,4.344327553222556,4.302862785917369,4.261793782261818,4.2211167648594135,4.180827992367319,4.140923759152232,4.1014003949495486,4.062254264525788,4.023481767344236,3.9850793372337723,3.947043442060874,3.9093705834047356,3.872057296235499,3.8351001485955476,3.798495741283847,3.7622407075432984,3.726331712751074,3.69076545411191,3.655538660354323,3.6206480914297337,3.5860905382144517,3.5518628222145168,3.5179617952733455,3.4843843392821783,3.451127365893282,3.418187816235895,3.385562660634884,3.3532488983320805
17,32.31,29.56,35.51,34.66,33.84,28.14,30.6,31.23,29.82,29.02,36.36,31.42,30.27,26.65,26.16,29.97,30.76,32.17,30.71,23.57,26.57,28.25,26.34,22.96,24.78,24.77,25.37,23.19,19.35,23.47,17.35,17.24,14.16,16.47,15.41,14.46,16.18,15.0,16.12,15.56,14.62,19.69,14.33,16.63,16.21,16.19,15.89,15.61,15.36,15.16,14.91,14.66,14.44,14.2,14.02,13.83,13.62,13.41,13.23,13.13,12.91,12.7,12.65,12.47,12.25,12.1,11.93,11.75,11.71,11.59,11.45,11.46,11.29,11.11,11.08,10.96,10.76,10.64,10.53,10.42,10.33,10.1,9.96,9.91,9.79,9.69,9.68,9.52,9.38,9.32,9.26,9.2,9.13,9.06,8.979117443282261,8.898956960293132,8.819512104766682,8.740776487985604,8.662743778267439,8.585407700455413,8.5087620354138,8.432800619527807,8.357517344207903,8.282906155398589,8.208961053091553,8.135676090843166,8.063045375296282,7.991063065706315,7.919723373471544,7.849020561667613,7.77894894458618,7.7095028872776945,7.640676805098244,7.572465163260467,7.504862476388444,7.437863308076599,7.371462270452504,7.305654023743614,7.240433275847851,7.17579478190803,7.111733343890091,7.0482438101650775,6.985321075094864,6.922960078621577,6.861155805860677,6.7999032866976785,6.7391975953884655,6.679033850163183,6.619407212833655,6.560312888404314,6.501746124686602,6.443702211916811,6.386176482377343,6.3291643100213415,6.27266111010068,6.216662338797272,6.1611634928576695,6.106160109230924,6.05164776470968,5.99762207557448,5.944078697241234,5.891013323911839,5.838421688227926,5.786299560927685,5.734642750505769,5.683447102876215,5.632708501038396,5.58242286474593,5.532586150178578,5.483194349617033,5.434243491120643,5.385729638207998,5.337648889540364,5.289997378607954,5.242771273418998,5.195966776191576,5.14958012304822,5.103607583713233,5.058045461212706,5.012890091577227,4.968137843547229,4.923785118280976,4.879828349065156,4.83626400102806,4.793088570855311,4.750298586508142,4.7078906069441855,4.665861221840756,4.624207051320598,4.5829247456800895,4.542010985119869,4.5014624794778655,4.461275967964714,4.421448218901537,4.381976029460052,4.342856225405022,4.304085660838983,4.265661217949269,4.227579806757277,4.189838364869991
18,41.06,29.82,34.25,26.82,29.27,36.21,34.24,33.41,37.34,29.05,28.39,32.97,27.59,25.66,30.67,31.4,29.46,32.3,30.35,38.54,29.55,26.45,26.33,27.88,27.48,25.87,26.45,28.74,22.94,22.07,18.96,15.6,18.84,20.26,20.37,21.71,20.6,22.68,24.3,17.11,15.99,17.8,19.55,20.16,18.44,18.07,17.74,17.48,17.24,17.0,16.65,16.3,16.06,15.84,15.63,15.35,15.18,15.06,14.88,14.66,14.33,14.14,14.03,13.91,13.82,13.68,13.54,13.3,13.21,13.1,12.98,12.85,12.63,12.54,12.43,12.24,12.04,11.92,11.79,11.68,11.57,11.4,11.25,11.11,10.99,10.8,10.7,10.62,10.41,10.27,10.22,10.17,10.12,10.07,9.97151189627807,9.87398704047816,9.777416011700442,9.681789481184769,9.587098211409513,9.493333055199221,9.400484954841,9.308544941209536,9.21750413290069,9.127353735373534,9.038085040100821,8.949689423727724,8.86215834723883,8.775483355133266,8.6896560746079,8.604668214748527,8.520511565728969,8.437177998018003,8.35465946159405,8.272947985167548,8.192035675410912,8.111914716196052,8.032577367839332,7.954015966353911,7.876222922709408,7.799190722098796,7.722911923212481,7.647379157519464,7.5725851285555414,7.498522611218467,7.425184451070014,7.3525635636448445,7.280652933766161,7.2094456148680335,7.138934728324366,7.069113462784415,6.999975073514821,6.931512881748063,6.863720274037288,6.796590701617456,6.730117679772728,6.664294787210042,6.599115665438814,6.534574018156713,6.470663610641434,6.4073782691484285,6.344711880314511,6.282658390567324,6.221211805540546,6.160366189494847,6.100115664744496,6.040454411089567,5.981376665253721,5.9228767203274595,5.864948925216851,5.807587684097628,5.750787455874627,5.694542753646528,5.638848144175811,5.583698247363915,5.529087735731508,5.475011333903863,5.421463818101254,5.368440015634337,5.3159348044044705,5.263943112408919,5.212459917250897,5.161480245654412,5.110999172983835,5.061011822768191,5.011513366230087,4.9624990218192515,4.9139640547506405,4.865903776547054,4.818313544586228,4.7711887616523665,4.724524875492036,4.6783173783744285,4.6325618066559135,4.587253740348845,4.542388802694595,4.497962659740759,4.453971019922496,4.410409633647958,4.367274292887786,4.324560830768615
19,31.18,33.81,34.34,30.43,28.22,32.23,31.83,31.0,34.28,31.15,35.58,31.85,32.11,29.56,32.41,32.67,29.44,30.58,30.9,34.46,24.25,31.43,29.27,33.94,27.86,25.55,24.25,27.23,24.57,25.42,21.74,19.57,18.24,20.91,22.79,18.23,18.28,21.53,18.76,21.61,19.42,19.71,18.06,21.73,19.69,19.09,18.73,18.57,18.31,17.95,17.54,17.2,16.98,16.81,16.59,16.33,16.07,15.85,15.69,15.52,15.24,15.08,14.99,14.82,14.63,14.48,14.28,14.06,13.98,13.89,13.78,13.59,13.39,13.32,13.16,12.91,12.79,12.67,12.48,12.35,12.31,12.2,12.03,11.95,11.75,11.49,11.38,11.29,11.06,10.93,10.87,10.83,10.71,10.52,10.386770200108394,10.255227679644465,10.125351070176604,9.997119273892205,9.87051146017042,9.745507062198339,9.62208577363,9.50022754528774,9.379912581905286,9.26112133891213,9.1438345192586,9.028033070281149,8.91369818060735,8.800811277100081,8.6893540218404,8.57930830914866,8.470656262643312,8.363380232336985,8.257462791769337,8.152886735176198,8.049635074694596,7.9476910376031515,7.847038063597431,7.747659802099816,7.649540109603429,7.552663047049696,7.45701287723913,7.362574062274899,7.269331261038777,7.177269326699044,7.086373304249969,6.996628428082436,6.90802011958535,6.820533984777409,6.734155811968874,6.648871569452951,6.564667403226411,6.481529634739072,6.399444758671791,6.318399440742587,6.238380515540556,6.159374984387213,6.081370013224926,6.004352930532077,5.928311225264646,5.853232544823851,5.779104693049525,5.705915628238913,5.633653461190562,5.56230645327297,5.491863014517709,5.4223117017366915,5.35364121666328,5.28584040411694,5.218898250191135,5.152803880464175,5.0875465582327175,5.023115682767644,4.959500787592025,4.896691538780889,4.8346777332825335,4.773449297261086,4.712996284460058,4.653308874586626,4.594377371716378,4.536192202718251,4.478743915699429,4.422023178469924,4.366020777026617,4.310727614056479,4.256134707458765,4.202233188885908,4.149014302302911,4.096469402564962,4.044589954013078,3.99336752908753,3.942793806958826,3.8928605721760325,3.8435597133322172,3.794883221746791,3.7468231901645344,3.699371811471108,3.6525213774248204,3.606264277404467,3.5605929971730177,3.5155001176569707
20,35.35,38.25,32.91,31.37,31.57,32.81,32.99,34.02,32.29,29.29,30.31,32.7,34.63,25.41,28.63,32.34,29.72,30.96,31.94,31.25,31.29,29.9,29.21,29.27,30.02,25.98,21.27,24.97,24.97,23.91,18.71,21.15,19.93,18.82,20.64,20.93,18.56,18.31,18.94,17.62,26.65,21.76,22.07,22.91,20.23,19.59,19.25,19.05,18.78,18.35,18.06,17.88,17.67,17.41,17.17,16.97,16.72,16.53,16.32,16.1,15.94,15.75,15.53,15.39,15.23,15.05,14.83,14.63,14.57,14.5,14.27,14.09,13.98,13.86,13.72,13.49,13.38,13.2,13.01,12.95,12.9,12.72,12.47,12.38,12.16,11.96,11.85,11.74,11.65,11.58,11.45,11.33,11.22,10.96,10.8272844140567,10.696175892598095,10.566654975541638,10.4387024384486,10.312299289670637,10.187426767530917,10.064066337539373,9.942199689641674,9.821808735501518,9.702875605815834,9.585382647662474,9.469312421880058,9.354647700479513,9.241371464086967,9.129466899417624,9.018917396780198,8.909706547611593,8.801818142041418,8.695236166485996,8.589944801271528,8.485928418286003,8.383171578659567,8.281659030472976,8.181375706493794,8.082306721939997,7.984437372270677,7.887753131003479,7.792239647558476,7.697882745128153,7.604668418573179,7.512582832343667,7.421612318425594,7.331743374312102,7.2429626609993525,7.155257001006652,7.068613376420567,6.983018926962692,6.898460948080848,6.814926889063371,6.732404351176255,6.650881085822825,6.570344992725728,6.490784118130907,6.412186653033351,6.334540931424307,6.257835428559726,6.182058759249685,6.107199676168505,6.033247068185344,5.960189958715005,5.8880175040887055,5.816718991944586,5.746283839637702,5.676701592669268,5.607961923134928,5.540054628191809,5.472969628544147,5.406696966947238,5.341226806729513,5.2765494303325085,5.212655237868515,5.149534745695692,5.087178585010437,5.025577500456799,4.96472234875273,4.904604097332975,4.84521382300839,4.7865427106414975,4.728582051838083,4.671323243654627,4.614757787321399,4.558877286981,4.503673448442196,4.44913807794883,4.3952630809636455,4.342040460966834,4.289462318269139,4.2375208488393215,4.186208343145831,4.135517185012497,4.085439850488088,4.035968906729544,3.987097010898746,3.938816909072632,3.8911214351665224,3.8440035098704763
21,32.13,34.7,33.35,31.17,30.87,30.01,28.67,31.89,35.73,33.83,30.61,33.26,31.82,32.64,32.1,35.31,37.41,29.68,36.07,29.13,32.74,29.86,28.21,30.38,27.82,25.17,26.68,27.41,26.86,18.41,24.06,19.58,20.08,21.94,18.16,24.22,19.06,21.78,20.61,19.34,23.3,21.56,23.15,22.4,20.6,20.12,19.79,19.56,19.42,19.08,18.77,18.59,18.31,17.93,17.68,17.51,17.3,17.12,16.94,16.74,16.66,16.38,16.01,15.87,15.74,15.66,15.49,15.27,15.22,15.02,14.67,14.51,14.41,14.3,14.11,13.9,13.82,13.65,13.53,13.41,13.29,13.17,12.98,12.81,12.65,12.5,12.31,12.2,12.1,12.01,11.87,11.67,11.63,11.52,11.39837166965971,11.27802749302961,11.158953911995836,11.041137511591296,10.924565018484317,10.80922329948326,10.695099360056917,10.582180342870526,10.470453526337264,10.359906323185008,10.250526279038237,10.142301071014915,10.035218506338172,9.929266520962662,9.824433178215402,9.720706667450987,9.618075302720971,9.51652752145733,9.416051883169809,9.316637068157005,9.218271876231105,9.120945225456033,9.024646150898961,8.92936380339499,8.835087448324856,8.741806464405567,8.649510342493798,8.558188684401905,8.467831201726476,8.378427714689202,8.28996815099003,8.202442544672401,8.11584103500047,8.030153865348185,7.9453713821001015,7.861484033563786,7.778482368893716,7.696357037026536,7.615098785627554,7.534698460048365,7.455147002295481,7.376435450009837,7.298554935457093,7.221496684528575,7.1452520157527815,7.069812339317314,6.995169156101138,6.921314056717069,6.848238720564355,6.775934914891268,6.704394493867596,6.633609397666924,6.563571651558601,6.4942733650093025,6.425706730794068,6.357864024116739,6.290737601739663,6.224319901122609,6.158603439570753,6.093580813391677,6.029244697061256,5.965587842398356,5.902603077748249,5.84028330717464,5.778621509660238,5.717610738315754,5.657244119597259,5.5975148525318055,5.538416207951213,5.479941527733965,5.4220842240550855,5.364837778643953,5.3081957420499455,5.252151732915833,5.196699437258853,5.141832607759364,5.087545063057019,5.033830687054361,4.980683428227787,4.928097298945765,4.8760663747942665,4.824584793909315,4.773646756316577,4.723246523277937,4.673378416644963,4.624036818219193
22,36.3,34.35,28.91,32.01,31.75,36.04,28.09,29.75,32.5,29.45,36.44,31.44,28.96,31.14,31.35,28.86,31.94,33.23,35.82,32.37,30.92,28.3,33.18,29.01,28.13,25.62,26.03,27.21,21.46,20.11,22.65,19.3,20.69,23.24,18.79,21.74,18.42,22.83,24.53,24.01,21.32,20.55,22.51,22.33,20.93,20.73,20.42,20.19,20.13,19.86,19.64,19.44,19.08,18.69,18.38,18.14,17.92,17.71,17.54,17.37,17.24,16.98,16.71,16.54,16.22,16.04,15.97,15.86,15.79,15.53,15.27,15.2,15.12,14.89,14.64,14.45,14.25,14.02,13.92,13.81,13.62,13.5,13.45,13.27,13.09,13.0,12.79,12.67,12.56,12.39,12.24,12.1,12.05,11.94,11.814563128220307,11.690444046122511,11.567628909534477,11.446104019725402,11.325855821877887,11.206870903576029,11.08913599330941,10.972637958992799,10.857363806501413,10.743300678221546,10.630435851616456,10.518756737807287,10.408250880168922,10.29890595294056,10.190709759850934,10.083650232757929,9.977715430302508,9.872893536576786,9.769172859806087,9.666541831044851,9.564989002886241,9.464503048185302,9.365072758795542,9.266687044318779,9.16933493086813,9.07300555984398,8.977688186722824,8.883372179858835,8.790047019298012,8.697702295604781,8.606327708700954,8.515913066716836,8.42644828485446,8.337923384262709,8.250328490924296,8.163653834554411,8.07788974751096,7.993026663716235,7.909055117589916,7.825965742993295,7.743749272184575,7.662396534785152,7.581898456756759,7.502246059389352,7.423430458299626,7.345442862440062,7.268274573118373,7.191916983027263,7.116361575284366,7.041599922482283,6.967623685748589,6.894424613815725,6.8219945421006525,6.750325391794182,6.67940916895987,6.6092379636423715,6.5398039489851785,6.471099380357609,6.403116594490979,6.335848008623844,6.2692861196562255,6.203423503312713,6.138252813314374,6.073766780559343,6.009958212312042,5.946819991400895,5.884345075424491,5.822526495966074,5.761357357816295,5.700830838204118,5.640940186035817,5.581678721141955,5.523039833532297,5.4650169826585175,5.407603696684683,5.350793571765384,5.294580271331452,5.238957525383187,5.183919129790997,5.129458945603401,5.075570898362291,5.022248977425389,4.969487235295824,4.917279786958754,4.865620809224949,4.814504540081285
23,40.1,32.23,29.35,31.57,31.32,35.95,31.86,31.5,33.15,29.65,35.82,32.51,27.86,31.14,30.67,34.2,26.5,33.11,26.73,35.25,30.59,30.26,30.88,32.62,30.22,24.64,23.74,24.72,26.4,26.02,25.22,23.1,21.13,24.28,22.71,20.73,22.03,20.1,21.25,21.09,26.42,23.36,24.39,22.03,21.58,21.53,21.23,21.0,20.83,20.58,20.36,20.14,19.83,19.47,19.2,18.9,18.61,18.39,18.19,18.03,17.87,17.74,17.56,17.25,16.95,16.72,16.56,16.43,16.26,16.05,15.94,15.89,15.76,15.47,15.31,15.21,15.02,14.82,14.6,14.43,14.18,14.0,13.88,13.69,13.58,13.47,13.31,13.24,13.12,12.95,12.78,12.7,12.64,12.32,12.190778313591986,12.062912004151354,11.936386855436426,11.811188800316463,11.68730391920767,11.564718438525608,11.443418729153843,11.323391304928656,11.204622821139637,11.087100073046017,10.970809994408565,10.855739656036864,10.741876264351843,10.62920715996339,10.517719816262852,10.407401838030347,10.298240960056635,10.190225045779474,10.08334208593428,9.977580197218913,9.872927620972497,9.769372721868088,9.666903986619044,9.565510022698971,9.465179557075116,9.365901434954994,9.267664618546217,9.1704581858293,9.07427132934334,8.97909335498444,8.884913680816739,8.791721835895897,8.699507459104938,8.608260298002289,8.517970207681914,8.428627149645397,8.340221190685858,8.252742501783562,8.166181357013143,8.080528132462256,7.995773305161594,7.911907452026109,7.828921248807364,7.746805469056843,7.665550983100158,7.585148757022009,7.505589851661778,7.4268654216196826,7.348966714273331,7.2718850688046,7.195611915236728,7.120138773481494,7.0454572523964,6.971559048851738,6.898435946807447,6.826079816399645,6.754482613036749,6.683636376505076,6.6135332300838146,6.5441653796692965,6.475525112908436,6.4076047983412705,6.340396884552492,6.273893899331878,6.208088448843515,6.142973216803769,6.07854096366784,6.014784525824873,5.951696814801504,5.889270816473756,5.827499590287211,5.766376268485351,5.705894055345997,5.646046226425764,5.586826127812425,5.52822717538513,5.47024285408238,5.41286671717768,5.356092385562785,5.299913547038471,5.244323955612741,5.189317430806391,5.134887856965864,5.081029182583301,5.0277354196237445,4.975000642859371
24,30.52,37.72,32.6,32.36,31.09,28.66,34.48,33.18,35.06,33.78,33.91,33.32,34.94,31.91,33.55,30.26,38.57,32.5,33.49,35.7,29.97,33.41,28.63,28.37,25.86,28.25,30.27,27.05,22.81,26.22,24.61,23.14,21.19,23.64,19.14,25.73,18.37,22.13,24.52,18.86,22.55,27.56,23.96,23.69,22.56,22.5,22.25,22.08,21.78,21.54,21.29,20.99,20.76,20.5,20.26,19.93,19.58,19.3,19.09,18.95,18.79,18.65,18.41,18.06,17.88,17.66,17.39,17.24,17.06,16.9,16.83,16.65,16.4,16.21,16.13,16.04,15.87,15.75,15.55,15.33,15.1,14.92,14.8,14.61,14.35,14.1,13.93,13.84,13.77,13.58,13.34,13.25,13.17,12.9,12.74041749389013,12.582809140978421,12.427150519535047,12.273417509944972,12.12158629097057,11.97163333606048,11.823535409704123,11.677269563831304,11.532813134256363,11.390143737166328,11.249239265652477,11.11007788628485,10.9726380357291,10.836898417405214,10.702837998187569,10.570436005145806,10.439671922326026,10.31052548757179,10.182976689384471,10.057005763822428,9.932593191438537,9.809719694255621,9.688366232779291,9.568514003047726,9.450144433717979,9.333239183188292,9.21778013675604,9.103749403810824,8.991129315062267,8.879902419802145,8.770051483200351,8.66155948363433,8.554409610051533,8.448585259364524,8.3440700338783,8.240847738749418,8.138902379476589,8.03821815942229,7.938779477365042,7.840570925081978,7.743577284961299,7.647783527644275,7.553174809696426,7.459736471307488,7.367454034019855,7.276313198485115,7.186299842248324,7.097400017559723,7.00959994921349,6.922886032413247,6.837244830663981,6.7526630736900195,6.669127655378777,6.586625631749939,6.505144218949772,6.424670791270225,6.345192879192568,6.266698167455199,6.189174493145382,6.112609843814573,6.03699235561707,5.962310311471681,5.888552139246149,5.8157064099640134,5.743761836033681,5.672707269499379,5.602531700313768,5.533224254631901,5.464774193126314,5.397170909322931,5.330403927957578,5.26446290335282,5.1993376178148765,5.135017980050362,5.071494023602635,5.008755905307461,4.946793903767804,4.88559841784747,4.825159965183399,4.765469180716346,4.706516815239752,4.6482937339665575,4.590790915113752,4.533999448504428,4.477910534187132,4.422515481072297
25,35.6,43.38,39.36,39.26,32.32,31.94,35.41,32.85,36.12,33.37,33.89,34.3,33.48,31.44,30.85,35.73,33.68,38.8,29.14,35.87,31.57,34.98,30.68,32.76,27.55,29.99,24.98,27.7,30.17,24.66,27.82,25.98,25.98,24.99,24.62,24.75,22.67,29.73,22.66,23.74,24.99,25.88,20.21,24.83,23.69,23.91,23.67,23.5,23.19,22.86,22.61,22.34,22.08,21.83,21.56,21.25,20.98,20.75,20.55,20.34,20.08,19.83,19.64,19.36,19.09,18.87,18.66,18.54,18.29,18.07,17.91,17.71,17.54,17.36,17.24,17.09,16.87,16.7,16.52,16.39,16.23,16.06,15.95,15.76,15.5,15.24,15.05,14.94,14.78,14.51,14.19,13.96,13.8,13.65,13.455204264222745,13.263188409667247,13.073912765343914,12.887338226397919,12.703426246030043,12.522138827532789,12.343438516440173,12.16728839278953,11.993652063493743,11.822493654822338,11.65377780498988,11.487469656850124,11.323534850694445,11.161939517153023,11.002650270197343,10.84563420024255,10.690858867348249,10.538292294516316,10.387902961084366,10.239659796213513,10.093532172469029,9.949489899492656,9.807503217765179,9.667542792458047,9.5295797073727,9.393585458966424,9.259531950463428,9.127391486049982,8.997136765152389,8.868740876796604,8.742177294048368,8.617419868532664,8.494442825031392,8.373220756158144,8.25372861710897,8.135941720488054,8.019835731207223,7.905386661458268,7.792570865756987,7.681365036057974,7.571746196939102,7.463691700854752,7.357179223456758,7.25218675898215,7.148692615706693,7.046675411463322,6.94611406922453,6.846987812747803,6.74927616228318,6.652958930342091,6.558016217526572,6.464428408417981,6.372176167524415,6.281240435285938,6.191602424136826,6.103243614624008,6.0161457515808925,5.9302908403558074,5.845661143094253,5.762239175074211,5.680007701093764,5.5989497319102455,5.5190485207302205,5.44028755974956,5.362650576742874,5.286121531701632,5.210684613520254,5.136324236729492,5.0630250382764315,4.990771874350444,4.919549817254435,4.8493441523207395,4.780140374871037,4.711924187219639,4.644681495719559,4.578398407850717,4.513061229349713,4.4486564613805575,4.385170797745769,4.3225911221372835,4.26090450542659,4.200098202993535,4.140159652093253,4.081076469260665,4.02283644775203,3.9654275550229885
26,44.18,38.76,40.04,40.28,38.7,36.68,36.19,34.42,32.43,38.64,34.13,34.1,40.31,34.23,35.57,37.38,30.29,34.87,35.59,34.89,39.22,32.87,38.13,33.7,32.38,34.13,31.29,31.79,28.6,28.2,28.86,23.51,26.63,27.46,29.62,24.69,25.45,24.7,27.29,24.36,31.64,25.05,26.24,23.74,25.24,25.45,25.2,25.05,24.81,24.42,24.2,24.0,23.64,23.35,23.09,22.81,22.55,22.32,22.12,21.88,21.62,21.37,21.19,20.91,20.53,20.28,20.14,19.96,19.68,19.4,19.19,19.04,18.92,18.69,18.45,18.26,18.06,17.84,17.67,17.56,17.36,17.21,17.04,16.85,16.73,16.46,16.27,16.21,15.97,15.74,15.54,15.29,15.12,14.83,14.64182715016824,14.45604196192878,14.27261413905193,14.091513769726612,13.912711321682583,13.736177637374583,13.561883929227578,13.389801774942326,13.219903112860514,13.052160237388717,12.88654579448041,12.723032777175293,12.561594521195254,12.402204700596174,12.24483732347493,12.08946672773086,11.936067576881005,11.784614855928464,11.635083867283166,11.487450226734397,11.341689859474444,11.197778996172671,11.05569416909944,10.91541220829918,10.776910237812057,10.640165671943535,10.505156211581317,10.371859840558994,10.24025482206583,10.11031969510214,9.98203327097958,9.855374629865914,9.730323117373565,9.6068583411915,9.484960167759805,9.364608718986503,9.245784369005987,9.128467740978623,9.012639703930933,8.898281369635885,8.785374089532766,8.673899451686138,8.563839277783378,8.45517562017032,8.347890758924501,8.241967198965565,8.137387667202297,8.0341351097159,7.932192688978971,7.8315437811098,7.732171973161475,7.634061060445424,7.53719504388887,7.441558127425862,7.347134715421383,7.253909410128147,7.161867009175669,7.070992503091201,6.981271072852112,6.892688087469334,6.805229101601462,6.7188798531991445,6.63362626117934,6.549454423129109,6.466350613038521,6.384301279062336,6.303293041310096,6.223312689664241,6.144347181625922,6.066383640188141,5.989409351735883,5.913411763972894,5.838378483874752,5.764297275667931,5.691156058834493,5.618942906142101,5.547646041699032,5.477253839033867,5.407754819199548,5.339137648901489,5.2713911386494425,5.204504240932818,5.138466048419142,5.073265792175394,5.0088928399118995,4.945336694248506
27,45.99,43.24,39.76,43.8,34.32,36.7,36.22,36.95,32.88,39.27,40.68,32.3,44.09,38.42,46.63,39.69,31.97,38.35,35.44,38.99,36.84,35.39,35.99,34.46,38.24,31.39,26.59,32.13,31.46,34.52,34.03,29.09,28.73,24.02,25.9,30.85,25.5,28.22,32.5,30.63,31.73,32.03,28.55,30.39,27.16,27.09,26.81,26.69,26.56,26.26,25.97,25.72,25.45,25.12,24.79,24.58,24.29,24.01,23.74,23.45,23.17,22.86,22.62,22.4,22.09,21.84,21.73,21.43,21.15,20.91,20.67,20.48,20.21,19.96,19.74,19.58,19.33,19.06,18.98,18.89,18.58,18.32,18.16,17.99,17.81,17.54,17.35,17.28,17.09,16.92,16.76,16.62,16.44,16.14,15.965803030367498,15.793486146498884,15.623029056867349,15.454411688949948,15.287614186863939,15.12261690902859,14.959400425852255,14.79794551744441,14.638233171352361,14.4802445803224,14.323961140085126,14.169364447164646,14.016436296711449,13.865158680358652,13.715513784101388,13.567483986199077,13.421051855100357,13.276200147390371,13.13291180576026,12.99116995699853,12.850957910004109,12.712259153820867,12.575057355693318,12.439336359143338,12.305080182067615,12.172273014855648,12.040899218528056,11.910943322894974,11.782390024734331,11.655224185989786,11.529430831988122,11.404995149675862,11.281902485874939,11.160138345557169,11.03968839013737,10.920538435784888,10.802674451753353,10.686082558728453,10.570749027193557,10.45666027581296,10.34380286983259,10.232163519497966,10.121729078489244,10.012486542373136,9.904423047071548,9.797525867346755,9.691782415302896,9.58718023890368,9.483707020506058,9.381350575409737,9.280098850422345,9.179939922440086,9.080861997043712,8.982853407109637,8.885902611436062,8.789998193383914,8.69512885953245,8.601283438349384,8.508450878875363,8.416620249422632,8.32578073628775,8.23592164247821,8.14703238645278,8.059102500875461,7.972121631382882,7.886079535365,7.80096608075896,7.716771244855978,7.633485113121087,7.55109787802564,7.4695998378924005,7.388981395753102,7.309233058218336,7.2303454343596405,7.152309234603653,7.075115269638193,6.998754449330162,6.923217781655112,6.848496371638373,6.774581420307606,6.701464223656662,6.629136171620625,6.55758874706192,6.4868135247673475,6.416802170455973,6.347546439797689
28,43.8,43.48,44.85,44.48,44.75,39.84,39.8,36.08,42.11,41.87,39.44,41.83,41.38,35.91,36.17,44.29,33.56,39.1,44.86,38.44,34.51,34.25,40.24,36.52,36.12,40.91,31.55,31.7,35.53,37.07,31.84,33.54,33.78,34.7,28.35,33.94,28.92,34.06,29.58,28.33,36.26,28.87,33.08,29.04,29.02,29.13,28.8,28.68,28.55,28.26,27.9,27.64,27.43,27.08,26.78,26.53,26.19,25.89,25.6,25.33,25.0,24.59,24.35,24.1,23.79,23.56,23.4,23.08,22.81,22.6,22.34,22.09,21.73,21.47,21.36,21.21,20.92,20.55,20.36,20.28,20.06,19.76,19.5,19.28,19.11,18.92,18.72,18.53,18.26,18.07,17.89,17.73,17.53,17.36,17.178846138571043,16.9995826412844,16.822189781944,16.646648040199192,16.47293809939672,16.301040844455137,16.13093735976135,15.962608927089148,15.796037023539464,15.631203319502081,15.468089676638662,15.306678145886792,15.146950965484855,14.988890559017536,14.832479533481703,14.677700677372474,14.52453695878927,14.372971523561603,14.22298769339446,14.074568964033,13.927699003446437,13.782361650030852,13.638540910830766,13.496220959779281,13.35538613595656,13.216020941866509,13.078110041731424,12.941638259804439,12.806590578699582,12.672952137739264,12.540708231318996,12.409844307289195,12.28034596535385,12.152198955485915,12.025389176359232,11.899902673796822,11.775725639235354,11.65284440820566,11.531245458829089,11.41091541032955,11.291841021561094,11.174009189550858,11.057406948057206,10.942021466142924,10.827840046763296,10.714850125368924,10.603039268523125,10.492395172533731,10.382905662099226,10.274558688968934,10.167342330617254,10.06124478893169,9.956254388914584,9.852359577398405,9.749548921774423,9.64781110873468,9.54713494302705,9.447509346223324,9.348923355500137,9.251366122432612,9.154826911800603,9.059295100407375,8.964760175910646,8.871211735665787,8.778639485581126,8.68703323898517,8.596382915505687,8.506678539960424,8.417910241259463,8.330068251318997,8.243142903986438,8.15712463397677,8.072003975819962,7.987771562819405,7.9044181260211825,7.821934493194121,7.740311587820477,7.659540428097149,7.57961212594732,7.500517886042418,7.422249004834265,7.344796869597343,7.268152957481048,7.192308834571832,7.117256154965134,7.042986659846991
29,46.73,46.59,44.8,49.16,42.35,45.4,45.68,39.62,46.11,40.83,38.79,42.73,38.34,43.43,39.69,41.23,45.67,40.75,37.04,40.4,39.08,39.12,44.56,40.0,37.64,35.15,37.98,37.05,39.32,30.08,33.46,32.78,29.11,33.43,36.93,33.16,27.88,30.91,34.01,32.92,32.56,36.67,33.49,31.4,31.44,31.49,31.16,30.92,30.81,30.51,30.12,29.86,29.64,29.34,29.03,28.7,28.3,27.99,27.74,27.49,27.16,26.81,26.53,26.19,25.84,25.5,25.19,24.93,24.69,24.51,24.28,24.0,23.67,23.4,23.22,22.99,22.59,22.19,21.96,21.83,21.7,21.48,21.18,20.99,20.77,20.47,20.28,20.02,19.75,19.55,19.36,19.11,18.89,18.76,18.550468124416597,18.343276526385722,18.138399067168308,17.935809899970863,17.735483466684702,17.537394494661626,17.34151799352556,17.147829252019868,16.95630383488982,16.766917579799916,16.579646594285638,16.394467252739226,16.21135619342914,16.03029031555281,15.851246776322306,15.674202988082527,15.499136615461635,15.32602557255326,15.154848020130213,14.985582362889309,14.818207246726951,14.652701556045164,14.4890444110877,14.327215165305903,14.167193402754009,14.008958935513501,13.852491801146279,13.697772260176242,13.544780793598997,13.393498100419418,13.243905095216663,13.09598290573642,12.949712870510023,12.805076536500186,12.662055656773003,12.520632188195972,12.380788289161714,12.242506317337133,12.1057688274377,11.970558569026604,11.836858484338483,11.70465170612746,11.573921555539219,11.444651540006843,11.316825351170161,11.190426862818322,11.065440128855354,10.941849381288458,10.81963902823875,10.698793651974237,10.579298006964748,10.461137017958613,10.344295778080793,10.228759546952286,10.114513748830507,10.001543970770452,9.88983596080641,9.779375626153959,9.670149031432066,9.56214239690504,9.455342096744104,9.349734657308417,9.24530675544525,9.142045216809196,9.039937014200115,8.938969265919667,8.839129234146183,8.740404323327697,8.642782078592933,8.546250184180021,8.45079646188278,8.35640886951434,8.263075499387945,8.170784576814702,8.079524458618117,7.989283631665224,7.900050711414124,7.811814440477737,7.724563687203598,7.638287444269523,7.552974827294951,7.468615073467799,7.385197540186658,7.302711703718147,7.221147157869268,7.140493612674591
30,53.17,53.8,49.19,43.47,52.85,54.22,47.09,42.98,46.26,40.98,41.87,37.81,48.82,45.27,43.44,47.47,42.6,47.71,46.23,45.89,39.94,39.79,48.24,47.1,39.38,41.54,40.74,38.81,40.69,42.41,37.15,34.4,40.48,34.97,37.71,40.37,31.93,36.89,38.4,35.99,35.98,36.87,35.57,39.01,34.5,34.11,33.69,33.41,33.29,32.97,32.56,32.3,32.04,31.73,31.35,31.02,30.65,30.37,30.15,29.78,29.41,29.09,28.76,28.4,28.12,27.78,27.35,27.08,26.84,26.52,26.2,25.94,25.7,25.48,25.25,24.95,24.53,24.21,23.95,23.66,23.48,23.22,22.95,22.79,22.47,22.12,21.94,21.69,21.49,21.28,21.08,20.82,20.57,20.35,20.12085458537425,19.89428939782683,19.670275383441098,19.448783815453808,19.229786290571315,19.01325472532721,18.799161352481015,18.587478717457397,18.3781796748255,18.17123738481791,17.96662530988882,17.764317211310935,17.564287145810727,17.366509462241563,17.170958798294272,16.977610077244798,16.786438504738427,16.597419565610274,16.410529020741514,16.22574290395106,16.04303751892223,15.862389436164005,15.683775490006514,15.507172775630362,15.33255864612938,15.159910709606484,14.989206826302203,14.820425105755563,14.653543903996926,14.488541820772454,14.325397696799802,14.164090611054746,14.004599878088316,13.846905045374198,13.69098589068596,13.536822419503823,13.384394862450634,13.233683672756728,13.084669523753295,12.937333306394013,12.79165612680457,12.64761930385977,12.505204366787948,12.36439305280233,12.22516730475908,12.087509268841723,11.951401292271633,11.816825921044297,11.683765897691076,11.552204159066182,11.422123834158539,11.293508241928322,11.16634088916783,11.040605468386465,10.916285855719499,10.793366108860429,10.671830465016582,10.551663338887737,10.432849320667554,10.315373174067437,10.19921983436272,10.084374406460793,9.970822162991025,9.858548542416175,9.747539147165067,9.637779741786302,9.529256251122751,9.421954758506606,9.31586150397476,9.210962882504276,9.107245442267724,9.004695882908171,8.903301053833587,8.803047952530463,8.70392372289641,8.605915653591547,8.509011176408428,8.413197864660356,8.318463431587823,8.224795728782892,8.132182744631342,8.04061260277233,7.95007356057541,7.8605540076347085,7.772042464280037,7.684527580104785
31,57.5,56.64,52.07,50.78,55.1,50.55,52.86,57.15,53.17,49.04,45.31,50.45,53.63,47.69,46.77,45.52,50.77,48.27,46.19,48.78,48.58,51.06,47.82,45.21,43.53,36.9,39.79,41.85,42.74,38.66,43.24,39.86,42.32,43.57,36.67,41.0,39.6,34.17,40.23,39.49,39.6,36.28,42.49,39.21,37.49,37.13,36.61,36.32,36.06,35.68,35.4,35.22,34.88,34.49,34.15,33.84,33.49,33.13,32.79,32.39,32.01,31.67,31.35,31.0,30.68,30.41,29.91,29.51,29.33,28.9,28.5,28.27,28.04,27.74,27.39,27.13,26.85,26.63,26.26,25.88,25.67,25.37,25.12,24.91,24.49,24.11,23.9,23.66,23.46,23.19,22.98,22.78,22.58,22.27,22.021904045452853,21.776571970684003,21.533972985060675,21.29407664096902,21.05685282999276,20.822271779134393,20.59030404707851,20.360920520496745,20.13409241039386,19.909791248494574,19.687988883670606,19.468657478407568,19.25176950531116,19.037297743652346,18.825215275950967,18.61549548459746,18.408112048512173,18.203038939841925,18.00025042069334,17.799721039902607,17.6014256298412,17.405339303257183,17.211437450151724,17.019695734690387,16.83009009214885,16.642596725892624,16.457192104390444,16.273852958260917,16.092556277352088,15.913279307853509,15.73599954944052,15.560694752450312,15.387342915089471,15.215922280672611,15.0464113348918,14.878788803116363,14.713033647722803,14.549125065454456,14.387042484810552,14.226765563464372,14.068274185710166,13.91154845993851,13.756568716139798,13.603315503435525,13.451769587637104,13.301911948831847,13.153723778995852,13.007186479633505,12.86228165944323,12.71899113200929,12.577296913519278,12.437181220507046,12.298626467620762,12.161615265415858,12.026130418172547,11.892154921737658,11.759671961390508,11.628664909732558,11.499117324600588,11.371012947003083,11.244335699079656,11.11906968208317,10.995199174384354,10.872708629498637,10.751582674134989,10.631806106266461,10.51336389322226,10.396241169801044,10.280423236405257,10.165895557196249,10.052643758269927,9.940653625852756,9.829911104517842,9.720402295420898,9.612113454555846,9.505030991029868,9.399141465357674,9.294431587774756,9.190888216569451,9.088498356433576,8.98724915683144,8.887127910387024,8.788122051289132,8.690219153714304,8.593406930267307,8.497673230438984
32,54.89,65.69,59.94,53.92,56.78,54.38,61.16,55.45,51.02,53.74,55.51,54.17,55.23,55.3,56.27,57.28,48.41,45.86,47.04,49.16,53.37,49.93,49.27,49.09,48.77,39.89,50.33,52.66,44.01,48.56,44.82,41.21,43.93,41.45,46.67,49.77,44.28,46.48,40.87,47.41,44.15,46.11,48.18,41.99,40.97,40.81,40.2,39.79,39.43,39.08,38.83,38.61,38.28,37.85,37.52,37.24,36.83,36.4,36.05,35.64,35.26,34.87,34.5,34.13,33.66,33.38,32.96,32.52,32.21,31.74,31.4,31.16,30.85,30.49,30.07,29.73,29.45,29.18,28.84,28.49,28.13,27.8,27.64,27.39,27.0,26.65,26.34,26.06,25.82,25.56,25.34,25.13,24.92,24.59,24.32625071300665,24.065330368119426,23.807208622456518,23.55185545859012,23.29924118105561,23.049336412898253,22.802112092256866,22.557539468984185,22.315590101303467,22.076235852500922,21.839448887653663,21.60520167039273,21.373466959700842,21.14421780674448,20.917427551739966,20.693069820853164,20.471118523132404,20.251547847474313,20.034332259622218,19.81944649919671,19.60686557675808,19.396564770900234,19.18851962537583,18.98270594625217,18.7790997990977,18.577677506198597,18.37841564380526,18.181291039408308,17.98628076904383,17.793362154627502,17.602512761317318,17.4137103949046,17.226933099232998,17.042159153645162,16.859367070456834,16.67853559245797,16.499643690440724,16.32267056075394,16.147595622883824,15.974398517060623,15.803059101890948,15.633557452015491,15.465873855791878,15.299988813002365,15.135883032586115,14.973537430395822,14.812933126978374,14.654051445379322,14.496873908970917,14.341382239303428,14.187558353979503,14.035384364551337,13.884842574440398,13.735915476879457,13.588585752876696,13.442836269201658,13.298650076392784,13.156010406786331,13.01490067256645,12.875304463836125,12.737205546708875,12.600587861420866,12.465435520463291,12.331732806734793,12.199464171713696,12.068614233649832,11.939167775775783,11.811109744537278,11.68442524784261,11.559099553330794,11.43511808665832,11.31246642980428,11.191130319393663,11.071095645038652,10.952348447697696,10.834874918052192,10.71866139490057,10.603694363569616,10.489960454342823,10.377446440905597,10.266139238807163,10.156025903938932,10.047093631029218,9.939329752154093,9.832721735264201,9.727257182727401
33,65.67,64.41,60.37,67.83,59.68,57.92,69.13,57.38,57.47,57.36,54.98,57.67,51.19,60.32,62.79,57.97,52.0,57.41,56.72,56.35,52.65,53.18,52.18,52.47,51.86,53.57,50.58,54.37,46.08,50.22,49.57,45.79,44.38,49.96,46.16,49.48,51.57,45.35,44.86,52.9,47.6,51.06,47.32,48.08,45.03,45.03,44.43,43.89,43.38,42.96,42.59,42.21,41.99,41.64,41.13,40.72,40.34,39.95,39.64,39.24,38.76,38.3,37.94,37.55,36.97,36.59,36.24,35.84,35.4,34.91,34.54,34.24,33.93,33.56,33.12,32.71,32.38,32.01,31.64,31.31,30.91,30.56,30.37,30.03,29.67,29.41,29.01,28.63,28.35,28.11,27.84,27.56,27.34,27.06,26.779658732700113,26.502221797482687,26.227659105503054,25.955940879636607,25.687037651249387,25.420920257002116,25.157559835687362,24.896927825099436,24.638995958936757,24.38373626373627,24.131121055839674,23.881122938391005,23.6337147983654,23.3888698036286,23.14656140002693,22.90676330850741,22.669449522267744,22.434594303935768,22.202172182778188,21.972157951938193,21.74452666570169,21.519253636791905,21.296314433691908,21.075684877995013,20.857341041782515,20.641259245028664,20.42741605303248,20.215788273876193,20.00635295591002,19.799087385262993,19.59396908337956,19.390975804581725,19.190085533656454,18.99127648346804,18.794527092595246,18.599816022992872,18.407122157677627,18.216424598437897,18.027702663567283,17.840935885621608,17.65610400919917,17.47318698874398,17.29216498637176,17.113018369718464,16.935727709811108,16.760273778960617,16.58663754867655,16.414800187603387,16.244743059478218,16.076447721109588,15.909895920377279,15.745069594252822,15.581950866840492,15.420522047438622,15.260765628621002,15.102664284338145,14.946200868038218,14.791358410807456,14.638120119529829,14.486469375065788,14.336389730449865,14.187864909106946,14.040878803087043,13.895415471318325,13.751459137878273,13.608994190282733,13.468005177792685,13.328476809738591,13.19039395386205,13.053741634674672,12.91850503183395,12.784669478535935,12.652220459924594,12.521143611517617,12.39142471764856,12.263049709925104,12.136004665703304,12.010275806577637,11.885849496886687,11.762712242234324,11.640850688026202,11.520251618021398,11.400901952899089,11.282788748840055,11.165899196122883,11.050220617734713
34,72.08,70.15,66.86,69.0,61.53,70.72,68.68,75.66,68.77,60.63,70.58,60.31,62.95,56.93,63.76,64.78,56.26,53.5,59.44,59.26,62.11,62.77,63.22,60.04,56.91,51.79,56.02,62.87,58.87,48.86,55.13,53.08,52.82,54.23,49.43,53.88,46.86,59.51,56.06,54.04,68.48,54.64,48.39,49.66,49.85,49.72,49.04,48.4,47.7,47.11,46.62,46.22,45.99,45.62,45.15,44.66,44.24,43.82,43.42,42.98,42.46,42.02,41.57,41.04,40.52,40.1,39.71,39.35,38.85,38.37,38.02,37.59,37.17,36.68,36.24,35.95,35.56,35.13,34.74,34.39,34.07,33.63,33.23,32.87,32.53,32.24,31.8,31.4,31.1,30.81,30.5,30.23,29.95,29.59,29.28056760394106,28.974371044574607,28.671376483688373,28.37155043692745,28.07485977009387,27.781271695484914,27.490753768269695,27.20327388290362,26.918800269580384,26.63730149072103,26.35874643749973,26.083104326405923,25.810344695842385,25.54043740275885,25.273352619320896,25.009060829613595,24.74753282637969,24.488739707791858,24.23265287425871,23.979244025264236,23.728485156240254,23.4803485554716,23.23480680103366,22.991832757761927,22.751399574253284,22.513480679898585,22.27804978194631,22.045080862596933,21.814548176127637,21.58642624604712,21.360689862280175,21.13731407838165,20.91627420877962,20.697545826047328,20.481104758203678,20.26692708604196,20.05498914048651,19.845267499976984,19.63773898788004,19.432380669928037,19.22916985168453,19.0280840760363,18.829101120711563,18.632198995824172,18.437355941443474,18.24455042518959,18.053761139853847,17.864967001044086,17.678147144854595,17.49328092556041,17.31034791333573,17.129327891996176,16.95020085676469,16.77294701206077,16.597546769312824,16.423980744793433,16.252229757477195,16.082274826921044,15.914097171166645,15.747678204664822,15.582999536221612,15.420042966965832,15.258790488337915,15.099224280099733,14.941326708365274,14.785080323651894,14.630467858951942,14.477472227824574,14.326076522507488,14.176264012048438,14.02801814045627,13.881322524871285,13.736160953754762,13.592517385097391,13.450375944646444,13.309720924151494,13.170536779628478,13.0328081296419,12.896519753605011,12.761656590097761,12.628203735202344,12.496146440856142,12.36547011322189,12.236160311074897,12.10820274420713,11.981583271847972
35,77.8,78.08,76.54,73.66,81.05,68.79,72.74,78.68,73.17,73.58,68.2,73.38,64.48,67.65,70.54,70.13,71.84,64.22,63.99,67.69,73.45,62.82,60.0,65.2,57.18,57.11,61.68,59.27,61.81,62.16,61.18,52.03,56.77,58.12,58.83,57.51,57.51,57.75,55.7,58.89,61.63,60.69,66.26,61.56,56.07,54.97,54.11,53.36,52.56,51.86,51.29,50.83,50.46,50.01,49.62,49.25,48.68,48.14,47.71,47.21,46.67,46.19,45.62,45.03,44.58,44.09,43.61,43.26,42.75,42.26,41.79,41.22,40.74,40.23,39.8,39.52,39.11,38.62,38.22,37.82,37.42,36.87,36.38,36.06,35.83,35.51,34.98,34.55,34.16,33.79,33.45,33.13,32.79,32.37,32.02243826808621,31.67860836062379,31.338470208432348,31.00198417256051,30.6691110396665,30.339812017448313,30.014048730122912,29.691783213954043,29.37297791282798,29.057595673876854,28.745599743148922,28.436953761325338,28.131621759482933,27.829568154902475,27.530757746921914,27.235155712834203,26.942727603829127,26.6534393409787,26.367257211265706,26.084147863654838,25.804078305206048,25.527015897229635,25.252928351482588,24.981783726405787,24.713550423401607,24.448197183151493,24.185693081973056,23.92600752821631,23.66911025869857,23.414971335177665,23.16356114086299,22.91485037696403,22.66881005927596,22.425411514801855,22.18462637841125,21.946426589534482,21.710784388892606,21.477672315262385,21.247063202275996,21.018930175255147,20.793246648079162,20.56998632008667,20.349123173010604,20.130631467946085,19.914485742350852,19.70066080707795,19.489131743440193,19.27987390030624,19.072862891227775,18.868074591597583,18.665485135838107,18.46507091462022,18.266808572111838,18.070675003256085,17.876647351078667,17.684703004024204,17.4948195933211,17.30697499037473,17.121147304188653,16.937314878813464,16.75545629082305,16.575550346817977,16.39757608095563,16.22151275250691,16.04733984343916,15.87503705602505,15.704584310477085,15.53596174260759,15.369149701513766,15.20412874728762,15.040879648750469,14.879383381211804,14.719621124252175,14.561574259529905,14.405224368611355,14.250553230824476,14.097542821135413,13.946175308047906,13.796433051525247,13.648298600934554,13.501754693013101,13.356784249856515,13.213370376928527,13.071496361092146,12.931145668661934,12.792301943477208
36,85.94,88.88,83.59,71.89,83.33,73.76,81.79,76.95,81.77,81.16,73.92,73.57,78.11,75.97,66.53,78.95,76.2,70.99,72.26,76.47,73.51,65.12,69.86,69.67,67.62,69.3,60.81,61.51,62.49,68.23,62.39,51.58,62.47,63.67,66.88,63.14,65.27,64.9,59.99,74.03,66.17,58.29,61.43,71.28,62.39,60.85,59.82,58.87,58.07,57.32,56.62,55.92,55.33,54.89,54.51,54.15,53.62,53.03,52.53,51.93,51.36,50.79,50.13,49.62,49.1,48.52,48.0,47.48,47.02,46.45,45.82,45.35,44.88,44.4,43.89,43.4,42.96,42.43,41.97,41.53,41.07,40.57,40.09,39.74,39.5,39.04,38.42,38.02,37.67,37.21,36.72,36.32,35.94,35.53,35.13435150803603,34.743108806367395,34.35622283379832,33.97364507545972,33.59532755672556,33.221222837196876,32.851284004752856,32.485464669668126,32.123718958795536,31.766001509813776,31.412267465538992,31.062472468299777,30.71657265437478,30.37452464849228,30.036285558391004,29.70181296944148,29.371064939327336,29.043999992785803,28.720577116406766,28.400755753489758,28.084495798958226,27.77175759433041,27.462501922746235,27.156690004049576,26.85428348992531,26.55524445909047,26.259535412538998,25.967119268839433,25.677959359484948,25.39201942429518,25.109263606869284,24.82965645008956,24.55316289167522,24.279748259785634,24.00937826867252,23.74201901438057,23.47763697049598,23.216198983942242,22.957672270822844,22.7020244123102,22.449223350580404,22.199237384793197,21.952035167116765,21.70758569879676,21.465858326269103,21.226822737316088,20.99044895726527,20.756707345230687,20.525568590395952,20.29700370833873,20.07098403739611,19.847481235070504,19.626467274475548,19.407914440821553,19.191795327940135,18.978082834847516,18.766750162346117,18.557770809663964,18.351118571131554,18.14676753289569,17.944692069669937,17.744866841521258,17.547266790692397,17.351867138459724,17.158643382025986,16.967571291447708,16.77862690659681,16.591786534156025,16.407026744647805,16.224324369496316,16.04365649812211,15.865000475069198,15.688333897164084,15.513634610706434,15.340880708691065,15.170050528060816,15.001122646990044,14.83407588219837,14.668889286294322,14.505542145148562,14.344013975296386,14.184284521369108,14.02633375355409,13.870141865083024,13.715689269748196,13.562956599446416
37,90.13,90.45,84.03,86.02,83.78,83.03,94.14,94.69,90.33,84.29,82.35,82.29,83.09,84.96,76.04,78.7,83.19,80.76,76.01,73.48,71.68,72.5,71.25,76.89,77.63,73.26,71.08,72.3,69.3,78.2,64.36,63.58,61.34,63.7,72.52,64.21,78.69,74.78,78.01,71.57,79.11,71.51,71.75,71.86,68.05,67.28,66.15,65.03,64.02,63.19,62.38,61.53,60.8,60.24,59.79,59.26,58.8,58.32,57.72,57.02,56.36,55.79,55.12,54.49,53.89,53.27,52.67,52.05,51.48,50.92,50.36,49.9,49.33,48.8,48.23,47.6,47.16,46.62,46.08,45.54,45.02,44.61,44.13,43.67,43.28,42.69,42.12,41.76,41.43,40.96,40.39,39.96,39.49,38.98,38.53964403662241,38.10426276217459,37.67379997773565,37.24820011926232,36.827408250416795,36.411370055475494,36.000031832318065,35.59334048549549,35.191243519376535,34.793689031371656,34.40062570523338,34.01200280443246,33.62777016560879,33.2478781920963,32.87227784752111,32.50092064947183,32.133758663241544,31.77074449564035,31.41183128887789,31.056972714514934,30.70612296748334,30.359236760173523,30.01626931658875,29.67717636656547,29.34191414005892,29.010439361493294,28.68270924417576,28.35868148477355,28.038314257853454,27.721566210482994,27.40839645689262,27.098764573198167,26.792630592182952,26.48995499813882,26.19069872176544,25.89482313512729,25.60229004666754,25.313061696278297,25.027100750426555,24.744370297335177,24.46483384221833,24.188455302570752,23.915199003510228,23.64502967317269,23.37791243815931,23.11381281903508,22.852696725878193,22.594530453879738,22.339280678993067,22.086914453632364,21.837399202419753,21.59070271798049,21.346793156785637,21.10563903504171,20.86720922462674,20.6314729490723,20.398399779590843,20.16795963114798,19.94012275857911,19.714859752749934,19.492141536760293,19.271939362190967,19.054224805392817,18.838969763817857,18.626146452391815,18.415727399927604,18.20768544557937,18.001993735336576,17.79862571855768,17.597555144542994,17.39875605914624,17.202202801424413,17.007870000325443,16.81573257141333,16.62576571363025,16.437944906095215,16.25224590493895,16.068644740174484,15.887117712603125,15.707641390755345,15.530192607866281,15.35474845888536,15.18128629751971,15.009783733311009,14.8402186287453,14.672569096395502
38,108.13,99.69,111.45,99.6,97.93,98.56,84.84,94.48,93.27,93.75,91.65,89.96,77.73,87.05,90.26,93.94,89.67,87.41,80.28,83.8,84.83,83.89,84.19,87.21,77.02,78.11,76.09,82.9,75.9,80.61,74.31,73.99,66.96,76.75,77.05,69.69,68.4,73.82,73.49,86.12,98.3,85.38,76.83,75.1,74.44,74.21,72.94,71.72,70.54,69.57,68.59,67.63,66.79,66.13,65.45,64.78,64.32,63.81,63.18,62.45,61.74,61.12,60.37,59.6,59.0,58.35,57.64,57.06,56.46,55.84,55.23,54.67,54.02,53.36,52.72,52.15,51.73,51.09,50.43,49.84,49.28,48.86,48.38,47.81,47.24,46.68,46.17,45.74,45.33,44.83,44.24,43.74,43.32,42.72,42.24180759198835,41.7689678988428,41.301421004186686,40.83910766232585,40.38196929074123,39.92994796266557,39.482986399743126,39.04102796477158,38.60401665452522,38.171897092658426,37.74461452268859,37.3221148010576,36.904344390270964,36.49125035211378,36.08278034094259,35.67888259705235,35.27950594011767,34.88459976270742,34.49411402387194,34.10799924280209,33.72620649255922,33.34868739387535,32.9753941090227,32.60627933575194,32.2412963012982,31.880398756454216,31.52354096970982,31.17067772145702,30.82176429825996,30.476756487188975,30.135610570218144,29.798283318685513,29.4647319878153,29.134914311301454,28.80878849595187,28.486313216392464,28.16744760983065,27.852151270877304,27.540384246426797,27.23210703059428,26.92728055970966,26.6258662073676,26.327825779532926,26.033121509700855,25.741716054111347,25.453572487017063,25.168654296004288,24.8869253773662,24.608350031527973,24.332892958523054,24.06051925352011,23.79119440239999,23.52488427738227,23.261555132700696,23.001173600327053,22.743706685742914,22.48912176375869,22.2373865743795,21.988469218717313,21.742338154948857,21.498962194318736,21.258310497187352,21.020352569122995,20.785058257037722,20.55239774536648,20.322341552288997,20.094860525993955,19.86992584098498,19.647508994428016,19.427581802539528,19.21011639701519,18.995085221498503,18.782461028088978,18.572216873889378,18.36432611759163,18.158762416100938,17.95549972119769,17.754512276236735,17.555774612883592,17.35926154788723,17.164948179888906,16.972809886266806,16.782822320015917,16.594961406662918,16.409203341215527,16.225524585146033
39,104.88,119.61,112.51,121.44,108.55,106.14,107.41,102.88,99.02,107.39,101.19,101.68,93.88,104.97,98.15,96.2,98.52,92.77,91.78,91.84,88.86,91.3,89.15,90.06,86.72,89.57,88.57,90.34,83.34,74.32,81.37,82.85,87.37,74.22,84.35,81.48,81.77,85.02,83.08,87.87,95.55,90.98,95.01,86.06,82.07,81.83,80.32,78.96,77.72,76.57,75.4,74.29,73.33,72.5,71.71,70.95,70.32,69.63,69.03,68.36,67.56,66.83,65.98,65.15,64.5,63.86,63.11,62.46,61.89,61.15,60.43,59.83,59.13,58.39,57.73,57.14,56.54,55.85,55.21,54.63,53.98,53.41,52.86,52.26,51.65,51.1,50.56,50.07,49.59,49.07,48.46,47.82,47.33,46.78,46.26465188315768,45.7549810574982,45.250924979598715,44.75242179504101,44.2594103308211,43.771830087842474,43.28962123349208,42.81272459429803,42.341081648668265,41.87463451970913,41.41332596812315,40.95709938518494,40.50589878579463,40.05966880160769,39.61835467424054,39.181902248550905,38.750257965992326,38.323368858041746,37.9011825396996,37.48364720306148,37.07071161096059,36.66232509068028,36.258437527735786,35.8589993597246,35.46396157024439,35.073275682878126,34.686893755245315,34.304768373118876,33.92685264460671,33.553100194397544,33.18346515806996,32.81790217646427,32.45636639011634,32.0988134337527,31.745199430846387,31.395480988232652,31.049615190784074,30.707559596144286,30.36927222951974,30.034711578528828,29.703836588107773,29.376606655472603,29.05298162513666,28.73292178398299,28.416387856391,28.103340999416826,27.793742798026763,27.487555260383264,27.1847408131828,26.88526229704513,26.589082961953334,26.296166462744125,26.006476854647776,25.71997858887723,25.4366365082658,25.1564158429529,24.879282206117328,24.605201589757534,24.334140360518386,24.066065255563924,23.80094337849554,23.538742195315155,23.279429530432886,23.022973562718644,22.769342821597277,22.51850618318669,22.270432866478536,22.025092429560985,21.782454765883084,21.54249010056028,21.305168986720645,21.07046230189136,20.838341244424992,20.608777329965136,20.381742387951025,20.1572085581606,19.935148287291728,19.715534325580993,19.498339723459825,19.283537828247407,19.071102280880055,18.86100701267657,18.65322624213932,18.447734471790447,18.24450648504303,18.043517343106636
40,133.48,134.24,115.35,112.92,123.91,121.95,117.31,114.98,111.22,104.36,103.2,111.86,108.91,117.15,112.37,104.31,103.7,105.1,101.83,106.78,98.96,93.98,103.03,89.48,96.2,93.46,101.76,98.33,100.88,90.2,90.38,86.67,81.43,95.16,94.11,89.9,90.81,78.87,94.22,96.85,104.62,95.76,99.85,92.11,90.59,90.33,88.62,87.05,85.62,84.25,82.94,81.71,80.62,79.57,78.66,77.79,76.95,76.21,75.51,74.88,74.13,73.28,72.36,71.43,70.63,69.92,69.09,68.37,67.72,66.92,66.19,65.42,64.67,63.98,63.26,62.61,61.87,61.13,60.49,59.82,59.14,58.5,57.92,57.26,56.61,56.02,55.36,54.73,54.2,53.68,53.05,52.39,51.76,51.21,50.64133186060355,50.07897857089983,49.52287000681491,48.97293682297684,48.42911044406838,47.89132305627588,47.35950759883306,46.833597755658666,46.31352794708706,45.799233321690544,45.29064974819259,44.78771380747084,44.29036278464883,43.79853466127566,43.31216810759242,42.83120247488453,42.35557778791899,41.88523473746561,41.420114672901306,40.96015959489649,40.50531214818273,40.05551561440066,39.61071390502736,39.17085155438224,38.735873712710585,38.305726139343996,37.88035519593664,37.459707839776705,37.04373161717213,36.6323746569097,36.2255856637869,35.823313912215475,35.425509239896115,35.0321220415633,34.64310326279968,34.25840439391908,33.87797746391749,33.50177503449119,33.129750194121286,32.761856552223996,32.398048233365834,32.03827987154305,31.682506604524633,31.330684068258062,30.982768391337263,30.63871618953189,30.298484560377485,29.962031077825603,29.629313786953393,29.300291198731948,28.974922284852678,28.653166472611243,28.334983639848176,28.02033410994579,27.70917864688057,27.401478450330572,27.09719515083708,26.79629080502007,26.498727890846727,26.20446930295255,25.913478348014422,25.625718740175028,25.34115459651808,25.05975043259385,24.781471157994307,24.50628207197745,24.234148859140188,23.965037585139328,23.698914692460026,23.43574699623123,23.17550168008765,22.918146292077598,22.66364874061633,22.411977290484305,22.16310055886987,21.916987511455908,21.67360745854993,21.432930051257166,21.19492527769609,20.959563459256053,20.726815246896415,20.496651617486798,20.269043870187957,20.043963622872887,19.821382808587604,19.601273672051295
41,139.18,145.4,132.48,126.14,131.61,125.89,124.48,138.42,116.23,128.65,110.69,115.6,132.97,126.31,123.8,118.41,106.64,122.94,117.63,116.65,112.76,101.14,107.52,103.21,95.88,102.29,106.8,107.77,103.33,108.49,102.14,92.47,95.04,99.08,87.7,100.25,100.76,91.62,96.31,105.13,108.15,112.26,102.2,105.09,100.0,99.56,97.84,96.09,94.42,92.91,91.38,89.95,88.71,87.55,86.46,85.37,84.43,83.61,82.76,81.96,81.27,80.46,79.49,78.49,77.53,76.59,75.72,74.99,74.25,73.39,72.55,71.72,70.85,70.07,69.35,68.64,67.9,67.06,66.24,65.56,64.85,64.14,63.46,62.72,62.06,61.48,60.69,59.86,59.32,58.74,58.06,57.45,56.8,56.18,55.56474215687683,54.956222338202316,54.354366752193066,53.759102415199834,53.17035714285713,52.58805954132985,52.01213899865575,51.44252567618271,50.87915050009983,50.3219451530612,49.770842065901455,49.22577440944204,48.686676086387195,48.153481723308765,47.626126662718626,47.10454695522815,46.588679351793346,46.07846129604502,45.573830916702924,45.07472702007298,44.58108908262663,44.09285724366155,43.6099722980426,43.1323756890224,42.660009501140486,42.1928164532002,41.73073989132253,41.27372378207602,40.821712705681904,40.37465184929366,39.93248700035018,39.49516454000167,39.06263143660765,38.63483523930608,38.211724071652924,37.79324662533141,37.37935215393014,36.969990466789376,36.565111922914674,36.16466742495722,35.76860841326008,35.37688685996959,34.98945526321137,34.60626664132995,34.22727452719165,33.852432962549706,33.481696492471215,33.115020159825036,32.75235949983013,32.39367053466352,32.0389097681274,31.688034180374537,31.34100122269155,30.997768812339217,30.658295327449395,30.322539601977706,29.990460920711605,29.662019014333065,29.33717405453533,29.01588664919317,28.698117837586036,28.38382908567348,28.072982281422355,27.765539730185214,27.461464150129245,27.16071866771535,26.863266813226677,26.569072516346154,26.278100101782428,25.990314284943747,25.705680167659168,25.424163233946672,25.145729345827604,24.870344739186933,24.597976019678896,24.328590158677418,24.062154489270952,23.79863670230112,23.53800484244477,23.28022730433895,23.025272828748268,22.77311049877429,22.523709736106415,22.277040297313796,22.033072270177932,21.79177607006532
42,170.84,146.31,154.34,149.77,146.58,146.28,138.38,144.1,137.54,139.29,134.03,137.09,132.54,134.53,129.89,129.11,130.8,122.37,133.58,133.64,118.2,121.54,118.06,115.14,119.58,116.89,113.66,114.22,109.02,106.69,109.16,105.74,101.81,108.42,111.4,103.28,103.63,103.73,108.7,111.16,118.73,124.62,116.53,114.5,109.67,109.48,107.84,106.06,104.13,102.44,100.75,99.05,97.69,96.41,95.08,93.85,92.69,91.63,90.68,89.77,88.93,88.2,87.35,86.26,85.18,84.07,83.09,82.21,81.37,80.49,79.51,78.69,77.86,76.93,76.07,75.22,74.44,73.6,72.73,71.99,71.16,70.32,69.53,68.76,68.08,67.39,66.59,65.77,65.14,64.44,63.71,63.05,62.33,61.64,60.96987522660283,60.30703577461904,59.65140244102524,59.00289688386081,58.361441612866756,57.726959980226354,57.09937617140648,56.4786151960985,55.86460287925763,55.257265852239705,54.65653154403432,54.062328172593354,53.4745847362536,52.893231005252794,52.318197513337815,51.74941554946413,51.18681714958547,50.63033508853277,50.07990287198141,49.53545472850577,48.99692560172014,48.46425114250518,47.93736770131869,47.41621232059022,46.90072272719814,46.390837325028656,45.886495187615616,45.38763605086041,44.89420030583094,44.40612899163899,43.923363788394866,43.4458470102388,42.973521598448016,42.50633111461871,42.04421973392226,41.58713223843466,41.135014010538505,40.68781102639669,40.2454698494971,39.807937624267424,39.37516206975947,38.947091473402,38.52367468482165,38.10486110973092,37.69060070388263,37.28084396709008,36.87554193731231,36.47464618480356,36.078108806326384,35.68588241942765,35.297920156776826,34.91417566056574,34.53460307696928,34.1591570506663,33.787792719420096,33.420465708717764,33.057132126467884,32.69774855775585,32.34227205965619,31.99066015610124,31.642870832805762,31.29886253224655,30.958594148696733,30.622025023314016,30.28911493928237,29.959824117006455,29.634113209358368,29.31194329697603,28.993275883612682,28.67807289153696,28.366296656982957,28.05790992564977,27.75287584824996,27.451157976106416,27.152720256797064,26.857527029846985,26.565543022467285,26.27673334534036,25.99106348845094,25.70849931696246,25.429007067138308,25.15255334230734,24.879105108873304,24.608629692367657,24.341094773545255,24.076468384522524
43,179.69,168.93,172.63,175.7,163.86,156.81,162.4,162.13,158.39,143.61,137.22,134.36,153.87,149.98,140.5,153.01,150.45,141.33,146.22,141.87,150.94,137.62,136.26,131.38,126.67,126.99,126.06,126.41,119.64,118.97,119.51,108.66,114.93,121.73,108.78,115.38,115.11,119.27,110.9,134.68,128.89,112.22,129.58,121.31,119.89,120.19,118.62,116.82,114.84,112.91,111.05,109.23,107.6,106.02,104.54,103.21,101.85,100.63,99.54,98.5,97.45,96.53,95.78,94.67,93.53,92.42,91.27,90.18,89.18,88.32,87.29,86.29,85.48,84.54,83.46,82.52,81.61,80.69,79.86,79.01,78.1,77.19,76.27,75.46,74.66,73.84,73.12,72.35,71.61,70.77,69.92,69.22,68.4,67.58,66.83875105506593,66.10563247412068,65.38055507954178,64.66343067184846,63.954172018972976,63.25269284564956,62.55890782291981,61.872732557753075,61.19408358278085,60.52287834614362,59.859035201449146,59.2024733978409,58.55311307017535,57.910875229307145,57.27568175248068,56.647455373827135,56.02611967496579,55.41159907570834,54.8038188248652,54.202704991152714,53.6081844542,53.02018489565447,52.43863479038495,51.863463397781274,51.29460075314925,50.73197765920005,50.175525677633004,49.6251771208106,49.080865043524895,48.542523234854215,48.01008621010912,47.48348920286678,46.96266815709268,46.44755971934875,45.93810123108699,45.43423072102754,44.93588689762042,44.44300914158997,43.95553749856097,43.47341267176579,42.99657601483134,42.524969524645314,42.05853583430058,41.597218206116985,41.140960524739704,40.68970729031327,40.243403611730535,39.801995199955584,39.36542836141995,38.933649991491265,38.50660756801352,38.084249144918225,37.66652334590553,37.25337935819486,36.84476692634386,36.4406363461353,36.040938458530995,35.64562464369199,35.2546468150644,34.86795741353006,34.48550940162143,34.10725625779979,33.733151970796385,33.36315103401547,32.9972084399989,32.63527967495127,32.27732071332525,31.923288012466248,31.5731385073158,31.22682960517308,30.884319180513845,30.54556556986627,30.21052756674289,29.87916441662821,29.551435812021264,29.227301887532544,28.906723215034713,28.58966079886653,28.27607607108933,27.965930886795594,27.659187519468922,27.355808656394935,27.055757394122498,26.758997233974736,26.465492077609277,26.175206222627196
44,209.13,192.75,193.62,182.55,180.52,183.07,170.27,170.88,182.22,162.78,166.02,163.19,154.04,159.3,170.75,146.96,162.63,165.76,158.26,151.88,145.52,148.57,152.41,144.74,146.5,137.75,127.28,136.56,139.05,134.15,125.69,121.98,131.53,124.94,124.17,133.49,127.48,132.14,129.19,134.71,143.8,137.31,133.25,139.44,130.28,131.44,130.16,128.39,126.44,124.44,122.32,120.37,118.47,116.66,114.99,113.43,111.95,110.56,109.28,108.02,106.89,105.74,104.71,103.8,102.77,101.48,100.28,99.12,97.92,96.89,95.8,94.75,93.83,92.77,91.62,90.59,89.59,88.56,87.61,86.69,85.7,84.69,83.74,82.81,81.88,81.0,80.11,79.32,78.58,77.64,76.64,75.82,75.02,74.22,73.41161300928836,72.61203078180431,71.82115741811307,71.03889806329421,70.26515889556507,69.49984711502799,68.7428709325403,67.99413955870529,67.25356319298325,66.52105301292113,65.79652116349934,65.0798807465948,64.37104581055851,63.66993133990695,62.97645324512544,62.29052835258274,61.612074394555485,60.94100999936125,60.27725468159903,59.620728832496134,58.971353710360106,58.3290514311347,57.69374495905871,57.06535809742656,56.44381547944945,55.829042559216155,55.22096560275217,54.61951167917632,54.02460865195362,53.436185170243476,52.85417066034206,52.27849531721792,51.709090096139796,51.14588670439558,50.588817593101524,50.03781594910061,49.49281568694922,48.953751440991006,48.42055855751717,47.89317308701207,47.37153177648335,46.855572061875534,46.34523206056629,45.84045056394444,45.34116703006876,44.8473215764068,44.3588549726527,43.875708633623375,43.397824612231894,42.925145592537554,42.45761488287156,41.99517640903757,41.537774707586394,41.08535491916382,40.63786278193096,40.1952446250563,39.757447362278505,39.324418485539496,38.89610605868676,38.47245871124425,38.05342563225125,37.63895656416819,37.229001796848955,36.82351216157876,36.42243902517709,36.025734284164685,35.6333503589942,35.245240188343686,34.86135722347217,34.481655422636734,34.10608924557043,33.73461364802032,33.367184076344984,33.00375646217094,32.64428721710715,32.288733227517234,31.937051849348496,31.589200903017367,31.24513866835049,30.904823879580942,30.568215720398946,30.235273819056484,29.90595824352523,29.58022949670724,29.25804851169777,28.939376647099724
45,229.12,218.37,222.95,210.21,203.81,210.88,203.68,195.42,190.63,191.29,180.6,178.93,181.32,180.41,181.69,177.59,169.01,171.38,169.97,161.99,159.89,169.57,158.21,157.95,146.97,155.76,155.23,147.81,154.42,135.69,142.1,142.51,128.88,141.56,143.95,149.91,133.72,143.19,145.7,149.01,158.65,139.0,141.43,134.23,140.46,143.21,142.25,140.68,138.81,136.82,134.63,132.39,130.26,128.31,126.32,124.53,122.98,121.35,119.79,118.4,117.18,115.85,114.56,113.64,112.69,111.33,109.99,108.81,107.53,106.16,104.89,103.86,102.8,101.59,100.38,99.26,98.19,97.12,96.08,95.05,93.98,92.93,91.87,90.79,89.86,88.86,87.69,86.79,85.94,85.06,84.09,83.05,82.2,81.37,80.48351697957702,79.60669172178766,78.73941901042704,77.88159477556512,77.03311608105851,76.19388111219858,75.363789163494,74.54274062658635,73.7306369782975,72.92738076880711,72.13287560995902,71.34702616369488,70.56973813061401,69.80091823865769,69.04047423191683,68.2883148595616,67.54434986489156,66.80848997450522,66.08064688758746,65.36073326531373,64.64866272036969,63.94434980658498,63.24771000868003,62.55865973212439,61.87711629310574,61.20299790860805,60.536223686597914,59.876713616317744,59.22438855868476,58.57917023679454,57.940981226528024,57.30974494726092,56.68538565267422,56.06782842166494,55.456999149355795,54.85282453820284,54.25523208920003,53.66415009317957,53.07950762220704,52.50123452107027,51.92926139886092,51.363519620647864,50.80394129924111,50.25045928704565,49.70300716800396,49.1615192496262,48.625930555107445,48.09617681553057,47.572194462154265,47.053920618784964,46.54129309423188,46.034250374844305,45.53273161713016,45.036676640454935,44.54602591982026,44.06072057872103,43.580702382080524,43.10591372926226,42.63629764715818,42.17179778335203,41.71235839935727,41.25792436392863,40.808441146446526,40.363854810373574,39.92411200678238,39.489159967953846,39.05894650104517,38.633419981826954,38.21252934848838,37.796224095510006,37.38445426760326,36.97717045371596,36.57432378110312,36.17586590946246,35.78174902513362,35.39192583536076,35.00634956261752,34.624973938993925,34.247753200644325,33.874642082295935,33.505595811817116,33.14057010484487,32.77952115947087,32.42240565098534,32.06918072667829,31.71980400069726
46,252.12,248.71,225.95,234.37,209.57,230.63,233.13,223.74,194.17,196.63,201.01,203.4,193.05,198.23,192.91,189.38,182.06,179.36,184.96,196.42,188.37,195.85,179.03,185.55,158.1,161.45,161.75,169.9,157.57,151.71,165.2,144.84,138.25,148.81,154.13,152.36,147.55,157.15,160.62,163.79,173.4,158.16,155.2,150.76,152.48,155.99,155.03,153.82,152.19,150.17,148.05,145.72,143.25,141.01,138.82,136.85,135.11,133.33,131.61,129.99,128.51,127.02,125.59,124.37,123.26,122.08,120.73,119.35,117.97,116.51,115.06,113.76,112.47,111.26,110.07,108.91,107.72,106.44,105.31,104.23,103.02,101.81,100.68,99.58,98.53,97.39,96.18,95.11,94.04,93.15,92.3,91.14,90.07,89.13,88.14731437412173,87.17546315909627,86.21432690221616,85.26378746777684,84.32372802255611,83.39403302145398,82.47458819329063,81.56528052676111,80.66599825654485,79.77663084956822,78.8970689914187,78.02720457290876,77.16693067678781,76.31614156460085,75.47473266369181,74.64260055435025,73.81964295709979,73.00575872012676,72.20084780684722,71.40481128361137,70.61755130754322,69.83897111451458,69.06897500725147,68.30746834357178,67.55435752475252,66.80954998402531,66.07295417519892,65.34447956140693,64.62403660397969,63.91153675143889,63.20689242861347,62.51001702587555,61.82082488849495,61.139231306111235,60.4651525023217,59.79850562438421,59.13920873303357,58.48718079241015,57.84234166009954,57.20461207728209,56.57391365899099,55.95016888447771,55.33330108768384,54.72323444781781,54.1198939800355,53.52320552622382,52.93309574588557,52.349492107125116,51.772322877733224,51.20151711637031,50.63700466384685,50.07871613449991,49.52658290766483,48.98053711924085,48.440511653349745,47.90644013408648,47.37825691736075,46.85589708282852,46.33929642591249,45.82839144991051,45.32311935819113,44.82341804647499,44.32922609520154,43.84048276197971,43.35712797412196,42.879102321260596,42.40634704804545,41.93880404692216,41.47641585098997,41.019125626938404,40.56687716806163,40.11961488735005,39.67728381065791,39.23982956994631,38.80719839660065,38.37933711482184,37.95619313509031,37.53771444770209,37.12384961637617,36.71454777193234,36.30975860603871,35.90943236502824,35.51351984378331,35.121972379687854,34.73474184664609,34.351780649167225
47,291.26,268.2,265.39,255.67,258.86,237.83,242.05,244.95,240.91,230.55,231.23,219.03,216.89,217.45,211.25,205.38,220.64,203.06,205.95,210.12,201.59,200.28,211.59,199.48,184.38,184.86,185.21,177.46,167.88,167.27,155.45,164.21,162.62,158.33,159.45,168.54,162.57,173.32,166.29,179.27,201.63,191.93,179.74,160.13,166.99,170.06,168.82,167.79,166.46,164.65,162.57,160.25,157.71,155.19,152.78,150.59,148.48,146.51,144.7,142.85,141.12,139.5,137.95,136.42,135.01,133.74,132.58,131.14,129.52,128.03,126.49,124.89,123.38,122.13,120.92,119.63,118.3,116.88,115.6,114.42,113.05,111.67,110.46,109.28,108.1,106.88,105.64,104.45,103.26,102.16,101.18,100.1,98.97,97.8,96.72053088361544,95.65297642544385,94.59720511724828,93.55308690231612,92.5204931594379,91.49929668706282,90.48937168762939,89.49059375206865,88.50283984447893,87.52598828696928,86.55991874467051,85.60451221091154,84.65965099255935,83.72521869552088,82.80110021040474,81.88718169834141,80.9833505769597,80.08949550651829,79.20550637618999,78.3312742904978,77.46669155590025,76.61165166752518,75.76604929604967,74.92978027472498,74.10274158654454,73.28483135155373,72.47594881429961,71.6759943314192,70.8848693593648,70.1024764422647,69.32871919991808,68.56350231592208,67.80673152593027,67.05831360604049,66.31815636131093,65.58616861440298,64.86226019434943,64.14634192544656,63.43832561626903,62.73812404880574,62.04565096771587,61.36082106970335,60.683549993008626,60.013754307016484,59.351351501978506,58.69625997884896,58.04839903923294,57.40768887544543,56.77405056068002,56.14740603928627,55.52767811715424,54.91479045220525,54.308667544987614,53.70923472937606,53.1164181633739,52.530144820016744,51.950342478376506,51.37693971466476,50.80986589343437,50.2490511588781,49.69442642622333,49.14592337322177,48.603474431733076,48.06701277940135,47.53647233142359,47.011787732408855,46.492894348327454,45.979728258548825,45.472226247967455,44.9703257992156,44.47396508496197,43.98308296029549,43.497618955193055,43.017513267070406,42.542706753415345,42.073140924502084,41.60875793618619,41.14950058277889,40.695312290000174,40.24613710800958,39.80191970451393,39.36260535795114,38.928139950749284,38.498469962660025,38.07354246416565,37.65330510995887
48,313.88,296.89,294.43,276.4,287.7,263.92,272.98,275.32,270.72,261.12,253.11,236.27,227.98,229.35,230.84,221.15,232.34,220.53,229.29,213.95,217.28,232.57,222.89,207.97,224.34,217.66,205.13,196.8,185.88,183.94,180.41,171.29,168.21,172.63,181.53,172.78,173.99,193.1,178.57,211.38,210.13,193.27,191.24,188.17,183.68,185.76,184.19,182.88,181.62,180.11,178.17,175.86,173.43,170.81,168.13,165.68,163.29,161.03,159.01,157.08,155.12,153.24,151.49,149.73,148.14,146.6,145.29,144.07,142.47,140.7,139.01,137.31,135.55,134.1,132.71,131.27,129.92,128.48,127.02,125.63,124.22,122.81,121.41,119.95,118.67,117.36,116.03,114.76,113.43,112.14,110.91,109.8,108.73,107.41,106.23048469146397,105.06392214675877,103.9101701260257,102.76908795140294,101.64053648987269,100.52437813629649,99.42047679663699,98.32869787136387,97.24890823904205,96.18097624010001,95.12477166077649,94.08016571724349,93.04703103990343,92.02524165785898,91.01467298355331,90.015201797579,89.02670623365381,88.04906576376149,87.08216118345563,86.12587459732502,85.18008940461857,84.24469028502807,83.31956318462711,82.40459530196439,81.49967507430978,80.60469216405131,79.71953744524178,78.84410299029275,77.97828205681505,77.12196907460338,76.2750596327643,75.4374504669851,74.60903944694284,73.78972556385155,72.97940891814596,72.17799070730094,71.3853732137842,70.60145979314166,69.82615486221343,69.05936388747934,68.30099337353239,67.55095085167875,66.80914486866301,66.07548497551721,65.34988171653235,64.6322466183509,63.922492179179315,63.22053185811874,62.5262800646131,61.83965214801294,61.160564387253935,60.488933980648696,59.82467903579067,59.167718559569,58.51797244829292,57.875361477924706,57.23980729441973,56.611232404172824,55.98956016456932,55.37471477464,54.766621265818614,54.16520549280095,53.570394124504155,52.9821146351255,52.400295295299216,51.82486516335047,51.255754076645445,50.69289264303627,50.13621223240006,49.58564496827078,49.04112371956294,48.50258209238638,47.96995442195072,47.443175764558795,46.92218188968809,46.406909272159,45.8972950843892,45.393277188733,44.89479412990487,44.40178512748613,43.914190068513996,43.431949500151894,42.955004622440384,42.48329728112762,42.016769960578536,41.55536577676195
49,355.78,351.86,334.06,326.69,313.48,313.5,287.73,284.12,288.21,275.09,273.19,253.6,250.45,257.02,264.53,242.57,238.37,255.94,249.75,245.89,243.91,241.81,235.21,217.76,239.94,219.33,215.6,210.57,203.48,207.37,198.02,198.79,197.2,180.93,191.43,187.54,192.08,195.25,186.7,226.4,210.66,208.96,217.69,204.44,202.44,203.01,201.1,199.43,197.92,196.43,194.74,192.66,190.16,187.54,184.78,182.01,179.41,176.87,174.56,172.44,170.3,168.22,166.19,164.17,162.45,160.8,159.14,157.71,156.29,154.49,152.53,150.73,148.81,147.04,145.48,143.99,142.51,140.9,139.28,137.73,136.23,134.74,133.26,131.68,130.24,128.8,127.38,125.95,124.45,123.1,121.66,120.37,119.2,117.9,116.6039342306377,115.32211601410418,114.0543887281304,112.80059747218408,111.56058904854275,110.33421194357489,109.12131630922686,107.92175394471333,106.73537827840897,105.56204434993924,104.40160879246798,103.25392981517983,102.11886718595514,100.99628221423528,99.88603773407647,98.78799808738971,97.70202910736516,96.62799810207852,95.56577383827776,94.51522652534808,93.47622779945301,92.4486507078501,91.43236969337872,90.42726057911861,89.43320055321699,88.45006815388248,87.47774325454398,86.51610704917267,85.5650420377654,84.62443201198766,83.6941620409744,82.7741184572868,81.86418884302361,80.96426201608506,80.0742280165878,79.1939780934291,78.32340469099888,77.46240143603778,76.61086312463956,75.7686857093966,74.93576628668652,74.11200308409866,73.2972954479988,72.49154383123047,71.69464978095155,70.90651592660457,70.1270459680192,69.35614466364561,68.5937178189171,67.83967227474072,67.09391589611435,66.35635756086901,65.62690714853477,64.90547552932921,64.1919745532669,63.486317039388496,62.78841676510831,62.09818845567904,61.41554777377221,60.74041130917322,60.07269656858963,59.4123219655715,58.75920681054259,58.11327130094102,57.47443651146847,56.8426243844464,56.21775772027846,55.5997601680176,54.98855621603693,54.38407118280317,53.786231207751484,53.19496324226063,52.61019504072729,52.03185515173865,51.459872909341826,50.894178424409404,50.334702576099865,49.78137700341186,49.234134096831355,48.692906990070576,48.15762955189778,47.628236378056855,47.10466278327572,46.586844793362594,46.07471913738913,45.56822323995951
50,402.3,390.14,370.69,346.86,345.39,341.4,329.16,313.15,320.65,316.44,297.19,295.79,307.87,291.7,295.83,288.83,274.38,273.46,292.09,269.07,284.52,255.26,268.06,261.35,260.5,260.58,248.44,258.47,240.03,219.47,220.84,212.49,216.1,217.42,214.43,208.58,216.47,210.14,217.0,234.4,241.36,230.66,239.72,238.31,222.54,221.55,219.31,217.21,215.27,213.54,212.01,210.15,207.66,205.06,202.34,199.42,196.52,193.76,191.2,188.74,186.42,184.26,182.03,179.76,177.78,175.89,173.97,172.2,170.6,169.0,167.11,165.08,163.11,161.12,159.22,157.54,155.78,154.05,152.37,150.67,149.02,147.37,145.8,144.15,142.6,141.01,139.39,137.86,136.28,134.81,133.28,131.7,130.31,128.98,127.55372476236668,126.14322143552177,124.74831561191516,123.36883481261498,122.00460846598057,120.65546788657154,119.32124625428997,118.00177859375314,116.6969017538946,115.40645438779049,114.13027693270938,112.86821159038223,111.62010230749094,110.3857947563724,109.165136315936,107.95797605279223,106.76416470258982,105.58355465155937,104.41599991826101,103.26135613553394,102.11948053264554,100.99023191763789,99.87347065986947,98.76905867274999,97.67685939666616,96.59673778209603,95.52856027291041,94.47219478985868,93.4275107142373,92.39437887173895,91.37267151648022,90.36226231520594,89.36302633166815,88.37484001117791,87.39758116532781,86.43112895688343,85.47536388484208,84.53016776965643,83.59542373862178,82.67101621142484,81.75683088585238,80.85275472365774,79.95867593658383,79.0744839725406,78.20006950193535,77.33532440415418,76.48014175419308,75.6344158094366,74.79804199658298,73.97091689871368,73.152938242506,72.34400488558707,71.54401680402763,70.75287507997425,69.97048188941811,69.19674049009926,68.4315552095444,67.67483143323715,66.92647559291899,66.18639515501971,65.45449860921558,64.73069545711427,64.01489620106476,63.30701233309109,62.60695632394832,61.91464161229971,61.229982594013435,60.55289461157771,59.88329394363298,59.221097794619794,58.56622428454128,57.918592438838694,57.278122178379,56.644734309553165,56.0183505144839,55.39889334134178,54.78628619476832,54.18045332640509,53.58131982552745,52.988811609781905,52.40285541602591,51.82337879126893,51.250310083713664,50.68357843389641,50.12311376592532,49.56884677881556
51,426.45,401.44,381.29,393.27,365.32,368.37,362.58,357.67,356.32,343.73,346.13,314.71,322.85,307.31,334.73,326.12,304.92,309.53,288.19,282.42,294.37,279.55,286.98,283.83,270.46,261.56,265.32,277.9,221.67,251.68,247.51,240.91,229.89,231.73,229.6,241.36,231.77,232.15,236.94,259.98,253.79,255.4,250.35,257.55,241.39,241.2,238.95,236.4,233.94,231.8,229.93,228.2,225.99,223.46,220.81,217.87,214.73,211.67,208.84,206.12,203.59,201.18,198.76,196.42,194.11,191.92,189.82,187.83,185.89,184.15,182.54,180.52,178.31,176.22,174.04,171.9,169.98,168.22,166.47,164.61,162.78,161.02,159.22,157.42,155.77,153.99,152.15,150.5,148.81,147.18,145.6,143.9,142.29,140.8,139.2377284406927,137.69279134463127,136.16499637418136,134.65415332582504,133.16007410648172,131.68257271009102,130.22146519445613,128.77656965834373,127.34770621883816,125.93469698894674,124.53736605545372,123.15553945701993,121.78904516252526,120.43771304965162,119.10137488370358,117.77986429666376,116.47301676648087,115.18066959658742,113.90266189564481,112.63883455751298,111.3890302414425,110.15309335248635,108.93087002212901,107.72220808913062,106.52695708058351,105.34496819317908,104.17609427468237,103.02018980561239,101.87711088112555,100.74671519310012,99.62886201241962,98.5234121714526,97.43022804672697,96.34917354179638,95.280114070297,94.22291653919203,93.17744933220222,92.14358229342027,91.12118671110704,90.11013530166746,89.11030219380434,88.12156291284793,87.14379436525951,86.17687482330659,85.2206839099086,84.27510258365031,83.3400131239618,82.41529911646278,81.50084543846948,80.59653824466251,79.70226495291351,78.81791423026924,77.94337597909119,77.07854132334877,76.22330259506496,75.37755332091194,74.54118820895576,73.71410313554792,72.89619513236246,72.08736237357691,71.2875041631954,70.49652092251242,69.71431417771588,68.9407865476274,68.17584173157886,67.41938449742344,66.67132066967963,65.93155711780679,65.2000017446108,64.47656347477846,63.76115224353899,63.05367898545131,62.35405562331592,61.66219505720959,60.978011153641845,60.30141873483177,59.632333568103725,58.97067235540078,58.31635272291447,57.66929321082966,57.029413263183116,56.396633217834726,55.770874296549856,55.15205859519189,54.54010907402343,53.9349495481153
52,460.73,472.91,465.79,437.91,441.88,412.99,420.92,377.03,384.4,378.55,372.36,371.31,374.44,348.98,354.05,338.62,349.16,324.49,323.29,335.45,317.11,304.44,317.54,280.53,309.72,306.07,270.62,280.12,280.68,288.22,265.49,260.62,253.09,252.34,250.9,256.28,263.74,251.71,247.97,268.77,271.39,278.55,255.43,257.61,259.69,261.97,259.86,257.31,254.49,251.9,249.5,247.49,245.49,243.09,240.46,237.53,234.3,231.02,227.89,224.97,222.17,219.44,216.86,214.33,211.8,209.46,207.11,204.92,202.79,200.63,198.76,196.86,194.63,192.34,190.14,187.76,185.47,183.46,181.61,179.72,177.73,175.71,173.73,171.77,169.91,168.05,166.15,164.32,162.43,160.55,158.89,157.2,155.39,153.6,151.89224660187529,150.20348032399016,148.53349006400677,146.88206706666216,145.2490048976734,143.63409941793225,142.0371487579872,140.45795329280884,138.89631561683595,137.35204051929912,135.82493495981868,134.31480804427375,132.8214710009399,131.34473715689188,129.88442191466868,128.44034272919836,127.01231908497903,125.60017247351371,124.20372637099616,122.82280621624473,121.4572393888814,120.10685518775374,118.77148480959644,117.45096132793037,116.14511967219607,114.85379660711929,113.57683071230593,112.31406236206388,111.06533370544926,109.8304886465343,108.60937282489488,107.40183359631475,106.2077200137045,105.02688280823261,103.85917437066617,102.7044487329192,101.56256154980612,100.43337008099797,99.31673317317934,98.21251124240366,97.1205662566447,96.04076171854196,94.97296264833801,93.91703556700551,92.8728484795618,91.840270858569,90.8191736278176,89.8094291461914,88.81091119171191,87.8234949457601,86.84705697747356,85.88147522831723,84.92662899682556,83.98239892351431,83.0486669759603,82.12531643404672,81.21223187537282,80.30929916082556,79.41640542031178,78.5334390386491,77.66028964161347,76.796848082142,75.94300642668924,75.0986579417349,74.26369708044191,73.43801946946256,72.62152189589143,71.81410229436345,71.01565973429526,70.22609440726849,69.44530761455339,68.67320175477103,67.90968031169281,67.1546478421755,66.40800996423056,65.6696733452259,64.93954569021906,64.21753573041994,63.503553211781785,62.79750888371919,62.09931448795136,61.40888274746949,60.72612735562683,60.05096296534997,59.38330517847015,58.72307053517322
53,537.13,511.5,525.42,473.06,457.25,459.26,457.16,445.04,410.88,406.67,393.24,393.14,395.65,402.6,387.33,377.33,368.66,353.37,326.22,351.23,320.04,342.38,337.44,329.58,316.77,319.58,323.4,302.7,310.44,296.83,294.42,287.88,278.01,266.71,291.12,275.44,274.14,275.22,257.2,292.6,325.76,277.59,285.4,288.5,280.89,284.12,282.06,279.64,276.74,273.77,270.95,268.46,266.17,263.77,261.29,258.45,255.21,251.98,248.64,245.37,242.25,239.27,236.42,233.67,231.14,228.57,225.86,223.37,221.06,218.65,216.28,214.2,212.18,209.86,207.4,204.9,202.31,199.96,197.87,195.81,193.71,191.52,189.46,187.31,185.09,183.17,181.27,179.24,177.17,175.1,173.24,171.29,169.29,167.43,165.56194072291046,163.71472386033875,161.88811686814228,160.0818897967328,158.29581526212843,156.52966841732837,154.78322692400735,153.05627092452548,151.3485830142508,149.65994821419034,147.9901539439266,146.33898999485615,144.7062485037267,143.09172392646929,141.4952130123226,139.91651477824612,138.35543048361828,136.81176360521752,135.28531981248202,133.7759069430456,132.2833349785469,130.8074160207077,129.347964267679,127.90479599065048,126.47772951072108,125.06658517602764,123.67118533912871,122.29135433464074,120.92691845712378,119.57770593921371,118.24354692999893,116.92427347363771,115.61971948821464,114.32972074483264,113.05411484693835,111.79274120987827,110.54544104068289,109.31205731807641,108.09243477270954,106.88641986761274,105.69386077886772,104.51460737649434,103.34851120555106,102.19542546744606,101.05520500145684,99.9277062664562,98.81278732284197,97.71030781466834,96.62012895197668,95.54211349332334,94.47612572850255,93.42203146146196,92.37969799340884,91.34899410610478,90.32979004534683,89.32195750463273,88.32536960900873,87.33990089909729,86.36542731530324,85.40182618219593,84.4489761930659,83.50675739465362,82.57505117204866,81.6537402337575,80.74270859693776,79.84184157279724,78.95102575215591,78.07014899116894,77.19910039720898,76.33777031490608,75.48605031234328,74.64383316740617,73.81101285428488,72.98748453012661,72.17314452183697,71.36789031302887,70.57162053111665,69.78423493455453,69.00563440021726,68.23572091092159,67.47439754308704,66.72156845453425,65.9771388724196,65.24101508130421,64.51310441135635,63.793315226685266
54,600.34,575.58,546.29,554.85,531.89,483.93,505.87,472.15,467.39,440.63,434.76,429.5,426.3,422.53,416.76,399.51,405.26,408.11,392.01,386.94,390.1,369.98,356.03,346.19,356.37,340.98,355.66,363.03,344.32,341.37,322.3,299.06,303.17,289.16,303.6,303.47,295.51,285.02,291.71,310.31,327.19,319.39,304.59,307.32,303.98,307.67,305.72,303.3,300.58,297.45,294.28,291.32,288.51,285.78,283.24,280.57,277.44,274.15,270.69,267.13,263.69,260.51,257.39,254.36,251.64,248.86,245.97,243.18,240.55,237.94,235.33,232.86,230.63,228.42,225.86,223.12,220.49,217.94,215.42,213.11,210.78,208.41,206.21,203.95,201.57,199.39,197.22,194.97,192.82,190.76,188.62,186.48,184.35,182.31,180.27652133231314,178.26572400680135,176.2773550366539,174.31116425686506,172.36690429275998,170.44433052887126,168.543201078163,166.6632767515978,164.8043210280436,162.96610002451584,161.1483824667517,159.35093966011257,157.57354546081086,155.81597624745808,154.07801089293002,152.35943073654587,150.6600195565575,148.9795635429458,147.3178512705204,145.67467367231913,144.0498240133048,142.44309786435463,140.8542930765405,139.28320975569545,137.72965023726442,136.19341906143507,134.6743229485462,133.17217077477056,131.68677354806852,130.21794438441043,128.7654984842638,127.32925310934297,125.90902755961805,124.50464315058025,123.11592319076087,121.74269295950101,120.38477968496919,119.04201252242424,117.71422253272065,116.40124266105353,115.10290771594084,113.8190543484399,112.54952103159583,111.2941480401191,110.05277743028988,108.82525302008645,107.61142036953535,106.41112676128054,105.22422118136947,104.05055430025338,102.88997845399942,101.74234762571261,100.6075174271647,99.48534508062818,98.37568940091272,97.27841077760219,96.19337115748957,95.12043402720795,94.05946439605528,93.01032877901052,91.97289517993939,90.94703307498733,89.93261339615788,88.92950851507392,87.93759222692033,86.95673973456562,85.98682763286062,85.02773389311245,84.07933784773151,83.14152017504982,82.21416288430866,81.29714930081366,80.39036405125543,79.49369304919406,78.60702348070532,77.7302437901871,76.86324366632421,76.00591402820953,75.15814701162017,74.3198359554466,73.49087538827317,72.6711610151083,71.86058970426271,71.05905947437398,70.26646948157581,69.48272000681057
55,660.47,637.83,629.1,585.24,594.6,570.14,531.36,540.81,551.47,491.6,509.62,461.15,467.31,451.11,477.65,455.96,429.85,449.43,433.58,428.13,404.18,404.83,410.9,371.77,382.65,370.18,384.3,368.88,362.0,348.51,338.67,342.82,346.41,331.06,329.41,341.18,313.84,322.88,318.86,341.89,362.58,342.53,339.15,330.55,328.68,333.11,331.34,329.06,326.49,323.5,320.17,316.69,313.44,310.23,307.19,304.54,301.56,298.14,294.62,290.95,287.28,283.71,280.33,277.02,273.81,270.81,267.84,264.87,261.97,259.06,256.3,253.54,250.82,248.35,245.99,243.28,240.38,237.61,234.76,232.14,229.56,226.88,224.51,222.15,219.62,217.1,214.6,212.24,210.02,207.8,205.44,203.14,200.94,198.63,196.41954247894188,194.2336840740918,192.07215103374338,189.93467265264107,187.8209812380776,185.73081207636875,183.6639033997014,181.61999635335005,179.5988349632589,177.60016610398378,175.62373946699176,173.66930752931285,171.73662552254083,169.82545140217914,167.93554581732772,166.06667208070732,164.21859613901728,162.39108654362332,160.5839144215715,158.79685344692462,157.0296798124176,155.28217220142884,153.55411176026237,151.84528207073978,150.15546912309614,148.484461289178,146.83204929593967,145.1980261992343,143.5821873578967,141.9843304081145,140.4042552380847,138.8417639629521,137.2966609000266,135.7687525442766,134.25784754409446,132.76375667733254,131.2862928276052,129.82527096085488,128.3805081021788,126.9518233129137,125.5390376679755,124.14197423345115,122.76045804443974,121.39431608314048,120.04337725718426,118.70747237820645,117.38643414065821,116.0800971008535,114.78829765624926,113.51087402495632,112.24766622547817,110.99851605667521,109.76326707795212,108.54176458966552,107.33385561374975,106.1393888745584,104.9582147799187,103.79018540239716,102.63515446077332,101.49297730171989,100.36351088168684,99.24661374898672,98.14214602607981,97.04996939205608,95.96994706531224,94.90194378642148,93.84582580119402,92.80146084392594,91.76871812083458,90.74746829367824,89.73758346355821,88.73893715490088,87.75140429961841,86.77486122144542,85.80918562045001,84.8542565577173,83.90995444020332,82.97616100575742,82.05275930831137,81.13963370323344,80.23666983284522,79.34375461209977,78.46077621441911,77.58762405768942,76.72418879041182,75.8703622780076
56,693.24,690.27,679.59,676.85,663.5,630.65,632.56,590.02,592.99,568.47,554.23,514.54,510.09,495.26,511.54,481.41,476.01,461.11,465.19,459.14,446.15,441.95,443.63,426.47,422.25,428.57,414.0,398.13,397.7,393.55,376.31,372.27,374.31,356.06,356.61,372.6,351.78,359.73,348.84,380.02,391.91,371.14,379.48,361.64,356.95,361.15,359.48,357.44,354.9,351.9,348.61,345.05,341.33,337.62,334.06,330.97,327.96,324.62,321.0,317.22,313.45,309.53,305.69,302.13,298.62,295.22,291.98,288.82,285.65,282.45,279.43,276.41,273.39,270.47,267.88,265.35,262.41,259.3,256.22,253.2,250.26,247.49,244.86,242.25,239.55,236.84,234.17,231.55,229.11,226.68,224.09,221.47,219.08,216.68,214.276394936212,211.89945277302706,209.5488777421098,207.22437735604728,204.9256623719541,202.65244675548124,200.4044476452242,198.18138531752572,195.98298315166952,193.8089675954593,191.6590681311803,189.53301724193815,187.43055037837095,185.35140592573103,183.29532517133137,181.2620522723537,179.25133422401316,177.26292082807635,175.29656466172864,173.35202104678694,171.42904801925351,169.52740629920814,167.64685926103377,165.7871729039728,163.9481158230097,162.12945918007685,160.3309766755797,158.55244452023774,156.79364140723789,155.05434848469682,153.33434932842874,151.6334299150152,149.95137859517362,148.2879860674214,146.64304535203198,145.01635176527995,143.4077028939716,141.8168985702585,140.24374084672988,138.6880339717817,137.14958436525882,135.6282005943674,134.12369334985442,132.63587542245153,131.1645616795802,129.70956904231522,128.27071646260381,126.84782490073736,125.44071730307303,124.04921858000277,122.67315558416634,121.31235708890625,119.96665376696166,118.63587816939857,117.31986470477378,116.01844961852993,114.73147097261922,113.45876862535306,112.20018421147523,110.95556112245616,109.72474448700586,108.50758115180275,107.30391966243658,106.11361024456261,104.93650478526477,103.77245681462568,102.6213214875011,101.48295556549643,100.35721739914328,99.24396691027373,98.14306557459004,97.05437640442777,95.97776393171007,94.91309419109116,93.8602347032866,92.81905445858864,91.78942390056447,90.77121490993507,89.76430078863312,88.76855624403764,87.7838573733836,86.81008164834434,85.84710789978513,84.89481630268581,83.95308836123073,83.02180689406396
57,785.5,769.39,734.12,742.29,716.03,661.89,670.53,674.49,659.69,664.46,582.95,610.15,588.84,560.15,542.53,563.78,555.83,529.61,519.47,521.95,507.66,497.49,441.16,470.26,480.21,436.14,446.58,430.9,424.89,435.46,421.91,391.57,413.01,402.91,385.41,406.63,365.26,395.35,381.31,401.5,422.26,404.46,416.18,400.34,387.6,391.46,389.69,387.71,385.32,382.35,379.0,375.44,371.54,367.35,363.35,359.61,356.12,352.86,349.25,345.31,341.29,337.24,333.11,329.07,325.27,321.59,318.0,314.61,311.22,307.71,304.26,300.87,297.75,294.51,291.25,288.54,285.83,282.63,279.26,275.96,272.66,269.58,266.71,263.84,260.93,258.08,255.24,252.35,249.56,246.8,244.11,241.35,238.69,236.06,233.44822665118687,230.86535002365466,228.31105040340475,225.7850116137617,223.28692097623613,220.8164692718208,218.37335070271487,215.9572628544713,213.56790665856374,211.20498635536694,208.86820945754695,206.5572867138566,204.27193207333133,202.01186264988095,199.77679868727375,197.56646352450738,195.38058356156336,193.21888822554013,191.08110993716102,188.96698407765282,186.87624895599052,184.8086457765047,182.7639186068473,180.7418143463118,178.7420826945037,176.7644761203579,174.80874983149886,172.87466174393955,170.96197245211584,169.07044519925233,167.19984584805613,165.3499428517348,163.520507225335,161.7113125173983,159.9221347819305,158.15275255068104,156.4029468057293,154.67250095237407,152.9612007923229,151.26883449717826,149.595192582217,147.9400678804598,146.30325551702768,144.68455288378203,143.08375961424545,141.50067755879994,139.93511076015946,138.38686542911398,136.85574992054177,135.34157470968734,133.8441523687013,132.36329754344052,130.89882693052442,129.45055925464519,128.01831524612942,126.60191761874741,125.20119104776852,123.81596214825896,122.44605945362,121.09131339436321,119.7515562771211,118.42662226388939,117.11634735149939,115.82056935131727,114.53912786916811,113.2718642854818,112.01862173565888,110.77924509065349,109.55358093777114,108.341477561679,107.14278492562619,105.95735465287194,104.78504000831923,103.62569588035159,102.47917876287077,101.34534673753349,100.22405945618421,99.11517812348266,98.01856547972355,96.93408578384607,95.86160479663175,94.8009897640879,93.75210940101518,92.71483387475665,91.68903478912705,90.6745851685194
58,818.41,828.1,829.92,819.21,823.21,791.34,771.4,737.72,693.24,700.9,649.83,666.34,661.06,568.03,619.34,613.34,592.2,585.85,566.86,551.55,536.76,515.82,528.97,490.84,497.63,473.49,473.14,468.13,463.47,472.44,419.6,456.85,436.47,421.67,413.43,438.98,417.28,440.7,410.92,458.36,450.55,442.49,425.84,425.55,418.92,423.35,421.56,419.49,417.14,414.29,410.96,407.3,403.29,399.01,394.64,390.22,386.17,382.44,378.73,374.85,370.58,366.26,362.06,357.69,353.39,349.44,345.59,341.88,338.3,334.57,330.77,327.03,323.49,320.01,316.39,313.1,310.13,307.05,303.64,300.06,296.6,293.1,289.72,286.59,283.41,280.33,277.32,274.34,271.28,268.12,265.25,262.4,259.53,256.66,253.8445862773555,251.06005603647534,248.30607050319006,245.58229461948935,242.88839700275807,240.22404990545928,237.5889291752595,234.98271421559127,232.40508794664856,229.85573676680983,227.33435051448438,224.84062243037712,222.3742491201674,219.9349305175971,217.52236984796366,215.13627359201368,212.77635145023248,210.4423163075253,208.13388419828618,205.8507742718498,203.59270875832226,201.359412934787,199.15061509188104,196.96604650073795,194.8054413802937,192.6685368649508,190.55507297259737,188.46479257297693,186.39744135640512,184.35276780282976,182.33052315123,180.33046136935153,178.35233912377333,176.3959157503033,174.460953224698,172.5472161337042,170.65447164641773,168.78248948595652,166.93104190144442,165.09990364030253,163.28885192084408,161.49766640517035,159.72612917236358,157.97402469197408,156.24113979779824,154.527263661944,152.83218776918102,151.15570589157198,149.49761406338231,147.85771055626526,146.2357958547188,144.63167263181214,143.04514572517832,141.47602211327012,139.92411089187658,138.38922325089698,136.8711724513696,135.3697738027526,133.88484464045402,132.4162043036081,130.96367411309586,129.52707734980604,128.10623923313543,126.70098689972407,125.31114938242457,123.93655758950148,122.57704428405923,121.23244406369552,119.90259334037803,118.5873303205418,117.2864949854049,115.99992907150016,114.72747605142031,113.46898111477438,112.22429114935308,110.99325472250065,109.77572206269113,108.57154504130675,107.38057715461612,106.2026735059502,105.03769078807366,103.88548726574983,102.74592275849662,101.61885862353188,100.50415773890565,99.40168448681749
59,905.3,914.91,899.89,904.56,898.77,877.84,842.03,830.2,820.9,789.19,764.5,719.26,742.88,688.23,656.92,674.54,652.14,647.94,645.66,608.14,603.87,572.63,600.5,553.93,523.98,550.58,511.25,541.19,520.68,492.15,506.41,508.71,464.81,458.7,484.91,494.97,454.23,474.02,457.63,481.24,514.97,460.07,466.34,463.02,452.22,457.62,455.76,453.66,451.13,448.29,445.12,441.44,437.2,432.84,428.24,423.4,418.82,414.4,410.17,406.16,401.89,397.39,392.91,388.37,383.79,379.31,375.12,371.04,367.02,363.12,359.17,355.14,351.1,347.26,343.53,339.82,336.24,332.89,329.61,325.97,322.2,318.51,314.69,310.98,307.57,304.23,300.99,297.82,294.49,291.14,287.95,284.82,281.68,278.64,275.59704816922533,272.5873275896867,269.61047535190676,266.6661325096439,263.75394403661124,260.8735587836675,258.0246294364759,255.20681247362532,252.4197681252088,249.66316033185421,246.93665670420273,244.23992848282953,241.5726504986022,238.93450113347225,236.32516228169456,233.7443193114706,231.1916610270103,228.66687963100836,226.16967068753038,223.69973308530413,221.25676900141187,218.84048386537924,216.45058632365595,214.08678820448495,211.74880448315452,209.43635324763068,207.14915566456418,204.88693594566914,202.64942131446873,200.43634197340393,198.24743107130178,196.08242467119842,193.9410617185141,191.8230840095752,189.72823616048038,187.6562655763066,185.60692242065141,183.57995958550796,181.57513266146884,179.59219990825548,177.6309222255693,175.6910631242612,173.7723886978159,171.8746675941477,169.99767098770425,168.141172551875,166.30494843170084,164.48877721688197,162.69243991508037,160.91571992551394,159.15840301283893,157.42027728131762,155.70113314926823,154.0007633237936,152.318962775786,150.65552871520504,149.0102605666253,147.38295994505114,145.77343063199564,144.18147855182073,142.60691174833573,141.04954036165142,139.50917660528688,137.98563474352645,136.4787310690238,134.98828388065067,133.51411346158753,132.05604205765343,130.61389385587265,129.18749496327527,127.77667338592926,126.38125900820168,125.00108357224627,123.63598065771504,122.28578566169143,120.95033577884273,119.62946998178904,118.3230290016868,117.03085530902428,115.75279309462677,114.48868825086932,113.2383883530945,112.00174264123325,110.77860200162624,109.56881894904403,108.37224760890331
60,1021.38,1029.92,1008.16,979.11,1002.0,964.73,951.53,903.07,923.19,876.87,869.92,830.52,827.0,755.61,751.41,733.08,748.03,705.74,723.04,691.85,663.05,670.78,650.45,625.61,573.88,559.43,572.07,580.73,553.98,552.84,546.78,531.06,509.79,528.22,534.07,517.89,501.23,518.12,501.98,556.53,561.33,503.64,514.25,489.54,489.4,495.66,493.18,490.84,488.22,485.24,482.01,478.4,474.14,469.57,464.75,459.68,454.57,449.54,444.75,440.17,435.72,431.16,426.41,421.63,416.87,411.98,407.23,402.72,398.35,394.06,389.84,385.56,381.25,377.03,372.9,368.92,364.96,361.05,357.43,353.95,350.07,346.04,342.06,337.89,334.05,330.4,326.8,323.28,319.71,316.22,312.71,309.19,305.82,302.5,299.17161302478183,295.8798480656192,292.6243021729543,289.4045768308559,286.22027790823654,283.0710156106065,279.9564044323581,276.8760631095761,273.8296145733658,270.8166859036964,267.8369082837506,264.88991695477756,261.9753511714423,259.09285415766635,256.24207306295403,253.42265891919985,250.63426659797068,247.87655476825813,245.14918585469573,242.45182599623587,239.78414500528137,237.1458163272668,234.53651700068448,231.95592761755023,229.40373228430425,226.87961858314225,224.38327753377166,221.91440355558927,219.4726944302745,217.05785126479427,214.66957845481545,212.30758364851934,209.97157771081427,207.6612746879426,205.37639177247632,203.1166492686984,200.8817705583649,198.67148206684348,196.48551322962507,194.32359645920343,192.1854671123196,190.0708634575663,187.97952664334935,185.9112006662009,183.86563233944204,181.84257126218964,179.8417697887045,177.86298299807672,175.90596866424445,173.97048722634298,172.05630175937927,170.16317794523007,168.29088404395856,166.43919086544662,164.6078717413395,162.79670249729895,161.00546142556186,159.23392925780044,157.48188913828153,155.74912659732084,154.03542952502949,152.34058814534933,150.66439499037395,149.00664487495217,147.36713487157118,145.7456642855158,144.14203463030114,142.5560496033757,140.98751506209163,139.43623899993943,137.9020315230442,136.38470482692048,134.8840731734828,133.39995286830927,131.93216223815523,130.4805216087144,129.04485328262476,127.62498151771624,126.22073250549798,124.83193434988212,123.45841704614183,122.10001246010073,120.7565543075514,119.42787813390021,118.11382129403636,116.81422293242208
61,1099.74,1116.61,1062.89,1057.76,1090.01,1032.9,1069.15,1034.26,993.58,983.1,986.59,911.91,917.93,861.35,828.23,805.25,827.72,764.43,779.71,742.82,749.96,714.33,714.15,656.9,667.54,651.63,645.79,642.94,605.2,605.65,579.34,588.48,583.43,570.03,565.62,564.6,560.53,559.42,536.68,600.65,590.34,532.02,560.17,538.52,531.95,537.95,534.34,531.31,528.48,525.34,521.91,518.25,513.95,509.25,504.21,498.91,493.57,487.93,482.46,477.32,472.3,467.48,462.57,457.5,452.45,447.31,442.14,437.13,432.38,427.7,423.02,418.47,413.96,409.39,404.74,400.34,396.15,391.82,387.58,383.74,380.0,375.89,371.5,367.1,362.84,358.72,354.76,350.88,347.04,343.26,339.49,335.72,332.07,328.46,324.8271329967667,321.234446602019,317.681496406067,314.16784291452655,310.6930514939543,307.2566923180843,303.8583403146593,300.49757511284974,297.1739809912547,293.8871468264779,290.6366660422719,287.4221365592459,284.2431607451288,281.09934536558274,277.9903015355605,274.9156446712013,271.8749944422583,268.8679747250522,265.89421355594544,262.95334308533086,260.0449995321293,257.1688231387904,254.32445812679123,251.51155265262693,248.7297587642883,245.97873235822067,243.25813313675891,240.5676245660329,237.90687383433905,235.27555181097196,232.67333300551135,230.0998955275596,227.5549210469242,225.03809475424097,222.54910532203257,220.08764486619776,217.6534089079266,215.24609633603703,212.86540936972767,210.51105352174307,208.18273756194577,205.88017348129188,203.6030764562047,201.35116481334245,199.1241599947558,196.9217865234305,194.74377196921168,192.5898469151042,190.45974492394654,188.35320250545286,186.26995908361954,184.20975696449239,182.17234130429043,180.157460077882,178.16486404760965,176.19430673245984,174.24554437757365,172.31833592409464,170.41244297935032,168.5276297873633,166.6636631996886,164.82031264657368,162.9973501084371,161.19455008766315,159.41168958070796,157.64854805051425,155.90490739923143,154.18055194123713,152.47526837645717,150.78884576398085,149.1210754959677,147.4717512718431,145.84066907277926,144.22762713645835,142.6324259321148,141.05486813585378,139.49475860624236,137.95190436017097,136.4261145489816,134.91720043486018,133.42497536748996,131.9492547609632,130.4898560709482,129.04659877210875,127.61930433577349,126.20779620785221
62,1168.14,1213.7,1177.32,1174.99,1227.65,1165.95,1150.84,1180.18,1099.12,1075.09,1023.35,1012.29,1012.76,947.49,908.74,907.07,904.15,874.51,847.6,807.06,788.19,794.06,764.11,735.45,721.96,717.89,677.74,666.24,653.29,639.14,624.36,641.98,627.16,614.92,622.96,657.13,612.6,629.4,643.12,673.94,664.02,622.26,611.25,588.17,580.36,584.35,579.4,575.29,571.7,568.33,564.73,560.73,556.3,551.52,546.35,540.88,535.24,529.28,523.25,517.53,511.87,506.34,501.08,495.86,490.5,484.98,479.54,474.11,468.8,463.74,458.64,453.65,448.86,444.03,439.06,434.18,429.46,424.8,420.14,415.58,411.53,407.61,403.07,398.28,393.67,389.12,384.66,380.42,376.34,372.25,368.1,364.09,360.14,356.09,352.1250369486404,348.2042226574219,344.3270655421868,340.4930794924301,336.7017838103522,332.95270315058946,329.2453674606167,325.57931192181286,321.9540768911828,318.36920784372813,314.82425531545994,311.3187748470458,307.8523269280841,304.42447694199933,301.0347951115506,297.6828564449469,294.36824068256266,291.0905322442462,287.8493201772153,284.64419810453245,281.4747641741543,278.3406210085482,275.24137565486967,272.17663953569496,269.1460284003015,266.14916227649184,263.18566542295315,260.2551662821474,257.3572974337266,254.4916955484659,251.65800134271026,248.8558595333282,246.08491879316708,243.34483170700423,240.63525472798884,237.95584813456867,235.30627598789647,232.6862060897105,230.0953099406843,227.53326269923986,224.99974314081985,222.49443361761294,220.0170200187278,217.5671917308104,215.14464159910003,212.74906588891884,210.38016424758985,208.03763966677977,205.72119844526037,203.43055015208483,201.1654075901742,198.92548676030887,196.71050682552172,194.5201900758871,192.35426189370182,190.21245071905474,188.0944880157786,186.00010823778155,183.92904879575372,181.88105002424405,179.855855149104,177.8532102552938,175.87286425504686,173.91456885638908,171.9780785320084,170.063150488471,168.1695446357804,166.29702355727545,164.44535247986335,162.61429924458443,160.80363427750444,159.01313056093096,157.24256360495045,155.49171141928196,153.76035448544465,152.04827572923486,150.35526049350977,148.68109651127403,147.02557387906637,145.388485030642,143.76962471094853,142.16878995039153,140.5857800393864,139.02039650319406,137.47244307703627,135.94172568148855
63,1286.67,1297.41,1310.46,1278.78,1305.41,1279.32,1258.52,1266.19,1250.23,1212.59,1134.72,1112.4,1144.65,1057.61,1034.63,963.03,941.93,923.4,924.21,868.92,889.36,847.94,819.45,813.39,785.66,791.33,800.55,754.83,724.34,699.21,688.31,673.86,686.43,666.43,690.18,689.06,688.01,684.13,653.88,719.31,743.56,676.52,676.2,658.94,633.52,635.49,628.89,623.4,618.61,614.56,610.68,606.35,601.74,596.81,591.51,585.82,579.78,573.58,567.25,560.83,554.62,548.54,542.59,537.01,531.36,525.48,519.57,513.73,508.05,502.43,496.96,491.57,486.22,481.01,475.82,470.54,465.24,460.1,455.12,450.23,445.49,441.06,436.67,431.9,426.81,421.86,416.95,412.18,407.8,403.38,398.86,394.52,390.26,385.85,381.524151039286,377.2468001198597,373.0174035195456,368.8354236119564,364.7003287981523,360.6115934390657,356.5686977886839,352.5711279279807,348.6183756995887,344.70993864320434,340.8453199317167,337.0240283080524,333.2455780227289,329.5094887721078,325.81528563733974,322.16249902399505,318.5506646023701,314.9793232484633,311.44802098561297,307.95630892678946,304.50374321753384,301.08988497953686,297.7143002548505,294.37655995072413,291.0762397850602,287.8129202324808,284.586186470999,281.3956283292881,278.24084023454213,275.12142116092076,272.0369745785723,268.9871084032282,265.97143494636265,262.98957086591076,260.0411371175398,257.12575890646605,254.24306563981227,251.39269087949936,248.57427229566576,245.7874516206095,243.0318746032463,240.3071909640787,237.61305435066913,234.94912229361344,232.31505616300694,229.7105211253991,227.1351861012307,224.58872372274786,222.07081029238853,219.58112574163496,217.11935359032776,214.68518090643607,212.27829826627843,209.89839971519035,207.5451827286321,205.2183481737329,202.9176002712661,200.642646558051,198.3931978497756,196.16896820423668,193.9696748849918,191.79503832541866,189.64478209317784,187.51863285507335,185.41632034230764,183.337577316126,181.28213953384582,179.24974571526732,177.24013750946028,175.25305946192339,173.28825898211173,171.34548631132847,169.42449449097623,167.52503933116466,165.6468793796698,163.78977589124145,161.95349279725488,160.13779667570245,158.3424567215217,156.56724471725656,154.81193500404675,153.076304452943,151.36013243654355,149.663200800949,147.98529383803094,146.32619825801225
64,1421.79,1439.47,1406.22,1390.48,1430.11,1380.89,1378.21,1354.69,1375.68,1374.38,1274.07,1246.44,1205.97,1170.56,1144.49,1130.73,1056.54,1061.28,1025.84,1015.49,941.32,952.91,946.52,896.11,890.4,869.68,844.52,838.86,800.22,759.97,757.21,731.08,726.8,748.7,721.09,744.15,740.46,735.08,720.15,773.14,799.73,761.1,736.35,700.31,690.91,692.9,684.01,676.8,670.6,665.27,660.54,655.94,651.1,645.87,640.27,634.36,628.11,621.57,614.83,607.98,601.17,594.54,587.95,581.52,575.43,569.34,563.02,556.74,550.61,544.42,538.38,532.53,526.68,520.95,515.41,509.85,504.13,498.5,493.05,487.76,482.56,477.34,472.55,467.9,462.64,457.26,452.03,446.77,441.76,436.95,432.22,427.53,422.87,418.19,413.5192232035299,408.9006144547952,404.333591087288,399.8175769423206,395.35200229633887,390.9363037890486,386.5699243523436,382.2523131400283,377.9829254583251,373.7612226971576,369.58667226220183,365.45874750769576,361.37692767000004,357.3406978019002,353.34954870764267,349.4029768786969,345.5004844302343,341.64157903831693,337.82577387778804,334.0525875608557,330.32154407636295,326.6321727297357,322.98400808360196,319.3765898990739,315.8094630776857,312.28217760398013,308.7942884887363,305.3453557128314,301.9349441717295,298.56262362059056,295.22796861999205,291.93055848225737,288.66997721838334,285.4458134855605,282.2576605352798,279.1051161620186,275.9877826524998,272.90526673551824,269.85717953232654,266.84313650757593,263.86275742080466,260.91566627846817,258.00149128650514,255.11986480343361,252.27042329397028,249.45280728316857,246.66666131106845,243.91163388785301,241.1873774495056,238.49354831396283,235.82980663775663,233.19581637314087,230.591245225697,228.01576461241277,225.46904962022967,222.95077896505302,220.46063495121984,217.99830343141966,215.563473767063,213.155838789092,210.77509475922952,208.4209413316602,206.09308151514054,203.79122163553095,201.51507129874736,199.264343354126,197.0387538581976,194.83802203886606,192.66187025998738,190.51002398634412,188.38221174901093,186.2781651111071,184.1976186339317,182.14030984347662,180.1059791973139,178.0943700518529,176.10522862996297,174.13830398895794,172.19334798893814,170.27011526148596,168.36836317871106,166.4878518226414,164.62834395495602,162.789604987056,160.9714029504696,159.1735084675879
65,1553.47,1551.55,1538.32,1475.8,1566.43,1509.77,1521.71,1501.56,1506.68,1458.46,1442.87,1429.99,1404.32,1313.46,1327.86,1245.02,1226.85,1148.27,1144.39,1088.2,1064.4,1014.22,1053.09,965.09,990.23,926.42,911.39,910.84,865.23,840.9,802.18,809.35,811.43,789.07,797.19,791.78,785.21,834.76,794.11,824.64,859.09,818.45,802.11,765.22,756.85,757.79,746.02,736.42,728.56,721.76,715.57,710.14,704.98,699.41,693.45,687.34,680.88,673.98,666.69,659.47,652.24,644.8,637.55,630.37,623.52,617.04,610.48,603.75,596.99,590.35,583.8,577.3,570.96,564.73,558.65,552.72,546.73,540.68,534.59,528.69,523.08,517.44,511.85,506.64,501.51,496.03,490.36,484.77,479.14,473.67,468.57,463.54,458.47,453.41,448.40480343560944,443.4548592755509,438.5595575880974,433.7182951745631,428.93047549497714,424.1955085945782,419.5128110311202,414.8818058029806,410.3019222780622,405.77259612348024,401.29326923602497,396.8633896733924,392.4824115861741,388.14979515059736,383.8650065020085,379.62751766908997,375.4368065088035,371.2923566420524,367.1936573900525,363.1402037114069,359.1314961398747,355.16704072282664,351.2463489603806,347.36893774520837,343.53432930300744,339.74205113362956,335.99163595285927,332.2826216348354,328.61455115510756,324.9869725343222,321.39943878252916,317.851507844104,314.3427425432776,310.87271053026797,307.44098422800533,304.0471407794469,300.69076199547203,297.3714343033529,294.08874869579455,290.8423006805366,287.63169023051194,284.45652173455545,281.31640394865684,278.21094994775143,275.1397770780434,272.1025069098552,269.0987651909975,266.1281818006538,263.1903907037743,260.2850299059729,257.41174140892235,254.57017116624192,251.75996903987155,248.98078875692795,246.2322878670371,243.51412770013707,240.8259733247477,238.16749350669994,235.53836066832133,232.93825084807193,230.36684366062588,227.82382225739332,225.30887328747863,222.821686859069,220.36195650124998,217.92937912624186,215.52365499205325,213.1444876655472,210.79158398591423,208.4646540285495,206.1634110693281,203.88757154927507,201.63685503962515,199.41098420726843,197.20968478057748,195.03268551561132,192.8797181626932,190.75051743335655,188.64482096765627,186.5623693018408,184.50290583638096,182.46617680435185,180.45193124016353,178.4599209486373,176.4899004744229,174.54162707175377
66,1693.69,1706.36,1699.21,1662.79,1648.26,1688.7,1624.69,1639.55,1619.38,1561.22,1557.49,1505.38,1543.75,1472.99,1448.27,1349.86,1382.43,1300.59,1255.88,1223.89,1142.29,1164.79,1111.9,1094.47,1115.38,1033.16,1016.06,973.57,966.13,935.84,913.03,886.53,871.09,829.53,877.87,921.48,876.24,873.11,838.1,940.73,942.32,907.05,914.26,866.21,835.33,831.61,816.75,804.09,793.84,785.29,777.61,770.8,764.69,758.62,752.26,745.75,738.9,731.6,723.99,716.23,708.43,700.42,692.36,684.65,677.06,669.73,662.73,655.58,648.3,641.17,634.14,627.07,620.08,613.29,606.61,600.04,593.69,587.29,580.77,574.28,567.88,561.76,555.76,549.8,544.21,538.8,532.94,526.78,520.68,514.62,508.83,503.34,497.83,492.38,486.9787054436342,481.6366618375195,476.35321921245514,471.12773472925204,465.959572600518,460.84810401330145,455.792707052583,450.7927666256072,445.8476743870436,440.956828664969,436.11963438766196,431.33550301120005,426.60385244785124,421.9241069952511,417.29569726635685,412.71806012016975,408.1906385932171,403.7128818317869,399.28424502490446,394.9041893380454,390.57218184757545,386.2876954759088,382.050208927379,377.85920662481215,373.71417864679654,369.6146206656405,365.5600338860098,361.54992498424,357.58380604831285,353.66119451849175,349.7816131286088,345.9445898479955,342.1496578240502,338.3963553254364,334.68422568590336,331.01281724872314,327.3816833117379,323.7903820730085,320.2384765770612,316.72553466172235,313.25112890553726,309.8148365757657,306.41623957694765,303.05492440003337,299.7304820720717,296.44250810645013,293.1906024536803,289.97436945272443,286.7934177828544,283.64736041604,280.53581456985887,277.458401660923,274.41474725881676,271.4044810405391,268.4272367454468,265.48265213069095,262.57036892714274,259.6900327958029,256.8412932846887,254.02380378619455,251.2372214949201,248.4812073659608,245.75542607365614,243.0595459707905,240.3932390482413,237.75618089507017,235.1480506590515,232.5685310076344,230.01730808933243,227.49407149553733,224.99851422275142,222.53033263523417,220.0892264280589,217.6748985905744,215.2870553702674,212.92540623702186,210.58966384776966,208.27954401152965,205.99476565482988,203.73505078750938,201.5001244688947,199.28971477434808,197.10355276218192,194.9413724409367,192.80291073701756,190.68790746268607
67,1863.39,1904.72,1871.0,1832.9,1845.2,1791.37,1802.16,1759.25,1813.87,1775.63,1726.96,1661.24,1685.18,1609.05,1541.18,1555.16,1493.47,1479.5,1423.27,1336.2,1281.61,1269.25,1262.55,1187.46,1187.02,1152.47,1128.37,1101.38,1021.72,1004.19,1011.59,1018.11,975.61,923.58,964.24,963.48,962.73,944.85,923.28,1019.55,1030.3,987.02,1001.29,968.22,922.49,915.38,897.83,882.09,868.61,857.45,847.97,839.61,832.0,824.91,818.15,811.19,803.79,795.9,787.89,779.73,771.13,762.52,754.08,745.55,737.13,728.97,721.03,713.38,705.77,698.06,690.26,682.59,675.06,667.61,660.35,653.17,646.05,639.13,632.32,625.26,618.16,611.36,604.91,598.42,591.94,585.99,580.18,573.79,567.07,560.56,554.12,547.88,541.9,536.02,530.1496559117086,524.3436022224972,518.6011348415408,512.9215573890236,507.3041811116909,501.74832479932473,496.2533147021346,490.8184844490532,485.44317496692634,480.12673440058825,474.86851803381245,469.66788821112766,464.52421426049057,459.4368724168051,454.40524574627955,449.428724071612,444.5067038979951,439.638588339931,434.8237870488484,430.0617161415115,425.35179812921393,420.6934618477469,416.0861423881357,411.5292810281339,407.0223251644677,402.5647282458232,398.1559497065662,393.79545490118954,389.48271503947683,385.2172071223773,380.99841387858237,376.8258237017969,372.69893058869775,368.61723407757154,364.58023918762416,360.5874563589555,356.63840139319143,352.7325953947656,348.86956471284446,345.0488408838888,341.2699605748433,337.5324655269496,333.83590250017346,330.1798232182412,326.5637843142781,322.98734727704175,319.4500783977449,315.9515487174598,312.4913339750993,309.0690145559675,305.68417544087356,302.3364061558029,299.02530072213995,295.7504576074357,292.5114796767143,289.3079741443133,286.1395525262512,283.0058305931165,279.90642832347305,276.840969857775,273.80908345278743,270.81040143650523,267.84456016356654,264.9111999711535,262.0099651353772,259.1405038281388,256.30246807446474,253.49551371030773,250.71930034081086,247.97349129902838,245.25775360509863,242.57175792586403,239.91517853493355,237.28769327318227,234.68898350968365,232.11873410306973,229.57663336331441,227.06237301393531,224.57564815460955,222.1161572241991,219.68360196418067,217.2776873824766,214.8981217176817,212.54461640368166,210.216886034659,207.91464833048266
68,2022.42,2074.81,2021.48,1968.63,2026.29,1970.61,1870.53,1978.62,1954.74,1871.8,1891.85,1880.67,1835.94,1795.58,1772.53,1765.88,1661.64,1592.46,1535.59,1498.28,1431.4,1398.48,1373.56,1361.82,1275.12,1291.91,1207.06,1217.88,1161.12,1124.07,1094.05,1068.86,1077.57,1053.99,1087.35,1032.4,1030.64,1064.6,1023.93,1117.56,1144.32,1113.58,1062.21,1054.89,1014.05,1008.63,989.31,970.81,954.14,939.63,927.51,917.19,907.93,899.37,891.64,884.11,876.04,867.7,859.05,850.24,841.13,831.88,822.76,813.51,804.26,795.29,786.43,777.77,769.56,761.42,753.06,744.62,736.42,728.32,720.27,712.4,704.59,696.87,689.46,682.04,674.5,666.98,659.67,652.59,645.51,638.62,632.24,625.95,618.98,611.78,604.82,597.88,591.17,584.71,578.3230898803087,572.0059453211121,565.7578042585426,559.5779129529153,553.4655258978029,547.4199057301009,541.4403231410771,535.5260567883917,529.6763932090785,523.8906267334773,518.1680594001061,512.5080008714621,506.90976835074457,501.37268649948527,495.8960873560801,490.4793102552097,485.12170174814077,479.8226155238978,474.58141233129567,469.3974599018243,464.2701328733753,459.19881271480193,454.182887651303,449.221752590622,444.3148090500522,439.46146508423914,434.66113521377184,429.9132403545538,425.2172077479457,420.5724708916711,415.9784694714771,411.4346492935408,406.94046221761494,402.49536609090325,398.09882468265835,393.7503076194938,389.44929032140317,385.1952539384776,380.9876852883147,376.82607679411115,372.7099264234318,368.63873762764706,364.6120192820325,360.62928562652206,356.69005620710885,352.79385581788597,348.94021444372066,345.1286672035539,341.3587542943203,337.6300209354797,333.9420173141556,330.29429853087163,326.6864245458822,323.1179601260879,319.58847479253217,316.09754276847036,312.6447429280066,309.22965874529183,305.85187824427584,302.51099394900984,299.20660283449007,295.9383062780397,292.705710011221,289.50842407227327,286.34606275907,283.2182445825898,280.1245922208964,277.0647324736198,274.0382962169364,271.0449183590394,268.0842377960966,265.1558973686887,262.2595438187239,259.3948277468225,256.5614035701677,253.75892948081656,250.98706740446573,248.24548295966872,245.53384541749776,242.85182766164652,240.19910614896892,237.5753608704485,234.9802753125945,232.41353641925954,229.87483455387422,227.36386346209449
69,2246.58,2206.1,2204.45,2198.81,2231.61,2241.0,2149.08,2125.35,2167.64,2095.97,2075.15,2016.61,2044.58,1946.7,1942.29,1948.53,1834.67,1840.64,1748.01,1685.36,1591.61,1546.01,1551.06,1462.98,1422.69,1331.12,1399.0,1339.93,1258.15,1274.78,1200.65,1200.37,1174.47,1158.07,1139.4,1177.81,1159.72,1124.5,1119.32,1223.1,1229.16,1181.67,1181.64,1133.49,1111.09,1111.44,1091.4,1071.05,1051.56,1033.61,1018.18,1005.19,993.94,983.73,974.26,965.47,956.71,947.87,938.57,929.03,919.38,909.38,899.24,889.24,879.41,869.52,859.8,850.18,840.85,832.05,823.22,814.09,805.04,796.17,787.3,778.54,770.12,761.73,753.42,745.48,737.5,729.36,721.16,713.22,705.6,697.94,690.49,683.58,676.71,669.18,661.4,653.9,646.37,639.01,632.0276361372163,625.1215674890807,618.2909603895321,611.5349902818504,604.8528416191193,598.2437077657784,591.7067909002495,585.2413019186286,578.8464603394276,572.5214942093604,566.2656400101547,560.0781425663855,553.9582549543127,547.9052384117175,541.9183622487219,535.9969037595833,530.140148135454,524.3473883780921,518.6179252145168,512.9510670125954,507.34612969755335,501.80243666939515,496.3193187212296,490.89611395848635,485.53216771901486,480.226832494057,474.9794678500834,469.78944035148294,464.65612348409803,459.5788975795949,454.55714974066007,449.59027376701465,444.67767008223683,439.8187456613841,435.01291395940615,430.25959484034007,425.5582145072794,420.9082054331077,416.30900629199056,411.76006189161404,407.2608231061653,402.81074681004463,398.4092958123022,394.0559387917909,389.7501502330279,385.4914103627573,381.2792050872053,377.1130259300218,372.99236997089946,368.9167397848634,364.8856433822253,360.89859414919187,356.9551107891243,353.0547172644377,349.19694273913683,345.3813215219786,341.6073930102564,337.8747016341988,334.18279680197475,330.53123284530096,326.9195689656428,323.3473691810032,319.8142022732934,316.31964173627824,312.8632657240905,309.44465700030776,306.0634028875858,302.71909521784215,299.41133028298407,296.13970878617505,292.9038357936337,289.703320686959,286.5377771159772,283.40682295210337,280.3100802422129,277.2471751630166,274.2177379759348,271.2214029824645,268.25780848003376,265.32659671833903,262.4274138561592,259.5599099186417,256.7237387550553,253.91855799700454,251.1440290171006,248.39981688808393
70,2501.93,2530.5,2483.23,2451.75,2518.05,2356.45,2376.42,2317.08,2318.3,2287.98,2303.97,2222.17,2306.69,2185.45,2190.62,2159.06,2066.08,2040.19,1970.37,1854.8,1805.29,1698.78,1658.9,1605.93,1536.02,1506.17,1546.61,1481.33,1448.23,1433.24,1369.51,1351.46,1311.93,1295.16,1317.78,1268.0,1252.31,1291.94,1251.92,1353.05,1388.94,1315.8,1270.9,1228.24,1218.28,1225.6,1205.55,1184.47,1162.86,1141.87,1123.0,1106.6,1092.65,1080.46,1069.12,1058.52,1048.48,1038.74,1028.74,1018.45,1008.04,997.31,986.35,975.24,964.47,953.8,942.97,932.44,922.11,912.13,902.49,892.83,883.03,873.19,863.49,853.91,844.57,835.43,826.3,817.4,808.77,800.08,791.11,782.24,773.69,765.26,757.02,748.96,741.35,733.82,725.72,717.43,709.23,701.08,693.4423058960139,685.8878182324141,678.4156305429784,671.0248462366936,663.7145784901737,656.4839501412491,649.332093583716,642.2581506632314,635.2612725743435,628.3406197586422,621.4953618040214,614.7246773450363,608.027753964348,601.4037880952411,594.8519849252036,588.3715583005564,581.9617306321229,575.6217328019259,569.3508040709002,563.1481919876114,557.0131522979693,550.9449488559244,544.9428535351367,539.0061461416086,533.1341143272678,527.3260535044926,521.581266761568,515.8990647790633,510.27876574711973,504.7196952836404,499.2211863533706,493.7825791878601,488.40322120629713,483.0824669372049,477.8196779409914,472.61422273334256,467.46547670945023,462.3728220690656,457.3356477423692,452.35334931664806,447.42532896377236,442.55099536846126,437.7297636573315,432.96105532871735,428.2442981832564,423.5789262552312,418.96437974465834,414.40010495011853,409.88555420231694,405.42018579836855,401.00346393679905,396.63485865325356,392.313845756906,388.0399067675615,383.8125288534434,379.63120476965844,375.49543279733234,371.40471668340825,367.35856558110106,363.3564939910007,359.3980217028166,355.4826737377571,351.6099802915369,347.7794766780044,343.99070327338444,340.2432054611274,336.5365335773598,332.8702428569289,329.24389338003493,325.65705001944536,322.10928238828336,318.6001647883858,315.1292761592233,311.69620002737713,308.3005244565664,304.9418419982197,301.6197496425848,298.333848770372,295.083745104923,291.8690486649019,288.6893737175008,285.5443387321559,282.4335663347673,279.3566832624178,276.3133203185847,273.3031123288402
71,2739.99,2720.45,2660.33,2604.48,2670.72,2653.37,2573.87,2631.09,2542.66,2368.57,2483.26,2430.45,2496.71,2387.2,2399.64,2352.04,2320.45,2280.56,2215.14,2095.95,2002.43,1981.43,1895.51,1765.71,1731.31,1708.3,1647.69,1625.32,1556.8,1537.93,1488.6,1451.09,1428.78,1437.61,1457.41,1454.72,1342.36,1379.35,1313.43,1480.87,1478.31,1405.59,1392.52,1346.48,1343.05,1352.09,1332.61,1311.24,1288.61,1265.65,1243.63,1223.63,1206.01,1190.96,1177.6,1165.06,1153.23,1142.03,1131.11,1120.01,1108.65,1097.08,1085.22,1073.23,1061.28,1049.32,1037.56,1025.99,1014.61,1003.36,992.44,981.96,971.39,960.67,950.07,939.64,929.23,918.95,909.01,899.17,889.47,880.04,870.49,860.86,851.24,841.79,832.75,823.75,814.88,806.68,798.55,789.77,780.8,771.9,763.5261084316843,755.2430603145901,747.0498701412553,738.945563095411,730.9291749360005,722.9997518824541,715.1563505012094,707.398037593463,699.7238900841393,692.1329949120643,684.6244489213309,677.1973587538415,669.8508407430182,662.5840208086652,655.396034352971,648.2860261576401,641.2531502821404,634.296569963053,627.4154575145168,620.6089942297497,613.8763702836409,607.2167846363985,600.6294449382426,594.1135674351328,587.6683768755175,581.2931064180962,574.9869975405802,568.7492999494464,562.5792714906667,556.4761780614078,550.4392935226891,544.4678996129868,538.561285862776,532.7187495100003,526.9395954164578,521.2231359850942,515.5686910781935,509.97558793645595,504.44316109895385,498.9707523239557,493.55771051060987,488.2033916214766,482.90715860590177,477.6683813242212,472.4864364727872,467.3607075098089,462.2905845819965,457.27546445200176,452.31475042664584,447.4078522859249,442.5541862127867,437.7531747236689,433.00424659979024,428.30683681918805,423.66038648949234,419.06434278142945,414.51815886304735,410.0212938346537,405.5732126644608,401.17338612492773,396.8212907297934,392.5164086717932,388.2582277610505,384.04624136413713,379.8799483437945,375.7588529993091,371.68246500753446,367.650299364553,363.66187632797113,359.71672135983965,355.81436507019424,351.9543431612075,348.13619637194756,344.35947042373596,340.6237159660977,336.9284885232983,333.27334844146054,329.6578608362548,326.08159554115747,322.5441270562695,319.04503449769163,315.5839015474478,312.1603164039521,308.77387173301315,305.42416461936983,302.1107965187532
72,3096.7,3043.51,3000.58,2880.72,3058.47,2972.03,2872.4,2764.1,2890.51,2749.03,2716.1,2767.99,2730.31,2634.95,2642.79,2601.9,2623.91,2539.68,2472.04,2298.0,2253.72,2236.1,2168.99,2014.78,1985.46,1874.61,1838.14,1803.95,1723.47,1705.7,1693.89,1687.96,1626.52,1614.54,1587.83,1641.35,1571.86,1545.61,1506.36,1645.05,1597.9,1553.69,1562.41,1526.16,1485.24,1491.96,1472.62,1451.47,1428.6,1404.69,1380.38,1357.02,1335.59,1316.79,1300.59,1285.84,1272.07,1259.0,1246.55,1234.47,1222.01,1209.33,1196.44,1183.45,1170.29,1156.97,1144.16,1131.56,1118.93,1106.45,1094.2,1082.36,1070.76,1059.29,1047.79,1036.22,1024.75,1013.3,1002.17,991.4,980.62,969.99,959.69,949.37,938.79,928.32,918.17,908.28,898.46,888.88,879.82,870.92,861.38,851.39,842.1662809761063,833.0424891214674,824.0175418533278,815.0903683173283,806.2599092604436,797.525116905297,788.8849548258358,780.3383978243553,771.8844318098529,763.522053677702,755.2502711906287,747.0681028609774,738.974577834253,730.968735773924,723.0496267474737,715.2163111136869,707.4678594111552,699.8033522479939,692.2218801927496,684.7225436664934,677.3044528360801,669.9667275085664,662.70849702677,655.5289001659639,648.4270850316859,641.4022089586588,634.4534384108024,627.579948882332,620.7809247999254,614.0555594259519,607.4030547627483,600.8226214579335,594.313478710747,587.8748541794032,581.50598388945,575.2061121431186,568.9744914296567,562.8103823366323,556.7130534621997,550.6817813283137,544.7158502948864,538.8145524748729,532.9771876502764,527.2030631890644,521.4914939629849,515.8418022662711,510.25331773523015,504.72537726869973,499.2573249493688,493.848511965949,488.49829653619076,483.206043830732,477.9711258977731,472.7929215885668,467.67081648371624,462.60420282027087,457.5924794196126,452.63505161612255,447.73133118662173,442.88073628057487,438.0826913510512,433.33662708643305,428.6419803428643,423.9981940774302,419.404717282062,414.86100491815677,410.366517851906,405.9207227903248,401.52309221797395,397.17310433436774,392.87024299205945,388.6139976353985,384.40386323994994,380.239340252571,376.1199345321369,372.0451572909082,368.014525036534,364.02755951468305,360.0837876522967,356.18274150145606,352.3239581838583,348.5069798358932,344.731353554316,340.9966313425076,337.30237005731806,333.6481313564852
73,3365.51,3394.2,3300.11,3201.85,3337.3,3203.2,3138.38,3140.09,3098.53,3104.21,3091.78,2918.85,3083.54,2877.63,2937.46,2889.21,2888.2,2804.34,2757.3,2556.1,2563.07,2473.73,2414.21,2300.61,2142.03,2107.24,2083.71,2061.74,1927.95,1889.34,1774.24,1847.7,1852.41,1776.69,1842.07,1794.79,1788.08,1725.73,1677.84,1824.16,1757.88,1719.04,1717.52,1665.08,1637.51,1647.43,1627.71,1606.55,1583.99,1559.72,1534.1,1508.29,1483.59,1460.91,1440.82,1423.19,1407.14,1392.03,1377.53,1363.65,1350.06,1336.24,1322.08,1307.81,1293.37,1278.98,1264.74,1250.72,1236.95,1223.06,1209.48,1196.18,1183.04,1170.46,1158.08,1145.45,1132.68,1120.11,1107.81,1095.66,1083.65,1071.84,1060.31,1049.06,1037.75,1026.25,1014.88,1003.76,992.89,982.16,971.71,961.8,951.88,941.41,931.2722351849773,921.2436409496644,911.3230416684979,901.5092743758769,891.8011886298317,882.1976463771608,872.6975218200197,863.2997012839467,854.0030830873096,844.8065774121592,835.7091061764714,826.7096029077682,817.8070126180966,809.0002916803558,800.2884077059554,791.6703394237913,783.145076560525,774.7116197221511,766.368980276842,758.1161802390525,749.9522521548735,741.8762389886201,733.88719401064,725.9841806863319,718.1662725663576,710.4325531780368,702.7821159179108,695.2140639454655,687.727510077995,680.3215766866014,672.9953955933114,665.7481079693025,658.5788642342252,651.4868239566083,644.4711557553376,637.5310372021955,630.6656547254496,623.87420351448,617.1558874254333,610.5099188878931,603.9355188125551,597.4319164998959,590.9983495498273,584.6340637723204,578.3383130989954,572.1103594956614,565.9494728757986,559.8549310149718,553.8260194661668,547.8620314760369,541.9622679020525,536.1260371305424,530.3526549956176,524.6414446989685,518.9917367305254,513.4028687899744,507.87418570911615,502.40503937506384,496.99478865426556,491.64279931734666,486.3484439647599,481.11110195323784,475.930159323036,470.80500872596014,465.7350493541683,460.7196868697401,455.75833333500356,450.850407143613,445.9953329523688,441.1925416137715,436.44147010930214,431.7415614834208,427.0922647782769,422.49303496912086,417.9433329004131,413.4426252226201,408.9903843296909,404.58608829720754,400.22922082120124,395.9192711576273,391.65573406249206,387.4381097326245,383.2659037470855,379.13862700920816,375.05579568926254,371.0169311677375
74,3760.54,3702.15,3665.26,3556.48,3608.34,3633.26,3482.5,3479.54,3428.21,3312.67,3336.14,3316.79,3254.46,3204.9,3212.03,3143.58,3072.54,3087.92,3064.98,2951.42,2772.85,2752.11,2724.06,2585.54,2482.65,2438.11,2315.69,2298.89,2152.77,2078.98,2046.36,2056.21,2048.11,1987.12,2058.06,1931.84,1921.08,1983.26,1898.55,2016.6,1996.77,1908.4,1888.11,1817.7,1808.97,1820.3,1801.02,1779.45,1756.82,1732.82,1706.49,1679.31,1652.21,1625.96,1601.8,1580.28,1561.26,1543.84,1527.13,1510.86,1495.44,1480.32,1464.85,1449.24,1433.46,1417.71,1401.94,1386.18,1370.72,1355.57,1340.46,1325.6,1310.99,1296.62,1282.91,1269.28,1255.33,1241.51,1227.93,1214.37,1200.86,1187.81,1174.96,1162.21,1149.85,1137.38,1124.87,1112.44,1100.16,1088.28,1076.59,1065.15,1054.18,1043.39,1032.197674484016,1021.1254077671922,1010.1719119924844,999.3359131175442,988.61615076653,978.0113780835082,967.5203615874264,957.141881028643,946.8747292469948,936.7177120313884,926.6696479808962,916.7293683673436,906.8957169993703,897.1675500879481,887.543736113344,878.0231556935075,868.604701453872,859.2872778985516,850.0698012829193,840.951199487554,831.9304118935364,823.0063892590862,814.1780935975191,805.4444980565165,796.8045867986868,788.2573548834106,779.8018081499517,771.4369631018228,763.1618467923913,754.975496711712,746.8769606745742,738.8652967097493,730.9395729504266,723.0988675258246,715.3422684539643,707.6688735355931,700.0777902492475,692.5681356474397,685.1390362539585,677.7896279622728,670.5190559350236,663.3264745045949,656.2110470747502,649.1719460233262,642.2083526059675,635.3194568608964,628.5044575147024,621.7625618891439,615.0929858089481,608.494953510601,601.9676975521155,595.5104587237669,589.1224859597866,582.803036251003,576.5513745584192,570.3667737277174,564.2485144046818,558.1958849515265,552.2081813641238,546.284707190117,540.4247734479154,534.6276985465544,528.8928082064185,523.2194353808123,517.6069201783747,512.0546097863235,506.5618583945249,501.1280271203768,495.752483934498,490.43460358721404,485.17376753583284,479.9693638726988,474.8207872540202,469.7274388294592,464.68872617247683,459.70406321142644,454.77287016138496,449.894573456716,445.0686056843563,440.29440551781795,435.5714176518981,430.8990927380896,426.27688732068395,421.7042637735601,417.1806902376511,412.7056405590816
75,4196.76,4173.0,4060.02,3927.2,4117.88,3954.83,3812.68,3775.03,3812.36,3659.87,3600.99,3667.9,3599.92,3369.49,3595.58,3488.25,3463.45,3298.03,3341.51,3230.29,3130.59,3149.77,3079.6,2899.8,2800.67,2691.39,2565.97,2533.76,2383.42,2315.97,2253.53,2275.51,2272.61,2232.72,2263.92,2180.41,2224.56,2202.92,2069.85,2323.98,2211.61,2167.96,2118.75,2091.48,2005.1,2012.54,1994.51,1973.33,1950.15,1925.82,1899.63,1871.74,1843.04,1814.16,1786.37,1760.62,1737.57,1717.03,1697.94,1679.51,1661.59,1644.35,1627.43,1610.33,1592.98,1575.55,1558.06,1540.51,1523.03,1506.37,1489.89,1473.23,1456.98,1440.88,1425.15,1410.03,1394.98,1379.85,1364.7,1349.62,1334.69,1320.01,1305.68,1291.45,1277.46,1263.83,1250.27,1236.5,1222.73,1209.3,1196.31,1183.54,1170.89,1158.77,1146.276021429463,1133.9167542343682,1121.690745942665,1109.5965597430074,1097.6327743158988,1085.797983666657,1074.0907969601808,1062.5098383574973,1051.0537468540729,1039.7211761198655,1028.5107943411044,1017.4212840637726,1006.4513420387799,995.5996790688025,984.8650198567768,974.2461028560242,963.741680121994,953.3505171656028,943.0713928081572,932.903099037839,922.8444408677393,912.8942361954225,903.0513156640036,893.3145225247255,883.6827125010165,874.1547536540135,864.7295262495361,855.4059226264941,846.1828470667145,837.0592156661714,828.0339562076044,819.1060080345115,810.2743219264995,801.5378599759779,792.8955954661839,784.3465127505218,775.8896071332032,767.5238847511735,759.2483624573133,751.0620677048975,742.9640384333006,734.9533229549355,727.0289798434086,719.1900778228844,711.4356956586397,703.7649220487998,696.176855517242,688.6706043076524,681.2452862787263,673.9000288004988,666.6339686517915,659.4462519187664,652.3360338945736,645.3024789800799,638.344760585669,631.4620610340996,624.6535714644119,617.9184917368683,611.2560303389214,604.6654042921942,598.1458390604644,591.6965684586389,585.3168345627126,579.0058876206956,572.7629859645018,566.5873959227876,560.4783917347298,554.4352554647343,548.4572769180628,542.5437535573706,536.6939904201437,530.9073000370261,525.1830023510278,519.520424637604,513.918901425596,508.3777744190242,502.89639241972446,497.4741112508192,492.1102936810127,486.80430934970343,481.5555346929034,476.36335286995615,471.22715369104543,466.14633354548505,461.1202953307818,456.14844838246376
76,4557.4,4615.55,4512.77,4313.79,4508.4,4282.22,4196.52,4230.47,4232.14,3993.54,4029.29,3981.33,4080.19,3782.64,3754.84,3897.97,3816.09,3758.09,3731.8,3594.07,3478.19,3483.53,3421.71,3238.19,3157.63,2969.15,2939.94,2891.94,2668.4,2647.25,2523.53,2551.09,2525.22,2478.19,2549.27,2567.34,2537.19,2421.89,2334.06,2628.2,2493.68,2380.34,2344.05,2271.98,2214.72,2228.05,2210.25,2190.3,2167.44,2142.34,2115.94,2087.94,2058.17,2027.55,1996.92,1967.48,1940.19,1915.35,1893.03,1872.18,1851.74,1831.83,1812.73,1793.88,1774.72,1755.41,1736.04,1716.74,1697.4,1678.47,1660.08,1641.79,1623.59,1605.76,1588.05,1570.65,1553.96,1537.42,1520.8,1504.04,1487.47,1471.04,1454.77,1439.05,1423.45,1408.02,1393.07,1378.02,1362.82,1347.81,1333.03,1318.64,1304.43,1290.47,1276.483236280191,1262.648068149085,1248.962852537351,1235.42596418407,1222.0357954437197,1208.7907560952494,1195.6892731532257,1182.7297906810222,1169.9107696060382,1157.2306875369163,1144.688038582744,1132.2813331742116,1120.0090978867133,1107.86987526536,1095.8622236518927,1083.9847170134715,1072.2359447733174,1060.614511643194,1049.1190374577004,1037.7481570103637,1026.5005198915069,1015.3747903278722,1004.3696470239856,993.4837830052385,982.7159054626716,972.06473559944,961.5290084789427,951.1074728745992,940.7988911212523,930.602038968183,920.5157054337184,910.5386926614146,900.6698157777994,890.9079027516553,881.2517942548302,871.7003435245535,862.2524162272477,852.9068903238134,843.662655936376,834.5186152164765,825.4736822146904,816.5267827516593,807.6768542905226,798.9228458107282,790.263717683215,781.6984415469444,773.2260001867733,764.845387412648,756.5556079401098,748.3556772720937,740.2446215820098,732.2214775980914,724.2852924889964,716.435123750648,708.6700390943039,700.9891163358361,693.3914432862131,685.8761176431669,678.4422468840368,671.0889481597708,663.8153481900808,656.6205831597296,649.5037986159444,642.4641493669424,635.5007993815545,628.6129216899386,621.7996982853682,615.0603200270855,608.393986544208,601.7999061406756,595.2772957012288,588.8253805984059,582.4433946005472,576.1305797807984,569.8861864270973,563.7094729531391,557.5997058103046,551.556159400544,545.5781159902045,539.6648656247924,533.8157060446575,528.0299426015944,522.3068881763442,516.6458630969922,511.04619505825093,505.50721904161577
77,5107.82,5077.69,4867.07,4808.62,4888.4,4783.92,4628.67,4541.96,4631.96,4499.83,4516.12,4369.33,4528.3,4252.26,4196.52,4108.28,4270.03,4119.59,4073.14,3983.34,3864.3,3818.32,3843.21,3582.09,3509.28,3370.75,3284.47,3212.72,2982.78,2953.95,2879.74,2863.62,2851.43,2776.28,2753.07,2784.41,2760.08,2813.5,2637.17,2937.92,2774.64,2758.03,2594.44,2545.83,2458.82,2474.8,2453.14,2433.51,2411.74,2386.76,2359.53,2331.03,2301.0,2269.25,2236.67,2204.17,2172.9,2143.59,2116.84,2092.62,2069.66,2047.12,2024.97,2003.48,1982.37,1961.09,1939.65,1918.32,1897.01,1875.79,1854.75,1834.34,1814.33,1794.26,1774.48,1754.84,1735.77,1717.44,1699.18,1680.6,1662.08,1643.85,1625.79,1607.94,1590.45,1573.17,1556.24,1539.76,1523.15,1506.41,1489.74,1473.31,1457.47,1441.86,1426.2262297322313,1410.7619729905925,1395.4653917772716,1380.3346680234622,1365.3680033732776,1350.563618970007,1335.9197552446917,1321.4346717069911,1307.1066467383177,1292.9339773872155,1278.9149791669556,1265.0479858553276,1251.3313492966008,1237.7634392056352,1224.3426429741119,1211.0673654788698,1197.936028892316,1184.947072494895,1172.0989524895895,1159.3901418184325,1146.8191299810107,1134.3844228549337,1122.084542518251,1109.9180270737943,1097.8834304754237,1085.9793223561594,1074.2042878581753,1062.5569274646375,1051.0358568333638,1039.6397066322902,1028.3671223767178,1017.2167642683274,1006.1873070359375,995.2774397779896,984.4858658067428,973.811302494155,963.2524811194376,952.8081467182617,942.4770579336007,932.2579868681876,922.1497189385761,912.15105273078,902.26079985748,892.4777848167791,882.8008448524881,873.2288298159273,863.760602029225,854.3950361501005,845.1310190381115,835.9674496223521,826.9032387705854,817.9373091597957,809.0685951481435,800.2960426483083,791.6186090022068,783.0352628570672,774.5449840428487,766.1467634509893,757.8396029144689,749.6225150891727,741.4945233365399,733.4546616074872,725.5019743275881,717.6355162834991,709.8543525106171,702.1575581819537,694.5442184982161,687.0134285790783,679.5642933556327,672.1959274640063,664.9074551401317,657.6980101156581,650.5667355149918,643.5127837534521,636.5353164365325,629.6335042602532,622.8065269125947,616.0535729760002,609.3738398309341,602.7665335604885,596.2308688560207,589.7660689238171,583.3713653927671,577.0459982230384,570.7892156157435,564.6002739235846
78,5650.39,5641.91,5495.91,5331.95,5351.01,5280.42,5148.09,5011.59,5104.29,4939.46,5021.23,4765.17,4939.05,4692.93,4744.94,4725.27,4464.68,4635.57,4624.06,4360.97,4208.81,4300.31,4226.51,4060.13,3993.8,3791.59,3635.9,3634.52,3397.04,3367.79,3221.93,3219.0,3165.9,3019.75,3126.53,3156.46,3187.91,3140.93,2982.91,3314.32,3170.88,3062.53,3040.31,2783.26,2766.65,2764.44,2732.93,2709.21,2687.49,2663.5,2636.05,2606.49,2575.89,2543.67,2509.71,2474.87,2440.14,2406.85,2375.46,2346.6,2320.19,2294.79,2269.67,2244.97,2221.02,2197.44,2173.71,2149.99,2126.26,2102.62,2079.14,2055.99,2033.48,2011.15,1988.91,1966.96,1945.31,1924.24,1903.82,1883.44,1862.88,1842.51,1822.51,1802.43,1782.57,1763.34,1744.21,1725.45,1707.1,1688.68,1670.17,1651.61,1633.58,1616.17,1598.6371617871703,1581.294526594937,1564.1400310272538,1547.171634072595,1530.387316861117,1513.7850824244595,1497.3629554581482,1481.1189820865768,1465.051229630539,1449.1577863772798,1433.4367613530464,1417.8862840981008,1402.5045044441767,1387.2895922943505,1372.2397374052985,1357.3531491719175,1342.628056414283,1328.0627071669157,1313.6553684703365,1299.4043261648824,1285.3078846867584,1271.3643668663015,1257.5721137284363,1243.9294842952909,1230.4348553909563,1217.086621448366,1203.883194318266,1190.8230030802606,1177.904493855908,1165.1261296238401,1152.4863900368937,1139.9837712412195,1127.616785697357,1115.3839620032516,1103.283844719186,1091.3149941946183,1079.4759863968932,1067.7654127418125,1056.1818799260461,1044.724009761357,1033.3904390106286,1022.1798192256687,1011.0908165867735,1000.1221117440317,989.2723996603513,978.540389456188,967.9248042559585,957.4243810361211,947.0378704749023,936.7640368036552,926.6016576598303,916.5495239415395,906.6064396637018,896.7712218157445,887.0427002208521,877.4197173967409,867.9011284179428,858.4858007795855,849.1726142626471,839.9604608006769,830.848244347957,821.834880749099,812.9192976100516,804.1004341705097,795.3772411777072,786.7486807615779,778.2137263112726,769.7713623530138,761.4205844292776,753.1603989792836,744.989823220784,736.9078850331339,728.9136228416289,721.0060855031003,713.1843321927483,705.4474322922053,697.7944652788124,690.2245206160965,682.7366976454374,675.3301054789084,668.0038628932801,660.757098225174,653.5889492673533,646.49856316614,639.4850963199426,632.5477142788867
79,6231.0,6312.99,6098.24,5887.55,5992.22,6006.71,5722.2,5641.35,5733.1,5526.65,5481.96,5347.62,5516.55,5135.11,5326.07,5298.73,5072.36,4745.59,5069.73,4814.13,4718.8,4692.84,4815.51,4379.95,4449.72,4298.17,4184.25,4112.03,3903.38,3791.93,3593.13,3663.24,3608.87,3493.95,3560.86,3416.38,3468.61,3505.84,3461.92,3802.74,3549.45,3453.62,3375.24,3258.35,3122.96,3108.7,3061.83,3027.56,3001.55,2977.55,2950.88,2921.03,2889.04,2855.76,2821.0,2784.37,2747.09,2710.11,2674.33,2640.58,2609.17,2580.02,2551.98,2524.25,2496.75,2469.82,2443.56,2417.13,2390.48,2364.11,2338.04,2312.07,2286.37,2261.25,2236.51,2211.82,2187.37,2163.25,2139.86,2117.35,2094.71,2071.81,2049.22,2026.81,2004.55,1982.67,1961.19,1939.98,1919.12,1898.69,1878.24,1857.57,1837.11,1817.16,1797.4266699478803,1777.9076327015375,1758.6005611622772,1739.5031535023802,1720.6131328906754,1701.9282472210903,1683.4462688441506,1665.1649943013963,1647.08224406268,1629.1958622663194,1611.5037164620703,1594.003697356893,1576.6937185634777,1559.5717163515,1542.6356494015808,1525.8834985619148,1509.3132666075435,1492.922978002242,1476.7106786629918,1460.674435727011,1444.8123373213148,1429.1224923347775,1413.603030192671,1398.2521006336513,1383.0678734891655,1368.0485384652573,1353.1923049267382,1338.4974016837061,1323.9620767803794,1309.5845972862253,1295.363249089357,1281.2963366921729,1267.382183009218,1253.6191291672353,1240.0055343073948,1226.5397753896643,1213.2202469993097,1200.045361155492,1187.0135471219469,1174.1232512197178,1161.3729366419223,1148.7610832705325,1136.2861874951425,1123.9467620337045,1111.7413357552136,1099.6684535043153,1087.7266759278198,1075.9145793030984,1064.2307553683454,1052.6738111546822,1041.242368820084,1029.935065485112,1018.7505530704268,1007.6874981360688,996.7445817224816,985.9204991932647,975.2139600796306,964.6236879265532,954.1484201405862,943.7869078393343,933.5379157025588,923.4002218248999,913.3726175701994,903.4539074274045,893.6429088680359,883.9384522052053,874.3393804541623,864.8445491943569,855.452826432999,846.1630924701003,836.9742397649809,827.8851728042265,818.8948079710791,810.0020734162459,801.2059089301115,792.505265816337,783.899106766833,775.3864057380894,766.9661478288482,758.6373291591055,750.3989567504265,742.2500484075604,734.1896326013417,726.2167483528624,718.3304451189015,710.5297826786004
80,7070.2,7104.71,6806.98,6557.8,6797.89,6587.22,6323.5,6191.0,6491.07,6078.58,6176.18,5922.78,6125.18,5839.32,5878.36,5829.51,5793.77,5550.75,5294.44,5501.9,5330.07,5339.0,5300.37,4967.75,4930.45,4755.4,4763.5,4678.81,4402.86,4225.38,4109.18,4185.31,4101.28,3966.5,4122.73,3960.77,3904.61,3890.43,3832.71,4280.26,4051.25,3922.09,3908.55,3609.79,3532.4,3517.0,3453.09,3402.57,3365.48,3336.88,3310.21,3280.83,3247.96,3212.82,3176.69,3138.95,3099.43,3059.41,3019.62,2981.15,2944.55,2910.28,2878.24,2847.24,2816.31,2785.27,2755.22,2725.82,2696.04,2666.5,2637.25,2608.14,2579.21,2550.55,2522.61,2495.2,2467.66,2440.43,2413.76,2387.68,2362.33,2337.03,2311.65,2286.48,2261.62,2236.81,2212.38,2188.59,2164.89,2141.48,2118.65,2095.91,2073.01,2050.25,2028.013127672692,2006.0174349531885,1984.2603060238348,1962.7391534379562,1941.4514178121506,1920.394567521913,1899.5660984005663,1878.963533441456,1858.584422503373,1838.426342019173,1818.4868947075572,1798.763709287977,1779.2544401986308,1759.9567673175225,1740.8683956865402,1721.987055238533,1703.3105005273435,1684.8365104607713,1666.5628880364313,1648.4874600804767,1630.6080769891573,1612.9226124731788,1595.4289633048363,1578.1250490678904,1561.0088119101538,1544.0782162987655,1527.3312487781152,1510.7659177303958,1494.3802531387514,1478.172306352995,1462.1401498578684,1446.2818770438114,1430.5956019802227,1415.0794591911763,1399.731603433571,1384.5502094776875,1369.5334718901238,1354.6796048190856,1339.9868417820073,1325.4534354554721,1311.0776574674144,1296.8577981915755,1282.7921665441863,1268.8790897828578,1255.1169133076512,1241.5040004643067,1228.038732349605,1214.719507618842,1201.5447422953885,1188.5128695823191,1175.622339676081,1162.871619582186,1150.2591929328999,1137.78355980691,1125.4432365509479,1113.2367556033485,1101.1626653195206,1089.2195297993117,1077.4059287162447,1065.720457148608,1054.1617254123737,1042.7283588959347,1031.418997896626,1020.2322974590271,1009.1669272150118,998.2215712255364,987.3949278241429,976.6857094621594,966.092642555579,955.6144673336013,945.2499376888137,934.9978210290005,924.8568981305574,914.8259629934964,904.9038226980236,895.0892972626725,885.3812195039749,875.7784348976556,866.2798014413314,856.8841895186993,847.590481765198,838.3975729351264,829.3043697702035,820.309790869553,811.4127665610995,802.6122387743579
81,7905.61,7700.32,7591.88,7175.88,7494.0,7336.42,6910.39,6980.16,7041.45,6747.51,6767.14,6629.97,6757.44,6387.92,6516.63,6522.14,6372.1,6284.06,6193.31,5525.14,6098.45,5933.45,5855.76,5626.43,5563.05,5363.08,5289.01,5291.01,4888.21,4819.65,4586.99,4742.29,4596.7,4430.1,4694.5,4379.77,4397.48,4506.88,4287.99,4861.82,4614.5,4527.8,4290.89,4212.28,4018.99,3996.35,3917.96,3849.51,3795.2,3754.98,3723.22,3693.19,3660.36,3623.99,3585.65,3546.12,3504.7,3461.96,3418.88,3375.94,3334.29,3294.43,3256.8,3221.35,3186.75,3151.83,3117.14,3083.55,3050.43,3017.27,2984.28,2951.55,2919.06,2886.79,2854.86,2823.7,2792.89,2762.14,2731.88,2702.08,2672.95,2644.58,2616.41,2588.1,2559.95,2532.1,2504.41,2477.05,2450.36,2423.94,2397.8,2372.29,2346.82,2321.21,2296.0839927785505,2271.2299627754023,2246.6449659650025,2222.3260901894937,2198.2704548137554,2174.475210384191,2150.9375382911985,2127.654650435299,2104.6237888968826,2081.842225609521,2059.3072620368225,2037.0162288527845,2014.9664856256036,1993.155420504909,1971.580449912383,1950.2390182357285,1929.1285975259507,1908.246687197914,1887.5908137341426,1867.1585303918228,1846.947416912984,1826.9550792378088,1807.1791492210534,1787.6172843515324,1768.2671674746427,1749.126506517892,1730.1930342193934,1711.4645078593064,1692.938708994177,1674.6134431941591,1656.4865397830795,1638.5558515813125,1620.8192546514438,1603.274648046683,1585.9199535620016,1568.7531154879628,1551.7721003672189,1534.974896753642,1518.3595149740636,1501.923986892591,1485.6663656774786,1469.5847255705187,1453.6771616589308,1437.9417896497205,1422.3767456464798,1406.980185928602,1391.7502867328901,1376.6852440375264,1361.7832733483817,1347.0426094876364,1332.4615063846916,1318.0382368693417,1303.7710924671871,1289.6583831972598,1275.6984373718426,1261.8896013984508,1248.230239583962,1234.7187339408629,1221.3534839955942,1208.132906598971,1195.055435738654,1182.1195223536515,1169.3236341508286,1156.6662554234042,1144.1458868714096,1131.7610454240944,1119.5102640642515,1107.3920916544457,1095.4050927651226,1083.547847504578,1071.8189513507675,1060.2170149849387,1048.7406641270607,1037.3885393730384,1026.1592960336868,1015.05160397545,1004.0641474628419,993.1956250025951,982.4447491894945,971.8102465538818,961.2908574108093,950.8853357108264,940.5924488923823,930.4109777358257,920.3397162189849,910.3774713743112
82,8714.57,8748.47,8502.34,7974.6,8286.5,8146.27,7767.05,7784.84,7861.23,7529.16,7546.86,7249.41,7529.81,7139.74,7182.65,7210.21,7230.25,7049.22,7130.31,6612.86,6155.37,6804.45,6712.76,6275.21,6150.24,5902.55,5918.7,5859.38,5508.95,5471.95,5232.39,5239.92,5301.14,5049.28,5306.88,5049.37,5047.24,4950.33,4829.0,5405.21,5146.0,5061.27,5016.05,4697.91,4584.82,4551.61,4461.27,4377.54,4304.43,4246.24,4202.08,4166.55,4132.7,4096.13,4056.2,4013.8,3970.09,3924.88,3878.26,3831.44,3785.04,3739.49,3695.62,3654.22,3614.86,3576.05,3536.99,3498.15,3460.44,3423.37,3386.23,3349.29,3312.63,3276.24,3240.11,3204.43,3169.5,3135.0,3100.59,3066.83,3033.57,3000.71,2968.95,2937.46,2905.63,2874.06,2842.92,2811.79,2781.2,2751.39,2721.65,2692.35,2663.74,2635.27,2606.816334726927,2578.6698907509026,2550.8273509272117,2523.2854339271767,2496.0408938514406,2469.0905198474293,2442.431135730942,2416.0595996118273,2389.9728035237035,2364.167673057675,2338.6411670000025,2313.390276973688,2288.4120270839267,2263.703473567391,2239.2617044452977,2215.0838391802217,2191.1670283366166,2167.508453245,2144.1053256697655,2120.954887480578,2098.054410327322,2075.4011953185573,2052.992572703444,2030.8259015571064,2008.8985694693915,1987.2079922369876,1965.7516135588687,1944.5269047350262,1923.531364368455,1902.7625180703535,1882.217918168513,1861.895143418849,1841.7917987200517,1821.9055148313148,1802.233948093115,1782.774780151003,1763.525717682378,1744.484492126215,1725.648859415705,1707.0165997137865,1688.5855171515311,1670.353439569352,1652.318218261011,1634.4777277203837,1616.8298653909646,1599.3725514180728,1582.1037284037363,1565.02136116422,1548.1234364901732,1531.407962909367,1514.872970451994,1498.5165104184996,1482.3366551499232,1466.331497800717,1450.499152114019,1434.8377521993502,1419.3454523127168,1404.0204266390804,1388.8608690771814,1373.8649930266852,1359.0310311776245,1344.3572353021175,1329.8418760483335,1315.4832427366823,1301.2796431582078,1287.2294033751543,1273.330867523688,1259.5823976187482,1245.9823733610067,1232.5291919459096,1219.2212678747821,1206.0570327679732,1193.0349351800162,1180.1534404167871,1167.4110303546363,1154.8062032614716,1142.3374736197763,1130.0033719515357,1117.8024446450538,1105.7332537836419,1093.794376976155,1081.9844071893594,1070.3019525821085,1058.7456363413107,1047.3140965196671,1036.0059858751633
83,9865.38,9440.38,9478.17,8918.72,9191.6,9034.54,8558.52,8636.64,8651.77,8406.38,8222.14,8068.5,8421.23,7884.74,7955.24,8088.04,7908.06,7797.1,7760.52,7633.18,7280.74,6733.05,7597.41,6964.69,6978.7,6644.63,6662.13,6627.75,6282.44,6200.09,5962.09,6064.39,5932.41,5786.87,6025.73,5831.25,5759.82,5775.78,5495.4,6059.76,5815.6,5648.62,5677.69,5420.12,5229.99,5187.55,5087.81,4991.48,4902.29,4824.57,4761.76,4713.34,4673.57,4635.67,4594.97,4550.47,4503.35,4455.16,4405.48,4354.54,4303.64,4252.74,4202.87,4154.86,4108.97,4065.01,4021.49,3977.59,3934.15,3891.72,3850.03,3808.41,3766.85,3725.79,3685.16,3644.7,3604.61,3565.4,3526.75,3488.22,3450.35,3412.92,3376.12,3340.47,3304.95,3269.14,3233.7,3198.75,3164.05,3129.65,3096.02,3062.78,3029.96,2997.86,2965.5942065610598,2933.6756879869376,2902.1007065783906,2870.8655648648146,2839.966605171268,2809.400209190153,2779.162797557507,2749.2508294338527,2719.6608020895646,2690.389250494692,2661.4327469132013,2632.7879005015834,2604.4513569117807,2576.4197978983902,2548.689940930091,2521.2585388052566,2494.1223792717046,2467.2782846505347,2440.723111464023,2414.4537500675115,2388.4671242852687,2362.7601910502653,2337.329940047824,2312.173393363111,2287.287605132417,2262.6696611981934,2238.3166787678006,2214.225806075928,2190.394222050651,2166.8191359830776,2143.497787200555,2120.4274447433895,2097.605407045048,2075.029001615802,2052.6955847297745,2030.6025411153573,2008.7472836489596,1987.1272530520507,1965.7399175914666,1944.5827727829412,1923.653341097827,1902.949171672974,1882.46784002373,1862.2069477600305,1842.1641223055449,1822.3370166198433,1802.7233089235565,1783.3207024264918,1764.1269250586763,1745.1397292042946,1726.3568914384903,1707.7762122669997,1689.3955158685878,1671.2126498402583,1653.225484945203,1635.431914863467,1617.8298559452935,1600.4172469671287,1583.1920488902474,1566.1522446219808,1549.2958387795113,1532.6208574562108,1516.1253479904942,1499.8073787371593,1483.6650388411895,1467.6964380139905,1451.8997063120337,1436.2729939178853,1420.8144709235883,1405.5223271163798,1390.3947717667118,1375.4300334185543,1360.6263596819563,1345.9820170278379,1331.4952905849923,1317.1644839392727,1302.9879189349388,1288.9639354781432,1275.0908913425324,1261.367161976941,1247.791140315152,1234.3612365877102,1221.0758781357565,1207.933509226868,1194.9325908728792,1182.071600649666
84,10889.29,10706.17,10279.46,9972.72,10346.85,9845.76,9614.95,9426.93,9517.41,9024.7,9225.5,8956.24,9230.94,8732.3,9009.35,8901.19,8630.97,8694.92,8670.01,8473.32,8433.95,8050.92,7597.22,7947.06,7777.69,7520.09,7498.7,7399.5,6981.72,6995.61,6633.55,6921.78,6861.0,6596.01,6946.28,6555.67,6660.37,6426.15,6255.56,7049.12,6498.51,6305.45,6448.47,6217.22,5939.52,5912.23,5806.85,5700.62,5598.39,5503.68,5420.57,5353.12,5300.12,5255.62,5212.9,5167.11,5117.1,5065.04,5011.73,4957.09,4901.23,4845.04,4789.57,4735.02,4681.89,4630.72,4581.33,4532.42,4483.22,4434.16,4386.5,4339.78,4292.91,4246.29,4200.34,4154.67,4109.06,4063.97,4019.89,3976.45,3933.28,3890.85,3848.68,3807.19,3767.09,3727.04,3686.87,3647.08,3607.85,3568.76,3530.02,3492.22,3454.72,3417.62,3380.9262289991757,3344.6264259732175,3308.7163610280318,3273.191849684394,3238.0487523903466,3203.282974038829,3168.8904634904884,3134.8672131016165,3101.209258257151,3067.912676908691,3034.9735891174764,3002.388156602268,2970.15258229209,2938.2631098837674,2906.7160234042162,2875.5076467774347,2844.6343433961433,2814.0925156980206,2783.878604746494,2753.9890898160274,2724.420487981863,2695.169353714168,2666.232278476539,2637.605890328815,2609.2868535341595,2581.271868170356,2553.5576697452784,2526.141028816495,2499.0187506149455,2472.1876746726725,2445.6446744545387,2419.3866569939023,2393.410562532206,2367.713364162431,2342.292067476384,2317.1437102157684,2292.2653619270013,2267.6541236197377,2243.307127429062,2219.2215362813045,2195.3945435634473,2171.8233727960787,2148.5052773098582,2125.437539925459,2102.6174726369422,2080.042416298534,2057.7097403147623,2035.616842333923,2013.7611479448387,1992.1401103768692,1970.7512102031446,1949.5919550469855,1928.6598792914765,1907.952543792153,1887.467535592778,1867.202467644167,1847.1549785260354,1827.322732171828,1807.7034175965057,1788.2947486272542,1769.0944636370841,1750.1003252812916,1731.310120236746,1712.721658943982,1694.3327753520548,1676.141326666139,1658.1451930978358,1640.3422776181603,1622.7305057131823,1605.3078251422903,1588.0722056990517,1571.0216389746367,1554.154138123789,1537.467737633302,1520.960493092987,1504.6304809690955,1488.4757983801771,1472.494562875343,1456.6849122149108,1441.0450041534032,1425.573016224878,1410.2671455305615,1395.1256085287637,1380.1466408270473,1365.3284969766296,1350.6694502689913
85,11491.93,11978.13,11460.26,10904.82,11437.89,10954.97,10349.5,10546.4,10466.6,10123.7,10218.45,9878.93,10214.34,9675.12,9856.07,9757.46,9777.87,9373.31,9792.36,9432.69,9292.5,9394.19,9279.74,7973.16,8797.24,8434.17,8431.38,8273.7,7794.74,7816.4,7458.27,7711.86,7847.92,7311.68,7760.75,7527.92,7458.64,7370.72,7091.01,7876.8,7350.33,7289.34,7090.86,6874.65,6722.37,6733.64,6626.25,6514.22,6401.78,6293.41,6193.27,6104.99,6031.98,5973.71,5923.9,5875.46,5823.75,5768.11,5709.88,5650.82,5590.36,5528.35,5466.84,5405.89,5345.58,5286.47,5229.19,5173.82,5118.78,5063.38,5008.51,4954.95,4902.08,4849.31,4796.97,4745.17,4693.72,4642.55,4591.81,4542.06,4493.19,4444.69,4396.76,4349.19,4302.63,4257.35,4212.28,4167.04,4122.21,4077.89,4033.65,3990.1,3947.46,3905.09,3863.254455191862,3821.86709795671,3780.9231268248495,3740.417791765118,3700.3463936338208,3660.70428362957,3621.4868627539618,3582.689581278035,3544.307938214442,3506.337480795276,3468.773803955494,3431.612549821869,3394.849407207424,3358.4801111112756,3322.5004422238403,3286.906226437337,3251.693334361542,3216.8576808447197,3182.3952244996976,3148.301967235009,3114.5739537910654,3081.2072712812933,3048.198048738189,3015.5424566642378,2983.2367065876406,2951.2770506228026,2919.65978103553,2888.3812298128873,2857.4377682376553,2826.825806467357,2796.541793117789,2766.582214851011,2736.9435959677594,2707.6224980042152,2678.615519333102,2649.9192947690494,2621.5304951781923,2593.445827091944,2565.662032324913,2538.175887596912,2510.9842041590155,2484.083827423621,2457.4716365984796,2431.1445443246407,2405.0994963182816,2379.3334710163667,2353.8434792261114,2328.6265637781935,2303.6797991836866,2279.0002912946616,2254.585176968432,2230.431623735388,2206.536829470398,2182.8980220677217,2159.512459119413,2136.377427597163,2113.4902435375548,2090.8482517306875,2068.4488254121406,2046.2893659582298,2024.3673025845403,2002.6800920476753,1981.2252183502121,1960.0001924488104,1939.002551965454,1918.2298609017791,1897.6797093564717,1877.3497132456835,1857.2375140264503,1837.340778423069,1817.6571981564073,1798.1844896761143,1778.9203938956985,1759.862675930444,1741.009124838137,1722.3575533625644,1703.9057976797671,1685.6517171470064,1667.5931940544224,1649.7281333793524,1632.0544625432797,1614.5701311713904,1597.2731108547007,1580.1613949147359,1563.2329981707312,1546.4859567093226
86,13240.41,13028.72,12743.51,12061.56,12623.44,12198.51,11647.84,11610.62,11656.5,11277.07,11346.16,11007.84,11294.02,10667.67,10952.97,11042.25,10852.94,10686.14,10710.05,10296.03,10184.52,10358.41,10636.91,9600.36,8688.19,9532.82,9437.68,9244.26,8810.6,8726.02,8453.72,8801.55,8569.91,8370.58,8780.27,8532.95,8626.59,8465.41,8127.13,9020.74,8365.63,8248.18,8242.74,7731.09,7619.09,7656.13,7550.31,7436.8,7318.69,7200.36,7086.53,6980.35,6885.67,6806.92,6743.01,6687.16,6632.28,6573.95,6511.5,6446.62,6380.66,6313.32,6244.91,6176.98,6109.27,6042.12,5976.39,5912.26,5849.9,5787.94,5725.55,5663.73,5603.15,5543.74,5484.45,5425.31,5366.99,5309.14,5251.62,5194.5,5138.55,5083.54,5028.69,4974.6,4921.21,4868.76,4817.4,4766.42,4715.48,4664.85,4614.82,4565.0,4515.91,4467.82,4420.072756798875,4372.835784654622,4326.103630340329,4279.870898907298,4234.132253062224,4188.882412551038,4144.116153549336,4099.828308059314,4056.0137633131603,4012.66746118281,3969.78439759602,3927.3596219586743,3885.3882365832706,3843.86539612351,3802.7863070149306,3762.146226921519,3721.940464188236,3682.1643772993953,3642.8133743428234,3603.8829124797558,3565.368497420387,3527.2656829050397,3489.570070190865,3452.277307544033,3415.3830897373564,3378.8831575532718,3342.7732972921426,3307.04934028581,3271.7071624163473,3236.7426836399522,3202.151867515933,3167.9307207407232,3134.075292686881,3100.5816749470087,3067.446000882556,3034.6644451774346,3002.233223396411,2970.1485915482162,2938.4068456533214,2907.004321316339,2875.937393302988,2845.2024751215827,2814.796018608995,2784.7145135210367,2754.954487127228,2725.5125038098845,2696.3851646675025,2667.569107122373,2639.06100453239,2610.8575658070135,2582.955535027331,2555.3516910701796,2528.042847236289,2501.0258508823954,2474.2975830572864,2447.854958141737,2421.694923492294,2395.8144590888687,2370.210577186087,2344.880321968379,2319.8207692087435,2295.0290259311655,2270.502230076638,2246.237550172755,2222.2321850068365,2198.4833633025405,2174.988343399941,2151.744412939017,2128.748888546526,2105.9991155262264,2083.4924675524085,2061.2263463666995,2039.1981814781104,2017.4054298662898,1995.8455756879446,1974.5161299864035,1953.4146304042797,1932.5386408992085,1911.8857514626188,1891.4535778415127,1871.2397612632185,1851.2419681630827,1831.4578899150756,1811.8852425652735,1792.5217665681896,1773.365226525923
87,14425.61,13912.43,13996.4,13336.41,13925.98,13344.72,12796.08,12826.22,12827.23,12223.81,12446.9,12111.28,12799.15,11763.46,11978.72,12035.67,11897.09,11735.73,11894.13,11409.33,11381.17,11467.41,11897.28,11111.22,10646.86,9388.17,10634.51,10553.66,9887.64,9708.71,9385.85,9656.01,9870.31,9461.14,9961.39,9636.32,9626.84,9748.67,9131.73,10318.12,9407.25,9196.42,9271.06,8840.78,8638.64,8688.7,8586.29,8475.16,8356.04,8232.06,8107.9,7987.56,7874.75,7774.0,7689.02,7618.28,7555.34,7493.35,7427.34,7357.03,7284.17,7210.5,7135.73,7059.79,6983.81,6908.45,6833.99,6760.31,6688.4,6618.19,6548.05,6477.9,6408.24,6340.13,6273.1,6206.2,6139.82,6073.98,6008.86,5944.02,5879.78,5816.86,5754.75,5693.02,5632.26,5572.07,5512.53,5454.54,5396.98,5339.5,5282.49,5225.9,5169.82,5114.38,5059.854417418221,5005.910144624898,4952.54098414255,4899.740804566431,4847.503539860112,4795.823188658577,4744.69381357874,4694.109540537327,4644.064558076016,4594.553116693778,4545.569528186342,4497.108164992692,4449.163459548532,4401.729903646654,4354.8020478041135,4308.374500636159,4262.441928236832,4216.999053566175,4172.040655843966,4127.561569949927,4083.5566858303105,4040.020947910833,3996.9493545158507,3954.3369572937354,3912.1788606483747,3870.470221176733,3829.2062471124104,3788.3821977751318,3747.9933830261043,3708.035162729187,3668.5029462177954,3629.3921917675,3590.6984060742425,3552.4171437381115,3514.544006752627,3477.074643999471,3440.004750748597,3403.330068163679,3367.0463828128227,3331.149526184504,3295.635374208658,3260.4998467828805,3225.7389073036793,3191.3485622027197,3157.3248604880196,3123.6638932900323,3090.3617934125677,3057.414734888506,3024.8189325402427,2992.5706415448235,2960.666157003714,2929.1018135171553,2897.8739847630604,2866.9790830803954,2836.4135590570077,2806.1739011218447,2776.25663514152,2746.658324021184,2717.375567309648,2688.405000808713,2659.7432961866743,2631.3871605959357,2603.333336294709,2575.5786002727405,2548.1197638810304,2520.9536724655004,2494.0772050045657,2467.48727375057,2441.1808238750473,2415.15483311776,2389.4063114394835,2363.932300678488,2338.7298742106896,2313.796136613415,2289.12822333276,2264.7233003544884,2240.578563878443,2216.6912399964244,2193.058584373508,2169.677881932755,2146.546446543288,2123.6616207116876,2101.0207752766846,2078.6213091071036,2056.4606488030267,2034.5362484001453
88,15731.76,15798.56,15208.37,14514.46,15115.79,14680.08,13593.68,14037.63,14229.23,13245.58,13477.25,12986.97,13774.3,13156.59,13296.94,13205.32,13246.22,13134.05,13077.67,12699.42,12506.44,12802.88,12936.38,12403.19,12293.0,11468.61,10264.63,12281.26,11155.72,10907.18,10615.07,10916.56,10834.23,10424.89,11408.81,10818.93,11020.79,11070.81,10429.2,11503.55,10893.88,10592.51,10482.34,9920.07,9782.73,9850.17,9747.44,9640.32,9524.11,9399.11,9269.37,9138.4,9011.2,8892.24,8784.42,8691.95,8613.67,8542.54,8471.54,8396.47,8317.05,8235.44,8153.01,8069.15,7984.07,7899.62,7815.74,7732.36,7649.99,7568.97,7489.62,7410.68,7331.78,7253.41,7176.6,7101.37,7026.09,6951.15,6877.15,6803.55,6730.45,6658.28,6587.48,6517.38,6447.89,6379.37,6311.24,6244.17,6178.61,6113.71,6048.88,5984.37,5920.71,5857.47,5795.271354110316,5733.733176229945,5672.848453055219,5612.610245754555,5553.011689177653,5494.045991073107,5435.706431314305,5377.986361133561,5320.879202364383,5264.378446691772,5208.477654910496,5153.170456191236,5098.450547354516,5044.311692152361,4990.747720557563,4937.7525280605105,4885.320074973473,4833.444385742279,4782.119548265303,4731.33971321968,4681.099093394678,4631.391963032153,4582.212657173999,4533.555571016528,4485.415159271721,4437.785935535233,4390.662471661141,4344.039397143308,4297.911398503323,4252.273218684946,4207.119656454977,4162.445565810489,4118.245855392351,4074.515487904987,4031.2494795422917,3988.442899419641,3946.090869011934,3904.1885615976084,3862.73120170855,3821.71406458585,3781.1324756413396,3740.9818099248437,3701.257491597091,3661.9549934082156,3623.0698361818095,3584.5975883044375,3546.5338652205864,3508.87432893297,3471.6146875081386,3434.7506945873483,3398.2781489026092,3362.192893797889,3326.4908167553867,3291.167848926844,3256.219964669833,3221.6431810889667,3187.43355758198,3153.587195390635,3120.1002371563895,3086.968866480789,3054.189307490522,3021.7578244070987,2989.670721121093,2957.9243407709127,2926.5150653260384,2895.4393151746867,2864.693548715854,2834.274261955693,2804.1779881081734,2774.401297199985,2744.9407956796317,2715.7931260306837,2686.9549663891285,2658.4230301647917,2630.1940656667743,2602.2648557328685,2574.632217362907,2547.2930013560085,2520.244091951673,2493.4824064746886,2467.00489498381,2440.8085399241654,2414.8903557833573,2389.2473887512115,2363.8767163831435,2338.775447267094
89,17523.65,17346.9,16893.4,15618.48,16390.57,16238.34,15474.44,15242.9,15772.56,14902.4,14710.45,14415.56,15349.5,14142.18,14597.26,14636.64,14692.23,14422.5,14691.98,13876.24,13973.32,14135.82,14394.13,13416.19,13881.82,13019.74,12714.96,11541.59,12812.58,12276.5,11809.62,12429.4,12335.54,11833.73,12788.93,12263.82,12253.63,12267.31,11654.77,13273.1,12114.78,11979.43,11791.33,11269.57,11121.43,11168.9,11053.86,10947.56,10836.23,10714.45,10583.33,10446.79,10308.52,10174.2,10047.68,9932.23,9831.52,9744.07,9662.93,9581.49,9495.93,9406.02,9313.89,9220.87,9126.54,9031.47,8937.24,8843.33,8749.75,8657.15,8566.06,8476.77,8388.2,8299.36,8211.28,8125.14,8040.04,7955.21,7871.04,7787.49,7704.65,7622.64,7541.32,7461.38,7382.52,7304.22,7226.8,7150.13,7074.53,7000.59,6927.33,6854.12,6781.45,6709.78,6638.916294751698,6568.800999245819,6499.426209335375,6430.7841043510925,6362.866946219798,6295.667078592084,6229.176925979213,6163.388992899125,6098.295863031464,6033.890198381535,5970.164738453083,5907.112299429815,5844.725773365561,5782.99812738299,5721.922402880793,5661.491714749231,5601.699250593968,5542.538269968117,5484.002103612371,5426.084152703183,5368.777888108868,5312.076849653577,5255.9746453890275,5200.464950873948,5145.541508461103,5091.1981265918785,5037.428679098292,4984.227104512394,4931.58740538295,4879.503647599342,4827.969959722616,4776.98053232359,4726.5296173279485,4676.6115273682635,4627.2206351428495,4578.351372781398,4529.9982312173015,4482.15575956662,4434.818564513592,4387.981309702645,4341.638715136829,4295.7855565825885,4250.416664980839,4205.526925864256,4161.111278780709,4117.164716722801,4073.682285563426,4030.659083497279,3988.090260488277,3945.9710177228117,3904.296607068773,3863.062330540293,3822.2635397681324,3781.895635475673,3741.9540669604326,3702.4343315810656,3663.3319742497742,3624.642586930083,3586.3618081399204,3548.4853224599437,3511.008860047059,3473.9281961530787,3437.2391506484637,3400.9375875510927,3365.019414560012,3329.4805825941066,3294.3170853356432,3259.5249587786366,3225.100280781985,3191.0391706273226,3157.3377885815444,3123.992335463951,3090.999052217962,3058.3542194873576,3026.054157196991,2994.095224137933,2962.4738175569937,2931.186372750581,2900.229362662853,2869.5992974881065,2839.2927242773703,2809.3062265491526,2779.6364239042973,2750.279971644909,2721.2335603973042,2692.4939157389426
90,17304.97,18206.86,18159.56,17520.12,18209.77,17708.0,16584.52,16730.58,16741.13,16298.01,16693.08,15979.79,16595.29,15595.14,16142.3,16059.33,15858.36,15651.91,16067.92,15281.09,15089.61,15556.98,15743.46,14762.85,14720.15,14333.84,14537.15,13961.86,13036.34,13671.47,13380.16,13937.51,13710.11,13333.56,14435.51,13570.63,13644.56,13841.8,13085.77,14655.9,13676.22,13553.68,13433.61,13163.81,12699.1,12699.08,12553.52,12435.5,12325.88,12209.49,12081.76,11944.69,11800.67,11655.15,11513.83,11379.27,11255.93,11147.15,11049.95,10958.18,10865.91,10768.85,10668.08,10565.23,10461.19,10356.35,10251.17,10146.49,10042.12,9938.56,9835.68,9734.46,9635.19,9536.53,9437.84,9339.6,9243.3,9148.5,9054.08,8960.04,8867.04,8774.99,8683.19,8592.4,8503.43,8415.42,8327.69,8241.2,8155.6,8070.96,7988.32,7906.58,7824.77,7743.48,7663.3445186397885,7584.038340819178,7505.552884267881,7427.879655531534,7351.010249052569,7274.936346260584,7199.64971467214,7125.142206999859,7051.405760270754,6978.432394953678,6906.2142140958085,6834.7434024680515,6764.012225719315,6694.013029539514,6624.738238831244,6556.180356890031,6488.3319645930615,6421.185719596302,6354.734355539938,6288.970681262035,6223.8875800203205,6159.478008722046,6095.734997161794,6032.651647267194,5970.2211323524225,5908.436696379454,5847.29165322693,5786.779385966617,5726.89334614734,5667.627053086325,5608.974093167886,5550.928119149362,5493.482849474233,5436.632067592355,5380.369621287222,5324.689422010191,5269.585444221599,5215.051724738697,5161.082362090336,5107.671515878322,5054.813406145391,5002.502312749721,4950.732574745907,4899.498589772363,4848.794813445042,4798.615758757445,4748.955995486833,4699.810149606583,4651.17290270463,4603.038991407925,4555.403206812847,4508.260393921511,4461.605451083915,4415.4333294458465,4369.73903240252,4324.517615057854,4279.76418368935,4235.473895218515,4191.641956686752,4148.263624736679,4105.334205098825,4062.8490520836262,4020.803568078682,3979.1932030512226,3938.0134540557074,3897.259864746541,3856.9280248958157,3817.01356991605,3777.5121803878687,3738.4195815925673,3699.731543049514,3661.443878058344,3623.5524432458815,3586.053138117764,3548.9419046146927,3512.214726673286,3475.867629791472,3439.8966805983814,3404.297986428687,3369.067694901356,3334.2019935027524,3299.6971091740634,3265.549307902986,3231.7548943196475,3198.3102112967017,3165.2116395535654
91,19130.74,19139.1,19104.33,18941.48,19281.84,18619.81,17449.08,18155.0,18553.99,17685.16,18394.36,17182.48,17916.95,16915.83,17574.48,17542.65,17610.81,17209.73,17645.7,17138.83,16761.57,17014.82,17061.21,16380.37,16500.63,16148.18,15832.66,16477.34,14701.13,14557.15,14532.96,15447.05,15491.5,14477.5,15732.22,15137.1,15460.74,15524.61,14581.86,16545.43,15262.0,15447.05,15325.97,14834.98,14431.82,14446.26,14256.94,14107.52,13985.69,13871.69,13751.56,13619.03,13475.19,13326.09,13175.1,13026.34,12885.7,12756.25,12639.47,12533.8,12432.8,12329.94,12223.53,12113.49,12000.83,11887.92,11774.22,11659.78,11546.42,11433.69,11321.13,11209.38,11099.15,10991.35,10884.31,10776.8,10669.96,10565.05,10461.65,10358.54,10256.17,10154.89,10054.07,9953.72,9854.6,9757.02,9660.58,9564.66,9469.88,9375.86,9283.2,9192.83,9103.15,9013.18,8924.159151549304,8836.017539001903,8748.746478372115,8662.337371443735,8576.781704922918,8492.071049599419,8408.197059516124,8325.151471146783,8242.926102581852,8161.512852722399,8080.903700481944,8001.09070399621,7922.065999840659,7843.821802255763,7766.350402379928,7689.644167489992,7613.695540249227,7538.497037962766,7464.0412518403855,7390.320846266566,7317.328558077767,7245.0571958468345,7173.499639174482,7102.648837987766,7032.497811845491,6963.039649250474,6894.267506968602,6826.174609354616,6758.754247684556,6691.99977949479,6625.904627927585,6560.462281083128,6495.666291377962,6431.510274909739,6367.987910828266,6305.092940712756,6242.819167955223,6181.160457149974,6120.110733489136,6059.66398216414,5999.814247773128,5940.555633734204,5881.882301704489,5823.788471004906,5766.268418050649,5709.316475787282,5652.9270331324005,5597.0945344228085,5541.813478867157,5487.078420003996,5432.883965165163,5379.224774944489,5326.0955626717305,5273.491093891729,5221.406185848682,5169.835706975524,5118.774576388353,5068.2177633858455,5018.160286953609,4968.597215273447,4919.523665237453,4870.934801966918,4822.825838335976,4775.192034499971,4728.028697428461,4681.331180442854,4635.0948827586035,4589.315249031923,4543.987768910973,4499.1079765914965,4454.6714503768335,4410.673812242275,4367.1107274037295,4323.97790389065,4281.27109212317,4238.986084493427,4197.118714951012,4155.6648585925195,4114.620431255147,4073.9813891143153,4033.7437282852507,3993.9034844285175,3954.4567323594338,3915.3995856613533,3876.72819630276,3838.4387542581526
92,21156.71,20918.44,20661.43,19999.05,21850.72,20061.85,19658.39,20148.8,20297.19,19323.69,19781.98,18989.93,19959.28,18420.94,19200.43,19045.38,19353.47,19197.82,19619.42,18633.7,18239.21,18947.92,18982.56,18316.81,18013.78,17653.25,17981.1,18279.35,16881.62,16780.3,15675.59,17148.12,17203.83,16266.47,17708.03,16849.12,17162.79,17285.35,16312.91,18540.14,17284.72,17079.91,17509.81,16441.39,16273.94,16354.84,16118.96,15924.16,15770.48,15645.76,15529.32,15404.41,15266.85,15119.56,14965.27,14808.39,14655.69,14510.3,14374.55,14251.28,14138.01,14028.33,13917.1,13801.56,13682.89,13562.77,13441.98,13320.58,13199.1,13078.66,12958.61,12838.88,12719.56,12602.39,12487.57,12373.0,12258.14,12143.82,12031.66,11921.3,11811.25,11701.69,11592.96,11484.7,11376.75,11269.88,11165.28,11061.69,10958.35,10856.23,10754.95,10655.27,10557.65,10460.57,10363.320261303401,10266.974633154941,10171.524710227324,10076.962165335832,9983.278748711838,9890.466287283109,9798.516683960746,9707.421916932806,9617.17403896446,9527.765176704657,9439.187529999259,9351.433371210529,9264.49504454297,9178.364965375415,9093.035619599344,9008.499562963338,8924.749420423628,8841.777885500693,8759.577719641822,8678.14175158963,8597.46287675641,8517.534056604327,8438.348318031365,8359.898752762987,8282.178516749442,8205.180829568677,8128.898973834822,8053.326294612132,7978.456198834418,7904.282154729852,7830.797691251124,7757.996397510907,7685.871922222553,7614.417973146004,7543.628316538845,7473.496776612468,7404.017234993279,7335.183630188932,7266.989957059509,7199.430266293627,7132.498663889414,7066.1893106403,7000.496421625601,6935.414265705842,6870.937165022747,6807.059494503911,6743.775681372053,6681.080204658843,6618.967594723238,6557.43243277431,6496.469350398503,6436.073029091277,6376.238199793126,6316.95964242989,6258.2321854573465,6200.050705410047,6142.4101264543315,6085.305419945505,6028.7316039891375,5972.683743006431,5917.156947303635,5862.14637264546,5807.647219832471,5753.654734282377,5700.164205615257,5647.170967242608,5594.670395960223,5542.6579115448685,5491.128976354685,5440.079094933326,5389.503813617767,5339.3987201497575,5289.7594432908945,5240.581652441265,5191.861057261642,5143.593407299189,5095.774491616639,5048.400138424939,5001.466214719279,4954.968625918544,4908.903315508075,4863.266264685794,4818.053492011582,4773.261053059942,4728.885040075876,4684.92158163397
93,21827.76,22776.76,22447.64,22077.52,23303.42,22792.89,20928.27,21585.23,22183.8,21186.83,21543.14,20284.13,21856.12,20486.7,20960.67,20749.3,21116.62,21077.57,21501.1,20492.78,20432.8,20836.79,21396.58,19724.17,20454.49,19623.4,19739.66,20127.8,18162.61,18984.95,17706.76,18065.16,19008.05,17843.65,19627.29,18452.42,19023.03,19297.24,17797.07,20873.49,19416.62,19139.72,19010.92,18347.09,18255.48,18425.21,18153.94,17913.12,17714.37,17557.39,17429.81,17309.87,17181.74,17040.73,16888.89,16730.35,16570.1,16412.78,16262.55,16121.65,15992.02,15871.55,15753.43,15633.13,15509.78,15383.63,15256.17,15128.36,15000.12,14871.95,14745.03,14618.83,14492.24,14366.81,14243.1,14121.1,13999.83,13878.26,13757.7,13638.89,13521.78,13404.98,13288.71,13173.17,13057.85,12943.19,12829.75,12718.05,12607.42,12497.37,12388.48,12280.57,12173.98,12069.29,11964.12288924254,11859.872163888453,11756.529838910845,11654.087998861254,11552.538797263362,11451.874456011998,11352.08726477739,11253.169580414582,11155.113826378018,11057.912492141226,10961.558132621542,10866.043367609867,10771.36088120538,10677.503421255185,10584.463798798824,10492.234887517665,10400.809623189038,10310.181003145175,10220.34208573684,10131.285989801634,10043.005894136937,9955.49503697744,9868.746715477238,9782.754285196426,9697.511159592163,9613.010809514193,9529.24676270474,9446.212603302776,9363.901971352589,9282.308562316663,9201.426126592763,9121.24846903528,9041.769448480685,8962.982977277177,8884.883020818384,8807.463597081156,8730.71877616737,8654.642679849738,8579.22948112156,8504.473403750417,8430.36872183573,8356.909759370206,8284.09088980507,8211.906535619117,8140.351167891489,8069.4193058782075,7999.105516592368,7929.404414388006,7860.310660547587,7791.818962873087,7723.924075280648,7656.620797398747,7589.903974169881,7523.768495455722,7458.209295645701,7393.221353269016,7328.799690610014,7264.939373326924,7201.635510073915,7138.883252126447,7076.677793009881,7015.014368131339,6953.8882544147555,6893.29476993911,6833.229273579838,6773.687164653324,6714.663882564526,6656.154906457665,6598.1557548699375,6540.66198538827,6483.669194309056,6427.173016300852,6371.169124070019,6315.653228029276,6260.621075969141,6206.068452732236,6151.99117989043,6098.385115424795,6045.246153408343,5992.5702236915495,5940.353291590587,5888.5913575783,5837.280456977861,5786.4166596591,5735.996069737474,5686.014825275667
94,23491.23,24780.15,24643.23,23774.22,23967.32,24061.5,23186.77,22609.01,24101.83,22653.13,23427.12,21727.71,23428.27,22070.26,23757.68,23006.06,23023.59,22923.5,23266.77,22295.4,21922.33,22160.03,22906.76,22391.94,22045.46,21302.42,21443.81,22043.39,20157.02,20874.9,20034.85,20492.48,20308.33,19645.17,22189.44,20166.6,21047.91,21391.48,19881.94,22378.0,21185.43,20963.8,20949.29,20061.17,20364.77,20675.22,20387.1,20112.2,19866.65,19665.32,19506.89,19376.6,19253.11,19121.66,18977.73,18823.48,18662.28,18497.61,18336.87,18183.2,18037.06,17901.48,17774.17,17648.31,17520.05,17388.66,17255.46,17121.03,16987.08,16853.55,16719.61,16586.77,16454.01,16321.81,16190.67,16060.63,15932.69,15805.5,15677.99,15551.03,15426.04,15302.45,15179.18,15056.47,14934.33,14812.95,14692.29,14572.5,14454.2,14337.27,14220.92,14105.77,13991.12,13877.61,13764.924382817928,13653.15376817013,13542.290726274012,13432.327887676496,13323.257942764167,13215.073641277359,13107.767791828217,13001.33326142266,12895.762974986217,12791.049914893734,12687.187120502876,12584.16768769144,12481.984768398406,12380.631570168724,12280.101355701798,12180.387442403638,12081.483201942636,11983.382059808957,11886.07749487752,11789.563038974506,11693.8322764474,11598.878843738516,11504.696428961995,11411.278771484232,11318.619661507702,11226.71293965818,11135.552496575305,11045.132272506466,10955.446256903993,10866.488488025614,10778.25305253816,10690.734085124473,10603.92576809354,10517.822330993744,10432.4180502293,10347.707248679792,10263.684295322772,10180.343604859472,10097.679637343512,10015.686897812648,9934.359935923503,9853.69334558926,9773.681764620302,9694.319874367771,9615.602399370016,9537.52410700192,9460.079807127056,9383.264351752696,9307.072634687594,9231.499591202573,9156.540197693841,9082.18947134906,9008.442469816124,8935.294290874617,8862.740072109955,8790.774990590155,8719.39426254524,8648.593143049251,8578.366925704828,8508.71094233036,8439.620562649683,8371.091193984279,8303.11828094799,8235.697305144204,8168.823784865502,8102.493274795743,8036.701365714572,7971.443684204314,7906.715892359271,7842.513687497351,7778.83280187407,7715.669002398848,7653.018090353626,7590.875901113758,7529.238303871183,7468.101201359826,7407.460529583243,7347.312257544476,7287.652386978088,7228.4769520843965,7169.782019265847,7111.563686865535,7053.8180849078435,6996.541374841204,6939.72974928292,6883.3794317660895
95,25637.62,25345.9,25526.27,25302.45,26110.22,25790.98,23640.03,24788.51,25207.85,25022.37,25144.08,24682.75,25201.62,23581.21,24740.11,24747.19,24627.82,24379.58,24803.17,24977.14,24314.07,24065.04,24972.51,23481.58,24316.27,23350.28,23680.71,23803.93,22328.86,22322.78,22490.28,22744.22,23149.91,21282.38,23222.89,22740.4,23648.55,23473.75,22268.87,24832.12,23562.37,22948.44,23054.58,21747.39,22633.36,23099.93,22800.89,22510.78,22234.53,21988.97,21786.28,21625.32,21492.65,21367.06,21232.98,21087.34,20931.53,20767.09,20599.94,20437.38,20280.36,20129.79,19989.82,19855.93,19722.5,19587.29,19448.94,19309.08,19169.73,19031.6,18892.25,18752.8,18614.93,18476.92,18339.64,18203.37,18068.31,17934.87,17802.3,17669.6,17536.78,17406.39,17277.36,17148.12,17020.05,16892.7,16765.71,16639.4,16513.43,16389.31,16266.77,16144.34,16022.71,15902.24,15782.74292400151,15664.143806477563,15546.435899736505,15429.612506792088,15313.666980982429,15198.592725591869,15084.383193475629,14971.031886687335,14858.532356109297,14746.878201085603,14636.063069057938,14526.080655204174,14416.924702079637,14308.58899926111,14201.067382993475,14094.353735839035,13988.441986329459,13883.326108620351,13779.000122148409,13675.458091291148,13572.694125029215,13470.702376611202,13369.477043221004,13269.012365647666,13169.302627957712,13070.34215716994,12972.125322932648,12874.646537203318,12777.900253930655,12681.880968739068,12586.583218615488,12492.001581598552,12398.13067647012,12304.965162449118,12212.499738887662,12120.729144969484,12029.648159410626,11939.251600162357,11849.534324116361,11760.491226812106,11672.117242146427,11584.4073420853,11497.356536377763,11410.959872271998,11325.212434233546,11240.109343665636,11155.64575863162,11071.816873579486,10988.617919068458,10906.044161497619,10824.090902836615,10742.753480358348,10662.027266373687,10581.907667968193,10502.39012674078,10423.470118544394,10345.143153228584,10267.404774384055,10190.250559089114,10113.676117658026,10037.677093391263,9962.249162327635,9887.388032998273,9813.08944618247,9739.349174665347,9666.163022997354,9593.526827255568,9521.436454806773,9449.88780407236,9378.876804294941,9308.399415306769,9238.451627299846,9169.029460597809,9100.128965429489,9031.746221704205,8963.877338788712,8896.518455285861,8829.665738814896,8763.315385793408,8697.46362122094,8632.1066984642,8567.240899043903,8502.8625324232,8438.967935797713,8375.553473887137,8312.615538728413
96,26941.61,27803.21,27417.16,27318.09,28178.02,27338.3,26338.96,26639.67,27075.62,26767.48,27243.66,25654.17,28151.78,26126.32,27239.6,26845.59,26625.19,26310.13,27373.96,26742.07,26098.46,26412.81,26913.4,25579.14,25704.95,25426.02,26269.57,26064.89,23559.62,24885.66,23654.11,25736.05,26304.37,24111.93,24933.62,24676.83,26301.62,25457.7,24345.71,27701.22,25163.18,25340.51,25083.34,23979.28,25084.8,25700.77,25388.67,25089.53,24801.09,24525.18,24279.68,24078.59,23917.31,23782.97,23655.28,23521.01,23373.28,23214.02,23048.69,22881.05,22717.29,22558.24,22405.35,22260.82,22121.41,21982.41,21841.05,21696.74,21551.91,21408.53,21265.64,21122.64,20979.97,20837.64,20695.48,20554.58,20414.29,20274.02,20136.19,19999.22,19861.64,19725.35,19590.42,19456.42,19323.32,19190.24,19057.37,18925.46,18794.03,18663.2,18534.24,18406.59,18278.81,18152.67,18027.19973612968,17902.59671587233,17778.854944887436,17655.96847026706,17533.93138024943,17412.737803934546,17292.381911001754,17172.85791142926,17054.160055215576,16936.282632102917,16819.219971302482,16702.966441221663,16587.516449193103,16472.864441205656,16359.004901637209,16245.932352989312,16133.641355623698,16022.126507500578,15911.382443918767,15801.403837257596,15692.185396720635,15583.721868081131,15476.008033429274,15369.038710921153,15262.808754529486,15157.31305379604,15052.546533585804,14948.504153842812,14845.180909347697,14742.57182947689,14640.6719779635,14539.47645265985,14438.980385301636,14339.178941273727,14240.067319377593,14141.640751600326,14043.894502885261,13946.823870904187,13850.424185831129,13754.690810117694,13659.619138269969,13565.204596626962,13471.442643140583,13378.328767157123,13285.85848920027,13194.027360755605,13102.830964056597,13012.26491187208,12922.32484729519,12833.006443533754,12744.30540370217,12656.217460614656,12568.738376579999,12481.863943197668,12395.589981155368,12309.912340027988,12224.826898077918,12140.329562056784,12056.416267008515,11973.082976073798,11890.32568029587,11808.140398427653,11726.52317674024,11645.470088832679,11564.977235443082,11485.040744261058,11405.6567697414,11326.821492919109,11248.531121225658,11170.781888306556,11093.570053840134,11016.891903357637,10940.743748064502,10865.121924662923,10790.022795175602,10715.442746770745,10641.378191588252,10567.825566567119,10494.781333274019,10422.241977733092,10350.204010256877,10278.663965278452,10207.618401184696,10137.063900150737,10066.997067975517,9997.41453391851
97,28999.08,29510.99,30127.36,26945.16,28830.62,29191.27,26856.87,29003.12,28390.18,27900.09,28014.26,28389.35,29333.62,28538.93,28556.43,27692.35,28733.19,28678.84,29125.94,28266.91,28115.13,27753.96,29649.56,27947.15,27653.48,27230.54,27081.41,28078.71,25377.97,26516.97,26189.76,26763.23,27411.89,26369.43,28454.62,26093.63,27056.23,28583.23,26499.86,29776.57,27993.93,27467.31,27546.54,25999.47,27677.86,28453.13,28138.45,27828.52,27531.0,27245.16,26971.01,26728.98,26530.47,26369.2,26233.89,26104.57,25967.99,25820.56,25663.02,25495.28,25327.63,25165.85,25006.48,24851.56,24704.23,24560.82,24416.17,24268.83,24121.45,23975.01,23827.58,23682.07,23537.4,23391.88,23247.13,23103.39,22959.76,22815.2,22671.5,22531.13,22391.54,22251.1,22111.37,21973.24,21835.8,21698.42,21561.74,21425.56,21290.02,21155.01,21020.92,20888.66,20756.57,20625.45,20495.304072010524,20365.97936065255,20237.470684075473,20109.772893126,19982.880871141824,19856.789533746618,19731.493828646308,19606.98873542663,19483.269265351973,19360.33046116549,19238.16739689046,19116.775177632935,18996.148939385563,18876.283848832743,18757.175103156933,18638.81792984622,18521.20758650308,18404.339360654372,18288.208569562514,18172.810560037833,18058.140708252144,17944.194419553474,17830.96712828194,17718.45429758685,17606.65141924487,17495.554013479425,17385.157628781188,17275.4578417297,17166.45025681616,17058.130506267273,16950.49424987026,16843.53717479894,16737.25499544094,16631.64345322595,16526.69831645511,16422.41538013143,16318.790465791337,16215.819421337217,16113.498120871058,16011.82246452914,15910.788378317739,15810.391813949915,15710.628748683279,15611.49518515882,15512.987151240735,15415.10069985727,15317.83190884257,15221.176880779514,15125.131742843565,15029.692646647582,14934.855768087618,14840.61730718971,14746.9734879576,14653.92055822145,14561.454789487494,14469.572476788637,14378.269938536008,14287.54351637145,14197.389575020925,14107.804502148854,14018.784708213389,13930.326626322561,13842.426712091394,13755.081443499848,13668.287320751733,13582.04086613445,13496.338623879657,13411.177160024808,13326.553062275536,13242.462939868952,13158.90342343777,13075.871164875305,12993.362837201314,12911.375134428692,12829.904771431013,12748.948483810887,12668.503027769171,12588.565179974988,12509.131737436577,12430.199517372952,12351.765357086371,12273.826113835617,12196.378664710066,12119.41990650456,12042.946755595069,11966.956147815126
98,29670.59,31033.43,30127.29,30047.62,30348.44,29196.89,28760.0,29351.76,30058.89,28721.45,29610.03,28441.68,31174.77,29917.85,30102.1,30230.37,29887.56,29777.31,31898.68,29811.69,30618.83,29987.31,31274.21,29279.21,30563.67,29025.01,29579.51,31779.05,28096.51,28168.95,28009.22,29376.45,29416.58,28413.28,31313.39,28709.85,28856.49,29811.34,29474.83,33163.47,30739.76,29715.96,30026.67,28747.17,30311.05,31298.05,31003.48,30691.58,30385.58,30093.14,29812.36,29544.08,29306.99,29110.12,28951.64,28817.91,28690.26,28555.09,28406.21,28245.9,28082.86,27920.37,27757.92,27597.27,27443.7,27296.19,27149.61,27001.38,26853.65,26706.31,26558.23,26411.31,26264.47,26117.38,25971.14,25826.36,25680.82,25535.22,25390.12,25245.64,25103.63,24961.93,24820.82,24680.05,24538.66,24399.41,24261.42,24122.34,23983.75,23846.6,23710.6,23574.99,23439.3,23304.78,23171.5403413476,23039.06244945026,22907.34196908374,22776.374569923806,22646.155946403836,22516.68181757328,22387.94792695693,22259.95004241499,22132.683956003926,22006.14548383816,21880.33046595249,21755.23476616536,21630.85427194286,21507.18489426354,21384.222567483986,21261.963249205142,21140.402920139437,21019.537583978636,20899.363267262474,20779.876019248008,20661.071911779767,20542.947039160583,20425.4975180232,20308.719487202623,20192.60910760916,20077.162562102225,19962.376055364843,19848.245813778885,19734.768085301006,19621.939139339287,19509.755266630615,19398.212779118712,19287.30800983291,19177.037312767596,19067.397062762342,18958.383655382735,18849.993506801868,18742.223053682545,18635.06875306011,18528.527082225984,18422.594538611866,18317.26763967456,18212.54292278151,18108.41694509695,18004.886283468735,17901.94753431579,17799.597313516224,17697.832256296075,17596.649017118692,17496.044269574755,17396.014706272923,17296.557038731076,17197.66799726824,17099.34433089708,17001.582807217022,16904.380212307995,16807.73335062476,16711.639044891872,16616.09413599921,16521.095482898145,16426.639962498255,16332.724469564655,16239.345916615928,16146.501233822608,16054.18736890627,15962.401287039173,15871.139970744502,15780.400419797168,15690.179651125167,15600.47469871151,15511.282613496733,15422.600463281922,15334.42533263233,15246.754322781535,15159.584551536134,15072.913153181,14986.737278385053,14901.054094107616,14815.86078350525,14731.154545839172,14646.932596383169,14563.192166332048,14479.930502710622,14397.144868283196,14314.832541463584,14232.990816225634
99,30944.31,30429.16,30335.86,32132.54,32319.49,31006.55,29171.03,31869.33,32566.13,32989.03,32268.91,30673.33,33050.88,29990.55,32742.99,32453.51,32621.86,31981.01,32389.85,31659.9,31656.37,32484.95,32355.7,31437.63,32646.92,30457.58,31397.97,32716.05,29715.17,30519.47,30241.74,31942.41,32233.46,30587.89,33585.4,31788.08,32781.74,30152.07,30979.67,35088.23,32422.99,31351.23,32632.33,29884.97,32941.46,34171.19,33923.47,33633.69,33332.77,33036.25,32754.3,32478.35,32219.02,31991.97,31800.8,31647.42,31516.24,31387.37,31250.54,31103.74,30950.05,30792.97,30632.43,30471.69,30316.42,30165.44,30016.67,29869.81,29722.68,29576.42,29431.46,29286.2,29137.29,28990.36,28846.05,28701.49,28555.98,28411.1,28269.12,28124.46,27979.7,27837.96,27697.95,27556.82,27414.36,27274.18,27136.18,26997.49,26858.61,26720.44,26583.37,26447.14,26309.93,26172.5,26037.95183937936,25904.09536688658,25770.9270266762,25638.44328118272,25506.640611026654,25375.515514920997,25245.064509578246,25115.28412961786,24986.170927474206,24857.72147330496,24729.93235490002,24602.800177590834,24476.32156416025,24350.493154752778,24225.31160678535,24100.77359485853,23976.87581066815,23853.614962917458,23730.987777229675,23608.990996061002,23487.621378614094,23366.875700751967,23246.75075491235,23127.24335002249,23008.350311414353,22890.06848074032,22772.39471588927,22655.325890903117,22538.85889589377,22422.990636960516,22307.71803610783,22193.03803116363,22078.947575697894,21965.443638941768,21852.52320570704,21740.183276306037,21628.42086647195,21517.23300727956,21406.616745066352,21296.569141354074,21187.087272770656,21078.168230972577,20969.80912256758,20862.00706903783,20754.759206663435,20648.06268644638,20541.914674034844,20436.31234964789,20331.252908000588,20226.733558229476,20122.751523818413,20019.304042524844,19916.388366306408,19814.001761247935,19712.141507488835,19610.804899150833,19509.98924426609,19409.691864705692,19309.910096108517,19210.641287810446,19111.882802773944,19013.63201751803,18915.886322048555,18818.643119788903,18721.899827510984,18625.653875266627,18529.902706319303,18434.643777076217,18339.87455702073,18245.592528645127,18151.79518738377,18058.480041546532,17965.644612252632,17873.286433364767,17781.403051423604,17689.99202558262,17599.050927543227,17508.57734149031,17418.568864028024,17329.023104115946,17239.937683005566,17151.310234177105,17063.13840327664,16975.419848053552,16888.152238298324,16801.333255780628
100,33951.22,35382.09,34501.91,32508.24,35836.29,33745.68,33058.78,34706.81,35946.46,31995.85,34967.4,31962.03,36006.44,32438.49,34197.04,34628.8,36065.73,36661.83,35363.33,33405.08,34885.35,34653.29,35684.15,32973.58,33527.84,33607.6,34620.15,34419.4,31715.47,33896.03,32064.69,33654.49,34218.1,31338.73,36288.98,33731.14,35641.78,35418.73,31440.37,37363.81,35075.06,35978.95,34185.92,33123.58,35920.32,37263.59,37075.98,36820.05,36529.42,36238.9,35958.03,35686.4,35429.38,35183.37,34966.04,34797.3,34656.51,34531.11,34408.96,34276.59,34130.42,33980.76,33834.29,33682.9,33527.96,33376.56,33226.88,33081.03,32938.72,32798.33,32658.98,32515.58,32370.73,32227.33,32084.37,31945.29,31804.32,31662.26,31524.03,31385.13,31244.92,31105.22,30967.76,30829.74,30691.53,30552.99,30417.17,30283.22,30147.03,30011.07,29876.2,29740.5,29605.51,29471.3,29338.792557986017,29206.880889561566,29075.56231603808,28944.83417077077,28814.693799104516,28685.138558319904,28556.165817579604,28427.772957874924,28299.957371972632,28172.716464362016,28046.047651202167,27919.94836026953,27794.416030905653,27669.44811396518,27545.042071764117,27421.195378028282,27297.905517841995,27175.169987597026,27052.986294941744,26931.351958730516,26810.26450897331,26689.721486785544,26569.720444338156,26450.25894480791,26331.334562327873,26212.94488193819,26095.08749953704,25977.76002183179,25860.96006629043,25744.68526109318,25628.9332450843,25513.70166772418,25398.988189041596,25284.79047958619,25171.106220381153,25057.93310287616,24945.268828900473,24833.11111061629,24721.45767047226,24610.306241157257,24499.654565554334,24389.500396694875,24279.841497712983,24170.67564180005,24062.000612159532,23953.814201961948,23846.114214300047,23738.898462144218,23632.164768298055,23525.91096535417,23420.13489565016,23314.834411224805,23210.007373774442,23105.65165460954,23001.765134611498,22898.345704189567,22795.391263238067,22692.89972109369,22590.86899649308,22489.297017530556,22388.181721616038,22287.521055433157,22187.312974897577,22087.555445115475,21988.246440342213,21889.383943941215,21790.965948343004,21692.990455004445,21595.45547436815,21498.359025822094,21401.69913765938,21305.473847038196,21209.681199941977,21114.319251139706,21019.386064146427,20924.879711183905,20830.798273141496,20737.139839537165,20643.902508478703,20551.084386625087,20458.683589148044,20366.698239693782,20275.126470344872,20183.966421582336,20093.216242247865,20002.874089506247
101,37561.78,33991.47,37236.03,37410.07,36451.82,34159.36,34169.68,35376.8,37158.47,37127.07,34293.69,35436.54,35863.0,35230.31,36722.73,39758.31,36210.72,36230.11,37587.97,36739.97,36219.82,35973.71,37561.92,36527.6,38663.82,35664.47,35879.84,35829.84,35586.4,36815.19,35956.11,36117.38,35369.27,35402.75,39225.81,37297.91,37124.03,40171.99,33859.16,37639.36,36064.84,37514.65,37394.53,34656.95,39542.84,40906.18,40751.77,40515.51,40239.42,39958.73,39692.48,39440.89,39185.2,38948.45,38737.88,38570.12,38430.64,38311.8,38201.05,38077.49,37936.68,37790.42,37658.3,37522.78,37372.85,37225.25,37085.19,36946.53,36810.26,36678.39,36548.62,36411.76,36274.96,36137.99,36000.69,35869.43,35737.05,35603.97,35470.84,35339.25,35209.56,35076.71,34944.26,34813.33,34683.21,34550.62,34421.51,34296.22,34165.3,34035.58,33909.88,33780.26,33650.49,33524.48,33398.24902197506,33272.49334617146,33147.21118291597,33022.400749274086,32898.06026902466,32774.18797263461,32650.78209723374,32527.84088658967,32405.362591082812,32283.345467681487,32161.787779917133,32040.68779785956,31920.04379809236,31799.854063688363,31680.116884185212,31560.830555561028,31441.993380210122,31323.603666918894,31205.65973084171,31088.15989347697,30971.10248264318,30854.485832455175,30738.308283300423,30622.56818181539,30507.263880861996,30392.39373950422,30277.956122984688,30163.949402701466,30050.371956184837,29937.22216707424,29824.498425095255,29712.199126036685,29600.322671727736,29488.86747001526,29377.831934741098,29267.214485719527,29157.01354871475,29047.22755541849,28937.854943427687,28828.894156222254,28720.343643142933,28612.20185936922,28504.46726589737,28397.13832951852,28290.213522796847,28183.691324047842,28077.570217316657,27971.848692356514,27866.525244607237,27761.598375173813,27657.066590805083,27552.928403872484,27449.182332348875,27345.826899787433,27242.860635300683,27140.282073539514,27038.089754672357,26936.282224364404,26834.858033756904,26733.815739446552,26633.153903464943,26532.871093258098,26432.965881666103,26333.436846902776,26234.28257253543,26135.501647464742,26037.092665904645,25939.054227362332,25841.384936618317,25744.083403706598,25647.148243894862,25550.578077664766,25454.37153069234,25358.527233828394,25263.04382307905,25167.919939586325,25073.1542296088,24978.745344502346,24884.69194070093,24790.992679697512,24697.64622802496,24604.65125723712,24512.006443889873,24419.71046952231,24327.762020637983,24236.159788686196
102,39407.68,38053.1,36187.07,36007.46,38208.45,38064.39,35017.91,36383.64,38954.87,38266.07,37831.75,36267.33,38915.83,37520.39,38209.58,35902.64,39628.18,38636.36,41922.2,37531.78,38703.12,40025.94,41366.78,36687.44,40223.46,38602.76,38988.28,39272.09,35513.39,38203.81,36961.83,37828.29,38324.22,37857.1,40347.29,37848.46,39918.18,42175.89,40746.02,41134.57,36287.07,40598.48,37319.39,36596.52,43696.43,45062.39,44915.11,44706.37,44447.48,44164.85,43924.01,43710.53,43474.91,43253.35,43064.48,42904.67,42778.61,42677.61,42572.3,42458.89,42321.7,42185.71,42063.76,41925.12,41780.57,41640.78,41518.16,41392.78,41258.06,41133.04,41012.6,40894.41,40766.42,40635.96,40515.72,40393.78,40266.72,40141.4,40021.86,39896.62,39772.08,39656.19,39532.05,39403.15,39285.29,39166.31,39045.02,38926.3,38804.89,38684.61,38568.86,38452.8,38330.91,38207.72,38090.190132552634,37973.02179596192,37856.2138781313,37739.76527038511,37623.67486745809,37507.941567484806,37392.564271989286,37277.54188587454,37162.87331741219,37048.55747823208,36934.59328331197,36820.97965096725,36707.715502840634,36594.79976389195,36482.23136238792,36370.00922989204,36258.13230125436,36146.59951460141,36035.40981132616,35924.56213607789,35814.055436752256,35703.88866448126,35594.060773623285,35484.5707217532,35375.417469652464,35266.59998129924,35158.11722385856,35049.96816767255,34942.15178625066,34834.66705625987,34727.51295751503,34620.688472969145,34514.19258870374,34408.024293919254,34302.182580925386,34196.66644513159,34091.474885037496,33986.60690222346,33882.06150134101,33777.83769010349,33673.934479276555,33570.35088266884,33467.08591712257,33364.13860250424,33261.507961695315,33159.19302058295,33057.19280805075,32955.50635596955,32854.132699188194,32753.07087552445,32652.3199257558,32551.878893610385,32451.746825757895,32351.92277180056,32252.405784264083,32153.194918588688,32054.289233120122,31955.68778910074,31857.389650660592,31759.393884808527,31661.699561423353,31564.30575324499,31467.211535865707,31370.41598772128,31273.918190082335,31177.71722704554,31081.812185524974,30986.20215524343,30890.88622872379,30795.863501280393,30701.133071010474,30606.694038785576,30512.545508243045,30418.686585777494,30325.116380532334,30231.834004391338,30138.838571970173,30046.129200608015,29953.70501035919,29861.565123984783,29769.708666944352,29678.1347673876,29586.842556146097,29495.83116672506,29405.0997352951,29314.647400684036
103,43739.75,32797.78,41317.9,38063.72,37557.25,33263.45,37650.11,35905.72,41338.81,38839.41,40470.33,35667.45,39245.28,37346.44,37597.91,40343.35,45555.1,42405.71,39653.04,42371.54,41797.93,40597.42,42537.31,40476.19,41544.76,38826.31,42900.54,44325.02,35720.22,41577.85,40008.39,40032.48,41934.17,37942.55,43488.78,39845.62,44159.0,41858.26,40696.86,45373.65,40490.14,42551.54,39559.11,39060.31,48200.03,49560.81,49420.36,49259.18,49046.55,48766.13,48524.8,48318.65,48090.05,47888.88,47728.92,47587.85,47488.9,47400.8,47302.45,47215.76,47095.07,46943.8,46813.11,46693.82,46571.27,46451.92,46332.63,46210.11,46088.71,45970.77,45868.02,45756.64,45629.84,45510.5,45402.27,45295.51,45184.18,45071.9,44964.75,44840.79,44721.08,44612.86,44500.85,44387.12,44274.64,44166.08,44059.07,43950.37,43838.21,43732.49,43621.73,43511.77,43399.84,43286.16,43177.57723647763,43069.26685139062,42961.22816148127,42853.460485205775,42745.96314273001,42638.73545592519,42531.776748363605,42425.08634531436,42318.66357373911,42212.507762287816,42106.61824129453,42000.99434277311,41895.635400413106,41790.540749575455,41685.70972728834,41581.141672243015,41476.835924789615,41372.79182693298,41269.00872232854,41165.48595627816,41062.22287572598,40959.21882925436,40856.4731670797,40753.98524104839,40651.7544046327,40549.78001292671,40448.06142264224,40346.597992104784,40245.38908124946,40144.434051617,40043.73226634969,39943.28309018737,39843.08588946341,39743.140032100746,39643.44488760786,39543.999827074804,39444.80422316925,39345.85745013254,39247.15888377569,39148.70790147553,39050.503882170684,38952.546206357736,38854.83425608727,38757.36741495999,38660.14506812284,38563.16660226509,38466.43140561453,38369.93886793353,38273.68838051527,38177.67933617983,38081.911129270426,37986.383155649535,37891.094812695104,37796.04549929676,37701.234615852,37606.661564262424,37512.325747929935,37418.22657175303,37324.36344212297,37230.73576692011,37137.34295551009,37044.184418740195,36951.25956893556,36858.56781989551,36766.10858688982,36673.881286655094,36581.885337391024,36490.12015875673,36398.58517186712,36307.27979928923,36216.20346503858,36125.35559457554,36034.73561480169,35944.342954056236,35854.17704211238,35764.23731017374,35674.523190870736,35585.03411825704,35495.769527806,35406.72885640704,35317.91154236218,35229.31702538242,35140.94474658425,35052.79414848612,34964.86467500491,34877.15577145241
104,40609.14,39676.11,35107.38,37082.07,41509.43,36453.2,46569.65,44585.99,38751.35,41869.92,39824.3,42181.16,40492.96,42928.45,39365.6,48245.61,41808.75,36125.27,52594.17,43298.22,43656.21,45287.79,43551.67,41345.37,43249.24,38027.45,42893.94,44199.91,40934.37,40850.39,38603.08,42193.8,44211.67,40673.45,43720.16,43154.57,44222.98,45382.76,42658.23,48837.62,46877.86,42355.56,42646.02,45360.31,52955.82,54337.09,54221.33,54075.69,53859.8,53643.51,53387.04,53119.31,52952.25,52788.93,52613.48,52490.14,52467.87,52392.67,52297.92,52221.27,52065.64,51932.25,51815.7,51723.83,51628.72,51540.93,51415.82,51293.27,51207.9,51092.71,51000.05,50905.26,50798.11,50695.02,50575.71,50490.44,50394.09,50283.53,50185.58,50053.84,49954.47,49854.05,49747.0,49661.17,49555.17,49445.2,49351.2,49258.61,49154.52,49057.66,48962.48,48867.27,48759.94,48656.88,48557.57487061044,48458.47241571878,48359.5722216812,48260.87387569812,48162.37696581242,48064.08108090779,47965.98581070695,47868.090745769994,47770.39547749263,47672.8995981045,47575.60270066749,47478.504379074,47381.604228045275,47284.90184312971,47188.396820701135,47092.08875795717,46995.97725291753,46900.06190442232,46804.34231213041,46708.818076517695,46613.48879887553,46518.35408130895,46423.413526735094,46328.66673888151,46234.11332228451,46139.75288228752,46045.58502503943,45951.60935749294,45857.82548740295,45764.2330233249,45670.83157461313,45577.62075141925,45484.600164690564,45391.76942616834,45299.12814838632,45206.675944669,45114.41242913004,45022.337216670705,44930.44992297819,44838.75016452404,44747.237558562585,44655.91172312928,44564.77227703915,44473.8188398852,44383.0510320368,44292.46847463814,44202.070789606616,44111.857599631265,44021.82852817117,43931.98319945394,43842.321238474084,43752.84227099148,43663.5459235298,43574.431823374936,43485.4995985735,43396.748877931204,43308.17929101135,43219.790468133266,43131.58204037079,43043.5536395507,42955.70489825118,42868.03544980031,42780.5449282745,42693.23296849702,42606.09920603639,42519.14327720496,42432.3648190573,42345.76346938874,42259.33886673384,42173.09065036489,42087.01846029039,42001.12193725357,41915.40072273087,41829.85445893044,41744.48278879067,41659.28535597868,41574.261804888854,41489.41178064131,41404.734929080485,41320.23089677359,41235.89933100919,41151.73987979571,41067.75219185993,40983.9359166456,40900.29070431189,40816.816205732
105,48571.43,47482.01,38162.54,53333.33,49936.31,32342.45,40040.86,48343.08,45197.74,43762.0,43864.23,42320.82,50349.65,38242.1,47125.62,40262.58,43272.48,48484.85,44098.57,48275.86,44707.43,42949.85,42714.13,39013.2,49122.81,48449.61,41704.59,45677.0,47290.64,39775.46,44576.33,44866.69,45629.26,42702.87,46685.0,41222.71,47551.66,47546.96,43158.19,45985.4,48035.21,48382.56,47896.0,39756.33,57828.8,59398.88,59218.66,58952.56,58677.96,58527.06,58405.06,58104.94,57914.06,57768.05,57631.23,57610.41,57604.34,57587.02,57518.29,57354.9,57131.61,57077.7,57005.48,56887.38,56825.89,56715.07,56646.71,56576.62,56489.86,56356.87,56273.25,56222.7,56078.88,55987.77,55899.72,55849.21,55768.8,55623.88,55511.98,55399.84,55335.42,55259.1,55177.6,55097.9,54988.6,54888.08,54799.4,54725.23,54626.98,54509.47,54425.79,54374.43,54284.33,54183.79,54093.21729694683,54002.79599368571,53912.52583713931,53822.40657465336,53732.437953995905,53642.61972335663,53552.95163134613,53463.433426995216,53374.06485975424,53284.84567949233,53195.775636496764,53106.85448147222,53018.081965540085,52929.45784023779,52840.98185751806,52752.653769748285,52664.47332970978,52576.44029059709,52488.554406017356,52400.81542998953,52313.223116943795,52225.77722172079,52138.477499570974,52051.32370615392,51964.315597537636,51877.452930197884,51790.735461017495,51704.162947285695,51617.735146697414,51531.45181735262,51445.312717755645,51359.317606814475,51273.466243840136,51187.75838854596,51102.193801046946,51016.77224185908,50931.49347189867,50846.35725248166,50761.36334532301,50676.51151253593,50591.801516631334,50507.23312051709,50422.8060874974,50338.52018127212,50254.375165936086,50170.370805978484,50086.50686628218,50002.78311212304,49919.19930916931,49835.755223480926,49752.45062150888,49669.28527009456,49586.25893646911,49503.371388252745,49420.622393454134,49338.01172046974,49255.53913808316,49173.204415464505,49091.007322169724,49008.94762813998,48927.02510370099,48845.239519562405,48763.59064681714,48682.078256940746,48600.70212179079,48519.46201360617,48438.35770500653,48357.38896899159,48276.555578940526,48195.85730861131,48115.29393214012,48034.865224040674,47954.57095920361,47874.410912895844,47794.384860759965,47714.49257881361,47634.733843448776,47555.108431431276,47475.61611990007,47396.25668636665,47317.0299087144,47237.93556519801,47158.97343444283,47080.143295444235,47001.44492756707,46922.87811054496
106,44776.12,44776.12,46575.34,50156.74,34899.33,30843.37,39543.73,45454.55,46715.33,38951.31,44367.42,40764.33,46204.62,47129.91,41711.23,47240.05,47187.93,62360.8,51308.9,44859.81,39429.31,45739.91,51638.53,47899.16,41975.31,49382.72,40778.5,45916.11,45363.98,44513.14,33197.28,48204.5,47257.38,42537.76,50930.93,45788.34,53220.7,43798.88,52022.53,50373.53,43277.99,53398.65,50876.05,40533.33,62807.38,64388.44,64331.27,63846.87,63797.14,63898.68,63606.27,63259.26,63018.97,62762.21,62571.27,62566.44,62670.4,62485.49,62332.33,62477.94,62295.37,62223.5,62199.26,62121.44,62208.67,62058.51,61851.88,61715.52,61648.97,61460.44,61370.48,61460.46,61420.98,61372.02,61276.4,61118.56,60995.52,60986.37,60890.4,60788.72,60764.59,60624.39,60554.35,60458.2,60361.92,60363.21,60275.53,60183.47,60089.4,60019.28,59940.97,59856.94,59784.05,59684.0,59607.12738036128,59530.35377217706,59453.6790479212,59377.10308023181,59300.62574191106,59224.246905924934,59147.96644540304,59071.78423363839,58995.70014408721,58919.71405036868,58843.8258262648,58768.03534572011,58692.342482841515,58616.74711189806,58541.24910732076,58465.848343702324,58390.54469579702,58315.3380385204,58240.22824694915,58165.215196320845,58090.298762033744,58015.47881964662,57940.75524487849,57866.12791360848,57791.59670187555,57717.161485878336,57642.82214197494,57568.57854668269,57494.43057667799,57420.37810879605,57346.42102003074,57272.559187534345,57198.79248861739,57125.120800748424,57051.544001553804,56978.061968817514,56904.67458048093,56831.38171464268,56758.18324955836,56685.0790636404,56612.0690354578,56539.153043736005,56466.33096735663,56393.602685357306,56320.96807693146,56248.427021428106,56175.97939835166,56103.62508736175,56031.36396827298,55959.19592105477,55887.12082583112,55815.138562880464,55743.249012635395,55671.45205568254,55599.747572762295,55528.1354447687,55456.61555274918,55385.18777790438,55313.85200158795,55242.60810530636,55171.45597071869,55100.39547963647,55029.42651402343,54958.54895599533,54887.76268781976,54817.067591915984,54746.46355085467,54675.95044735776,54605.52816429823,54535.19658469992,54464.95559173735,54394.805068735484,54324.74489916958,54254.77496666498,54184.89515499692,54115.105348090314,54045.40543001959,53975.7952850085,53906.27479742989,53836.84385180555,53767.502332806,53698.25012525031,53629.087114105896,53560.01318448834,53491.02822166119,53422.13211103577
107,50000.0,31007.75,56774.19,40579.71,64739.88,33734.94,48120.3,43686.01,37545.13,36619.72,42244.22,35220.13,48253.97,46258.5,50410.96,42512.08,53668.76,61919.5,48484.85,51150.9,40920.72,66037.74,36521.74,51926.98,44979.92,35627.53,37944.66,53168.47,45614.04,49211.36,42159.38,42154.57,50125.31,53781.51,49217.0,40274.6,45283.02,55016.91,55414.63,57268.72,46521.29,54183.27,49462.37,46766.17,67787.64,68596.58,68070.73,67098.86,67572.34,68093.65,68228.6,68641.11,68546.75,68608.71,68091.31,67914.65,68189.56,67878.57,67203.85,66718.58,66426.34,66479.83,66796.43,66723.96,66770.26,66948.88,66860.01,66995.78,67167.0,66486.04,66066.5,66111.05,66318.77,66268.11,66073.52,66023.81,65866.52,65931.15,65893.04,65735.84,65697.01,65681.92,65824.63,65918.81,65720.64,65604.27,65564.9,65491.47,65433.29,65449.87,65252.67,65018.96,65115.02,65049.48,64963.18006500492,64876.994622528146,64790.9235206746,64704.966607750684,64619.12373226408,64533.394742923454,64447.77948863815,64362.27781851801,64276.889581873016,64191.6146282131,64106.45280724782,64021.403968886145,63936.46796323616,63851.64464060479,63766.93385149758,63682.33544661841,63597.84927686919,63513.475193349674,63429.213047357145,63345.06269038617,63261.02397412833,63177.096750471974,63093.28087150194,63009.5761894993,62925.982556941104,62842.49982650012,62759.127851044585,62675.86648363791,62592.71557753845,62509.67498619925,62426.74456326777,62343.92416258564,62261.21363818837,62178.61284430514,62096.12163535854,62013.73986596425,61931.46739093086,61849.30406525958,61767.24974414397,61685.30428296974,61603.46753731439,61521.73936294709,61440.11961582833,61358.6081521097,61277.20482813361,61195.909500433096,61114.72202573149,61033.64226094223,60952.670063168596,60871.80528970341,60791.047798028834,60710.39744581613,60629.85409092538,60549.41759140518,60469.08780549255,60388.8645916125,60308.7478083779,60228.737314589205,60148.83296923417,60069.034631487666,59989.34216071134,59909.755416453474,59830.274258448655,59750.898546617565,59671.62814106673,59592.46290208827,59513.40269015964,59434.44736594341,59355.596790287,59276.85082422246,59198.20932896618,59119.67216591867,59041.239196664355,58962.91028297125,58884.68528679079,58806.56407025752,58728.546495688934,58650.63242558517,58572.82172262877,58495.11424968445,58417.509869798894,58340.00844620045,58262.60984229894,58185.31392168536,58108.12054813172,58031.029585590746
108,56338.03,59259.26,59259.26,57142.86,64000.0,69135.8,20779.22,52980.13,73913.04,64197.53,56410.26,49438.2,44239.63,30188.68,39024.39,52173.91,40816.33,64516.13,52554.74,59259.26,65306.12,29473.68,46829.27,35627.53,53543.31,52941.18,36012.86,35374.15,56022.41,47457.63,41860.47,49586.78,61030.93,64516.13,49266.86,62222.22,62608.7,50104.38,50251.26,63403.26,45320.2,51851.85,60952.38,49875.31,72288.14,74532.81,75067.57,74034.75,74792.32,75498.96,74542.97,73908.73,73214.29,73460.59,73103.45,73663.19,74504.7,74948.65,74962.41,72960.53,71480.26,72077.99,73283.35,73987.22,73036.49,72407.99,72887.39,73475.88,73658.75,72397.15,70622.42,70331.13,71518.27,71057.75,70311.78,70065.51,70117.22,70106.54,69617.85,69704.81,69761.4,70087.23,70749.48,70944.97,70586.41,70616.18,70817.88,70743.4,70513.19,70171.39,69931.34,69792.8,69943.33,69840.27,69730.75053668965,69621.40281545366,69512.22656697607,69403.22152236322,69294.38741314317,69185.7239712649,69077.2309290978,68968.90801943094,68860.75497547234,68752.7715308485,68644.95741960354,68537.3123761987,68429.83613551153,68322.52843283546,68215.38900387892,68108.41758476483,68001.61391202988,67894.97772262391,67788.50875390931,67682.20674366024,67576.07143006213,67470.10255171098,67364.29984761264,67258.6630571823,67153.19192024376,67047.88617702882,66942.74556817662,66837.76983473303,66732.95871815,66628.31196028489,66523.82930339989,66419.51049016138,66315.35526363921,66211.3633673062,66107.53454503743,66003.86854110955,65900.36510020033,65797.02396738784,65693.84488814994,65590.82760836359,65487.97187430428,65385.27743264538,65282.74403045747,65180.3714152078,65078.15933475962,64976.10753737155,64874.215771696974,64772.48378678345,64670.91133207205,64569.49815739675,64468.244012983836,64367.148649451265,64266.211817808064,64165.43326945372,64064.81275617755,63964.35003015808,63864.044843962525,63763.896950546026,63663.90610325119,63564.07205580737,63464.39456233015,63364.873377320655,63265.508255665016,63166.298952633726,63067.245223881044,62968.34682544442,62869.60351374383,62771.01504558127,62672.58117814006,62574.30166898432,62476.17627605833,62378.204757685955,62280.38687257003,62182.72237979179,62085.211038810274,61987.8526094617,61890.6468519589,61793.593526890756,61696.692395221544,61599.943218290406,61503.34575781072,61406.89977586955,61310.60503492703,61214.46129781578,61118.46832774037,61022.62588827665
109,33333.33,55172.41,59259.26,51612.9,69565.22,34782.61,45714.29,0.0,15686.27,65573.77,74666.67,0.0,61538.46,77876.11,30476.19,48192.77,39603.96,69565.22,34782.61,84848.48,73684.21,57142.86,61538.46,67368.42,49315.07,67226.89,53333.33,62569.83,37113.4,37086.09,62569.83,39506.17,52918.29,34951.46,69565.22,55000.0,65384.62,55555.56,47457.63,62745.1,59259.26,60986.55,52032.52,52582.16,76619.77,79318.18,77121.21,81764.07,82142.86,82500.0,89444.44,88194.44,87500.0,87500.0,87500.0,88194.44,88888.89,89444.44,90000.0,88750.0,79166.67,71314.1,72206.96,72976.19,72083.33,73284.31,75735.29,76062.09,76062.09,75367.65,75208.33,77655.42,80125.66,79710.59,76407.02,75092.7,76915.49,76460.95,75980.86,76620.97,76714.95,77326.84,78181.82,78229.17,78353.6,77355.01,76397.24,77005.21,77376.05,76441.02,76012.91,76753.87,76325.02,75782.0,75541.53350013496,75301.83003288397,75062.88717704169,74824.70251908561,74587.27365315164,74350.59818100985,74114.67371204018,73879.49786320834,73645.06825904176,73411.38253160552,73178.43832047848,72946.23327272947,72714.76504289347,72484.03129294793,72254.02969228914,72024.75791770878,71796.2136533703,71568.39459078567,71341.29842879197,71114.92287352821,70889.2656384121,70664.32444411698,70440.09701854884,70216.58109682331,69993.7744212428,69771.67474127367,69550.27981352361,69329.58740171879,69109.59527668147,68890.30121630733,68671.70300554311,68453.79843636423,68236.58530775242,68020.0614256736,67804.2246030556,67589.07265976617,67374.60342259088,67160.81472521122,66947.70440818269,66735.27031891301,66523.51031164035,66312.4222474117,66102.0039940612,65892.25342618865,65683.16842513806,65474.7468789762,65266.98668247126,65059.885737071665,64853.44195088479,64647.653238655905,64442.51752174703,64238.03272811601,64034.19679229555,63831.00765537238,63628.4632649664,63426.56157521001,63225.300546727456,63024.67814661415,62824.692348416196,62625.34113210993,62426.62248408147,62228.534397106414,62031.07487032957,61834.24190924469,61638.03352567439,61442.44773775004,61247.48256989175,61053.13605278838,60859.40622337773,60666.291124826625,60473.788806511184,60281.89732399714,60090.61473902016,59899.93911946629,59709.86853935246,59520.40107880694,59331.53482405009,59143.26786737489,58955.59830712776,58768.52424768932,58582.04379945523,58396.15507881714,58210.85620814364,58026.145315761285,57842.02053593571,57658.48000885279
110,72727.27,100000.0,0.0,61538.46,59259.26,0.0,42105.26,68571.43,82051.28,60000.0,0.0,41025.64,75675.68,66666.67,42666.67,58181.82,44943.82,48979.59,70588.24,94117.65,51612.9,80000.0,21052.63,67605.63,90000.0,71794.87,57142.86,90140.85,35555.56,62650.6,62411.35,84210.53,60504.2,71111.11,92903.23,75000.0,62745.1,62135.92,36842.11,73142.86,80575.54,81250.0,50450.45,67532.47,80069.44,83750.0,86666.67,91666.67,91666.67,91666.67,100000.0,100000.0,100000.0,100000.0,100000.0,100000.0,100000.0,100000.0,100000.0,100000.0,91666.67,83333.33,83333.33,83333.33,83333.33,85416.67,87500.0,87500.0,87500.0,87500.0,88750.0,91428.57,92857.14,92857.14,90178.57,89204.55,90909.09,90454.55,90454.55,90909.09,90909.09,91287.88,91666.67,91666.67,91987.18,90796.7,81309.52,73645.83,74234.07,73658.41,75391.6,78192.64,77746.21,78541.67,77337.29875096542,76151.39553432055,74983.6771581338,73833.86477298656,72701.68380538438,71586.86389218917,70489.13881605692,69408.24644186541,68343.9286541167,67295.93129529955,66264.00410519696,65247.900661124426,64247.37831908456,63262.19815582406,62292.124911779174,61336.92693489611,60396.37612531283,59470.24788088914,58558.321043572054,57660.37784658357,56776.20386241828,55905.5879516384,55048.32221245401,54204.20193107635,53373.02553283256,52554.594534029864,51748.71349455801,50955.18997121845,50173.83447176917,49404.46040967426,48646.884059547265,47900.92451327791,47166.40363683147,46443.146027710616,45730.97897306957,45029.732408470554,44339.238877272626,43659.333490643294,42989.853888183316,42330.64019915525,41681.53500430658,41042.38329827823,40413.032452589534,39793.33217919071,39183.134494574384,38582.29368443729,37990.666268883935,37408.110968163805,36834.48866893396,36269.662391039004,35713.49725480039,35165.86044880738,34626.62119820187,34095.650733449525,33572.82225958984,33058.01092595767,32551.093796369078,32051.949819764373,31560.459801301266,31076.50637389135,30599.973970172985,30130.748794914012,29668.718797837584,29213.773646864767,28765.80470176737,28324.704988224836,27890.36917227893,27462.69353518014,27041.5759486198,26626.915850341997,26218.614220129468,25816.57355615768,25420.697851711586,25030.892572259338,24647.064632877577,24269.122376022908,23896.9755496442,23530.535285630544,23169.714078589655,22814.42576495175,22464.585502393777,22120.109749579227,21780.916246208562,21446.923993375593,21118.05323422505,20794.225434906777
111,100000.0,100000.0,100000.0,100000.0,100000.0,100000.0,100000.0,100000.0,100000.0,100000.0,100000.0,100000.0,100000.0,100000.0,100000.0,100000.0,100000.0,100000.0,100000.0,100000.0,100000.0,100000.0,100000.0,100000.0,100000.0,100000.0,100000.0,100000.0,100000.0,100000.0,100000.0,100000.0,100000.0,100000.0,100000.0,100000.0,100000.0,100000.0,100000.0,100000.0,100000.0,100000.0,100000.0,100000.0,84375.0,93750.0,100000.0,100000.0,100000.0,100000.0,100000.0,100000.0,100000.0,100000.0,100000.0,100000.0,100000.0,100000.0,100000.0,100000.0,100000.0,100000.0,100000.0,100000.0,100000.0,100000.0,100000.0,100000.0,100000.0,100000.0,100000.0,100000.0,100000.0,100000.0,100000.0,100000.0,100000.0,100000.0,100000.0,100000.0,100000.0,100000.0,100000.0,100000.0,100000.0,100000.0,91666.67,83333.33,83333.33,83333.33,85416.67,87500.0,87500.0,88750.0,87697.09307505717,86656.6775641154,85628.60527228673,84612.72976282885,83608.9063362869,82616.9920098827,81636.8454971486,80668.32718780286,79711.29912786381,78765.62499999996,77831.1701041132,76907.80133815238,75995.38717915444,75093.79766451057,74202.90437345458,73322.58040877087,72452.70037871935,71593.140379175,70743.77797597909,69904.49218749993,69075.16346740043,68255.6736876102,67445.90612149953,66645.7454272531,65855.07763144092,65073.79011278411,64301.77158611339,63538.91208651778,62785.10295368141,62040.23681640615,61304.207577317844,60576.91039775402,59858.2416828308,59148.099066687086,58446.38139790377,57752.98872509587,57067.8222826756,56390.7844767845,55721.77887139223,55060.71017456044,54407.484224869564,53762.007978006666,53124.1894935123,52493.937921684774,51871.16349063958,51255.77749352255,50647.69227587457,50046.82122314622,49453.07874836057,48866.380279922356,48286.64224957172,47713.78208048089,47147.71817549215,46588.36990549521,46035.6575979426,45489.502525501244,44949.82689483866,44416.55383554224,43889.607389169985,43368.91249843107,42854.39499649487,42345.98159642677,41843.59988074926,41347.17829112697,40856.64611817404,40371.93349138233,39892.97136916929,39419.691529043725,38952.02655788834,38489.90984235755,38033.27555938918,37582.058666828736,37136.194894164946,36695.620733375166,36260.27342987944,35830.0909736018,35405.01209013772,34984.97623202628,34569.92357012588,34159.79498509231,33754.532058957884,33354.07706681049,32958.37296857137,32567.363400870447,32180.992669017985,31799.20573907158
112,100000.0,100000.0,100000.0,100000.0,100000.0,100000.0,100000.0,100000.0,100000.0,100000.0,100000.0,100000.0,100000.0,100000.0,100000.0,100000.0,100000.0,100000.0,100000.0,100000.0,100000.0,100000.0,100000.0,100000.0,100000.0,100000.0,100000.0,100000.0,100000.0,100000.0,100000.0,100000.0,100000.0,100000.0,100000.0,100000.0,100000.0,100000.0,100000.0,100000.0,100000.0,100000.0,100000.0,100000.0,93750.0,100000.0,100000.0,100000.0,100000.0,100000.0,100000.0,100000.0,100000.0,100000.0,100000.0,100000.0,100000.0,100000.0,100000.0,100000.0,100000.0,100000.0,100000.0,100000.0,100000.0,100000.0,100000.0,100000.0,100000.0,100000.0,100000.0,100000.0,100000.0,100000.0,100000.0,100000.0,100000.0,100000.0,100000.0,100000.0,100000.0,100000.0,100000.0,100000.0,100000.0,100000.0,100000.0,100000.0,100000.0,100000.0,100000.0,100000.0,100000.0,100000.0,100000.0,100000.0,100000.0,100000.0,100000.0,100000.0,100000.0,100000.0,100000.0,100000.0,100000.0,100000.0,100000.0,100000.0,100000.0,100000.0,100000.0,100000.0,100000.0,100000.0,100000.0,100000.0,100000.0,100000.0,100000.0,100000.0,100000.0,100000.0,100000.0,100000.0,100000.0,100000.0,100000.0,100000.0,100000.0,100000.0,100000.0,100000.0,100000.0,100000.0,100000.0,100000.0,100000.0,100000.0,100000.0,100000.0,100000.0,100000.0,100000.0,100000.0,100000.0,100000.0,100000.0,100000.0,100000.0,100000.0,100000.0,100000.0,100000.0,100000.0,100000.0,100000.0,100000.0,100000.0,100000.0,100000.0,100000.0,100000.0,100000.0,100000.0,100000.0,100000.0,100000.0,100000.0,100000.0,100000.0,100000.0,100000.0,100000.0,100000.0,100000.0,100000.0,100000.0,100000.0,100000.0,100000.0
113,100000.0,100000.0,100000.0,100000.0,100000.0,100000.0,100000.0,100000.0,100000.0,100000.0,100000.0,100000.0,100000.0,100000.0,100000.0,100000.0,100000.0,100000.0,100000.0,100000.0,100000.0,100000.0,100000.0,100000.0,100000.0,100000.0,100000.0,100000.0,100000.0,100000.0,100000.0,100000.0,100000.0,100000.0,100000.0,100000.0,100000.0,100000.0,100000.0,100000.0,100000.0,100000.0,100000.0,100000.0,100000.0,100000.0,100000.0,100000.0,100000.0,100000.0,100000.0,100000.0,100000.0,100000.0,100000.0,100000.0,100000.0,100000.0,100000.0,100000.0,100000.0,100000.0,100000.0,100000.0,100000.0,100000.0,100000.0,100000.0,100000.0,100000.0,100000.0,100000.0,100000.0,100000.0,100000.0,100000.0,100000.0,100000.0,100000.0,100000.0,100000.0,100000.0,100000.0,100000.0,100000.0,100000.0,100000.0,100000.0,100000.0,100000.0,100000.0,100000.0,100000.0,100000.0,100000.0,100000.0,100000.0,100000.0,100000.0,100000.0,100000.0,100000.0,100000.0,100000.0,100000.0,100000.0,100000.0,100000.0,100000.0,100000.0,100000.0,100000.0,100000.0,100000.0,100000.0,100000.0,100000.0,100000.0,100000.0,100000.0,100000.0,100000.0,100000.0,100000.0,100000.0,100000.0,100000.0,100000.0,100000.0,100000.0,100000.0,100000.0,100000.0,100000.0,100000.0,100000.0,100000.0,100000.0,100000.0,100000.0,100000.0,100000.0,100000.0,100000.0,100000.0,100000.0,100000.0,100000.0,100000.0,100000.0,100000.0,100000.0,100000.0,100000.0,100000.0,100000.0,100000.0,100000.0,100000.0,100000.0,100000.0,100000.0,100000.0,100000.0,100000.0,100000.0,100000.0,100000.0,100000.0,100000.0,100000.0,100000.0,100000.0,100000.0,100000.0,100000.0,100000.0,100000.0,100000.0,100000.0
114,100000.0,100000.0,100000.0,100000.0,100000.0,100000.0,100000.0,100000.0,100000.0,100000.0,100000.0,100000.0,100000.0,100000.0,100000.0,100000.0,100000.0,100000.0,100000.0,100000.0,100000.0,100000.0,100000.0,100000.0,100000.0,100000.0,100000.0,100000.0,100000.0,100000.0,100000.0,100000.0,100000.0,100000.0,100000.0,100000.0,100000.0,100000.0,100000.0,100000.0,100000.0,100000.0,100000.0,100000.0,100000.0,100000.0,100000.0,100000.0,100000.0,100000.0,100000.0,100000.0,100000.0,100000.0,100000.0,100000.0,100000.0,100000.0,100000.0,100000.0,100000.0,100000.0,100000.0,100000.0,100000.0,100000.0,100000.0,100000.0,100000.0,100000.0,100000.0,100000.0,100000.0,100000.0,100000.0,100000.0,100000.0,100000.0,100000.0,100000.0,100000.0,100000.0,100000.0,100000.0,100000.0,100000.0,100000.0,100000.0,100000.0,100000.0,100000.0,100000.0,100000.0,100000.0,100000.0,100000.0,100000.0,100000.0,100000.0,100000.0,100000.0,100000.0,100000.0,100000.0,100000.0,100000.0,100000.0,100000.0,100000.0,100000.0,100000.0,100000.0,100000.0,100000.0,100000.0,100000.0,100000.0,100000.0,100000.0,100000.0,100000.0,100000.0,100000.0,100000.0,100000.0,100000.0,100000.0,100000.0,100000.0,100000.0,100000.0,100000.0,100000.0,100000.0,100000.0,100000.0,100000.0,100000.0,100000.0,100000.0,100000.0,100000.0,100000.0,100000.0,100000.0,100000.0,100000.0,100000.0,100000.0,100000.0,100000.0,100000.0,100000.0,100000.0,100000.0,100000.0,100000.0,100000.0,100000.0,100000.0,100000.0,100000.0,100000.0,100000.0,100000.0,100000.0,100000.0,100000.0,100000.0,100000.0,100000.0,100000.0,100000.0,100000.0,100000.0,100000.0,100000.0,100000.0,100000.0,100000.0
115,100000.0,100000.0,100000.0,100000.0,100000.0,100000.0,100000.0,100000.0,100000.0,100000.0,100000.0,100000.0,100000.0,100000.0,100000.0,100000.0,100000.0,100000.0,100000.0,100000.0,100000.0,100000.0,100000.0,100000.0,100000.0,100000.0,100000.0,100000.0,100000.0,100000.0,100000.0,100000.0,100000.0,100000.0,100000.0,100000.0,100000.0,100000.0,100000.0,100000.0,100000.0,100000.0,100000.0,100000.0,100000.0,100000.0,100000.0,100000.0,100000.0,100000.0,100000.0,100000.0,100000.0,100000.0,100000.0,100000.0,100000.0,100000.0,100000.0,100000.0,100000.0,100000.0,100000.0,100000.0,100000.0,100000.0,100000.0,100000.0,100000.0,100000.0,100000.0,100000.0,100000.0,100000.0,100000.0,100000.0,100000.0,100000.0,100000.0,100000.0,100000.0,100000.0,100000.0,100000.0,100000.0,100000.0,100000.0,100000.0,100000.0,100000.0,100000.0,100000.0,100000.0,100000.0,100000.0,100000.0,100000.0,100000.0,100000.0,100000.0,100000.0,100000.0,100000.0,100000.0,100000.0,100000.0,100000.0,100000.0,100000.0,100000.0,100000.0,100000.0,100000.0,100000.0,100000.0,100000.0,100000.0,100000.0,100000.0,100000.0,100000.0,100000.0,100000.0,100000.0,100000.0,100000.0,100000.0,100000.0,100000.0,100000.0,100000.0,100000.0,100000.0,100000.0,100000.0,100000.0,100000.0,100000.0,100000.0,100000.0,100000.0,100000.0,100000.0,100000.0,100000.0,100000.0,100000.0,100000.0,100000.0,100000.0,100000.0,100000.0,100000.0,100000.0,100000.0,100000.0,100000.0,100000.0,100000.0,100000.0,100000.0,100000.0,100000.0,100000.0,100000.0,100000.0,100000.0,100000.0,100000.0,100000.0,100000.0,100000.0,100000.0,100000.0,100000.0,100000.0,100000.0,100000.0,100000.0,100000.0
116,100000.0,100000.0,100000.0,100000.0,100000.0,100000.0,100000.0,100000.0,100000.0,100000.0,100000.0,100000.0,100000.0,100000.0,100000.0,100000.0,100000.0,100000.0,100000.0,100000.0,100000.0,100000.0,100000.0,100000.0,100000.0,100000.0,100000.0,100000.0,100000.0,100000.0,100000.0,100000.0,100000.0,100000.0,100000.0,100000.0,100000.0,100000.0,100000.0,100000.0,100000.0,100000.0,100000.0,100000.0,100000.0,100000.0,100000.0,100000.0,100000.0,100000.0,100000.0,100000.0,100000.0,100000.0,100000.0,100000.0,100000.0,100000.0,100000.0,100000.0,100000.0,100000.0,100000.0,100000.0,100000.0,100000.0,100000.0,100000.0,100000.0,100000.0,100000.0,100000.0,100000.0,100000.0,100000.0,100000.0,100000.0,100000.0,100000.0,100000.0,100000.0,100000.0,100000.0,100000.0,100000.0,100000.0,100000.0,100000.0,100000.0,100000.0,100000.0,100000.0,100000.0,100000.0,100000.0,100000.0,100000.0,100000.0,100000.0,100000.0,100000.0,100000.0,100000.0,100000.0,100000.0,100000.0,100000.0,100000.0,100000.0,100000.0,100000.0,100000.0,100000.0,100000.0,100000.0,100000.0,100000.0,100000.0,100000.0,100000.0,100000.0,100000.0,100000.0,100000.0,100000.0,100000.0,100000.0,100000.0,100000.0,100000.0,100000.0,100000.0,100000.0,100000.0,100000.0,100000.0,100000.0,100000.0,100000.0,100000.0,100000.0,100000.0,100000.0,100000.0,100000.0,100000.0,100000.0,100000.0,100000.0,100000.0,100000.0,100000.0,100000.0,100000.0,100000.0,100000.0,100000.0,100000.0,100000.0,100000.0,100000.0,100000.0,100000.0,100000.0,100000.0,100000.0,100000.0,100000.0,100000.0,100000.0,100000.0,100000.0,100000.0,100000.0,100000.0,100000.0,100000.0,100000.0,100000.0,100000.0
117,100000.0,100000.0,100000.0,100000.0,100000.0,100000.0,100000.0,100000.0,100000.0,100000.0,100000.0,100000.0,100000.0,100000.0,100000.0,100000.0,100000.0,100000.0,100000.0,100000.0,100000.0,100000.0,100000.0,100000.0,100000.0,100000.0,100000.0,100000.0,100000.0,100000.0,100000.0,100000.0,100000.0,100000.0,100000.0,100000.0,100000.0,100000.0,100000.0,100000.0,100000.0,100000.0,100000.0,100000.0,100000.0,100000.0,100000.0,100000.0,100000.0,100000.0,100000.0,100000.0,100000.0,100000.0,100000.0,100000.0,100000.0,100000.0,100000.0,100000.0,100000.0,100000.0,100000.0,100000.0,100000.0,100000.0,100000.0,100000.0,100000.0,100000.0,100000.0,100000.0,100000.0,100000.0,100000.0,100000.0,100000.0,100000.0,100000.0,100000.0,100000.0,100000.0,100000.0,100000.0,100000.0,100000.0,100000.0,100000.0,100000.0,100000.0,100000.0,100000.0,100000.0,100000.0,100000.0,100000.0,100000.0,100000.0,100000.0,100000.0,100000.0,100000.0,100000.0,100000.0,100000.0,100000.0,100000.0,100000.0,100000.0,100000.0,100000.0,100000.0,100000.0,100000.0,100000.0,100000.0,100000.0,100000.0,100000.0,100000.0,100000.0,100000.0,100000.0,100000.0,100000.0,100000.0,100000.0,100000.0,100000.0,100000.0,100000.0,100000.0,100000.0,100000.0,100000.0,100000.0,100000.0,100000.0,100000.0,100000.0,100000.0,100000.0,100000.0,100000.0,100000.0,100000.0,100000.0,100000.0,100000.0,100000.0,100000.0,100000.0,100000.0,100000.0,100000.0,100000.0,100000.0,100000.0,100000.0,100000.0,100000.0,100000.0,100000.0,100000.0,100000.0,100000.0,100000.0,100000.0,100000.0,100000.0,100000.0,100000.0,100000.0,100000.0,100000.0,100000.0,100000.0,100000.0,100000.0,100000.0
118,100000.0,100000.0,100000.0,100000.0,100000.0,100000.0,100000.0,100000.0,100000.0,100000.0,100000.0,100000.0,100000.0,100000.0,100000.0,100000.0,100000.0,100000.0,100000.0,100000.0,100000.0,100000.0,100000.0,100000.0,100000.0,100000.0,100000.0,100000.0,100000.0,100000.0,100000.0,100000.0,100000.0,100000.0,100000.0,100000.0,100000.0,100000.0,100000.0,100000.0,100000.0,100000.0,100000.0,100000.0,100000.0,100000.0,100000.0,100000.0,100000.0,100000.0,100000.0,100000.0,100000.0,100000.0,100000.0,100000.0,100000.0,100000.0,100000.0,100000.0,100000.0,100000.0,100000.0,100000.0,100000.0,100000.0,100000.0,100000.0,100000.0,100000.0,100000.0,100000.0,100000.0,100000.0,100000.0,100000.0,100000.0,100000.0,100000.0,100000.0,100000.0,100000.0,100000.0,100000.0,100000.0,100000.0,100000.0,100000.0,100000.0,100000.0,100000.0,100000.0,100000.0,100000.0,100000.0,100000.0,100000.0,100000.0,100000.0,100000.0,100000.0,100000.0,100000.0,100000.0,100000.0,100000.0,100000.0,100000.0,100000.0,100000.0,100000.0,100000.0,100000.0,100000.0,100000.0,100000.0,100000.0,100000.0,100000.0,100000.0,100000.0,100000.0,100000.0,100000.0,100000.0,100000.0,100000.0,100000.0,100000.0,100000.0,100000.0,100000.0,100000.0,100000.0,100000.0,100000.0,100000.0,100000.0,100000.0,100000.0,100000.0,100000.0,100000.0,100000.0,100000.0,100000.0,100000.0,100000.0,100000.0,100000.0,100000.0,100000.0,100000.0,100000.0,100000.0,100000.0,100000.0,100000.0,100000.0,100000.0,100000.0,100000.0,100000.0,100000.0,100000.0,100000.0,100000.0,100000.0,100000.0,100000.0,100000.0,100000.0,100000.0,100000.0,100000.0,100000.0,100000.0,100000.0,100000.0,100000.0
119,100000.0,100000.0,100000.0,100000.0,100000.0,100000.0,100000.0,100000.0,100000.0,100000.0,100000.0,100000.0,100000.0,100000.0,100000.0,100000.0,100000.0,100000.0,100000.0,100000.0,100000.0,100000.0,100000.0,100000.0,100000.0,100000.0,100000.0,100000.0,100000.0,100000.0,100000.0,100000.0,100000.0,100000.0,100000.0,100000.0,100000.0,100000.0,100000.0,100000.0,100000.0,100000.0,100000.0,100000.0,100000.0,100000.0,100000.0,100000.0,100000.0,100000.0,100000.0,100000.0,100000.0,100000.0,100000.0,100000.0,100000.0,100000.0,100000.0,100000.0,100000.0,100000.0,100000.0,100000.0,100000.0,100000.0,100000.0,100000.0,100000.0,100000.0,100000.0,100000.0,100000.0,100000.0,100000.0,100000.0,100000.0,100000.0,100000.0,100000.0,100000.0,100000.0,100000.0,100000.0,100000.0,100000.0,100000.0,100000.0,100000.0,100000.0,100000.0,100000.0,100000.0,100000.0,100000.0,100000.0,100000.0,100000.0,100000.0,100000.0,100000.0,100000.0,100000.0,100000.0,100000.0,100000.0,100000.0,100000.0,100000.0,100000.0,100000.0,100000.0,100000.0,100000.0,100000.0,100000.0,100000.0,100000.0,100000.0,100000.0,100000.0,100000.0,100000.0,100000.0,100000.0,100000.0,100000.0,100000.0,100000.0,100000.0,100000.0,100000.0,100000.0,100000.0,100000.0,100000.0,100000.0,100000.0,100000.0,100000.0,100000.0,100000.0,100000.0,100000.0,100000.0,100000.0,100000.0,100000.0,100000.0,100000.0,100000.0,100000.0,100000.0,100000.0,100000.0,100000.0,100000.0,100000.0,100000.0,100000.0,100000.0,100000.0,100000.0,100000.0,100000.0,100000.0,100000.0,100000.0,100000.0,100000.0,100000.0,100000.0,100000.0,100000.0,100000.0,100000.0,100000.0,100000.0,100000.0,100000.0
120,100000.0,100000.0,100000.0,100000.0,100000.0,100000.0,100000.0,100000.0,100000.0,100000.0,100000.0,100000.0,100000.0,100000.0,100000.0,100000.0,100000.0,100000.0,100000.0,100000.0,100000.0,100000.0,100000.0,100000.0,100000.0,100000.0,100000.0,100000.0,100000.0,100000.0,100000.0,100000.0,100000.0,100000.0,100000.0,100000.0,100000.0,100000.0,100000.0,100000.0,100000.0,100000.0,100000.0,100000.0,100000.0,100000.0,100000.0,100000.0,100000.0,100000.0,100000.0,100000.0,100000.0,100000.0,100000.0,100000.0,100000.0,100000.0,100000.0,100000.0,100000.0,100000.0,100000.0,100000.0,100000.0,100000.0,100000.0,100000.0,100000.0,100000.0,100000.0,100000.0,100000.0,100000.0,100000.0,100000.0,100000.0,100000.0,100000.0,100000.0,100000.0,100000.0,100000.0,100000.0,100000.0,100000.0,100000.0,100000.0,100000.0,100000.0,100000.0,100000.0,100000.0,100000.0,100000.0,100000.0,100000.0,100000.0,100000.0,100000.0,100000.0,100000.0,100000.0,100000.0,100000.0,100000.0,100000.0,100000.0,100000.0,100000.0,100000.0,100000.0,100000.0,100000.0,100000.0,100000.0,100000.0,100000.0,100000.0,100000.0,100000.0,100000.0,100000.0,100000.0,100000.0,100000.0,100000.0,100000.0,100000.0,100000.0,100000.0,100000.0,100000.0,100000.0,100000.0,100000.0,100000.0,100000.0,100000.0,100000.0,100000.0,100000.0,100000.0,100000.0,100000.0,100000.0,100000.0,100000.0,100000.0,100000.0,100000.0,100000.0,100000.0,100000.0,100000.0,100000.0,100000.0,100000.0,100000.0,100000.0,100000.0,100000.0,100000.0,100000.0,100000.0,100000.0,100000.0,100000.0,100000.0,100000.0,100000.0,100000.0,100000.0,100000.0,100000.0,100000.0,100000.0,100000.0,100000.0,100000.0
121,100000.0,100000.0,100000.0,100000.0,100000.0,100000.0,100000.0,100000.0,100000.0,100000.0,100000.0,100000.0,100000.0,100000.0,100000.0,100000.0,100000.0,100000.0,100000.0,100000.0,100000.0,100000.0,100000.0,100000.0,100000.0,100000.0,100000.0,100000.0,100000.0,100000.0,100000.0,100000.0,100000.0,100000.0,100000.0,100000.0,100000.0,100000.0,100000.0,100000.0,100000.0,100000.0,100000.0,100000.0,100000.0,100000.0,100000.0,100000.0,100000.0,100000.0,100000.0,100000.0,100000.0,100000.0,100000.0,100000.0,100000.0,100000.0,100000.0,100000.0,100000.0,100000.0,100000.0,100000.0,100000.0,100000.0,100000.0,100000.0,100000.0,100000.0,100000.0,100000.0,100000.0,100000.0,100000.0,100000.0,100000.0,100000.0,100000.0,100000.0,100000.0,100000.0,100000.0,100000.0,100000.0,100000.0,100000.0,100000.0,100000.0,100000.0,100000.0,100000.0,100000.0,100000.0,100000.0,100000.0,100000.0,100000.0,100000.0,100000.0,100000.0,100000.0,100000.0,100000.0,100000.0,100000.0,100000.0,100000.0,100000.0,100000.0,100000.0,100000.0,100000.0,100000.0,100000.0,100000.0,100000.0,100000.0,100000.0,100000.0,100000.0,100000.0,100000.0,100000.0,100000.0,100000.0,100000.0,100000.0,100000.0,100000.0,100000.0,100000.0,100000.0,100000.0,100000.0,100000.0,100000.0,100000.0,100000.0,100000.0,100000.0,100000.0,100000.0,100000.0,100000.0,100000.0,100000.0,100000.0,100000.0,100000.0,100000.0,100000.0,100000.0,100000.0,100000.0,100000.0,100000.0,100000.0,100000.0,100000.0,100000.0,100000.0,100000.0,100000.0,100000.0,100000.0,100000.0,100000.0,100000.0,100000.0,100000.0,100000.0,100000.0,100000.0,100000.0,100000.0,100000.0,100000.0,100000.0,100000.0
122,100000.0,100000.0,100000.0,100000.0,100000.0,100000.0,100000.0,100000.0,100000.0,100000.0,100000.0,100000.0,100000.0,100000.0,100000.0,100000.0,100000.0,100000.0,100000.0,100000.0,100000.0,100000.0,100000.0,100000.0,100000.0,100000.0,100000.0,100000.0,100000.0,100000.0,100000.0,100000.0,100000.0,100000.0,100000.0,100000.0,100000.0,100000.0,100000.0,100000.0,100000.0,100000.0,100000.0,100000.0,100000.0,100000.0,100000.0,100000.0,100000.0,100000.0,100000.0,100000.0,100000.0,100000.0,100000.0,100000.0,100000.0,100000.0,100000.0,100000.0,100000.0,100000.0,100000.0,100000.0,100000.0,100000.0,100000.0,100000.0,100000.0,100000.0,100000.0,100000.0,100000.0,100000.0,100000.0,100000.0,100000.0,100000.0,100000.0,100000.0,100000.0,100000.0,100000.0,100000.0,100000.0,100000.0,100000.0,100000.0,100000.0,100000.0,100000.0,100000.0,100000.0,100000.0,100000.0,100000.0,100000.0,100000.0,100000.0,100000.0,100000.0,100000.0,100000.0,100000.0,100000.0,100000.0,100000.0,100000.0,100000.0,100000.0,100000.0,100000.0,100000.0,100000.0,100000.0,100000.0,100000.0,100000.0,100000.0,100000.0,100000.0,100000.0,100000.0,100000.0,100000.0,100000.0,100000.0,100000.0,100000.0,100000.0,100000.0,100000.0,100000.0,100000.0,100000.0,100000.0,100000.0,100000.0,100000.0,100000.0,100000.0,100000.0,100000.0,100000.0,100000.0,100000.0,100000.0,100000.0,100000.0,100000.0,100000.0,100000.0,100000.0,100000.0,100000.0,100000.0,100000.0,100000.0,100000.0,100000.0,100000.0,100000.0,100000.0,100000.0,100000.0,100000.0,100000.0,100000.0,100000.0,100000.0,100000.0,100000.0,100000.0,100000.0,100000.0,100000.0,100000.0,100000.0,100000.0,100000.0
123,100000.0,100000.0,100000.0,100000.0,100000.0,100000.0,100000.0,100000.0,100000.0,100000.0,100000.0,100000.0,100000.0,100000.0,100000.0,100000.0,100000.0,100000.0,100000.0,100000.0,100000.0,100000.0,100000.0,100000.0,100000.0,100000.0,100000.0,100000.0,100000.0,100000.0,100000.0,100000.0,100000.0,100000.0,100000.0,100000.0,100000.0,100000.0,100000.0,100000.0,100000.0,100000.0,100000.0,100000.0,100000.0,100000.0,100000.0,100000.0,100000.0,100000.0,100000.0,100000.0,100000.0,100000.0,100000.0,100000.0,100000.0,100000.0,100000.0,100000.0,100000.0,100000.0,100000.0,100000.0,100000.0,100000.0,100000.0,100000.0,100000.0,100000.0,100000.0,100000.0,100000.0,100000.0,100000.0,100000.0,100000.0,100000.0,100000.0,100000.0,100000.0,100000.0,100000.0,100000.0,100000.0,100000.0,100000.0,100000.0,100000.0,100000.0,100000.0,100000.0,100000.0,100000.0,100000.0,100000.0,100000.0,100000.0,100000.0,100000.0,100000.0,100000.0,100000.0,100000.0,100000.0,100000.0,100000.0,100000.0,100000.0,100000.0,100000.0,100000.0,100000.0,100000.0,100000.0,100000.0,100000.0,100000.0,100000.0,100000.0,100000.0,100000.0,100000.0,100000.0,100000.0,100000.0,100000.0,100000.0,100000.0,100000.0,100000.0,100000.0,100000.0,100000.0,100000.0,100000.0,100000.0,100000.0,100000.0,100000.0,100000.0,100000.0,100000.0,100000.0,100000.0,100000.0,100000.0,100000.0,100000.0,100000.0,100000.0,100000.0,100000.0,100000.0,100000.0,100000.0,100000.0,100000.0,100000.0,100000.0,100000.0,100000.0,100000.0,100000.0,100000.0,100000.0,100000.0,100000.0,100000.0,100000.0,100000.0,100000.0,100000.0,100000.0,100000.0,100000.0,100000.0,100000.0,100000.0,100000.0
124,100000.0,100000.0,100000.0,100000.0,100000.0,100000.0,100000.0,100000.0,100000.0,100000.0,100000.0,100000.0,100000.0,100000.0,100000.0,100000.0,100000.0,100000.0,100000.0,100000.0,100000.0,100000.0,100000.0,100000.0,100000.0,100000.0,100000.0,100000.0,100000.0,100000.0,100000.0,100000.0,100000.0,100000.0,100000.0,100000.0,100000.0,100000.0,100000.0,100000.0,100000.0,100000.0,100000.0,100000.0,100000.0,100000.0,100000.0,100000.0,100000.0,100000.0,100000.0,100000.0,100000.0,100000.0,100000.0,100000.0,100000.0,100000.0,100000.0,100000.0,100000.0,100000.0,100000.0,100000.0,100000.0,100000.0,100000.0,100000.0,100000.0,100000.0,100000.0,100000.0,100000.0,100000.0,100000.0,100000.0,100000.0,100000.0,100000.0,100000.0,100000.0,100000.0,100000.0,100000.0,100000.0,100000.0,100000.0,100000.0,100000.0,100000.0,100000.0,100000.0,100000.0,100000.0,100000.0,100000.0,100000.0,100000.0,100000.0,100000.0,100000.0,100000.0,100000.0,100000.0,100000.0,100000.0,100000.0,100000.0,100000.0,100000.0,100000.0,100000.0,100000.0,100000.0,100000.0,100000.0,100000.0,100000.0,100000.0,100000.0,100000.0,100000.0,100000.0,100000.0,100000.0,100000.0,100000.0,100000.0,100000.0,100000.0,100000.0,100000.0,100000.0,100000.0,100000.0,100000.0,100000.0,100000.0,100000.0,100000.0,100000.0,100000.0,100000.0,100000.0,100000.0,100000.0,100000.0,100000.0,100000.0,100000.0,100000.0,100000.0,100000.0,100000.0,100000.0,100000.0,100000.0,100000.0,100000.0,100000.0,100000.0,100000.0,100000.0,100000.0,100000.0,100000.0,100000.0,100000.0,100000.0,100000.0,100000.0,100000.0,100000.0,100000.0,100000.0,100000.0,100000.0,100000.0,100000.0,100000.0
125,100000.0,100000.0,100000.0,100000.0,100000.0,100000.0,100000.0,100000.0,100000.0,100000.0,100000.0,100000.0,100000.0,100000.0,100000.0,100000.0,100000.0,100000.0,100000.0,100000.0,100000.0,100000.0,100000.0,100000.0,100000.0,100000.0,100000.0,100000.0,100000.0,100000.0,100000.0,100000.0,100000.0,100000.0,100000.0,100000.0,100000.0,100000.0,100000.0,100000.0,100000.0,100000.0,100000.0,100000.0,100000.0,100000.0,100000.0,100000.0,100000.0,100000.0,100000.0,100000.0,100000.0,100000.0,100000.0,100000.0,100000.0,100000.0,100000.0,100000.0,100000.0,100000.0,100000.0,100000.0,100000.0,100000.0,100000.0,100000.0,100000.0,100000.0,100000.0,100000.0,100000.0,100000.0,100000.0,100000.0,100000.0,100000.0,100000.0,100000.0,100000.0,100000.0,100000.0,100000.0,100000.0,100000.0,100000.0,100000.0,100000.0,100000.0,100000.0,100000.0,100000.0,100000.0,100000.0,100000.0,100000.0,100000.0,100000.0,100000.0,100000.0,100000.0,100000.0,100000.0,100000.0,100000.0,100000.0,100000.0,100000.0,100000.0,100000.0,100000.0,100000.0,100000.0,100000.0,100000.0,100000.0,100000.0,100000.0,100000.0,100000.0,100000.0,100000.0,100000.0,100000.0,100000.0,100000.0,100000.0,100000.0,100000.0,100000.0,100000.0,100000.0,100000.0,100000.0,100000.0,100000.0,100000.0,100000.0,100000.0,100000.0,100000.0,100000.0,100000.0,100000.0,100000.0,100000.0,100000.0,100000.0,100000.0,100000.0,100000.0,100000.0,100000.0,100000.0,100000.0,100000.0,100000.0,100000.0,100000.0,100000.0,100000.0,100000.0,100000.0,100000.0,100000.0,100000.0,100000.0,100000.0,100000.0,100000.0,100000.0,100000.0,100000.0,100000.0,100000.0,100000.0,100000.0,100000.0,100000.0
