age,1981,1982,1983,1984,1985,1986,1987,1988,1989,1990,1991,1992,1993,1994,1995,1996,1997,1998,1999,2000,2001,2002,2003,2004,2005,2006,2007,2008,2009,2010,2011,2012,2013,2014,2015,2016,2017,2018,2019,2020,2021,2022,2023,2024,2025,2026,2027,2028,2029,2030,2031,2032,2033,2034,2035,2036,2037,2038,2039,2040,2041,2042,2043,2044,2045,2046,2047,2048,2049,2050,2051,2052,2053,2054,2055,2056,2057,2058,2059,2060,2061,2062,2063,2064,2065,2066,2067,2068,2069,2070,2071,2072,2073,2074,2075,2076,2077,2078,2079,2080,2081,2082,2083,2084,2085,2086,2087,2088,2089,2090,2091,2092,2093,2094,2095,2096,2097,2098,2099,2100,2101,2102,2103,2104,2105,2106,2107,2108,2109,2110,2111,2112,2113,2114,2115,2116,2117,2118,2119,2120,2121,2122,2123,2124,2125,2126,2127,2128,2129,2130,2131,2132,2133,2134,2135,2136,2137,2138,2139,2140,2141,2142,2143,2144,2145,2146,2147,2148,2149,2150
0,934.54,938.92,891.07,838.46,825.01,806.83,798.73,773.96,728.25,688.23,640.57,572.51,561.96,537.28,531.25,541.57,528.77,498.15,512.69,505.65,498.06,462.2,491.16,471.33,435.65,462.48,436.01,419.86,423.93,404.47,370.85,368.26,347.3,362.81,335.54,354.33,358.5,352.54,306.36,306.59,299.75,293.39,287.09,281.14,275.44,269.74,264.55,259.73,255.18,250.92,246.58,242.33,238.42,234.73,231.22,227.84,224.53,221.41,218.68,215.93,213.15,210.52,208.15,205.67,203.13,200.68,198.29,196.09,193.67,191.3,189.08,186.63,184.27,182.3,180.17,177.86,175.74,173.65,171.58,169.55,167.4,165.32,163.52,161.67,159.77,157.85,155.75,153.84,151.99532066886175,150.1727440038278,148.37200573138492,146.5928444843271,144.8350021024077,143.09822353212246,141.3822567264915,139.68685254484222,138.01176505346146,136.35675102450833,134.721570336884,133.10598557536173,131.509762231022,129.93266850081736,128.374475588225,126.83495710194182,125.3138896571893,123.81105217419112,122.32622667991308,120.85919750632314,119.40975149082648,117.97767817670042,116.56276971287693,115.16482045307266,113.7836274568765,112.41899008887944,111.07071001867475,109.73859152151033,108.42244097720125,107.12206727099986,105.83728149294319,104.56789693785292,103.31372920555303,102.07459600043462,100.85031743210858,99.64071541410048,98.4456142952209,97.26484038854312,96.09822208164242,94.94558984661774,93.80677616993964,92.68161553240657,91.56994440914498,90.47160121950064,89.38642630699496,88.31426194934694,87.25495228832082,86.20834333974781,85.17428295343912,84.15262080316433,83.14320836660765,82.14589887525942,81.16054735450294,80.18701052339703,79.22514684478483,78.27481644511975,77.33588116457418,76.40820445682212,75.4916514291261,74.58608880225009,73.69138488039451,72.80740956121768,71.93403427570559,71.07113201823692,70.21857728645273,69.37624608125637,68.5440158967917,67.72176568035623,66.90937583240095,66.10672819650871,65.31370601930715,64.53019393042523,63.756077972558494,62.991245531316814,62.23558533522438,61.488987475763196,60.751343317177366,60.0225455465818,59.30248815391879,58.59106636180565,57.88817666562182,57.19371680344357
1,73.08,68.44,65.51,66.2,77.87,67.38,66.72,60.96,56.16,60.2,56.1,49.09,44.7,49.38,47.31,44.44,38.86,43.61,38.86,31.35,34.65,35.87,39.06,37.21,36.89,39.63,30.72,32.86,24.57,31.35,30.73,25.86,30.25,21.76,26.75,27.11,17.45,24.03,30.54,30.45,29.88,29.25,28.8,28.23,27.73,27.26,26.63,26.18,25.58,25.1,24.85,24.47,24.18,23.75,23.22,23.17,22.73,22.17,21.8,21.53,21.4,21.05,20.75,20.65,20.43,20.31,20.26,19.96,19.81,19.39,18.95,18.57,18.14,18.14,18.15,17.85,17.72,17.51,17.24,17.2,17.14,17.01,16.76,16.49,16.22,15.93,15.69,15.4,15.215213877976092,15.032644861285002,14.852266355073827,14.67405206831508,14.497976044189272,14.324012639829844,14.152136495940653,13.982322587433522,13.814546152535662,13.648782773809764,13.485008287006384,13.323198831701509,13.163330831041533,13.005381011998285,12.84932633447642,12.695144082461058,12.542811793125182,12.39230725682963,12.243608557633166,12.09669403278241,11.951542272711846,11.808132121043812,11.666442704971061,11.526453354236628,11.388143692281467,11.251493555224332,11.116483042499363,10.98309248647352,10.851302432191577,10.721093698141187,10.592447305360299,10.465344497692175,10.339766782295458,10.215695838496533,10.093113594758638,9.97200219424832,9.852343988758927,9.734121542761603,9.617317631379791,9.501915233299984,9.387897535835465,9.27524792378605,9.163949984501846,9.053987500793982,8.945344448909122,8.8380049995422,8.731953511759922,8.62717453300076,8.523652795023954,8.421373214922252,8.320320887019903,8.220481088949178,8.121839271522836,8.024381061772388,7.928092257884342,7.832958830212949,7.738966915203696,7.646102818431566,7.554353006499015,7.46370411108699,7.37414292186566,7.285656390545424,7.198231620749401,7.111855874089931,7.026516564092077,6.9422012551808585,6.858897661668517,6.776593643703495,6.695277207270448,6.614936505202987,6.535559828068923,6.457135610246769,6.379652423849234,6.303098976697725,6.227464115360592,6.152736816038371,6.07890618962754,6.0059614786822655,5.933892052350646,5.862687408400208,5.792337171192415,5.722831089657151
2,44.65,45.4,42.43,34.05,36.87,37.59,37.93,39.44,34.46,25.84,35.19,28.97,26.49,29.22,23.3,30.04,25.1,25.35,31.45,16.52,21.87,17.21,24.05,20.06,17.22,20.57,18.2,20.41,18.96,12.58,16.39,11.23,13.84,14.16,12.47,15.83,14.46,8.64,14.64,14.6,14.33,13.99,13.73,13.41,12.97,12.67,12.44,12.21,12.05,11.81,11.56,11.45,11.25,11.04,10.9,10.75,10.67,10.5,10.32,10.15,9.98,9.9,9.83,9.71,9.6,9.51,9.36,9.23,9.18,9.13,8.95,8.85,8.82,8.71,8.6,8.48,8.36,8.23,8.09,7.95,7.87,7.78,7.69,7.67,7.57,7.4,7.3,7.26,7.172882130660076,7.086809626662032,7.001769942830271,6.917750686425026,6.83473961274517,6.752724626593952,6.6716937764160695,6.5916352513662195,6.512537385706281,6.434388651476673,6.357177662893538,6.280893164622912,6.205524042040825,6.1310593109732014,6.057488120627317,5.984799746263148,5.912983597987757,5.842029209029446,5.771926238669227,5.702664472240816,5.634233813801985,5.566624291997488,5.499826052730404,5.4338293635593296,5.368624606369736,5.304202275908237,5.240552987111231,5.177667461913348,5.115536536576086,5.0541511558249,4.993502375780657,4.933581355165265,4.874379364096047,4.8158877723599005,4.758098056741957,4.70100179662838,4.644590668143458,4.588856452943981,4.533791026493395,4.479386365390462,4.4256345415063345,4.372527719053101,4.320058158980972,4.268218216046822,4.217000334417002,4.166397049133071,4.116400987577517,4.067004860679397,4.018201471708696,3.9699837060162326,3.9223445398280323,3.8752770270537624,3.828774311012568,3.782829611241508,3.73743623522139,3.6925875651852063,3.64827706544678,3.6044982794693095,3.561244825468174,3.5185104008081294,3.476288776140388,3.4345737997998027,3.3933593919419565,3.352639544543159,3.312408324331904,3.272659868391685,3.233388382695263,3.194588145036128,3.1562535006313084,3.1183788606556435,3.0809587081047,3.0439875875346685,3.0074601109252783,2.9713709562140695,2.935714861433478,2.900486632039478,2.865681132117209,2.831293290243893,2.7973180950916445,2.763750595427474,2.730585897181826,2.6978191678457706
3,34.94,25.25,26.31,26.39,28.34,25.89,28.98,32.45,28.07,27.0,19.75,21.94,22.4,17.95,18.78,15.63,17.67,16.2,17.6,20.63,19.15,12.18,16.8,14.39,13.1,14.84,15.99,16.9,15.4,13.82,11.09,11.93,12.04,12.33,11.29,9.27,9.14,10.32,8.17,8.02,7.72,7.58,7.4,7.19,6.99,6.86,6.71,6.56,6.56,6.4,6.25,6.24,6.07,5.89,5.87,5.83,5.79,5.6,5.4,5.35,5.3,5.25,5.21,5.17,5.14,5.12,5.04,4.96,4.9,4.84,4.78,4.72,4.75,4.7,4.57,4.52,4.54,4.55,4.41,4.27,4.27,4.27,4.27,4.26,4.17,4.01,3.93,3.91,3.863080828812199,3.8167246674703357,3.770924760910644,3.7256744350076216,3.680967094386509,3.6367962235170523,3.593155385619739,3.5500382204782803,3.50743844553337,3.4653498504138835,3.4237663034994403,3.382681743170319,3.342090182182502,3.3019857054801527,3.2623624680080945,3.223214694711813,3.1845366816312133,3.1463227915255807,3.108567453873582,3.071265168154543,3.0344104972858887,2.9979980709044245,2.9620225809912926,2.9264787851532574,2.8913615044351797,2.8566656189449797,2.8223860744161957,2.7885178734579044,2.7550560799297577,2.72199581894199,2.6893322702928484,2.657060675031159,2.625176329987526,2.5936745866805686,2.5625508567857236,2.531800602291403,2.501419342061557,2.47140264964815,2.4417461489161223,2.412445518418431,2.3834964870210067,2.354894837184037,2.3266363994931636,2.2987170559407635,2.2711327377384287,2.2438794253169654,2.2169531450451117,2.1903499736045844,2.164066033615031,2.1380974947277935,2.1124405725321487,2.0870915274615456,2.0620466658873666,2.037302335743888,2.012854933090839,1.9887008933633208,1.964836696840608,1.9412588653648675,1.9179639634349188,1.8949485960187142,1.8722094074595763,1.8497430836637216,1.8275463521002573,1.8056159774261433,1.7839487625799493,1.7625415498756176,1.741391219908702,1.7204946893688466,1.6998489132273074,1.6794508825494299,1.6592976255884118,1.6393862034102606,1.6197137142688338,1.600277291418321,1.5810741031132398,1.5621013493271596,1.5433562650339787,1.5248361191141662,1.5065382121672402,1.4884598765117683,1.4705984783728885,1.452951413507267
4,26.84,21.69,26.99,22.39,19.8,27.51,21.91,23.09,26.11,18.68,20.81,14.98,15.64,13.44,13.83,12.81,12.87,10.55,10.78,14.69,14.31,15.47,14.72,13.71,6.82,12.39,10.11,13.71,13.7,10.14,10.18,9.3,8.69,7.69,7.23,9.29,8.37,4.82,7.24,7.11,6.8,6.69,6.53,6.35,6.22,6.1,5.96,5.81,5.74,5.66,5.51,5.43,5.34,5.18,5.08,5.06,5.03,4.92,4.81,4.77,4.73,4.61,4.49,4.46,4.42,4.4,4.38,4.37,4.3,4.23,4.17,4.11,4.13,4.07,4.02,3.97,3.91,3.92,3.86,3.8,3.8,3.73,3.66,3.65,3.65,3.57,3.48,3.47,3.4283606963078186,3.387221047278325,3.346575058494968,3.3064168052556298,3.266740435648272,3.2275401674752966,3.1888102882535416,3.1505451521386485,3.1127391840259113,3.0753868744242125,3.038482778430812,3.0020215198321973,2.9659977818771712,2.930406317528975,2.8952419381879557,2.8604995198428345,2.826173998969863,2.792260372532821,2.758753699008226,2.7256490942844898,2.6929417347375506,2.660626853130026,2.6286997406616366,2.597155742868357,2.565990264748477,2.5351987615356935,2.5047767479260155,2.4747197898760716,2.4450235066535315,2.415683570837107,2.386695705240913,2.358055685990108,2.3297593394452543,2.3018025411771057,2.2741812169918227,2.2468913408805444,2.219928937069814,2.1932900748955197,2.166970871878528,2.1409674926994735,2.1152761481735465,2.0898930932000668,2.0648146288129112,2.0400370991048735,2.0155568953285163,1.9913704476944698,1.9674742315227078,1.9438647641669105,1.9205386050144628,1.8974923554864571,1.8747226549368416,1.8522261868036949,1.829999670407528,1.80803986812777,1.7863435792514941,1.7649076409986308,1.7437289295471783,1.72280435798278,1.7021308773239359,1.6817054744715771,1.6615251722090683,1.6415870292022032,1.621888141024423,1.6024256350307495,1.5831966765090617,1.5641984615036084,1.5454282209158585,1.5268832205045004,1.5085607567845918,1.490458159077987,1.4725727895133338,1.4549020420008627,1.4374433391567503,1.4201941384543926,1.4031519260731307,1.3863142168982518,1.369678556571413,1.3532425225158538,1.3370037188103352,1.3209597772143506,1.305108361268976,1.2894471591203847
5,22.35,19.16,21.35,22.24,18.1,17.44,18.95,15.68,20.78,13.51,17.7,11.64,14.39,14.44,16.42,11.18,11.63,12.87,11.17,11.76,12.75,12.02,12.81,10.08,7.67,10.54,9.26,9.76,11.4,8.26,7.35,10.14,8.97,6.91,6.78,5.53,7.06,10.26,6.82,6.77,6.58,6.47,6.36,6.19,6.01,5.88,5.75,5.62,5.47,5.4,5.32,5.17,5.09,5.01,4.92,4.83,4.73,4.7,4.67,4.64,4.6,4.48,4.37,4.33,4.29,4.26,4.24,4.22,4.14,4.07,4.0,3.94,3.95,3.89,3.84,3.78,3.73,3.74,3.76,3.7,3.63,3.57,3.49,3.42,3.34,3.34,3.26,3.17,3.1319606118866634,3.0943776815274386,3.0572457312772823,3.020559351693775,2.984313194716859,2.948501977566131,2.9131204827408417,2.878163554122605,2.8436260950267487,2.809503074048255,2.775789517267177,2.742480512145929,2.7095712036319908,2.677056795132239,2.6449325504615873,2.613193785074077,2.5818358748317913,2.55085425015891,2.5202443950673907,2.4900018491056124,2.4601222034610846,2.4306011058320616,2.401434251658636,2.372617391917323,2.3441463253264727,2.316016904192213,2.2882250275881844,2.260766645252836,2.2336377566150976,2.2068344068970913,2.180352691011422,2.1541887477152386,2.1283387654561734,2.10279897555208,2.0775656570626477,2.052635131917788,2.0280037658919556,2.00366797152712,1.9796242003381779,1.9558689476845708,1.9323987537446057,1.9092101957208742,1.8862998946605092,1.86366451253222,1.8413007502776435,1.8192053468370213,1.7973750840208151,1.7758067796894472,1.7544972906762657,1.7334435098645786,1.7126423710592686,1.6920908411922055,1.671785925193866,1.6517246640446848,1.6319041338007305,1.6123214465680322,1.5929737475796064,1.5738582171441058,1.554972068697171,1.536312550750079,1.5178769439667719,1.4996625611638574,1.4816667473106093,1.4638868795289663,1.4463203670935336,1.4289646504572588,1.411817198328462,1.394875513516775,1.37813712611288,1.3615995954371554,1.3452605139369678,1.3291174974434412,1.313168194914688,1.2974102816155477,1.2818414610662319,1.2664594630936792,1.2512620467545241,1.2362469974121277,1.2214121267365778,1.2067552717303642,1.1922742976513512,1.177967092166836
6,22.15,19.55,23.23,17.35,19.48,19.96,17.08,16.64,16.94,16.2,15.98,15.53,14.08,12.58,12.32,14.01,10.59,12.51,11.62,8.71,13.34,10.79,10.69,11.47,10.37,10.3,9.13,9.24,8.06,8.78,7.95,9.46,8.02,8.34,6.87,7.03,7.43,6.76,6.47,6.43,6.25,6.12,6.01,5.89,5.71,5.6,5.47,5.35,5.21,5.06,5.06,4.91,4.76,4.76,4.75,4.59,4.42,4.4,4.38,4.35,4.32,4.28,4.24,4.2,4.16,4.13,4.1,4.08,3.99,3.84,3.77,3.77,3.78,3.72,3.59,3.47,3.41,3.43,3.44,3.38,3.32,3.26,3.19,3.12,3.04,3.04,2.96,2.88,2.845440525769466,2.811295753854098,2.7775607062607994,2.744230467571625,2.711300180273987,2.6787650447606604,2.6466203193297804,2.6148613201848407,2.5834834186328273,2.5524820410842106,2.521852669986909,2.49159084195837,2.46169214591766,2.4321522240194153,2.402966773521763,2.3741315383807002,2.3456423176557135,2.317494958972075,2.289685360388759,2.262209468530523,2.23506328045583,2.208242838053096,2.1817442336444404,2.1555636043819386,2.129697135983452,2.104141058996797,2.0788916469318353,2.053945221864212,2.0292981469637006,2.00494683023003,1.980887723558929,1.9571173199402532,1.9336321553258993,1.9104288067618922,1.887503892388382,1.864854071439647,1.8424760433101341,1.8203665466205026,1.7985223582836665,1.7769402953727085,1.7556172123190088,1.7345500018462037,1.7137355921683088,1.6931709516595117,1.672853082316466,1.6527790225601662,1.6329458481699022,1.6133506666795183,1.5939906239151127,1.5748628983912927,1.5559647003772195,1.5372932775003507,1.5188459082087395,1.5006199036389487,1.4826126085500086,1.4648213966536303,1.447243676217949,1.4298768844637804,1.4127184922344078,1.3957659965239224,1.3790169279488835,1.3624688460785295,1.3461193375668647,1.3299660208224466,1.3140065404046395,1.2982385716934044,1.2826598152855513,1.2672680025984862,1.2520608883985507,1.2370362573387241,1.2221919192888362,1.2075257112034823,1.1930354952541082,1.178719159762968,1.1645746173352085,1.1505998085946998,1.1367926947123748,1.123151263943932,1.1096735288279642,1.096357525251998,1.0832013105845824,1.0702029702129885
7,20.93,16.38,16.71,19.14,14.77,16.07,14.13,17.7,14.33,13.34,15.84,12.22,11.49,9.79,11.68,8.71,11.03,11.47,8.33,8.88,11.2,9.49,8.51,8.75,10.17,6.78,8.26,7.74,7.16,8.71,4.88,7.91,6.08,9.45,8.3,5.69,7.28,6.02,6.03,6.03,5.85,5.66,5.54,5.42,5.28,5.17,5.05,4.99,4.87,4.73,4.74,4.58,4.43,4.43,4.43,4.35,4.11,3.95,3.93,3.91,3.88,3.85,3.82,3.79,3.75,3.72,3.69,3.66,3.64,3.56,3.41,3.34,3.34,3.35,3.29,3.16,3.1,3.04,2.99,3.0,3.01,2.95,2.88,2.81,2.74,2.74,2.74,2.73,2.697240453339854,2.664874010275881,2.6328959533933163,2.6013016237819135,2.570086415185502,2.539245779852433,2.5087752226851294,2.478670302215161,2.448926632553395,2.419539877539545,2.3905057546424695,2.3618200330100234,2.333478532493984,2.3054771207248215,2.2778117179870763,2.250478293319062,2.2234728615876325,2.196791487388489,2.170430283096026,2.1443854059381064,2.118653060921288,2.0932294969305225,2.0681110096543773,2.04329393768474,2.018774664466966,1.9945496163497276,1.9706152625850146,1.9469681153281346,1.9236047286626368,1.9005216966501626,1.877715656255669,1.8551832824720553,1.832921292220462,1.8109264404499699,1.789195523062827,1.7677253710639955,1.7465128564116037,1.725554888116645,1.7048484102928283,1.6843904060568762,1.6641778936282277,1.6442079273041101,1.6244775964844658,1.6049840256719508,1.5857243744719356,1.5666958346672788,1.5478956341186285,1.5293210318890464,1.510969322144307,1.492837828302448,1.4749239098592957,1.4572249555629389,1.439738385363879,1.4224616504150303,1.4053922340467941,1.3885276468916847,1.3718654327347783,1.3554031616881872,1.3391384350664364,1.3230688834363131,1.3071921627165646,1.2915059610034259,1.2760079907700175,1.2606959937417217,1.2455677389460313,1.230621019787325,1.2158536598973178,1.2012635063095347,1.186848431409461,1.1726063358597683,1.1585351437249383,1.1446328034463367,1.1308972897923657,1.117326599958161,1.1039187564908188,1.0906718053392452,1.0775838158541555,1.0646528807880742,1.0518771153202604,1.0392546570567072,1.0267836670052173,1.0144623266501762
8,15.92,18.99,17.75,14.55,16.14,14.0,11.36,14.75,11.88,13.33,13.96,13.24,10.33,10.87,9.17,8.68,9.61,8.34,10.57,10.72,14.07,9.59,8.8,7.84,6.54,11.4,6.1,8.55,6.36,11.56,5.03,6.48,7.57,6.65,7.94,3.7,7.37,6.41,5.58,5.6,5.46,5.27,5.15,5.1,4.97,4.82,4.63,4.51,4.45,4.32,4.26,4.18,4.03,3.96,3.96,3.96,3.8,3.64,3.55,3.46,3.44,3.42,3.4,3.37,3.34,3.31,3.28,3.25,3.23,3.21,3.13,3.05,3.05,2.98,2.92,2.93,2.94,2.88,2.82,2.83,2.78,2.71,2.72,2.66,2.59,2.59,2.59,2.59,2.558920389734584,2.528213725008956,2.4978755318083246,2.4679013871794684,2.438286924336893,2.4090278265354437,2.380119829112767,2.351558720510542,2.3233403361470946,2.2954605655660116,2.267915345287529,2.2407006598297556,2.213812542729909,2.187247076544313,2.1610003897847068,2.1350686558970104,2.109448096325019,2.0841349774467113,2.059125610574247,2.034416348890274,2.010003593575315,1.9858837846166875,1.9620534079571224,1.9385089903886057,1.9152471005736122,1.8922643490451034,1.8695573841216035,1.8471228990558182,1.8249576218223216,1.803058323287406,1.7814218121029266,1.7600449347063003,1.7389245753205054,1.7180576559540832,1.6974411353799055,1.6770720091351743,1.6569473085001907,1.637064100498356,1.6174194868749379,1.598010604097073,1.5788346253962287,1.5598887546408133,1.5411702304211043,1.5226763260492464,1.504404344453095,1.486351624303605,1.46851553286621,1.4508934711069814,1.4334828716501626,1.4162811967357094,1.3992859392405181,1.3824946216571967,1.365904797115296,1.349514047338845,1.3333199846888155,1.3173202480781956,1.3015125060356845,1.2858944536419978,1.2704638166147932,1.2552183441600513,1.240155816120694,1.2252740348067348,1.2105708341863606,1.196044068652386,1.1816916232345689,1.1675114044085257,1.1535013472443525,1.139659408258005,1.1259835705174555,1.11247184160023,1.0991222515509453,1.085932853902541,1.072901728739973,1.0600269745303617,1.0473067162928456,1.0347390994711902,1.0223222919762527,1.010054485207212,0.9979338909878751,0.9859587415666778,0.9741272937016093,0.9624378204903611
9,16.66,12.26,15.72,18.06,21.59,16.45,17.19,10.68,14.1,14.43,15.57,14.92,10.0,11.89,8.38,11.6,11.67,10.2,8.91,8.81,10.12,8.22,9.23,6.25,8.13,4.96,7.24,10.22,10.79,7.33,6.11,6.67,6.45,7.22,6.92,7.31,4.26,7.34,5.27,5.29,5.17,5.03,4.91,4.86,4.8,4.67,4.44,4.31,4.27,4.13,4.08,4.01,3.79,3.64,3.64,3.64,3.57,3.49,3.4,3.32,3.3,3.28,3.26,3.24,3.21,3.18,3.15,3.12,3.1,3.08,3.06,2.98,2.9,2.83,2.76,2.77,2.78,2.79,2.8,2.74,2.61,2.55,2.56,2.57,2.58,2.58,2.51,2.44,2.410720347816264,2.3817920431451443,2.3532108703883003,2.3249726636261627,2.297073307631781,2.269508736856975,2.2422749334046266,2.2153679280425327,2.1887837991895567,2.1625186739294744,2.13656872395557,2.110930165570634,2.0855992647562234,2.0605723270341416,2.0358457076049588,2.0114158012094894,1.9872790482119074,1.963431930544335,1.9398709727206958,1.9165927418367155,1.8935938435145108,1.8708709269718522,1.8484206799529028,1.8262398317697737,1.8043251492471155,1.782673437735971,1.7612815421276273,1.74014634482591,1.7192647657471847,1.6986337613065041,1.6782503254314585,1.6581114855067707,1.6382143084574055,1.6185558936516051,1.5991333769563,1.5799439256678447,1.560984744595132,1.5422530699764818,1.5237461725211938,1.5054613543679942,1.4873959500988854,1.4695473277530005,1.4519128867988962,1.4344900550929975,1.4172762949627122,1.4002690971233143,1.3834659816917982,1.3668645022422887,1.3504622376952202,1.3342567973866004,1.3182458200541554,1.3024269718096282,1.2867979471526287,1.271356468970634,1.2561002854974324,1.2410271743685317,1.2261349385657503,1.211421406417216,1.196884435652778,1.1825219063070378,1.1683317247747604,1.1543118238108725,1.1404601605027596,1.12677471424256,1.113253491796427,1.0998945222352672,1.0866958589624456,1.0736555776860792,1.0607717784467443,1.048042582575917,1.0354661357375312,1.0230406048864225,1.0107641792821782,0.9986350684614355,0.986651506293288,0.9748117448961742,0.9631140597071365,0.9515567454264148,0.940138117031296,0.9288565118038211,0.9177102832476692,0.9066978091989772
10,19.0,21.29,16.57,15.05,16.3,14.82,13.87,11.81,12.0,11.19,14.08,11.03,14.93,10.96,12.5,9.31,14.04,8.38,14.07,11.01,7.35,12.14,11.53,8.29,8.42,7.15,12.33,7.21,7.63,7.15,3.98,7.77,9.62,6.74,5.62,5.99,4.08,7.62,5.32,5.39,5.27,5.15,5.01,4.89,4.77,4.65,4.58,4.57,4.44,4.33,4.34,4.21,4.0,3.93,3.93,3.85,3.7,3.63,3.55,3.47,3.45,3.36,3.27,3.25,3.23,3.2,3.17,3.14,3.11,3.09,3.07,2.98,2.9,2.89,2.89,2.89,2.83,2.77,2.78,2.72,2.66,2.67,2.61,2.55,2.56,2.57,2.5,2.43,2.4008403550703945,2.3720306181851765,2.3435665893328004,2.315444120706368,2.2876591137486466,2.2602075201370635,2.2330853368587396,2.20628861310544,2.1798134423936326,2.153655967489448,2.127812374498727,2.1022788987769743,2.077051818034408,2.05212745529094,2.0275021798611683,2.0031724014444157,1.9791345740647066,1.9553851941007785,1.9319208022560679,1.9087379776487505,1.8858333407667227,1.8632035544525938,1.8408453209487057,1.8187553809121404,1.7969305153847062,1.7753675438229513,1.7540633231131697,1.733014748556396,1.7122187518984178,1.6916723032997614,1.671372408380714,1.6513161072363292,1.6315004783763989,1.611922632815497,1.5925797170279554,1.5734689129478667,1.5545874350141027,1.5359325311553087,1.517501482789903,1.4992916038410833,1.4813002397518347,1.4635247694549145,1.4459626004478865,1.4286111756880753,1.4114679647276243,1.3945304686384632,1.377796220012309,1.3612627800056847,1.3449277373549264,1.3287887133011502,1.3128433556802916,1.297089338923107,1.2815243679951445,1.2661461744567728,1.2509525164631805,1.2359411807343625,1.2211099786151465,1.2064567490301736,1.1919793555289189,1.1776756882556763,1.1635436639495593,1.1495812210195357,1.1357863264393788,1.122156967867722,1.1086911595580191,1.0953869403885566,1.0822423689374874,1.0692555313627774,1.0564245335222597,1.0437475058986003,1.0312226016293111,1.018847994536765,1.0066218810981806,0.9945424794606293,0.9826080294410372,0.9708167905561953,0.9591670459627356,0.9476570975321625,0.9362852658508543,0.9250498951450283,0.913949348355776,0.902982006154068
11,17.36,16.87,17.27,15.33,17.28,16.57,14.08,13.11,11.42,18.95,14.35,9.58,9.72,10.05,13.84,7.8,8.99,12.2,13.73,11.99,12.19,6.73,10.62,7.27,8.87,9.3,9.58,8.59,9.99,6.64,8.74,5.28,7.73,4.29,5.42,8.38,7.75,5.8,5.79,5.79,5.64,5.52,5.4,5.26,5.08,4.96,4.98,4.92,4.76,4.65,4.61,4.55,4.42,4.36,4.36,4.29,4.22,4.14,3.99,3.91,3.9,3.82,3.72,3.7,3.68,3.58,3.48,3.45,3.42,3.38,3.36,3.33,3.25,3.16,3.16,3.16,3.09,3.03,2.97,2.91,2.92,2.93,2.87,2.75,2.69,2.69,2.7,2.7,2.6676004341705752,2.6355896534022247,2.6039629912157793,2.5727158388288887,2.5418436431664797,2.5113419048712107,2.481206178303471,2.451432070546607,2.4220152443912424,2.392951410377094,2.364236334751156,2.335865831509516,2.3078357673712198,2.280142054814861,2.252780660036766,2.2257475949928076,2.1990389193879536,2.172650739681492,2.1465792130661256,2.1208205365254664,2.0953709577765407,2.0702267683063758,2.0453843023772307,2.020839940010912,1.9965901040044571,1.9726312609249055,1.9489599171302092,1.9255726247378682,1.902465974661521,1.8796365986004915,1.8570811690397875,1.8347964012396472,1.8127790452773567,1.791025892015886,1.7695337721091167,1.748299554012298,1.727320140997725,1.7065924771233787,1.6861135412642867,1.6658803481072986,1.6458899491458552,1.6261394316852202,1.606625915858158,1.5873465586040265,1.5682985496896862,1.5494791136990451,1.5308855080435135,1.5125150209724576,1.4943649775418382,1.476432730661253,1.4587156680573485,1.4412112063051812,1.4239167958020835,1.4068299157937987,1.3899480743744796,1.3732688124657837,1.3567896988430042,1.3405083321246198,1.3244223397775199,1.3085293761274583,1.2928271253433736,1.2773132994478424,1.2619856373223066,1.2468419047070733,1.2318798942013156,1.2170974262578438,1.2024923452040164,1.1880625232208293,1.1738058573585985,1.1597202685421872,1.145803705550096,1.1320541390458283,1.1184695665517514,1.10504800548569,1.091787503108651,1.0786861235927803,1.0657419599586333,1.0529531241274495,1.0403177518950153,1.0278340039264366,1.0155000587927299,1.0033141189394585
12,16.39,17.12,19.62,18.13,20.49,17.56,15.19,14.4,17.09,16.39,13.6,12.74,13.08,13.28,12.95,9.0,11.85,16.42,13.39,9.26,10.79,10.99,15.46,12.97,12.39,9.43,12.63,7.7,9.78,9.01,9.44,9.66,6.24,5.01,7.21,6.98,8.64,4.74,6.63,6.54,6.32,6.17,6.04,5.91,5.78,5.67,5.56,5.44,5.31,5.17,5.14,5.11,4.97,4.92,4.86,4.8,4.8,4.72,4.57,4.5,4.49,4.48,4.47,4.45,4.35,4.18,4.08,4.04,4.01,3.97,3.93,3.9,3.81,3.72,3.7,3.69,3.69,3.62,3.49,3.43,3.45,3.46,3.41,3.28,3.23,3.24,3.18,3.04,3.0035205653513395,2.967478871179461,2.931869663808266,2.896687753489133,2.8619280144009127,2.8275853788383443,2.793654843992237,2.7601314632320926,2.7270103519176896,2.694286683524692,2.661955686738857,2.6300126522362204,2.598452923965712,2.5672719020549524,2.5364650428102515,2.506027855810816,2.475955905845943,2.4462448100092278,2.4168902386671602,2.3878879135219306,2.3592336076114275,2.33092314530924,2.3029523994188614,2.275317296016681,2.248013804766002,2.221037948603024,2.1943857950194587,2.168053459936922,2.1420371067383384,2.116332941424947,2.090937220365091,2.065846241576829,2.0410563476337327,2.016563926633486,1.9923654083234896,1.9684572670066585,1.9448360166984275,1.9214982159697458,1.8984404631040845,1.875659398034633,1.8531517004071019,1.830914090548323,1.8089433265604535,1.7872362072267716,1.7657895681372824,1.7446002836259153,1.7236652667705243,1.7029814655184938,1.6825458655925356,1.66235548855349,1.6424073918003277,1.622698667601551,1.603226445032389,1.58398788513181,1.5649801838083126,1.546200571839927,1.527646310999823,1.5093146979307022,1.4912030612390033,1.4733087605263036,1.4556291883265169,1.4381617681686956,1.4209039526398353,1.4038532291964627,1.3870071114472544,1.3703631430274268,1.3539189005045327,1.3376719856296746,1.3216200321176934,1.3057606978983816,1.290091673833868,1.2746106759698304,1.2593154474726955,1.2442037586296357,1.229273408785766,1.2145222205325565,1.1999480435822245,1.1855487557363311,1.1713222561055965,1.1572664728586832,1.1433793574106088,1.1296588853913434
13,19.61,18.52,18.77,19.63,19.52,18.61,17.84,16.51,16.48,13.78,12.08,11.92,18.46,15.29,15.19,13.58,14.44,13.7,11.12,11.25,8.96,12.58,9.78,11.96,13.24,12.64,10.88,11.05,10.74,7.9,7.73,8.77,8.01,10.13,12.28,7.5,6.63,7.67,7.84,7.82,7.56,7.33,7.1,6.95,6.81,6.62,6.4,6.29,6.24,6.13,6.08,6.0,5.82,5.76,5.64,5.51,5.52,5.45,5.3,5.23,5.22,5.22,5.13,5.04,4.95,4.85,4.82,4.78,4.75,4.7,4.66,4.62,4.58,4.48,4.39,4.37,4.36,4.29,4.22,4.16,4.1,4.12,4.07,4.02,3.96,3.91,3.85,3.73,3.68524082641032,3.6410187426413763,3.597327305125109,3.554160145183837,3.5115109740229484,3.469373573744053,3.427741805333294,3.3866096016715757,3.3459709675345635,3.305819980591225,3.2661507894067503,3.2269576134425546,3.1882347400606608,3.1499765265207764,3.112177396984682,3.0748318435147644,3.037934423078405,3.001479757547979,2.9654625356979305,2.9298775072135466,2.894719486685105,2.859983349613725,2.8256640354069815,2.7917565413876746,2.758255924790904,2.72515730575969,2.6924558593566585,2.6601468195582028,2.6282254772574003,2.5966871812625554,2.565527336300119,2.5347413990205383,2.5043248829909466,2.474273356698087,2.444582440552698,2.415247805890974,2.386265177970182,2.3576303339715827,2.329339100004818,2.3013873531049844,2.2737710192355607,2.2464860742869415,2.219528541080826,2.1928944903687544,2.166580041830646,2.140581360080648,2.1148946556656703,2.0895161860639284,2.0644422506922466,2.039669196897292,2.0151934129658042,1.9910113331172878,1.96711943251132,1.9435142292446275,1.9201922833525487,1.897150194811957,1.8743846055383353,1.8518921993857793,1.8296696961557652,1.8077138585869192,1.7860214863637869,1.764589418113909,1.7434145294107475,1.7224937357692975,1.7018239866548588,1.6814022714742658,1.661225611587581,1.6412910682964006,1.621595734855549,1.6021367424643085,1.5829112542751882,1.5639164673910024,1.5451496158604845,1.5266079616914423,1.5082888048361414,1.4901894742044592,1.4723073316580402,1.4546397730088327,1.4371842210293206,1.4199381334408308,1.4028989949252257,1.3860643241146733
14,24.73,21.96,20.38,19.33,19.61,18.9,20.7,19.11,21.53,18.88,20.97,20.93,21.17,17.48,17.82,20.66,15.51,13.46,14.29,14.23,11.86,18.2,14.64,10.99,13.69,12.3,13.17,8.42,12.83,14.95,9.38,9.55,11.54,12.43,11.37,10.23,9.08,8.78,9.29,9.28,9.06,8.78,8.47,8.29,8.13,7.91,7.73,7.59,7.43,7.24,7.08,6.99,6.85,6.75,6.62,6.51,6.46,6.31,6.24,6.17,6.1,6.1,6.02,5.85,5.76,5.74,5.71,5.67,5.63,5.59,5.54,5.48,5.44,5.25,5.08,5.05,5.03,5.02,5.02,4.88,4.76,4.77,4.79,4.74,4.62,4.57,4.59,4.54,4.485521205407375,4.431696128545018,4.378516923592496,4.3259758430047555,4.274065227380649,4.222777513568117,4.172105226558999,4.122040982528486,4.072577484782521,4.023707525784094,3.9754239831006584,3.9277198194041203,3.8805880844971408,3.8340219082210973,3.7880145055218244,3.7425591713838715,3.6976492808305044,3.653278288923704,3.609439730764168,3.5661272164255666,3.523334433993992,3.4810551465285067,3.4392831940874475,3.3980124876495297,3.3572370141795935,3.316950829536561,3.277148062526033,3.2378229149002897,3.198969653253099,3.16058261611176,3.1226562088713608,3.085184904807923,3.04816324305211,3.0115858275760754,2.9754473282066116,2.939742478598855,2.9044660742099886,2.869612975338685,2.83517810104622,2.80115643422221,2.7675430165188764,2.7343329483510384,2.7015213909224154,2.6691035611598823,2.6370747347529155,2.605430245140446,2.5741654794582614,2.5432758815784573,2.5127569490699884,2.4826042352249647,2.4528133450060605,2.4233799370728106,2.394299720742163,2.365568460041075,2.337181965601327,2.309136101751557,2.281426780438374,2.254049964265802,2.227001661429539,2.200277931795846,2.173874879809509,2.1477886575332836,2.122015463634748,2.096551541360007,2.0713931805599826,2.0465367136378307,2.02197851757523,1.9977150149455318,1.973742667834873,1.950057983921063,1.9266575103946948,1.9035378380117383,1.8806955960277998,1.8581274552375646,1.8358301279747988,1.8138003640597562,1.7920349518123249,1.770530720078326,1.749284535190067,1.7282932999531946,1.7075539546598424,1.6870634781017795
15,28.52,24.72,21.94,27.5,22.55,22.82,20.58,27.96,19.39,22.13,22.3,20.56,22.66,17.17,21.56,22.86,26.75,16.79,19.2,13.71,18.2,13.07,14.54,17.57,12.72,16.24,12.51,14.55,14.31,15.48,9.38,11.75,11.04,13.64,15.84,11.29,8.86,12.89,10.87,10.84,10.63,10.37,10.06,9.81,9.61,9.42,9.26,9.04,8.78,8.55,8.37,8.22,8.09,7.98,7.75,7.62,7.51,7.39,7.4,7.25,7.11,7.11,7.03,6.88,6.79,6.77,6.67,6.56,6.52,6.47,6.42,6.36,6.3,6.18,6.06,6.02,5.92,5.83,5.81,5.74,5.61,5.55,5.57,5.52,5.41,5.36,5.38,5.27,5.206761659994181,5.144282139896244,5.08255233599394,5.021563251700855,4.961305999540228,4.901771799161128,4.842951973370839,4.784837951110576,4.727421264479764,4.67069354476842,4.614646525432864,4.559272040111914,4.504562017667351,4.450508486151548,4.397103568839839,4.344339481254808,4.292208535133912,4.240703133469947,4.189815771502955,4.139539030768797,4.089865587034387,4.040788199386737,3.9922997171762926,3.9443930730735968,3.8970612860450022,3.850297458376958,3.8040947746841027,3.75844650190926,3.7133459883315414,3.668786660590619,3.624762024678639,3.5812656659402187,3.538291244112915,3.4958324972948516,3.4538832379770943,3.412437352051743,3.3714887998038408,3.3310316139275593,3.291059897542389,3.251567826176952,3.212549643801372,3.1739996648110966,3.1359122710511698,3.098281911816237,3.061103101866733,3.024370425396505,2.988078527105657,2.9522221181519916,2.916795973175285,2.881794930297291,2.8472138871541173,2.813047804863849,2.7792917040589225,2.745940665878036,2.7129898279985216,2.6804343905877825,2.648269607376141,2.616490790616366,2.5850933100917675,2.55407259014048,2.523424108663557,2.4931434001006867,2.4632260504706616,2.4336677013390076,2.4044640428746367,2.3756108198012864,2.347103826437986,2.3189389106666867,2.2911119650051006,2.2636189345419555,2.236455813961271,2.209618642582833,2.183103511305533,2.1569065536802166,2.131023952853023,2.1054519375977625,2.080186778348293,2.055224796125673,2.0305623506352894,2.006195849194013,1.9821217397868554,1.958336513050782
16,27.73,31.96,27.96,27.36,24.78,26.28,23.88,24.25,28.79,29.95,23.7,23.65,28.81,20.85,23.71,25.33,23.77,31.86,21.28,20.83,25.09,24.37,19.31,23.3,21.29,18.29,18.7,13.54,17.93,16.86,12.02,11.16,12.61,17.99,15.1,13.85,16.03,13.7,12.56,12.52,12.21,11.89,11.6,11.33,11.06,10.79,10.57,10.34,10.13,9.96,9.8,9.62,9.5,9.33,9.1,8.95,8.83,8.73,8.61,8.47,8.4,8.33,8.18,8.03,7.88,7.79,7.69,7.58,7.47,7.35,7.3,7.24,7.18,7.11,7.05,6.99,6.88,6.77,6.68,6.6,6.53,6.4,6.34,6.36,6.24,6.13,6.16,6.05,5.977402215208986,5.905675552524386,5.834809556824082,5.764793903222096,5.6956183882556175,5.627272931843438,5.5597475733690755,5.493032473639217,5.427117910966839,5.361994279212765,5.297652087785675,5.234081962621318,5.1712746373695415,5.109220960248822,5.047911889150179,4.987338489678726,4.927491933195243,4.868363499753819,4.809944572226554,4.752226638261987,4.695201286368219,4.638860204933704,4.583195185164893,4.52819811521093,4.473860979184426,4.420175859119904,4.367134931056911,4.314730466998473,4.262954828056547,4.21180047032734,4.161259939015999,4.111325867457387,4.061990980053738,4.01324808737857,3.965090085197457,3.9175099564264744,3.8705007662360975,3.8240556640096433,3.778167881384833,3.73283073029535,3.6880376049292827,3.6437819778122433,3.6000573978489356,3.5568574932608055,3.5141759696276083,3.4720066049913103,3.4303432557314055,3.3891798497103776,3.348510386273707,3.3083289401667417,3.268629655659382,3.229406746546087,3.190654497125088,3.1523672592607306,3.114539454341918,3.0771655674067917,3.0402401539972685,3.003757832325285,2.9677132842520186,2.932101258225544,2.896916563405519,2.8621540726008416,2.8278087193319923,2.793875498810254,2.7603494659792736,2.727225733556623,2.694499474971458,2.662165920447641,2.6302203589621787,2.5986581333491268,2.567474644216467,2.5366653479876695,2.5062257529848155,2.4761514243246907,2.4464379780434755,2.4170810850136175,2.3880764660477385,2.359419892877851,2.331107192072237,2.303134234264036,2.2754969449226583,2.2481912945615887
17,32.66,27.07,36.91,34.68,34.99,28.61,29.96,32.46,30.38,29.86,36.45,31.67,28.84,26.61,26.79,27.64,29.09,29.14,31.19,22.35,26.43,25.98,23.23,21.55,23.36,24.75,24.29,20.19,17.06,22.72,16.64,16.45,12.02,15.21,15.12,14.66,15.3,14.29,14.32,14.23,13.91,13.49,13.13,12.87,12.58,12.3,12.01,11.71,11.53,11.33,11.05,10.83,10.73,10.55,10.41,10.28,10.13,10.02,9.78,9.66,9.6,9.46,9.38,9.24,9.02,8.94,8.84,8.74,8.63,8.52,8.39,8.26,8.2,8.12,8.05,7.98,7.92,7.86,7.62,7.39,7.37,7.3,7.17,7.11,7.07,6.96,6.92,6.81,6.7282828403333905,6.647546218813003,6.567778370390373,6.488967672301045,6.4111026382570575,6.334171924254463,6.258164318894131,6.183068745317603,6.1088742621749885,6.035570056849557,5.96314544642564,5.8915898796244806,5.82089292712504,5.751044286403592,5.682033780765811,5.6138513525713325,5.546487067105436,5.479931105803609,5.414173772059062,5.349205482511461,5.285016768982767,5.22159827847723,5.15894076930972,5.097035110137809,5.035872279961769,4.975443365220816,4.915739560761031,4.856752165963686,4.798472584745238,4.7408923245894234,4.684002992675569,4.627796300718196,4.572264057223668,4.517398168458107,4.4631906403832335,4.409633572848859,4.356719160560797,4.304439693080867,4.25278755192314,4.2017552086181,4.151335227616399,4.101520260481351,4.052303047824761,4.003676416403176,3.9556332810537187,3.908166640822415,3.8612695760604407,3.8149352542316266,3.7691569221691164,3.7239279099470375,3.679241624105075,3.635091553455977,3.5914712642459676,3.5483743991868275,3.50579467745589,3.463725893728128,3.4221619181761525,3.381096692598534,3.3405242323556466,3.300438624433829,3.2608340284132975,3.221704671628562,3.1830448511042575,3.1448489335551466,3.1071113515144426,3.0698266072054885,3.0329892647984042,2.9965939571855196,2.9606353792059417,2.925108291517233,2.890007516723733,2.855327937440725,2.821064502101945,2.787212215280397,2.7537661444637838,2.720721415214913,2.6880732111716967,2.6558167750150736,2.623947406533168,2.5924604587496165,2.5613513446990006,2.5306155306514135
18,41.83,28.07,33.89,26.7,27.97,35.61,35.05,33.68,37.51,28.05,28.2,33.19,27.28,25.64,29.37,31.69,29.95,30.75,28.57,38.46,27.84,27.24,25.34,26.23,26.43,26.39,24.68,25.88,22.3,21.35,17.72,15.35,18.12,20.81,20.62,21.51,19.94,20.68,15.9,15.7,15.36,15.02,14.65,14.33,13.97,13.66,13.37,13.07,12.88,12.62,12.31,12.05,11.83,11.66,11.51,11.32,11.14,11.0,10.81,10.65,10.54,10.41,10.34,10.19,10.05,10.05,9.89,9.73,9.7,9.58,9.39,9.26,9.2,9.12,9.04,8.96,8.82,8.68,8.49,8.31,8.27,8.19,8.05,7.99,7.94,7.82,7.72,7.55,7.4594035065921345,7.3698940865452895,7.281458698325292,7.194084455562538,7.107758626088247,7.02246863000694,6.93820203969645,6.854946575952897,6.7726901079906865,6.691420647659981,6.611126354265476,6.5317955268563574,6.453416604226302,6.37597816684099,6.29946892912806,6.2238777433321335,6.149193592768524,6.075405595678265,6.0025029994455705,5.930475179634089,5.85931164095065,5.789002012426495,5.719536049344785,5.650903629385577,5.583094749734568,5.516099529974347,5.449908207265632,5.384511136347264,5.3198987856811835,5.25606174130746,5.192990700097995,5.1306764697565335,5.069109971709921,5.008282232434309,4.948184388273934,4.888807681586096,4.830143459777396,4.7721831733762405,4.714918376032825,4.658340722591638,4.6024419690914495,4.547213968910301,4.492648672765497,4.438738129677363,4.3854744840779825,4.332849973883685,4.280856928567534,4.229487773014349,4.178735019810667,4.128591274063514,4.07904922665412,4.030101660020451,3.9817414385196623,3.9339615171018827,3.886754930708918,3.8401148000567815,3.794034329708177,3.7485068032537305,3.7035255862032517,3.6590841230944693,3.6151759365292757,3.5717946291012375,3.5289338785768223,3.486587437895392,3.4447491361329674,3.4034128765747096,3.3625726347874134,3.3222224586195077,3.2823564682010558,3.242968853052487,3.20405387401211,3.165605858417336,3.1276192049234544,3.090088375793593,3.0530079026812453,3.0163723818115,2.9801764720535258,2.9444149007031064,2.9090824557725963,2.8741739869546765,2.839684406586112,2.805608689647749
19,30.66,33.73,35.16,29.25,29.75,33.58,30.82,31.29,34.9,30.98,33.51,32.18,31.0,29.91,31.39,34.92,30.2,29.97,27.04,33.94,24.75,31.66,30.46,33.79,27.54,25.52,22.95,26.6,22.15,21.93,19.71,18.91,17.17,20.16,23.06,18.24,17.96,22.55,17.09,16.92,16.51,16.24,15.89,15.51,15.1,14.73,14.47,14.11,13.73,13.47,13.28,13.04,12.79,12.65,12.48,12.27,12.04,11.87,11.74,11.56,11.4,11.22,11.09,10.95,10.81,10.74,10.59,10.43,10.34,10.24,10.05,9.93,9.87,9.8,9.72,9.64,9.48,9.27,9.13,9.07,9.02,8.92,8.77,8.7,8.64,8.52,8.41,8.24,8.14112415962132,8.043434730342028,7.946917477845316,7.851558337143814,7.757343413547197,7.664258979759386,7.572291471040569,7.481427486174797,7.391653785534791,7.302957287211551,7.215325067981955,7.128744356535587,7.04320253734511,6.9586871467958975,6.875185867380434,6.7926865325363135,6.711177121808249,6.63064575504249,6.551080700127601,6.472470361383298,6.394803283430835,6.3180681492578135,6.242253777315384,6.167349118615471,6.093343259633543,6.020225415535453,5.947984931145024,5.876611279008861,5.806094060363947,5.7364229964292655,5.667587937114182,5.599578849407278,5.532385824149523,5.465999069261105,5.4004089107090225,5.335605790571893,5.271580266072357,5.20832300473909,5.145824791179983,5.084076515470983,5.02306918089686,4.962793897178038,4.903241878535397,4.844404449495853,4.786273034248797,4.7288391605164755,4.672094461489192,4.616030665181738,4.560639602174165,4.505913201741404,4.451843487015273,4.3984225788548725,4.345642693911388,4.293496137854909,4.24197531408281,4.191072713076169,4.1407809162701765,4.091092596054118,4.042000509965797,3.9934975045619314,3.945576511547753,3.8982305477770156,3.8514527123492037,3.8052361885447237,3.759574240922116,3.7144602162856493,3.6698875388473393,3.625849713129737,3.5823403220307353,3.539353024888378,3.49688155554566,3.454919726220923,3.4134614207346696,3.3725005974123605,3.3320312871492157,3.2920475924426214,3.252543685456933,3.2135138089910757,3.1749522755109445,3.136853466181809,3.0992118269979256,3.0620218736205214
20,34.83,36.68,33.14,31.48,31.47,33.7,31.89,35.04,29.58,28.9,29.99,33.62,35.68,26.54,27.58,33.05,29.45,30.24,30.25,31.56,28.52,26.5,28.86,27.15,27.97,25.19,21.3,23.85,24.03,20.69,17.97,21.36,18.95,18.57,21.2,20.35,17.1,19.66,17.92,17.83,17.4,17.08,16.67,16.32,15.94,15.53,15.22,14.82,14.46,14.22,14.01,13.75,13.46,13.28,13.14,12.92,12.72,12.57,12.41,12.28,12.11,11.88,11.78,11.65,11.51,11.37,11.23,11.09,10.86,10.77,10.59,10.41,10.36,10.29,10.16,10.01,9.92,9.77,9.62,9.54,9.48,9.37,9.2,9.12,9.04,8.92,8.8,8.7,8.595604657547103,8.492461947384493,8.390556841393384,8.289874490670863,8.19040022456638,8.092119549718209,7.995018143308768,7.899081858845785,7.8042967155634875,7.710648902276737,7.618124773526894,7.526710846691266,7.436393801983089,7.347160478597429,7.258997873747658,7.171893141701924,7.08583358896552,7.000806674280887,6.91680000959114,6.833801353295376,6.751798610248689,6.670779831762156,6.5907332117487405,6.511647085759762,6.433509929057846,6.356310356616923,6.280037118304597,6.204679099845671,6.130225318968047,6.056664927329768,5.983987204737874,5.912181561075442,5.841237533411017,5.771144782144501,5.701893093897732,5.63347237669686,5.56587266093586,5.499084095522441,5.433096946914511,5.367901599120181,5.303488552734232,5.239848421084022,5.1769719292659495,5.1148499151089855,5.053473325320561,4.992833216450105,4.932920751998457,4.873727199527287,4.815243935476738,4.757462434566619,4.700374277504637,4.643971145205221,4.588244818789529,4.5331871757313476,4.4787901946747155,4.425045945798664,4.371946599488956,4.319484416702816,4.267651750895997,4.21644105091334,4.165844852317053,4.1158557812408105,4.066466554389751,4.017669973259327,3.969458927025873,3.9218263886925118,3.8747654189432508,3.8282691574712504,3.782330828759981,3.7369437391926423,3.6921012731980594,3.64779689710479,3.6040241523964363,3.560776662456332,3.5180481219687527,3.4758323065541776,3.4341230621705034,3.3929143108941973,3.3522000470661966,3.3119743382554323,3.2722313204411977,3.2329652037943086
21,30.96,33.49,33.02,31.11,30.36,28.67,28.68,32.54,33.59,34.66,30.89,33.88,32.36,31.35,31.67,35.23,34.77,27.67,35.74,28.35,32.02,29.42,27.78,29.95,25.07,23.44,27.69,26.04,25.46,16.16,23.17,21.46,20.34,21.44,17.16,24.01,19.81,21.92,18.41,18.38,17.95,17.54,17.17,16.85,16.44,15.98,15.64,15.33,15.07,14.84,14.59,14.32,14.06,13.84,13.61,13.34,13.18,13.05,12.85,12.7,12.57,12.4,12.25,12.15,12.02,11.88,11.74,11.6,11.39,11.24,11.14,10.97,10.79,10.66,10.53,10.32,10.18,10.09,10.0,9.92,9.84,9.71,9.53,9.43,9.35,9.21,9.09,8.98,8.872245002393761,8.765782944377232,8.660598314211809,8.55667578654061,8.454000218565277,8.352556649090145,8.252330295654852,8.15330655644594,8.055471000738818,7.958809373676773,7.863307589580359,7.768951733858988,7.675728056320321,7.583622974037666,7.4926230646593535,7.402715070231959,7.313885888598063,7.2261225753078575,7.13941234266335,7.053742555895139,6.969100731250814,6.885474535039147,6.802851780762682,6.7212204300735445,6.64056858703861,6.560884499095315,6.482156554184241,6.404373281704923,6.327523346781021,6.2515955493045245,6.176578826803153,6.102462247749742,6.029235009650625,5.956886444780461,5.885406007756789,5.814783284142252,5.745007981842375,5.676069933017164,5.6079590921695015,5.540665533277735,5.474179451707285,5.408491156564218,5.34359107643006,5.279469754582787,5.21611784612941,5.153526119917584,5.091685453756586,5.030586836328926,4.9702213633671315,4.910580239565352,4.8516547718887395,4.793436375308262,4.7359165632426725,4.6790869561607416,4.622939270111612,4.567465324371228,4.512657034751709,4.458506413601352,4.405005568848825,4.352146705914774,4.2999221200654,4.248324201191467,4.197345429985096,4.146978377939759,4.09721570352707,4.048050156975796,3.999474570713829,3.9514818679704096,3.904065054173903,3.8572172188633993,3.8109315347329122,3.7652012576313805,3.7200197217836473,3.675380343613677,3.631276616965535,3.587702115014993,3.544650488357928,3.502115462142905,3.4600908370269856,3.4185704891757207,3.3775483683515537,3.3370184950463977
22,36.38,36.09,27.59,29.72,30.98,35.7,27.62,28.13,30.43,30.97,36.3,32.07,27.91,31.57,31.62,27.96,31.0,33.63,37.38,32.82,30.38,26.1,32.02,28.44,27.49,24.97,24.47,25.03,20.19,18.19,23.19,17.52,21.18,24.24,19.14,21.79,17.82,23.61,18.76,18.79,18.43,18.02,17.56,17.2,16.89,16.48,16.11,15.84,15.59,15.33,15.03,14.72,14.56,14.37,14.09,13.8,13.54,13.38,13.19,13.06,12.98,12.79,12.62,12.54,12.37,12.25,12.11,11.97,11.84,11.7,11.61,11.45,11.28,11.09,10.97,10.77,10.56,10.42,10.26,10.17,10.09,10.01,9.88,9.7,9.6,9.52,9.39,9.26,9.148885324450424,9.039103897302695,8.930639723479048,8.823476998853517,8.717600109297184,8.61299362685913,8.509642308811697,8.407531097650466,8.306645113456204,8.206969656759119,8.10849020281033,8.01119240253661,7.915062078721354,7.820085223140306,7.726247997516306,7.633536728745518,7.541937906033123,7.451438182802862,7.362024371923229,7.273683444752715,7.186402528275528,7.100168905101598,7.014970007738019,6.930793423362846,6.847626885232261,6.765458273635337,6.684275616848794,6.604067083498925,6.524820986380635,6.446525777683646,6.369170048992498,6.292742526512744,6.2172320748900045,6.142627690526639,6.068918500626989,5.996093766061665,5.924142872774702,5.853055337512121,5.7828208001838615,5.713429027682805,5.644869906246713,5.57713344527726,5.510209775430514,5.4440891428883855,5.378761914132418,5.314218567350962,5.250449698167728,5.1874460129584685,5.125198331715261,5.0636975832727105,5.00293480339843,4.942901140521598,4.883587843321091,4.824986270273068,4.767087880103388,4.7098842365613995,4.653367003646149,4.59752794369686,4.54235892121197,4.487851895211063,4.433998923053896,4.380792156621373,4.328223842315538,4.276286319150059,4.224972018750231,4.174273462488693,4.124183263394952,4.074694120426824,4.025798821334717,3.9774902417068634,3.929761341150293,3.882605164245585,3.8360148386373556,3.789983574079494,3.7445046624351663,3.6995714776768116,3.6551774692028327,3.6113161694756677,3.567981185428955,3.5251662013318157,3.4828649787888493,3.441071351966342
23,40.26,30.83,28.45,31.61,31.35,36.89,31.83,31.87,33.11,28.4,36.66,31.28,27.19,29.05,29.34,32.19,28.28,30.65,23.84,34.94,30.05,29.9,30.19,32.84,30.72,24.16,22.91,24.65,25.23,25.39,24.03,21.03,20.95,23.69,24.31,19.38,21.51,17.78,19.27,19.3,18.94,18.53,18.07,17.7,17.36,16.99,16.65,16.41,16.14,15.88,15.62,15.26,15.07,14.92,14.66,14.39,14.1,13.97,13.75,13.5,13.45,13.31,13.13,13.03,12.88,12.72,12.59,12.46,12.25,12.12,11.98,11.83,11.8,11.63,11.45,11.32,11.12,10.92,10.7,10.55,10.46,10.37,10.23,10.04,9.92,9.88,9.74,9.6,9.484805718353218,9.370993628889845,9.258547151283874,9.14744990117165,9.037685692063674,8.929238528653235,8.822092611595954,8.716232326994746,8.61164225022347,8.50830714210328,8.40621194603487,8.305341785130748,8.205681961259312,8.107217953133024,8.009935414396587,7.913820167891454,7.818858210435403,7.725035702307487,7.632338974895336,7.540754520180109,7.450268992648329,7.360869206424125,7.272542136225166,7.185274910671242,7.0990548132402,7.013869281312012,6.929705900433302,6.846552408140998,6.76439668535911,6.683226763090123,6.603030811899945,6.523797145741567,6.44551422004323,6.368170625972945,6.291755093306234,6.2162564866024725,6.1416638052048915,6.06796617846101,5.995152868590369,5.923213263037233,5.852136879250147,5.781913360858288,5.712532473847809,5.64398410751775,5.576258273524125,5.509345103012186,5.443234843748669,5.37791786298955,5.313384642700466,5.249625777644892,5.186631977295963,5.124394062012825,5.062902961128806,5.002149715819155,4.9421254704978175,4.882821479508835,4.8242291004349465,4.766339795053502,4.7091451264687185,4.652636760067603,4.596806460652199,4.541646094351423,4.487147620017834,4.433303096874948,4.380104678781754,4.327544612320887,4.275615238710452,4.22430898902446,4.173618388016479,4.12353604742824,4.0740546698132905,4.025167042801513,3.976866042922779,3.929144631783293,3.8819958531978536,3.8354128379694212,3.7893887952858916,3.7439170203674097,3.6989908858631435,3.6546038437631116,3.6107494253981836,3.56742124144008
24,31.39,40.54,30.92,31.32,29.75,27.8,34.44,31.35,34.17,33.08,31.99,31.51,34.28,29.67,31.76,30.22,36.81,30.73,32.3,35.92,28.59,32.58,27.74,27.95,26.64,27.41,29.19,25.33,21.72,25.59,24.36,21.21,21.08,22.01,20.05,24.28,18.68,21.77,20.04,20.12,19.69,19.28,18.97,18.6,18.18,17.79,17.49,17.22,16.9,16.61,16.41,16.13,15.9,15.71,15.42,15.22,15.01,14.87,14.68,14.33,14.16,14.06,13.87,13.69,13.52,13.38,13.29,13.09,12.89,12.76,12.63,12.49,12.41,12.25,12.07,11.96,11.77,11.63,11.49,11.27,11.11,11.02,10.86,10.66,10.52,10.41,10.24,10.16,10.038086350112634,9.917635514810799,9.798629940743366,9.681052286509667,9.564885428439947,9.450112433619857,9.336716579158685,9.224681344482056,9.113990404588057,9.004627631010655,8.89657708892945,8.789823034279456,8.684349911824269,8.580142353229247,8.477185175134691,8.375463375302196,8.274962130687834,8.175666798405555,8.077562909946733,7.980636170216748,7.884872454644751,7.790257811110488,7.696778452237016,7.604420755390692,7.513171264608008,7.423016682888291,7.3339438731571205,7.245939856339505,7.158991809433057,7.07308706069094,6.988213094438926,6.904357542404688,6.821508185644632,6.739652950690244,6.6587799095480955,6.5788772796998405,6.499933415431514,6.421936813614005,6.344876109849405,6.268740073653958,6.193517610384875,6.119197760276934,6.045769690735178,5.973222704042217,5.901546226760695,5.830729814550351,5.760763149277786,5.6916360332359925,5.623338393961413,5.555860279416883,5.4891918551014,5.423323406940353,5.358245336468469,5.293948158902993,5.230422505070506,5.167659118516691,5.105648852616105,5.044382670572176,4.98385164349038,4.924046952305062,4.864959881035563,4.806581818713039,4.748904258417046,4.691918795348728,4.63561712394057,4.579991040746646,4.525032439625551,4.470733309813584,4.417085739778396,4.364081911438517,4.311714101126769,4.259974675736621,4.208856095612426,4.1583509126225975,4.108451766305957,4.059151382908336,4.01044258019962,3.9623182588030597,3.9147714060489025,3.867795092120758,3.821382471982415,3.775526780560791
25,34.98,41.97,39.56,38.49,30.19,32.45,34.9,32.28,33.91,33.44,33.68,32.16,31.43,29.8,30.55,35.51,33.78,39.03,28.41,35.58,31.54,32.96,30.76,32.41,29.29,29.12,23.81,26.36,29.67,25.4,26.64,24.71,24.39,24.51,22.77,24.63,22.84,30.23,21.28,21.41,20.97,20.62,20.3,19.88,19.48,19.16,18.78,18.4,18.11,17.78,17.53,17.3,17.07,16.83,16.56,16.38,16.11,15.92,15.79,15.54,15.33,15.17,15.02,14.79,14.48,14.32,14.25,14.09,13.9,13.77,13.64,13.44,13.3,13.15,12.99,12.82,12.63,12.57,12.43,12.22,12.06,11.97,11.86,11.64,11.42,11.29,11.17,11.07,10.937167448891024,10.805928707235644,10.676264666059053,10.548156411475532,10.421585302724052,10.29653287462376,10.17298092536405,10.050911438468933,9.930306641323769,9.811148956402985,9.693421020778997,9.577105679294077,9.462185985535811,9.348645195008977,9.236466764160097,9.125634347451102,9.016131796383895,8.907943154623105,8.801052659947004,8.695444735468469,8.59110399353679,8.488015230860427,8.386163427531574,8.28553374019803,8.186111506940438,8.08788224141961,7.99083162995018,7.894945531500619,7.800209972816003,7.706611151344342,7.61413542645758,7.522769325304265,7.43249953207965,7.34331289485381,7.2551964177680786,7.168137260059605,7.082122735085904,6.99714031032486,6.9131776024975,6.830222375617101,6.748262541964638,6.667286159162443,6.587281427247875,6.508236686722423,6.430140421478049,6.352981249042729,6.276747926433127,6.201429346252812,6.127014530839591,6.053492638118175,5.980852953796616,5.909084891366315,5.838177995028348,5.768121930914465,5.698906489037977,5.630521585244647,5.562957253409128,5.496203646410411,5.430251039058155,5.365089818338236,5.300710490240868,5.237103671957034,5.174260094804832,5.112170600327676,5.050826141269762,4.990217777674271,4.930336677858823,4.871174115489137,4.8127214676281405,4.754970217662308,4.697911949448985,4.641538347316391,4.585841196063621,4.530812379985194,4.476443878969277,4.4227277704485735,4.369656225498544,4.317221511763739,4.265415986629684,4.214232100149214,4.16366239406703,4.113699498893359
26,44.55,39.72,41.0,39.75,36.74,36.17,34.96,32.73,29.86,38.19,33.84,32.95,38.98,33.8,33.72,37.93,30.9,32.96,36.22,34.01,38.73,32.7,38.73,35.4,32.61,34.78,30.13,32.07,29.0,26.95,27.01,21.03,26.35,26.24,28.05,24.59,24.48,25.19,22.99,23.1,22.72,22.38,22.04,21.62,21.22,20.93,20.57,20.22,19.91,19.58,19.28,18.99,18.79,18.53,18.26,18.05,17.72,17.5,17.32,17.09,16.91,16.7,16.5,16.32,16.05,15.82,15.73,15.6,15.38,15.12,14.92,14.72,14.52,14.39,14.24,14.07,13.9,13.78,13.58,13.37,13.28,13.18,13.01,12.77,12.6,12.51,12.43,12.25,12.103009092608096,11.957781864631604,11.814297149178755,11.672534043454858,11.532471889199556,11.394090292249563,11.257369073631816,11.122288328251695,10.988828366204798,10.85696974212105,10.726693245383336,10.5979799001275,10.470810955460975,10.345167865900027,10.22103234027663,10.098386283050223,9.977211823651835,9.857491316484069,9.739207311577003,9.622342572194652,9.50688007287869,9.392802990645219,9.280094701072217,9.168738784168372,9.058719013613551,8.95001935969323,8.842623981473386,8.736517232669332,8.631683651864327,8.528107963487725,8.425775075858702,8.324670078251833,8.224778236984553,8.126084998351564,8.0285759798216,7.932236974928118,7.837053944466051,7.743013019426234,7.650100497082843,7.558302838058989,7.467606666326716,7.3779987662725945,7.289466079763297,7.201995707123749,7.115574902246434,7.030191072591394,6.94583177429555,6.862484717063382,6.78013775536369,6.698778888429601,6.618396261236708,6.538978160590509,6.460513014148286,6.382989387484673,6.306395984091677,6.230721642444252,6.155955336000305,6.0820861683100045,6.0091033759501995,5.936996324611862,5.865754504209409,5.795367535727657,5.725825161440448,5.657117245888797,5.589233778815292,5.522164866360867,5.455900735955477,5.390431731427425,5.32574831202522,5.261841051439434,5.198700636824571,5.136317866842791,5.074683651663908,5.013789008074705,4.953625063391484,4.894183050569375,4.835454305267934,4.777430270741817,4.720102490993827,4.663462610774911,4.6075023775404365,4.552213635581366
27,44.72,41.01,40.54,42.39,32.1,36.88,35.89,38.05,31.0,36.63,37.91,29.4,44.26,37.36,47.37,39.63,30.75,36.64,34.15,37.54,36.5,32.34,34.38,31.87,38.41,30.98,25.05,29.27,28.55,33.05,34.83,27.15,29.17,23.34,24.43,29.07,25.96,27.8,25.08,25.26,24.97,24.5,24.11,23.86,23.53,23.11,22.86,22.55,22.15,21.83,21.53,21.25,20.97,20.72,20.42,20.13,19.84,19.59,19.42,19.2,18.99,18.7,18.43,18.26,17.99,17.76,17.61,17.45,17.27,16.98,16.73,16.53,16.27,16.14,16.0,15.78,15.62,15.44,15.18,14.91,14.76,14.66,14.43,14.18,14.06,13.95,13.84,13.63,13.466451366009313,13.304865039059294,13.145217483989109,12.987485446741573,12.83164593497669,12.677676256844581,12.525553962826093,12.375256913585417,12.226763202424246,12.080051184361468,11.935099495519612,11.791887014351955,11.650392871335727,11.510596458665352,11.37247740117276,11.23601558540707,11.101191120861683,10.967984359360722,10.836375904752284,10.706346574135502,10.577877426940251,10.450949745540676,10.325545025561967,10.20164500496005,10.079231634941895,9.958287060579057,9.83879368866029,9.72073408106601,9.604091050731276,9.488847599609116,9.374986934179704,9.262492466419669,9.151347804108877,9.041536751799743,8.933043310817252,8.825851671504344,8.719946215160586,8.615311511134195,8.51193231197542,8.409793555375186,8.308880358349175,8.209178016268469,8.110672000920943,8.01334796051123,7.917191711906165,7.822189245481383,7.728326716397419,7.635590448476997,7.543966928389098,7.45344280564895,7.3640048897100705,7.2756401480256105,7.188335703140397,7.102078834629561,7.016856973282625,6.932657701103479,6.849468748402427,6.767277992826855,6.686073457422594,6.605843309664589,6.5265758585489335,6.448259553623546,6.370882982080204,6.294434868754538,6.218904073218072,6.144279589778211,6.070550542631637,5.997706190710919,5.92573591605264,5.8546292325213,5.784375778054735,5.714965314664118,5.646387728433955,5.578633025644797,5.511691332773243,5.44555289455328,5.38020807300698,5.315647346475162,5.251861306709428,5.188840657902844,5.126576216689934,5.06505890923871
28,45.41,42.72,42.47,42.62,43.46,38.1,38.2,37.0,40.85,39.44,39.02,41.82,41.34,33.85,37.02,41.97,32.94,39.07,45.54,36.51,33.89,33.89,39.63,35.03,33.84,38.19,32.08,31.63,34.21,36.49,29.55,33.12,33.45,34.11,28.18,32.73,29.92,33.1,27.68,28.05,27.67,27.17,26.81,26.58,26.22,25.78,25.54,25.2,24.8,24.52,24.25,23.97,23.62,23.27,22.96,22.68,22.43,22.17,21.95,21.69,21.38,21.08,20.86,20.6,20.33,20.11,19.86,19.59,19.38,19.13,18.86,18.67,18.48,18.28,18.08,17.81,17.66,17.49,17.18,16.91,16.7,16.54,16.37,16.12,15.92,15.79,15.66,15.42,15.234974565525956,15.052169084535754,14.871556940158692,14.69311179621107,14.51680768430595,14.342618897385666,14.170520067152724,14.000486125354357,13.832492303782525,13.666514114916177,13.50252738095786,13.34050822415484,13.180433018404797,13.022278466686721,12.86602151395116,12.711639395514517,12.559109617701331,12.40840996752315,12.259518473963068,12.11241345637004,11.967073485743441,11.82347737505419,11.681604208281355,11.541433311375538,11.40294427161664,11.26611690857723,11.13093127412258,10.997367691126096,10.865406685717288,10.735029035676078,10.606215741396221,10.478948045243019,10.353207392837877,10.228975471773756,10.106234172899715,9.984965619357508,9.86515213754499,9.746776276473847,9.629820778732997,9.514268608557309,9.400102929566211,9.287307106699457,9.175864704281357,9.065759485052903,8.956975405332322,8.849496614047197,8.743307450798694,8.63839244392579,8.534736305665847,8.432323931186705,8.331140398586715,8.23117096502316,8.132401063808627,8.034816301507323,7.938402459870869,7.843145490030962,7.749031511531507,7.656046811360718,7.564177840079577,7.473411209886068,7.38373369655094,7.295132231674624,7.207593904623,7.121105959623742,7.035655793830547,6.951230956355244,6.86781914439625,6.785408203238579,6.703986124318054,6.623541044253434,6.544061238071203,6.465535126948664,6.3879512656314175,6.3112983492085615,6.235565209241149,6.160740807954874,6.086814243079499,6.013774741073649,5.94161165906059,5.870314481924566,5.799872818439255,5.730276405139316
29,44.98,43.72,44.49,47.98,39.89,45.04,44.44,37.68,46.79,40.44,36.48,41.54,36.7,42.49,38.61,40.07,46.02,40.81,35.46,39.48,39.83,38.55,44.08,38.53,37.55,33.12,38.54,37.47,37.08,28.89,29.38,27.64,29.59,34.79,37.35,32.26,27.85,30.29,30.6,31.11,30.7,30.21,29.96,29.65,29.25,28.89,28.63,28.29,27.95,27.62,27.23,26.94,26.6,26.18,25.9,25.58,25.37,25.1,24.74,24.42,24.01,23.79,23.59,23.26,23.0,22.76,22.42,22.14,21.89,21.55,21.25,21.12,20.94,20.67,20.41,20.08,19.81,19.59,19.36,19.17,18.9,18.67,18.5,18.26,18.06,17.85,17.64,17.43,17.220858670162375,17.01422658754966,16.810073661030792,16.608370137143698,16.409086648333744,16.212194155067586,16.01766397477625,15.82546777220744,15.635577549777846,15.447965637925476,15.262604714405006,15.079467775344735,14.898528135246591,14.719759436633797,14.543135630755518,14.368631006529917,14.196220113362653,14.025877857623758,13.857579415818453,13.691300263530211,13.527016175420757,13.364703225230063,13.204337756833297,13.04589642283156,12.889356126665783,12.734694061207453,12.581887699110938,12.430914773518124,12.281753287706078,12.134381515087066,11.988777989560864,11.844921486219386,11.702791050289736,11.562365968191157,11.423625796478087,11.286550303954039,11.151119529557734,11.017313734124643,10.885113429330069,10.754499348746082,10.625452457489196,10.497953971515757,10.371985290088132,10.24752808260388,10.124564192118898,10.003075722176598,9.883044959626408,9.764454422862217,9.647286830949762,9.53152510748572,9.417152388315847,9.304152008992984,9.192507504777073,9.08220260677606,8.97322124387545,8.865547536949684,8.75916579596785,8.654060520958422,8.550216396220685,8.447618291289478,8.346251257076124,8.246100522009362,8.147151493964884,8.049389755441485,7.952801059701995,7.857371332702818,7.763086670199617,7.669933333888247,7.5778977485104475,7.486966503783385,7.397126350540567,7.308364195908011,7.220667108128076,7.134022305947022,7.048417165368381,6.963839212899574,6.8802761216928445,6.79771571733387,6.716145968194067,6.63555498736014,6.555931033598841,6.477262501709289
30,51.76,53.25,46.94,42.66,52.77,53.09,45.51,42.72,43.33,41.27,40.63,38.83,45.78,43.6,43.69,45.97,41.14,48.08,46.27,43.96,38.23,39.36,47.48,47.25,36.46,38.76,38.58,38.66,36.7,40.33,36.6,33.41,37.84,33.08,37.07,40.68,31.14,38.16,33.76,34.31,33.94,33.5,33.27,32.95,32.56,32.18,31.84,31.47,31.12,30.77,30.37,30.09,29.78,29.37,29.01,28.65,28.39,28.06,27.7,27.38,27.0,26.76,26.44,26.04,25.72,25.41,25.14,24.92,24.56,24.2,23.93,23.71,23.45,23.13,22.87,22.55,22.22,21.95,21.73,21.49,21.23,21.01,20.72,20.4,20.14,19.87,19.65,19.48,19.246263489527173,19.015331257910127,18.787169672342767,18.56174548308058,18.339025871323315,18.11897837260268,17.9015709629712,17.686771944083716,17.474550048539363,17.264874353692672,17.05771431038322,16.85303975251214,16.650820858736,16.451028171619853,16.25363258806071,16.058605349710994,15.865918052555081,15.675542618179689,15.48745131292695,15.301616747894412,15.118011840628878,14.936609843856028,14.75738433590388,14.58030921112626,14.405358660749686,14.232507201603044,14.061729656964456,13.89300113740823,13.72629706953448,13.561593176816023,13.398865441292255,13.238090170604893,13.079243930962228,12.9223035950218,12.767246294007718,12.614049427287187,12.462690681523592,12.313148011523419,12.165399621083182,12.01942398214249,11.87519984436059,11.732706168080602,11.591922220094895,11.452827468303175,11.315401658324776,11.179624765615984,11.045477005046564,10.912938830899767,10.781990936872326,10.652614246497917,10.524789903570616,10.398499281721453,10.27372398441839,10.150445825813266,10.028646859471392,9.908309320912332,9.789415685069136,9.671948627982168,9.555891035418012,9.44122599616589,9.327936802037646,9.21600694595246,9.105420120979174,8.996160211717426,8.888211299085901,8.781557653618773,8.676183735465681,8.572074190561143,8.469213848709218,8.367587722625874,8.267181004108359,8.167979063077556,8.069967444705018,7.973131866540002,7.8774582194671305,7.782932561960461,7.689541121041147,7.597270287489161,7.506106617758606,7.41603682535883,7.327047788515658,7.2391265377218925
31,58.8,55.66,52.49,49.04,55.55,51.36,54.2,58.34,52.65,48.41,43.84,49.86,48.83,47.2,42.22,43.2,50.89,47.8,44.41,48.16,49.52,49.03,44.57,45.46,42.45,36.58,36.59,41.08,42.25,35.57,42.08,39.58,40.24,41.07,35.74,38.72,39.31,34.29,37.0,37.57,37.2,36.87,36.59,36.24,35.85,35.51,35.14,34.75,34.42,34.04,33.69,33.36,32.98,32.57,32.17,31.81,31.44,31.03,30.71,30.39,29.98,29.61,29.23,28.88,28.58,28.26,27.9,27.55,27.19,26.88,26.59,26.26,25.99,25.6,25.22,24.96,24.7,24.44,24.17,23.88,23.64,23.37,23.02,22.71,22.39,22.12,21.89,21.66,21.40010911083966,21.143336209629787,20.88964391686253,20.638995263898863,20.391353750299125,20.14668330560265,19.90494828932777,19.666113490971824,19.430144120456063,19.197005817680736,18.966664614304737,18.73908695285579,18.514239696285525,18.29209008974913,18.072605770160447,17.855754766191943,17.64150548871967,17.42982673082321,17.220687658230627,17.01405780931846,16.809907076001508,16.60820572284308,16.408924367944742,16.21203398294636,16.017505883471006,15.82531172912495,15.635423523497655,15.4478136141618,15.262454654452899,15.07931965124476,14.898381926729119,14.719615108860568,14.542993169576889,14.36849037702363,14.19608129555409,14.02574082394968,13.857444147644483,13.691166729170154,13.526884355931374,13.364573101985496,13.20420929937727,13.045769605024466,12.889230933832259,12.734570468248315,12.58176568692805,12.430794316959203,12.281634372082165,12.134264114469655,11.98866208339196,11.84480705699659,11.702678071418463,11.56225443989007,11.423515676300772,11.286441581192596,11.15101219398479,11.017207754753471,10.885008799782517,10.754396037347401,10.625350462376266,10.49785326089903,10.371885857822837,10.247429907376963,10.124467264447556,10.002980013242894,9.882950457738298,9.764361112121051,9.647194700790388,9.531434135425288,9.417062562759916,9.304063313941658,9.192419924596797,9.082116128141957,8.973135851962073,8.86546321741038,8.759082535030872,8.653978304558308,8.55013521109617,8.447538124161161,8.34617209481666,8.246022350895204,8.147074301776016,8.049313527874409
32,53.24,65.69,56.67,53.05,54.93,55.02,59.76,54.15,50.84,54.16,57.95,54.44,53.26,56.21,55.97,56.27,48.13,45.35,45.69,47.54,53.13,50.31,48.03,47.57,48.17,38.7,46.65,49.12,42.97,46.25,46.0,40.71,42.79,41.42,43.94,48.69,43.9,45.42,40.31,40.94,40.59,40.29,39.94,39.51,39.1,38.83,38.52,38.11,37.73,37.3,36.91,36.55,36.07,35.73,35.3,34.9,34.55,34.09,33.75,33.37,32.96,32.52,32.11,31.77,31.44,31.06,30.57,30.21,29.95,29.59,29.19,28.79,28.53,28.2,27.75,27.45,27.19,26.86,26.54,26.2,25.84,25.53,25.19,24.9,24.64,24.38,24.09,23.79,23.50455535058737,23.222535193942036,22.943898462649564,22.668604563843886,22.396613407680178,22.12788537886198,21.862381336641157,21.60006261481796,21.340891012250005,21.0848287643794,20.83183859068757,20.581883637749456,20.33492748872449,20.090934191829483,19.84986819390186,19.611694387854502,19.376378074711877,19.143884992082928,18.914181266706255,18.687233433432034,18.463008444713,18.24147364213153,18.022596737417718,17.80634586939518,17.592689518562327,17.38159658302015,17.173036293053467,16.966978277567712,16.763392526125074,16.56224936047159,16.363519510464872,16.167174000182513,15.973184233340792,15.781521964821769,15.592159253218444,15.405068527271537,15.22022252892368,15.037594332301346,14.857157324732931,14.67888522573067,14.502752058517745,14.328732169010218,14.156800206835099,13.986931125330344,13.819100172053876,13.653282898274583,13.489455149481316,13.327593055891947,13.16767303245335,13.009671788332389,12.853566298442995,12.699333822428118,12.546951885677778,12.396398298311018,12.247651117212012,12.100688674502983,11.955489558562268,11.812032604533343,11.670296932288696,11.530261870502096,11.391907032576311,11.25521225969733,11.120157620834348,10.9867234601946,10.854890311804668,10.724638994420143,10.595950507124988,10.468806114750247,10.34318728143727,10.21907571809255,10.096453334932889,9.975302260467332,9.85560485098813,9.737343662097846,9.620501458200316,9.505061221991618,9.391006129783555,9.278319564791023,9.166985106691921,9.056986534474467,8.948307819793502,8.840933126970505
33,63.93,61.99,58.5,67.37,58.94,57.09,66.9,54.23,59.41,54.67,55.04,55.3,50.01,58.55,61.97,57.9,51.01,58.08,56.67,54.31,51.01,52.94,52.36,50.69,52.53,50.97,49.38,55.49,45.51,45.9,47.71,43.8,44.72,49.81,42.52,48.16,50.32,43.49,43.86,44.51,44.13,43.86,43.55,43.06,42.6,42.26,41.86,41.46,41.07,40.63,40.24,39.82,39.39,38.98,38.47,38.08,37.69,37.19,36.8,36.38,35.96,35.52,35.05,34.59,34.23,33.87,33.4,32.98,32.63,32.22,31.85,31.43,31.04,30.72,30.34,29.96,29.66,29.33,28.94,28.55,28.21,27.86,27.47,27.2,26.89,26.5,26.16,25.87,25.5596022927548,25.252928359469465,24.94993352119763,24.650573661818232,24.354805181133354,24.062585004248664,23.773870581573444,23.488619851298857,23.20679128630009,22.92834382847338,22.653236926257726,22.38143051587402,22.112885011944634,21.847561288732596,21.58542071766325,21.326425120422154,21.070536759574672,20.817718385468076,20.567933151807736,20.321144690700525,20.077317046991833,19.8364147251677,19.598402614311436,19.363246053766563,19.13091079561515,18.90136300467779,18.67456922099193,18.450496434855236,18.229111993021387,18.010383645602158,17.794279546067457,17.580768204343183,17.369818514952517,17.16139976639633,16.955481575490225,16.75203397178836,16.551027294398775,16.352432285787636,16.156219997974997,15.962361848817356,15.7708296126272,15.581595373270938,15.394631571070965,15.209910974664435,15.027406662242397,14.847092049691058,14.668940881211382,14.492927191797381,14.319025335377392,14.14720999419449,13.97745612252398,13.809738993575476,13.644034180732074,13.480317529409094,13.318565203956165,13.158753631374722,13.000859538839675,12.844859897416882,12.69073200648695,12.53845339994102,12.388001902463282,12.239355573248465,12.092492771664771,11.947392100971362,11.804032417698766,11.662392831648887,11.522452715275424,11.384191675542608,11.24758956330562,11.112626482691018,10.979282772335889,10.847538996007424,10.717375961363773,10.58877471057362,10.46171650155533,10.336182817357377,10.212155375538773,10.089616109408215,9.968547149263243,9.848930859911937,9.730749821912049,9.613986803429775
34,70.72,69.45,64.45,70.54,59.96,69.56,68.64,76.05,65.96,60.68,66.61,60.02,61.59,56.04,62.97,64.48,55.97,53.19,57.31,58.59,61.56,61.74,63.8,58.27,56.0,50.97,57.22,59.16,57.52,46.67,51.19,50.82,51.73,54.84,48.13,54.14,47.03,58.8,47.72,48.46,48.1,47.77,47.38,46.89,46.5,46.07,45.56,45.15,44.73,44.29,43.87,43.38,42.88,42.38,41.9,41.49,41.01,40.49,40.06,39.65,39.16,38.68,38.21,37.76,37.38,36.93,36.42,35.99,35.52,35.11,34.74,34.24,33.8,33.43,33.05,32.67,32.24,31.87,31.48,31.1,30.77,30.37,30.01,29.75,29.4,28.96,28.56,28.21,27.87153063440693,27.53712169545303,27.206724490331432,26.88029089459752,26.557773380121194,26.239124977817223,25.92429927764522,25.613250456561886,25.305933194664316,25.002302740411853,24.70231488267388,24.405925932094966,24.113092721094894,23.82377260386862,23.537923447068913,23.255503620488895,22.976471987744645,22.7007879062752,22.42841124597738,22.159302314666466,21.893421932615546,21.63073136733356,21.371192361517608,21.114767114418065,20.8614182725212,20.611108948183986,20.363802673047047,20.11946342598689,19.878055614481074,19.63954409324304,19.403894108317633,19.17107133435075,18.941041865271927,18.71377218634211,18.48922920210587,18.267380199121778,18.04819287391462,17.831635286388344,17.617675887778297,17.406283529968626,17.197427400270417,16.991077095960957,16.787202540427046,16.585774039069474,16.38676225135075,16.190138190795142,15.995873206353833,15.803939010357144,15.614307631927502,15.426951454249071,15.241843177298081,15.058955845795113,14.87826280261799,14.699737735388869,14.523354629887152,14.34908779800176,14.176911840461432,14.006801684104428,13.838732544608835,13.672679945127411,13.508619679017942,13.346527856430274,13.186380848401877,13.028155342762284,12.871828278911233,12.717376885088287,12.564778650420617,12.414011352875233,12.265053021989333,12.117881957505121,11.972476720052406,11.828816112513769,11.686879226611627,11.546645359051517,11.408094104696225,11.271205254074241,11.135958877236483,11.002335258534393,10.8703149338896,10.73987867215909,10.611007465817792,10.483682540275987
35,78.35,77.17,74.53,72.38,78.91,69.32,72.43,77.51,70.56,71.46,67.82,72.63,59.55,66.96,71.79,66.88,70.27,64.27,64.11,67.59,74.64,59.75,60.32,62.64,53.11,57.49,59.39,56.46,59.65,58.19,58.29,52.06,56.42,55.61,55.43,54.36,54.53,57.01,52.1,52.98,52.64,52.2,51.67,51.23,50.86,50.32,49.8,49.36,48.88,48.45,47.97,47.44,46.91,46.41,45.91,45.38,44.88,44.38,43.91,43.46,42.89,42.31,41.83,41.39,40.91,40.36,39.82,39.4,38.89,38.43,37.97,37.45,37.01,36.56,36.14,35.77,35.34,34.92,34.49,34.03,33.64,33.25,32.85,32.49,32.1,31.67,31.29,30.88,30.50950088710787,30.143446312250273,29.781782968863656,29.424458209636523,29.07141999079796,28.7226169185439,28.37799818404036,28.03751362842021,27.701113659215935,27.368749287500645,27.040372127888052,26.71593434282103,26.395388707568316,26.078688526657317,25.765787689585583,25.45664062439458,25.151202306954954,24.84942827025174,24.551274557958195,24.25669775229149,23.965654946157027,23.678103761718866,23.394002313258813,23.113309225746868,22.835983625556015,22.561985112606468,22.291273797506648,22.023810236556514,21.759555487458982,21.498471053608498,21.240518902661517,20.98566148510697,20.733861669269604,20.485082778450927,20.23928857235874,19.9964432656776,19.756511472357385,19.51945826132476,19.28524908220122,19.053849839585023,18.825226828054532,18.599346732168165,18.376176654320172,18.155684096170113,17.93783693078716,17.72260343050581,17.509952248355404,17.299852399489648,17.092273279757087,16.887184647130642,16.684556640278075,16.484359732135783,16.286564767049782,16.091142923634727,15.898065742629637,15.707305089756932,15.518833183578167,15.332622558353046,15.148646101180411,14.966876996286784,14.78728877145257,14.60985527015634,14.434550633004346,14.261349334871488,14.090226129189867,13.921156085089752,13.75411458739957,13.589077290219722,13.426020154063517,13.264919418001485,13.105751618231828,12.948493569509958,12.793122346578008,12.639615330591035,12.487950144120335,12.338104706864902,12.190057161369477,12.043785965876975,11.899269792190827,11.756487599956916,11.615418571666883,11.476042159084328
36,83.99,87.82,81.11,69.56,81.87,71.84,80.11,75.95,80.14,78.44,70.37,74.24,76.33,74.29,63.27,80.01,77.36,69.54,72.91,75.16,73.0,65.25,67.94,66.92,65.41,65.6,56.08,56.24,57.76,67.44,59.59,51.75,60.35,62.22,65.74,62.14,61.54,58.94,57.09,58.01,57.6,57.17,56.66,56.23,55.74,55.18,54.66,54.17,53.7,53.24,52.67,52.16,51.63,51.09,50.59,49.97,49.32,48.81,48.35,47.8,47.18,46.57,46.02,45.47,44.93,44.41,43.85,43.28,42.72,42.2,41.75,41.3,40.76,40.22,39.76,39.36,38.94,38.52,37.97,37.41,37.03,36.57,36.12,35.71,35.22,34.75,34.39,34.0,33.592073758503325,33.18904086239074,32.790842644451025,32.39742112516084,32.008719031270886,31.624679767926676,31.245247418668537,30.87036672684542,30.499983123494204,30.134042671581135,29.772492093881134,29.415278735805444,29.062350593280883,28.71365626628443,28.369144996015557,28.028766599844666,27.6924715177785,27.360210784580886,27.031936011186573,26.707599393994347,26.387153705573898,26.07055228537279,25.757749011837195,25.448698348877286,25.143355290108794,24.84167535885296,24.543614617429657,24.24912967645044,23.958177629767007,23.670716119522748,23.38670327110119,23.106097721005238,22.82885860756409,22.554945552347075,22.28431866016367,22.01693850977041,21.752766172457033,21.491763165581105,21.233891480447248,20.979113545134826,20.72739225237718,20.47869095956161,20.232973423677873,19.990203857076594,19.75034689959007,19.513367618532257,19.279231499405693,19.0479044366084,18.819352724140842,18.59354309277821,18.37044262643273,18.15001884579135,17.932239633971136,17.717073273691557,17.50448841939529,17.294454097248174,17.08693973301847,16.88191507773223,16.67935028201793,16.47921582176182,16.281482563159496,16.086121679078182,15.89310472340136,15.702403584563381,15.513990466963289,15.327837937430248,15.143918869465036,14.962206471119291,14.78267427570245,14.60529612319556,14.430046178837465,14.256898914538624,14.085829090294968,13.916811800653294,13.7498224096597,13.58483660661807,13.42183034103852,13.260779869102786,13.101661725784993,12.944452734144733,12.7891299867409,12.635670864217863
37,90.46,88.41,83.52,81.1,79.54,80.68,89.58,92.85,88.35,85.41,81.91,80.48,79.22,81.88,73.84,76.56,83.51,76.66,74.74,72.61,71.68,70.69,68.15,73.54,74.28,70.13,68.16,70.55,67.31,77.03,63.12,63.78,58.52,64.53,69.31,63.2,76.7,73.03,62.62,63.68,63.21,62.77,62.26,61.79,61.27,60.67,60.09,59.6,59.15,58.6,57.96,57.4,56.78,56.21,55.72,55.09,54.37,53.75,53.23,52.66,52.01,51.35,50.7,50.1,49.53,48.94,48.38,47.75,47.15,46.57,46.04,45.55,44.98,44.37,43.85,43.41,42.9,42.35,41.69,41.15,40.72,40.21,39.75,39.36,38.89,38.4,37.99,37.56,37.10936961724013,36.66414464964609,36.224260301903456,35.78965252540267,35.360258064908095,34.93601438388749,34.51685973918257,34.102733097004645,33.69357417026989,33.28932339059793,32.88992190831179,32.4953115551027,32.105434881365326,31.720235137530125,31.339656227394308,30.9636427361233,30.592139920916875,30.22509369234156,29.862450595663045,29.504157829513733,29.150163227225196,28.800415238160493,28.454862946381837,28.113456014647692,27.776144749749466,27.442880018507232,27.11361329443874,26.788296629758015,26.466882646041565,26.149324552895933,25.835576082621103,25.52559156488093,25.21932585203267,24.91673434712844,24.617772966579917,24.32239818682744,24.03056697900332,23.742236855600897,23.45736581447166,23.175912376160515,22.897835546570512,22.62309481696288,22.35165019195843,22.08346211486708,21.818491551692148,21.556699888458454,21.298049005882763,21.042501223370973,20.790019336353314,20.540566560281512,20.294106558630197,20.05060343356312,19.81002173526694,19.57232639661456,19.337482807835617,19.105456769847414,18.87621447558731,18.649722528680343,18.425947952773022,18.204858135530497,17.986420893973197,17.77060439047256,17.557377188753872,17.346708244562492,17.138566858994768,16.93292271583329,16.729745853545452,16.529006674617282,16.33067595488723,16.134724778209502,15.94112462045836,15.749847265523815,15.560864851980696,15.37414985442102,15.189675064786355,15.007413620369293,14.82733895714435,14.64942485643705,14.473645388921051,14.299974951953383,14.12838824157303,13.958860252500909
38,105.96,96.57,109.5,95.1,96.41,97.12,83.24,94.82,90.08,90.42,87.77,86.06,77.43,84.05,89.91,92.56,87.17,86.18,77.12,82.84,84.76,80.76,84.64,85.98,75.14,74.14,75.32,80.08,74.65,78.08,70.85,68.27,66.78,78.51,76.37,69.74,66.56,74.89,68.69,69.91,69.48,68.95,68.41,67.88,67.26,66.65,66.05,65.52,64.99,64.4,63.77,63.09,62.4,61.82,61.26,60.57,59.89,59.2,58.48,57.81,57.2,56.52,55.75,55.1,54.45,53.79,53.17,52.49,51.85,51.27,50.67,50.03,49.43,48.81,48.19,47.64,47.06,46.45,45.84,45.33,44.8,44.25,43.73,43.28,42.82,42.29,41.79,41.25,40.75510801745166,40.266152159149364,39.783061255710635,39.30576498767607,38.83419387616954,38.36827928289816,37.90795338213286,37.45314916070839,37.00380041802331,36.55984172868075,36.121208479847645,35.687836796536246,35.25966360698278,34.83662655858919,34.418664073961935,34.005715304213,33.597720128959836,33.194619137645766,32.79635365755942,32.40286568845603,32.014097949256495,31.629993831348347,31.25049741726532,30.875553433988323,30.505107308984318,30.139105086147993,29.777493491180437,29.42021984753086,29.067232160454868,28.718479004936736,28.37390960974771,28.033473792067305,27.6971219948426,27.364805221409487,27.03647509153159,26.712083794701186,26.391584080799383,26.074929288115584,25.76207328730857,25.452970537445427,25.147576020622793,24.845845241966913,24.54773428567248,24.253199730944345,23.962198670677115,23.6746887301348,23.390628038931357,23.109975231030706,22.83268943540691,22.55873024802471,22.288057787878458,22.020632631613367,21.75641581352555,21.495368872261068,21.237453776097425,20.982632960302816,20.730869308456526,20.482126161788717,20.23636727248135,19.993556859707102,19.75365955359046,19.51664040454754,19.2824648926259,19.051098918164726,18.822508773775397,18.59666115368128,18.373523172397377,18.153062318031257,17.935246489642296,17.720043950542614,17.50742335631652,17.297353726801067,17.0898044741055,16.884745355912166,16.682146512835807,16.48197842172445,16.284211923678875,16.088818205372977,15.895768817733398,15.70503562924045,15.51659086328738,15.330407051481298
39,100.25,117.62,108.83,118.85,106.0,106.83,107.28,97.96,96.48,102.47,99.74,97.92,93.19,100.9,99.61,92.99,97.78,92.03,93.25,87.44,87.84,87.98,85.3,87.54,84.75,87.92,85.32,86.62,79.38,72.65,74.45,81.81,85.35,74.44,81.37,75.36,78.06,79.99,75.31,76.61,76.09,75.49,74.97,74.33,73.58,72.99,72.41,71.82,71.15,70.51,69.9,69.2,68.49,67.81,67.13,66.33,65.56,64.83,64.04,63.29,62.62,61.9,61.11,60.36,59.58,58.88,58.19,57.46,56.74,56.14,55.52,54.79,54.08,53.44,52.82,52.14,51.49,50.86,50.27,49.74,49.11,48.53,47.98,47.39,46.88,46.36,45.75,45.12,44.57868914981774,44.04387094699213,43.5154675474584,42.993402069804965,42.47759850181201,41.96798178456678,41.464477728348285,40.967013068704134,40.47551537298909,39.989913115134286,39.510135600877966,39.03611300515014,38.56777631599566,38.10505735326653,37.64788877796808,37.19620402683586,36.74993734037417,36.30902377220214,35.87339911428459,35.44299996235504,35.01776365049266,34.597628269814656,34.18253265912999,33.77241638624717,33.36721974797425,32.966883732734196,32.57135007664179,32.180561170042196,31.79446013228007,31.41299072758426,31.036097439837015,30.66372536976634,30.295820309715143,29.932328687564404,29.573197576079306,29.218374683563063,28.867808344510795,28.521447510263382,28.17924173966129,27.84114120839077,27.507096680945356,27.17705951997204,26.850981658232843,26.52881560795094,26.210514470156816,25.89603186926523,25.585322027844395,25.278339682500658,24.975040139955375,24.675379230314196,24.379313297720863,24.086799237741857,23.79779445063565,23.512256841352666,23.230144828881485,22.951417318210353,22.676033728365645,22.403953936334982,22.13513833314411,21.869547749087722,21.60714351915248,21.347887408247864,21.091741667283024,20.838668986436055,20.588632504500147,20.341595799537437,20.097522898225158,19.856378247817187,19.61812671614405,19.382733610305216,19.15016463928453,18.920385923296298,18.693363993785375,18.469065793427077,18.24745863874266,18.028510257483862,17.81218875124835,17.59846261417198,17.387300704890375,17.17867227457738,16.972546929560437,16.768894640666755
40,132.32,129.32,110.81,113.89,123.15,119.85,117.35,114.44,109.84,102.24,101.62,111.49,106.71,112.43,107.21,103.69,100.96,103.34,99.09,104.22,94.26,93.15,101.52,88.77,92.88,91.43,100.07,94.7,98.07,88.62,85.7,82.2,78.63,93.36,90.53,85.64,89.21,73.78,82.33,83.74,83.12,82.43,81.8,81.09,80.35,79.69,79.01,78.32,77.56,76.88,76.19,75.44,74.74,73.87,73.0,72.15,71.37,70.66,69.87,69.05,68.21,67.39,66.56,65.74,64.94,64.23,63.46,62.63,61.85,61.2,60.52,59.69,58.94,58.23,57.54,56.82,56.06,55.38,54.7,54.13,53.48,52.87,52.29,51.61,51.03,50.52,49.87,49.13,48.54059279266728,47.95825483421679,47.38290136994024,46.81444867541091,46.25281402838506,45.69791568070336,45.14967288638942,44.6080058548189,44.07283574135322,43.54408467543821,43.02167568567452,42.50553273728244,41.99558071336941,41.49174537746535,40.99395341098738,40.50213234767647,40.01621060169602,39.53611743953326,39.06178297063306,38.59313816613038,38.130114783920604,37.67264544358915,37.22066353274954,36.77410326324054,36.332899624295194,35.89698839190701,35.46630610073138,35.040790044085576,34.62037829268115,34.20500961969437,33.79462356632956,33.38916037625577,32.98856101433911,32.592767166642844,32.201721202962496,31.81536618619214,31.43364586295814,31.056504654252997,30.683887655435303,30.315740598765004,29.952009881501958,29.592642556539754,29.23758627620852,28.88678934847213,28.54020069946337,28.197769845385405,27.859446939342714,27.52518270577775,27.194928468569504,26.868636132301134,26.54625820099234,26.227747703169804,25.913058276162953,25.602144081808195,25.294959843913706,24.99146082016082,24.69160283020267,24.395342180734545,24.102635749789727,23.813440893077477,23.52771549081405,23.24541794772267,22.966507136836377,22.690942436962786,22.41868371395172,22.149691320695183,21.883926078395,21.62134927656279,21.361922682386165,21.10560849389778,20.852369386806263,20.602168477031473,20.35496932070448,20.110735914167574,19.869432684608054,19.63102448069206,19.39547657256453,19.16275467058164,18.932824859747406,18.705653646544654,18.48120794956885,18.2594550714295
41,135.68,142.1,127.6,124.59,127.2,122.57,123.54,137.01,117.41,125.04,106.8,112.65,131.41,121.63,120.26,118.84,105.45,120.85,115.66,112.98,109.67,96.47,103.8,103.92,93.93,98.15,103.95,104.76,98.94,103.32,99.19,87.88,95.94,96.84,87.21,95.29,99.31,89.44,89.68,91.16,90.46,89.71,88.92,88.12,87.35,86.62,85.81,84.91,84.06,83.37,82.55,81.69,80.93,79.96,79.05,78.19,77.37,76.55,75.63,74.72,73.8,72.93,72.03,71.16,70.3,69.58,68.81,67.87,67.0,66.3,65.54,64.61,63.8,63.04,62.26,61.53,60.75,59.99,59.28,58.6,57.86,57.22,56.62,55.93,55.25,54.61,53.9,53.18,52.54201852641381,51.9116885667336,51.288918409457374,50.673617442043145,50.065696122730515,49.465065989933485,48.87163964345478,48.28533073509306,47.70605394046446,47.13372494960973,46.56826048577994,46.00957823968666,45.45759692585897,44.912236198108,44.37341668709823,43.84105998156188,43.31508858133476,42.795425944320435,42.28199643952606,41.774725328276766,41.27353878300129,40.77836384026791,40.289128438355654,39.80576136089746,39.32819223688012,38.85635155942993,38.39017063884859,37.92958162139887,37.47451745173329,37.02491188228696,36.58069947327756,36.14181553634847,35.70819620031843,35.279778326646245,34.85649955639481,34.43829824448141,34.02511352542746,33.61688523821592,33.213553954469795,32.81506093148796,32.4213481686022,32.03235834142732,31.648034801861268,31.26832160626354,30.893163459098268,30.522505741112653,30.15629447176575,29.79447633740686,29.436998653704286,29.083809365645312,28.734857038143414,28.39009087482386,28.049460661666814,27.712916785792967,27.380410263642005,27.051892656437218,26.727316135935244,26.406633428069146,26.089797841126874,25.776763228179988,25.467484015262112,25.16191514501201,24.860012123637695,24.56173098334514,24.26702829173111,23.975861114211856,23.688187070380074,23.403964240076657,23.1231512385333,22.845707178801188,22.57159163417973,22.300764685180642,22.03318690074234,21.768819300658627,21.507623374364346,21.2495610903282,20.994594858481463,20.742687539610817,20.493802445358327,20.24790332882864,20.004954365803354,19.76492017352661
42,168.59,142.6,148.48,142.6,142.49,144.59,134.41,142.25,135.05,138.91,129.71,140.01,131.79,131.97,126.87,128.94,127.21,115.73,130.12,126.18,114.79,118.04,114.14,111.94,117.2,109.68,111.77,111.65,103.79,104.44,104.82,101.11,97.8,105.87,111.77,101.24,101.49,100.85,97.41,98.94,98.07,97.24,96.37,95.41,94.51,93.67,92.77,91.74,90.74,89.98,89.11,88.15,87.25,86.23,85.31,84.43,83.5,82.52,81.46,80.46,79.49,78.54,77.64,76.73,75.75,74.85,74.02,73.13,72.26,71.44,70.51,69.63,68.81,67.91,67.07,66.29,65.57,64.8,63.98,63.17,62.37,61.65,61.02,60.31,59.5,58.76,58.05,57.34,56.65212678825263,55.97250311086905,55.30103010994865,54.63761008718666,53.98214651330173,53.33454401860834,52.694708393016775,52.06254652003989,51.43796643335876,50.82087723197418,50.21118913677235,49.60881342453159,49.01366243734995,48.42564957321763,47.84468925773412,47.270696953535825,46.70358911315802,46.14328322617288,45.58969772491345,45.04275206932204,44.50236663381897,43.96846278272346,43.44096281368791,42.91978993884275,42.404868303651625,41.89612296805619,41.39347987819327,40.8968658758225,40.40620867004345,39.92143683729565,39.44247982135864,38.96926790506905,38.50173219146546,38.03980463207115,37.58341797032858,37.132505788737284,36.68700242400546,36.246843042470886,35.81196354582472,35.382300637104876,34.9577917547027,34.53837511007341,34.12398962174286,33.714574981300764,33.31007155912466,32.910420479800734,32.515563546702964,32.125443270275966,31.74000284917975,31.359186170289732,30.982937780413927,30.611202895720503,30.243927382882628,29.881057777933663,29.522541229701485,29.168325546946576,28.818359141796325,28.4725910580279,28.13097095221299,27.79344906543501,27.459976251571906,27.130503958440958,26.80498419951593,26.48336957278231,26.16561324188208,25.85166893611373,25.541490931577002,25.235034070028174,24.932253702314345,24.633105744939122,24.337546632924568,24.045533329238808,23.7570232870856,23.471974497042375,23.190345449349806,22.91209512448419,22.637182993157463,22.36556901631719,22.097213645146564,21.832077792781593,21.570122824883477,21.311310616204256
43,176.74,161.03,165.24,168.22,156.07,156.59,160.81,155.76,154.76,138.14,131.93,130.39,146.53,144.93,139.9,147.91,144.46,134.37,141.66,139.28,147.27,134.42,132.63,124.66,124.3,124.39,123.9,125.28,116.84,116.96,119.21,108.22,110.69,119.85,106.48,111.79,111.68,115.16,105.64,107.22,106.28,105.26,104.21,103.15,102.15,101.14,100.11,99.04,97.91,96.93,95.95,94.91,93.87,92.8,91.83,90.83,89.85,88.81,87.59,86.55,85.61,84.59,83.55,82.48,81.49,80.54,79.61,78.66,77.7,76.77,75.8,74.89,74.03,73.06,72.13,71.33,70.55,69.73,68.79,67.95,67.17,66.32,65.56,64.74,63.92,63.25,62.58,61.74,60.999358561653565,60.267599131127014,59.544615258554124,58.83030177305872,58.124554763806664,57.427271542109814,56.73835067932208,56.057691940521394,55.385196303457676,54.72076593013094,54.06430412889516,53.41571541130237,52.7749053878886,52.14178083449193,51.51624960698647,50.898220707600316,50.2876041807016,49.6843111980645,49.08825394518118,48.49934570652786,47.91750076135077,47.342634440510146,46.774663098058255,46.213504054395386,45.65907566258786,45.111297223102,44.57008901222614,44.035372263122674,43.50706914687998,42.98510277251246,42.469397168012556,41.95987728035071,41.456468928105366,40.95909885830703,40.4676946611722,39.98218480799939,39.50249863222115,39.028566300982014,38.56031882461256,38.09768804715538,37.640606627417085,37.18900801054629,36.742826465929646,36.301997030347785,35.8664555363974,35.43613856512117,35.0109834839038,34.590928389628004,34.175912127622524,33.76587427271411,33.3607551292275,32.96049572151151,32.56503775604291,32.17432366879653,31.788296558927165,31.40690023613967,31.030079163844885,30.657778468633683,30.289943940276935,29.926522031725536,29.56745981174039,29.212705002788415,28.86220594314654,28.51591159637571,28.17377154184688,27.835735955793016,27.501755611309108,27.171781878352135,26.845766695319114,26.52366259746906,26.205422669553,25.89100056476197,25.58035050472703,25.273427251097242,24.970186096065678,24.67058288131743,24.37457396960758,24.082116263709256,23.793167159043556,23.507684572101624,23.225626940444595,22.94695317533361
44,205.99,186.86,190.03,174.25,180.36,175.31,166.23,165.93,176.45,161.15,160.76,160.29,150.29,155.27,167.49,145.68,158.77,163.89,155.08,149.27,138.06,148.39,150.69,140.94,143.39,137.86,125.23,133.68,132.56,128.98,122.89,118.74,131.89,121.0,119.98,130.48,124.95,129.95,114.56,116.19,115.16,113.94,112.75,111.55,110.42,109.3,108.06,106.9,105.78,104.54,103.35,102.2,101.1,99.99,98.87,97.75,96.64,95.43,94.2,93.15,92.13,91.05,89.92,88.77,87.68,86.7,85.71,84.59,83.58,82.62,81.63,80.62,79.66,78.68,77.69,76.78,75.91,75.02,74.02,73.21,72.31,71.32,70.48,69.68,68.87,68.07,67.28,66.42,65.62323486777332,64.83602436794783,64.05825399788404,63.28981061580329,62.53058245982077,61.78045909084648,61.03933139258517,60.30709155250337,59.5836330523129,58.86885064893777,58.16264036499778,57.46489945074236,56.7755263935672,56.09442091801418,55.42148390963929,54.75661747211174,54.09972487011483,53.45071051982951,52.809479988934335,52.17593998708899,51.54999831835172,50.93156390021233,50.32054675407573,49.716857948162854,49.12040965460966,48.53111506381866,47.94888842252485,47.37364499572975,46.805301076217845,46.24377395600713,45.688981897799515,45.14084417304693,44.599280995335654,44.06421353941947,43.53556395073608,43.013255259758544,42.497211467643886,41.98735744155143,41.483618990774964,40.985922771577584,40.494196353807276,40.00836816379784,39.52836746533592,39.054124397727,38.58556992821288,38.122635842455125,37.66525475405165,37.21336008550364,36.766886039666005,36.3257676187805,35.88994062447561,35.45934158163454,35.03390781452726,34.61357738971149,34.19828909699961,33.787982487524786,33.38259782615837,32.98207607247687,32.58635892834454,32.19538878081426,31.809108683094614,31.427462421165377,31.050394399579396,30.67784972711126,30.309774169174645,29.94611410975637,29.586816608515374,29.23182934368373,28.881100621583112,28.534579376624794,28.192215152276663,27.853958082030157,27.519758917949847,27.189568992607335,26.863340219081316,26.541025090957532,26.2225766823288,25.907948590695945,25.597095032132888,25.289970708055527,24.986530900386835,24.686731423974287
45,224.12,205.95,217.12,203.11,199.35,208.07,198.62,190.33,181.64,187.53,179.96,172.69,179.58,177.18,177.61,168.92,164.82,168.34,167.15,161.39,160.43,162.26,151.88,152.65,142.42,152.09,152.26,144.41,150.39,133.47,136.31,138.16,125.23,141.29,138.76,146.38,131.65,139.08,124.4,126.13,124.8,123.45,122.15,120.77,119.45,118.17,116.82,115.47,114.24,112.93,111.6,110.3,109.05,107.83,106.58,105.35,104.16,102.92,101.64,100.42,99.28,98.14,96.93,95.7,94.54,93.43,92.32,91.14,90.11,89.03,87.91,86.91,85.86,84.78,83.81,82.85,81.83,80.83,79.83,78.91,77.93,76.91,76.03,75.15,74.24,73.32,72.4,71.56,70.70159772370405,69.85348869837442,69.01554957400249,68.18765850100202,67.36969508242494,66.56154033573411,65.76307673103055,64.97418813371252,64.19475980447554,63.42467836108497,62.66383179748976,61.91210944559513,61.16940194659198,60.4356012700707,59.71060065668004,58.99429465635457,58.286579042303075,57.58735086834962,56.89650841159256,56.213951143734036,55.539579788420944,54.87329620656299,54.215003453673674,53.56460577031344,52.922008505635056,52.28711816516776,51.659842363033086,51.040089821944896,50.42777036365253,49.82279488027033,49.225075343834455,48.63452477763239,48.05105721797564,47.474587771540705,46.905032548471254,46.34230865282132,45.786334182555294,45.237028229547875,44.69431084135683,44.15810304033663,43.62832677585423,43.10490494340282,42.58776135593131,42.076820734287466,41.572008726331596,41.0732518304819,40.58047747216914,40.093613908268274,39.612590265325856,39.13733653000315,38.667783510848814,38.203862866969416,37.745507060245274,37.29264936488726,36.845223848323194,36.4031653807546,35.96640960648629,35.5348929439263,35.10855255691546,34.68732639295466,34.271153125863904,33.85997214622547,33.45372360916805,33.052348348355295,32.65578794288362,32.26398464082754,31.876881407023866,31.4944218657307,31.116550338854744,30.743211798167156,30.374351884417234,30.009916897775536,29.649853769163457,29.29411006025316,28.942633973024453,28.595374330651115,28.252280567944048,27.91330271223766,27.578391412060288,27.247497898906957,26.920573977682487,26.597572055372016
46,248.98,230.62,221.24,225.72,203.0,226.08,224.64,217.74,185.63,196.1,197.19,197.25,189.0,195.68,189.55,183.65,178.42,177.09,177.39,187.57,183.54,188.7,177.25,176.88,154.99,152.24,153.53,167.43,152.58,146.34,159.6,140.63,134.1,144.44,152.96,147.12,146.79,155.19,135.3,137.05,135.5,134.01,132.5,130.96,129.42,127.9,126.47,125.01,123.55,122.18,120.75,119.31,117.85,116.55,115.28,113.89,112.53,111.21,109.87,108.51,107.26,106.02,104.72,103.45,102.18,100.95,99.78,98.54,97.38,96.21,94.98,93.9,92.81,91.64,90.56,89.58,88.52,87.33,86.21,85.22,84.21,83.18,82.23,81.21,80.17,79.24,78.32,77.43,76.50121000883763,75.58355668710936,74.6769065825951,73.78112787639922,72.89609029648054,72.02166516569116,71.15772530569868,70.3041450946328,69.46080039022316,68.62756854901474,67.80432838793683,66.99096017469522,66.18734560855654,65.39336782034835,64.60891131481235,63.83386198981992,63.068107117156664,62.31153530409111,61.56403649337479,60.8255019632422,60.09582426015631,59.37489724684743,58.66261603505879,57.958877014369804,57.26357780415721,56.5766172247716,55.897895355184275,55.22731343690919,54.56477390282651,53.91018034835907,53.26343754108024,52.62445136306721,51.993128839724285,51.369378120567376,50.75310843118498,50.14423008284602,49.54265449171541,48.948294111599516,48.36106243394616,47.78087400706018,47.207644407280085,46.6412902005469,46.081728961619696,45.52887925486006,44.98266062462429,44.44299355683219,43.9097995270061,43.383000913800714,42.862521047042065,42.34828415968855,41.84021541665434,41.338240866770356,40.84228742356877,40.35228291332191,39.8681559981799,39.38983620499417,38.917253915709445,38.45034032893282,37.98902747914914,37.53324820789775,37.08293615416468,36.638025783205975,36.19845230007762,35.76415173610565,35.33506084320043,34.91111716111121,34.49225895977937,34.07842526816181,33.66955582619196,33.26559111360319,32.866472301889836,32.472141292738364,32.08254066038062,31.697613690025005,31.317304320209736,30.941557190841777,30.570317585550093,30.203531441293475,29.841145348360506,29.48310655997736,29.129362915445483,28.779862917003907
47,286.3,263.05,259.94,247.7,254.86,237.79,245.08,238.7,229.75,223.12,223.54,211.83,212.36,214.11,203.74,201.06,220.59,191.62,200.45,204.04,191.63,199.12,206.87,196.26,182.72,180.84,177.12,169.05,161.66,165.27,149.38,161.34,163.13,153.62,154.85,164.41,160.05,168.88,147.27,149.12,147.41,145.72,144.01,142.19,140.48,138.82,137.24,135.65,134.01,132.45,130.94,129.39,127.77,126.32,124.91,123.4,121.87,120.39,119.0,117.57,116.15,114.74,113.42,112.14,110.68,109.33,108.04,106.76,105.54,104.26,102.93,101.67,100.53,99.39,98.09,96.89,95.84,94.67,93.42,92.31,91.22,90.05,89.03,87.97,86.84,85.84,84.87,83.91,82.90351286774579,81.90909326449105,80.92659662151405,79.95588009654583,78.99680256412525,78.04922459630906,77.11300841444688,76.18801788918125,75.27411853080264,74.37117745066949,73.47906336120819,72.59764653733318,71.72679878751195,70.86639348269999,70.01630550811586,69.17641121501633,68.34658846892118,67.52671658209837,66.71667631356405,65.91634983050257,65.12562074684645,64.34437403647149,63.57249607177672,62.80987457545941,62.05639860122522,61.311958562723056,60.57644615638516,59.84975438071718,59.13177752665309,58.422411148620284,57.72155203560458,57.0290982304402,56.34494899122982,55.66900476240967,55.001167222974324,54.34133918038202,53.68942463806939,53.04532874722666,52.40895777786267,51.78021912844974,51.15902131627885,50.545273958169574,49.93888772224512,49.33977437615732,48.747846729216704,48.16301865168242,47.585205026537366,47.01432175913314,46.45028576754502,45.89301497292706,45.34242826093208,44.79844551064662,44.26098752707606,43.729976099014536,43.205333941175,42.68698468454426,42.174852876382936,41.66886398022551,41.168944346945345,40.67502120510965,40.1870226513346,39.70487765028519,39.2285160250304,38.757868428108125,38.292866351170176,37.83344208640239,37.379528765104524,36.93106030946533,36.48797142291756,36.050197609427975,35.617675125272356,35.19034100797053,34.768133037706335,34.350989746972694,33.9388504012816,33.53165499916407,33.12934425288028,32.73185958841947,32.33914312620998,31.951137700409298,31.56778679138904,31.18903461253992
48,307.31,301.98,290.86,270.14,281.07,254.73,263.3,275.45,264.56,257.21,247.93,229.16,226.81,227.52,229.09,213.49,228.85,215.22,227.2,210.07,213.36,225.75,217.25,205.09,216.28,211.44,203.11,193.49,179.35,178.86,173.84,170.43,162.3,168.74,172.28,169.92,172.34,191.17,160.54,162.48,160.5,158.61,156.71,154.66,152.76,150.98,149.2,147.35,145.52,143.84,142.11,140.34,138.66,137.04,135.42,133.77,132.14,130.59,129.03,127.41,125.84,124.36,122.93,121.46,119.95,118.58,117.14,115.75,114.43,112.96,111.62,110.27,108.95,107.68,106.35,105.04,103.83,102.64,101.35,100.1,98.94,97.7,96.55,95.36,94.21,93.09,91.96,90.89,89.79982743620961,88.72272484184207,87.65853567193489,86.60710523504265,85.56828070289079,84.5419110814143,83.52784717214281,82.52594156254695,81.53604858742324,80.55802435785549,79.59172668398473,78.63701506535565,77.69375071987768,76.76179647763398,75.84101684845749,74.93127793504746,74.03244747158428,73.14439473684585,72.26699062178385,71.40010750402507,70.5436193444088,69.69740157114198,68.86133111841424,68.03528639743656,67.21914726748017,66.412795016569,65.61611239044097,64.8289834767031,64.05129382067636,63.28293027093593,62.523781075848476,61.773735806342394,61.03268535590767,60.30052192128852,59.57713898317587,58.8624313158611,58.15629494862112,57.4586271367571,56.76932638090207,56.08829239805958,55.41542611195002,54.75062960474198,54.09380615566716,53.444860202405366,52.803697312123454,52.17022419112892,51.54434865590878,50.925979652437,50.31502717894464,49.71140233418851,49.11501727883628,48.52578522581263,47.94362043064566,47.368438152851866,46.800154704204814,46.23868736185157,45.68395442623503,45.13587514386417,44.594369765236316,44.05935945795362,43.53076637429917,43.008513554699654,42.492524995301494,41.982725580394714,41.479041121027876,40.981398297085654,40.48972465728886,40.00394864815563,39.523999546425294,39.0498074976733,38.58130345838881,38.118419234589666,37.661087433553675,37.20924149277983,36.7628156220659,36.321744842123394,35.8859649266551,35.45541243131634,35.03002468406122,34.60973974652766,34.1944964333449,33.784234292826056
49,342.25,345.52,327.48,319.21,310.32,308.0,288.37,269.69,284.55,269.07,263.35,246.47,238.53,250.43,258.69,232.84,230.92,246.98,239.42,241.7,238.44,236.86,231.07,216.24,234.41,214.23,202.68,202.76,201.28,198.33,193.31,192.97,194.07,175.9,183.98,183.42,188.88,196.1,175.28,177.26,174.97,172.73,170.6,168.45,166.28,164.23,162.23,160.11,158.14,156.33,154.35,152.39,150.55,148.72,146.92,145.13,143.41,141.73,139.97,138.16,136.48,134.97,133.39,131.75,130.2,128.65,127.05,125.54,124.12,122.57,121.07,119.66,118.19,116.75,115.4,114.0,112.66,111.37,109.97,108.61,107.3,106.03,104.78,103.47,102.23,100.98,99.77,98.57,97.38775680128606,96.21968621046722,95.06561861029924,93.92538626624298,92.79882347128785,91.68576649767728,90.58605360656364,89.49952495145929,88.42602261685614,87.36539057960603,86.31747467995612,85.28212258292922,84.25918380728852,83.24850963864353,82.24995315841467,81.26336920521386,80.28861435553456,79.32554688513225,78.3740267883342,77.43391571045524,76.50507696710747,75.58737551523564,74.68067789518773,73.78485228864434,72.89976841241482,72.02529756671176,71.16131259653139,70.3076878433791,69.46429916457922,68.63102391396527,67.80774090326025,66.99433038276705,66.19067406067802,65.39665503549087,64.61215781531833,63.83706830823332,63.07127375468467,62.31466276611668,61.56712528634957,60.82855256261472,60.098837164864534,59.37787292784302,58.66555497039559,57.96177966650435,57.26644462597835,56.579448684798635,55.90069189546341,55.23007549802323,54.56750191042628,53.912874747827985,53.266098745351954,52.627079796709516,51.995724925235045,51.37194225492127,50.75564101041925,50.14673151703839,49.54512516212689,48.95073440472654,48.36347273695325,47.78325470330675,47.209995862051066,46.64361277555958,46.084023029624824,45.53114516587422,44.98489873004458,44.445204214052666,43.911983065650155,43.38515768842356,42.86465137421004,42.35038838999139,41.84229387169022,41.34029385313464,40.844315275713136,40.35428594010011,39.870134506255866,39.391790503081495,38.91918430910911,38.45224710422733,37.99091093726557,37.53510863909998,37.0847738516181,36.63984101806402
50,387.11,374.53,359.94,328.93,338.78,331.93,325.24,305.88,310.65,312.5,283.82,288.23,297.97,286.19,286.8,281.76,267.43,271.54,281.46,267.84,275.44,250.0,264.1,257.69,251.79,253.12,241.36,252.58,230.51,213.0,213.33,205.53,206.26,210.0,207.9,202.22,212.53,203.98,191.43,193.52,190.94,188.33,185.9,183.58,181.2,178.85,176.58,174.27,172.09,170.04,167.91,165.76,163.7,161.66,159.69,157.76,155.84,153.93,152.02,150.17,148.33,146.67,144.99,143.19,141.48,139.73,138.02,136.45,134.89,133.25,131.62,130.03,128.41,126.89,125.43,123.85,122.34,120.97,119.47,117.98,116.54,115.16,113.84,112.46,111.06,109.71,108.44,107.09,105.80562419702206,104.53664401702994,103.28287517037434,102.0441356855147,100.82024532949211,99.61102647721995,98.41630333878118,97.23590234577962,96.06965199679948,94.91738280911132,93.77892733798974,92.65412014773696,91.54279775373007,90.44479867071502,89.35996329690116,88.28813398157271,87.22915491884218,86.18287219594428,85.14913371596553,84.1277892364796,83.11869026330044,82.12169011809394,81.1366438611076,80.16340829117047,79.20184189739932,78.25180489783371,77.3131591621657,76.3857682020811,75.46949718091821,74.56421287503274,73.6697836351626,72.78607941540432,71.91297169594264,71.05033350236826,70.19803940567769,69.35596544500304,68.52398915658829,67.70198954481307,66.88984704355738,66.08744354517805,65.29466234255594,64.51138811943717,63.73750694077442,62.97290624306801,62.21747480538963,61.47110273972354,60.733681471648964,60.005103721022536,59.2852635116371,58.574056103610204,57.87137805133677,57.177127097242526,56.491202258712995,55.81350373150569,55.143932918726456,54.482392382535544,53.828785892441516,53.18301832871342,52.5449957306747,51.91462526772682,51.29181521037294,50.6764749205591,50.068514861333036,49.46784656786778,48.874382618485335,48.288036663633044,47.70872334861322,47.136358390853545,46.570858473660344,46.01214130417134,45.46012556506169,44.914730914544,44.375877976709596,43.84348832221081,43.31748445860235,42.797789820682404,42.28432878015148,41.77702658765968,41.27580940178302,40.780604260047134,40.291339098244805,39.80794267316568
51,417.05,384.03,378.35,393.67,363.39,358.67,347.3,347.93,346.82,333.49,339.45,301.76,317.12,288.09,327.02,322.26,294.68,300.7,282.2,274.14,287.61,270.07,280.61,276.19,265.59,255.08,255.86,270.26,212.26,246.97,236.29,230.95,222.23,223.85,221.37,235.08,227.6,226.85,209.01,211.31,208.5,205.65,202.87,200.18,197.62,195.03,192.5,190.03,187.53,185.17,182.87,180.54,178.28,176.05,173.93,171.8,169.62,167.51,165.52,163.56,161.49,159.62,157.8,155.91,154.03,152.14,150.32,148.58,146.92,145.12,143.35,141.6,139.79,138.16,136.56,134.79,133.14,131.65,130.03,128.44,126.91,125.43,123.97,122.44,120.88,119.45,118.06,116.59,115.19175357852227,113.81026619961084,112.44533728704594,111.09676858564406,109.76436416125796,108.44793059419641,107.14727659238481,105.86221328149465,104.59255391481406,103.33811406666744,102.09871153570568,100.87416615148636,99.66430016131325,98.46893764997719,97.28790492659547,96.12103040855996,94.96814456351133,93.829079851313,92.7036707143803,91.59175361636427,90.49316696478388,89.40775108201305,88.3353482052806,87.27580248667034,86.22895989641115,85.19466828090295,84.1727772950197,83.16313839243857,82.16560478695587,81.18003147182908,80.20627517142196,79.24419430252048,78.29364899367495,77.35450105618699,76.42661392608356,75.50985268345907,74.6040840428043,73.70917628530952,72.82499928787745,71.95142446509735,71.088324788587,70.23557472896681,69.39305028487274,68.5606289249304,67.73818957808402,66.9256126239256,66.12277988302377,65.32957459758195,64.54588137341234,63.771586218619895,63.0065765242604,62.250740996643515,61.503969696016746,60.766153978539535,60.037186515625216,59.31696126492806,58.60537345100134,57.90231953628434,57.20769725978629,56.5214055307056,55.84334453481058,55.17341558937479,54.51152123021579,53.857565153669356,53.21145220691835,52.573088368650886,51.94238075873122,51.31923759951588,50.7035682158536,50.095283006072435,49.494293461321675,48.900512126887925,48.31385258285314,47.734229453765614,47.161558389297994,46.595756054576334,46.03674008182511,45.484429138064165,44.93874281872784,44.39960171536192,43.866927347926676,43.34064219380987
52,445.39,454.75,449.74,418.37,428.78,397.93,416.26,367.51,375.98,360.34,369.04,359.49,362.41,330.55,344.43,329.69,337.49,317.45,312.45,324.93,308.24,298.31,307.17,269.27,299.69,293.49,265.03,272.36,272.74,279.59,259.62,253.81,248.89,247.08,246.36,253.23,254.87,241.75,228.17,230.7,227.63,224.56,221.56,218.56,215.71,212.88,210.09,207.42,204.68,202.1,199.58,197.02,194.54,192.11,189.72,187.33,185.1,182.9,180.71,178.52,176.26,174.15,172.06,170.08,168.12,166.06,164.06,162.05,160.21,158.35,156.39,154.44,152.51,150.7,148.92,147.08,145.32,143.64,141.88,140.12,138.48,136.84,135.12,133.52,131.91,130.29,128.77,127.22,125.69435082680803,124.18698572348475,122.69768592682424,121.22623519259443,119.77241998930465,118.33602901378734,116.91685386938347,115.5146883877572,114.12932891954665,112.76057423748045,111.40822563326115,110.07208672379822,108.75196325744056,107.4476635983948,106.15899833919075,104.88578020379775,103.62782414450831,102.384947632589,101.15696988321149,99.94371253363782,98.74499935256964,97.5606562401481,96.39051089854973,95.23439345204136,94.0921358559902,92.96357211000776,91.84853820950813,90.746872097266,89.65841366341675,88.5830047067031,87.5204889344749,86.47071188518241,85.43352098650641,84.40876546816295,83.39629635221493,82.39596647244898,81.40763039686836,80.43114444706985,79.46636664980188,78.51315674665288,77.57137614560945,76.64088791136807,75.7215567556467,74.81324899843135,73.91583255828762,73.02917695236088,72.15315323824596,71.28763402367555,70.43249343745511,69.58760711977455,68.75285220283143,67.92810727207763,67.1132523855959,66.30816901596984,65.51274006966062,64.72684985794179,63.95038406783424,63.18322974272955,62.42527531145499,61.6764104913899,60.93652637566101,60.205515307193686,59.48327095621886,58.76968824276609,58.06466335604033,57.36809373504515,56.679878020141025,55.999916091798674,55.32810901246896,54.664359045959564,54.008569608993234,53.36064529058446,52.72049179390932,52.08801599443567,51.463125843039485,50.8457304144467,50.235739858791405,49.63306542099253,49.03761939231209,48.449315120043515,47.868066988134906,47.29379040750074
53,521.71,492.69,510.1,467.99,445.16,450.82,447.83,427.19,403.95,391.88,383.65,389.96,384.02,396.89,378.21,361.02,357.7,348.96,321.39,347.29,316.7,330.94,332.2,318.86,314.55,312.93,312.76,293.83,296.94,291.87,276.73,272.73,274.47,259.7,279.99,270.42,266.88,267.19,249.26,252.0,248.65,245.36,242.19,239.0,235.79,232.7,229.71,226.76,223.82,221.05,218.29,215.52,212.79,210.13,207.47,204.86,202.45,200.03,197.61,195.16,192.81,190.49,188.17,186.02,183.82,181.58,179.49,177.27,175.07,173.14,171.14,168.98,166.88,164.87,162.87,160.92,158.95,157.03,155.17,153.29,151.49,149.67,147.78,146.05,144.35,142.54,140.83,139.1,137.43198276756297,135.78395354069877,134.1556731599591,132.54690527953625,130.957416270241,129.38697560759093,127.83535528967795,126.30232993419038,124.78767706947916,123.29117674646953,121.81261182972735,120.35176751234854,118.90843160702542,117.48239474009095,116.07344957534185,114.68139178425966,113.30601897876764,111.9471313903855,110.60453187022927,109.27802520985678,107.9674188204223,106.67252234458806,105.39314755950227,104.12910866786537,102.8802221038858,101.646306436258,100.42718217411813,99.22267244619877,98.0326021276301,96.85679830564587,95.69509010494374,94.54730873619626,93.41328738932658,92.29286127231731,91.18586754329502,90.09214532993467,89.0115356615442,87.94388147876663,86.8890275947713,85.84682068555178,84.8171092608189,83.79974362519226,82.79457588790233,81.80145993368369,80.82025137426417,79.85080756776921,78.89298757021078,77.94665210638072,77.0116636086597,76.08788611029281,75.17518529390071,74.27342845267063,73.3824844612499,72.50222374663926,71.6325183172995,70.773241695236,69.92426890629648,69.08547648987326,68.2567424600944,67.4379462767171,66.62896886453206,65.8296925454481,65.0400010675987,64.25977957623546,63.488914584621355,62.72729394492427,61.97480687732349,61.231343921498706,60.4967969172256,59.77105902378026,59.05402464232151,58.345589464401954,57.645650433159126,56.95410570450667,56.27085466653877,55.59579791042349,54.92883722070059,54.26987556557931,53.618817038725126,52.97556692717519,52.340031624018444,51.71211865750233
54,587.86,557.31,536.64,531.77,519.83,467.71,492.06,453.7,448.19,424.82,425.31,415.9,416.91,407.7,407.91,382.77,396.07,403.29,384.11,379.59,385.51,362.09,355.59,339.94,350.03,332.32,344.86,356.72,333.71,329.9,315.56,293.29,292.25,285.56,298.58,300.06,285.18,273.16,272.59,275.62,272.11,268.59,265.08,261.65,258.25,254.93,251.73,248.52,245.31,242.21,239.21,236.23,233.19,230.34,227.62,224.73,221.95,219.27,216.6,214.01,211.47,208.88,206.39,204.02,201.62,199.16,196.79,194.43,192.01,189.82,187.68,185.37,183.02,180.79,178.6,176.5,174.37,172.23,170.18,168.15,166.19,164.2,162.12,160.15,158.32,156.39,154.46,152.55,150.72082060882144,148.9135575277371,147.12794852624532,145.36373458007145,143.62065967685095,141.89847091328792,140.19691839799654,138.51575525150128,136.85473731476145,135.21362382928024,133.5921763683622,131.99015961438042,130.40734116445987,128.84349114184357,127.29838258452645,125.77179115378001,124.2634952313107,122.77327582210158,121.30091655441237,119.84620367977934,118.40892597585693,116.98887464925949,115.58584352987789,114.19962887656287,112.83002937712494,111.47684605117607,110.13988244444641,108.81894424015077,107.51383974478054,106.22437920799496,104.95037530841311,103.69164315361385,102.44799969718554,101.21926422451794,100.00525844996064,98.80580573955584,97.62073188830566,96.44986478983343,95.29303419348778,94.15007201524953,93.02081217256236,91.90509053575366,90.80274496689785,89.7136152518055,88.63754310002344,87.57437208653953,86.52394770036207,85.48611723764535,84.46072984055323,83.44763645839558,82.44668981848092,81.4577443969688,80.48065642858572,79.51528385804579,78.56148632061931,77.61912516156413,76.68806334868334,75.76816551118854,74.85929789112063,73.96132831420233,73.07412622870147,72.19756259855686,71.33150996167323,70.47584236191045,69.63043537823093,68.79516604697298,67.9699128812825,67.15455587111296,66.34897642493034,65.55305735999733,64.766682921805,63.989738725777705,63.222111747557356,62.463690332719175,61.71436415790837,60.97402422112425,60.24256281257282,59.519873534098316,58.80585125060411,58.10039207062099,57.403393365738864,56.714753731743365
55,651.79,621.01,612.48,573.99,584.61,555.33,520.88,524.06,535.26,489.4,496.2,451.74,455.64,433.95,471.13,445.84,417.31,431.57,415.57,418.84,389.62,395.77,405.5,361.64,372.7,364.31,377.57,364.01,358.46,340.18,325.77,336.3,335.77,323.47,319.03,328.03,309.87,315.62,298.42,301.83,298.08,294.36,290.55,286.84,283.27,279.78,276.27,272.71,269.26,265.9,262.6,259.31,256.02,252.95,250.03,246.96,243.91,240.98,238.01,235.2,232.43,229.59,226.82,224.16,221.55,218.88,216.23,213.69,211.09,208.55,206.07,203.64,201.23,198.72,196.33,194.06,191.73,189.33,187.0,184.85,182.68,180.41,178.2,176.1,174.02,171.89,169.77,167.73,165.7189570115394,163.7320057195312,161.76885778048316,159.8292286410602,157.91283705216682,156.01940487457995,154.14865766205023,152.30032398101721,150.47413570216008,148.66982790321399,146.88713886897008,145.12580999409215,143.3855855887494,141.6662132673505,139.9674435598097,138.28902981436323,136.6307284891198,134.99229905487707,133.37350350920414,131.77410705672628,130.19387742883995,128.6325853696308,127.0900040527722,125.56590966462672,124.0600809183282,122.57229915096549,121.10234842076585,119.65001521554447,118.21508864707141,116.79736035388825,115.39662450130791,114.01267758704773,112.64531863559647,111.29434910103076,109.95957276983167,108.64079576088457,107.33782642829578,106.05047555575953,104.77855606500731,103.5218833073586,102.28027467498671,101.05354969810224,99.84153023932022,98.64404010492603,97.46090543360941,96.29195413280004,95.13701646176878,93.99592453599159,92.8685125506717,91.75461665440098,90.65407494915998,89.56672750003635,88.49241625747784,87.43098508644752,86.3822796789586,85.34614762210278,84.32243829114849,83.31100286897755,82.31169432664854,81.32436739424155,80.34887851226668,79.38508588025562,78.43284936929649,77.492030522034,76.56249254295086,75.64410028864964,74.73672020954253,73.84022036928812,72.95447038648122,72.07934148324469,71.21470636860916,70.36043932597823,69.5164161062266,68.68251395685512,67.85861160255405,67.04458921604808,66.24032838894122,65.44571216087186,64.66062493204764,63.88495252155553,63.11858209933333,62.36140218616975
56,672.97,672.09,644.99,649.46,652.95,618.95,617.44,573.39,582.69,556.04,532.0,498.06,495.53,472.03,499.62,468.13,458.79,452.52,448.46,458.18,442.26,433.02,430.91,411.69,411.29,421.07,397.52,384.94,392.88,381.56,364.57,358.49,359.54,346.17,346.27,367.9,337.16,348.9,327.05,330.88,326.77,322.69,318.7,314.75,310.83,307.07,303.24,299.44,295.85,292.16,288.5,284.96,281.4,278.02,274.76,271.45,268.14,264.92,261.64,258.52,255.48,252.4,249.38,246.41,243.51,240.54,237.71,234.95,232.09,229.26,226.49,223.78,221.21,218.58,215.99,213.4,210.73,208.11,205.65,203.3,200.81,198.27,195.9,193.58,191.25,188.94,186.6,184.35,182.13987493502486,179.9562220283112,177.79872466280847,175.66707001037838,173.5609493232497,171.4800570596538,169.42409175818918,167.39275516345683,165.38575280897012,163.40279372569984,161.4435903449225,159.50785859537228,157.59531761178587,155.70569002635742,153.83870187158692,151.99408238597712,150.1715637225785,148.3708817262023,146.59177505905598,144.83398568650125,143.0972584884477,141.38134145365595,139.6859855825862,138.01094498454958,136.35597639195038,134.72083974319554,133.10529759978505,131.50911563207003,129.932062036343,128.37390782629285,126.83442693015631,125.31339589926311,123.81059371373304,122.32580236538519,120.85880617767704,119.40939219431074,117.97734988777833,116.56247125651333,115.16455101919395,113.7833860318335,112.41877567638679,111.07052176359849,109.73842853300322,108.42230255577385,107.12195244326676,105.83718942993146,104.56782698470411,103.31368042240123,102.07456777808399,100.85030902984553,99.64072609881079,98.4456434320463,97.26488722534731,96.09828604500795,94.94567029348757,93.80687249115029,92.6817271402527,91.57007072494406,90.47174168212067,89.3865803722804,88.31442909895303,87.25513200183354,86.208535115073,85.17448630898764,84.15283527062854,83.1434334843513,82.14613421238569,81.16079246569028,80.18726500395226,79.22541027729667,78.27508844571659,77.33616134992775,76.40849245307749,75.49194687960541,74.58639134723735,73.69169418641562,72.80772530143834,71.93435613159888,71.07145968033129,70.2189104472042,69.37658445706627,68.54435920175531
57,765.42,739.02,712.25,728.05,701.04,637.33,636.28,645.46,642.16,637.1,561.08,589.83,574.7,537.49,522.25,547.18,535.51,516.7,508.29,497.64,488.05,483.67,427.95,459.71,462.24,421.0,434.36,417.3,410.7,426.2,408.61,382.97,403.49,386.12,372.38,393.98,353.77,389.53,358.74,363.06,358.58,354.16,349.88,345.64,341.48,337.38,333.17,329.2,325.34,321.29,317.31,313.45,309.56,305.9,302.32,298.63,295.03,291.53,287.95,284.45,281.04,277.63,274.41,271.2,267.9,264.64,261.49,258.41,255.36,252.33,249.32,246.21,243.27,240.43,237.6,234.75,231.85,229.08,226.42,223.66,220.91,218.19,215.56,213.01,210.46,207.96,205.34,202.82,200.38866754668913,197.986451266325,195.61300314869823,193.26797956292276,190.9510405762075,188.66185063508442,186.4000779814989,184.16539484744627,181.95747735765343,179.77600572421562,177.62066356536818,175.49113858671473,173.38712199731737,171.30830889896976,169.2543977996059,167.22509109989133,165.22009441199523,163.23911694886357,161.28187162153733,159.34807455256123,157.43744527061997,155.54970651590207,153.684584726691,151.84180916350067,150.0211125903035,148.22223088525723,146.44490313802325,144.6888712604933,142.9538806680177,141.23967950085884,139.54601911078274,137.8726536717859,136.21934027741358,134.58583903807795,132.97191278910344,131.37732738268144,129.80185129859728,128.24525583886668,126.70731503041748,125.18780562508974,123.68650700231734,122.20320126644636,120.7376728574618,119.28970913489748,117.85909979392609,116.44563705999602,115.04911568883114,113.66933296643093,112.30608831979727,110.95918380352589,109.62842380785156,108.31361515596622,107.01456661742776,105.73108968670613,104.46299780463715,103.21010684501391,101.9722346279953,100.74920140669755,99.54082957523923,98.34694337678648,97.16736939014439,96.00193625726588,94.8504746151288,93.71281711519964,92.58879843316534,91.47825521054233,90.38102605467648,89.29695148035228,88.22587392925625,87.16763773104981,86.12208905471016,85.0890759182619,84.06844815958175,83.06005740720299,82.06375708031544,81.07940233037453,80.10685006056488,79.14595885767757,78.19658902130564,77.25860252491667,76.33186297692562,75.4162356304265
58,787.84,800.19,816.13,794.54,785.0,770.29,749.56,717.41,658.39,683.78,628.97,645.75,633.35,557.01,603.89,598.38,580.74,574.43,546.81,535.18,522.12,504.39,514.23,479.61,486.88,462.27,461.65,452.66,449.87,465.87,411.99,437.92,434.86,403.15,404.03,428.93,404.68,433.07,393.62,398.52,393.78,389.09,384.46,379.92,375.5,371.08,366.61,362.28,358.03,353.73,349.44,345.17,340.96,336.99,333.1,329.06,325.09,321.24,317.38,313.57,309.8,306.03,302.48,298.91,295.25,291.72,288.22,284.75,281.41,278.14,274.8,271.5,268.2,264.98,261.87,258.73,255.66,252.62,249.52,246.48,243.49,240.57,237.7,234.87,232.06,229.2,226.44,223.73,221.04828212281853,218.39867245424202,215.78078727904406,213.19424756740412,210.63867897490758,208.11371125687018,205.6189788540135,203.15412059962736,200.71877932911906,198.31260236807668,195.9352411418185,193.58635127300565,191.2655924840295,188.97262849939898,186.70712704574075,184.4687599494115,182.25720264843517,180.0721348757911,177.91323968328788,175.78020422246436,173.67271945175168,171.59047964841025,169.53318299420542,167.50053128256974,165.49222982099005,163.50798723578265,161.547515960156,159.61053155092264,157.69675307894957,155.80590312915825,153.9377073124615,152.09189475382667,150.26819750659973,148.46635113818127,146.68609424196313,144.92716853494116,143.1893186624899,141.47229268642593,139.7758412064938,138.0997181412674,136.44368033769945,134.80748727828336,133.1909015691167,131.59368864706303,130.01561648691404,128.45645618706567,126.91598118861666,125.39396805626977,123.89019579504333,122.40444594788403,120.93650288850449,119.4861534309331,118.05318702473905,116.63739546219446,115.23857326872499,113.85651721484669,112.49102651139114,111.14190300473084,109.80895059110338,108.49197580228721,107.19078712231327,105.90519576836599,104.63501481226963,103.38005976616412,102.14014828966707,100.91510028748648,99.70473781180806,98.50888486707007,97.32736778089117,96.1600148331425,95.00665639260542,93.86712485840383,92.74125463072043,91.62888207175175,90.52984553499174,89.44398525785805,88.3711434397821,87.31116413483517,86.26389326148963,85.22917859285776,84.20686972740788,83.19681803039683
59,881.35,894.77,872.22,869.46,864.91,848.1,819.77,805.0,798.55,755.83,743.55,706.64,723.15,667.1,645.47,654.71,638.16,631.7,631.05,598.64,582.01,556.28,580.11,540.74,514.8,536.76,500.99,527.09,506.88,482.99,494.87,508.48,449.75,447.7,475.22,486.64,440.36,455.75,431.67,437.1,432.05,427.06,422.11,417.24,412.37,407.6,402.91,398.21,393.57,388.92,384.29,379.69,375.12,370.67,366.35,362.03,357.69,353.36,349.19,345.1,340.93,336.81,332.8,328.78,324.8,320.97,317.09,313.29,309.6,305.99,302.4,298.84,295.2,291.6,288.16,284.72,281.4,278.06,274.57,271.17,267.89,264.71,261.53,258.4,255.34,252.13,249.12,246.21,243.25915567514474,240.3436339531225,237.46301291846152,234.61687584157116,231.8048108852017,229.02641120229106,226.28127454457743,223.56900384968029,220.88920636047914,218.24149411434732,215.6254839431523,213.04079708186816,210.48705926642273,207.9639007336971,205.47095602583255,203.00786408807696,200.57426826878492,198.16981612372416,195.79415912253515,193.4469533336585,191.12785854371413,188.8365388445816,186.57266224201334,184.33590055778743,182.1259297232484,179.94242938791967,177.78508311519738,175.65357818665672,173.54760569989858,171.46686027500945,169.41104025025462,167.3798475842317,165.37298766017682,163.39016967735202,161.43110596611737,159.49551237931846,157.58310829228603,155.69361621144924,153.82676226356918,151.98227541296484,150.1598882442872,148.35933637543872,146.5803585554199,144.82269656648253,143.08609551767023,141.37030335558418,139.67507115792378,138.0001528399461,136.3453053501594,134.71028847462975,133.09486493482765,131.49880028978126,129.9218627403828,128.36382352077578,126.82445631127415,125.30353772759628,123.80084692947787,122.31616571851853,120.84927853818205,119.39997237594929,117.96803676331851,116.55326377580504,115.15544793509466,113.77438630689043,112.40987820737213,111.06172549673677,109.72973238350497,108.4137053266741,107.11345323141197,105.8287871555163,104.55952050510844,103.3054688389397,102.06645006408496,100.84228394670862,99.63279289483911,98.43780097990077,97.25713463142615,96.09062227502291,94.93809439108182,93.79938349520745,92.67432410886413,91.56275272023709
60,996.05,998.72,983.17,955.43,979.32,936.44,935.52,865.3,891.69,853.44,847.65,798.4,794.59,732.14,718.04,707.31,732.26,697.56,708.92,669.81,634.62,641.09,638.56,608.31,556.08,538.56,562.01,565.15,534.37,536.71,533.53,518.45,498.1,511.19,527.44,505.47,486.06,501.38,472.52,478.47,473.03,467.64,462.21,456.97,451.67,446.4,441.26,436.07,431.08,426.06,421.01,416.06,411.12,406.13,401.3,396.57,391.82,387.15,382.61,378.05,373.45,368.93,364.52,360.2,355.83,351.61,347.36,343.23,339.26,335.23,331.28,327.37,323.39,319.48,315.64,311.85,308.22,304.6,300.92,297.18,293.54,290.04,286.59,283.13,279.67,276.29,272.98,269.76,266.5272867487886,263.3332611270962,260.1774612521589,257.05943082613385,253.97871913609913,250.93488056414844,247.92747497931555,244.9560673456496,242.02022791817774,239.11953194896162,236.2535597850785,233.42189677064025,230.62413314881215,227.85986396383208,225.12868935495342,222.4302138705777,219.76404686017892,217.12980257228463,214.5270993706272,211.95556071395472,209.4148139802581,206.90449134860057,204.4242294071936,201.9736686634915,199.5524544260209,197.1602359225512,194.796666496057,192.4614038006796,190.15410950778445,187.87444930596078,185.62209280304063,183.3967136240799,181.1979892153962,179.02560104053106,176.87923409034445,174.75857737292029,172.66332322769884,170.59316820730638,168.54781190178235,166.52695791839005,164.5303131957492,162.55758810181695,160.60849672783107,158.68275620244253,156.78008747556405,154.90021433855932,153.04286420809177,151.20776763621882,149.3946585063545,147.6032735433637,145.83335309741108,144.08464016415002,142.3568811685714,140.64982527913608,138.9632247996992,137.296835071529,135.6504139834015,134.02372285343031,132.41652544925574,130.82858847795006,129.25968139005568,127.70957657554702,126.1780488739253,124.66487586816163,123.16983808065926,121.69271828738607,120.23330200777986,118.79137730878628,117.36673490283984,115.95916785392073,114.56847167553595,113.19444452668131,111.83688662395512,110.49560102540676,109.17039274870692,107.8610693590342,106.56744067513175,105.28931876930737,104.02651786945236,102.77885465298479,101.54614765896308,100.32821797395344
61,1071.32,1094.0,1041.76,1032.44,1070.15,1007.67,1046.6,1012.97,957.2,949.46,960.59,890.46,900.66,829.22,797.98,792.96,801.62,751.6,751.92,718.66,733.13,693.29,690.47,635.21,645.53,638.85,634.98,632.09,583.03,588.09,567.36,569.37,567.34,558.98,552.15,550.49,545.52,539.2,516.09,522.67,516.8,510.89,504.91,499.19,493.45,487.68,481.99,476.29,470.84,465.43,459.91,454.51,449.12,443.79,438.48,433.16,427.96,422.85,417.9,412.92,407.84,402.92,398.21,393.52,388.75,384.14,379.49,374.93,370.61,366.14,361.71,357.46,353.23,349.03,344.86,340.65,336.59,332.62,328.7,324.75,320.71,316.79,313.06,309.27,305.51,301.89,298.23,294.67,291.139218826258,287.65068164799385,284.2038846588625,280.7983297352818,277.43352492632636,274.1089839638336,270.8242263603832,267.57877750727476,264.37216808665687,261.20393456141943,258.0736190772159,254.98076887459047,251.92493668089335,248.9056807102804,245.92256417381998,242.9751555734288,240.0630286038934,237.18576195691261,234.3429393210979,231.53414928399422,228.75898552803775,226.01704643864093,223.30793500621408,220.6312591201012,217.98663147060114,215.37366896109614,212.7919934918805,210.24123127431045,207.72101273282507,205.23097299483987,202.77075149883208,200.33999189636197,197.93834195409403,195.56545394571185,193.22098406404604,190.90459261703154,188.61594392972887,186.35470644230296,184.1205525140657,181.9131582275187,179.73220378026772,177.57737299512968,175.44835361406837,173.34483690627988,171.2665179621287,169.21309549719012,167.18427175427186,165.1797525034139,163.19924723784587,161.24246858611488,159.3091328999578,157.39895966642905,155.5116718998153,153.64699574972087,151.80466089298235,149.98439994579655,148.18594895361392,146.40904680326645,144.65343581083974,142.91886123177963,141.20507135887095,139.51181742425865,137.83885379540538,136.18593758317658,134.5528290337554,132.93929094077038,131.34508913518908,129.7699923873393,128.213771819037,126.67620158943703,125.15705840513986,123.65612191210613,122.17317400980603,120.70799934111263,119.2603852923019,117.8301215031593,116.4170004548519,115.02081678407757,113.64136767497973,112.27845295712608,110.93187451763637,109.6014368890547
62,1133.11,1195.16,1148.36,1145.79,1205.88,1130.52,1130.06,1140.74,1069.35,1043.12,987.88,985.18,993.07,912.84,893.51,878.59,880.01,842.21,820.34,782.98,766.21,770.91,722.31,718.16,705.8,697.98,657.46,645.45,637.6,618.2,612.19,632.93,612.24,597.51,608.28,639.28,595.91,610.44,562.68,570.16,563.78,557.36,550.98,544.61,538.3,532.06,525.84,519.73,513.72,507.69,501.75,495.91,490.1,484.29,478.44,472.71,467.05,461.4,455.87,450.48,445.03,439.7,434.55,429.35,424.16,419.13,414.08,409.1,404.23,399.32,394.6,389.94,385.32,380.76,376.25,371.76,367.27,362.86,358.56,354.34,350.01,345.69,341.57,337.49,333.41,329.39,325.39,321.49,317.63837978558456,313.8328299808494,310.0728010856957,306.3577503609921,302.6871415346202,299.06044450751875,295.4771355496542,291.93669730002034,288.4386182767136,284.9823931708877,281.56752274876874,278.19351345971506,274.8598779261427,271.5661343556146,268.31180654084125,265.0964243496052,261.9195227449114,258.78064256886677,255.6793299547707,252.61513642509954,249.58761879352173,246.59633936086786,243.64086532722064,240.72076928183978,237.83562861525198,234.98502610716105,232.1685491425676,229.3857902016944,226.63634656603094,223.91982031833382,221.2358182446413,218.58395173628875,215.9638370838632,213.37509488929362,210.81735026182065,208.29023281799675,205.79337658370116,203.32642009212495,200.88900589384568,198.48078104675275,196.10139662612227,193.75050801857194,191.42777453012104,189.13285968014554,186.86543090742302,184.62515957013252,182.4117212398099,180.22479491746722,178.06406362150327,175.92921428971835,173.81993738737415,171.73592710316387,169.67688134921218,167.6425015651052,165.63249271789033,163.64656349804667,161.68442582955936,159.74579516387513,157.8303903819169,155.93793350012913,154.06815025838742,152.2207693361188,150.3955226462564,148.59214553120987,146.8103761749549,145.04995628892866,143.31063032814927,141.59214588315626,139.89425368001034,138.2167071883533,136.55926301334816,134.92168060172418,133.30372224177663,131.705153161352,130.12574123389288,128.56525717440783,127.02347453947179,125.50016943327047,123.99512070357088,122.50810974575086,121.03892079675454,119.58734044516684
63,1243.61,1268.38,1282.9,1237.12,1279.66,1244.92,1229.18,1241.18,1209.4,1168.16,1105.75,1081.37,1105.43,1029.78,1005.42,931.95,916.06,905.18,902.85,844.51,879.21,829.87,807.12,790.75,772.17,759.14,778.41,733.66,707.25,680.68,665.33,651.8,674.61,650.32,672.97,667.68,653.73,662.34,612.68,621.34,614.65,607.77,600.81,593.82,586.98,580.18,573.43,566.8,560.25,553.57,547.03,540.74,534.46,528.09,521.71,515.52,509.38,503.28,497.2,491.26,485.37,479.49,473.77,468.11,462.52,456.98,451.55,446.16,440.7,435.44,430.37,425.26,420.11,415.1,410.28,405.42,400.52,395.62,390.87,386.36,381.8,377.1,372.59,368.09,363.61,359.23,354.91,350.68,346.4792864424355,342.3288040769595,338.2279542083925,334.17614539490177,330.17279334998364,326.2173203543537,322.3091557460384,318.44773552830173,314.6325024676637,310.86290599588204,307.13840171986135,303.4584521077802,299.82252580296404,296.2300978199214,292.68064915227126,289.1736672628338,285.7086455935397,282.28508356542983,278.9024864806372,275.5603656204053,272.2582379510333,268.9956262218942,265.77205886741683,262.58707000708574,259.44019905336836,256.33099110378794,253.2589964508324,250.2237709740271,247.2248756498441,244.26187674773826,241.33434573212915,238.4418588703284,235.5839979186667,232.76034914231235,229.97050419743456,227.2140591510217,224.49061516700874,221.79977801618605,219.14115827223594,216.51437091965988,213.91903564783294,211.35477685100403,208.8212231382047,206.31800762730367,203.84476774897084,201.40114534469498,198.98678647074766,196.60134139818314,194.24446451482015,191.9158143252419,189.6150535488144,187.3418487276134,185.09587061849754,182.87679350698048,180.68429589335875,178.5180600026207,176.37777178444603,174.26312110924277,172.1738013760742,170.10950961067704,168.0699466614979,166.05481661158413,164.06382746471107,162.0966903612366,160.1531199701739,158.23283468522774,156.33555574263087,154.46100800528953,152.60891957071047,150.77902177100128,148.97104917287018,147.18473938158965,145.41983333505104,143.6760749116918,141.9532111265318,140.25099183711887,138.56917013560138,136.90750195665564,135.26574607748591,133.64366421584236,132.04102093200316,130.45758353075604
64,1383.8,1400.44,1382.34,1352.77,1400.26,1361.8,1342.56,1320.97,1344.08,1345.0,1239.48,1233.34,1176.21,1127.87,1107.03,1081.81,1025.74,1026.99,1003.55,997.19,920.8,927.58,909.32,870.32,860.36,841.04,818.95,821.96,783.2,729.87,742.77,715.86,697.79,726.64,697.21,715.9,724.21,709.97,667.21,676.87,669.98,662.77,655.26,647.69,640.24,632.86,625.54,618.34,611.19,603.89,596.73,589.75,582.85,576.02,569.15,562.35,555.59,548.96,542.33,535.78,529.39,523.02,516.73,510.56,504.48,498.38,492.47,486.63,480.68,474.92,469.37,463.86,458.3,452.84,447.54,442.22,436.85,431.49,426.27,421.31,416.4,411.44,406.53,401.52,396.62,391.89,387.19,382.52,377.9386219175708,373.41200919994657,368.9395096999838,364.5204790131931,360.1542802817239,355.8402841943632,351.57786888852814,347.36641985225737,343.20532982620267,339.0939988036291,335.0318337363904,331.0182488289531,327.0526648523393,323.1345098301844,319.2632182546706,315.4382315765685,311.65899771519577,307.92497096040864,304.23561246264353,300.5903893508423,296.9887754185106,293.43025043765925,289.914300550838,286.44041778109363,283.00810032599526,279.6168522636091,276.2661836505068,272.955610227741,269.6846535188529,266.4528408298729,263.2597048572871,260.10478417807894,256.9876224656627,253.90776917594152,250.86477866523322,247.85821117035252,244.8876316325121,241.9526102853722,239.05272275304876,236.18754946206377,233.3566757393537,230.55969200828588,227.79619339662545,225.06578022657678,222.36805703470066,219.70263345398865,217.06912362581372,214.46714629793817,211.8963246284974,209.35628648002447,206.84666402741715,204.36709375793777,201.91721656922172,199.4966776712689,197.10512648843564,194.7422163654097,192.4076051552602,190.1009546313876,187.82193038951556,185.5702023377325,183.34544410844168,181.1473332543779,178.97555124860736,176.82978328851127,174.709718393794,172.61504901445,170.5454717168218,168.5006863015253,166.48039639149977,164.48430903997445,162.5121346324603,160.5635872787833,158.63838451905943,156.7362468336533,154.85689862326097,153.00006703281065,151.16548283353708,149.35287993294017,147.56199527677688,145.79256904507756,144.04434445612944,142.31706796249324
65,1514.31,1506.53,1464.74,1446.36,1536.41,1477.24,1488.3,1455.14,1465.67,1432.77,1414.5,1386.61,1366.41,1273.97,1305.64,1223.74,1201.07,1105.72,1111.49,1060.74,1037.13,976.3,1025.84,937.72,945.59,896.74,870.16,888.66,826.61,821.59,789.25,787.66,784.8,773.0,769.74,770.01,758.18,801.6,727.86,738.39,731.25,723.83,715.88,707.68,699.57,691.5,683.48,675.65,667.84,659.93,652.05,644.33,636.79,629.37,621.97,614.54,607.11,599.89,592.67,585.45,578.48,571.5,564.66,557.92,551.22,544.66,538.11,531.62,525.23,518.95,512.78,506.72,500.75,494.85,488.93,483.11,477.36,471.53,465.87,460.36,454.95,449.63,444.29,438.8,433.4,428.2,423.04,418.0,412.9945807069669,408.0489744131443,403.1624694021318,398.3343620942316,393.56395773267644,388.85056920723895,384.1935179365247,379.5921331817441,375.04575204671266,370.55371967391596,366.1153887543468,361.7301197235704,357.3972805656592,353.11624661712784,348.88640086103095,344.7071334368,340.5778415422109,336.49792972748173,332.4668096011753,328.483899536101,324.54862486537985,320.6604178824453,316.8187174489122,313.02296899457696,309.27262481151547,305.56714336785495,301.9059896999044,298.2886352160893,294.71455750088643,291.1832403148241,287.6941736925146,284.2468535505238,280.84078178540403,277.4754663717263,274.1504209699504,270.86516502445716,267.619223665516,264.41212780731763,261.243413853876,258.1126235029637,255.01930423627422,251.96300873122698,248.94329486096717,245.95972598846345,243.01187057437775,240.09930217706508,237.22159935454118,234.37834586054777,231.56913015438928,228.79354579306352,226.0511911371637,223.3416691548136,220.66458781379762,218.0195593953329,215.40620118029713,212.82413456693575,210.2729859531548,207.75238565816284,205.2619689027964,202.80137473116218,200.37024699096216,197.96823345120092,195.59498619431582,193.2501613220792,190.93341915166354,188.64442401957643,186.38284428166045,184.1483521170281,181.94062382215955,179.7593392227072,177.6041823597235,175.47484070540068,173.371005751266,171.29237232195382,169.2386391634009,167.20950845268385,165.20468599408395,163.2238810230222,161.26680640212425,159.33317822909052,157.4227161307936,155.5351428711479
66,1651.71,1662.85,1659.49,1625.28,1598.25,1653.44,1579.1,1603.38,1582.94,1520.17,1517.88,1469.78,1507.22,1440.31,1395.93,1309.7,1346.21,1261.61,1212.04,1197.49,1118.17,1141.65,1066.69,1066.31,1085.01,1007.17,985.99,933.34,947.71,901.43,895.91,862.59,836.66,801.06,848.09,891.84,842.21,847.68,795.95,807.7,800.08,792.31,783.98,775.25,766.48,757.66,748.89,740.25,731.68,723.14,714.52,706.02,697.7,689.54,681.48,673.33,665.31,657.46,649.48,641.6,633.93,626.23,618.7,611.29,603.93,596.78,589.61,582.52,575.59,568.69,561.82,555.09,548.49,542.06,535.62,529.22,523.02,516.73,510.5,504.47,498.43,492.44,486.65,480.87,475.04,469.25,463.53,457.98,452.4969376736433,447.07936967229284,441.7265171772788,436.43761078519265,431.2118898213582,426.04860292828533,420.9470072810643,415.90636897966914,410.92596295088157,406.0050722617614,401.14298880617633,396.33901261827225,391.59245216670024,386.90262386423836,382.2688523620186,377.69047025529983,373.16681808346783,368.6972440358087,364.28110404958403,359.91776171195545,355.606588161909,351.34696179602815,347.13826875887224,342.9799018641442,338.8712617715981,334.8117556139804,330.80079797778654,326.83781011865545,322.92222045174776,319.053463767141,315.2309817202076,311.4542227335391,307.72264160464385,304.0356995059471,300.3928641809416,296.79360964996164,293.23741591595535,289.7237696510148,286.2521630194675,282.82209465863383,279.4330689922966,276.08459632877754,272.7761926647851,269.50737997964234,266.2776857449079,263.0866430224521,259.93379066060834,256.81867270571854,253.7408387944367,250.69984366334992,247.69524773743242,244.72661624736514,241.7935199160647,238.89553437023,236.03224033649306,233.20322354334388,230.40807462305443,227.64638911167867,224.91776725290148,222.22181409611417,219.5581394964144,216.92635772230383,214.32608784799044,211.75695326301044,209.21858216260662,206.71060686119858,204.23266408660984,201.78439498006782,199.36544499812805,196.97546371652322,194.6141049282384,192.28102644736,189.97589030522718,187.69836255428027,185.44811297383396,183.22481565853124,181.02814833181378,178.85779254207335,176.71343385880303,174.59476128414317,172.50146774326004,170.43324979011848
67,1825.24,1855.22,1820.42,1779.84,1796.56,1730.59,1766.6,1703.61,1769.13,1725.96,1693.83,1624.03,1645.68,1578.22,1495.62,1515.57,1462.1,1443.8,1396.2,1305.21,1247.72,1229.89,1214.36,1147.1,1163.69,1114.36,1092.75,1074.44,997.12,958.91,976.08,995.2,955.7,896.62,929.81,935.74,938.7,901.64,872.67,885.67,877.38,869.0,860.37,851.23,841.87,832.29,822.63,813.09,803.68,794.28,784.94,775.71,766.53,757.49,748.59,739.71,730.93,722.24,713.53,704.96,696.5,688.04,679.69,671.56,663.52,655.58,647.7,639.99,632.42,624.77,617.2,609.77,602.49,595.36,588.31,581.32,574.42,567.6,560.78,554.08,547.47,540.88,534.5,528.24,521.94,515.61,509.34,503.11,497.0880015349383,491.1379022725897,485.2588479308107,479.4499944301845,473.7105077959177,468.03956356922134,462.4363471997238,456.90005355495475,451.4298872146548,446.02506198025975,440.6848007767973,435.4083359471967,430.194908761773,425.0437693201236,419.95417684543827,414.92539899777654,409.9567122664807,405.0474014796598,400.1967602947057,395.40409021726134,390.6687012879428,385.9899116899268,381.36704745464135,376.7994428541782,372.28643991077706,367.8273882987227,363.42164544244787,359.06857651653337,354.7675539551924,350.5179578446831,346.31917543279286,342.1706013250444,338.07163719038675,334.02169185929796,330.0201811275792,326.06652765825135,322.16016098155507,318.3005174949509,314.48704007070654,310.7191783502064,306.996388351539,303.3181327638064,299.683880260402,296.0931061857332,292.54529196660144,289.0399251122034,285.57649931223324,282.1545141425737,278.7734752615021,275.43289401727793,272.1322877424524,268.87117945955833,265.64909768490486,262.4655766247832,259.3201560773633,256.21238133459116,253.14180298598228,250.1079768205186,247.1104643171641,244.14883166383356,241.22265064032078,238.33149783347332,235.47495502960524,232.65260882208437,229.86405080753883,227.10887748775357,224.38669007346437,221.6970945824609,219.03970164338028,216.41412659381052,213.8199892840839,211.25691397917413,208.72452984921188,206.22246989035023,203.75037180769309,201.30787772098557,198.8946335759953,196.51029002744062,194.1545015560623,191.82692695913934,189.52722876186996,187.25507400219695
68,1978.78,2018.6,1972.5,1929.98,1969.27,1924.21,1822.51,1939.24,1895.49,1813.56,1851.64,1843.82,1790.54,1743.14,1740.1,1716.55,1641.78,1553.23,1510.12,1442.57,1400.2,1370.46,1341.78,1329.0,1228.53,1261.0,1162.38,1192.09,1126.7,1084.16,1063.67,1037.94,1051.14,1032.99,1064.97,1007.96,1001.59,1030.4,959.33,973.47,964.42,955.27,945.91,936.42,926.54,916.22,905.64,895.12,884.78,874.37,864.14,854.11,844.07,834.04,824.16,814.46,804.77,795.17,785.74,776.31,766.93,757.62,748.41,739.47,730.63,721.84,713.11,704.55,696.22,687.89,679.58,671.44,663.45,655.44,647.68,640.03,632.41,624.97,617.48,610.07,602.86,595.72,588.56,581.48,574.6,567.8,560.95,554.07,547.4397462444182,540.8886129530279,534.4156612963894,528.0199632362055,521.7006017215249,515.4566706887415,509.28727447298746,503.19152790623366,497.16855641539166,491.2174956299078,485.3374911855615,479.5276988225656,473.78728448366854,468.1154236274446,462.5113015225983,456.9741128555584,451.5030622209856,446.09736304265726,440.7562383582782,435.478920328974,430.2646500430888,425.1126776142861,420.02226188724507,414.9926707319647,410.02318025895306,405.11307550593637,400.2616495549476,395.4682041209341,390.732049061251,386.0525024737629,381.42889030443797,376.8605466416526,372.3468133237858,367.88704003732045,363.4805842187423,359.12681076023574,354.82509210778545,350.5748081630745,346.3753460872827,342.226100399187,338.1264727789592,334.07587177386233,330.0737131906554,326.1194195069861,322.2124204599979,318.3521519672164,314.53805700946094,310.76958514033765,307.04619229003737,303.3673409615378,299.73249993630026,296.14114427426875,292.59275541197206,289.0868207701183,285.6228339497973,282.20029443817714,278.8187079028074,275.4775855049108,272.17644448799047,268.9148077854251,265.69220402046875,262.5081671138454,259.3622369704586,256.2539586945808,253.18288268795445,250.14856494409625,247.15056665589182,244.1884541174942,241.26179882242548,238.37017746357662,235.51317163890351,232.69036804762968,229.90135799973984,227.14573810268865,224.42310947659084,221.73307795042342,219.0752542582283,216.44925354860604,213.85469567901956,211.2912049214902,208.75841015880047,206.2559444920887
69,2155.89,2149.8,2157.87,2159.01,2181.17,2188.62,2084.94,2083.49,2103.61,2055.77,2034.1,1974.49,1993.02,1908.64,1909.7,1905.81,1783.37,1797.98,1697.53,1646.32,1545.58,1493.88,1508.5,1437.63,1397.32,1287.59,1354.72,1303.32,1223.27,1243.81,1166.58,1168.54,1146.63,1113.52,1099.47,1147.98,1119.76,1093.35,1057.83,1073.01,1062.77,1052.7,1042.51,1032.32,1021.78,1010.77,999.47,987.95,976.56,965.16,953.88,942.8,931.71,920.68,909.78,899.0,888.37,877.81,867.38,857.05,846.68,836.4,826.22,816.28,806.47,796.8,787.28,777.78,768.48,759.37,750.26,741.33,732.46,723.59,715.04,706.54,698.09,689.87,681.6,673.44,665.53,657.7,649.83,641.93,634.22,626.8,619.38,611.87,604.5502330968753,597.3177635587341,590.171556715844,583.1105899637336,576.1338526651016,569.2403459536336,562.4290827340016,555.6990874856812,549.0493960667685,542.4790558120721,535.9871249445627,529.5726729677402,523.2347801751758,516.9725377486031,510.78504756173584,504.671421885992,498.63078358667786,492.6622657306219,486.76501158617396,480.9381745251143,475.180917924562,469.49241497079146,463.87184846304996,458.3184109116485,452.83130443987073,447.4097403916065,442.0529394294434,436.7601314365754,431.53055541871134,426.3634593078912,421.25809986439543,416.21374267674423,411.2296618674234,406.3051402890671,401.43946913209163,396.63194802278747,391.88188482713537,387.1885955527155,382.55140434870714,377.96964330970565,373.44265247572207,368.9697794398178,364.5503798385614,360.1838167634799,355.86946085915014,351.60669022510706,347.39489021966085,343.2334535579885,339.12178011595046,335.0592769300906,331.04535790336206,327.0794441974929,323.16096335016243,319.2893500597334,315.46404549861154,311.6844977056111,307.9501609974062,304.2604961647135,300.6149706684758,297.0130580513118,293.45423803560874,289.93799662161314,286.46382598933974,283.031224302388,279.6396954136679,276.288749355857,272.97790204712686,269.70667470259247,266.47459471713717,263.28119478258816,260.12601337817455,257.0085940838864,253.92848636520696,250.88524459219744,247.87842882422922,244.90760412334305,241.9723407504321,239.07221396905908,236.2068043397304,233.3756972294391,230.57848300784724,227.81475675301172
70,2437.4,2470.84,2405.77,2410.16,2441.97,2290.68,2308.9,2269.59,2271.67,2240.43,2259.07,2172.11,2245.66,2133.94,2131.16,2129.27,2032.22,1995.76,1934.89,1810.12,1767.47,1655.77,1637.05,1556.15,1508.75,1487.08,1497.52,1447.2,1405.76,1395.04,1341.69,1306.89,1261.01,1270.89,1278.25,1215.01,1208.08,1247.15,1170.35,1186.57,1174.89,1163.6,1152.38,1141.18,1129.74,1118.06,1106.05,1093.58,1081.1,1068.52,1055.98,1043.73,1031.47,1019.36,1007.35,995.28,983.47,971.83,960.28,948.83,937.49,926.2,914.87,903.73,892.91,882.31,871.78,861.33,850.97,840.82,830.81,820.83,810.99,801.22,791.7,782.29,772.9,763.71,754.62,745.67,736.88,728.16,719.54,710.87,702.21,693.88,685.77,677.58,669.47685645024,661.4702885062441,653.5591530478835,645.7423201946668,638.0186734038122,630.3871090779606,622.8465363690347,615.3958775705227,608.0340671367657,600.7600523694568,593.5727926330703,586.4712594529327,579.4544367113659,572.5213197650447,565.6709159353529,558.9022444103132,552.2143353619438,545.6062308289011,539.0769838338373,532.625658481472,526.2513298605202,519.9530842398353,513.730018087696,507.5812388563761,501.50586449178843,495.50302294312763,489.57185284937003,483.7115027547022,477.9211313046642,472.19990675579214,466.54700756404685,460.96162169831405,455.4429464442616,449.9901889927678,444.6025654592074,439.2793013738087,434.0196313874395,428.82279917353526,423.6880573300281,418.61466718320395,413.60189888577395,408.64903112266,403.75535101292377,398.9201543059093,394.1427448908859,389.4224347970486,384.7585444877317,380.1504021739095,375.5973441084104,371.09871429170255,366.6538645699653,362.2621545370181,357.9229511420343,353.6356288856849,349.39956972206596,345.2141630586997,341.0788051681054,336.9928996781567,332.95585737593893,328.96709571739166,325.0260394157377,321.13211965691147,317.2847746879876,313.4834490326094,309.72759417748944,306.0166678859088,302.3501343938608,298.72746421390724,295.1481342332508,291.6116276156629,288.1174333111269,284.6650468404097,281.25396921627566,277.88370772805854,274.55377525516104,271.2636906593408,268.0129783924247,264.80116849630906,261.62779679910193,258.49240442476673,255.39453808733606,252.3337496986262
71,2690.1,2684.82,2592.59,2566.08,2591.2,2589.91,2525.55,2586.75,2508.32,2324.89,2441.49,2384.77,2443.6,2328.19,2343.27,2292.66,2288.2,2235.02,2157.21,2041.66,1984.61,1943.1,1829.75,1720.6,1676.1,1651.21,1609.2,1577.39,1507.06,1489.69,1447.33,1412.88,1383.12,1399.37,1418.32,1408.92,1301.11,1329.33,1299.13,1316.71,1303.3,1290.4,1277.76,1265.46,1253.01,1240.34,1227.4,1213.99,1200.38,1186.57,1172.7,1159.03,1145.5,1132.01,1118.64,1105.3,1092.13,1079.21,1066.38,1053.63,1041.13,1028.74,1016.25,1003.93,991.86,979.94,968.12,956.61,945.19,933.75,922.59,911.62,900.73,889.89,879.23,868.83,858.48,848.18,838.15,828.23,818.34,808.64,799.06,789.55,780.04,770.6,761.46,752.5,743.5043271348259,734.6157854742241,725.8331089081474,717.1550460327982,708.5803598565034,700.1078279957976,691.7362421852156,683.4644084733744,675.2911463405994,667.2152896793408,659.2356853235478,651.351194127128,643.5606898854884,635.8630596296607,628.2572035282595,620.7420344953161,613.3164779941942,605.9794724297574,598.7299682659941,591.5669285162252,584.4893280568135,577.4961540193295,570.5864052023016,563.7590923653416,557.013237542852,550.3478746322772,543.762048413686,537.2548152360638,530.8252423310203,524.4724079108317,518.1954010703995,511.9933214931237,505.86527945090495,499.8103959021849,493.8278017076134,487.9166383163398,482.07605717776335,476.3052195454497,470.60329667321383,464.9694697170795,459.4029291470278,453.9028752372066,448.46851747768005,443.0990748685539,437.79377542976664,432.55185639717337,427.3725639284206,422.2551530049046,417.19888762785456,412.20304013204134,407.26689177402704,402.38973214391524,397.5708591653509,392.8095789974788,388.1052063290685,383.45706349613937,378.86448107021033,374.3267974661337,369.8433591381781,365.4135198937368,361.03664138353645,356.7120929055533,352.43925091480514,348.2174994155179,344.04622986308385,339.9248405758119,335.8527372251355,331.8293324434465,327.85404582409467,323.9263038233465,320.04553966234295,316.21119322905855,312.4227112743839,308.67954692191796,304.9811596679677,301.3270156756735,297.7165871867587,294.1493529136964,290.6247975495013,287.14241206185466,283.7016933009374,280.30214429355533
72,3025.8,2971.76,2912.75,2815.1,3004.73,2897.55,2791.22,2709.07,2796.71,2680.17,2668.84,2706.68,2680.54,2584.48,2584.68,2574.72,2574.93,2523.3,2412.14,2246.77,2208.29,2184.77,2121.89,1980.28,1950.81,1831.31,1789.63,1764.65,1647.61,1640.8,1659.48,1638.72,1573.4,1575.57,1529.61,1606.19,1532.79,1490.39,1446.61,1465.91,1450.47,1435.7,1421.37,1407.57,1393.85,1379.94,1365.81,1351.38,1336.62,1321.44,1306.19,1290.98,1275.87,1260.85,1245.93,1231.29,1216.69,1202.16,1187.92,1173.74,1159.73,1145.96,1132.21,1118.64,1105.14,1091.75,1078.57,1065.65,1052.97,1040.26,1027.74,1015.65,1003.56,991.45,979.57,967.89,956.36,944.89,933.71,922.63,911.63,900.87,890.13,879.51,869.1,858.69,848.33,838.31,828.2929021693158,818.3949954755644,808.6148739404983,798.9511473679581,789.4024422261023,779.9674005691264,770.6446802333154,761.4329548370426,752.3309133886686,743.3372597964136,734.450713456511,725.6700085670285,716.9938937357671,708.421132568413,699.9505027863099,691.5807965205341,683.3108198217685,675.1393928563527,667.0653493181309,659.0875366245025,651.204815720372,643.4160606860465,635.7201589332868,628.116010715181,620.6025291261433,613.1786401019154,605.8432821254893,598.5954059330313,591.4339747099333,584.3579636987105,577.3663601990017,570.4581631754686,563.6323836498954,556.8880439169872,550.2241779364717,543.639830842971,537.1340592400787,530.7059304161565,524.3545229324867,518.0789259370943,511.878239458823,505.7515739172085,499.6980504165548,493.71680015778145,487.8069645364492,481.9676953388107,476.1981540556327,470.49751217627255,464.86495079657595,459.299660716903,453.80084244212816,448.3677055934871,442.99946920265404,437.6953617117409,432.45462028711967,427.2764914075752,422.16023027615245,417.10510082015645,412.1103758872033,407.1753365590424,402.2992727397088,397.481482469345,392.72127212025254,388.0179563968913,383.3708579437784,378.77930754153874,374.2426436167779,369.7602126341842,365.33136880245183,360.95547387823075,356.6318970681008,352.3600153226482,348.1392125522621,343.9688803133126,339.8484172199983,335.77722894434606,331.75472831423696,327.7803350193296,323.85347570908544,319.97358369869323,316.1400990670938,312.3524684609294
73,3298.32,3313.9,3255.25,3141.38,3260.92,3150.66,3075.74,3093.09,3042.36,3031.26,3044.82,2842.04,3018.49,2834.29,2889.65,2840.1,2837.68,2742.69,2697.56,2492.98,2493.96,2430.83,2380.73,2236.83,2098.25,2058.61,2026.63,2025.58,1859.78,1846.63,1717.86,1792.77,1809.28,1733.92,1784.61,1727.33,1742.24,1673.96,1615.87,1637.12,1619.68,1602.91,1586.54,1570.66,1555.11,1539.71,1524.2,1508.43,1492.41,1475.94,1459.19,1442.33,1425.46,1408.64,1392.05,1375.71,1359.45,1343.27,1327.35,1311.5,1295.81,1280.45,1265.1,1249.97,1235.0,1220.08,1205.42,1190.93,1176.7,1162.58,1148.6,1134.93,1121.35,1107.97,1094.72,1081.61,1068.77,1055.98,1043.39,1031.03,1018.76,1006.63,994.66,982.82,971.23,959.72,948.1,936.81,925.6215198001773,914.5660353312257,903.6419804911902,892.8478076086107,882.181986854316,871.6430057512504,861.2293697626809,850.9396012138176,840.7722398800203,830.7258423005572,820.798981582536,810.9902475969723,801.2982465866515,791.7216005779225,782.2589481649726,772.9089431373452,763.6702554602838,754.5415701963536,745.521587799544,736.6090238211652,727.8026087137795,719.101087929235,710.5032211343901,702.0077827993205,693.6135614130424,685.3193596795824,677.1239944199418,669.0262958858561,661.0251083480014,653.1192893117177,645.3077097130791,637.5892536247895,629.9628183542171,622.4273138551873,614.9816628260166,607.6248008075489,600.3556753988765,593.1732469435843,586.0764876474377,579.0643818724864,572.1359258429602,565.2901275472364,558.526006541768,551.8425940491203,545.2389324677972,538.7140755683108,532.2670880030081,525.8970456001747,519.6030349718977,513.3841536120985,507.23950921029217,501.1682204358636,495.16941585968726,489.2422346403691,483.3858258380047,477.59934870828323,471.88197211427956,466.2328751146621,460.6512458853122,455.13628269967063,449.6871930464253,444.3031935314777,438.98351027008067,433.72737849470036,428.5340422609127,423.40275464347206,418.3327776382771,413.3233816721978,408.37384599521386,403.48345828827627,398.65151476134207,393.87731956516694,389.1601855755816,384.4994333151116,379.8943915411851,375.3443971480977,370.8487943827366,366.4069356288567,362.0181808188731,357.681897335827,353.3974602094546,349.16425182208343
74,3683.21,3666.91,3600.06,3520.76,3531.85,3554.24,3421.07,3429.37,3349.86,3241.69,3289.06,3244.48,3170.82,3150.07,3177.2,3087.9,3023.72,3039.57,3026.0,2910.18,2709.75,2689.82,2671.92,2530.72,2415.16,2359.22,2267.58,2228.99,2138.09,2038.73,1976.04,1988.44,1994.62,1947.23,1989.83,1882.74,1852.41,1922.57,1809.13,1832.9,1813.25,1794.23,1775.55,1757.32,1739.72,1722.45,1705.09,1687.65,1670.13,1652.27,1633.94,1615.25,1596.51,1577.75,1559.18,1540.84,1522.63,1504.61,1486.79,1469.05,1451.47,1434.28,1417.14,1400.14,1383.48,1366.88,1350.45,1334.28,1318.25,1302.43,1286.8,1271.39,1256.24,1241.38,1226.56,1211.82,1197.42,1183.18,1169.01,1155.11,1141.3,1127.63,1114.31,1101.15,1088.12,1075.17,1062.28,1049.67,1037.1408131488404,1024.7603876602125,1012.5269762151614,1000.4388501249559,988.4943022727039,976.6916463289215,965.0292125352198,953.5053519206181,942.1184343404675,930.8668483783982,919.7490012482644,908.7633184019298,897.9082435292673,887.1822383620517,876.583782281744,866.1113724175457,855.7635231561288,845.5387660435835,835.435649687363,825.4527395601766,815.5886176077745,805.8418823470007,796.2111483755252,786.6950466660048,777.2922236835985,768.001341974291,758.8210792824077,749.7501290408849,740.7871996848914,731.9310146518303,723.1803123813377,714.5338457269603,705.9903823483706,697.5487041230444,689.2076071462601,680.9659015349915,672.8224112318002,664.7759740048352,656.8254409575648,648.969677019044,641.2075599633782,633.5379808019374,625.9598435872484,618.4720650207806,611.0735747471062,603.7633145694706,596.5402390381147,589.403314567791,582.3515198299787,575.3838456548297,568.4992944428461,561.6968802629339,554.975628950456,548.3345775189108,541.7727745521466,535.2892795179847,528.8831630623811,522.5535067152655,516.2994027924866,510.1199542977591,504.01427462850177,497.98148786999917,492.02072810902473,486.131139826056,480.3118774050061,474.56210532933045,468.8809976917583,463.26773858650813,457.72152142291054,452.24154941567735,446.8270348004714,441.4771994222292,436.1912740487842,430.9684987630822,425.80812227680457,420.7094024206374,415.67160575205605,410.6940072611639,405.77589086096134,400.9165485048615,396.1152807750131,391.3713964900851
75,4149.23,4102.04,4018.73,3859.79,4060.83,3889.02,3730.35,3692.29,3707.17,3620.55,3550.63,3585.05,3527.74,3298.91,3504.77,3428.19,3406.31,3240.68,3280.93,3168.74,3098.99,3105.69,3020.36,2837.51,2741.05,2633.28,2504.77,2455.45,2307.67,2265.25,2195.98,2206.41,2204.88,2183.0,2195.86,2115.83,2152.05,2134.66,2027.9,2055.0,2032.98,2011.41,1990.25,1969.75,1949.8,1930.24,1910.65,1891.2,1871.9,1852.13,1832.0,1811.47,1790.78,1770.08,1749.32,1728.72,1708.23,1687.95,1668.03,1648.25,1628.54,1609.09,1589.92,1570.93,1552.18,1533.67,1515.35,1497.2,1479.19,1461.44,1443.94,1426.71,1409.82,1392.98,1376.36,1359.96,1343.64,1327.58,1311.75,1296.17,1280.73,1265.43,1250.41,1235.6,1221.0,1206.56,1192.17,1178.0,1163.948263203071,1150.0631450324918,1136.3426938490306,1122.7849795785294,1109.3880937119045,1096.1501522458386,1083.0692907816283,1070.1436655054126,1057.3714541684058,1044.7508580473577,1032.2800960631698,1019.9574077215875,1007.7810540934303,995.749315854131,983.8604932837353,972.1129060708563,960.5048930186042,949.0348125347026,937.7010418473039,926.5019769069658,915.436032092582,904.5016400153365,893.6972516167273,883.0213352863566,872.4723776461182,862.0488824719413,851.7493708898385,841.572381179858,831.5164686780622,821.5802051883876,811.762179276716,802.0609957807569,792.4752757120265,783.0036560598,773.6447897911131,764.3973452626217,755.2600065146728,746.2314727811887,737.310458391643,728.4956927710624,719.7859199499095,711.1798987601305,702.6764022470152,694.2742178652447,685.9721473808676,677.7690062831613,669.6636239806787,661.6548434091557,653.7415212275575,645.9225272299401,638.196744541496,630.5630693244856,623.0204104841679,615.5676898648467,608.2038419558006,600.9278134011693,593.7385635880896,586.6350636664678,579.6162971371151,572.6812592636113,565.8289571703268,559.0584095483539,552.3686464594603,545.7587096301585,539.2276518635675,532.7745370394127,526.398440114026,520.098446728253,513.873653501523,507.72316754173323,501.6461063472257,495.6415980028338,489.7087807877894,483.84680278363106,478.0548225603654,472.3320083922822,466.67753825795523,461.0905998402412,455.57039042825767,450.1161168193593,444.7269951230921,439.4022504671238
76,4504.11,4522.25,4427.04,4270.22,4426.24,4243.59,4124.0,4135.41,4142.5,3926.37,3947.38,3905.73,3997.14,3715.56,3687.32,3847.41,3752.69,3706.6,3678.73,3529.65,3426.88,3435.1,3362.8,3171.37,3105.95,2890.99,2889.9,2822.24,2619.61,2572.74,2461.87,2480.16,2471.38,2391.99,2480.62,2501.8,2435.62,2351.55,2275.2,2306.33,2282.15,2258.09,2234.25,2211.19,2188.52,2166.34,2144.41,2122.56,2100.87,2078.93,2056.79,2034.26,2011.46,1988.47,1965.37,1942.33,1919.3,1896.53,1874.08,1851.9,1829.91,1808.05,1786.48,1765.21,1744.14,1723.33,1702.81,1682.41,1662.27,1642.35,1622.71,1603.36,1584.2,1565.23,1546.59,1528.27,1510.02,1491.92,1474.11,1456.68,1439.34,1422.15,1405.27,1388.57,1372.17,1355.93,1339.73,1323.88,1308.099964311561,1292.506759318365,1277.0982019861556,1261.8721367155765,1246.8264294632665,1231.9589716611276,1217.2676802163292,1202.750492612214,1188.4053727872094,1174.2303062357355,1160.2233019678422,1146.3823905495726,1132.705628022235,1119.191089043678,1105.8368727671968,1092.6410989222627,1079.60190879434,1066.7174662047055,1053.9859535911746,1041.405576907193,1028.974561702564,1016.6911531234483,1004.5536168921825,992.560239307279,980.7093252837897,968.9991997250519,957.428207816633,945.9947124788041,934.697095836267,923.5337589242088,912.5031209044474,901.6036193593774,890.833709900042,880.191866068152,869.676578748195,859.2863566573441,849.0197254636217,838.8752279818635,828.8514240757364,818.9468899718659,809.1602186517632,799.4900192639357,789.9349172218663,780.4935538120887,771.1645859982226,761.9466865189559,752.8385434961165,743.8388600427471,734.9463548509941,726.1597610163274,717.4778265274482,708.8993142662899,700.4230010282005,692.0476782078134,683.7721511131771,675.595239063735,667.5157750963817,659.5326058674801,651.6445914568981,643.8506053680089,636.1495342337452,628.5402775226544,621.0217478328431,613.5928702061055,606.2525824218682,598.9998347032448,591.8335894230913,584.7528212019868,577.7565165163068,570.8436740901507,564.0133038175419,557.2644277422452,550.5960789799681,544.0073021102868,537.4971530786656,531.0646986085651,524.70901659337,518.4291957044621,512.2243351952557,506.0935451951445,500.03594582766385,494.05066809232835
77,5039.19,4955.22,4794.44,4731.83,4809.48,4728.72,4534.92,4509.99,4516.93,4408.84,4448.28,4296.0,4432.12,4195.69,4119.5,4040.42,4221.95,4064.58,4003.31,3924.99,3803.83,3772.26,3786.84,3528.48,3436.12,3297.7,3235.12,3126.9,2933.15,2910.45,2793.69,2793.85,2757.73,2682.83,2685.11,2704.7,2662.93,2720.62,2555.45,2591.5,2565.1,2538.59,2512.09,2486.14,2460.72,2435.71,2411.05,2386.56,2362.14,2337.69,2313.07,2288.03,2262.76,2237.31,2211.64,2185.87,2160.07,2134.56,2109.32,2084.29,2059.67,2035.23,2010.92,1986.94,1963.27,1939.92,1916.82,1893.87,1871.26,1848.92,1826.83,1804.92,1783.21,1761.98,1741.12,1720.46,1700.03,1679.76,1659.66,1639.93,1620.37,1601.09,1582.07,1563.24,1544.76,1526.44,1508.23,1490.38,1472.6305114012102,1455.0908103994846,1437.7584550974514,1420.6310320146847,1403.7061541279113,1386.9814618509083,1370.4546220546067,1354.1233270871974,1337.9852977138153,1322.0382762572765,1306.2800363970248,1290.708372390291,1275.32110495146,1260.1160802721765,1245.0911690414512,1230.2442635059756,1215.573284329385,1201.076171773207,1186.7508915762294,1172.5954329947103,1158.6078068425888,1144.7860474512759,1131.1282116897578,1117.6323779847019,1104.2966482802467,1091.1191441184233,1078.0980095788377,1065.2314102987789,1052.5175324933214,1039.9545839352215,1027.5407919951283,1015.2744036415825,1003.1536883807008,991.176934336598,979.3424480554072,967.6485579349117,956.0936102069759,944.6759704073892,933.3940228859168,922.2461706103215,911.2308350683743,900.3464559738866,889.5914909727398,878.9644155448989,868.4637227104411,858.0879231275472,847.8355446025539,837.7051317959842,827.6952464185289,817.8044668390859,808.0313877907934,798.3746203710297,788.8327918454346,779.4045452559506,770.0885395188128,760.8834490325918,751.7879636781922,742.800788524886,733.9206437323214,725.1462643545451,716.476400144023,707.9098152576718,699.445288550827,691.0816127933275,682.8175950614745,674.6520562480822,666.58383096449,658.611767540561,650.7347274367471,642.9515858320242,635.2612306439983,627.6625631168419,620.1544972333577,612.7359594210099,605.4058890418713,598.1632376087085,591.0069689809594,583.9360591687558,576.9494962349327,570.0462798050817,563.2254215574983,556.4859446352444
78,5593.59,5540.08,5445.36,5256.67,5319.44,5208.15,5063.8,4954.56,5003.9,4866.79,4934.15,4691.57,4844.78,4621.56,4687.83,4676.02,4370.71,4590.91,4536.38,4256.27,4148.93,4257.7,4173.29,4016.53,3896.76,3721.73,3570.36,3553.06,3319.46,3293.01,3154.6,3128.14,3072.29,2912.07,3040.72,3074.47,3090.87,3033.99,2873.72,2915.99,2887.48,2858.65,2829.63,2800.7,2772.13,2744.07,2716.34,2688.83,2661.57,2634.3,2606.67,2578.77,2550.67,2522.45,2493.88,2465.03,2436.17,2407.45,2379.14,2350.95,2323.05,2295.58,2268.3,2241.19,2214.45,2188.12,2162.16,2136.42,2111.03,2085.88,2060.94,2036.32,2011.85,1987.88,1964.43,1941.07,1917.87,1895.13,1872.6,1850.23,1828.19,1806.5,1785.02,1763.75,1742.83,1722.16,1701.74,1681.56,1661.5531803656183,1641.7823642033836,1622.2448170265063,1602.9378327915667,1583.8587378217396,1565.0048859027643,1546.3736631869742,1527.9624823084607,1509.7687882679102,1491.7900505861555,1474.0237711506236,1456.4674773496943,1439.1187269767292,1421.975101364432,1405.0342132312937,1388.2936988351464,1371.7512248388048,1355.404480463619,1339.2511833743085,1323.2890777173527,1307.5159301977656,1291.9295349831264,1276.5277107611605,1261.3083017205465,1246.2691765701102,1231.408225596406,1216.7233675293598,1202.2125397342086,1187.87370801956,1173.7048578101383,1159.7039990508165,1145.869164245002,1132.198407473831,1118.689806357781,1105.3414600950593,1092.1514894616028,1079.1180368110765,1066.23926509407,1053.5133598197076,1040.9385251324252,1028.5129887160003,1016.2349959087155,1004.1028146073892,992.1147293825396,980.2690469708978,968.5640937253119,956.9982142416201,945.5697726336974,934.2771515526497,923.118752677217,912.0929958310483,901.1983192769427,890.4331792264471,879.7960497417757,869.2854224415676,858.8998065008866,848.6377283569813,838.4977313169599,828.4783757539541,818.5782386167145,808.7959133315303,799.1300098022296,789.579153723615,780.1419871699477,770.8171675160604,761.6033681239212,752.4992775579899,743.5035996832979,734.615053371206,725.8323724994058,717.1543056576764,708.5796159517245,700.1070808070218,691.7354921649678,683.4636557963246,675.2903913992977,667.2145326976165,659.2349266558904,651.3504339700104,643.5599285767472,635.8622974575898,628.2564407368255
79,6118.9,6204.34,6033.7,5792.66,5918.9,5948.76,5674.38,5553.09,5683.99,5438.62,5447.37,5251.5,5377.95,5058.86,5236.84,5228.87,5005.94,4684.28,4997.23,4755.52,4677.15,4635.0,4732.97,4304.35,4406.77,4236.44,4131.16,4019.59,3799.25,3722.45,3523.69,3536.69,3492.56,3393.73,3484.8,3310.51,3382.38,3412.27,3237.39,3286.64,3256.48,3225.48,3193.91,3162.09,3130.29,3098.84,3067.82,3037.03,3006.4,2975.83,2944.94,2913.89,2882.49,2850.79,2818.99,2786.89,2754.55,2722.25,2690.22,2658.42,2626.9,2595.79,2565.09,2534.56,2504.36,2474.59,2445.21,2416.2,2387.56,2359.19,2331.02,2303.29,2275.79,2248.53,2221.91,2195.56,2169.38,2143.63,2118.19,2093.09,2068.22,2043.57,2019.32,1995.34,1971.61,1948.19,1925.13,1902.4,1879.7909842741476,1857.4480671567756,1835.3681780714705,1813.548281814859,1791.9853736436849,1770.6764871354872,1749.6186843627522,1728.809061788424,1708.2447483007322,1687.9229032480252,1667.840720369106,1647.9954228803133,1628.3842634755172,1609.004529239045,1589.8535347675881,1570.9286261005407,1552.2271767896611,1533.7465928119957,1515.4843076569541,1497.4377833088959,1479.6045112297138,1461.9820113762507,1444.5678292525438,1427.3595418053335,1410.354748580803,1393.551080567837,1376.9461933199325,1360.53776990295,1344.323517947363,1328.301172596008,1312.4684935563337,1296.8232670655684,1281.3633039255526,1266.086439502738,1250.9905337281864,1236.073471097572,1221.3331616537646,1206.7675360739079,1192.37455058234,1178.1521849854273,1164.0984407063934,1150.2113437330736,1136.4889416701608,1122.9293037392056,1109.5305217612022,1096.2907111391703,1083.2080049626506,1070.2805628509636,1057.5065601447811,1044.8841967493865,1032.4116912391676,1020.0872857705384,1007.9092382212657,995.8758290685571,983.9853584413102,972.2361465131451,960.6265312424605,949.1548707306363,937.8195418464159,926.6189402259051,915.5514797812809,904.6155929955665,893.8097303330802,883.1323600429192,872.5819683554762,862.1570586963718,851.8561519812296,841.6777863209014,831.6205164319159,821.6829141277719,811.863567631128,802.1610813772865,792.5740763089683,783.1011890902457,773.7410723030591,764.4923942507003,755.3538386630368,746.3241044017365,737.4019057550436,728.5859718482272,719.8750463488067,711.2678879578433
80,6978.85,6978.5,6725.85,6473.12,6739.25,6482.26,6252.11,6131.33,6375.22,5982.91,6134.03,5865.01,6034.61,5754.45,5820.81,5786.24,5724.69,5465.02,5185.62,5414.55,5246.18,5253.85,5247.99,4904.66,4832.08,4647.35,4658.03,4593.39,4348.36,4163.81,4035.66,4102.31,4045.29,3857.98,4028.63,3832.1,3831.11,3779.29,3655.7,3711.8,3679.46,3646.47,3612.37,3577.86,3543.16,3508.24,3473.46,3439.0,3404.7,3370.34,3335.91,3301.2,3265.97,3230.43,3194.74,3158.85,3122.65,3086.38,3050.15,3014.21,2978.63,2943.33,2908.47,2874.02,2840.0,2806.25,2772.89,2740.03,2707.58,2675.54,2643.73,2612.37,2581.32,2550.38,2520.06,2490.24,2460.72,2431.47,2402.49,2374.18,2346.18,2318.18,2290.56,2263.39,2236.59,2210.12,2183.94,2158.14,2132.5248507639353,2107.2103912959105,2082.193172724878,2057.469780638967,2033.0368409927653,2008.8910142000345,1985.0289990719039,1961.4475308477704,1938.1433792262058,1915.1133493495036,1892.3542837727746,1869.863058525756,1847.636582128264,1825.671800512931,1803.9656921024687,1782.5152678096667,1761.3175739910373,1740.3696875240746,1719.6687187608989,1699.2118105437096,1678.9961372202358,1659.0189026746423,1639.2773452502672,1619.7687328268844,1600.4903638052494,1581.4395651380057,1562.6136962678743,1544.010144204916,1525.626327464722,1507.4596921302232,1489.5077118516888,1471.767890800371,1454.2377607148621,1436.9148799165444,1419.7968362632366,1402.8812422264516,1386.165739814138,1369.6479956479404,1353.3257039168418,1337.1965853926176,1321.2583854607378,1305.5088741203692,1289.945849922565,1274.567133078431,1259.370570381864,1244.3540322559088,1229.5154147218543,1214.8526364455888,1200.3636397221492,1186.0463904757194,1171.8988782596316,1157.9191152718186,1144.1051373393607,1130.4549999802944,1116.9667843109003,1103.6385911384154,1090.4685448992248,1077.454788736122,1064.5954894210486,1051.8888344014506,1039.3330308157308,1026.9263064777958,1014.6669128307012,1002.5531151011708,990.583205098721,978.7554901887233,967.0682980182348,955.5199759252686,944.1088902496117,932.8334260374592,921.6919869429606,910.6829951297647,899.8048907787448,889.0561323833649,878.4351959620393,867.940575255044,857.5707816260609,847.32434327454,837.1998057279725,827.195731349618,817.3106989446848,807.543304055694
81,7834.54,7611.14,7501.65,7096.33,7422.77,7271.05,6893.86,6877.04,6945.24,6697.03,6714.23,6516.87,6670.79,6326.48,6431.53,6455.65,6269.63,6242.34,6030.84,5437.8,6046.23,5864.59,5803.31,5526.23,5502.64,5259.99,5209.15,5233.02,4798.7,4717.72,4478.24,4598.94,4501.73,4364.73,4611.9,4299.64,4266.5,4364.46,4140.3,4202.85,4166.58,4131.39,4095.19,4057.95,4020.25,3981.9,3943.34,3904.81,3866.48,3828.09,3789.71,3751.11,3711.65,3671.7,3631.5,3590.98,3550.32,3509.55,3468.71,3428.04,3387.66,3347.58,3307.95,3268.82,3230.26,3191.99,3154.1,3116.76,3079.96,3043.57,3007.44,2971.96,2936.77,2901.69,2867.2,2833.14,2799.59,2766.47,2733.59,2701.24,2669.44,2637.79,2606.33,2575.41,2545.04,2515.0,2485.18,2455.73,2426.6268813798583,2397.8643490667355,2369.4385190580033,2341.345551722735,2313.5816448994333,2286.14304178434,2259.026023043129,2232.22691075506,2205.742066440901,2179.567893035005,2153.700829955122,2128.1373570465475,2102.873991624012,2077.907290443755,2053.2338447733355,2028.8502882799378,2004.7532851979126,1980.939542161235,1957.405799329163,1934.1488313722741,1911.165450430581,1888.4525041414533,1866.0068746535826,1843.8254756688673,1821.905259344677,1800.243208405552,1778.8363400873518,1757.68170515122,1736.7763878835826,1716.117502151998,1695.7021953493065,1675.5276483936325,1655.5910717842314,1635.889706587529,1616.420825423158,1597.1817324639587,1578.169760477866,1559.3822727999839,1540.8166623465488,1522.4703516149286,1504.3407907115484,1486.4254593239646,1468.7218657348283,1451.2275458358467,1433.9400641138218,1416.8570106925358,1399.9760042908658,1383.294691236745,1366.8107415230127,1350.5218547236395,1334.4257550635398,1318.5201924046094,1302.8029422457234,1287.2718047367023,1271.9246066503847,1256.7591984245137,1241.7734541617394,1226.9652726156546,1212.3325781768328,1197.8733169286784,1183.585457633463,1169.4669956764772,1155.5159451777283,1141.7303449081674,1128.1082573036506,1114.6477655068268,1101.346973367137,1088.204008398928,1075.2170198093766,1062.3841755403762,1049.7036681847642,1037.1737070980187,1024.7925262865615,1012.5583755334186,1000.4695282865202,988.5242767285148,976.7209329600124,965.0578273233211,953.5333105717302,942.1457520946421,930.8935402133836,919.775081688187
82,8612.38,8673.5,8392.64,7891.74,8216.28,8035.19,7715.83,7728.14,7741.26,7406.56,7496.36,7162.98,7461.09,7092.92,7106.82,7140.98,7194.85,7001.18,7004.35,6536.91,6015.62,6748.81,6655.82,6154.71,6077.85,5818.15,5845.64,5763.01,5418.61,5378.79,5155.27,5107.71,5184.81,4939.38,5163.61,4948.26,4920.18,4816.15,4705.05,4773.97,4731.83,4692.71,4654.05,4614.25,4573.4,4531.68,4489.55,4446.91,4404.06,4361.37,4318.55,4275.45,4231.59,4186.92,4141.71,4095.92,4049.81,4003.76,3957.62,3911.44,3865.56,3819.99,3774.89,3730.41,3686.47,3643.0,3599.93,3557.28,3515.27,3473.84,3432.8,3392.34,3352.22,3312.48,3273.26,3234.37,3196.05,3158.31,3120.86,3083.93,3047.6,3011.51,2975.91,2940.69,2905.89,2871.52,2837.52,2804.09,2770.917723870179,2738.132246655689,2705.7291926111307,2673.704230409906,2642.0530761054733,2610.7714911571725,2579.8552824302315,2549.3002992345073,2519.102438259913,2489.257638640992,2459.761882944004,2430.6111961798406,2401.80164679111,2373.3293466521354,2345.190446133535,2317.3811419988942,2289.8976665468435,2262.736298468977,2235.893351004849,2209.365182799898,2183.148189021686,2157.2388033340712,2131.6335008584556,2106.328793238369,2081.3212306136347,2056.6074016203684,2032.1839304297266,2008.0474797091615,1984.1947486482482,1960.6224719716024,1937.32742191305,1914.3064022931196,1891.5562583898857,1869.073864106873,1846.8561308568167,1824.9000046004053,1803.2024648592007,1781.7605237285518,1760.571225877594,1739.6316505234192,1718.938908469821,1698.4901421072975,1678.2825273872163,1658.313270860564,1638.5796086908615,1619.0788096154158,1599.808172971152,1580.7650277075306,1561.9467333736281,1543.3506771568868,1524.9742778314521,1506.814982796918,1488.8702661041586,1471.1376324036669,1453.6146149713843,1436.2987717603648,1419.1876913232793,1402.2789878769954,1385.5703022896612,1369.059304054873,1352.743686356255,1336.6211700157965,1320.6895025067654,1304.9464549924585,1289.3898243003675,1274.017433909265,1258.8271290137811,1243.8167824469106,1228.9842897445915,1214.3275691457036,1199.8445655404078,1185.5332455347227,1171.3915984376085,1157.4176372480542,1143.6093966809053,1129.9649361281192,1116.4823347233432,1103.15969529025,1089.9951413812876,1076.986819251845,1064.1328929248327,1051.4315530744407
83,9826.7,9349.74,9413.03,8848.65,9144.33,8931.18,8485.41,8556.49,8505.52,8305.96,8151.43,7986.51,8327.09,7821.71,7874.01,8026.07,7841.17,7750.2,7702.54,7538.8,7185.71,6592.02,7555.34,6866.57,6920.34,6580.58,6592.09,6490.48,6202.79,6098.96,5869.72,5941.55,5801.22,5658.49,5910.06,5708.72,5608.82,5677.5,5363.04,5438.93,5389.11,5343.57,5300.51,5258.1,5214.62,5169.55,5123.53,5076.83,5029.42,4981.81,4934.13,4885.89,4837.2,4787.78,4737.16,4685.71,4633.51,4580.99,4528.64,4476.16,4423.82,4372.05,4320.71,4269.92,4219.66,4169.95,4120.91,4072.31,4024.27,3976.84,3930.12,3883.98,3838.06,3792.84,3748.18,3703.75,3659.82,3616.59,3573.83,3531.66,3490.19,3448.91,3408.29,3368.18,3328.28,3288.87,3250.0,3211.88,3173.9634058258716,3136.487038973564,3099.445961171279,3062.835290454783,3026.650190301025,2990.885877530963,2955.537619346002,2920.6007293765856,2886.0705745971645,2851.9425664355244,2818.212166699901,2784.8748856032726,2751.926277811956,2719.3619483727157,2687.177545797801,2655.3687670042063,2623.931354350114,2592.86109267134,2562.1538161962967,2531.805399655326,2501.8117642078087,2472.168873490761,2442.872734606683,2413.919398123559,2385.304956099156,2357.0255440567225,2329.0773380214405,2301.4565545204186,2274.1594535462514,2247.1823336177567,2220.5215327678325,2194.1734305191553,2168.1344459084803,2142.4010355109353,2116.9696944278735,2091.836957274726,2066.9993962052954,2042.453619923908,2018.1962756611142,1994.224046210133,1970.5336509147069,1947.1218456690976,1923.98542291809,1901.1212077055818,1878.5260636016958,1856.196885787817,1834.1306050079997,1812.3241865811156,1790.7746284251505,1769.4789620450554,1748.4342515448946,1727.6375946156993,1707.0861195719099,1686.776989302783,1666.7073963331354,1646.874563811192,1627.2757484721446,1607.9082356988895,1588.769340509882,1569.856411510543,1551.1668229904424,1532.6979808504136,1514.4473196389945,1496.4123025524298,1478.59042143467,1460.9791977652228,1443.5761777198954,1426.378938097904,1409.3850813826145,1392.5922387051005,1375.9980649048798,1359.6002454448815,1343.3964885086289,1327.3845299394982,1311.5621312650171,1295.927077721159,1280.477183191604,1265.210281317069,1250.1242353738312,1235.2169303709081,1220.4862750257648,1205.9302037400162
84,10884.65,10588.34,10201.53,9893.96,10298.65,9839.21,9530.88,9343.26,9400.06,8990.85,9141.24,8904.88,9154.46,8660.62,8930.66,8810.26,8610.14,8638.37,8586.82,8371.43,8372.61,7968.06,7529.24,7884.0,7712.27,7457.49,7387.14,7303.32,6863.7,6909.3,6550.01,6800.21,6770.25,6425.37,6822.73,6412.44,6496.02,6269.13,6126.03,6210.14,6150.62,6096.52,6046.81,5999.73,5953.1,5905.17,5855.48,5804.82,5753.12,5700.3,5647.24,5593.7,5539.59,5484.76,5428.72,5371.26,5312.44,5252.75,5192.97,5133.31,5073.63,5014.55,4955.98,4897.82,4840.35,4783.5,4727.38,4672.08,4617.28,4562.89,4509.34,4456.48,4404.04,4352.3,4301.32,4250.63,4200.32,4150.88,4102.08,4053.73,4006.05,3958.91,3912.34,3866.35,3820.84,3775.8,3731.17,3687.28,3643.8586420163797,3600.9388770029427,3558.5151439699825,3516.5819343060475,3475.13379671929,3434.1653352609273,3393.6712083369703,3353.6461296964962,3314.084866455107,3274.9822390949334,3236.3331214646305,3198.132441767648,3160.375176632621,3123.056359019513,3086.171069325204,3049.7144432896353,3013.6816631013953,2978.067963327326,2942.8686269594527,2908.0789883797893,2873.6944294072605,2839.710379297706,2806.122318696951,2772.9257707463903,2740.116310965675,2707.6895593465615,2675.641181341181,2643.9668898385776,2612.6624431881683,2581.7236432232075,2551.146338225594,2520.9264219375978,2491.059827632251,2461.542537007769,2432.3705712931255,2403.539997177668,2375.0469218697735,2346.8874940851197,2319.057906023218,2291.554388426072,2264.373216507791,2237.5107020484365,2210.9631993236394,2184.7271011515195,2158.798838892689,2133.174884426791,2107.851747187688,2082.8259741634665,2058.094150884704,2033.6529014244695,2009.4988834569776,1985.6287951754734,1962.0393673860783,1938.7273704256736,1915.6896072440197,1892.9229173568283,1870.4241758574965,1848.1902904522985,1826.2182044251924,1804.504894661283,1783.0473706585522,1761.842677492666,1740.8878898873616,1720.1801171557897,1699.7165002357108,1679.494210701224,1659.5104547158435,1639.7624671028857,1620.247513322005,1600.9628904574652,1581.905925241599,1563.0739760313488,1544.464428855188,1526.0746993896614,1507.902231971114,1489.9445025604991,1472.1990098489584,1454.6632871170475,1437.3348913637788,1420.2114072596967,1403.290448135147,1386.5696540037393
85,11514.19,11847.56,11408.36,10814.29,11388.69,10898.68,10326.82,10508.04,10409.43,10041.03,10167.7,9780.03,10125.97,9655.71,9784.25,9737.19,9652.93,9335.33,9705.4,9384.46,9203.65,9302.88,9189.14,7917.71,8794.86,8380.38,8315.11,8193.56,7666.62,7763.02,7328.42,7583.86,7697.95,7164.97,7609.34,7348.17,7302.38,7208.02,7002.21,7097.8,7027.15,6962.77,6904.18,6849.83,6798.21,6747.27,6694.61,6640.02,6583.88,6526.32,6467.82,6408.63,6348.8,6287.89,6225.82,6162.2,6096.78,6029.67,5961.64,5893.56,5825.55,5758.01,5691.03,5624.52,5558.82,5493.94,5429.71,5366.35,5303.72,5241.54,5180.04,5119.45,5059.53,5000.27,4941.92,4884.08,4826.68,4770.12,4714.13,4658.67,4603.94,4549.91,4496.53,4443.7,4391.62,4340.2,4289.06,4238.55,4188.780794108053,4139.58310602625,4090.950677095143,4042.877309937165,3995.3568704334684,3948.3832827818346,3901.950530485097,3856.0526593163854,3810.683770400213,3765.83802713139,3721.509649244526,3677.6929147908572,3634.382159149838,3591.571774040717,3549.256209499372,3507.4299699246453,3466.087615066755,3425.2237620041337,3384.8330802013415,3344.910296451149,3305.4501879556205,3266.4475882566157,3227.8973822937037,3189.794508380996,3152.1339572187294,3114.910769916435,3078.1200409581847,3041.756915237343,3005.8165860797303,2970.2942991972936,2935.185349722852,2900.4850802332667,2866.1888847031037,2832.292203562553,2798.790524685842,2765.67938635649,2732.954370348385,2700.611108844707,2668.6452765305844,2637.0525965236066,2605.8288364201453,2574.969810272196,2544.4713736452863,2514.329429548985,2484.539922506391,2455.0988434962287,2426.002222045501,2397.2461351252523,2368.826697266388,2340.7400694554367,2312.9824502387905,2285.550081653211,2258.4392452721577,2231.6462631942077,2205.167498043053,2178.9993500022524,2153.138261757313,2127.5807105883555,2102.3232162774516,2077.3623341897014,2052.6946572500688,2028.316816931802,2004.2254812795918,1980.417353921161,1956.889175055678,1933.6377224421747,1910.6598064574605,1887.9522760266257,1865.512010715703,1843.3359276505887,1821.42097855179,1799.7641457807579,1778.3624472819704,1757.212933617683,1736.3126889563453,1715.6588281073482,1695.248499486278,1675.0788821496612,1655.1471877718016,1635.4506596563626,1615.9865687826962,1596.7522187479315
86,13175.48,12949.73,12634.35,12033.62,12629.26,12128.6,11676.32,11615.09,11522.02,11201.44,11285.37,10980.76,11149.66,10603.44,10892.12,10987.41,10776.72,10593.8,10623.98,10256.84,10131.25,10257.9,10578.73,9565.1,8553.11,9478.79,9379.18,9115.23,8714.84,8631.87,8352.14,8703.23,8473.57,8206.51,8640.83,8300.67,8384.18,8279.56,7995.26,8108.97,8028.11,7952.4,7883.0,7819.38,7760.54,7704.55,7648.68,7590.73,7530.19,7468.1,7404.51,7339.53,7273.67,7206.48,7137.89,7067.81,6995.74,6921.28,6844.88,6767.35,6689.78,6612.59,6535.94,6460.02,6384.98,6310.85,6237.32,6164.72,6092.96,6022.0,5951.77,5882.37,5813.86,5746.13,5679.2,5613.01,5547.58,5482.76,5418.54,5354.94,5292.28,5230.39,5169.17,5108.76,5049.06,4990.18,4931.73,4873.88,4816.842158965096,4760.454778865804,4704.710842654527,4649.603404462517,4595.125579713909,4541.270551057311,4488.031566388595,4435.40193687372,4383.375038925917,4331.94431025131,4281.103255780483,4230.845438771131,4181.164488716815,4132.054094426798,4083.5080079804266,4035.5200407727484,3988.0840674688957,3941.194022049701,3894.8438968231058,3849.027745389942,3803.7396796781527,3758.973870931379,3714.724547731777,3670.9859969886093,3627.752561961057,3585.0186452240005,3542.778701747861,3501.0272468073554,3459.7588490613334,3418.9681325299657,3378.649776594746,3338.798513032705,3299.409130959387,3260.476468920087,3221.995421810016,3183.96093593133,3146.3680080045315,3109.2116901114423,3072.487081786449,3036.1893349594748,3000.31365395598,2964.8552905539864,2929.8095459612678,2895.1717727925407,2860.937369137893,2827.1017854829493,2793.6605168001115,2760.60910650294,2727.943146446148,2695.658271982635,2663.750168883646,2632.214565430011,2601.0472353779337,2570.2440009247753,2539.8007238116957,2509.71331323242,2479.9777218788536,2450.5899459410834,2421.5460221415933,2392.8420326782393,2364.4741012698696,2336.4383921677263,2308.7311121326425,2281.3485084578438,2254.28686995755,2227.5425240011878,2201.1118384905785,2174.9912218599416,2149.1771201101064,2123.666019774302,2098.4544429751763,2073.5389523677745,2048.916147185158,2024.5826642270013,2000.5351758823979,1976.7703930956495,1953.2850604232888,1930.07596196565,1907.1399134581093,1884.4737672140582,1862.074410147715,1839.9387657513153
87,14352.54,13803.48,13922.67,13299.38,13857.55,13230.67,12723.02,12831.51,12712.34,12204.07,12389.9,12142.29,12653.63,11714.48,11881.0,12002.89,11833.39,11654.59,11745.15,11323.4,11340.37,11422.26,11825.94,10974.8,10524.83,9216.44,10591.48,10460.01,9787.6,9614.53,9312.93,9516.11,9697.15,9279.84,9808.64,9450.94,9365.94,9493.92,9108.83,9249.05,9161.79,9075.48,8994.49,8919.63,8851.02,8787.49,8726.33,8664.76,8601.04,8534.74,8466.15,8395.9,8323.85,8250.29,8175.34,8098.43,8019.27,7937.54,7852.96,7765.82,7677.8,7589.73,7501.97,7415.34,7329.79,7245.08,7161.1,7078.22,6996.17,6915.1,6835.16,6755.85,6677.45,6599.95,6523.43,6447.86,6372.9,6298.73,6225.42,6152.72,6080.9,6010.02,5940.14,5871.01,5802.57,5735.1,5668.31,5602.16,5536.852177744889,5472.283155561199,5408.445108258213,5345.330280866211,5282.930989625502,5221.239617041279,5160.2486188068215,5099.950515891262,5040.337900473763,4981.403431987399,4923.139836130134,4865.539907831901,4808.596509276543,4752.302567923765,4696.651078487189,4641.635101945317,4587.247763563481,4533.482255860933,4480.331834654721,4427.789819059698,4375.849595444627,4324.504609519964,4273.748375239106,4223.574464908112,4173.9765161088935,4124.948225765058,4076.4833550870394,4028.5757246269604,3981.2192152676607,3934.4077711897826,3888.135391959545,3842.396139451939,3797.184134883644,3752.493556834974,3708.318641249875,3664.653683413982,3621.493035976562,3578.831106972459,3536.662361800149,3494.9813212436857,3453.7825634507535,3413.0607189875304,3372.8104747947987,3333.0265722098884,3293.7038049886205,3254.8370212833665,3216.421121664988,3178.451061100896,3140.9218440099066,3103.828527229332,3067.166221004,3030.9300820630647,2995.1153225212547,2959.7171999885945,2924.7310244935993,2890.1521535381366,2855.9759940754816,2822.1980025103153,2788.813679753588,2755.818578145711,2723.2082925553073,2690.9784692804647,2659.124797147479,2627.643011466971,2596.528895022913,2565.7782721384565,2535.3870136210803,2505.351035773554,2475.666295448805,2446.3287940060245,2417.334577310672,2388.679732767389,2360.3603873419424,2332.3727144844224,2304.712925227989,2277.377274123042,2250.362053303048,2223.6635964406582,2197.2782797367336,2171.2025140081205,2145.432753588903,2119.9654874291514
88,15644.46,15661.19,15128.93,14471.46,15053.2,14582.75,13430.82,14026.56,14164.49,13179.95,13500.82,13006.12,13733.9,13115.78,13307.91,13186.41,13251.88,13047.22,12938.42,12629.02,12401.07,12725.32,12891.33,12305.92,12285.12,11365.14,10026.98,12264.38,11097.44,10887.81,10459.18,10785.14,10705.51,10283.11,11204.51,10614.85,10702.76,10795.43,10345.41,10520.31,10432.45,10339.78,10248.23,10161.45,10081.26,10007.65,9938.44,9871.56,9804.79,9735.15,9662.15,9586.89,9509.18,9429.44,9347.87,9263.97,9177.81,9088.76,8996.3,8900.3,8801.65,8701.63,8601.58,8502.91,8405.24,8308.63,8213.03,8118.46,8025.07,7932.54,7841.16,7750.89,7661.47,7572.78,7485.46,7399.14,7313.47,7228.95,7145.36,7062.51,6980.49,6899.33,6819.38,6740.39,6662.03,6584.72,6508.37,6432.95,6358.290060953159,6284.466871228166,6211.471755987055,6139.296110645477,6067.931408788607,5997.369191286778,5927.601075200871,5858.618748834872,5790.413971735881,5722.978576673077,5656.304465679775,5590.383615000861,5525.208070145355,5460.769945886409,5397.061431208746,5334.074782382251,5271.802325930428,5210.236457640911,5149.36964355496,5089.194417988479,5029.703382542531,4970.889209071795,4912.744634737143,4855.262465963569,4798.435575471748,4742.256903267505,4686.719454662851,4631.8163012654695,4577.5405819682,4523.885496022626,4470.844313923444,4418.410364545114,4366.577044047259,4315.337811916706,4264.686189978007,4214.6157623934305,4165.12017665245,4116.193141592779,4067.8284283898447,4020.0198675883353,3972.761352070656,3926.046833098983,3879.8703242732145,3834.22589559404,3789.107678410383,3744.5098614614485,3700.4266918662115,3656.8524741339297,3613.7815701641402,3571.208398257178,3529.1274341036574,3487.533207816012,3446.420305907471,3405.78337030257,3365.6170963581767,3325.916234842463,3286.6755889664473,3247.890016362967,3209.554427107701,3171.6637847086627,3134.2131021482446,3097.1974468306585,3060.6119356344984,3024.4517368917136,2988.712068408634,2953.388198455459,2918.475445766257,2883.969175581013,2849.864803603582,2816.1577950122,2782.8436585225572,2749.9179543037008,2717.376287051621,2685.214308957714,2653.427718719294,2622.0122595606163,2590.963721211858,2560.2779369406485,2529.950784541561,2499.9781873255997,2470.3561111517365,2441.080565416397
89,17569.82,17234.54,16811.06,15462.59,16367.64,16050.97,15313.22,15263.59,15759.24,14936.79,14641.34,14347.33,15266.06,14143.25,14592.2,14545.18,14753.47,14406.71,14547.85,13805.64,14001.65,14055.4,14347.59,13424.52,13864.32,12957.43,12567.59,11368.34,12811.06,12215.34,11687.22,12266.8,12269.09,11667.14,12609.14,12067.54,11986.32,11937.83,11702.98,11921.71,11839.57,11746.9,11648.98,11551.45,11458.94,11373.69,11294.69,11220.36,11148.16,11075.26,10999.33,10919.29,10836.32,10751.02,10662.95,10572.08,10478.81,10382.42,10282.28,10178.17,10069.73,9958.08,9845.29,9732.77,9621.59,9511.93,9403.12,9295.53,9189.34,9084.2,8980.18,8877.25,8775.43,8674.6,8575.01,8476.54,8379.11,8282.9,8187.74,8093.54,8000.13,7907.73,7816.44,7726.18,7636.81,7548.64,7461.55,7375.43,7290.266587834043,7206.0474109086235,7122.7629241028635,7040.4036555675575,6958.960206725175,6878.423255240333,6798.783551059165,6720.031921360114,6642.159264612978,6565.15655453955,6489.01483813329,6413.7252366495,6339.278945605309,6265.667232799363,6192.881440292142,6120.912983415801,6049.7533487938545,5979.394096321488,5909.826861145885,5841.043346735108,5773.035330819054,5705.794661428822,5639.313260857345,5573.583119718439,5508.596300907439,5444.344936630724,5380.821232366347,5318.017459932931,5255.925964420775,5194.539158250904,5133.849522165231,5073.849608197031,5014.5320347201405,4955.889489419449,4897.914726320413,4840.600566779217,4783.939902453246,4727.925686389668,4672.550940946694,4617.808754823108,4563.692281077943,4510.194736140338,4457.309405750465,4405.029634067813,4353.348833572754,4302.260479125599,4251.758105986282,4201.835316745467,4152.485772413125,4103.703197369326,4055.481377383919,4007.8141576362204,3960.695446675644,3914.119210480754,3868.079476419895,3822.5703312708806,3777.5859182505123,3733.120441965379,3689.1681634610577,3645.723401212278,3602.7805311229195,3560.3339855358554,3518.3782542231074,3476.907881415378,3435.917467782358,3395.4016674622617,3355.355190042135,3315.772798577546,3276.6493125630536,3237.9796000109486,3199.7585853725136,3161.981243597078,3124.642602112333,3087.737740824331,3051.261790137171,3015.2099289726816,2979.5773887310543,2944.359450320368,2909.551444156591,2875.1487491734224,2841.1467918321323,2807.5410481018803
90,17232.51,18129.72,18242.11,17448.66,18290.77,17620.44,16473.67,16653.19,16444.27,16056.18,16623.26,15921.43,16539.39,15537.95,16201.51,16039.85,15795.46,15592.56,15958.61,15283.77,14926.46,15401.78,15597.5,14599.63,14659.4,14231.09,14411.14,13783.75,12807.34,13591.14,13280.07,13796.44,13547.39,13187.93,14218.97,13390.9,13553.15,13755.99,13178.67,13450.15,13379.88,13293.41,13195.67,13092.56,12989.84,12892.65,12802.25,12718.21,12638.48,12560.24,12481.14,12398.18,12310.84,12220.21,12126.38,12029.2,11928.76,11825.26,11717.79,11605.55,11488.63,11366.89,11241.95,11116.19,10991.72,10869.24,10747.87,10627.44,10508.4,10390.85,10274.5,10159.04,10044.8,9932.24,9820.88,9710.35,9600.92,9492.78,9386.11,9280.51,9175.74,9072.15,8969.53,8867.95,8767.53,8668.4,8570.34,8473.23,8375.95781799199,8279.750802590863,8184.5985019844065,8090.4905379787215,7997.416605998238,7905.366476080549,7814.329991881573,7724.297070675548,7635.257705344726,7547.201962389675,7460.11998192929,7374.00198168016,7288.838251982349,7204.6191567942515,7121.335138666791,7038.976709789848,6957.534462935521,6876.999059520021,6797.361240546932,6718.611817653642,6640.741681070067,6563.741790665079,6487.6031849000865,6412.316972870291,6337.874339278906,6264.266543442305,6191.484917300349,6119.520863426689,6048.365862987515,5978.011466787971,5908.44929825668,5839.671053445746,5771.668502025599,5704.433485295307,5637.957915187731,5572.233776259217,5507.253122705065,5443.008081344055,5379.490847639079,5316.693689676513,5254.608944186839,5193.2290165446575,5132.546382758363,5072.553587480462,5013.243244007574,4954.608033285586,4896.640704904505,4839.334075108754,4782.681027792036,4726.674512507635,4671.3075484477895,4616.573215490114,4562.464665140861,4508.9751085968155,4456.097824704033,4403.826157968153,4352.153512585352,4301.07336139591,4250.579236930649,4200.664734395445,4151.323513660915,4102.549296277899,4054.335861498081,4006.677055227574,3959.5667790836533,3912.998998353496,3866.9677370199706,3821.467076766792,3776.4911609578926,3732.0341906580525,3688.090422643216,3644.6541743747007,3601.7198190249887,3559.28178746741,3517.334565291616,3475.8726957881054,3434.890776963699,3394.383460546696,3354.3454559662446,3314.771522393602,3275.6564776957166,3236.995189481647
91,19218.85,19039.99,19098.63,18887.02,19086.08,18490.7,17406.99,18113.27,18368.5,17520.67,18440.83,17124.89,17792.66,16886.81,17591.09,17511.28,17560.48,17132.6,17611.21,16989.84,16644.1,17005.35,16852.28,16253.09,16356.82,16050.13,15659.23,16393.13,14459.93,14355.4,14388.94,15269.88,15380.61,14297.42,15521.87,14978.82,15220.22,15377.62,14768.36,15099.15,15047.11,14973.32,14882.41,14780.91,14673.5,14566.06,14463.79,14368.38,14279.0,14193.54,14109.47,14024.09,13934.37,13839.53,13740.83,13638.23,13531.26,13420.69,13306.27,13186.69,13061.68,12930.98,12795.78,12659.79,12525.05,12391.9,12260.2,12129.57,12000.29,11872.37,11745.56,11619.99,11495.81,11372.91,11251.5,11131.04,11011.37,10893.24,10776.52,10660.86,10546.3,10432.92,10320.55,10209.23,10098.93,9989.87,9881.99,9775.44,9669.615660799012,9564.87467595891,9461.207345718489,9358.604021921568,9257.055114963841,9156.55109081564,9057.08247002955,8958.63983270242,8861.213813513348,8764.795106685699,8669.374464002292,8574.942695797814,8481.49066996641,8389.00931394649,8297.48961571314,8206.922618816094,8117.299430318969,8028.6112148448465,7940.849198545882,7854.004664141282,7768.068957864143,7683.0334864842325,7598.889714330775,7515.629168254478,7433.243434650317,7351.724162434745,7271.063059076083,7191.251893571726,7112.282494463337,7034.146752814062,6956.836619231309,6880.344105851571,6804.661283363198,6729.780283983617,6655.69330245174,6582.392591065934,6509.870462661238,6438.119291601772,6367.131511795919,6296.899617688737,6227.416160292337,6158.673755125119,6090.66507427254,6023.382849364322,5956.819871574456,5890.968991621203,5825.8231187746815,5761.37521887207,5697.618320272026,5634.545504923045,5572.14991729511,5510.424755448037,5449.363278970726,5388.95880203432,5329.2046963694165,5270.0943902736735,5211.621370596608,5153.779177777581,5096.5614108078125,5039.961723260773,4983.973823292175,4928.591476617192,4873.808501548431,4819.6187719731515,4766.016218345667,4712.994821732916,4660.548619768894,4608.6717007002235,4557.358209340582,4506.602342108677,4456.398346035844,4406.74052372807,4357.623228403969,4309.04086389478,4260.987886629183,4213.458803648481,4166.448173599012,4119.950604747336,4073.960753987831,4028.473331804719,3983.4830943328225,3938.984848319595
92,21222.47,20862.71,20690.15,20050.52,21723.05,19961.62,19727.63,20030.71,20074.05,19281.91,19840.7,19070.08,19792.95,18410.92,19094.61,18910.61,19265.46,19121.68,19516.01,18528.87,18178.64,18828.17,18976.83,18247.15,17853.11,17592.24,17826.23,18051.08,16733.89,16648.45,15477.81,16975.85,17070.56,16142.72,17417.66,16606.87,16837.99,17003.75,16465.8,16858.93,16829.55,16775.08,16697.74,16604.08,16498.71,16386.96,16275.16,16168.38,16068.37,15974.27,15883.52,15793.6,15702.08,15605.1,15502.68,15395.32,15283.05,15166.47,15045.23,14919.13,14786.79,14648.05,14504.41,14359.86,14216.95,14075.19,13934.47,13795.6,13657.62,13520.73,13385.48,13251.46,13118.84,12986.79,12856.11,12727.13,12599.13,12472.23,12346.52,12221.95,12098.64,11976.8,11855.93,11735.78,11616.75,11498.96,11382.13,11266.81,11152.233199027673,11038.747129270914,10926.342981775915,10815.011977382394,10704.745386585948,10595.53448981336,10487.370646940828,10380.24521784454,10274.149641850101,10169.075368214302,10065.013895849808,9961.956773325173,9859.895587940535,9758.821961755164,9658.727569463548,9559.604126478014,9461.44339190806,9364.237169553486,9267.977306911263,9172.65570014113,9078.26428711377,8984.795052376401,8892.240027152764,8800.59129033625,8709.840964517432,8619.981220949649,8531.004278555884,8442.902401942536,8355.667903385656,8269.293143824052,8183.770532859308,8099.0925247833,8015.251625530022,7932.240386716881,7850.051410610289,7768.677346153186,7688.110890951277,7608.344792266156,7529.371846022177,7451.184895813349,7373.7768338964415,7297.140603177229,7221.269194231134,7146.155646296345,7071.793046280701,6998.174533727271,6925.293292869431,6853.142558589547,6781.7156154258755,6711.005794593206,6641.006475969085,6571.71109107319,6503.113116115485,6435.206077954939,6367.98355112017,6301.439158802563,6235.56657087003,6170.359507839489,6105.811736904387,6041.917070941584,5978.669373476942,5916.0625537197375,5854.090570535129,5792.747426485452,5732.0271757751625,5671.92391531278,5612.43178967647,5553.544993100278,5495.257763515433,5437.564384536575,5380.459187447993,5323.9365502105065,5267.9908934889945,5212.616686611105,5157.808442601662,5103.560720168901,5049.8681217182375,4996.7252953385,4944.126935795048,4892.067777577949,4840.542603840033,4789.546237458843
93,21821.01,22721.12,22331.37,21912.93,23402.61,22792.44,20747.81,21452.95,21996.19,20902.82,21579.38,20288.42,21822.51,20300.68,20869.07,20570.22,21228.66,20928.44,21428.87,20447.92,20420.08,20842.73,21391.37,19495.76,20377.69,19363.64,19587.24,19986.03,17867.71,18773.19,17513.3,17823.52,18886.78,17712.85,19425.27,18227.81,18556.07,18867.55,18261.48,18717.6,18710.7,18679.41,18622.39,18543.66,18447.53,18339.0,18223.56,18108.38,17998.47,17894.31,17795.56,17699.94,17604.98,17506.76,17402.88,17292.17,17175.73,17054.59,16927.51,16795.05,16656.48,16510.68,16359.98,16208.36,16057.46,15907.91,15759.46,15612.37,15466.66,15321.91,15178.48,15036.7,14896.07,14755.88,14616.96,14479.93,14344.08,14208.85,14074.79,13942.01,13810.59,13680.7,13551.41,13423.21,13296.19,13170.08,13044.91,12920.89,12797.97488911618,12676.141434594932,12555.381855164767,12435.688389429744,12317.053305807212,12199.46888265229,12082.927438071165,11967.421300107797,11852.942816681665,11739.484375463333,11627.038374061116,11515.597249834409,11405.153450080365,11295.69947178498,11187.227811934239,11079.731027140742,10973.201674017078,10867.632358864674,10763.015697922727,10659.344367057029,10556.611052071145,10454.80845864417,10353.9293520818,10253.96651756527,10154.91277008911,10056.760954461151,9959.503965178066,9863.134712636946,9767.646148973505,9673.031262099421,9579.283070733449,9486.394631357853,9394.359034243313,9303.169406430236,9212.818910734999,9123.30074475616,9034.608142862011,8946.734377184368,8859.672755630996,8773.416622879404,8687.959361370615,8603.294391309164,8519.415167681773,8436.315187213782,8353.987981412718,8272.427120543396,8191.626213627924,8111.578906458147,8032.278884576975,7953.719870297063,7875.895626675901,7798.799952546947,7722.426687488499,7646.769708842371,7571.822931713891,7497.580312947007,7424.0358451616285,7351.183560728734,7279.01753077659,7207.531865190759,7136.720713607863,7066.578264421824,6997.098742796294,6928.276415633549,6860.105585611828,6792.580597147988,6725.695830434847,6659.445707403845,6593.8246857623835,6528.827263962707,6464.4479782205735,6400.681402515256,6337.522150577097,6274.964872906174,6213.004259753633,6151.635038140357,6090.851973844522,6030.649871401592,5971.023571122992,5911.967953071217,5853.4779350722765,5795.548469734361
94,23769.71,24848.98,24701.9,23308.11,23900.31,23895.23,23093.58,22534.32,23680.88,22528.4,23468.51,21830.58,23396.96,21785.37,23647.2,22850.0,22800.62,22755.39,23237.56,22136.95,21878.78,22075.97,22860.19,22258.5,21993.0,21122.9,21307.1,22017.44,19960.54,20647.54,19849.04,20316.48,20031.14,19543.34,21986.28,19910.72,20653.5,20724.02,20143.54,20660.68,20674.24,20665.77,20632.93,20575.43,20495.36,20397.07,20285.5,20168.79,20051.98,19938.55,19831.48,19728.63,19628.17,19527.5,19423.43,19312.63,19194.22,19069.4,18938.38,18800.8,18657.03,18505.86,18348.6,18190.73,18033.62,17877.28,17722.14,17568.18,17415.94,17264.71,17114.32,16965.35,16817.49,16670.48,16524.64,16380.39,16237.18,16094.99,15953.89,15813.72,15674.8,15537.32,15400.79,15265.2,15130.89,14997.36,14864.7,14733.13,14602.62845121931,14473.18155605564,14344.78269153686,14217.425204857635,14091.102492934644,13965.807942740163,13841.534921357661,13718.276845592618,13596.02711236172,13474.779148414847,13354.526380501886,13235.262235372727,13116.980189499263,12999.673689520188,12883.3362119074,12767.961262966006,12653.542329112308,12540.072956429021,12427.546661165657,12315.95700929374,12205.29757672919,12095.561939387933,11986.743712963505,11878.836523093845,11771.834015305694,11665.7298550146,11560.51772752492,11456.191338029808,11352.744421555633,11250.170713128759,11148.463987553165,11047.618039521634,10947.62669356015,10848.483774194707,10750.18315567331,10652.71872218836,10556.084377821066,10460.274066430251,10365.281741819143,10271.101387624165,10177.727027259361,10085.15269408318,9993.372441342868,9902.380370018804,9812.170589046897,9722.737244157335,9634.07450494688,9546.176569851063,9459.037663160852,9372.652038005988,9287.013974366106,9202.117783048476,9117.957800715827,9034.528392869644,8951.82395385019,8869.838907830928,8788.567707824091,8708.004833691803,8628.144797118268,8548.982138626467,8470.5114265837,8392.727262173803,8315.624273430492,8239.197120209574,8163.440489216749,8088.349099974233,8013.9177028319,7940.141073995069,7867.014024474464,7794.531392130703,7722.688047640925,7651.478889526602,7580.898850120169,7510.942887609516,7441.605993993493,7372.883191104165,7304.7695306068,7237.260093999876,7170.349995598398,7104.034376567259,7038.308411882322,6973.167306352656
95,25406.69,25334.86,25704.65,25232.67,26268.28,25574.21,23583.09,24477.55,25017.8,24731.51,25125.71,24636.36,25123.59,23484.4,24844.64,24974.11,24751.13,24281.76,24552.48,24816.67,24161.59,23840.84,24827.46,23262.34,24232.1,23305.16,23679.67,23800.22,22220.4,22237.32,22407.14,22564.35,22944.53,21086.57,22889.19,22501.38,23276.48,22689.23,22124.36,22698.93,22727.63,22739.96,22731.64,22699.1,22640.3,22558.3,22458.14,22347.1,22229.95,22110.79,21995.63,21885.57,21779.38,21675.09,21569.39,21459.39,21342.08,21215.77,21082.34,20942.32,20794.77,20638.8,20476.81,20313.51,20151.28,19989.74,19829.37,19670.86,19512.78,19355.25,19199.53,19045.11,18891.25,18738.54,18587.06,18437.02,18287.48,18138.91,17992.18,17846.15,17700.72,17556.88,17414.06,17271.75,17131.35,16991.6,16852.21,16714.39,16577.234311718574,16441.089250717712,16305.949386089009,16171.809237099224,16038.663372839957,15906.50631257796,15775.33258554496,15645.136720972678,15515.913248092844,15387.656676207234,15260.361524582608,15134.022312485718,15008.633559183321,14884.189773977203,14760.685486099082,14638.115214815716,14516.47347939386,14395.754809065236,14275.953733061568,14157.064790579552,14039.082510850909,13922.001443037303,13805.816146265368,13690.521169696762,13576.111082423095,13462.580453535958,13349.923872056905,13238.135936972438,13127.211227339129,13017.1443720384,12907.929980021732,12799.56270010048,12692.037151191096,12585.348011999848,12479.489931338088,12374.457597877063,12270.245710252968,12166.848967102016,12064.262086990351,11962.479818379026,11861.496889799153,11761.30808957167,11661.908186087565,11563.29196766777,11465.454262493098,11368.389888779388,11272.093694637386,11176.560548107782,11081.785317231268,10987.762899943436,10894.488214109826,10801.956197525908,10710.161797952129,10619.099993043845,10528.765760456403,10439.15410774007,10350.260072340012,10262.078691701403,10174.60504312929,10087.834213893691,10001.761301229591,9916.381433263388,9831.689769012879,9747.68147347484,9664.351734565487,9581.695766109951,9499.708798873808,9418.386089531557,9337.722911698153,9257.714562904463,9178.356363600795,9099.643655163896,9021.571799896936,8944.136185015519,8867.332217665185,8791.155328907402,8715.60097073007,8640.664620033516,8566.34177464451,8492.627955309235,8419.518707686315,8347.009597364302
96,26916.22,27741.78,27692.31,27553.27,28295.38,27015.74,26508.37,26568.98,27021.32,26705.34,27431.56,25537.81,28044.21,26126.5,27137.97,26833.5,26631.15,26199.41,27191.39,26602.47,25927.64,26308.9,26876.81,25411.11,25718.19,25314.43,26036.17,25952.22,23537.57,24643.69,23703.18,25485.17,26070.54,23964.64,24710.12,24214.38,25838.82,24848.37,24265.85,24894.28,24930.31,24959.07,24972.4,24964.54,24930.89,24870.73,24788.04,24688.54,24577.26,24459.59,24340.28,24224.0,24112.17,24002.93,23894.18,23784.61,23669.35,23544.26,23410.82,23269.22,23118.69,22959.23,22793.93,22627.19,22461.38,22295.81,22131.72,21969.46,21807.13,21645.1,21484.55,21325.65,21167.6,21010.47,20854.12,20699.15,20544.64,20391.12,20239.26,20088.32,19938.06,19789.04,19640.67,19493.08,19347.41,19201.99,19057.48,18914.29,18771.3879249297,18629.43700886748,18488.433019160275,18348.371673241607,18209.24868854503,18071.059782504086,17933.800632621627,17797.466906417838,17662.054271412908,17527.558375161658,17393.97485523627,17261.299339226225,17129.527434755677,16998.65475943144,16868.67690091233,16739.589456839807,16611.388004890014,16484.068112756402,16357.625358115107,16232.055308659581,16107.353512117943,15983.515526200976,15860.536898636796,15738.413177153514,15617.139899496573,15496.712623376758,15377.12687655684,15258.378196782254,15140.462131781123,15023.374219298881,14907.109977115626,14791.664972924818,14677.034734489225,14563.21480953696,14450.200735813463,14337.988071029524,14226.57235293058,14115.949149210093,14006.114017578844,13897.062525730296,13788.790231375233,13681.29272217246,13574.565565815434,13468.604349962954,13363.404672256504,13258.962130337552,13155.272331830252,13052.330884358746,12950.133425495203,12848.675572846441,12747.952963984628,12647.961256447274,12548.696107771886,12450.1531655133,12352.328137122395,12255.216680136673,12158.814511989684,12063.117330149622,11968.120852050039,11873.820815089815,11780.212956667845,11687.293024165689,11595.056794912924,11503.50003625646,11412.618545491216,11322.408109929445,11232.864566796761,11143.983733353429,11055.761446825065,10968.193564402623,10881.275953259737,10795.004510518056,10709.375113333877,10624.383688776867,10540.026143951345,10456.298435874993,10373.19651158282,10290.716338075183,10208.853902317775,10127.605211241644,10046.966271777832,9966.933118808867
97,29085.0,29753.29,30016.24,27186.75,28810.85,28731.44,26888.3,29112.26,27870.37,27930.33,28220.81,28216.61,29055.49,28327.28,28698.59,27729.78,28631.44,28630.38,28965.96,28324.17,27689.35,27538.63,29332.18,27767.75,27521.47,26891.71,26860.2,27980.39,25209.25,26754.11,26106.85,26586.84,27298.46,26128.03,28044.98,25469.41,26414.27,27530.79,26608.61,27295.27,27334.36,27370.28,27400.23,27415.09,27406.64,27372.42,27311.85,27228.85,27130.59,27021.44,26904.59,26784.82,26667.12,26553.29,26442.51,26332.61,26218.7,26096.07,25963.62,25822.12,25670.51,25509.6,25342.67,25172.67,25003.76,24836.02,24669.44,24503.91,24339.12,24174.94,24011.27,23848.79,23688.09,23528.13,23367.58,23208.75,23051.27,22894.54,22738.68,22583.57,22429.45,22276.04,22123.61,21972.5,21822.31,21672.36,21523.74,21376.1,21228.51130107108,21081.799370406403,20935.961123500227,20790.99344590013,20646.893233135936,20503.657320844126,20361.2825446612,20219.765710276995,20079.103623381354,19939.29303975301,19800.330715170705,19662.213385448737,19524.937766436982,19388.500554020848,19252.89842412134,19118.12806264165,18984.186095591667,18851.06917892795,18718.773918695944,18587.296940905544,18456.63483163776,18326.7841769736,18197.741553011863,18069.503505904686,17942.06660176864,17815.427376773652,17689.582357107403,17564.528068957603,17440.261018547506,17316.777712100375,17194.07463587503,17072.14829609472,16950.99516903606,16830.611730975645,16710.994438225636,16592.13977704486,16474.044193763253,16356.704144692985,16240.116076163993,16124.276444488443,16009.181686014057,15894.828257053003,15781.212573988563,15668.33108315068,15556.18022088708,15444.756413563267,15334.056097526962,15224.075709125895,15114.811674725572,15006.26042069149,14898.418383371378,14791.281999112962,14684.847694281743,14579.111915207672,14474.071078274023,14369.721639792966,14266.060036112227,14163.082703579525,14060.786108489248,13959.166677206897,13858.220876026853,13757.945151279062,13658.335979240122,13559.38982620442,13461.1031385019,13363.472422355811,13266.494134078328,13170.164769910483,13074.480826093324,12979.43878888566,12885.035164510758,12791.266459191875,12698.129199116709,12605.619900490738,12513.73508950166,12422.471312301612,12331.825105060509,12241.793023912707,12152.37162499256,12063.557474416646,11975.347158265975,11887.737252639343
98,30003.91,31476.85,29624.7,30065.0,30241.88,29227.73,28551.38,28842.5,29515.65,28519.45,29349.09,28454.0,31377.68,30296.52,29645.83,29984.63,29684.85,29673.4,31444.27,30008.94,30445.34,29912.62,31330.16,29140.56,30089.57,28977.46,29290.39,31320.48,27973.06,28119.74,27912.42,29269.53,29388.14,28129.23,30755.57,28231.2,27877.48,28709.33,29127.29,29881.74,29921.58,29957.4,29997.58,30028.52,30042.14,30033.77,29999.53,29941.83,29861.19,29763.14,29655.88,29538.76,29419.07,29304.14,29190.56,29079.57,28965.22,28843.28,28714.46,28577.92,28428.48,28267.59,28100.66,27928.37,27757.94,27590.26,27422.28,27255.13,27088.94,26924.97,26761.18,26596.35,26434.64,26273.44,26111.24,25950.8,25791.5,25632.54,25474.5,25317.02,25160.39,25004.7,24849.78,24695.93,24542.52,24389.72,24237.83,24087.65,23936.917776248327,23786.974021275575,23637.81673883192,23489.44391270503,23341.853486757554,23195.043374908433,23049.01149107658,22903.75569927468,22759.273843552895,22615.563767961412,22472.623256662908,22330.450103801322,22189.042053614332,22048.396850339628,21908.512208271146,21769.385811759075,21631.01534515361,21493.39846286119,21356.53278934451,21220.415949066264,21085.045546526657,20950.419146300883,20816.534332926643,20683.388631054135,20550.979595277313,20419.304720302633,20288.36152079906,20158.147471510532,20028.660047181016,19899.896702591974,19771.854882543616,19644.53201187365,19517.925525401035,19392.03280803849,19266.851254679983,19142.37826021947,19018.61118960717,18895.547397812057,18773.18422982184,18651.51904060549,18530.54915518823,18410.27188861403,18290.6845459456,18171.784452208176,18053.568882520725,17936.03514194597,17819.180505602882,17703.00223862919,17587.49760616262,17472.663883322133,17358.498325264223,17244.998157201608,17132.16065425326,17019.983021669414,16908.462524587798,16797.596368258633,16687.381787875904,16577.816008652324,16468.896235838147,16360.619694646084,16252.983590326367,16145.98513811048,16039.621533267398,15933.889991028604,15828.78769668183,15724.311875439798,15620.459702608996,15517.228393420903,15414.615133163245,15312.61712708626,15211.231560477672,15110.455638587715,15010.286556685363,14910.721510039606,14811.757683938173,14713.392293612538,14615.622524350436,14518.445591383346,14421.85867001775,14325.858985466373,14230.443742979453,14135.610127844711
99,31268.44,30521.25,31026.88,32218.95,32618.03,31129.4,29238.42,32031.92,32509.67,32878.15,32717.63,30129.83,33174.18,29603.18,33273.11,32766.74,32564.38,31962.84,32027.87,31507.93,31639.48,32318.06,32012.28,31425.36,32819.66,30284.24,31287.42,32733.02,29569.39,30658.39,30162.75,31849.43,32460.26,30551.46,33032.99,31037.34,31766.02,28670.99,31766.21,32585.82,32632.53,32672.43,32712.78,32751.77,32783.89,32798.95,32787.62,32754.16,32695.15,32616.88,32524.46,32415.42,32304.81,32194.15,32076.23,31962.28,31849.74,31732.17,31609.81,31477.21,31330.43,31173.03,31006.29,30835.19,30667.67,30501.97,30336.62,30171.42,30004.85,29840.72,29678.35,29515.17,29353.66,29193.11,29031.37,28870.33,28712.41,28553.52,28395.13,28237.38,28079.9,27925.69,27770.89,27615.44,27461.53,27308.46,27155.58,27004.05,26852.29529241377,26701.229069313762,26550.85028244407,26401.15783363186,26252.15061472091,26103.827457654646,25956.18721434328,25809.2286767967,25662.950617058006,25517.35179718689,25372.430939309514,25228.186745585255,25084.617908190085,24941.72306938305,24799.50087142318,24657.949926619338,24517.068827313622,24376.856125914554,24237.310394797456,24098.430146437287,23960.213883325636,23822.660107954085,23685.767272897276,23549.53382074645,23413.95819409285,23279.038795594173,23144.774017924716,23011.16224377539,22878.201815903547,22745.89107706654,22614.228360038327,22483.211967642706,22352.84018273669,22223.1112881773,22094.02353687138,21965.57518172578,21837.764455680564,21710.58956172564,21584.048712834287,21458.140092029633,21332.8618723514,21208.212226839336,21084.189288599606,20960.791210705167,20838.016106295403,20715.86208850972,20594.327270487513,20473.409735418005,20353.10755650703,20233.41880696043,20114.341550000656,19995.873838866763,19878.013696847644,19760.75915721557,19644.108253242826,19528.058978268135,19412.609345596997,19297.757348568135,19183.50097053688,19069.838194858563,18956.76698492174,18844.28531409835,18732.391125810173,18621.082373462363,18510.35700047671,18400.212950274978,18290.648146312164,18181.660512043265,18073.247960939883,17965.40841645702,17858.139782082893,17751.439961305714,17645.306847630316,17539.73833456152,17434.732315604157,17330.28668426305,17226.399304092865,17123.06805861504,17020.290821367613,16918.06546588865,16816.38985573279,16715.26186443809
100,34199.79,35745.19,34111.52,32414.18,35257.6,34391.27,33045.51,34838.33,35901.02,32026.92,34713.69,31744.85,35212.89,32205.68,34004.96,34904.47,35847.49,36830.88,35359.52,33585.8,34655.87,34633.11,35660.0,32477.14,33355.73,33084.15,34403.73,34363.9,31573.16,33843.71,32572.32,33807.69,34438.21,31033.16,35534.37,32808.2,34239.37,33500.76,34498.11,35382.61,35438.03,35483.43,35517.93,35561.3,35605.75,35629.42,35643.31,35636.42,35601.59,35544.29,35466.76,35373.14,35277.99,35176.37,35061.53,34949.24,34842.04,34730.46,34610.19,34478.96,34339.42,34189.03,34025.03,33858.2,33693.85,33533.06,33373.55,33213.54,33051.66,32890.97,32728.88,32567.64,32409.24,32253.1,32096.54,31936.2,31781.74,31626.55,31470.13,31316.15,31160.81,31007.36,30854.12,30701.25,30549.98,30399.63,30248.96,30098.18,29947.853978291783,29798.109308964522,29648.9456521922,29500.362648159007,29352.35992705428,29204.937089082683,29058.093694469353,28911.829303439434,28766.143426243652,28621.035573132725,28476.505214377845,28332.551810255325,28189.174801051697,28046.37357707909,27904.1475486394,27762.4960760601,27621.418499678894,27480.9141598335,27340.982346887205,27201.622351203303,27062.83344315532,26924.614853137256,26786.965831532863,26649.885558761725,26513.373235233186,26377.42803137194,26242.049097612915,26107.23556440127,25972.98654219241,25839.301131446842,25706.178422630193,25573.61746622856,25441.61731272804,25310.177002619854,25179.295526420792,25048.9719046323,24919.20510778141,24789.99410639516,24661.337851010805,24533.23528217073,24405.68532042755,24278.686866344124,24152.238830478163,24026.340073412994,23900.989465726823,23776.185868002955,23651.928110840065,23528.21502483681,23405.04543059698,23282.418108744823,23160.33186988924,23038.785474664714,22917.777703695494,22797.307297626303,22677.372997101855,22557.97353277198,22439.107625291635,22320.77399531577,22202.971323519803,22085.698310568918,21968.953627143652,21852.73594392454,21737.043911602355,21621.87619086274,21507.231412406698,21393.108206935238,21279.505205149362,21166.42099777054,21053.854215499767,20941.80342906875,20830.267239193847,20719.244226601637,20608.732952028946,20498.731996202358,20389.239899868924,20280.255213770586,20171.77648864928,20063.80225525717,19956.33104434644,19849.361376674362,19742.891763003354,19636.920724090694
101,37949.84,33871.25,37332.49,36904.94,37114.57,33886.02,34425.18,35651.14,36318.69,36656.02,34171.73,35061.04,35473.78,36225.88,36397.84,39849.81,35984.04,35426.94,37570.75,36884.49,35468.49,35718.35,37398.28,36048.29,38529.17,34949.97,35684.82,35717.03,35192.24,37191.89,35605.67,36246.27,35899.05,35782.56,39325.4,37123.64,35251.39,37006.93,37331.95,38278.43,38335.07,38383.97,38415.68,38454.44,38502.75,38530.4,38554.88,38575.1,38569.82,38536.26,38480.84,38400.97,38321.55,38232.46,38126.34,38027.41,37928.13,37820.81,37698.01,37569.18,37443.43,37302.6,37145.48,36986.14,36829.81,36673.58,36516.38,36362.96,36213.04,36062.08,35905.79,35747.01,35595.05,35447.85,35296.07,35139.43,34990.15,34840.64,34689.49,34543.28,34394.21,34240.5,34090.3,33945.63,33798.8,33651.77,33507.17,33360.98,33214.761433595086,33069.01424406493,32923.73863142093,32778.93474567164,32634.602756826764,32490.742804894275,32347.354979879306,32204.439391788124,32061.996110624732,31920.025176391395,31778.526639090982,31637.50049872347,31496.946765289456,31356.865398786635,31217.25635921274,31078.119586564357,30939.455000836904,30801.262502024696,30663.54197012088,30526.293285118623,30389.516277008224,30253.210785780564,30117.37662142482,29982.01358392957,29847.121453282285,29712.6999794687,29578.74892247514,29445.268012286208,29312.256948884802,29179.715442254375,29047.64317237669,28916.039809232938,28784.904992802578,28654.2383630651,28524.03953999883,28394.30813358153,28265.043733789822,28136.245920599766,28007.9142439857,27880.048263922534,27752.647510383475,27625.71151334173,27499.239752767637,27373.231748633832,27247.686970910105,27122.604889566235,26997.984954570853,26873.826605892038,26750.12927349729,26626.892377353535,26504.115307426004,26381.79747368104,26259.93824608274,26138.536994595168,26017.593079181843,25897.105829804565,25777.074586425697,25657.49867900704,25538.37741750925,25419.710091891855,25301.496002114935,25183.73441813687,25066.424609916037,24949.56583741025,24833.157350576734,24717.198389372163,24601.68817375207,24486.62593367254,24372.01086908797,24257.842179952742,24144.11905622068,24030.84067784502,23918.00623477958,23805.61486697533,23693.66573438438,23582.157996958827,23471.0907746485,23360.463217404933,23250.274425176816,23140.523517913967,23031.209615566226,22922.33179808112
102,38247.01,38612.37,35744.21,35879.04,37721.76,37771.31,35898.55,36452.4,37751.46,37602.48,38363.89,35672.22,38807.35,38405.69,37936.49,36180.34,39649.83,38115.18,40567.34,37666.33,39176.66,39918.53,41554.32,36191.03,39945.53,38010.97,38708.6,39830.3,35397.71,37975.57,36815.57,37945.92,38193.48,37827.69,39772.04,36851.77,38605.65,38814.92,40250.84,41255.17,41297.98,41342.62,41370.99,41414.21,41474.81,41498.34,41518.02,41559.04,41583.15,41569.72,41534.52,41492.22,41426.16,41338.09,41244.54,41158.57,41069.02,40967.94,40851.94,40741.64,40634.6,40497.0,40349.97,40199.84,40052.55,39904.59,39755.01,39611.96,39469.75,39321.7,39173.76,39030.49,38890.8,38749.57,38606.79,38461.66,38315.16,38172.71,38034.21,37896.15,37754.27,37608.39,37465.91,37326.87,37187.68,37046.89,36908.15,36769.98,36630.69840340639,36491.7808078084,36353.22772326347,36215.03965982906,36077.21706755585,35939.7604264979,35802.670166703654,35665.94672822267,35529.59053110226,35393.6019553852,35257.981391115456,35122.729218335815,34987.84577708456,34853.33141740113,34719.18644932045,34585.41119287854,34452.00594810921,34318.97097504174,34186.3065637088,34054.01294413629,33922.090376353495,33790.539070384075,33659.35923625168,33528.551073978844,33398.11476358583,33268.05047509178,33138.35837851588,33009.038593871606,32880.091271175865,32751.516510439935,32623.314421676194,32495.485104895903,32368.028630106957,32240.94505731611,32114.234456531238,31987.896857755728,31861.932280991838,31736.34075624294,31611.122293510158,31486.27686279012,31361.804464082823,31237.705067384886,31113.97861268955,30990.625059992315,30867.644339285296,30745.0363805606,30622.80108380697,30500.93836901539,30379.448106171232,30258.330175260962,30137.58446627219,30017.210809185777,29897.20907398708,29777.57909065695,29658.3206791751,29539.43365952127,29420.91785167518,29302.773025610928,29184.998981305976,29067.59550873668,28950.562347873747,28833.899268691268,28717.60603116222,28601.682355255067,28486.127970939382,28370.942608184756,28256.125976958538,28141.677767225796,28027.59767895274,27913.88540210446,27800.540596642655,27687.562942531284,27574.95208973092,27462.707698203263,27350.829387905513,27239.316818799376,27128.1695908398,27017.387333985098,26906.96965819135,26796.916153412374,26687.226419603114,26577.900046717386
103,43026.0,33689.21,41522.49,37318.84,36978.95,32847.28,38475.24,36000.0,41178.37,39232.95,40637.21,36027.71,40213.9,36616.7,36493.91,41113.49,45945.95,40896.86,38852.5,42946.1,42293.75,41126.44,42583.49,40770.41,42232.09,37611.49,42403.63,44697.07,35929.39,41725.75,39412.51,40486.19,42035.25,38460.74,43698.5,39349.5,42641.27,38180.06,43223.1,44307.56,44341.18,44360.62,44385.37,44427.96,44494.96,44541.44,44571.72,44585.81,44614.06,44630.3,44617.0,44614.42,44573.48,44506.52,44424.4,44329.89,44255.21,44176.2,44068.37,43959.1,43858.42,43737.05,43606.87,43463.55,43329.11,43206.87,43075.39,42949.6,42809.68,42660.91,42521.49,42393.53,42268.77,42138.79,42017.11,41887.76,41746.66,41608.15,41475.7,41350.03,41223.81,41091.14,40956.87,40821.57,40690.21,40562.63,40431.92,40301.27,40171.79328937891,40042.581267566515,39913.63455446634,39784.95377998036,39656.53953401677,39528.39243647911,39400.51305727867,39272.90197632522,39145.559763530066,39018.48696880763,38891.68414207232,38765.15180324325,38638.89048223793,38512.90069897546,38387.18293338116,38261.73769537567,38136.5654648843,38011.66671183391,37887.0418861545,37762.69145777292,37638.61584662384,37514.81549263879,37391.29081575241,37268.04223589935,37145.07013302049,37022.374927050485,36899.956967934864,36777.816655611394,36655.95433002717,36534.37036112462,36413.06508885083,36292.03883315604,36171.29194398576,36050.824711294874,35930.637455033604,35810.73047515526,35691.10405161628,35571.75846437308,35452.69398338368,35333.91087860604,35215.40940000127,35097.18977753359,34979.25225116564,34861.59706086009,34744.22441658428,34627.13451830705,34510.32757599575,34393.80376962238,34277.5632991558,34161.606334569566,34045.933045837235,33930.54357293702,33815.43808584246,33700.616724531785,33586.07961898475,33471.826899181135,33357.85867510383,33244.17506673417,33130.77617405658,33017.66209705551,32904.83291571849,32792.288710033106,32680.02955998689,32568.05552557051,32456.366656776183,32344.963013594577,32233.844636019472,32123.01156404464,32012.46380766852,31902.201416883338,31792.224371692206,31682.532712088894,31573.126408078082,31464.005479656647,31355.16988683082,31246.619629600595,31138.354667972202,31030.374961951857,30922.680491542684,30815.271186755555,30708.147007596715,30601.307884077047
104,39612.49,39316.24,33802.82,37256.56,42596.64,36218.38,47597.25,46245.53,37635.71,43255.3,40196.61,41076.77,40875.91,43874.39,40106.48,48913.92,42857.14,35289.36,53456.22,42237.98,43733.73,45034.97,42525.77,40512.51,41863.28,38105.85,42211.06,45334.64,39175.76,40508.55,40146.88,42481.92,43320.72,40850.45,43693.86,43095.81,44488.32,42270.57,46237.29,47406.22,47455.53,47456.28,47444.68,47496.49,47586.73,47647.01,47631.59,47632.28,47680.09,47741.68,47762.2,47762.24,47716.48,47668.98,47604.63,47519.26,47511.51,47434.62,47330.51,47245.94,47122.21,46990.95,46884.77,46774.42,46651.54,46557.52,46442.31,46313.06,46187.1,46039.78,45927.66,45828.07,45700.4,45592.37,45496.52,45361.22,45237.63,45118.13,44991.13,44871.7,44757.21,44655.73,44532.45,44408.83,44292.43,44168.72,44050.83,43938.18,43821.27695363451,43704.55215858998,43588.006214668945,43471.63971167727,43355.45324941749,43239.44740769873,43123.622746336725,43007.979855137295,42892.51927392274,42777.24156250878,42662.14728071112,42547.23695835534,42432.511135263754,42317.97033126521,42203.61508618202,42089.44588985294,41975.46327210354,41861.66773276928,41748.05976168892,41634.6398487012,41521.40848364486,41408.36613636524,41295.513286704394,41182.850384514204,41070.37790963673,40958.09629193046,40846.00599124401,40734.10743743589,40622.40108035799,40510.887329875404,40399.56662584333,40288.43936813012,40177.50596660087,40066.76684111736,39956.222371554526,39845.87294778403,39735.71897967096,39625.76081710012,39515.99885993988,39406.43344807836,39297.0649713872,39187.89377975125,39078.92021305858,38970.14462119406,38861.56734404575,38753.188711505085,38645.00906346017,38537.02870980899,38429.24797044623,38321.66716526659,38214.28658417464,38107.10653706835,38000.127323848996,37893.34921442773,37786.77250870584,37680.397486591166,37574.22441799486,37468.253562831356,37362.485181015094,37256.919542457224,37151.556897075476,37046.39748479087,36941.44154552442,36836.689319197154,36732.14104573007,36627.79692505738,36523.6572070968,36419.72209178251,36315.9917790487,36212.466498819675,36109.14644103291,36006.03179562589,35903.12275253607,35800.41951169765,35697.92223305796,35595.63110655449,35493.546302131275,35391.667979735685,35289.99630931177,35188.53144081016,35087.273524181495,34986.22270937641
105,48948.37,50190.11,37453.18,54404.95,47398.84,33032.26,40798.23,46237.73,44396.08,40591.97,45714.29,43445.69,51965.81,39108.06,46986.09,41190.67,42477.88,48213.03,43750.0,46504.32,45229.68,42994.24,42865.74,40276.9,50670.96,49895.18,40400.36,45684.39,47203.87,39828.33,44347.19,44652.41,44354.84,42205.58,46633.17,41244.89,46380.29,44833.63,49402.85,50554.38,50575.77,50517.49,50447.09,50584.32,50684.97,50649.11,50624.71,50673.78,50733.46,50788.08,50774.29,50824.9,50837.95,50786.52,50712.9,50678.85,50719.36,50623.02,50584.54,50546.86,50349.0,50190.05,50129.24,50110.94,49999.99,49874.11,49783.77,49676.01,49569.53,49457.78,49367.64,49287.32,49164.58,49059.59,48991.62,48869.7,48764.14,48662.09,48538.88,48446.06,48371.08,48282.36,48169.37,48064.03,47951.9,47828.07,47744.81,47666.0,47564.237752441775,47462.58381675423,47361.03867294566,47259.60277102382,47158.27661099736,47057.06063287387,46955.95530666148,46854.961082367954,46754.07843000142,46653.307789569466,46552.649611079854,46452.104344540385,46351.67241995846,46251.35427734169,46151.15035669767,46051.061078033665,45951.08688135727,45851.22816667537,45751.48538399577,45651.8589233252,45552.34921467106,45452.9566580403,45353.68166343997,45254.524630876986,45155.48597035844,45056.56606189088,44957.76530548122,44859.0840911362,44760.52279886238,44662.08181866649,44563.76152055494,44465.56229453445,44367.48450061124,44269.52851879187,44171.694699082385,44073.983421489356,43976.395026018654,43878.92989267684,43781.58835146961,43684.37076240319,43587.27746548344,43490.308820716586,43393.46514810815,43296.746797664186,43200.15408939022,43103.68736329211,43007.3469393754,42911.133157645956,42815.04631810895,42719.08674076993,42623.25475563458,42527.550662708076,42431.97477199579,42336.527383502886,42241.20879723456,42146.01932319615,42050.959251392684,41956.028871829156,41861.228474510586,41766.55834944198,41672.01877662816,41577.6100260738,41483.33239778409,41389.18615176351,41295.17154801655,41201.28887654822,41107.538397363016,41013.92036046525,40920.43502585942,40827.08266355018,40733.86352354185,40640.77784583858,40547.825880444674,40455.00787736447,40362.324066601934,40269.77470816155,40177.36001204695,40085.08022826245,39992.93558681202,39900.92629769929,39809.05261092858,39717.314716503184
106,46692.61,42798.35,46209.39,48813.56,36749.12,32171.58,42798.35,41152.26,49699.4,36743.22,42184.56,41481.48,50909.09,49484.54,40117.99,47727.27,48449.04,63054.19,46085.67,47467.44,38888.89,46209.39,51612.9,47113.16,41818.18,45977.01,40485.83,46080.0,44663.38,41860.47,33918.13,46995.27,47213.11,42131.98,52095.42,44758.54,49775.78,42751.56,52385.09,53676.07,53569.59,53419.53,53470.55,53491.39,53439.6,53507.88,53715.02,53705.58,53573.14,53640.29,53641.57,53712.34,53877.34,53872.81,53768.0,53732.6,53737.7,53638.29,53774.06,53780.29,53588.85,53625.5,53475.31,53361.21,53390.78,53351.82,53251.94,53039.39,52946.52,52968.35,52824.51,52673.66,52615.71,52531.76,52484.36,52387.19,52281.4,52157.11,52032.39,52022.4,52025.93,51950.81,51827.51,51707.74,51625.71,51534.53,51455.34,51395.38,51311.15930344901,51226.99526514301,51142.88819501769,51058.83840300876,50974.84619905192,50890.911883084926,50807.035775041426,50723.21815486331,50639.45935248214,50555.759637841904,50472.11934087417,50388.5387315229,50305.01812972174,50221.55780541468,50138.15807853535,50054.819219027726,49971.54151683167,49888.32528188286,49805.17077412739,49722.078293503015,49639.04812994958,49556.080553411084,49473.17584382945,49390.33429114451,49307.55617529819,49224.841756236565,49142.19131390156,49059.605138233004,48977.08347917904,48894.626616681606,48812.23482068469,48729.90836113227,48647.64749797043,48565.452501143154,48483.323630596526,48401.26114627659,48319.26530812945,48237.336376101135,48155.474610137746,48073.68027018532,47991.953596194115,47910.29484811017,47828.70427588162,47747.182139454555,47665.72866878126,47584.3441238078,47503.02875448232,47421.78279075711,47340.60648258032,47259.500059904225,47178.46378267491,47097.497880844654,47016.602584365755,46935.77813318843,46855.024767262905,46774.34270654352,46693.73219098052,46613.193440528245,46532.72669513694,46452.33218475887,46372.01011935049,46291.76072886409,46211.58423325403,46131.48086247261,46051.450826476255,45971.49435521728,45891.611658652095,45811.80294673716,45732.06843942684,45652.40834667757,45572.82287844579,45493.31224468794,45413.87666535838,45334.51633041772,45255.2314598203,45176.02225352465,45096.88890149135,45017.83162367477,44938.85061003549,44859.94606053204,44781.11817512293,44702.36714376874
107,48484.85,33333.33,58394.16,43076.92,64596.27,27210.88,47659.57,43956.04,36781.61,37500.0,43165.47,33449.48,45878.14,46090.53,47949.53,44562.33,51306.41,65789.47,51525.42,51830.99,35608.31,64160.4,38620.69,55111.11,43668.12,37086.09,31441.05,53872.05,45859.87,45602.61,41600.0,42158.09,49729.73,52509.65,45955.45,36759.37,46363.64,48053.39,55665.85,56928.27,56481.11,56259.24,56617.99,56899.23,56734.8,56840.34,56836.66,56638.31,56652.12,56456.0,56390.65,56468.43,56814.37,56896.51,57077.51,57143.63,56551.46,56528.97,56751.55,56567.37,56593.33,56829.54,56624.12,56538.27,56676.03,56697.29,56657.87,56331.1,56065.07,56092.09,56090.7,56093.41,56147.42,55966.1,55776.1,55843.93,55861.48,55601.24,55447.89,55535.94,55635.19,55620.43,55417.71,55308.68,55331.05,55260.5,55221.02,55152.12,55087.325233842384,55022.553815041276,54957.805883640794,54893.081609694535,54828.381143249775,54763.704654360095,54699.05229307277,54634.424219438224,54569.82058350375,54505.24154531978,54440.68726493673,54376.15789240188,54311.653587765664,54247.17450107537,54182.72078237826,54118.29259172477,54053.890079162185,53989.51340474093,53925.16269850197,53860.838140502055,53796.539860782155,53732.26801939269,53668.02275637781,53603.80423178792,53539.6125956703,53475.4479880691,53411.310559031575,53347.20045860502,53283.11783683669,53219.06283377074,53155.03559945442,53091.03627393189,53027.06500725039,52963.12194945723,52899.20723059336,52835.321000706084,52771.46340984267,52707.63458804408,52643.834695360754,52580.06385183051,52516.32221750379,52452.60992242156,52388.92710662795,52325.27392017023,52261.650483086225,52198.05695542638,52134.4934572285,52070.960138539864,52007.45713940462,51943.984589863714,51880.542619958134,51817.131369732015,51753.75098923262,51690.40158849462,51627.08332756846,51563.7963164888,51500.54070530292,51437.3166240518,51374.12419277325,51310.96356151456,51247.8348603167,51184.738199214335,51121.67373825791,51058.64157747893,50995.64187692783,50932.67473663614,50869.74030665111,50806.8387070106,50743.970067755545,50681.1345089238,50618.332160556325,50555.563162697246,50492.827625381244,50430.12566864613,50367.45743253603,50304.823037088776,50242.22261234534,50179.65625833723,50117.12412511174,50054.62632270353,49992.162971150436,49929.73419049026
108,53333.33,64864.86,65753.42,47058.82,70588.24,70886.08,11428.57,54135.34,73988.44,64429.53,56338.03,48484.85,40740.74,27586.21,43243.24,46753.25,40000.0,56140.35,54700.85,60000.0,67368.42,30601.09,38095.24,38095.24,52173.91,53333.33,39436.62,31654.68,50909.09,46200.61,40677.97,47965.74,59627.33,60301.51,47337.28,59829.06,60737.53,50337.08,58549.68,59170.67,58821.02,59025.64,59101.68,59909.8,60932.24,61538.34,61679.48,60599.0,60034.92,59641.99,59204.21,58899.64,58765.29,59398.1,60204.71,60919.35,59768.43,59313.15,60113.96,59390.48,58963.65,59406.57,59488.89,59216.09,58987.74,59348.94,59508.77,59217.71,59238.98,59387.62,59807.63,60009.83,59918.08,59481.16,59011.21,59255.53,59213.37,58907.86,58993.9,59046.02,59163.16,59149.31,59047.14,59171.04,59136.38,58887.78,58914.09,58821.64,58777.76736697214,58733.900735003386,58690.04016410436,58646.18571428562,58602.337435556015,58558.49538792613,58514.65962140479,58470.830196002586,58427.00716172835,58383.19057859265,58339.38048660258,58295.57695577048,58251.78003610518,58207.98977761549,58164.20624031202,58120.42947420359,58076.659539300796,58032.896475610694,57989.14035314563,57945.39121191268,57901.64911192243,57857.91410318372,57814.18624570711,57770.46558950145,57726.752184575555,57683.046090940035,57639.347358603685,57595.65602757359,57551.97217786386,57508.295839479804,57464.627072432,57420.96592672927,57377.312452380465,57333.666709396144,57290.02875778692,57246.398627558076,57202.77637872021,57159.162081285685,57115.55575525802,57071.957480651334,57028.36729747271,56984.785255730945,56941.211405434886,56897.64580659511,56854.088499218684,56810.539543316205,56766.99898889649,56723.466885968366,56679.94328454067,56636.428244623974,56592.92179622359,56549.424009351875,56505.93492401588,56462.45459022443,56418.98306798812,56375.52039731401,56332.06662821093,56288.62183069124,56245.18602475846,56201.75928042495,56158.34163769777,56114.93315658751,56071.53387710124,56028.14385924955,55984.76314303948,55941.39177847988,55898.02981557957,55854.67730434737,55811.33429479211,55768.000826920856,55724.67697074595,55681.3627562727,55638.05824351168,55594.76346246822,55551.47848315465,55508.203345578026,55464.938099747196,55421.68279567097,55378.43747335641,55335.20218281235,55291.976974047604,55248.76189707102
109,34782.61,57142.86,36363.64,51612.9,72727.27,47058.82,47058.82,0.0,16000.0,57142.86,75000.0,0.0,61538.46,70796.46,31372.55,39344.26,43010.75,74766.36,36923.08,88888.89,71641.79,57831.33,59813.08,64646.46,52173.91,75471.7,56470.59,58666.67,36180.9,32876.71,57777.78,36571.43,48669.2,33802.82,53658.54,48618.78,57627.12,43835.62,62720.56,63102.68,63222.87,64152.93,62569.14,62258.0,64109.85,64450.76,62410.71,63715.44,65363.63,63271.57,62175.32,61811.57,61447.81,62017.61,64178.32,66384.62,64981.48,62907.81,62852.66,62335.42,62575.76,63655.91,63807.43,64125.87,63243.99,62987.58,63717.95,64098.07,64862.8,65044.43,64845.74,63999.95,63093.0,62864.48,62655.0,62654.2,62162.92,61493.9,61672.47,61942.55,62532.84,62572.27,62217.88,62432.09,62634.98,62160.72,62103.54,62327.09,62305.04118049703,62282.992660653494,62260.944450458,62238.89654991056,62216.84896899984,62194.80171771446,62172.754796054425,62150.70822399703,62128.66201153094,62106.61614866749,62084.570655383985,62062.52553168042,62040.480797534074,62018.43645294497,61996.3924979131,61974.348952415756,61952.305826441574,61930.26311999058,61908.22083306275,61886.17899562403,61864.13758769714,61842.09663924801,61820.05615027665,61798.016130771684,61775.976580733135,61753.937520138286,61731.89893899849,61709.8608672797,61687.82329499325,61665.7862321278,61643.749688672,61621.71367461448,61599.678199943904,61577.64326466026,61555.608888740855,61533.57506219702,61511.541805006076,61489.50911716801,61467.477018660116,61445.44549949375,61423.41457964619,61401.384269106115,61379.35455788484,61357.32547594833,61335.29701330794,61313.26918994096,61291.242005847394,61269.2154810045,61247.18959543505,61225.16438909357,61203.13984200279,61181.11598412867,61159.09280548254,61137.07032604169,61115.04854580614,61093.027474764516,61071.007112916835,61048.98749022903,61026.96858672381,61004.95042237846,60982.9330171703,60960.916351121996,60938.900454199524,60916.88532640286,60894.87096773202,60872.85739816429,60850.84461769967,60828.83263632681,60806.821464034365,60784.81110082231,60762.80156666798,60740.792851582686,60718.78497554375,60696.777938551146,60674.77176058219,60652.76643164823,60630.76197172655,60608.75838081717,60586.75567889737,60564.753855978495,60542.75293203786,60520.752907075446
110,72727.27,92307.69,0.0,61538.46,59259.26,0.0,61538.46,64000.0,82051.28,60000.0,0.0,42105.26,82352.94,74418.6,36923.08,53846.15,48780.49,32876.71,74418.6,61538.46,44444.44,66666.67,0.0,58823.53,78873.24,58823.53,58181.82,72727.27,35164.84,51764.71,55345.91,68571.43,52173.91,64321.61,79532.16,53731.34,41830.07,17266.19,67500.78,66116.07,63379.12,67724.36,70075.76,69318.18,70075.76,67708.33,63244.05,65476.19,63690.48,63825.76,69318.18,69318.18,69318.18,69318.18,70909.09,70416.67,67500.0,65909.09,67234.85,69318.18,70075.76,70833.33,70833.33,71474.36,70879.12,66488.1,63333.33,63854.17,64375.0,64375.0,63854.17,64583.33,66682.9,65695.58,63554.35,64468.14,65134.8,64583.33,64583.33,64867.42,65418.89,65482.03,65736.05,66979.95,67811.36,66356.11,66074.6,66351.46,66351.46,66351.46,66351.46,66351.46,66351.46,66351.46,66351.46,66351.46,66351.46,66351.46,66351.46,66351.46,66351.46,66351.46,66351.46,66351.46,66351.46,66351.46,66351.46,66351.46,66351.46,66351.46,66351.46,66351.46,66351.46,66351.46,66351.46,66351.46,66351.46,66351.46,66351.46,66351.46,66351.46,66351.46,66351.46,66351.46,66351.46,66351.46,66351.46,66351.46,66351.46,66351.46,66351.46,66351.46,66351.46,66351.46,66351.46,66351.46,66351.46,66351.46,66351.46,66351.46,66351.46,66351.46,66351.46,66351.46,66351.46,66351.46,66351.46,66351.46,66351.46,66351.46,66351.46,66351.46,66351.46,66351.46,66351.46,66351.46,66351.46,66351.46,66351.46,66351.46,66351.46,66351.46,66351.46,66351.46,66351.46,66351.46,66351.46,66351.46,66351.46,66351.46
111,100000.0,100000.0,100000.0,100000.0,100000.0,100000.0,100000.0,100000.0,100000.0,100000.0,100000.0,100000.0,100000.0,100000.0,100000.0,100000.0,100000.0,100000.0,100000.0,100000.0,100000.0,100000.0,100000.0,100000.0,100000.0,100000.0,100000.0,100000.0,100000.0,100000.0,100000.0,100000.0,100000.0,100000.0,100000.0,100000.0,100000.0,100000.0,69940.48,62023.81,55000.0,58750.0,75000.0,87500.0,87500.0,85416.67,83333.33,83333.33,79166.67,81250.0,87500.0,87500.0,87500.0,87500.0,87500.0,85416.67,83333.33,83333.33,85416.67,87500.0,87500.0,87500.0,87500.0,87500.0,87500.0,83750.0,67500.0,55000.0,55000.0,55000.0,55000.0,56666.67,59523.81,58482.14,60416.67,65625.0,66666.67,68750.0,70833.33,70833.33,70833.33,70833.33,71474.36,72664.84,73214.29,72023.81,68063.73,64313.73,64313.73,64313.73,64313.73,64313.73,64313.73,64313.73,64313.73,64313.73,64313.73,64313.73,64313.73,64313.73,64313.73,64313.73,64313.73,64313.73,64313.73,64313.73,64313.73,64313.73,64313.73,64313.73,64313.73,64313.73,64313.73,64313.73,64313.73,64313.73,64313.73,64313.73,64313.73,64313.73,64313.73,64313.73,64313.73,64313.73,64313.73,64313.73,64313.73,64313.73,64313.73,64313.73,64313.73,64313.73,64313.73,64313.73,64313.73,64313.73,64313.73,64313.73,64313.73,64313.73,64313.73,64313.73,64313.73,64313.73,64313.73,64313.73,64313.73,64313.73,64313.73,64313.73,64313.73,64313.73,64313.73,64313.73,64313.73,64313.73,64313.73,64313.73,64313.73,64313.73,64313.73,64313.73,64313.73,64313.73,64313.73,64313.73,64313.73,64313.73,64313.73,64313.73
112,100000.0,100000.0,100000.0,100000.0,100000.0,100000.0,100000.0,100000.0,100000.0,100000.0,100000.0,100000.0,100000.0,100000.0,100000.0,100000.0,100000.0,100000.0,100000.0,100000.0,100000.0,100000.0,100000.0,100000.0,100000.0,100000.0,100000.0,100000.0,100000.0,100000.0,100000.0,100000.0,100000.0,100000.0,100000.0,100000.0,100000.0,100000.0,72916.67,79166.67,75000.0,75000.0,87500.0,100000.0,100000.0,100000.0,100000.0,100000.0,100000.0,100000.0,100000.0,100000.0,100000.0,100000.0,100000.0,100000.0,100000.0,100000.0,100000.0,100000.0,100000.0,100000.0,100000.0,100000.0,100000.0,100000.0,87500.0,75000.0,75000.0,75000.0,75000.0,75000.0,75000.0,75000.0,79166.67,83333.33,83333.33,85416.67,87500.0,87500.0,87500.0,87500.0,87500.0,87500.0,87500.0,87500.0,83750.0,67500.0,67500.0,67500.0,67500.0,67500.0,67500.0,67500.0,67500.0,67500.0,67500.0,67500.0,67500.0,67500.0,67500.0,67500.0,67500.0,67500.0,67500.0,67500.0,67500.0,67500.0,67500.0,67500.0,67500.0,67500.0,67500.0,67500.0,67500.0,67500.0,67500.0,67500.0,67500.0,67500.0,67500.0,67500.0,67500.0,67500.0,67500.0,67500.0,67500.0,67500.0,67500.0,67500.0,67500.0,67500.0,67500.0,67500.0,67500.0,67500.0,67500.0,67500.0,67500.0,67500.0,67500.0,67500.0,67500.0,67500.0,67500.0,67500.0,67500.0,67500.0,67500.0,67500.0,67500.0,67500.0,67500.0,67500.0,67500.0,67500.0,67500.0,67500.0,67500.0,67500.0,67500.0,67500.0,67500.0,67500.0,67500.0,67500.0,67500.0,67500.0,67500.0,67500.0
113,100000.0,100000.0,100000.0,100000.0,100000.0,100000.0,100000.0,100000.0,100000.0,100000.0,100000.0,100000.0,100000.0,100000.0,100000.0,100000.0,100000.0,100000.0,100000.0,100000.0,100000.0,100000.0,100000.0,100000.0,100000.0,100000.0,100000.0,100000.0,100000.0,100000.0,100000.0,100000.0,100000.0,100000.0,100000.0,100000.0,100000.0,100000.0,75000.0,100000.0,100000.0,100000.0,100000.0,100000.0,100000.0,100000.0,100000.0,100000.0,100000.0,100000.0,100000.0,100000.0,100000.0,100000.0,100000.0,100000.0,100000.0,100000.0,100000.0,100000.0,100000.0,100000.0,100000.0,100000.0,100000.0,100000.0,100000.0,100000.0,100000.0,100000.0,100000.0,100000.0,100000.0,100000.0,100000.0,100000.0,100000.0,100000.0,100000.0,100000.0,100000.0,100000.0,100000.0,100000.0,100000.0,100000.0,100000.0,87500.0,87500.0,87500.0,87500.0,87500.0,87500.0,87500.0,87500.0,87500.0,87500.0,87500.0,87500.0,87500.0,87500.0,87500.0,87500.0,87500.0,87500.0,87500.0,87500.0,87500.0,87500.0,87500.0,87500.0,87500.0,87500.0,87500.0,87500.0,87500.0,87500.0,87500.0,87500.0,87500.0,87500.0,87500.0,87500.0,87500.0,87500.0,87500.0,87500.0,87500.0,87500.0,87500.0,87500.0,87500.0,87500.0,87500.0,87500.0,87500.0,87500.0,87500.0,87500.0,87500.0,87500.0,87500.0,87500.0,87500.0,87500.0,87500.0,87500.0,87500.0,87500.0,87500.0,87500.0,87500.0,87500.0,87500.0,87500.0,87500.0,87500.0,87500.0,87500.0,87500.0,87500.0,87500.0,87500.0,87500.0,87500.0,87500.0,87500.0,87500.0,87500.0,87500.0
114,100000.0,100000.0,100000.0,100000.0,100000.0,100000.0,100000.0,100000.0,100000.0,100000.0,100000.0,100000.0,100000.0,100000.0,100000.0,100000.0,100000.0,100000.0,100000.0,100000.0,100000.0,100000.0,100000.0,100000.0,100000.0,100000.0,100000.0,100000.0,100000.0,100000.0,100000.0,100000.0,100000.0,100000.0,100000.0,100000.0,100000.0,100000.0,87500.0,100000.0,100000.0,100000.0,100000.0,100000.0,100000.0,100000.0,100000.0,100000.0,100000.0,100000.0,100000.0,100000.0,100000.0,100000.0,100000.0,100000.0,100000.0,100000.0,100000.0,100000.0,100000.0,100000.0,100000.0,100000.0,100000.0,100000.0,100000.0,100000.0,100000.0,100000.0,100000.0,100000.0,100000.0,100000.0,100000.0,100000.0,100000.0,100000.0,100000.0,100000.0,100000.0,100000.0,100000.0,100000.0,100000.0,100000.0,100000.0,100000.0,100000.0,100000.0,100000.0,100000.0,100000.0,100000.0,100000.0,100000.0,100000.0,100000.0,100000.0,100000.0,100000.0,100000.0,100000.0,100000.0,100000.0,100000.0,100000.0,100000.0,100000.0,100000.0,100000.0,100000.0,100000.0,100000.0,100000.0,100000.0,100000.0,100000.0,100000.0,100000.0,100000.0,100000.0,100000.0,100000.0,100000.0,100000.0,100000.0,100000.0,100000.0,100000.0,100000.0,100000.0,100000.0,100000.0,100000.0,100000.0,100000.0,100000.0,100000.0,100000.0,100000.0,100000.0,100000.0,100000.0,100000.0,100000.0,100000.0,100000.0,100000.0,100000.0,100000.0,100000.0,100000.0,100000.0,100000.0,100000.0,100000.0,100000.0,100000.0,100000.0,100000.0,100000.0,100000.0,100000.0,100000.0,100000.0,100000.0,100000.0,100000.0,100000.0
115,100000.0,100000.0,100000.0,100000.0,100000.0,100000.0,100000.0,100000.0,100000.0,100000.0,100000.0,100000.0,100000.0,100000.0,100000.0,100000.0,100000.0,100000.0,100000.0,100000.0,100000.0,100000.0,100000.0,100000.0,100000.0,100000.0,100000.0,100000.0,100000.0,100000.0,100000.0,100000.0,100000.0,100000.0,100000.0,100000.0,100000.0,100000.0,100000.0,100000.0,100000.0,100000.0,100000.0,100000.0,100000.0,100000.0,100000.0,100000.0,100000.0,100000.0,100000.0,100000.0,100000.0,100000.0,100000.0,100000.0,100000.0,100000.0,100000.0,100000.0,100000.0,100000.0,100000.0,100000.0,100000.0,100000.0,100000.0,100000.0,100000.0,100000.0,100000.0,100000.0,100000.0,100000.0,100000.0,100000.0,100000.0,100000.0,100000.0,100000.0,100000.0,100000.0,100000.0,100000.0,100000.0,100000.0,100000.0,100000.0,100000.0,100000.0,100000.0,100000.0,100000.0,100000.0,100000.0,100000.0,100000.0,100000.0,100000.0,100000.0,100000.0,100000.0,100000.0,100000.0,100000.0,100000.0,100000.0,100000.0,100000.0,100000.0,100000.0,100000.0,100000.0,100000.0,100000.0,100000.0,100000.0,100000.0,100000.0,100000.0,100000.0,100000.0,100000.0,100000.0,100000.0,100000.0,100000.0,100000.0,100000.0,100000.0,100000.0,100000.0,100000.0,100000.0,100000.0,100000.0,100000.0,100000.0,100000.0,100000.0,100000.0,100000.0,100000.0,100000.0,100000.0,100000.0,100000.0,100000.0,100000.0,100000.0,100000.0,100000.0,100000.0,100000.0,100000.0,100000.0,100000.0,100000.0,100000.0,100000.0,100000.0,100000.0,100000.0,100000.0,100000.0,100000.0,100000.0,100000.0,100000.0,100000.0
116,100000.0,100000.0,100000.0,100000.0,100000.0,100000.0,100000.0,100000.0,100000.0,100000.0,100000.0,100000.0,100000.0,100000.0,100000.0,100000.0,100000.0,100000.0,100000.0,100000.0,100000.0,100000.0,100000.0,100000.0,100000.0,100000.0,100000.0,100000.0,100000.0,100000.0,100000.0,100000.0,100000.0,100000.0,100000.0,100000.0,100000.0,100000.0,100000.0,100000.0,100000.0,100000.0,100000.0,100000.0,100000.0,100000.0,100000.0,100000.0,100000.0,100000.0,100000.0,100000.0,100000.0,100000.0,100000.0,100000.0,100000.0,100000.0,100000.0,100000.0,100000.0,100000.0,100000.0,100000.0,100000.0,100000.0,100000.0,100000.0,100000.0,100000.0,100000.0,100000.0,100000.0,100000.0,100000.0,100000.0,100000.0,100000.0,100000.0,100000.0,100000.0,100000.0,100000.0,100000.0,100000.0,100000.0,100000.0,100000.0,100000.0,100000.0,100000.0,100000.0,100000.0,100000.0,100000.0,100000.0,100000.0,100000.0,100000.0,100000.0,100000.0,100000.0,100000.0,100000.0,100000.0,100000.0,100000.0,100000.0,100000.0,100000.0,100000.0,100000.0,100000.0,100000.0,100000.0,100000.0,100000.0,100000.0,100000.0,100000.0,100000.0,100000.0,100000.0,100000.0,100000.0,100000.0,100000.0,100000.0,100000.0,100000.0,100000.0,100000.0,100000.0,100000.0,100000.0,100000.0,100000.0,100000.0,100000.0,100000.0,100000.0,100000.0,100000.0,100000.0,100000.0,100000.0,100000.0,100000.0,100000.0,100000.0,100000.0,100000.0,100000.0,100000.0,100000.0,100000.0,100000.0,100000.0,100000.0,100000.0,100000.0,100000.0,100000.0,100000.0,100000.0,100000.0,100000.0,100000.0,100000.0,100000.0
117,100000.0,100000.0,100000.0,100000.0,100000.0,100000.0,100000.0,100000.0,100000.0,100000.0,100000.0,100000.0,100000.0,100000.0,100000.0,100000.0,100000.0,100000.0,100000.0,100000.0,100000.0,100000.0,100000.0,100000.0,100000.0,100000.0,100000.0,100000.0,100000.0,100000.0,100000.0,100000.0,100000.0,100000.0,100000.0,100000.0,100000.0,100000.0,100000.0,100000.0,100000.0,100000.0,100000.0,100000.0,100000.0,100000.0,100000.0,100000.0,100000.0,100000.0,100000.0,100000.0,100000.0,100000.0,100000.0,100000.0,100000.0,100000.0,100000.0,100000.0,100000.0,100000.0,100000.0,100000.0,100000.0,100000.0,100000.0,100000.0,100000.0,100000.0,100000.0,100000.0,100000.0,100000.0,100000.0,100000.0,100000.0,100000.0,100000.0,100000.0,100000.0,100000.0,100000.0,100000.0,100000.0,100000.0,100000.0,100000.0,100000.0,100000.0,100000.0,100000.0,100000.0,100000.0,100000.0,100000.0,100000.0,100000.0,100000.0,100000.0,100000.0,100000.0,100000.0,100000.0,100000.0,100000.0,100000.0,100000.0,100000.0,100000.0,100000.0,100000.0,100000.0,100000.0,100000.0,100000.0,100000.0,100000.0,100000.0,100000.0,100000.0,100000.0,100000.0,100000.0,100000.0,100000.0,100000.0,100000.0,100000.0,100000.0,100000.0,100000.0,100000.0,100000.0,100000.0,100000.0,100000.0,100000.0,100000.0,100000.0,100000.0,100000.0,100000.0,100000.0,100000.0,100000.0,100000.0,100000.0,100000.0,100000.0,100000.0,100000.0,100000.0,100000.0,100000.0,100000.0,100000.0,100000.0,100000.0,100000.0,100000.0,100000.0,100000.0,100000.0,100000.0,100000.0,100000.0,100000.0,100000.0,100000.0
118,100000.0,100000.0,100000.0,100000.0,100000.0,100000.0,100000.0,100000.0,100000.0,100000.0,100000.0,100000.0,100000.0,100000.0,100000.0,100000.0,100000.0,100000.0,100000.0,100000.0,100000.0,100000.0,100000.0,100000.0,100000.0,100000.0,100000.0,100000.0,100000.0,100000.0,100000.0,100000.0,100000.0,100000.0,100000.0,100000.0,100000.0,100000.0,100000.0,100000.0,100000.0,100000.0,100000.0,100000.0,100000.0,100000.0,100000.0,100000.0,100000.0,100000.0,100000.0,100000.0,100000.0,100000.0,100000.0,100000.0,100000.0,100000.0,100000.0,100000.0,100000.0,100000.0,100000.0,100000.0,100000.0,100000.0,100000.0,100000.0,100000.0,100000.0,100000.0,100000.0,100000.0,100000.0,100000.0,100000.0,100000.0,100000.0,100000.0,100000.0,100000.0,100000.0,100000.0,100000.0,100000.0,100000.0,100000.0,100000.0,100000.0,100000.0,100000.0,100000.0,100000.0,100000.0,100000.0,100000.0,100000.0,100000.0,100000.0,100000.0,100000.0,100000.0,100000.0,100000.0,100000.0,100000.0,100000.0,100000.0,100000.0,100000.0,100000.0,100000.0,100000.0,100000.0,100000.0,100000.0,100000.0,100000.0,100000.0,100000.0,100000.0,100000.0,100000.0,100000.0,100000.0,100000.0,100000.0,100000.0,100000.0,100000.0,100000.0,100000.0,100000.0,100000.0,100000.0,100000.0,100000.0,100000.0,100000.0,100000.0,100000.0,100000.0,100000.0,100000.0,100000.0,100000.0,100000.0,100000.0,100000.0,100000.0,100000.0,100000.0,100000.0,100000.0,100000.0,100000.0,100000.0,100000.0,100000.0,100000.0,100000.0,100000.0,100000.0,100000.0,100000.0,100000.0,100000.0,100000.0,100000.0,100000.0
119,100000.0,100000.0,100000.0,100000.0,100000.0,100000.0,100000.0,100000.0,100000.0,100000.0,100000.0,100000.0,100000.0,100000.0,100000.0,100000.0,100000.0,100000.0,100000.0,100000.0,100000.0,100000.0,100000.0,100000.0,100000.0,100000.0,100000.0,100000.0,100000.0,100000.0,100000.0,100000.0,100000.0,100000.0,100000.0,100000.0,100000.0,100000.0,100000.0,100000.0,100000.0,100000.0,100000.0,100000.0,100000.0,100000.0,100000.0,100000.0,100000.0,100000.0,100000.0,100000.0,100000.0,100000.0,100000.0,100000.0,100000.0,100000.0,100000.0,100000.0,100000.0,100000.0,100000.0,100000.0,100000.0,100000.0,100000.0,100000.0,100000.0,100000.0,100000.0,100000.0,100000.0,100000.0,100000.0,100000.0,100000.0,100000.0,100000.0,100000.0,100000.0,100000.0,100000.0,100000.0,100000.0,100000.0,100000.0,100000.0,100000.0,100000.0,100000.0,100000.0,100000.0,100000.0,100000.0,100000.0,100000.0,100000.0,100000.0,100000.0,100000.0,100000.0,100000.0,100000.0,100000.0,100000.0,100000.0,100000.0,100000.0,100000.0,100000.0,100000.0,100000.0,100000.0,100000.0,100000.0,100000.0,100000.0,100000.0,100000.0,100000.0,100000.0,100000.0,100000.0,100000.0,100000.0,100000.0,100000.0,100000.0,100000.0,100000.0,100000.0,100000.0,100000.0,100000.0,100000.0,100000.0,100000.0,100000.0,100000.0,100000.0,100000.0,100000.0,100000.0,100000.0,100000.0,100000.0,100000.0,100000.0,100000.0,100000.0,100000.0,100000.0,100000.0,100000.0,100000.0,100000.0,100000.0,100000.0,100000.0,100000.0,100000.0,100000.0,100000.0,100000.0,100000.0,100000.0,100000.0,100000.0,100000.0
120,100000.0,100000.0,100000.0,100000.0,100000.0,100000.0,100000.0,100000.0,100000.0,100000.0,100000.0,100000.0,100000.0,100000.0,100000.0,100000.0,100000.0,100000.0,100000.0,100000.0,100000.0,100000.0,100000.0,100000.0,100000.0,100000.0,100000.0,100000.0,100000.0,100000.0,100000.0,100000.0,100000.0,100000.0,100000.0,100000.0,100000.0,100000.0,100000.0,100000.0,100000.0,100000.0,100000.0,100000.0,100000.0,100000.0,100000.0,100000.0,100000.0,100000.0,100000.0,100000.0,100000.0,100000.0,100000.0,100000.0,100000.0,100000.0,100000.0,100000.0,100000.0,100000.0,100000.0,100000.0,100000.0,100000.0,100000.0,100000.0,100000.0,100000.0,100000.0,100000.0,100000.0,100000.0,100000.0,100000.0,100000.0,100000.0,100000.0,100000.0,100000.0,100000.0,100000.0,100000.0,100000.0,100000.0,100000.0,100000.0,100000.0,100000.0,100000.0,100000.0,100000.0,100000.0,100000.0,100000.0,100000.0,100000.0,100000.0,100000.0,100000.0,100000.0,100000.0,100000.0,100000.0,100000.0,100000.0,100000.0,100000.0,100000.0,100000.0,100000.0,100000.0,100000.0,100000.0,100000.0,100000.0,100000.0,100000.0,100000.0,100000.0,100000.0,100000.0,100000.0,100000.0,100000.0,100000.0,100000.0,100000.0,100000.0,100000.0,100000.0,100000.0,100000.0,100000.0,100000.0,100000.0,100000.0,100000.0,100000.0,100000.0,100000.0,100000.0,100000.0,100000.0,100000.0,100000.0,100000.0,100000.0,100000.0,100000.0,100000.0,100000.0,100000.0,100000.0,100000.0,100000.0,100000.0,100000.0,100000.0,100000.0,100000.0,100000.0,100000.0,100000.0,100000.0,100000.0,100000.0,100000.0,100000.0
121,100000.0,100000.0,100000.0,100000.0,100000.0,100000.0,100000.0,100000.0,100000.0,100000.0,100000.0,100000.0,100000.0,100000.0,100000.0,100000.0,100000.0,100000.0,100000.0,100000.0,100000.0,100000.0,100000.0,100000.0,100000.0,100000.0,100000.0,100000.0,100000.0,100000.0,100000.0,100000.0,100000.0,100000.0,100000.0,100000.0,100000.0,100000.0,100000.0,100000.0,100000.0,100000.0,100000.0,100000.0,100000.0,100000.0,100000.0,100000.0,100000.0,100000.0,100000.0,100000.0,100000.0,100000.0,100000.0,100000.0,100000.0,100000.0,100000.0,100000.0,100000.0,100000.0,100000.0,100000.0,100000.0,100000.0,100000.0,100000.0,100000.0,100000.0,100000.0,100000.0,100000.0,100000.0,100000.0,100000.0,100000.0,100000.0,100000.0,100000.0,100000.0,100000.0,100000.0,100000.0,100000.0,100000.0,100000.0,100000.0,100000.0,100000.0,100000.0,100000.0,100000.0,100000.0,100000.0,100000.0,100000.0,100000.0,100000.0,100000.0,100000.0,100000.0,100000.0,100000.0,100000.0,100000.0,100000.0,100000.0,100000.0,100000.0,100000.0,100000.0,100000.0,100000.0,100000.0,100000.0,100000.0,100000.0,100000.0,100000.0,100000.0,100000.0,100000.0,100000.0,100000.0,100000.0,100000.0,100000.0,100000.0,100000.0,100000.0,100000.0,100000.0,100000.0,100000.0,100000.0,100000.0,100000.0,100000.0,100000.0,100000.0,100000.0,100000.0,100000.0,100000.0,100000.0,100000.0,100000.0,100000.0,100000.0,100000.0,100000.0,100000.0,100000.0,100000.0,100000.0,100000.0,100000.0,100000.0,100000.0,100000.0,100000.0,100000.0,100000.0,100000.0,100000.0,100000.0,100000.0,100000.0,100000.0
122,100000.0,100000.0,100000.0,100000.0,100000.0,100000.0,100000.0,100000.0,100000.0,100000.0,100000.0,100000.0,100000.0,100000.0,100000.0,100000.0,100000.0,100000.0,100000.0,100000.0,100000.0,100000.0,100000.0,100000.0,100000.0,100000.0,100000.0,100000.0,100000.0,100000.0,100000.0,100000.0,100000.0,100000.0,100000.0,100000.0,100000.0,100000.0,100000.0,100000.0,100000.0,100000.0,100000.0,100000.0,100000.0,100000.0,100000.0,100000.0,100000.0,100000.0,100000.0,100000.0,100000.0,100000.0,100000.0,100000.0,100000.0,100000.0,100000.0,100000.0,100000.0,100000.0,100000.0,100000.0,100000.0,100000.0,100000.0,100000.0,100000.0,100000.0,100000.0,100000.0,100000.0,100000.0,100000.0,100000.0,100000.0,100000.0,100000.0,100000.0,100000.0,100000.0,100000.0,100000.0,100000.0,100000.0,100000.0,100000.0,100000.0,100000.0,100000.0,100000.0,100000.0,100000.0,100000.0,100000.0,100000.0,100000.0,100000.0,100000.0,100000.0,100000.0,100000.0,100000.0,100000.0,100000.0,100000.0,100000.0,100000.0,100000.0,100000.0,100000.0,100000.0,100000.0,100000.0,100000.0,100000.0,100000.0,100000.0,100000.0,100000.0,100000.0,100000.0,100000.0,100000.0,100000.0,100000.0,100000.0,100000.0,100000.0,100000.0,100000.0,100000.0,100000.0,100000.0,100000.0,100000.0,100000.0,100000.0,100000.0,100000.0,100000.0,100000.0,100000.0,100000.0,100000.0,100000.0,100000.0,100000.0,100000.0,100000.0,100000.0,100000.0,100000.0,100000.0,100000.0,100000.0,100000.0,100000.0,100000.0,100000.0,100000.0,100000.0,100000.0,100000.0,100000.0,100000.0,100000.0,100000.0,100000.0
123,100000.0,100000.0,100000.0,100000.0,100000.0,100000.0,100000.0,100000.0,100000.0,100000.0,100000.0,100000.0,100000.0,100000.0,100000.0,100000.0,100000.0,100000.0,100000.0,100000.0,100000.0,100000.0,100000.0,100000.0,100000.0,100000.0,100000.0,100000.0,100000.0,100000.0,100000.0,100000.0,100000.0,100000.0,100000.0,100000.0,100000.0,100000.0,100000.0,100000.0,100000.0,100000.0,100000.0,100000.0,100000.0,100000.0,100000.0,100000.0,100000.0,100000.0,100000.0,100000.0,100000.0,100000.0,100000.0,100000.0,100000.0,100000.0,100000.0,100000.0,100000.0,100000.0,100000.0,100000.0,100000.0,100000.0,100000.0,100000.0,100000.0,100000.0,100000.0,100000.0,100000.0,100000.0,100000.0,100000.0,100000.0,100000.0,100000.0,100000.0,100000.0,100000.0,100000.0,100000.0,100000.0,100000.0,100000.0,100000.0,100000.0,100000.0,100000.0,100000.0,100000.0,100000.0,100000.0,100000.0,100000.0,100000.0,100000.0,100000.0,100000.0,100000.0,100000.0,100000.0,100000.0,100000.0,100000.0,100000.0,100000.0,100000.0,100000.0,100000.0,100000.0,100000.0,100000.0,100000.0,100000.0,100000.0,100000.0,100000.0,100000.0,100000.0,100000.0,100000.0,100000.0,100000.0,100000.0,100000.0,100000.0,100000.0,100000.0,100000.0,100000.0,100000.0,100000.0,100000.0,100000.0,100000.0,100000.0,100000.0,100000.0,100000.0,100000.0,100000.0,100000.0,100000.0,100000.0,100000.0,100000.0,100000.0,100000.0,100000.0,100000.0,100000.0,100000.0,100000.0,100000.0,100000.0,100000.0,100000.0,100000.0,100000.0,100000.0,100000.0,100000.0,100000.0,100000.0,100000.0,100000.0,100000.0
124,100000.0,100000.0,100000.0,100000.0,100000.0,100000.0,100000.0,100000.0,100000.0,100000.0,100000.0,100000.0,100000.0,100000.0,100000.0,100000.0,100000.0,100000.0,100000.0,100000.0,100000.0,100000.0,100000.0,100000.0,100000.0,100000.0,100000.0,100000.0,100000.0,100000.0,100000.0,100000.0,100000.0,100000.0,100000.0,100000.0,100000.0,100000.0,100000.0,100000.0,100000.0,100000.0,100000.0,100000.0,100000.0,100000.0,100000.0,100000.0,100000.0,100000.0,100000.0,100000.0,100000.0,100000.0,100000.0,100000.0,100000.0,100000.0,100000.0,100000.0,100000.0,100000.0,100000.0,100000.0,100000.0,100000.0,100000.0,100000.0,100000.0,100000.0,100000.0,100000.0,100000.0,100000.0,100000.0,100000.0,100000.0,100000.0,100000.0,100000.0,100000.0,100000.0,100000.0,100000.0,100000.0,100000.0,100000.0,100000.0,100000.0,100000.0,100000.0,100000.0,100000.0,100000.0,100000.0,100000.0,100000.0,100000.0,100000.0,100000.0,100000.0,100000.0,100000.0,100000.0,100000.0,100000.0,100000.0,100000.0,100000.0,100000.0,100000.0,100000.0,100000.0,100000.0,100000.0,100000.0,100000.0,100000.0,100000.0,100000.0,100000.0,100000.0,100000.0,100000.0,100000.0,100000.0,100000.0,100000.0,100000.0,100000.0,100000.0,100000.0,100000.0,100000.0,100000.0,100000.0,100000.0,100000.0,100000.0,100000.0,100000.0,100000.0,100000.0,100000.0,100000.0,100000.0,100000.0,100000.0,100000.0,100000.0,100000.0,100000.0,100000.0,100000.0,100000.0,100000.0,100000.0,100000.0,100000.0,100000.0,100000.0,100000.0,100000.0,100000.0,100000.0,100000.0,100000.0,100000.0,100000.0,100000.0
125,100000.0,100000.0,100000.0,100000.0,100000.0,100000.0,100000.0,100000.0,100000.0,100000.0,100000.0,100000.0,100000.0,100000.0,100000.0,100000.0,100000.0,100000.0,100000.0,100000.0,100000.0,100000.0,100000.0,100000.0,100000.0,100000.0,100000.0,100000.0,100000.0,100000.0,100000.0,100000.0,100000.0,100000.0,100000.0,100000.0,100000.0,100000.0,100000.0,100000.0,100000.0,100000.0,100000.0,100000.0,100000.0,100000.0,100000.0,100000.0,100000.0,100000.0,100000.0,100000.0,100000.0,100000.0,100000.0,100000.0,100000.0,100000.0,100000.0,100000.0,100000.0,100000.0,100000.0,100000.0,100000.0,100000.0,100000.0,100000.0,100000.0,100000.0,100000.0,100000.0,100000.0,100000.0,100000.0,100000.0,100000.0,100000.0,100000.0,100000.0,100000.0,100000.0,100000.0,100000.0,100000.0,100000.0,100000.0,100000.0,100000.0,100000.0,100000.0,100000.0,100000.0,100000.0,100000.0,100000.0,100000.0,100000.0,100000.0,100000.0,100000.0,100000.0,100000.0,100000.0,100000.0,100000.0,100000.0,100000.0,100000.0,100000.0,100000.0,100000.0,100000.0,100000.0,100000.0,100000.0,100000.0,100000.0,100000.0,100000.0,100000.0,100000.0,100000.0,100000.0,100000.0,100000.0,100000.0,100000.0,100000.0,100000.0,100000.0,100000.0,100000.0,100000.0,100000.0,100000.0,100000.0,100000.0,100000.0,100000.0,100000.0,100000.0,100000.0,100000.0,100000.0,100000.0,100000.0,100000.0,100000.0,100000.0,100000.0,100000.0,100000.0,100000.0,100000.0,100000.0,100000.0,100000.0,100000.0,100000.0,100000.0,100000.0,100000.0,100000.0,100000.0,100000.0,100000.0,100000.0,100000.0,100000.0
