age,1981,1982,1983,1984,1985,1986,1987,1988,1989,1990,1991,1992,1993,1994,1995,1996,1997,1998,1999,2000,2001,2002,2003,2004,2005,2006,2007,2008,2009,2010,2011,2012,2013,2014,2015,2016,2017,2018,2019,2020,2021,2022,2023,2024,2025,2026,2027,2028,2029,2030,2031,2032,2033,2034,2035,2036,2037,2038,2039,2040,2041,2042,2043,2044,2045,2046,2047,2048,2049,2050,2051,2052,2053,2054,2055,2056,2057,2058,2059,2060,2061,2062,2063,2064,2065,2066,2067,2068,2069,2070,2071,2072,2073,2074,2075,2076,2077,2078,2079,2080,2081,2082,2083,2084,2085,2086,2087,2088,2089,2090,2091,2092,2093,2094,2095,2096,2097,2098,2099,2100,2101,2102,2103,2104,2105,2106,2107,2108,2109,2110,2111,2112,2113,2114,2115,2116,2117,2118,2119,2120,2121,2122,2123,2124,2125,2126,2127,2128,2129,2130,2131,2132,2133,2134,2135,2136,2137,2138,2139,2140,2141,2142,2143,2144,2145,2146,2147,2148,2149,2150,2151,2152,2153,2154,2155,2156,2157,2158,2159,2160
0,1264.68,1234.09,1140.89,1073.49,1041.93,1092.57,1037.8,1018.64,954.38,888.47,829.64,734.57,706.04,683.8,683.32,687.49,645.5,628.71,644.41,611.23,597.16,599.28,576.75,555.69,572.44,544.87,535.83,522.72,511.39,464.3,494.27,458.08,433.7,413.01,439.59,414.84,428.51,416.65,435.35,414.95,440.53,438.84,477.62,464.72,365.62,338.4,330.31,322.64,315.41,308.56,302.1,295.96,290.09,284.93,279.87,274.96,270.84,266.88,262.99,259.28,255.68,252.24,249.06,246.26,243.57,240.68,237.84,235.25,232.65,230.14,227.91,225.24,222.5,220.35,218.12,215.69,213.04,210.78,208.47,206.09,204.03,201.91,199.6,197.1,195.21,193.34,191.31,188.95,186.51,184.63,182.7,180.56,178.63,176.74,174.82344471005499,172.92767240177466,171.05245770606626,169.1975776977226,167.36281186892066,165.5479421030077,163.75275264857163,161.97703009379242,160.22056334107182,158.48314358193804,156.76456427222274,155.06462110750704,153.38311199883378,151.7198370486833,150.07459852720967,148.4472008487345,146.8374505484959,145.24515625964924,143.6701286905176,142.11218060208887,140.57112678575666,139.0467840413028,137.53897115511856,136.04750887866197,134.57221990714876,133.1129288584745,131.66946225236507,130.24164848975337,128.82931783237984,127.43230238261377,126.05043606349376,124.6835545989845,123.33149549444771,121.99409801732475,120.67120317802873,119.362653711044,118.06829405623027,116.78797034032979,115.52153035867481,114.26882355709361,113.02970101401256,111.80401542275246,110.59162107401663,109.39237383856907,108.2061311501004,107.03275198827959,105.8720968619895,104.72402779274417,103.58840829828603,102.4651033763608,101.35397948866854,100.25490454498863,99.16774788747686,98.09238027513287,97.028673868436,95.97650221414777,94.93574023027912,93.9062641912207,92.88795171303431,91.8806817389041,90.88433452474516,89.89879162496847,88.92393587840007,87.959651394353,87.00582353885018,86.06233892099681,85.12908537950038,84.20595196933708,83.29282894856254,82.38960776526588,81.49618104466491,80.61244257634155,79.73828730161553,78.873611301055,78.01831178212265,77.1722870669557,76.33543658027848,75.5076608374461,74.68886143261764,73.87894102705776,73.07780333756503,72.28535312502586,71.50149618309246,70.72613932698353,69.95919038240665,69.20055817460042
1,83.0,90.4,73.39,85.31,76.63,67.31,68.91,72.6,69.48,69.45,67.56,54.36,55.9,53.35,46.01,51.22,51.53,50.94,51.97,43.51,41.08,47.03,39.01,42.82,39.6,39.75,40.73,36.92,31.65,32.15,35.36,32.52,32.55,34.94,29.81,27.89,24.65,25.83,23.84,20.35,23.15,23.66,26.48,23.99,23.48,23.16,22.91,22.41,21.71,21.7,21.41,20.58,19.9,19.53,19.3,19.17,18.97,18.62,18.47,18.23,17.96,17.68,17.08,16.76,16.85,16.87,16.99,16.82,16.44,16.16,15.66,15.38,15.48,15.12,14.81,14.83,14.86,15.03,14.81,14.51,14.03,13.79,13.51,13.22,13.38,13.1,12.81,12.9,12.97,12.85,13.07,12.99,12.48,12.33,12.244364195462532,12.159323159053109,12.074872759916323,11.991008895886884,11.907727493290356,11.825024506745274,11.742895918966653,11.661337740570834,11.580346009881708,11.49991679273828,11.420046182303562,11.340730298874803,11.26196528969503,11.18374732876591,11.106072616661885,11.028937380345635,10.952337872984787,10.876270373769927,10.80073118773385,10.725716645572092,10.651223103464673,10.577246942899121,10.50378457049469,10.430832417827816,10.358386941258782,10.286444621759587,10.215001964743001,10.144055499892833,10.073601780995345,10.003637385771855,9.934158915712516,9.865162995911211,9.796646274901631,9.72860542449448,9.661037139615797,9.593938138146425,9.527305160762577,9.461134970777511,9.395424353984314,9.330170118499776,9.265369094609332,9.201018134613108,9.137114112673007,9.073653924660892,9.010634488007778,8.94805274155412,8.885905645401106,8.82419018076299,8.762903349820473,8.702042175575059,8.641603701704472,8.581584992419037,8.52198313231908,8.462795226253315,8.404018399178211,8.345649796018332,8.28768658152766,8.23012594015187,8.172965075891563,8.116201212166454,8.059831591680497,8.003853476287954,7.948264146860385,7.893060903154571,7.838241063681345,7.783801965575346,7.729740964465665,7.676055434347398,7.622742767454085,7.569800374131045,7.517225682709573,7.465016139382036,7.413169208077805,7.361682370340083,7.3105531252035565,7.259778989072924,7.209357495602246,7.159286195575147,7.109562656785847,7.060184463921015,7.0111492184424415,6.962454538470539,6.914098058668636,6.866077430128082,6.818390320254151,6.771034412652737
2,53.75,47.56,46.24,45.19,50.89,43.08,45.17,43.91,47.03,44.25,38.66,34.18,39.43,31.36,29.64,31.23,30.71,32.35,31.62,27.96,25.45,27.77,25.45,23.11,25.69,23.58,28.24,18.47,18.72,19.17,20.2,18.22,17.9,17.31,16.44,16.0,14.6,12.1,13.97,13.31,13.86,16.66,18.87,17.75,15.74,15.19,15.02,14.66,14.29,13.93,13.56,13.25,12.85,12.51,12.32,12.1,11.95,11.86,11.68,11.48,11.36,11.31,11.18,10.99,10.88,10.79,10.64,10.5,10.45,10.42,10.24,10.09,9.94,9.89,9.91,9.79,9.66,9.52,9.3,9.22,9.14,8.97,8.77,8.66,8.61,8.56,8.51,8.35,8.28,8.29,8.2,8.12,8.03,7.94,7.871377906543074,7.803348885089979,7.735907809967857,7.669049599802898,7.602769217137473,7.5370616680505895,7.471922001781625,7.407345310357303,7.343326728221904,7.279861431870672,7.216944639486377,7.154571610579035,7.09273764562873,7.031438085731527,6.9706683122484465,6.910423746457472,6.850699849208559,6.7914921205816405,6.732796099547568,6.674607363632004,6.6169215285822,6.559734248036669,6.503041213197705,6.4468381525067375,6.391120831322481,6.3358850516018865,6.281126651583831,6.226841505475546,6.173025523141767,6.119674649796551,6.066784865697769,6.014352185844246,5.962372659675497,5.910842370774077,5.859757436570497,5.809114008050692,5.7589082694660085,5.709136438045711,5.659794763711969,5.6108795287973,5.562387047764469,5.514313666928791,5.466655764182847,5.419409748723578,5.372572060781728,5.326139171353638,5.280107581935349,5.234473824259001,5.189234460031529,5.144386080675586,5.099925307072737,5.055848789308846,5.012153206421688,4.968835266150718,4.925891704689023,4.883319286437402,4.841114803760586,4.799275076745553,4.757796952961934,4.7166773072245,4.675913041357683,4.635501083962153,4.595438390183396,4.555721941482299,4.516348745407719,4.477315835371014,4.4386202704225255,4.400259135029988,4.362229538858865,4.3245286165545656,4.287153527526561,4.250101455734354,4.2133696094753095,4.176955221174303,4.1408555471752075,4.105067867534164,4.069589485814649,4.03441772888431,3.9995499467135565,3.9649835121758965,3.9307158208499886,3.8967442908234164,3.8630663624981487,3.829679498397688,3.7965811829758844,3.7637689224273987
3,40.65,39.75,36.88,41.89,40.19,37.91,31.56,35.62,36.49,32.5,33.29,26.7,27.34,21.95,25.09,21.9,21.11,22.43,22.61,18.51,17.02,16.16,21.92,20.36,19.27,15.14,19.38,16.28,11.06,15.6,11.43,10.43,11.04,13.51,12.71,12.49,11.77,10.86,8.59,12.48,11.22,11.46,10.09,12.81,11.07,10.17,9.94,9.82,9.59,9.41,9.25,9.0,8.75,8.48,8.35,8.22,8.08,8.09,8.0,7.83,7.72,7.69,7.58,7.47,7.44,7.35,7.18,7.11,7.04,6.99,6.86,6.75,6.72,6.7,6.61,6.45,6.44,6.36,6.18,6.17,6.15,5.95,5.75,5.71,5.74,5.68,5.54,5.47,5.48,5.49,5.5,5.41,5.24,5.15,5.097113931550478,5.044770957515721,4.992965500783422,4.941692041513415,4.890945116549543,4.840719318837562,4.791009296849024,4.741809754011071,4.693115448142091,4.644921190893168,4.597221847195263,4.550012334712076,4.503287623298531,4.457042734464812,4.411272740845908,4.3659727656766085,4.321137982271885,4.276763613512611,4.232844931336561,4.189377256234642,4.146355956752293,4.103776448996004,4.061634196144908,4.019924707967385,3.9786435403426297,3.9377862947871325,3.8973486179860246,3.857326201329236,3.8177147804524134,3.7785101347825565,3.7397080870883186,3.7013045030349234,3.663295290743655,3.6256764003558715,3.588443823601495,3.5515935933719303,3.515121783297376,3.479024507328469,3.4432979193222275,3.4079382126322524,3.372941619703123,3.338304411668975,3.3040228979561843,3.2700934258901455,3.2365123803060754,3.2032761831638243,3.170381293166634,3.137824205383819,3.1056014508773147,3.0737095963320646,3.042145243690206,3.010905029789004,2.9799856260025117,2.9493837378869077,2.9190961048294715,2.889119499701171,2.8594507285128126,2.8300866300747214,2.8010240756599236,2.772259968670775,2.743791244309029,2.715614869249276,2.6877278413157497,2.6601271891624463,2.632809971956527,2.605773279064978,2.5790142297444794,2.552529972834468,2.526317686453345,2.500374577697809,2.4746978823452705,2.449284864559328,2.4241328165982674,2.3992390585265486,2.3746009379292663,2.3502158296295326,2.326081135408768,2.3021942837298606,2.2785527294631738,2.255153953615361,2.2319954630609695,2.2090747902768015,2.186389493078997,2.163937154362823,2.141715381845134,2.119721807809473
4,39.24,31.26,33.17,25.03,30.73,27.48,28.88,26.12,26.89,26.05,21.89,25.49,23.15,21.5,15.45,21.8,20.1,18.52,17.87,16.94,16.64,18.3,16.34,13.01,11.58,12.83,14.53,12.46,9.22,10.23,10.2,11.4,10.89,7.34,11.78,8.14,11.52,11.04,7.59,8.11,5.73,10.49,8.56,10.9,8.87,8.01,7.78,7.67,7.45,7.35,7.23,7.06,6.95,6.84,6.79,6.66,6.53,6.54,6.39,6.15,6.06,6.04,6.01,5.99,5.96,5.86,5.7,5.61,5.46,5.32,5.26,5.2,5.16,5.12,5.01,4.9,4.87,4.77,4.75,4.8,4.77,4.65,4.61,4.65,4.6,4.37,4.23,4.24,4.26,4.27,4.27,4.19,4.02,3.94,3.8752573506882584,3.8115785619450198,3.7489461522597005,3.687342927380423,3.6267519755937427,3.5671566630819327,3.508540629356563,3.4508877827671136,3.394182296083392,3.338408602150537,3.2835513896154263,3.2295955987233067,3.1765264171834873,3.1243292761029813,3.0729898459869553,3.0224940328049055,2.972827974121474,2.923978035290844,2.8759308057136685,2.8286730951555077,2.7821919301257583,2.7364745503160908,2.6915084050974056,2.6472811500743534,2.603780643696473,2.560994943925016,2.5189123049545383,2.4775211739883702,2.436810188067065,2.396768170948967,2.35738413004204,2.3186472533861067,2.2805469066846826,2.2430726303855804,2.206214136809484,2.169961307325712,2.1343041895743826,2.0992329947342316,2.0647380948353193,2.0308100201158985,1.997439456422717,1.964617242654034,1.9323343682446557,1.9005819706922977,1.8693513331245946,1.8386338819060863,1.8084211842845301,1.778704946075886,1.7494770093873449,1.7207293503777714,1.692454077054947,1.664643427109009,1.6372897657814927,1.6103855837693875,1.5839234951636345,1.5578962354215007,1.5322966593722682,1.5071177392556967,1.4823525627927177,1.4579943312878318,1.4340363577626858,1.410472065120321,1.387294984339587,1.3644987526992225,1.3420771120311223,1.3200239070023037,1.2983330834251043,1.2769986865951488,1.256014859656625,1.2353758419944205,1.215075967652684,1.1951096637793686,1.1754714490963378,1.1561559323946098,1.137157811054327,1.118471869589048,1.100092978213959,1.0820160914376098,1.064236246676796,1.0467485628941968,1.029548239258403,1.0126305538259595,0.9959908622450687,0.9796245964805937,0.9635272635600101,0.9476944443399675
5,30.88,26.93,29.81,26.18,25.5,25.52,25.01,23.98,26.91,23.45,23.41,21.9,17.41,13.72,17.68,16.41,16.54,15.97,14.34,12.81,13.17,12.81,14.13,9.91,11.28,12.41,11.63,14.24,11.35,10.3,11.51,11.19,8.89,9.61,7.55,10.79,9.82,8.1,8.55,6.6,6.85,8.19,10.74,10.15,7.77,7.01,6.92,6.78,6.57,6.48,6.37,6.25,6.15,6.11,5.99,5.79,5.73,5.6,5.3,5.15,5.15,5.13,5.04,4.94,4.92,4.9,4.81,4.72,4.64,4.56,4.57,4.5,4.37,4.32,4.35,4.38,4.27,4.16,4.21,4.18,3.98,3.87,3.9,3.94,3.89,3.66,3.52,3.54,3.55,3.56,3.57,3.58,3.49,3.32,3.263640169673001,3.208237095513017,3.1537745357684694,3.100236524405361,3.0476073664267314,2.995871633271574,2.9450141582918588,2.895020032306335,2.845874599229815,2.7975634517766497,2.750072427237148,2.703387603325689,2.65749529409932,2.6123820459456346,2.5680346336387685,2.5244400564623417,2.481585534398216,2.4394585043799575,2.398046616609895,2.3573377309387,2.31731991330643,2.2779814322439824,2.239310755433945,2.201296546329824,2.1639276608326683,2.127193144024105,2.091082226954842,2.0555843234876803,2.0206890271941247,1.9863861083036765,1.9526655107049105,1.9195173489974673,1.8869319055940854,1.8548996278718315,1.8234111253716903,1.792457167045693,1.762028678550781,1.7321167395886037,1.7027125812904806,1.6738075836467528,1.6453932729797722,1.6174613194597949,1.5900035346630366,1.563011869171188,1.536478410211678,1.5103953793379952,1.4847551301493889,1.4595501460492806,1.4347730380417252,1.4104165425652841,1.3864735193636661,1.3629369493925176,1.3397999327617465,1.3170556867127778,1.294697543630145,1.2727189490868387,1.2511134599228355,1.2298747423562466,1.20899657012653,1.1884728226692243,1.168297483321668,1.1484646375591772,1.1289684712611674,1.1098032690067061,1.0909634123990055,1.0724433784183516,1.0542377378029986,1.036341153457548,1.0187483788883451,1.0014542566654376,0.9844537169106441,0.9677417758112865,0.9513135341591563,0.9351641759142805,0.9192889667930707,0.9036832528804383,0.888342459265471,0.8732620887002689,0.8584377202815497,0.8438650081546328,0.8295396802394261,0.8154575369780385,0.8016144501036545,0.7880063614303074,0.7746292816631967,0.7614792892292018
6,32.53,26.27,29.38,25.92,20.01,20.35,23.62,22.83,21.22,24.43,20.25,18.48,17.0,16.9,17.26,13.1,14.91,14.53,13.64,17.25,13.62,11.49,14.07,11.35,14.27,10.12,11.21,12.18,10.52,10.79,9.75,9.39,7.36,11.32,8.84,7.28,7.42,9.83,10.07,6.55,6.35,7.73,7.0,9.26,7.22,6.47,6.39,6.29,6.2,6.12,6.02,5.91,5.72,5.61,5.42,5.15,5.1,4.96,4.75,4.68,4.68,4.68,4.59,4.5,4.48,4.46,4.37,4.28,4.26,4.25,4.25,4.18,4.12,4.13,4.08,4.03,3.99,3.88,3.84,3.73,3.53,3.49,3.53,3.48,3.43,3.38,3.32,3.34,3.35,3.37,3.29,3.22,3.22,3.14,3.107883197426305,3.0760948945365456,3.0446317313436215,3.013490382227325,2.982667555582827,2.9521599934727574,2.9219644712828448,2.8920777973810794,2.862496812780361,2.833218390804597,2.8042394367582175,2.775556887599066,2.747167711614646,2.7190689081016663,2.691257507048872,2.6637305688231194,2.636485183858658,2.609518472349594,2.5828275839454977,2.5564096974501247,2.5302620205232187,2.504381789385364,2.4787662685258587,2.453412750413572,2.428318555210763,2.403481030489826,2.3788975509529267,2.354565518154518,2.3304823602266844,2.306645531607296,2.2830525127709493,2.2597008099626557,2.2365879549342513,2.21371150468351,2.191069041195918,2.168658171189095,2.146476525859824,2.1245217606336744,2.10279155491718,2.0812836118525597,2.0599956580749366,2.038925443472051,2.018070740946422,1.9974293461799482,1.9769990774009143,1.9567777751533786,1.9367633020689214,1.9169535426407287,1.897346402999984,1.8779398106945508,1.858731714469914,1.8397200840523675,1.8209029099344145,1.8022782031623668,1.783843995126112,1.7655983373510367,1.7475393012920726,1.7296649781298525,1.7119734785689507,1.6944629326381861,1.677131489492968,1.6599773172196648,1.6429986026419714,1.6261935511292616,1.6095603864068937,1.5930973503684636,1.576802702889973,1.5606747216459012,1.5447117019271566,1.528911956460892,1.5132738152321605,1.497795625307398,1.4824757506597097,1.4673125719959428,1.4523044865855306,1.437449908091085,1.4227472664007226,1.408195007462106,1.3937915931181812,1.3795355009445975,1.3654252240887883,1.351459271110698,1.33763616582514,1.323954447145764,1.310412668930622,1.297009399829312
7,26.12,24.18,27.47,23.91,27.65,24.96,17.12,24.41,26.06,16.03,20.86,19.45,15.1,16.22,14.11,10.14,12.59,17.63,13.53,12.62,13.37,11.43,10.36,10.04,8.62,9.3,9.5,10.87,7.52,7.39,8.3,7.27,11.19,8.61,9.57,7.58,8.0,7.9,5.27,7.62,8.32,7.99,5.37,10.78,6.98,6.2,6.13,6.04,5.94,5.91,5.82,5.71,5.46,5.26,5.15,4.88,4.76,4.78,4.64,4.51,4.51,4.51,4.51,4.42,4.33,4.31,4.22,4.13,4.11,4.1,4.09,4.09,4.1,4.03,3.9,3.84,3.87,3.75,3.64,3.52,3.4,3.44,3.48,3.35,3.23,3.26,3.28,3.3,3.32,3.26,3.1,3.03,3.04,3.04,3.0106235969704924,2.98153106665643,2.952719665913306,2.9241866781044172,2.8959294128447093,2.8679452057471004,2.8402314181712547,2.8127854369747847,2.7856046742668568,2.7586865671641783,2.7320285775493414,2.7056281918315053,2.679482920709387,2.6535902989365447,2.627947885088929,2.602553261334681,2.5774040332061525,2.552497829374132,2.527832301424251,2.503405123635552,2.4792139927611925,2.4552566278112757,2.4315307698377713,2.4080341817215203,2.3847646479612963,2.361719974464904,2.3388979883422985,2.3162965377007043,2.2939134914417076,2.2717467390603208,2.249794190445977,2.2280537756854555,2.2065234448677082,2.1852011678905727,2.1640849342693547,2.143172752947255,2.1224626521076373,2.1019526789881007,2.081640899696355,2.0615253990278726,2.041604280285304,2.0218756650996363,2.0023376932530836,1.9829885225036832,1.9638263284115927,1.9448493041670605,1.9260556604200645,1.9074436251115894,1.8890114433065424,1.8707573770282777,1.8526797050947228,1.8347767229560872,1.8170467425341408,1.7994880920630432,1.7820991159317132,1.7648781745277202,1.7478236440826849,1.7309339165191728,1.7142073992990705,1.6976425152734214,1.6812377025337177,1.664991414264628,1.6489021185981452,1.6329682984691491,1.61718845147236,1.6015610897206767,1.5860847397048834,1.5707579421547115,1.5555792519012455,1.5405472377406566,1.5256604822992537,1.510917581899841,1.496317146429361,1.4818577992078243,1.4675381768584992,1.45335692917936,1.4393127190157742,1.4254042221344243,1.4116301270984433,1.3979891351437597,1.384479960056636,1.3711013280523925,1.3578519776553002,1.344730659579637,1.3317361366118914,1.3188671834941053
8,24.92,26.72,23.92,24.53,20.23,19.87,20.5,25.67,19.29,19.53,20.35,15.7,17.32,18.99,16.2,11.83,17.73,13.58,12.14,11.78,11.34,9.65,10.32,12.41,8.95,12.35,12.51,11.96,10.53,10.96,9.65,10.72,7.5,6.75,7.32,5.87,8.06,7.51,5.02,8.88,6.64,6.94,9.04,7.66,6.95,6.22,6.12,5.98,5.83,5.79,5.75,5.58,5.33,5.22,5.17,4.98,4.87,4.82,4.61,4.48,4.49,4.5,4.5,4.42,4.26,4.17,4.15,4.13,4.12,4.1,4.09,4.08,4.08,4.01,3.87,3.81,3.83,3.78,3.74,3.62,3.43,3.39,3.43,3.39,3.26,3.21,3.24,3.27,3.29,3.23,3.08,3.01,3.02,3.02,2.9852978448504084,2.950994444525991,2.9170852170228367,2.8835656329878345,2.8504312151136704,2.817677537540785,2.7853002252661954,2.753294953559116,2.7216574473832895,2.6903834808259592,2.6594688765334022,2.628909505152948,2.5987012847814066,2.568840180419841,2.539322203434598,2.5101434110245346,2.4812999056943696,2.45278783473408,2.424603389704288,2.3967428059275506,2.369202361985509,2.3419783792218003,2.315067221250693,2.288465293471363,2.2621690425877543,2.2361749561339517,2.2104795620050135,2.1850794279931924,2.1599711613294836,2.1351514082304437,2.110616853450218,2.0863642198377104,2.0623902678988477,2.0386917953638695,2.0152656367595925,1.9921086629865883,1.969217780901222,1.9465899329024905,1.924222096523611,1.9021112840283012,1.8802545420116987,1.8586489510058661,1.8372916250898292,1.8161797115040963,1.7953103902696075,1.7746808738110613,1.7542884065845696,1.7341302647095933,1.714203755605105,1.6945062176299324,1.6750350197272363,1.6557875610730726,1.6367612707289927,1.6179536072986347,1.5993620585882644,1.5809841412712111,1.5628174005561657,1.5448594098592838,1.5271077704800642,1.509560111280943,1.4922140883705766,1.4750673847907612,1.4581177102069494,1.4413628006023238,1.4248004179753861,1.4084283500410202,1.3922444099349913,1.3762464359218403,1.3604322911061342,1.3447998631470348,1.329347063976148,1.3140718295186133,1.2989721194174004,1.2840459167607725,1.269291227812881,1.2547060817474576,1.2402885303845648,1.226036647930371,1.2119485307199191,1.1980222969628453,1.1842560864920257,1.170648060515107,1.1571964013688938,1.1438993122765584,1.1307550171076404,1.1177617601408032
9,23.44,23.22,25.12,22.21,19.23,16.87,17.48,20.49,18.44,17.67,20.57,15.75,17.32,15.2,17.16,16.18,13.84,13.16,12.3,13.12,8.78,13.63,11.68,11.33,9.47,14.17,10.95,10.29,8.02,11.34,10.65,8.74,7.64,10.38,8.02,7.3,8.3,4.14,5.56,8.6,5.28,8.48,7.53,11.27,6.95,6.33,6.2,6.04,5.9,5.81,5.77,5.66,5.49,5.38,5.28,5.15,5.04,4.85,4.65,4.6,4.61,4.55,4.48,4.48,4.4,4.32,4.3,4.29,4.27,4.18,4.09,4.07,4.07,4.06,4.0,3.93,3.95,3.89,3.84,3.8,3.68,3.65,3.53,3.42,3.38,3.33,3.36,3.31,3.26,3.28,3.22,3.15,3.16,3.09,3.058804474126045,3.0279238870334986,2.997355059213978,2.9670948432582693,2.937140123532269,2.9074878158561903,2.8781348671870157,2.849078255304147,2.820314988498237,2.7918421052631563,2.763656673991074,2.7357557926706155,2.708136588588066,2.6807962180315927,2.653731865998452,2.626940745905153,2.600420099300548,2.5741671955818157,2.548179331713318,2.5224538319482885,2.4969880475533373,2.47177935653573,2.446825163373427,2.422122898747841,2.3976700192793015,2.3734640072651807,2.349502370420669,2.3257826416221654,2.3023023786532595,2.279059163953277,2.256050604368365,2.2332743309050884,2.2107279984865156,2.188409285710767,2.166315894611999,2.1444455504238022,2.122796001344989,2.1013650183077446,2.0801503947481192,2.0591499463788367,2.0383615109643984,2.0177829480984557,1.9974121389834296,1.9772469862123587,1.9572854135529456,1.9375253657337852,1.917964808232752,1.8986017270675224,1.879434128588212,1.8604600392721056,1.8416775055204644,1.8230845934573754,1.8046793887306414,1.7864599963146741,1.7684245403153795,1.7505711637770154,1.7328980284909943,1.7154033148066201,1.6980852214437343,1.6809419653072524,1.6639717813035766,1.6471729221588558,1.6305436582390873,1.614082277372029,1.5977870846709121,1.581656402359934,1.5656885696015115,1.5498819423252788,1.5342348930588114,1.5187458107600604,1.5034131006514762,1.4882351840558075,1.4732104982335605,1.4583374962220954,1.4436146466763495,1.4290404337111677,1.4146133567452244,1.400331930346523,1.3861946840794517,1.372200162353387,1.358346924272824,1.3446335434890182,1.3310586080531286,1.3176207202708399,1.3043184965584553,1.29115056730044
10,24.25,23.03,20.97,25.39,23.57,19.49,16.25,21.33,20.75,18.95,18.18,17.08,17.14,12.7,19.61,12.46,16.93,14.34,13.14,13.79,15.34,10.01,9.22,11.89,11.53,12.04,7.05,11.7,7.8,8.8,8.75,9.45,7.85,10.84,10.06,7.48,6.03,9.51,7.05,7.24,3.34,7.09,7.37,6.68,6.93,6.58,6.44,6.31,6.15,6.01,5.92,5.88,5.85,5.76,5.65,5.47,5.28,5.1,4.91,4.86,4.88,4.82,4.68,4.62,4.62,4.61,4.6,4.58,4.57,4.47,4.31,4.22,4.21,4.2,4.2,4.2,4.21,4.15,4.02,3.98,4.01,4.05,3.86,3.67,3.71,3.75,3.63,3.43,3.38,3.41,3.43,3.45,3.38,3.23,3.189012107774077,3.1485443416500503,3.108590101357762,3.0691428703828323,3.0301962149038197,2.9917437827428675,2.953779302329666,2.916296581678567,2.87928950737867,2.8427520435967297,2.806678231092716,2.771062186247864,2.7358981001050595,2.7011802374214025,2.666902935732789,2.63306060443037,2.599647723848725,2.566658844365605,2.5340885855131066,2.5019316351001186,2.4701827483459047,2.4388367470246863,2.407888518621074,2.3773330154962204,2.3471652540645525,2.3173803139809523,2.2879733373382507,2.2589395278749054,2.230274150192734,2.2019725289845726,2.1740300482717356,2.146442150651154,2.119204336552062,2.0923121635021222,2.0657612454028613,2.039547251814298,2.0136659072486505,1.9881129904730088,1.9628843338208524,1.9379758225123072,1.913383393983026,1.8891030372215873,1.8651307921153017,1.84146274880432,1.818095047043935,1.7950238755749812,1.772245471502218,1.7497561196806042,1.7275521521093602,1.7056299473337198,1.6839859298542705,1.6626165695437947,1.641518381071505,1.6206879233345919,1.600121798896978,1.5798166534352012,1.559769175191325,1.539976094432793,1.5204341829191368,1.5011402533754532,1.4820911589725592,1.4632837928137479,1.4447150874280545,1.4263820142699537,1.4082815832254052,1.3904108421241685,1.3727668762583047,1.35534680790679,1.3381477958661612,1.3211670349871152,1.3044017557169931,1.2878492236480668,1.2715067390715573,1.2553716365373162,1.2394412844190894,1.2237130844853035,1.2081844714752925,1.1928529126809078,1.1777159075334331,1.1627709871957441,1.1480157141596423,1.1334476818482981,1.119064514223741,1.104863865399327,1.0908434192571275,1.0770008890701714
11,26.18,26.61,26.87,25.26,29.92,21.27,20.33,22.86,20.99,21.0,17.85,17.38,19.8,17.94,14.83,16.94,15.82,17.16,14.31,11.86,13.76,16.04,12.48,9.7,13.87,13.84,11.97,9.09,10.31,9.63,8.21,11.54,6.55,10.01,11.3,8.42,7.72,9.79,8.5,5.34,7.95,9.18,11.39,7.95,7.36,7.39,7.1,6.84,6.66,6.57,6.5,6.43,6.39,6.3,6.23,6.06,5.82,5.7,5.59,5.47,5.43,5.45,5.32,5.18,5.19,5.12,5.04,5.03,4.94,4.84,4.75,4.66,4.64,4.63,4.62,4.61,4.62,4.56,4.43,4.38,4.4,4.37,4.26,4.22,4.27,4.24,4.05,3.93,3.97,3.93,3.88,3.91,3.76,3.62,3.564906818357971,3.5106521059599864,3.457223102049592,3.404607240077703,3.3527921447469384,3.30176562910094,3.2515156916579935,3.2020305135882636,3.1532984559339985,3.105308056872037,3.0580480290179737,3.011507256771361,2.9656747937013073,2.920539859971867,2.8760918398066138,2.832320278991801,2.7892148824175194,2.7467655116562817,2.7049621825784524,2.6637950630039735,2.6232544703898246,2.5833308695526833,2.5440148704262393,2.5052972258526434,2.467168829407568,2.4296207132583683,2.3926440460548375,2.35623013085207,2.3203704030649273,2.2850564284536445,2.2502799011400856,2.2160326416541962,2.182306595010185,2.1490938288119823,2.116386531387534,2.0841770099514902,2.0524576887958554,2.021221107508173,1.9904599192168329,1.960166888863078,1.9303348914993141,1.9009569106133146,1.8720260364779304,1.8435354645259177,1.815478493749495,1.7878485251242633,1.7606390600571074,1.733843698857721,1.707456139233396,1.6814701748067153,1.6558796936558091,1.6306786768768236,1.6058611971682715,1.5814214174369239,1.5573535894249215,1.5336520523577797,1.510311231612968,1.4873256374087553,1.4646898635130072,1.4423985859716368,1.4204465618564044,1.398828628031777,1.3775396999405545,1.3565747704079767,1.3359289084640318,1.3155972581836872,1.295575037544773,1.2758575373032444,1.256440119885565,1.2373182182979439,1.2184873350521757,1.1999430411078271,1.1816809748305226,1.1636968409660837,1.1459864096302825,1.1285455153139683,1.1113700559033355,1.094455991715105,1.0777993445463847,1.061396196738994,1.0452426902580272,1.029335025784439,1.0136694618214432,0.9982423138145075,0.9830499532847444,0.9680888069754889
12,26.86,25.15,27.61,27.13,24.48,20.18,22.93,22.06,22.54,18.61,18.21,22.39,20.59,24.14,19.84,19.37,19.52,16.07,17.9,16.05,19.16,11.76,15.51,15.22,16.8,11.78,13.52,9.85,10.07,11.04,10.64,11.21,10.95,10.48,8.28,9.61,10.2,10.01,11.51,9.7,8.47,12.61,9.5,6.87,8.39,8.59,8.26,7.97,7.78,7.63,7.48,7.31,7.18,7.09,6.96,6.84,6.75,6.66,6.61,6.51,6.4,6.43,6.31,6.11,6.05,5.99,5.84,5.76,5.68,5.58,5.56,5.54,5.51,5.49,5.4,5.32,5.32,5.25,5.12,4.99,4.94,4.9,4.87,4.84,4.81,4.79,4.69,4.66,4.71,4.67,4.55,4.51,4.46,4.4,4.358262736143896,4.316921381195563,4.275972179665332,4.235411411687139,4.1952353926806065,4.155440473016339,4.11602303768438,4.076979505965826,4.038306331107548,3.9999999999999996,3.962057032858087,3.9244739829050572,3.8872474360593925,3.8503740106246704,3.813850356982369,3.7776731572875804,3.7418391251676177,3.706345005423478,3.6711875737341337,3.636363636363636,3.601870029870988,3.567703620822779,3.533861305508538,3.500340009658791,3.4671366881657892,3.4342483248068905,3.401671931970561,3.3694045503849797,3.3374432488492123,3.305785123966941,3.2744272998827157,3.2433669280207074,3.2126011868259434,3.1821272815079915,3.151942443787081,3.122043931642627,3.0924290290641463,3.0630950458045265,3.0340393171356475,3.0052592036063097,2.976752090802468,2.9485153891097333,2.9205465334781295,2.892842983189083,2.8654022216246187,2.838221756038752,2.8112991173310413,2.7846318598222966,2.7582175610324065,2.732053821460281,2.70613826436588,2.680468535554303,2.655042303161936,2.62985725744462,2.604911110567835,2.5802015963988647,2.555726470300947,2.53148350892936,2.50747051002946,2.483685292236619,2.4601256948780725,2.4367895777766386,2.413674821056305,2.3907793249496545,2.368101009607122,2.345637814908059,2.3233877002735874,2.3013486444812363,2.2795186454813265,2.257895720215108,2.236477904434611,2.215263252524217,2.1942498373239134,2.173435749954231,2.152819099642838,2.1323980135527805,2.112170636612352,2.092135131346578,2.072289677710297,2.052632472922825,2.0331617313041916,2.013875684112924,1.9947725793853757,1.9758506817765737,1.95710827240258,1.9385436486843457
13,32.08,29.36,28.84,25.42,30.44,24.69,33.88,33.27,22.05,27.0,27.71,21.8,24.0,21.12,21.97,22.0,19.87,20.77,16.82,16.09,20.29,20.97,18.75,14.04,17.7,19.33,16.32,11.65,13.64,9.76,8.63,10.11,13.65,10.91,10.69,8.48,12.18,11.96,13.82,9.75,10.16,13.15,11.96,9.38,9.91,10.0,9.69,9.43,9.26,9.03,8.83,8.64,8.49,8.32,8.12,8.08,8.06,7.87,7.71,7.67,7.57,7.54,7.43,7.24,7.19,7.14,7.0,6.93,6.92,6.91,6.81,6.71,6.68,6.65,6.56,6.46,6.38,6.31,6.24,6.11,6.06,6.01,5.98,5.95,5.86,5.77,5.6,5.51,5.49,5.39,5.29,5.25,5.22,5.17,5.097859957124349,5.026726526586436,4.956585662533802,4.88742351510401,4.819226427689877,4.751980934242872,4.685673756614138,4.620291801932618,4.555822160019768,4.492252100840335,4.429569071988719,4.367760696210397,4.306814768957941,4.24671925598113,4.187462290950699,4.129032173115234,4.07141736499077,4.014606490082627,3.9585883306390244,3.903351825436055,3.8488860675935586,3.7951803024214708,3.7422239252962273,3.6900064795667964,3.6385176544899345,3.5877472831942447,3.5376853406726525,3.4883219418028872,3.4396473393955884,3.391651922269647,3.3443262133544023,3.2976608678183195,3.2516466712237797,3.2062745377076194,3.1615355081870513,3.1174207485906287,3.073921548113884,3.0310293174993146,2.9887355873403676,2.947032006409088,2.905910340007102,2.865362468339615,2.8253803849120906,2.785956194949309,2.7470821138364796,2.7087504655821086,2.670953681302315,2.633684297726295,2.5969349557226384,2.5606983988462155,2.52496747190533,2.489735119548875,2.4549943848731943,2.4207384080483907,2.3869604249637977,2.3536537658923526,2.320811854173608,2.288428204915116,2.256496423711939,2.225010205384022,2.193963332731186,2.1633496753054926,2.1331631882007414,2.1033979108588534,2.074047965892913,2.0451075579266322,2.0165709724500087,1.9884325746909495,1.9606868085026425,1.9333281952664523,1.9063513328101223,1.8797508943410746,1.8535216273945934,1.8276583527966839,1.8021559636414046,1.7770094242824683,1.7522137693389146,1.7277641027146564,1.7036555966317075,1.6798834906769,1.656443090861904,1.633329768696362,1.6105389602739573,1.588066165371236,1.5659069465590016,1.5440569283261107
14,35.4,36.93,35.81,36.13,37.03,30.41,34.76,31.45,28.22,30.68,32.63,25.37,27.61,29.85,25.65,27.91,24.44,25.47,23.05,19.65,24.21,23.16,21.24,20.02,18.95,19.45,20.54,14.22,14.42,12.79,12.76,13.08,13.02,13.34,9.75,14.51,10.85,14.18,10.84,13.78,9.96,10.99,18.37,12.49,12.29,12.16,11.76,11.48,11.17,10.89,10.68,10.45,10.29,10.1,9.9,9.86,9.72,9.49,9.31,9.17,9.06,8.98,8.88,8.78,8.75,8.63,8.5,8.52,8.45,8.36,8.27,8.17,8.14,8.03,7.93,7.89,7.8,7.64,7.49,7.43,7.45,7.33,7.22,7.27,7.18,7.02,6.87,6.79,6.78,6.62,6.54,6.52,6.42,6.39,6.308084508672097,6.227219118708748,6.147390368518523,6.068584969078522,5.990789801722154,5.913991915955291,5.838178527300405,5.763337015168352,5.689454920757428,5.616519944979369,5.544519946411928,5.473442939277705,5.403277091448883,5.334010722477547,5.265632301651248,5.198130446073496,5.131493918768858,5.065711626812349,5.000772619482802,4.936666086439915,4.8733813559246535,4.810907892982743,4.749235297710918,4.688353303525659,4.6282517754541255,4.568920708446996,4.510350225712933,4.452530577074405,4.395452137344583,4.339105404725043,4.283480999224009,4.228569661094875,4.1743622492947425,4.120849739962719,4.068023224917726,4.015873910175558,3.964393114484958,3.9135722678824565,3.8634029102657355,3.8138766899852867,3.7649853624541167,3.7167207887752767,3.6690749343869893,3.622039867725142,3.575607758902927,3.5297708784074042,3.4845215958127778,3.4398523785101656,3.395755790453653,3.3522244909224197,3.309251233298736,3.266828863861627,3.2249503205959926,3.1836086320170107,3.142796916009589,3.1025083786827126,3.062736313238467,3.023474098855566,2.9847151995871872,2.9464531632729396,2.9086816204647774,2.8713942833666852,2.834584944787951,2.798247477109863,2.7623758312656506,2.726964035733499,2.6920061955424774,2.657496491291207,2.623429178179111,2.589798585050081,2.556599113448409,2.523825236686812,2.4914714989264115,2.459532514268505,2.42800296585798,2.396877604998221,2.366151250277364,2.335818786705752,2.305875164864446,2.2763154000646524,2.2471345715179285,2.2183278215170197,2.189890354627204,2.1618174368879988,2.134104395025103,2.1067466156724395
15,42.4,43.65,45.18,43.3,39.07,43.42,39.9,37.49,41.86,42.61,46.44,34.45,36.59,33.41,31.98,34.98,30.31,29.29,26.49,25.4,25.98,28.92,24.95,29.08,23.47,25.2,28.03,21.17,25.66,17.35,17.23,13.28,16.47,14.83,18.15,14.94,17.99,20.42,13.53,16.94,18.29,14.74,20.24,16.96,16.07,15.55,15.08,14.72,14.31,13.9,13.55,13.26,13.02,12.77,12.57,12.42,12.28,12.14,11.99,11.73,11.6,11.5,11.29,11.07,10.98,10.88,10.77,10.72,10.59,10.52,10.44,10.34,10.31,10.2,9.94,9.75,9.71,9.61,9.38,9.23,9.24,9.05,8.87,8.91,8.82,8.67,8.6,8.54,8.56,8.5,8.43,8.36,8.28,8.28,8.219503790186456,8.159449584165401,8.099834152522078,8.040654289436826,7.98190681251268,7.923588562604236,7.865696403647774,7.808227222492616,7.75117792873371,7.694545454545451,7.638326754516703,7.582518805487036,7.5271186063841515,7.472123178062503,7.417529563143094,7.363334825854438,7.309536051874696,7.256130348174953,7.203114842863647,7.150486685032133,7.098243044601379,7.046381112169768,6.994898098862036,6.943791236179293,6.893057775850145,6.84269498968291,6.792700169418906,6.743070626586822,6.693803692358133,6.644896717403596,6.596347071750772,6.54815214464261,6.500309344397042,6.452816098267623,6.4056698523051825,6.358868071220479,6.31240823824787,6.266287855009973,6.220504441383313,6.175055535364955,6.12993869294011,6.085151487950705,6.0406915119649245,5.996556374147688,5.9527437011320865,5.909251136891755,5.86607634261418,5.8232169965749225,5.7806707940127735,5.7384354470058145,5.696508684348382,5.654888251428936,5.613571910108817,5.57255743860189,5.531842631355068,5.491425298929711,5.451303267883882,5.4114743806554815,5.371936495446212,5.332687486106412,5.293725242020717,5.255047667994565,5.216652684141525,5.178538225771451,5.140702243279455,5.103142702035688,5.065857582275929,5.02884487899297,4.992102601828802,4.955628774967573,4.919421437029351,4.883478640964644,4.847798453949697,4.812378957282558,4.7772182462798956,4.742314430174577,4.707665632013994,4.673269988559122,4.639125650184339,4.605230780777944,4.571583557643435,4.538182171401486,4.505024825892646,4.47210973808076,4.439435137957073,4.40699926844506
16,53.15,55.3,59.46,53.58,52.68,53.02,51.82,52.4,54.43,60.02,56.99,43.38,41.71,44.32,37.32,41.32,49.64,48.7,43.33,42.81,34.69,39.87,38.71,33.03,35.08,35.47,34.49,36.51,28.72,22.9,23.73,20.52,22.44,22.14,19.23,23.4,24.18,22.76,20.74,17.31,20.39,25.74,25.56,25.7,21.99,21.63,21.11,20.56,19.99,19.38,18.94,18.6,18.19,17.81,17.56,17.25,17.01,16.87,16.65,16.37,16.21,16.04,15.75,15.49,15.37,15.23,15.07,14.83,14.58,14.53,14.39,14.23,14.13,14.01,13.81,13.54,13.41,13.36,13.18,13.01,12.86,12.59,12.41,12.37,12.29,12.07,11.95,11.84,11.74,11.64,11.54,11.43,11.31,11.19,11.078376617467063,10.967866709422786,10.858459168647437,10.750142998718912,10.642907312907495,10.536741333081645,10.431634388624703,10.3275759153624,10.224555454501056,10.122562651576391,10.021587255412806,9.921619117093043,9.82264818893814,9.724664523497543,9.627658272549299,9.531619686110233,9.436539111455975,9.342406992150785,9.249213867087049,9.156950369534341,9.065607226198,8.975175256287075,8.885645370591574,8.797008570568915,8.709255947439502,8.622378681291307,8.536368040193398,8.451215379318292,8.366912140073083,8.28344984923923,8.200820118120907,8.119014641701888,8.038025197810807,7.957843646294757,7.878461928201132,7.79987206496764,7.722066157620381,7.645036385979925,7.568775007875326,7.493274358365961,7.418526848971133,7.344524966907366,7.2712612743333,7.198728407602126,7.126919076521475,7.055826063620685,6.9854422234253875,6.915760481739316,6.846773834933297,6.778475349241317,6.710858160063619,6.643915471276751,6.577640554550493,6.512026748671607,6.447067458874317,6.382756156177482,6.3190863767283805,6.256051721153025,6.193645853912981,6.131862502668578,6.070695457648495,6.010138571025612,5.950185756299112,5.890830987682722,5.832068299499077,5.773891785580114,5.716295598673448,5.659273949854676,5.602821107945534,5.546931398937864,5.491599205423333,5.436818966028826,5.382585174857481,5.328892380935298,5.275735187663271,5.223108252274977,5.171006285299586,5.119424050030219,5.068356361997615,5.017798088449045,4.967744147832425,4.9181895092855745,4.869129192130574,4.820558265373158,4.772471847207113,4.724865104523603
17,104.62,97.69,82.77,79.4,80.07,81.46,79.81,85.07,84.72,87.6,74.57,67.98,67.04,68.63,70.87,68.43,63.58,57.26,62.29,58.2,59.97,58.23,52.86,52.9,60.48,58.1,49.4,52.62,49.78,38.79,35.14,33.97,29.3,29.65,30.23,29.97,31.45,35.07,28.4,28.93,33.7,28.23,30.79,27.22,30.34,30.38,29.74,29.06,28.24,27.43,26.89,26.36,25.73,25.2,24.77,24.3,23.99,23.75,23.45,23.08,22.75,22.49,22.23,22.04,21.89,21.59,21.27,20.92,20.56,20.39,20.21,20.07,19.91,19.65,19.44,19.22,19.0,18.85,18.57,18.3,18.05,17.83,17.71,17.47,17.31,17.17,16.99,16.84,16.7,16.57,16.22,15.88,15.74,15.59,15.413506013974596,15.2390101117916,15.066489673195605,14.895922334014537,14.727285983260524,14.560558760263621,14.39571905183796,14.232745489479992,14.07161694659844,13.912312535775618,13.75481160605976,13.599093740287985,13.445138752439584,13.292926685019271,13.14243780647004,12.993652608615335,12.846551804130158,12.70111632404082,12.557327315252989,12.415166138107724,12.27461436396518,12.135653772815669,11.998266350917755,11.862434288463106,11.728139977267771,11.595366008489588,11.464095170371447,11.334310446010099,11.205995011150208,11.079132232003403,10.953705663091998,10.829699045117133,10.707096302851049,10.585881543053228,10.466039052410109,10.347553295498152,10.230408912769944,10.114590718563106,10.000083699131755,9.886873010700235,9.774943977538882,9.664282090061597,9.554873002944928,9.44670253326845,9.339756658676224,9.234021515559029,9.129483397257209,9.026128752283851,8.923944182568064,8.822916441718183,8.72303243330459,8.624279209162012,8.526643967711015,8.43011405229852,8.33467694955709,8.240320287782787,8.14703183533142,8.054799499032928,7.963611322623707,7.873455485196709,7.7843202996690675,7.696194211267075,7.609065796028321,7.522923759320777,7.437756934378652,7.3535542808548175,7.270304883389632,7.187997950195957,7.106622811660196,7.026168918959171,6.946625842692661,6.8679832715314095,6.790231010880454,6.713358981557581,6.6373572184867315,6.562215869406217,6.4879251935915505,6.41447556059273,6.341857448985832,6.270061445138723,6.199078241990761,6.12889863784629,6.059513535181815,5.99091393946667,5.923090957997034,5.856035798743157
18,106.89,105.67,94.25,87.06,87.89,97.77,91.19,88.53,92.09,91.81,95.63,81.43,82.35,73.95,90.55,84.02,85.68,87.36,72.12,80.49,85.4,80.37,74.37,68.41,68.15,61.78,63.37,59.18,56.6,53.87,40.59,50.86,39.58,42.39,43.14,39.28,37.94,45.57,37.27,36.83,43.92,39.73,46.44,44.98,38.82,38.27,37.51,36.75,35.89,35.09,34.4,33.67,32.87,32.14,31.53,30.97,30.54,30.17,29.91,29.51,29.0,28.63,28.34,28.12,27.88,27.56,27.09,26.65,26.4,26.2,25.91,25.66,25.46,25.07,24.66,24.44,24.2,23.96,23.65,23.35,23.14,22.89,22.67,22.34,22.11,21.91,21.65,21.5,21.32,21.15,20.77,20.39,20.31,20.07,19.856092752809097,19.644465341711904,19.43509346808048,19.22795309226309,19.023020430824033,18.82027195381288,18.619684382062793,18.421234684517675,18.22490007558779,18.030658012533564,17.83848619287728,17.648362551842336,17.46026525981983,17.274172719862133,17.090063565203145,16.90791665680503,16.72771108093107,16.549426146744384,16.373041383932264,16.198536540355796,16.02589157972457,15.85508667929613,15.686102227599996,15.518918822185896,15.353517267396015,15.189878572161005,15.027983947819447,14.867814805960597,14.709352756290084,14.552579604518385,14.3974773502718,14.244028185025659,14.092214490059616,13.942018834434682,13.79342397299185,13.646412844372035,13.500968569057125,13.35707444743192,13.21471395786669,13.073870754820229,12.934528666963065,12.79667169532072,12.660284011436723,12.525349955555237,12.391854034823021,12.259780921510593,12.129115451252302,11.999842621305215,11.871947588826515,11.745415669169288,11.62023233419645,11.496383210612658,11.373854078314007,11.252630868755304,11.132699663334735,11.01404669179577,10.896658330646089,10.780521101593356,10.665621669997677,10.551946843340533,10.439483569710056,10.328218936302413,10.218140167939215,10.109234625600665,10.001489804974398,9.894893335019741,9.78943297654731,9.685096620813724,9.581872288131303,9.47974812649259,9.378712410209522,9.278753538567116,9.179860034491494,9.082020543232108,8.985223831058017,8.889458783968045,8.794714406414702,8.70097982004169,8.608244262434877,8.51649708588658,8.42572775617301,8.335925851344761,8.24708106053018,8.159183182751493,8.072222125753552,7.986187904845059
19,108.26,99.88,95.2,95.23,86.19,91.03,97.84,86.69,92.18,85.13,91.87,83.81,82.38,79.85,90.05,84.97,89.77,92.18,92.23,84.13,91.7,72.91,68.99,64.24,71.45,71.04,65.49,64.07,63.88,46.58,49.22,45.66,50.48,45.61,45.63,44.24,41.97,49.36,43.96,43.48,53.68,46.55,52.16,49.32,44.04,43.64,42.94,42.19,41.35,40.57,39.83,38.95,38.07,37.28,36.63,35.98,35.45,35.02,34.68,34.31,33.73,33.22,32.92,32.7,32.3,31.95,31.52,31.01,30.74,30.44,30.04,29.76,29.53,29.18,28.8,28.45,28.15,27.91,27.58,27.34,27.1,26.81,26.55,26.13,25.75,25.4,25.06,24.9,24.63,24.33,24.12,23.92,23.81,23.54,23.29556045633258,23.053659174793815,22.81426979804994,22.577366242461977,22.342922695243644,22.110913611648837,21.881313712188298,21.654097979875175,21.429241657499208,21.206720244929205,20.98650949644352,20.76858541808827,20.552924265062984,20.339502539133374,20.12829698607101,19.91928459311955,19.71244258648728,19.50774842886574,19.305179816974036,19.104714679128726,18.906331172838904,18.71000768242625,18.515722816669832,18.323455406475308,18.13318450256838,17.94488937321218,17.758549501948366,17.57414458536164,17.391654530867545,17.211059454523166,17.03233967886062,16.85547573074298,16.68044833924256,16.507238433541097,16.335827140851887,16.16619578436337,15.998325881204158,15.832199140429127,15.667797461026488,15.505102929945485,15.344097820144627,15.184764588660158,15.0270858746946,14.871044497725125,14.716623455631593,14.563805922844004,14.41257524850922,14.262914954676686,14.11480873450301,13.968240450475193,13.8231941326523,13.679653976925383,13.537604343295483,13.397029754169521,13.257914892673853,13.120244600985382,12.984003878679953,12.849177881097944,12.715751917726786,12.583711450600314,12.453042092714705,12.32372960646091,12.195759902073316,12.06911903609455,11.943793209856201,11.819768767975352,11.697032196866674,11.575570123270023,11.45536931279329,11.336416668470395,11.218699229334261,11.102204169004589,10.986918794290316,10.872830543806575,10.759926986606013,10.648195820824334,10.537624872339899,10.428202093447242,10.31991556154436,10.212753477833646,10.106704166036304,10.001756071120095,9.897897758040342,9.795117910493946,9.6934053296864,9.592748933111555
20,99.11,100.15,99.75,94.38,95.78,89.28,92.36,100.62,92.98,99.04,88.61,80.29,91.11,90.47,92.03,83.03,96.85,86.4,85.24,84.37,80.62,87.85,84.24,77.48,70.2,74.67,68.66,75.5,64.36,55.23,53.03,47.64,43.62,47.78,46.17,47.37,46.49,51.34,55.39,52.36,50.83,46.11,46.8,44.15,46.82,47.24,46.74,46.08,45.32,44.58,43.78,42.9,42.12,41.41,40.7,39.96,39.37,38.9,38.41,38.01,37.46,36.88,36.53,36.27,35.91,35.4,34.94,34.47,34.12,33.8,33.37,33.06,32.8,32.43,32.1,31.72,31.24,30.87,30.54,30.22,29.96,29.72,29.43,28.98,28.56,28.26,27.91,27.66,27.44,27.13,26.79,26.46,26.22,25.99,25.70851962358539,25.430087773615817,25.154671433532172,24.882237944355705,24.6127550008153,24.34619064751672,24.08251327515332,23.821691616757786,23.563694743994503,23.30849206349206,23.056053313215468,22.806348558877676,22.559348190389965,22.315022918350753,22.073343770572453,21.83428208864595,21.59780952454226,21.36389803725103,21.132519889455388,20.90364764424288,20.677254161851966,20.453312596453788,20.231796392968775,20.012679283917734,19.79593528630704,19.581538698547558,19.36946409740695,19.15968633499497,18.952180535781416,18.74692209364639,18.543886668962475,18.343050185708556,18.144388828614854,17.947879040338922,17.753497518672184,17.561221213776776,17.371027325452264,17.182893300431996,16.99679682970873,16.81271584588922,16.630628520577456,16.45051326178624,16.27234871137681,16.096113742526175,15.921787457221878,15.749349183783934,15.578778474413538,15.410055102768375,15.243159061564178,15.078070560202237,14.914770022422639,14.753238083982898,14.593455590361744,14.435403594487756,14.279063354492635,14.124416331488764,13.971444187370867,13.82012878264148,13.670452174259937,13.522396613514704,13.375944543918715,13.23107859912752,13.087781600879977,12.946036556961243,12.80582665918784,12.667135281414525,12.529945977562763,12.394242479670533,12.260008695963275,12.127228708945726,11.995886773514403,11.865967315090552,11.73745492777331,11.61033437251286,11.484590575303379,11.360208625395567,11.237173773528509,11.115471430180715,10.995087163840081,10.876006699292596,10.758215915929583,10.641700846073272,10.526447673320508,10.41244273090439,10.299672500073665,10.188123608489674
21,82.99,85.33,85.99,86.3,89.72,88.01,97.68,89.93,90.1,94.35,89.95,90.16,89.14,84.19,103.69,95.4,106.31,90.96,83.83,86.74,80.33,82.76,83.72,63.53,73.6,69.25,73.8,63.79,66.88,67.52,54.68,45.41,47.64,48.71,50.61,52.55,45.85,54.91,54.72,45.0,55.46,57.53,41.17,53.97,49.44,49.8,49.37,48.85,48.33,47.62,46.76,46.0,45.3,44.68,44.02,43.26,42.59,42.05,41.46,40.95,40.48,39.92,39.44,39.04,38.67,38.29,37.8,37.35,37.03,36.7,36.2,35.72,35.36,34.97,34.61,34.28,33.77,33.29,32.98,32.66,32.4,32.07,31.76,31.4,31.02,30.68,30.25,29.92,29.61,29.27,28.97,28.65,28.34,27.98,27.659193740260804,27.34206570269058,27.028573714426695,26.718676086141837,26.41233160650001,26.109499536676115,25.810139604938325,25.514212001292623,25.221677372188704,24.932496815286612,24.646631874283344,24.364044533798793,24.084697214320336,23.808552767205356,23.53557446974108,23.26572602026106,22.99897153331764,22.735275534909785,22.474602957765594,22.21691913667895,21.962189803899605,21.71038108457611,21.46145949225104,21.215391924407818,20.972145658068634,20.73168834544281,20.493988009625074,20.259013040343167,20.02673218975417,19.797114568289068,19.570129640544927,19.34574722122418,19.123937471120502,18.90467089315065,18.68791832843185,18.47365095240412,18.261840270997112,18.052458116840814,17.845476645519792,17.640868331870312,17.438605966319958,17.238662651269184,17.041011797514376,16.845627120711942,16.652482637882894,16.46155266395755,16.272811808359837,16.086234971630756,15.901797342090559,15.71947439253921,15.539241876994657,15.361075827468518,15.184952550778728,15.010848625398726,14.838740898342778,14.66860648208701,14.500422751525733,14.334167340962685,14.169818141136739,14.007353296281748,13.846751201220073,13.687990498489457,13.531050075502822,13.375909061740641,13.222546825975499,13.070942973528481,12.921077343557002,12.77293000637375,12.626481260796362,12.481711631527485,12.338601866564886,12.197132934641235,12.05728602269327,11.919042533359965,11.782384082509372,11.647292496793845,11.513749811233271,11.381738266826028,11.251240308187326,11.122238581214615,10.994715930779789,10.868655398447823,10.74404022022158,10.620853824312473,10.49907982893669,10.378702040136677
22,87.11,85.99,86.84,84.51,87.38,89.42,88.39,91.69,92.83,99.5,88.92,90.88,92.39,89.62,88.69,94.0,91.44,96.21,87.48,89.39,84.98,92.8,85.52,81.02,71.47,75.11,70.8,72.87,60.36,59.91,58.19,50.15,43.42,47.95,50.96,51.48,46.29,52.41,55.42,45.9,52.96,50.39,52.2,52.66,51.22,51.84,51.59,51.27,50.89,50.23,49.46,48.86,48.14,47.44,46.81,46.18,45.49,44.83,44.21,43.61,43.07,42.53,42.12,41.68,41.16,40.79,40.32,39.85,39.48,39.05,38.59,38.17,37.71,37.35,36.97,36.49,36.09,35.65,35.24,34.93,34.61,34.21,33.94,33.56,33.08,32.69,32.29,31.99,31.67,31.17,30.84,30.63,30.25,29.83,29.48060443163776,29.135301295833056,28.79404265836532,28.456781146462337,28.12346994222405,27.794062776123425,27.46851392058339,27.146778183629042,26.828810902614205,26.514567938021447,26.20400566733475,25.897080978983908,25.593751266359874,25.29397442190022,24.99770883124384,24.70491336745416,24.415547385309964,24.129570715663117,23.84694365986238,23.56762698424254,23.291581914678055,23.018770131200533,22.74915376267923,22.482695381563868,22.219357998689027,21.959105058139382,21.701900432175094,21.447708416216646,21.196493723888402,20.94822148212023,20.702857226306506,20.460366895521805,20.22071682779265,19.983873755424618,19.749804800384197,19.51847746973473,19.289859651125834,19.063919608335592,18.84062597686505,18.619947759584218,18.401854322429173,18.186315390149446,17.973301042105323,17.762781708114307,17.55472816434626,17.349111529266597,17.14590325962704,16.945075146503296,16.74659931137915,16.550448202276435,16.35659458993034,16.165011564009472,15.975672529380265,15.78855120241507,15.60362160734353,15.420858072646679,15.240235227493281,15.061727998217915,14.885311604840284,14.710961557625327,14.538653653683607,14.368363973611515,14.200068878170836,14.033745005007194,13.869369265406954,13.706918841092085,13.54637118105258,13.387703998415981,13.230895267353564,13.07592322002275,12.92276634354535,12.7714033770212,12.621813308576757,12.473975372448288,12.327869046099208,12.18347404737118,12.040770331668604,11.899738089176063,11.760357742108367,11.622609941992804,11.486475566983247,11.35193571920567,11.218971722134821,11.087565118001562,10.95769766523061,10.82935133590829
23,85.56,89.34,70.17,82.68,78.31,84.9,82.61,93.16,85.51,99.53,98.8,85.25,85.46,87.69,89.18,87.01,92.45,99.52,94.41,97.15,79.16,82.3,84.8,87.03,79.68,76.94,71.9,75.24,65.19,68.42,50.92,58.37,52.54,58.04,54.26,56.94,49.43,53.35,52.7,56.94,57.73,59.68,56.97,49.6,52.41,53.76,53.72,53.49,53.16,52.59,51.9,51.39,50.78,50.1,49.47,48.86,48.11,47.32,46.78,46.19,45.57,45.05,44.62,44.19,43.72,43.25,42.69,42.13,41.68,41.25,40.84,40.46,40.05,39.6,39.12,38.61,38.21,37.82,37.38,36.97,36.53,36.07,35.73,35.34,34.89,34.53,34.21,33.94,33.66,33.14,32.66,32.4,32.0,31.57,31.215865841942172,30.865704157812228,30.51947038667543,30.17712046745604,29.83861083333022,29.50389840618177,29.1729405911201,28.845695271059682,28.522120801360305,28.202176004527445,27.88582016497211,27.573013023829432,27.263714773835403,26.957886054261095,26.655487945903648,26.35648196613351,26.060830063997212,25.768494615375044,25.47943841819312,25.19362468768906,24.911017051730884,24.631579546188316,24.355276610356075,24.082073082428487,23.811934195024847,23.544825570764996,23.280713217894508,23.019563525958976,22.761343261526786,22.50601956395992,22.25355994123214,22.003932265794145,21.757104770485036,21.513046044489734,21.271725029341663,21.033111014970313,20.79717363579314,20.563882866851298,20.333209019988697,20.105122740073984,19.879595001264818,19.65659710331412,19.43610066791773,19.218077635103025,19.00250025965807,18.789341107600812,18.578573052687872,18.370169272962514,18.164103247341348,17.960348752239266,17.75887985823232,17.559670926757974,17.362696606852367,17.167931831924236,16.975351816564945,16.784932053394385,16.596648309942164,16.410476625563856,16.226393308391803,16.044374932320135,15.86439833402361,15.686440610009878,15.510479113704845,15.336491452570685,15.164455485256235,14.994349318779307,14.826151305740634,14.659840041569067,14.495394361797654,14.332793339370307,14.172016281978644,14.013042729428745,13.855852451037405,13.700425443057625,13.546741926132974,13.394782342780495,13.244527354901862,13.09595784132245,12.949054895358005,12.803799822408616,12.660174137579675,12.518159563329526,12.377738027143486,12.23889165923399,12.101602790266496,11.965853949110928
24,86.16,84.74,74.77,79.73,74.67,80.36,83.59,81.94,94.32,89.11,90.71,93.67,89.45,88.86,90.79,87.86,95.7,98.73,93.55,96.69,98.91,83.81,84.89,75.34,71.61,73.21,78.4,71.6,67.31,64.1,51.39,50.17,55.01,55.12,57.0,58.27,50.57,59.98,61.11,53.77,58.45,50.31,55.24,55.22,54.29,55.57,55.51,55.23,55.04,54.7,54.16,53.66,53.09,52.52,51.88,51.19,50.46,49.72,49.16,48.62,48.06,47.47,46.81,46.29,45.95,45.57,44.97,44.33,43.8,43.29,42.81,42.41,42.11,41.71,41.13,40.59,40.09,39.68,39.3,38.8,38.32,37.87,37.54,37.14,36.67,36.29,35.86,35.48,35.14,34.73,34.29,34.0,33.69,33.29,32.927668795428154,32.569281234647434,32.21479439470183,31.86416581981248,31.517353516292815,31.17431594751916,30.83501202895599,30.499401123235383,30.167443035290002,29.839098007539054,29.51432671512665,29.193090261211992,28.87535017231084,28.561068393687613,28.250207284797746,27.94272961477957,27.638598557995294,27.337777689620527,27.04023098128176,26.745922796741397,26.454817887629684,26.16688138922315,25.882078816268933,25.60037605885463,25.321739378323027,25.046135403231347,24.773531125354435,24.503893895731494,24.237191420755792,23.973391758306985,23.712463313925486,23.454374837028514,23.19909541716729,22.946594480325015,22.69684178525509,22.449807419859233,22.205461797604997,21.963775653982278,21.724720042998406,21.48826633371136,21.254386206800746,21.023051651176075,20.794234960621953,20.567908730479807,20.344045854365703,20.122619520923912,19.903603210615792,19.68697069254363,19.472696021309023,19.260753533905532,19.051117846645052,18.84376385211771,18.638666716184847,18.43580187500466,18.23514503209032,18.036672155400034,17.840359474458808,17.646183477511514,17.454120908706994,17.264148765312747,17.076244294959988,16.890384992918655,16.706548599402094,16.52471309690106,16.344856707546768,16.166957890502623,15.990995339384327,15.816947979708091,15.644794966366613,15.474515681132514,15.306089730188967,15.139496941687193,14.97471736333053,14.811731259984827,14.650519111314814,14.491061609446218,14.333339656653322,14.17733436307169,14.023027044435777,13.870399219841184,13.71943260953126,13.570109132707778,13.42241090536547,13.276320238150111,13.131819634239914,12.988891787249996
25,81.69,82.6,83.84,80.19,76.68,76.23,79.18,83.53,88.58,92.61,92.22,84.06,88.01,89.75,90.13,94.38,103.91,96.89,93.85,93.32,90.86,95.84,85.64,83.45,81.74,79.57,73.37,71.78,72.76,60.91,64.72,58.92,63.74,49.76,68.92,65.5,61.41,62.43,64.85,63.22,57.73,56.81,48.59,56.97,56.42,57.23,57.12,56.94,56.75,56.54,56.19,55.73,55.2,54.62,53.99,53.38,52.75,52.03,51.38,50.76,50.17,49.64,48.95,48.32,47.88,47.5,46.9,46.28,45.74,45.23,44.86,44.32,43.85,43.56,43.04,42.46,41.99,41.49,40.96,40.37,39.94,39.59,39.27,38.8,38.26,37.86,37.47,37.1,36.78,36.32,35.84,35.53,35.18,34.81,34.43429954227214,34.06265397779154,33.69501954254644,33.33135294486521,32.97161136031839,32.61575242667586,32.2637342389183,31.915515344302626,31.571054737480594,31.230311855670116,30.893246573878706,30.559819200178456,30.22999047103201,29.90372154666903,29.580974006512466,29.26170984465431,28.945891465380065,28.63348167874162,28.324443696177834,28.0187411261824,27.71633797001851,27.417198617479702,27.121287842696518,26.828570799988388,26.539013019760294,26.252580404443734,25.969239224481452,25.688956114355573,25.411698068658524,25.137432438206442,24.86612692619445,24.59774958439353,24.3322688093883,24.06965333885557,23.80987224788289,23.552894945326976,23.298691170211335,23.04723098816283,22.79848478788669,22.55242327767955,22.309017481980135,22.06823873795719,21.830058692134205,21.594449297050584,21.361382807958858,21.130831779557536,20.902769062759198,20.677167801493518,20.454001429544746,20.233243667423338,20.01486851927136,19.798850269801292,19.585163481267838,19.373782990472453,19.164683905800214,18.957841604288614,18.75323172872804,18.550830184793547,18.350613138207546,18.152557011933162,17.956638483397843,17.76283448174699,17.571122185127155,17.38147901799862,17.19388264847695,17.008310985703268,16.82474217724287,16.64315460651195,16.46352689023209,16.285837875912204,16.11006663935771,15.936192482206522,15.764194929491662,15.594053727230209,15.425748840038217,15.259260448771418,15.094568948191355,14.931654944656733,14.770499253839668,14.6110828984666,14.453387106083563,14.2973933068456,14.143083131330025,13.990438408373294,13.8394411629312,13.690073613962198
26,83.61,94.23,84.17,82.37,77.72,84.25,85.47,80.31,83.1,100.23,93.44,90.98,87.1,97.28,92.89,85.4,91.43,103.88,97.91,91.31,87.84,91.8,82.96,83.65,74.02,72.69,79.24,81.06,79.77,63.57,58.49,61.77,62.17,73.35,55.88,68.29,57.53,64.33,62.97,66.0,67.93,67.73,63.41,61.58,58.05,59.09,58.89,58.76,58.56,58.4,58.12,57.75,57.38,56.76,56.12,55.64,55.07,54.33,53.64,52.95,52.29,51.81,51.18,50.53,49.97,49.39,48.87,48.35,47.76,47.33,46.97,46.29,45.63,45.24,44.89,44.37,43.87,43.41,42.85,42.18,41.67,41.36,41.01,40.56,40.02,39.48,39.07,38.74,38.38,37.86,37.4,37.05,36.68,36.27,35.86679053730701,35.46806350832798,35.07376908235737,34.683857982651965,34.29828148027244,33.9169913879936,33.53994005428211,33.16708035734133,32.79836569922226,32.43374999999999,32.07318769201491,31.716633714177885,31.36404350633879,31.015373003717606,30.670578631397458,30.32961729887888,29.992446394694568,29.65902378108406,29.32930778872758,29.003257211538436,28.68083130151332,28.36198976363983,28.046692750860636,27.734900859093614,27.42657512230733,27.121677007651293,26.82016841064032,26.522011650392464,26.22716946491984,25.935605006471857,25.64728183693017,25.362163923254833,25.080215632981133,24.801401729766393,24.52568736898635,24.253038093380468,23.983419828745664,23.716798879677864,23.453141925361003,23.19241601540271,22.93458856571639,22.67962735444902,22.427500517954275,22.17817654681032,21.931624281882016,21.687812910426757,21.446711962243707,21.208291305865774,20.972521144793962,20.739372013773565,20.50881477511176,20.280820615036138,20.055361040093715,19.83240787358999,19.611933252067562,19.39390962182392,19.178309735467924,18.965106648514578,18.75427371601767,18.545784589239815,18.339613212359545,18.135733819214998,17.934120930083793,17.734749348498735,17.53759415809887,17.34263071951561,17.14983466729342,16.959181906844755,16.77064861143887,16.584211219224056,16.39984643028305,16.217531203721098,16.03724275478646,15.858958552022898,15.682656314453789,15.508314008797607,15.335909846714301,15.165422282082325,14.996830008305905,14.830111955652276,14.66524728861849,14.502215403327513,14.340995924953273,14.181568705174316,14.023913819655785,13.868011565559392
27,89.64,78.8,88.63,88.91,78.26,81.25,81.72,84.52,83.63,93.75,86.22,92.6,97.03,92.41,104.09,89.88,87.28,102.48,101.28,103.7,99.86,97.68,79.75,87.44,79.38,84.54,77.74,78.94,73.28,68.5,62.3,57.82,64.83,66.62,65.44,64.38,63.7,63.71,69.46,66.57,68.11,62.57,61.97,55.53,59.96,61.38,61.08,60.96,60.9,60.74,60.49,60.12,59.79,59.39,58.74,58.19,57.65,56.95,56.32,55.61,54.9,54.35,53.66,53.07,52.5,51.74,51.19,50.76,50.09,49.55,49.11,48.53,47.93,47.34,46.9,46.44,45.93,45.44,44.98,44.36,43.77,43.39,42.95,42.53,42.08,41.48,40.93,40.52,40.19,39.83,39.31,38.73,38.32,37.95,37.52005099576381,37.09497303622442,36.67471093558955,36.25921013328634,35.848416686877975,35.44227726506065,35.04073914073981,34.64375018418484,34.251258856261316,33.86321420173995,33.479565842681325,33.10026397189552,32.72525934647599,32.35450328140646,31.987947643240517,31.625544843852616,31.26724783425996,30.91301009851433,30.562785647663222,30.216529013779244,29.87419524405728,29.53573989497849,29.20111902654041,28.870289196552434,28.543207454995947,28.219831338448316,27.900118864570075,27.584028526654574,27.271519288239343,26.96255057777856,26.657082283375825,26.35507474757662,26.05648876221981,25.7612855633474,25.469426826172025,25.180874660101427,24.89559160381929,24.613540620421844,24.334685092609526,24.05898881793314,23.786416004093876,23.516931264296563,23.25049961265558,22.987086459652804,22.726657607647034,22.46917924643426,22.21461794885827,21.962940666470942,21.71411472524175,21.468107821315844,21.22488801682019,20.98442373571725,20.7466837597056,20.511637224167032,20.279253614159536,20.04950276045568,19.822354835625937,19.59778035016629,19.37575014866975,19.156235406041294,18.939207623755614,18.724638626157294,18.512500556802905,18.302765874844557,18.09540735145437,17.890398066289517,17.687711403997284,17.487321050759714,17.289200990877426,17.093325503392126,16.899669158747365,16.70820681548717,16.518913616992013,16.331764988251845,16.1467366326756,15.963804528936919,15.78294492785556,15.604134349314158,15.42734957920993,15.252567666440894,15.079765919926231,14.908921905660428,14.740013443800773,14.573018605787857,14.407915711498685,14.244683326432074
28,86.63,85.6,87.94,93.54,87.46,90.87,84.81,89.96,85.88,95.79,87.06,94.59,91.52,93.72,101.46,101.02,92.19,103.87,102.14,101.46,92.01,100.57,93.35,87.19,67.18,75.56,84.11,83.48,84.6,70.39,72.65,65.76,59.42,65.27,67.59,72.96,70.39,75.38,73.33,67.08,70.92,69.24,68.85,65.44,63.21,64.09,63.69,63.6,63.59,63.31,63.11,62.82,62.42,62.14,61.6,61.06,60.55,59.84,59.23,58.5,57.72,57.15,56.4,55.76,55.14,54.46,53.89,53.27,52.64,52.12,51.57,51.01,50.46,49.75,49.18,48.75,48.23,47.67,47.12,46.61,46.07,45.61,45.1,44.6,44.18,43.6,43.0,42.52,42.17,41.83,41.34,40.7,40.24,39.9,39.45814817730099,39.021189413078744,38.58906952169899,38.16173491757816,37.73913260853835,37.32121018923604,36.90791583466344,36.4991982937219,36.09500688286643,35.695291479820625,35.3000025173612,34.90909097717134,34.522508383762094,34.14020679846117,33.76213881346816,33.38825754597574,33.018516632355855,32.6528702224104,32.29127297368543,31.933680045848494,31.580047095128066,31.23033026881471,30.884486199823037,30.542472001313914,30.204245261376222,29.86976403776753,29.538986852712974,29.211872687761765,28.888380978700642,28.568471610523645,28.252104912457614,27.939241653042753,27.629843035267694,27.323870691758408,27.02128668002043,26.722053477733727,26.426133978099717,26.133491485239784,25.844089709644745,25.557892763674737,25.27486515710894,24.994971792744526,24.718177962044415,24.444449340833195,24.173751985040695,23.906052326492727,23.6413171687484,23.379513682983568,23.120609403919847,22.8645722257987,22.611370398400144,22.360972523105524,22.113347549003855,21.86846476904135,21.626293816213536,21.386804659799548,21.14996760163814,20.91575327244494,20.684132628170442,20.455076946398385,20.228557822783984,20.004547167531623,19.78301720191152,19.563940454815018,19.34728975934798,19.133038249461922,18.92115935662246,18.71162680651464,18.504414615784768,18.29949708881828,18.096848814553383,17.896444663329856,17.698259783772862,17.50226959971119,17.308449807129694,17.116776371155396,16.92722552307704,16.739773757397625,16.55439782891955,16.371074749862096,16.189781787010762,16.01049645889823,15.833196533016526,15.657860023060012,15.484465186198985,15.312990520383414
29,95.75,86.99,87.17,85.39,80.04,84.15,78.92,90.49,89.91,103.55,93.16,95.26,100.34,90.63,102.78,100.25,104.11,102.74,106.55,104.65,105.23,100.28,98.54,90.18,83.3,92.27,78.81,86.89,81.51,78.76,74.94,72.55,69.94,71.87,65.66,75.83,69.22,81.03,77.83,70.52,82.41,73.34,78.25,69.19,66.93,67.28,66.66,66.39,66.3,66.0,65.78,65.62,65.28,64.91,64.44,63.92,63.4,62.77,62.1,61.42,60.7,60.05,59.3,58.62,57.99,57.29,56.65,55.94,55.25,54.71,54.11,53.49,52.92,52.29,51.72,51.09,50.55,50.05,49.5,49.03,48.33,47.73,47.28,46.78,46.28,45.73,45.21,44.67,44.19,43.77,43.37,42.88,42.37,41.91,41.451801059607924,40.9986115744527,40.550376776529525,40.107042496608145,39.66855515768651,39.23486176851599,38.80590991719737,38.38164776484685,37.962024039331354,37.546988029072224,37.13648957691678,36.730479074076776,36.32890745413321,35.93172618710659,35.538887273592145,35.150343238959046,34.7660471276131,34.385952497322165,34.010013413603595,33.63818444417306,33.27042065345407,32.90667759714743,32.54691131686023,32.191078334793424,31.839135648487513,31.49104072562575,31.14675149889406,30.8062263608972,30.469424159130522,30.136304191006676,29.806826198936708,29.4809503654649,29.15863730845685,28.839848076340132,28.524544143396987,28.212687405108476,27.904240173549578,27.59916517283456,27.297425534612213,26.998984793610287,26.70380688322866,26.411856131180702,26.123097255182255,25.83749535868778,25.555015926673086,25.275624821464206,24.999288278611846,24.725972902810938,24.45564566386484,24.188273892693594,23.9238252773859,23.6622678592942,23.403570029172464,23.147700523356225,22.89462841998436,22.644323135262166,22.39675441976532,22.15189235478422,21.90970734870831,21.670170133449936,21.43325176090728,21.198923599465996,20.96715733053906,20.73792494514448,20.511198740520392,20.286951316777188,20.065155573586235,19.84578470690479,19.62881220573674,19.414211848928733,19.20195770200136,18.99202411401495,18.78438571446968,18.57901741023952,18.37589438253974,18.174992083927563,17.976286235335582,17.779752823137652,17.58536809624682,17.393108563245036,17.202950989544174,17.014872394578155,16.828850049025732,16.644861472063653,16.462884428649854,16.282896926836333
30,93.97,98.54,89.93,82.34,87.76,89.67,96.64,92.67,91.29,93.83,94.42,98.25,98.06,100.02,103.56,109.5,95.49,106.16,106.15,105.51,95.31,111.28,101.65,88.86,98.59,94.7,91.78,90.23,91.38,86.56,79.69,77.58,71.78,77.66,71.4,76.75,72.8,80.43,83.52,75.17,79.02,80.53,78.32,71.93,70.63,71.05,70.13,69.51,69.16,68.84,68.59,68.44,68.13,67.81,67.47,66.98,66.42,65.8,65.06,64.32,63.63,62.96,62.29,61.58,60.96,60.18,59.41,58.8,58.07,57.41,56.8,56.17,55.49,54.99,54.39,53.59,53.1,52.63,52.08,51.48,50.7,50.02,49.55,49.11,48.61,48.11,47.57,46.98,46.44,45.95,45.54,45.07,44.58,44.06,43.58448801188466,43.114107926875114,42.64880435955492,42.188522522247744,41.73320821856633,41.28280783703111,40.83726834475761,40.3965372812121,39.960562752034505,39.52929342292811,39.102678513615096,38.6806677918574,38.26321156754203,37.850260686830275,37.44176652637003,37.03768098757056,36.63795649093911,36.24254597047861,35.85140286814579,35.46448112836921,35.08173519262636,34.703119994079344,34.32859095226841,33.95810396786279,33.59161541746819,33.22908214849029,32.8704614740537,32.51571116797571,32.164789459794406,31.817655029850275,31.47426700442104,31.134584950908888,30.798568873079727,30.466179206353775,30.13737681314698,29.81212297826271,29.49037940433324,29.172108207310313,28.857271912004496,28.545833447672628,28.237756143652827,27.933003725046735,27.631540308448226,27.333330397718328,27.03833887980565,26.74653102061199,26.457872460902504,26.172329212260067,25.889867653083236,25.610454524627478,25.33405692708905,25.060642315731194,24.7901784970521,24.52263362499428,24.257976197194797,23.996175051275987,23.73719936117622,23.481018633520225,23.22760270402865,22.97692173396633,22.72894620662886,22.483646923867152,22.240995002649463,22.00096187166051,21.763519267937333,21.528639233541433,21.29629411226683,21.06645654638364,20.839099473416862,20.614196122959807,20.391720013522036,20.17164494941125,19.95394501764885,19.73859458491879,19.525568294549352,19.314841063527496,19.106388079545432,18.900184798079067,18.696206939497998,18.494430486206653,18.294831679816344,18.097387018347778,17.902073253463815,17.708867387732063,17.517746671917006,17.328688602301387
31,95.42,93.19,91.96,91.76,89.68,88.46,99.61,94.7,96.95,103.37,101.7,105.04,108.62,107.88,112.45,112.48,103.95,105.87,102.47,101.44,111.54,103.81,104.33,100.41,93.95,99.12,101.22,97.67,83.16,85.4,81.51,80.43,81.67,76.45,71.4,83.16,78.96,90.12,85.39,79.55,87.38,88.76,89.47,76.07,75.33,75.51,74.21,73.21,72.59,72.17,71.91,71.66,71.35,71.01,70.69,70.32,69.76,69.16,68.34,67.52,66.83,66.12,65.5,64.77,64.04,63.33,62.61,61.92,61.14,60.5,59.83,59.15,58.44,57.88,57.32,56.52,55.92,55.38,54.75,54.08,53.44,52.8,52.31,51.79,51.23,50.73,50.05,49.44,48.98,48.37,47.82,47.4,46.99,46.43,45.92550715671974,45.42649596385777,44.93290685963495,44.44468092945049,43.96175989884996,43.48408612656965,43.01160259765652,42.544252916662934,42.08198130091532,41.62473257385597,41.172452158457205,40.72508607070703,40.282580913165695,39.84488386859214,39.41194269363979,38.98370571262077,38.56012181133796,38.14114043098399,37.726711562106566,37.316785738639375,36.91131403199785,36.510248045239,36.11353990728488,35.721142267208606,35.33300828858266,34.94909164388845,34.56934650898672,34.19372755764795,33.822189956142275,33.45468935788815,33.09118189815912,32.73162418884819,32.375973313289,32.02418682113335,31.676222723284294,31.33203948688437,30.991596030358252,30.654851718509263,30.32176635766917,29.9923001909007,29.666413893252138,29.344068567063562,29.02522573732398,28.70984734707901,28.3978957528884,28.089333720332917,27.784124419570073,27.482231420938124,27.183618690607844,26.88825058628152,26.59609185293874,26.30710761862834,26.0212633903061,25.738525049717687,25.458858849326294,25.182231408284572,24.90860970845026,24.637961090445216,24.370253249757145,24.10545423288379,23.843532433518945,23.58445658877996,23.328195775476203,23.074719406418087,22.823997226766178,22.575999310420023,22.33069605644615,22.088058185544927,21.848056736555797,21.610663063000477,21.375848829663738,21.143586009211315,20.913846878844573,20.686604016991545,20.46183030003387,20.23949889906936,20.019583276709696,19.802057183912943,19.586894656850472,19.374070013807927,19.163557852119865,18.955333045137706,18.749370739230624,18.545646350819034,18.344135563440297,18.144814324846315
32,97.04,102.95,103.97,99.73,97.04,105.54,97.57,105.86,96.03,109.2,103.79,99.56,94.52,108.71,113.6,114.82,104.29,118.17,116.16,117.3,109.35,116.16,111.71,112.82,100.68,110.18,110.91,92.67,93.59,96.49,80.87,75.82,85.69,77.82,99.36,94.2,87.39,79.43,86.78,94.05,99.5,89.25,89.19,86.02,81.24,80.75,79.13,77.77,76.85,76.23,75.85,75.55,75.2,74.74,74.3,73.82,73.3,72.83,72.13,71.31,70.58,69.88,69.19,68.37,67.57,66.83,66.08,65.31,64.51,63.77,63.06,62.38,61.63,60.96,60.46,59.85,59.04,58.34,57.68,57.06,56.54,55.91,55.28,54.62,53.98,53.48,52.93,52.31,51.77,51.18,50.51,49.95,49.52,48.99,48.45995581528716,47.93564640987107,47.4170097366724,46.90398441992622,46.3965097479188,45.89452566580292,45.39797276849095,44.90679229362485,44.42092611462212,43.940316733797175,43.46490727555693,42.994641479670186,42.5294636946097,42.069318870966434,41.61415255493488,41.16391088186903,40.718540569907965,40.2779889136705,39.84220377801793,39.41113359188438,38.98472734217384,38.56293456772325,38.14570535333085,37.73299032384927,37.32474063834239,36.92090798430547,36.52144457194787,36.126303128537515,35.73543689280666,35.348799609418116,34.966345523491356,34.5880293751879,34.213806394355174,33.84363229522843,33.47746327118995,33.11525598958489,32.75696758659332,32.4025556621577,32.0519782749652,31.70519393748434,31.362161611055342,31.02284070103362,30.68719105198574,30.355172942937422,30.026747082672948,29.701874605085397,29.380517064577223,29.062636431510565,28.74819508770682,28.437155821994846,28.12948182580744,27.825136688825303,27.524084394668296,27.2262893166332,26.931716213477642,26.640330225249627,26.352096869162196,26.066982035512698,25.784951983646245,25.505973337962807,25.230013083967545,24.95703856436383,24.687017475188586,24.419917861989404,24.155708116043034,23.894356970614798,23.635833497258457,23.38010710215613,23.127147522497808,22.876924822900012,22.629409391863252,22.384571938267758,22.14238348790717,21.902815380059717,21.665839264096466,21.43142709612632,21.199551135677268,20.970183942413577,20.743298372888475,20.518867577331974,20.296864996473477,20.077264358398722,19.860039675440735,19.645165241104472,19.432615627024653,19.222365679956592
33,101.36,98.42,100.88,106.36,99.99,102.19,108.56,118.18,111.53,103.03,104.15,105.82,112.73,120.59,114.07,112.5,112.85,120.59,116.68,108.75,121.77,112.45,113.37,109.0,117.68,107.88,113.47,112.63,96.97,91.14,88.74,91.86,86.55,84.62,89.11,92.96,85.65,98.16,97.51,93.7,105.96,96.1,94.91,93.73,88.03,86.62,84.83,83.12,81.8,80.85,80.18,79.79,79.4,78.89,78.38,77.79,77.25,76.75,76.2,75.4,74.53,73.88,73.2,72.38,71.47,70.66,69.87,68.97,68.21,67.45,66.71,65.97,65.18,64.47,63.79,63.13,62.41,61.65,60.96,60.38,59.78,59.15,58.41,57.67,57.14,56.51,55.9,55.35,54.67,54.06,53.47,52.85,52.35,51.86,51.31221573703881,50.770217582807824,50.23394442008169,49.70333577720109,49.1783318212538,48.65887335132773,48.144901791835274,47.63635918590818,47.13318818886215,46.635332061730516,46.14273466486616,45.65534045161111,45.173094462032864,44.69594231672703,44.2238302106853,43.75670490722828,43.294513732002365,42.837204567040004,42.38472584488278,41.93702654276649,41.494056176867666,41.0557647966109,40.62210297903629,40.19302182322633,39.76847294479172,39.34840847041543,38.932781032454336,38.52154376359795,38.114650291583494,37.712054733966866,37.31371169294878,36.9195762502556,36.52960396207423,36.14375085404051,35.761973416280526,35.3842285985043,35.01047380515139,34.64066689058763,34.27476615435268,33.912730336457784,33.55451861273318,33.20009059022463,32.84940630263862,32.50242620583562,32.15911117337102,31.8194224920831,31.483321857727592,31.150771370658468,30.821733531554177,30.49617123718918,30.174047776250084,29.855326825195924,29.539972444162267,29.227949072908526,28.919221526808055,28.613754992880676,28.311515025867042,28.0124675443445,27.716578826883975,27.423815508247444,27.134144575625605,26.8475333649152,26.563949557035798,26.283361174285336,26.005736576734265,25.731044458657728,25.45925384500545,25.190334087908877,24.924254863225286,24.660986167118292,24.400498312674582,24.1427619265563,23.887747945688847,23.635427613983648,23.385772479095515,23.13875438921431,22.894345489890444,22.652518220893946,22.41324531310669,22.176499785447444,21.94225494182943,21.710484368149974,21.481161929311998,21.254261766276944,21.029758293148827,20.80762619428912
34,105.68,107.32,105.62,108.89,100.32,114.08,113.97,121.24,108.23,104.79,111.71,113.51,113.97,120.76,121.29,114.84,114.49,112.93,116.32,113.47,134.23,117.49,117.65,109.21,111.27,110.35,114.98,122.87,110.1,108.33,99.74,89.19,94.3,92.7,97.99,100.23,95.72,99.9,93.47,106.26,104.07,98.89,105.13,105.82,95.71,93.4,91.2,89.16,87.52,86.2,85.1,84.37,83.86,83.39,82.96,82.35,81.72,81.06,80.4,79.72,78.87,78.14,77.47,76.68,75.77,74.91,74.1,73.2,72.37,71.61,70.79,70.0,69.25,68.4,67.48,66.77,66.12,65.32,64.66,64.06,63.25,62.55,61.87,61.21,60.6,59.83,59.15,58.55,57.88,57.2,56.65,56.05,55.43,54.86,54.26241838646105,53.671346138303804,53.08671235000386,52.508446888399895,51.93648038428042,51.3707442240622,50.81117054155925,50.25769220984165,49.71024283318287,49.16875673909489,48.633168970450114,48.10341527768902,47.57943211111272,47.06115661325954,46.54852661136452,46.041480609901164,45.53995778320436,45.04389796817368,44.553241657056205,44.06792999030786,43.58790474953262,43.11310835049858,42.64348383623007,42.17897487017508,41.71952572944709,41.265081298140444,40.81558706071866,40.370989095474705,39.93123406806244,39.49626922509864,39.066042387834635,38.640501945896915,38.2195968510959,37.80327661130214,37.39149128438925,36.98419147224282,36.58132831483458,36.18285348436107,35.78871917944623,35.39887811940712,35.013283538582044,34.631889180720535,34.254649293434404,33.88151862270926,33.512452407475784,33.147406374240155,32.78633673177298,32.42920016585602,32.07595383408625,31.726555360736377,31.380962831671454,31.039134789320812,30.701030227704788,30.366608587515582,30.035829751251764,29.70865403840572,29.38504220070355,29.064955417396835,28.748355290605627,28.43520384071224,28.125463501805175,27.819097117172667,27.516067934845346,27.21633960318745,26.919876166536035,26.626642060887708,26.33660210963234,26.049721519333268,25.765965875553402,25.485301138726886,25.207693640075657,24.93311007757052,24.6615175119362,24.39288336269993,24.127175404283058,23.86436176213525,23.60441090891079,23.347291660686526,23.092973173221022,22.84142493825447,22.592616779848875,22.346518850768142,22.10310162889755,21.862335913702292,21.624192822724517,21.388643788118593
35,107.97,120.4,120.97,115.67,120.42,103.9,118.06,118.84,121.13,119.89,122.09,123.69,122.94,117.72,117.47,128.44,108.03,122.85,127.58,125.59,122.25,117.51,127.99,126.37,117.55,123.02,124.72,134.59,131.79,103.92,108.02,97.81,100.58,103.72,102.12,101.7,103.92,108.17,110.49,113.3,119.54,101.7,116.92,113.99,103.66,101.14,98.62,96.26,94.23,92.45,91.06,90.03,89.14,88.52,88.08,87.46,86.76,86.13,85.4,84.64,83.88,83.12,82.27,81.41,80.6,79.61,78.7,77.89,77.04,76.17,75.32,74.49,73.66,72.69,71.73,71.08,70.37,69.52,68.82,68.09,67.27,66.48,65.79,65.14,64.3,63.53,62.96,62.28,61.56,60.83,60.22,59.54,58.88,58.31,57.66769198582764,57.0324592517971,56.40422386086265,55.78290873448631,55.16843764318111,54.56073519715841,53.95972683707831,53.36533882490188,52.77749823484429,52.19613294442742,51.62117162563112,51.05254373614201,50.49017951069853,49.93400995253144,49.38396682489856,48.83998264271275,48.30199066426216,47.76992488302165,47.24372001955438,46.72331151350267,46.208635515667055,45.69962888017258,45.19622915672141,44.698374582930754,44.206004076755235,43.719057228992654,43.237474295872396,42.76119619172542,42.29016448173498,41.824321374767294,41.36360971628105,40.90797298131508,40.45735526755337,40.011701288466284,39.57095636652746,39.13506642650542,38.70397798882899,38.27763816302595,37.85599464123377,37.43899569178204,37.026590152845394,36.618727426166465,36.21535747084799,35.816430797213236,35.42189846073407,35.031712056025974,34.64582371090911,34.26418608053491,33.88675234157726,33.51347618648774,33.14431181781418,32.77921394258163,32.41813776673545,32.06103898964545,31.70787379867063,31.35859886378378,31.013171332255318,30.671548823395632,30.3336894233554,29.999551679983135,29.66909459773942,29.34227763266711,29.019060687417024,28.699404106328323,28.383268670563172,28.070615593294946,27.761406514949467,27.45560349849862,27.153169024805866,26.854065988022985,26.55825769103755,26.265707840970524,25.97638054472348,25.690240304574843,25.407252013824674,25.1273809524874,24.850592783031995,24.576853546169097,24.306129656684533,24.038387899318714,23.773595424691436,23.5117197452716,23.25272873139126,22.99659060730365,22.74327394728458,22.4927476717768
36,130.32,110.36,121.56,114.72,131.97,122.7,124.08,128.37,134.16,133.28,129.12,131.11,130.87,126.91,134.89,127.32,109.0,126.84,127.24,137.28,127.25,131.96,126.33,132.13,131.89,130.12,126.35,125.93,127.18,114.12,118.4,101.92,110.12,99.03,113.46,113.1,120.9,114.8,108.71,122.79,131.94,118.5,130.01,121.5,111.58,109.51,106.98,104.49,102.03,99.8,98.09,96.69,95.44,94.51,93.84,93.22,92.53,91.91,91.11,90.18,89.42,88.63,87.7,86.81,85.88,84.84,83.91,83.05,82.14,81.21,80.3,79.4,78.47,77.54,76.62,75.73,74.98,74.2,73.39,72.61,71.71,70.8,70.08,69.35,68.53,67.84,67.14,66.46,65.67,64.83,64.23,63.55,62.87,62.2,61.52686354457753,60.86101185905247,60.20236610670154,59.55084830398271,58.906381311301935,58.268888823879834,57.63829536271725,57.01452626565852,56.3975076785515,55.78716654650324,55.183430605230306,54.58622837250271,53.99548913968038,53.41114296334137,52.83312065700042,52.261353782917446,51.69577464399441,51.136316275760045,50.58291243844128,50.03549760912041,49.49400697397728,48.958376420615245,48.42854253047036,47.90444257130255,47.386014489768215,46.873196904073026,46.36592909670442,45.864151007242604,45.36780322524941,44.87682698323416,44.39116414969554,43.91075722223891,43.435549320767926,42.96548418075009,42.5005061465549,42.04056016486434,41.585591778154495,41.135547118247864,40.6903728999353,40.25001641466711,39.81442552431236,39.38354865498572,38.95733479094109,38.53573346853143,38.1186947702338,37.70616931873917,37.298108271106116,36.89446331297789,36.49518665286193,36.10023101647143,35.70954964112803,35.3230962702251,34.94082514775105,34.56269101287173,34.18864909457162,33.81865510635293,33.45266524099207,33.090636165352905,32.73252501525612,32.37828939040408,32.02788734936067,31.68127740458545,31.33841851752148,30.999270093736424,30.663791978116144,30.331944450110335,30.00368821902965,29.67898441939366,29.357794606329197,29.040080751018504,28.72580523619659,28.4149308516974,28.1074207900481,27.803238642111108,27.502348392773232,27.204714416681508,26.910301474025147,26.619074706363165,26.33099963249713,26.046042144388615,25.7641685031208,25.485345334903787,25.209539627123164,24.936718724431298,24.66685032488096,24.399902476100785
37,136.44,142.76,124.62,135.63,133.47,142.31,130.57,129.15,139.75,147.04,145.61,134.65,130.58,134.97,133.28,133.27,135.85,138.31,129.97,149.5,132.96,142.71,136.52,136.4,142.47,136.21,130.52,131.27,132.18,124.37,128.77,114.61,123.9,111.39,116.27,111.71,126.17,135.21,130.89,140.57,137.34,126.22,138.29,126.99,119.95,118.47,115.94,113.42,110.76,108.18,106.03,104.24,102.6,101.3,100.31,99.54,98.88,98.18,97.24,96.26,95.42,94.49,93.61,92.7,91.63,90.61,89.75,88.78,87.72,86.72,85.69,84.74,83.85,82.88,81.96,80.93,80.0,79.21,78.33,77.5,76.6,75.59,74.75,74.05,73.35,72.61,71.75,70.94,70.09,69.19,68.48,67.82,67.2,66.46,65.7451717661919,65.03803205787057,64.33849817905201,63.64648832321095,62.96192156371399,62.28471784435569,61.61479796999644,60.95208359730106,60.29649722557699,59.64796218771101,59.006402641203444,58.371743559298835,57.743910722211986,57.122830708448355,56.508430886217866,55.90063940494098,55.299385186846244,54.70459791865806,54.116208043374044,53.534146752130646,52.9583459761564,52.38873837881163,51.82525734771383,51.267836986947714,50.71641210935908,50.17091822893151,49.63129155324513,49.09746897601641,48.56938806971829,48.046987078279585,47.530204909863,47.01898112972075,46.5132559531271,46.01297023838684,45.518065479919045,45.028483801415106,44.54416794907051,44.06506128488928,43.59110778006047,43.122252008405965,42.658439139898654,42.19961493425039,41.74572573456891,41.29671846108292,40.85254060493477,40.413140222039814,39.97846592701185,39.54846688715384,39.12309281651343,38.702293970002174,38.286021137578196,37.87422563849131,37.466859315590135,37.06387452969036,36.66522415400358,36.27086156862616,35.8807406550872,35.494815790955364,35.113041844503485,34.73537416943072,34.36176859964142,33.99218144408012,33.62656948162216,33.264889956019196,32.907100570899104,32.553159484819645,32.203025306375366,31.85665708935711,31.514014327963565,31.175056952064363,30.839745322514098,30.508040226516748,30.179902873039964,29.855294888278685,29.53417831116752,29.216515588941444,28.90226957274419,28.591403513283915,28.283881056535567,27.979666239489507,27.67872348594581,27.38101760235386,27.08651377369664,26.795177559419333,26.50697488940167,26.22187205997365
38,160.86,143.52,146.03,138.72,132.65,147.07,139.27,140.57,146.29,152.15,150.25,166.55,151.37,138.8,151.61,143.8,144.52,137.98,145.22,141.84,149.47,138.44,138.73,137.23,136.07,142.55,136.94,153.98,144.18,140.09,131.11,126.07,133.15,144.22,127.4,120.5,120.54,125.43,132.92,136.42,159.14,135.49,138.96,136.37,128.43,127.96,125.52,122.93,120.15,117.32,114.8,112.61,110.62,108.92,107.5,106.41,105.6,104.88,103.9,102.87,101.94,100.89,99.85,98.93,97.84,96.78,95.87,94.83,93.71,92.7,91.62,90.55,89.62,88.63,87.62,86.57,85.64,84.68,83.63,82.8,81.97,81.01,80.01,79.14,78.4,77.6,76.76,75.86,74.95,74.05,73.16,72.4,71.8,71.06,70.29883353863693,69.5458203897127,68.80087321818682,68.063905624517,67.33483213463855,66.61356819005088,65.90003013801052,65.19413522182884,64.49580157127403,63.80494819307559,63.12149496153073,62.44536260921135,61.776472717770496,61.11474770884736,60.460110835069706,59.812486171152614,59.171798605092604,58.53797382945615,57.91093833276137,57.290619390952145,56.676945058963554,56.06984416237756,55.469246289168225,54.875081781535194,54.287281727824805,53.7057779545376,53.130503018421564,52.56139019864993,51.998373489082944,51.441387590612344,50.890367903587965,50.345250520325386,49.8059722176939,49.27247044978383,48.744683340652415,48.22254967714738,47.7060089018074,47.195001105838585,46.68946702216623,46.18934801856096,45.69458609083854,45.20512385613247,44.720904546238685,44.241872001031595,43.767970661950486,43.2991455655559,42.83534233715485,42.37650718449445,41.922586891523046,41.47352881221814,41.02928086448052,40.589791524093684,40.15500981874807,39.72488532212922,39.29936814806928,38.878408944761226,38.46195888903493,38.04996968069468,37.64239353691722,37.23918318670991,36.840291865428185,36.44567330935176,36.05528175031892,35.66907191041829,35.28699899673748,34.909018696167976,34.53508717026565,34.16516105016635,33.79919743155595,33.4371538696943,33.07898837449239,32.72465940564237,32.374125867799634,32.02734710581658,31.684282900027377,31.344893461583236,31.00913942783773,30.67698185778142,30.348382227525487,30.023302425833684,29.701704749702174,29.383551899986703,29.068806977076612,28.7574334766152,28.449395285265936,28.144656676523955
39,161.39,164.36,167.62,157.5,165.09,149.07,150.84,156.77,158.35,162.48,176.04,166.63,163.6,165.57,156.2,170.3,156.35,155.68,154.17,154.47,163.74,153.73,155.19,159.67,143.33,149.67,154.27,150.54,154.26,153.96,139.18,140.79,145.74,136.23,134.24,135.8,142.43,136.08,139.3,160.41,166.3,164.27,152.93,138.49,137.83,137.94,135.7,133.08,130.21,127.28,124.43,121.8,119.47,117.4,115.67,114.2,112.99,112.09,111.17,110.14,109.07,107.91,106.65,105.6,104.58,103.4,102.29,101.25,100.13,99.06,98.0,96.83,95.79,94.82,93.74,92.57,91.6,90.58,89.48,88.5,87.57,86.68,85.67,84.62,83.72,82.93,82.1,81.11,80.11,79.27,78.38,77.44,76.68,75.9,75.07902971696542,74.26693943664002,73.46363310871628,72.6690157218123,71.88299329223418,71.10547285286002,70.33636244214432,69.57557109324117,68.82300882324498,68.07858662254786,67.34221644431192,66.6138111940555,65.89328471935198,65.1805517996402,64.4755281361448,63.77813034190587,63.088275931916264,62.40588331336568,61.73087177599023,61.06316148252638,60.40267345926819,59.74932958672668,59.10305259039016,58.46376603158462,57.83139429843287,57.205862596911544,56.58709694200477,55.975024148953615,55.36957182460007,54.770668358824764,54.178242916077224,53.5922254269978,53.01254658013014,52.439137813723384,51.87193130762296,51.31085997524918,50.75585745566251,50.206858105714716,49.66379699228486,49.126609884599375,48.5952332466351,48.0696042296045,47.54966066452231,47.035341054852324,46.52658456923401,46.02333103428755,45.525520927496856,45.033095370169534,44.54599612047294,44.06416556654564,43.587546719683324,43.11608320759846,42.64971926775281,42.18839974076213,41.73207006387215,41.28067626450513,40.83416495387628,40.392483320679126,39.95557912483923,39.523400691335546,39.09589690408844,38.67301719991399,38.254711562543584,37.84093051670817,37.43162512228664,37.026746968517365,36.62624816827239,36.23008135239358,35.83819966409002,35.45055675339598,35.06710677168887,34.687804366266505,34.31260467498295,33.94146332094244,33.57433640725072,33.211180511823066,32.85195268224857,32.49661043070991,32.14511172895807,31.797415003341456,31.453479129888738,31.113263429444906,30.776727662859912,30.44383202622939,30.114537146186827,29.788804075246635
40,218.07,190.2,183.67,174.9,201.47,183.0,162.34,170.73,177.56,164.78,174.5,175.41,182.21,170.15,174.83,186.22,168.79,158.32,168.88,169.06,173.69,168.93,170.94,164.41,160.1,156.91,160.41,164.53,175.12,160.12,155.81,158.02,150.84,161.22,149.67,151.83,143.17,157.82,153.61,168.17,175.59,167.27,175.87,160.39,149.69,148.62,146.26,143.79,141.05,138.05,134.96,131.99,129.32,126.9,124.74,122.93,121.34,120.03,118.93,117.97,116.84,115.57,114.28,113.03,111.9,110.68,109.51,108.4,107.11,105.85,104.82,103.71,102.57,101.5,100.34,99.11,98.02,96.97,95.85,94.72,93.61,92.58,91.57,90.58,89.61,88.68,87.73,86.68,85.71,84.91,84.03,83.03,81.98,81.11,80.21925233188732,79.3382868288375,78.46699606339743,77.60527378787928,76.75301492140412,75.91011553708826,75.07647284937003,74.25198520147579,73.43655205302368,72.63007396776332,71.83245260145046,71.04359068985438,70.26339203689741,69.49176150292438,68.72860499310102,67.97382944593984,67.22734282195192,66.48905409242332,65.75887322831477,65.03671118928334,64.32247991282455,63.6160923035338,62.91746222248566,62.226504476729936,61.5431348089029,60.867269886952776,60.19882729397794,59.53772551817682,58.883883942908064,58.237222836859935,57.59766334432768,56.96512747559756,56.339538097436666,55.72081892368698,55.108894505962866,54.50369022445066,53.90513227880937,53.31314767917116,52.72766423724082,52.148610557492944,51.575916028465656,51.00951081415015,50.4493258454746,49.89529281188179,49.34734415299899,48.80541305039958,48.26943341945495,47.739339901275926,47.21506785474282,46.69655334862281,46.18373315377402,45.676544735435186,45.174926245599984,44.67881651547508,44.18815504802109,43.70288201057531,43.22293822755566,42.748265173244555,42.278804964652146,41.814500354457905,41.35529472402971,40.90113207651964,40.4519570300355,40.00771481088745,39.568351246908705,39.133812760849686,38.70404636384456,38.278999648949736,37.85862078475311,37.44285850905367,37.03166212261041,36.62498148295991,36.222766998301836,35.82496962145155,35.4315408438592,35.0424326896944,34.657597709995954,34.276988976885775,33.900560077846386,33.52826511006121,33.16005867481709,32.7958958719682,32.43573229446084,32.079524022918264,31.727227620285056,31.378800126530287
41,222.12,227.03,204.33,195.49,198.94,191.88,189.1,195.49,178.72,200.43,188.42,197.57,190.22,193.06,195.18,183.64,187.95,186.32,189.05,192.72,180.1,183.61,181.86,160.28,182.43,175.24,166.96,184.92,182.58,168.01,166.3,151.39,166.84,169.05,157.71,174.04,175.55,163.64,156.89,185.42,195.05,186.09,180.73,175.64,162.19,160.39,157.57,155.01,152.36,149.43,146.2,143.0,140.01,137.24,134.67,132.53,130.54,128.72,127.3,126.22,125.18,123.91,122.49,121.17,119.86,118.54,117.38,116.11,114.73,113.4,112.29,111.11,109.8,108.58,107.39,106.15,104.92,103.84,102.73,101.52,100.31,99.12,98.05,97.06,95.98,94.91,93.89,92.84,91.82,90.87,89.97,88.92,87.76,86.78,85.81388849878724,84.85853260293027,83.91381257154367,82.97960999680318,82.05580778910485,81.1422901623895,80.23894261963048,79.34565193848302,78.46230615709338,77.58879456006589,76.72500766458637,75.87083720669982,75.02617612774114,74.1909185609167,73.36495981803537,72.54819637638735,71.74052586576889,70.94184705565169,70.15205984249495,69.37106523719879,68.59876535269731,67.83506339168974,67.07986363450827,66.33307142712083,65.59459316926753,64.86433630272914,64.14220929972616,63.42812165144704,62.721983856704185,62.023707410716135,61.333204794014726,60.65038946147572,59.97517583147151,59.30747927514468,58.64721610580087,57.994303568419866,57.34865982928325,56.71020396571781,56.078855955952875,55.45453666909069,54.83716785518849,54.22667213545085,53.622972992531366,53.02599476094222,52.43566261757055,51.85190257230036,51.274641458738905,50.70380692504625,50.13932742486696,49.58113220836274,49.02915131334488,48.48331555650548,47.94355652474623,47.409806566603784,46.88199878377055,46.36006702270989,45.84394586636472,45.33357062595828,44.82887733288638,44.32980273069974,43.83628426717563,43.34826008647788,42.86566902140404,42.38845058571888,41.91654496657331,41.449893017007646,40.98843624853831,40.532116823827096,40.08087754943209,39.6346618686392,39.193413854373574,38.75707820218987,38.325600223340615,37.898925837921716,37.47700156809427,37.05977453138185,36.64719243404237,36.239203564513836,35.835756786932976,35.43680153472602,35.04228780427093,34.65216614863007,34.26638767135274,33.88490402034664,33.507667381817626,33.13463047427688
42,246.78,234.42,238.57,217.1,217.35,212.96,232.35,202.46,204.47,211.31,218.13,196.63,208.92,202.8,209.23,201.62,207.73,193.33,195.47,184.92,200.75,190.89,194.65,186.01,189.55,185.43,200.99,181.77,193.93,178.51,190.83,157.33,186.49,160.53,184.1,175.06,177.73,193.55,169.1,185.33,203.73,192.78,196.19,178.93,175.63,173.59,169.99,166.81,163.94,161.17,158.05,154.64,151.42,148.36,145.5,143.0,140.61,138.49,136.75,135.22,134.01,132.73,131.21,129.87,128.4,126.91,125.62,124.25,122.82,121.47,120.24,118.9,117.51,116.25,115.01,113.69,112.37,111.25,110.04,108.76,107.61,106.34,105.14,104.02,102.77,101.61,100.57,99.52,98.37,97.26,96.22,95.1,94.07,93.04,92.00787214638638,90.98719407680332,89.97783877447294,88.97968063166243,87.99259543405296,87.0164603452821,86.05115389165749,85.09655594704043,84.15254771789671,83.21901172851373,82.29583180638133,81.38289306773484,80.48008190325861,79.58728596394799,78.7043941471283,77.83129658262877,76.96788461910991,76.11405081054258,75.26968890283703,74.43469382062023,73.60896165415996,72.79238964643385,71.98487618034204,71.18632076606153,70.39662402854081,69.61568769513343,68.84341458336843,68.07970858885676,67.32447467333164,66.57761885282163,65.83904818595501,65.10867076239381,64.3863956913961,63.67213309050532,62.9657940743649,62.267290743657114,61.576536174164566,60.89344440595301,60.21793043267424,59.549910190987525,58.88930055009857,58.23601930141433,57.589985148312756,56.9511176960259,56.31933744163535,55.69456576417859,55.07672491486512,54.46573800740115,53.86152900842155,53.26402272802806,52.67314481043232,52.08882172470283,51.510980755614476,50.93954999459959,50.374458330799385,49.81563544221471,49.26301178695491,48.71651859458375,48.176087857561434,47.64165232278148,47.11314548320152,46.59050156956692,46.073655542226206,45.56254308303734,45.05710058736371,44.55726515615898,44.06297458813963,43.57416737204452,43.09078267898015,42.61276035485088,42.14004091287319,41.6725655261729,41.210276020464576,40.75311486681209,40.30102517446952,39.853950683801486,39.41183575928197,38.97462538257087,38.542265145667294,38.114701244138864,37.69188047042608,37.27375020722098,36.86025842091928,36.45135365514513,36.046985024347656,35.64710220746865
43,266.75,244.36,264.42,249.75,247.9,246.28,237.73,241.03,212.78,229.4,232.75,219.63,210.96,225.8,237.15,229.76,221.52,234.01,207.07,203.49,208.63,220.68,223.73,214.4,212.88,200.61,198.07,205.21,205.8,186.81,186.97,192.63,185.8,182.99,183.75,206.11,201.57,205.37,186.14,208.56,225.46,195.08,214.93,213.61,190.87,187.95,183.73,179.77,176.35,173.43,170.48,167.11,163.66,160.37,157.25,154.29,151.6,149.23,147.07,145.2,143.61,142.17,140.77,139.28,137.68,136.07,134.56,133.13,131.64,130.21,128.83,127.4,125.96,124.6,123.24,121.83,120.5,119.29,117.93,116.49,115.26,114.02,112.69,111.42,110.1,108.88,107.82,106.64,105.44,104.25,103.05,101.92,100.88,99.81,98.71772669727639,97.63740671554109,96.56890924331836,95.51210490067116,94.46686572353521,93.43306514822419,92.41057799610476,91.39928045843916,90.39905008139378,89.40976575121162,88.43130767954726,87.46355738896209,86.50639769857838,85.5597127098904,84.62338779273064,83.69730957138984,82.78136591088867,81.87544590339985,80.9794398548188,80.09323927148115,79.21673684702577,78.3498264494014,77.49240310801568,76.64436300102459,75.80560344276113,74.97602287130155,74.15552083616763,73.34399798616352,72.54135605734575,71.74749786112487,70.96232727249723,70.1857492184056,69.41766966622728,68.65799561238794,67.90663507110023,67.16349706322569,66.42849160525839,65.70152969842918,64.98252331792926,64.2713854022516,63.56802984264896,62.87237147270745,62.18432605803397,61.503810286056705,60.83074175593711,60.165038968592306,59.50662131682677,58.85540907557185,58.21132339223227,57.574286277138135,56.94422059410152,56.32105005107636,55.70469919092057,55.09509338225919,54.4921588104477,53.89582246863398,53.30601214891832,52.72265643361,52.14568468657963,51.57502704470613,51.01061440941727,50.45237843832285,49.90025153693934,49.3541668505052,48.81405825588569,48.27986035356629,47.75150845973377,47.22893859844384,46.712087493874634,46.20089256266485,45.695291906335825,45.19522430379647,44.700629203930305,44.21144671826354,43.72761761371343,43.24908330541601,42.775785849632264,42.307667936731995,41.844672884254415,41.38674463004468,40.933827725465605,40.48586732868359,40.04280919802803,39.60459968542347,39.17118572989352,38.74251485113598
44,298.82,299.4,284.9,285.07,276.9,271.34,274.42,267.75,260.01,236.25,243.44,243.56,240.22,245.45,235.38,235.96,243.13,249.04,227.04,228.17,219.89,216.1,223.0,229.0,209.93,226.67,211.08,207.57,223.47,232.46,208.51,205.63,203.83,203.99,207.31,224.51,193.56,215.68,211.93,228.87,249.63,203.04,228.05,217.65,205.36,203.15,198.99,194.53,190.42,186.8,183.67,180.52,176.99,173.55,170.14,166.75,163.74,161.01,158.51,156.42,154.51,152.71,151.19,149.69,148.02,146.29,144.63,143.03,141.44,139.95,138.39,136.81,135.32,133.83,132.35,130.93,129.47,128.09,126.75,125.18,123.73,122.44,121.08,119.69,118.3,116.97,115.73,114.5,113.24,111.91,110.74,109.62,108.4,107.21,106.03592735174706,104.87471214760731,103.72621358379885,102.59029239850288,101.46681085497754,100.35563272485643,99.25662327163033,98.16964923430949,97.09457881126511,96.03128164424761,94.97962880258,93.93949276752426,92.91074741681906,91.89326800938669,90.88693117020753,89.89161487536015,88.90719843722522,87.93356248985144,86.97058897448184,86.01816112523841,85.07616345496366,84.1444817412171,83.22300301242518,82.31161553418285,81.41020879570515,80.5186734964271,79.63690153275056,78.76478598493584,77.90222110413733,77.04910229958065,76.20532612588063,75.37079027049782,74.54539354133263,73.72903585445519,72.92161822196964,72.12304274001127,71.33321257687514,70.55203196127472,69.77940617072906,69.01524152007721,68.25944535011831,67.51192601637622,66.77259287798705,66.0413562867085,65.31812757604949,64.6028190505189,63.89534397499192,63.19561656419301,62.50355197229394,61.819066282625755,61.14207649750342,60.472500528161866,59.810257184802325,59.15526616674758,58.50744805270504,57.86672429113652,57.23301719073342,56.60624991099617,55.98634645291697,55.37323164976444,54.76683115796926,54.16707144810955,53.573879795995126,52.98718427384917,52.40691374158665,51.832997838188206,51.265366973168426,50.70395231813768,50.14868579845624,49.59950008497991,49.05632858589592,48.51910543864838,47.98776550195201,47.46224434789346,46.94247825411901,46.42840419610791,45.919959839530335,45.41708353268895,44.91971429904331,44.42779182981615,43.9412564766806,43.46004924452746,42.984111784311764,42.51338638597758,42.04781597146042,41.587344087766134
45,358.55,338.49,334.15,328.25,333.92,322.05,294.25,300.9,288.86,297.12,268.28,261.19,268.93,248.02,269.57,285.86,261.55,272.1,256.5,243.11,255.31,260.32,230.31,235.66,252.24,238.51,237.79,242.31,235.81,242.66,223.41,214.21,230.5,226.73,209.54,222.93,223.04,239.34,235.65,257.76,253.73,255.58,238.85,234.39,220.57,218.93,215.37,211.07,206.48,202.02,198.3,194.93,191.57,188.1,184.45,180.9,177.49,174.3,171.48,169.04,166.76,164.65,162.84,161.21,159.5,157.84,156.08,154.25,152.43,150.63,149.01,147.31,145.73,144.22,142.63,141.11,139.54,138.03,136.61,135.03,133.47,131.96,130.49,129.05,127.57,126.14,124.67,123.33,122.06,120.63,119.39,118.18,116.87,115.5,114.22584559849554,112.96574720944886,111.71954977199293,110.48709993583638,109.26824604239303,108.06283810611954,106.87072779605914,105.69176841758873,104.52581489436741,103.37272375048431,102.23235309280307,101.10456259350131,99.98921347280267,98.88616848189929,97.79529188606273,96.71644944794117,95.64950841104093,94.59433748339015,93.55080682138271,92.51878801380037,91.49815406601128,90.48877938434252,89.49053976062541,88.50331235691104,87.52697569035448,86.56140961826584,85.60649532332606,84.66211529896601,83.72815333490665,82.80449450285894,81.89102514238127,80.98763284689315,80.09420644984297,79.21063601102848,78.33681280306814,77.47262929802174,76.61797915415856,75.77275720287156,74.9368594357359,74.11018299171025,73.29262614447917,72.48408828993539,71.6844699337998,70.89367267937847,70.11159921545425,69.33815330431237,68.57323976989782,67.81676448610357,67.06863436518789,66.32875734631952,65.5970423842491,64.87339943810568,64.15773946031676,63.44997438565062,62.75001712037944,62.05778153156203,61.37318243644478,60.69613559197957,60.02655768445721,59.364366319255375,58.7094800106995,58.061818172035686,57.42130110551404,56.787849992581535,56.161386884183074,55.54183469116943,54.9291171748111,54.323158937416814,53.72388541305547,53.13122285838044,52.54509834355516,51.96543974327875,51.39217572791067,50.82523575469328,50.264550059071254,49.7100496461067,49.161666281989014,48.61933248563846,48.08298152040222,47.55254738584224,47.02796480961349,46.50916923943197,45.99609683513121,45.48868446080647,44.98686967704557,44.49059073324544
46,387.26,374.47,372.67,355.66,364.53,365.11,343.81,331.15,322.25,325.19,338.55,289.24,288.85,278.38,291.43,296.82,275.82,285.34,294.8,275.75,285.63,281.08,270.5,265.39,263.18,261.02,245.17,256.44,257.65,241.83,234.55,228.11,237.46,238.59,232.65,236.84,235.12,258.26,249.39,281.69,278.79,269.8,254.12,257.36,239.07,236.02,232.71,228.9,224.4,219.55,214.95,210.89,207.28,203.9,200.3,196.53,192.89,189.47,186.25,183.29,180.57,178.24,176.22,174.14,172.3,170.74,168.83,166.77,164.81,162.87,161.05,159.3,157.6,155.93,154.25,152.55,150.88,149.3,147.71,146.05,144.4,142.75,141.13,139.54,137.99,136.48,134.91,133.38,131.95,130.56,129.19,127.71,126.35,124.9,123.52327859992873,122.16173223439239,120.81519363521812,119.48349737796143,118.16647986158353,116.86397928835267,115.57583564396705,114.30189067789684,113.04198788394271,111.79597248100899,110.56369139408838,109.34499323545651,108.13972828607379,106.94774847719204,105.7689073721641,104.60306014845379,103.45006357984435,102.3097760188427,101.18205737927791,100.06676911909143,98.96377422331685,97.87293718724749,96.79412399978939,95.72720212699785,94.6720404957954,93.62850947786923,92.59648087374626,91.57582789704348,90.56642515889212,89.56814865253344,88.5808757380842,87.60448512747031,86.63885686952624,85.68387233525891,84.73941420327391,83.80536644536237,82.8816143122467,81.9680443194835,81.06454423352173,80.17100305791473,79.28731101968405,78.41335955583372,77.54904130001306,76.69425006932659,75.84888085128928,75.01282979092558,74.18599417801067,73.36827243445238,72.5595641018121,71.75976982896336,70.9687913598863,70.18653152159688,69.4128942122089,68.64778438912776,67.89110805737444,67.14277225803785,66.40268505685488,65.670755532916,64.94689376749554,64.23101083300502,63.5230187820682,62.82283063671669,62.130360377704505,61.44552293394048,60.76823417203714,60.09841088597481,59.435970786879544,58.780832492913895,58.132915519278995,57.49214026832681,56.85842801978153,56.231700921068594,55.61188197775039,54.99889504406739,54.392664813583465,53.79311680993443,53.20017737767846,52.61377367324741,52.033833655997874,51.46028607936087,50.89306048208908,50.332087179600585,49.777297255417956,49.228622552701836,48.68599566587769,48.14934993235494
47,446.91,433.54,417.66,398.24,379.46,392.01,382.12,379.16,374.87,364.57,320.54,333.99,321.31,301.86,306.18,309.24,325.59,327.5,308.18,314.07,318.1,321.83,309.25,292.2,290.26,285.46,272.44,292.02,258.33,255.79,236.72,253.77,244.32,250.09,268.49,272.27,271.79,265.96,264.6,288.5,311.84,281.53,286.3,282.9,259.19,255.64,251.63,247.98,243.92,239.16,234.03,229.1,224.83,221.24,217.66,213.82,210.02,206.42,202.9,199.46,196.41,193.86,191.49,188.98,186.78,185.01,183.18,181.1,178.91,176.91,174.99,172.97,171.07,169.24,167.41,165.6,163.73,161.95,160.22,158.45,156.73,155.01,153.3,151.5,149.75,148.1,146.42,144.83,143.2,141.65,140.22,138.64,137.09,135.58,134.08306510039964,132.6026578161824,131.13859566641983,129.69069818495024,128.25878689813368,126.84268530285249,125.44221884475493,124.05721489673886,122.68750273767299,121.33291353135319,119.99328030569102,118.6684379321321,117.35822310530168,116.06247432287498,114.78103186566976,113.51373777795872,112.2604358479992,111.02097158877795,109.79519221896837,108.58294664409816,107.3840854379247,106.19846082401634,105.02592665753667,103.86633840723033,102.71955313760733,101.5854294913244,100.46382767176063,99.3546094257856,98.25763802671773,97.17277825747082,96.09989639388671,95.03886018825175,93.98953885299555,92.95180304456957,91.92552484750367,90.91057775863872,89.9068366715334,88.914177861043,87.9324789680686,86.96161898447458,86.0014782381727,85.05193837837078,84.11288236098443,83.18419443420956,82.26576012425447,81.35746622122933,80.45920076519144,79.57085303234464,78.69231352139106,77.82347394003345,76.96422719162679,76.114467361977,75.27408970628562,74.4429906362385,73.62106770723712,72.80821960577079,72.00434613692845,71.20934821204813,70.42312783650299,69.64558809762202,68.8766331527443,68.11616821740492,67.36409955365153,66.6203344584899,65.88478125245685,65.1573492683195,64.4379488398994,63.72649129101972,63.02288892457477,62.32705501172012,61.63890378118202,60.958350408684886,60.28531100649557,59.61970261308293,58.961443182891756,58.310451576229454,57.66664754926445,57.02995174413502,56.400285679167325,55.77757173920142,55.16173316602416,54.55269404890759,53.95037931525195,53.354714721331916,52.76562684314499,52.183043067361
48,472.48,457.32,485.25,466.4,445.1,430.97,397.62,430.27,403.28,375.53,393.65,373.08,374.59,317.73,351.33,335.89,337.56,339.16,334.76,335.71,341.13,329.01,340.27,324.6,329.5,315.22,288.57,302.18,285.66,280.84,276.12,263.72,269.28,267.15,266.14,281.17,284.98,283.52,277.8,318.12,352.56,307.48,316.99,291.69,282.31,278.5,273.18,268.88,264.88,260.58,255.54,250.18,245.16,240.71,236.84,233.09,229.1,225.14,221.43,217.75,214.35,211.43,208.7,205.95,203.46,201.34,199.39,197.44,195.17,192.79,190.68,188.42,186.24,184.29,182.31,180.3,178.28,176.33,174.39,172.44,170.57,168.7,166.9,165.0,163.08,161.34,159.5,157.72,155.91,154.19,152.6,150.94,149.28,147.61,145.975161308907,144.35842909803816,142.75960283101776,141.17848419248907,139.61487706351576,138.06858749725583,136.5394236949045,135.0271959819042,133.53171678441748,132.0528006060607,130.5902640048956,129.14392557067532,127.7136059023427,126.29912758577773,124.90031517179138,123.5169951543633,122.14899594912042,120.79614787205391,119.45828311847198,118.13523574218566,116.82684163492517,115.53293850598422,114.25336586208981,112.98796498749492,111.73657892429175,110.49905245294292,109.27523207302835,108.0649659842054,106.86810406737978,105.68449786608508,104.5140005680686,103.35646698708088,102.21175354486721,101.07971825335841,99.9602206970589,98.85312201562978,97.75828488666501,96.67557350865799,95.60485358415721,94.54599230310806,93.49885832637948,92.46332176947283,91.43925418641126,90.42652855380754,89.42501925510831,88.43460206501287,87.45515413406443,86.48655397341223,85.52868143974214,84.58141772037449,83.64464531852657,82.71824803873876,81.80211097246168,80.89612048380329,80.00016419543363,79.1141309746458,78.23791091957128,77.3713953455478,76.51447677163846,75.66704890729993,74.82900663919827,74.00024601817113,73.18066424633379,72.37015966432854,71.56863173871494,70.77598104949985,69.9921092778056,69.21691919367466,68.45031464400947,67.69220054064574,66.94248284855797,66.20106857419543,65.4678657539475,64.74278344273662,64.02573170273769,63.3166215922223,62.61536515452661,61.92187540714135,61.23606633092269,60.55785285942258,59.88715086833727,59.2238771650727,58.56794947842545,57.919286448377946,57.277807616006776,56.64343341350267
49,575.01,537.7,535.23,522.9,478.82,482.8,459.59,462.55,450.68,433.47,433.62,416.3,399.33,396.56,380.88,393.23,371.68,359.98,373.0,381.6,390.69,389.83,358.58,366.54,339.2,340.52,326.99,327.72,310.89,299.07,289.74,289.08,295.28,295.34,306.51,299.77,318.55,319.72,304.06,353.78,377.26,334.79,341.69,339.12,310.97,305.48,298.19,292.58,287.92,283.67,279.01,273.7,268.18,262.92,258.45,254.33,250.22,246.21,242.19,238.23,234.51,231.11,228.0,225.04,222.33,219.88,217.49,215.32,213.27,210.82,208.26,205.86,203.45,201.09,198.97,196.87,194.75,192.57,190.43,188.35,186.25,184.13,182.13,180.21,178.16,176.18,174.27,172.3,170.23,168.44,166.65,164.77,163.01,161.18,159.39121380761108,157.6222796814964,155.87297730212475,154.14308879508548,152.4323987039524,150.74069396344893,149.06776387291077,147.41340007004345,145.77739650497088,144.15954941457198,142.5596572971021,140.9775208870962,139.4129431305504,137.86572916037895,136.33568627214396,134.82262390005388,133.32635359322884,131.84668899222916,130.38344580584442,128.9364417881401,127.50549671575901,126.09043236547461,124.69107249199334,123.30724280600352,121.93877095246754,120.58548648915543,119.24722086541611,117.92380740118476,116.61508126622282,115.32087945958841,114.04104078933494,112.77540585243442,111.52381701492425,110.28611839227376,109.06215582996909,107.8517768843132,106.65483080343921,105.47116850853433,104.30064257527219,103.14310721545127,101.99841825883699,100.86643313520554,99.74701085658677,98.6400119997042,97.5452986886101,96.46273457751296,95.3921848337958,94.33351612122287,93.2865965833327,92.25129582701538,91.22748490627244,90.21503630615636,89.21382392688898,88.22372306815568,87.24461041357408,86.27636401533515,85.31886327901456,84.37198894855285,83.43562309140208,82.50964908383747,81.59395159643194,80.68841657969197,79.7929312498528,78.90738407483124,78.0316647603345,77.165664236123,76.30927464242592,75.46238931650717,74.62490277938069,73.79671072267315,72.97770999563235,72.1677985922799,71.3668756387064,70.57484138050778,69.7915971703608,69.01704545573672,68.25108976675111,67.49363470414868,66.74458592742127,66.00385014305792,65.27133509292509,64.54694954277609,63.830603270887885,63.12220705682399,62.42167267032218,61.72891286030547
50,652.43,593.08,579.71,573.19,545.71,548.88,528.54,530.95,491.24,499.21,483.49,468.24,464.6,423.59,448.84,399.08,409.59,394.46,419.19,440.54,395.75,414.76,415.03,377.85,394.5,377.51,352.07,375.65,338.56,331.7,312.29,312.22,305.77,310.5,346.39,342.02,326.97,335.36,341.75,382.34,401.83,371.63,375.43,364.86,342.81,336.3,327.51,320.08,314.02,308.86,304.23,299.33,293.85,288.1,282.78,277.98,273.59,269.47,265.26,261.06,257.15,253.38,249.75,246.49,243.51,240.63,237.89,235.33,233.05,230.83,228.24,225.49,222.83,220.18,217.67,215.43,213.12,210.71,208.46,206.22,203.93,201.62,199.39,197.32,195.08,192.88,190.81,188.64,186.45,184.38,182.31,180.34,178.37,176.44,174.47758577715769,172.53699806520865,170.6179941036938,168.72033383220253,166.84377986034232,164.98809743804176,163.15305442618444,161.33842126756898,159.5439709581924,157.76947901885268,156.01472346706726,154.27948478930384,152.5635459135199,150.86669218200805,149.18871132454294,147.52939343182697,145.88853092923168,144.26591855083055,142.66135331372126,141.07463449263318,139.50556359481737,137.9539443352158,136.41958261190686,134.902286481824,133.40186613674422,131.91813387954372,130.45090410071788,128.99999325516194,127.56521983921037,126.14640436793132,124.74336935267377,123.3559392788642,121.98394058405056,120.62720163619014,119.28555271217898,117.95882597662022,116.64685546082845,115.34947704206762,114.06652842301992,112.79784911148295,111.54328040029276,110.30266534747014,109.07584875658772,107.86267715735556,106.6629987864224,105.47666356839085,104.30352309704328,103.1434306167769,101.99624100424509,100.86181075020302,99.73999794155516,98.63066224360247,97.53366488248706,96.44886862783207,95.37613777557459,94.31533813098972,93.26633699190312,92.22900313209064,91.20320678486222,90.18881962682863,89.18571476184877,88.19376670515521,87.21285136765673,86.24284604041505,85.28362937929448,84.33508138978225,83.39708341197748,82.46951810574741,81.55226943604853,80.64522265841097,79.74826430458445,78.86128216834378,77.98416529145226,77.11680394978124,76.25908963958405,75.41091506392249,74.57217411924444,73.74276188211068,72.92257459606938,72.11150965867645,71.30946560866049,70.5163421132302,69.73203995552323,68.95646102219446,68.18950829114239,67.43108581937203
51,688.1,680.01,635.81,628.06,630.99,625.43,591.67,564.95,543.21,564.26,541.11,506.84,524.6,494.68,474.89,460.33,459.1,449.83,440.32,435.84,443.27,438.0,424.35,439.1,430.43,429.05,397.61,397.92,384.36,369.47,350.84,334.54,343.27,346.79,345.81,346.86,352.1,358.7,362.04,414.7,417.76,397.98,401.58,406.99,375.1,370.18,361.01,351.97,343.86,337.23,331.88,327.08,321.93,316.1,310.1,304.51,299.56,294.99,290.73,286.41,282.14,278.12,274.22,270.55,267.06,263.84,260.93,258.05,255.19,252.68,250.25,247.38,244.4,241.62,238.81,236.13,233.53,230.95,228.47,226.09,223.68,221.17,218.69,216.3,213.94,211.63,209.24,206.84,204.58,202.25,199.91,197.8,195.63,193.48,191.33482991080834,189.21344395802126,187.11557843987114,185.04097257832984,182.98936848669263,180.96051113752102,178.9541483309413,176.9700306632945,175.00791149613391,173.06754692556638,171.14869575193345,169.2511194498288,167.3745821384479,165.51885055226663,163.68369401204484,161.86888439615151,160.07419611220774,158.29940606904404,156.54429364896905,154.80864068034487,153.09223141046738,151.39485247874657,149.7162928901845,148.05634398914725,146.41479943342787,144.79145516859643,143.18610940263505,141.5985625808537,140.0286173610843,138.47607858914992,136.94075327460578,135.42245056674938,133.92098173089644,132.4361601249201,130.96780117605007,129.515722357929,128.07974316792343,126.65968510468599,125.25537164596669,123.86662822667006,122.49328221715551,121.13516290177846,119.7921014576692,118.46393093374735,117.15048622996844,115.85160407680125,114.56712301493218,113.29688337519487,112.04072725872236,110.79849851731915,109.5700427340511,108.35520720405039,107.15384091553327,105.96579453102841,104.79092036881322,103.62907238455622,102.48010615316265,101.3438788508216,100.22024923725199,99.10907763814569,98.01022592780497,96.92355751197262,95.84893731085243,94.78623174231798,93.73530870530739,92.69603756340243,91.66828912858954,90.65193564520095,89.64685077403385,88.65290957664556,87.66998849982298,86.69796536022406,85.73671932918971,84.78613091772394,83.84608196164068,82.9164556068752,81.99713629495842,81.08800974865227,80.18896295774421,79.29988416499947,78.42066285226885,77.55118972675061,76.69135670740467,75.84105691151748,75.00018464141583,74.16863537132787
52,783.84,772.75,742.54,694.24,716.14,675.37,641.82,626.8,594.47,587.4,601.64,584.91,574.55,563.49,538.38,547.7,508.92,506.46,493.44,475.58,476.56,484.42,471.36,492.28,456.09,443.48,435.79,421.82,419.37,418.53,402.58,363.76,376.32,367.72,363.97,383.55,391.66,394.09,380.7,437.99,481.23,423.76,442.57,417.45,406.44,406.22,397.53,387.9,378.29,369.76,362.9,357.25,351.98,346.53,340.51,334.28,328.61,323.43,318.75,314.25,309.64,305.24,301.24,297.25,293.31,289.73,286.44,283.23,280.08,277.04,274.24,271.48,268.46,265.36,262.37,259.32,256.29,253.48,250.74,248.1,245.47,242.74,240.04,237.35,234.77,232.28,229.7,227.16,224.59,222.07,219.65,217.25,214.78,212.37,210.02140531615828,207.69878368401393,205.40184786821763,203.13031380994875,200.88390059178636,198.66233040296848,196.46532850503556,194.29262319785403,192.1439457860155,190.0190305456077,187.91761469135253,185.83943834410798,183.78424449872915,181.75177899228484,179.7417904726255,177.75403036729895,175.78825285280973,173.84421482421845,171.92167586507733,170.02039821769833,168.14014675374986,166.28068894517887,164.4417948354544,162.62323701112922,160.8247905737159,159.04623311187387,157.28734467390433,155.54790774054882,153.82770719808917,152.1265303117446,150.44416669936317,148.78040830540394,147.13504937520725,145.50788642954922,143.89871823947772,142.3073458014268,140.73357231260607,139.1772031466625,137.63804582961106,136.11591001603202,134.61060746553085,133.12195201945914,131.64975957789238,130.19384807686268,128.75403746584317,127.33014968548136,125.92200864557887,124.52944020331454,123.15227214170844,121.79033414832405,120.44345779420594,119.11147651305048,117.79422558060668,116.49154209430512,115.20326495311187,113.9292348376055,112.66929419027419,111.42328719603077,110.1910597629434,108.97245950317915,107.76733571415845,106.57553935991795,105.39692305267933,104.23134103462218,103.07864915985829,101.93870487660534,100.81136720955772,99.69649674245227,98.59395560082697,97.50360743497008,96.42531740305803,95.35895215447974,94.30437981334528,93.26146996217697,92.23009362578091,91.2101232552967,90.2014327124237,89.20389725382171,88.2173935156841,87.24179949848153,86.27699455187457,85.32285935979296,84.37927592567992,83.4461275578998,82.52329885530688,81.6106756929739
53,919.25,877.77,824.6,811.35,795.56,768.87,725.04,738.7,707.71,672.39,669.7,657.5,661.44,606.82,623.54,586.42,593.98,568.2,559.98,526.1,521.78,515.47,516.51,510.32,474.46,507.6,502.16,469.26,460.69,444.27,437.66,407.89,414.09,394.96,397.77,403.37,386.35,429.24,415.78,470.58,484.38,452.18,469.65,445.94,439.5,443.7,436.4,427.15,417.15,407.11,398.16,391.02,384.93,379.45,373.76,367.42,361.17,355.19,349.74,344.88,340.11,335.32,330.93,326.77,322.6,318.55,314.78,311.15,307.63,304.28,301.05,297.99,295.04,291.8,288.35,285.09,281.75,278.5,275.51,272.59,269.61,266.61,263.69,260.78,257.97,255.17,252.31,249.57,246.77,243.96,241.35,238.7,235.87,233.23,230.64042274662415,228.07959784222228,225.54720604643563,223.04293166346466,220.5664625027136,218.11748983987178,215.69570837842699,213.30081621160642,210.9325147847399,208.59050885804126,206.27450646980273,203.98421889999813,201.71936063429015,199.47964932843723,197.2648057730957,195.07455385901255,192.90862054260498,190.76673581192182,188.64863265298294,186.55404701649272,184.48271778492253,182.43438673995922,180.4087985303148,178.4057006398935,176.42484335631227,174.4659797397711,172.52886559226843,170.613259427159,168.71892243904907,166.84561847402637,164.99311400022043,163.1611780786897,161.34958233463198,159.55810092891463,157.78651052992066,156.03459028570754,154.3021217964751,152.58888908733914,150.89467858140736,149.2192790731543,147.56248170209147,145.92407992673057,144.3038694988351,142.70164843795828,141.11721700626353,139.55037768362442,138.00093514300133,136.46869622609137,134.9534699192486,133.45506732967166,131.97330166185597,130.50798819430696,129.05894425651246,127.62598920617002,126.20894440666788,124.80763320481526,123.42188090882048,122.05151476651314,120.69636394380838,119.35625950341024,118.03103438375132,116.72052337816635,115.42456311429711,114.14299203372589,112.87565037183506,111.62238013789043,110.38302509534552,109.15743074236468,107.94544429256244,106.74691465595666,105.56169242013314,104.38962983161952,103.23058077746575,102.08440076702927,100.95094691396233,99.83007791839937,98.7216540493421,97.62553712724026,96.54159050676562,95.46967905977748,94.40966915847709,93.36142865874923,92.32482688368869,91.29973460730974,90.28602403843637,89.2835688047714
54,1008.64,990.48,942.69,913.83,914.2,865.03,837.67,805.71,772.44,742.09,738.75,690.3,716.34,661.37,666.4,669.68,644.77,650.05,636.98,548.74,592.9,553.92,562.18,556.08,524.09,552.7,537.89,520.06,480.75,487.36,455.37,454.51,458.8,442.07,441.49,433.83,443.9,448.03,447.36,517.43,534.65,494.94,498.92,482.33,477.28,482.67,477.19,469.34,459.62,449.09,438.64,429.47,422.02,415.63,409.74,403.74,397.31,390.59,384.25,378.77,373.69,368.71,363.84,359.22,354.82,350.42,346.27,342.31,338.29,334.6,331.09,327.45,324.14,320.97,317.27,313.59,310.07,306.41,302.91,299.67,296.48,293.22,290.04,286.86,283.72,280.58,277.43,274.43,271.48,268.47,265.49,262.5,259.53,256.68,253.84244035562278,251.0362495157313,248.26108070280605,245.51659097290204,242.8024411732691,240.11829590044093,237.46382345878703,234.83869581952345,232.24258858017618,229.67518092449282,227.1361555827974,224.6251987927836,222.14200026074133,219.68625312321166,217.25765390906616,214.8559025020051,212.4807021034702,210.13175919596767,207.80878350679643,205.51148797217743,203.23958870177938,200.992804943637,198.7708590494565,196.5734764403053,194.40038557268042,192.2513179049525,190.1260078641802,188.02419281329213,185.9456130186311,183.89001161785717,181.85713458820587,179.84673071509707,177.85855156109076,175.89235143518638,173.9478873624612,172.02491905404452,170.12320887742374,168.2425218270788,166.3826254954411,164.54329004417338,162.72428817576755,160.92539510545603,159.14638853343365,157.38704861738702,155.64715794532714,153.92650150872254,152.22486667592946,150.54204316591574,148.87782302227507,147.23200058752852,145.60437247771048,143.99473755723508,142.40289691404084,140.8286538350098,139.27181378165852,137.73218436609812,136.20957532725922,134.7037985073808,133.21466782875814,131.74199927074818,130.28561084702895,128.8453225831106,127.4209564940947,126.01233656267974,124.6192887174096,123.24164081116247,121.87922259987765,120.5318657215175,119.19940367526196,117.88167180093302,116.57850725864671,115.28974900869005,114.0152377916204,112.75481610858482,111.508328201857,110.27562003558943,109.0565392767782,107.85093527643839,106.65865905098738,105.47956326383424,104.31350220717228,103.16033178397323,102.01990949018031,100.89209439709806,99.77674713397704,98.67372987079096
55,1155.63,1114.65,1041.66,1013.24,975.15,950.49,943.52,912.58,831.69,855.79,823.39,798.12,782.66,750.62,757.4,741.57,711.25,712.71,672.87,652.13,620.58,627.77,636.28,583.18,590.69,591.11,603.37,576.72,571.11,545.77,528.71,497.02,477.71,483.44,494.16,510.22,468.14,484.73,471.34,555.24,570.61,527.42,533.7,537.08,519.0,523.73,519.58,513.61,505.29,495.15,484.18,473.4,463.82,455.86,449.06,442.91,436.67,429.84,422.96,416.65,410.86,405.42,400.25,395.21,390.36,385.71,381.14,376.73,372.48,368.39,364.35,360.27,356.43,352.89,349.28,345.36,341.29,337.42,333.57,329.68,326.16,322.71,319.23,315.74,312.3,308.85,305.38,302.05,298.78,295.56,292.25,288.94,285.75,282.65,279.5380480813934,276.4603584827717,273.41655397897154,270.4062614980458,267.42911207553715,264.4847408092548,261.5727868145492,258.69289318007975,255.8447069240683,253.02787895103563,250.24206400901326,247.4869206472269,244.7621111742456,242.06730161659166,239.40216167780636,236.76636469796622,234.15958761364521,231.58151091831743,229.03181862319605,226.51019821850326,224.0163406351669,221.54994020693826,219.11069463292745,216.6983049405512,214.31247544888822,211.95291373243856,209.61933058528163,207.31143998562874,205.0289590607663,202.7716080523847,200.539110282289,198.33119211848702,196.1475829416512,193.98801511194904,191.8522239362395,189.73994763562985,187.6509273133903,185.58490692322152,183.54163323787165,181.52085581809888,179.52232698197562,177.54580177453082,175.59103793772633,173.6577958807639,171.74583865071924,169.854931903499,167.98484387511803,166.13534535329245,164.30620964934573,162.49721257042393,160.7081323920169,158.9387498307821,157.18884801766754,155.4582124713306,153.7466310718496,152.05389403472475,150.37979388516538,148.72412543266014,147.0866857458275,145.46727412754265,143.86569209033877,142.28174333207878,140.715233711895,139.16597122639385,137.6337659861224,136.11843019229414,134.6197781137708,133.1376260642978,131.6717923799903,130.222097397067,128.78836342982916,127.37041474888221,125.96807755959688,124.58117998080768,123.20955202374579,121.85302557120396,120.51143435693074,119.18461394525171,117.87240171091487,116.57463681915812,115.2911602059961,114.02181455872413,112.76644429663666,111.52489555195822,110.29701615098419,109.08265559542915
56,1244.23,1192.05,1218.46,1140.8,1120.55,1100.78,1063.38,1019.98,983.75,970.37,887.12,871.69,869.14,827.15,832.69,826.57,802.49,774.31,764.79,763.32,714.33,669.18,683.44,644.3,625.07,661.68,649.01,616.52,610.12,624.55,575.77,557.6,539.01,510.14,552.13,541.21,539.22,527.96,546.15,602.26,625.82,569.38,567.39,584.82,562.92,568.36,564.62,560.01,553.56,544.73,534.03,522.72,511.57,501.56,493.24,486.07,479.58,473.03,466.07,459.11,452.47,446.27,440.6,435.23,429.98,424.94,420.04,415.2,410.51,405.95,401.36,396.91,392.61,388.39,384.43,380.52,376.2,371.9,367.76,363.39,359.29,355.48,351.61,347.77,344.0,340.31,336.53,332.82,329.23,325.56,321.93,318.41,314.81,311.34,307.9138341854105,304.5253718852716,301.1741981882572,297.8599027489658,294.5820797376744,291.3403277906458,288.1342499609817,284.9634536700178,281.82755065925284,278.7261569428071,275.6588927604041,272.62538253086956,269.6252548061421,266.65814222579013,263.72368147202917,260.8215132252342,257.9512821199416,255.1126367013353,252.30522938221185,249.52871640041866,246.7827577767612,244.0670172733731,241.38116235254427,238.72486413600234,236.0977973646421,233.4996403586981,230.93007497835535,228.38878658479388,225.8754640016616,223.3897994769715,220.93148864541755,218.50023049110618,216.09572731069716,213.71768467695026,211.3658114026733,209.03981950506682,206.73942417046086,204.4643437194403,202.21429957235344,199.98901621520065,197.78822116589794,195.61164494091219,193.45902102226322,191.3300858248892,189.22457866437108,187.1422417250123,185.08282002826957,183.04606140153138,181.03171644723966,179.03953851235178,177.06928365813812,175.12071063031206,173.19358082948918,171.28765828197092,169.40270961085002,167.53850400743408,165.6948132029832,163.87141144075912,162.06807544838148,160.28458441048863,158.5207199416992,156.7762660598711,155.05100915965488,153.34473798633823,151.65724360997805,149.98831939981753,148.3377609989844,146.70536629946793,145.09093541737099,143.49427066843472,141.91517654383256,140.35345968623022,138.80892886610968,137.2813949583534,135.77067091908614,134.27657176277197,132.798914539563,131.3375183128975,129.8922041373445,128.4627950366923,127.04911598227807,125.65099387155573,124.2682575069,122.90073757464347,121.54826662434452,120.21067904828317
57,1404.72,1408.91,1355.05,1262.12,1252.38,1213.42,1233.58,1130.21,1093.61,1056.44,1027.59,980.19,1018.7,953.97,916.6,897.34,927.1,851.46,908.37,813.93,792.28,767.48,762.37,729.42,698.16,693.22,670.49,683.48,654.55,657.46,620.2,594.63,607.85,582.74,603.08,563.91,586.7,600.32,564.65,650.74,661.26,637.46,625.87,614.5,609.58,617.89,614.02,609.88,604.71,597.54,588.17,577.21,565.49,553.93,543.53,534.9,527.4,520.46,513.54,506.27,498.99,492.07,485.69,479.78,474.11,468.5,463.16,458.1,452.99,447.77,442.69,437.76,432.98,428.31,423.65,419.34,415.07,410.51,405.82,401.08,396.51,392.06,387.76,383.55,379.32,375.25,371.25,367.2,363.19,359.12,355.08,351.23,347.39,343.48,339.7108366631904,335.9830340817655,332.29613838521533,328.6497006835589,325.04327701269034,321.4764282803254,317.94872021254065,314.45972330089904,311.0090127501565,307.5961684265416,304.22077480660323,300.8824209266194,297.58070033256104,294.3152110306057,291.0855554381929,287.8913403356178,284.7321768181554,281.6076802487103,278.5174702109863,275.4611704631692,272.4384088921187,269.4488174680622,266.4920321997865,263.5676930903207,260.6754440931053,257.81493306864303,254.98581174162442,252.18773565852445,249.42036414566445,246.683360267734,243.9763907867682,241.29912612157483,238.65124030760705,236.0324109572764,233.4423192207009,230.88064974688447,228.34709064532177,225.84133344802504,223.36307307196677,220.91200778193536,218.48783915379786,216.09027203816592,213.71901452446068,211.37377790537172,209.05427664170608,206.76022832762322,204.49135365625122,202.24737638568024,200.0280233053296,197.83302420268333,195.66211183039113,193.5150218737303,191.39149291842466,189.29126641881655,187.2140866663883,185.15970075862873,183.1278585682419,181.11831271269318,179.1308185240898,177.1651340193917,175.22101987094968,173.29823937736643,171.39655843467742,169.5157455078481,167.65557160258393,165.81581023744965,163.9962374162945,162.19663160098,160.41677368440716,158.65644696383958,156.91543711451914,155.1935321635715,153.49052246419765,151.80620067014908,150.14036171048247,148.49280276459191,146.86332323751492,145.25172473550938,143.65781104189855,142.08138809318118,140.52226395540362,138.98024880079143,137.45515488463727,135.94679652244253,134.45499006730944,132.97955388758191
58,1529.87,1526.63,1501.4,1421.95,1450.88,1358.47,1344.29,1240.8,1234.36,1169.25,1142.54,1121.75,1094.17,1019.32,1010.64,992.64,975.41,996.05,932.81,865.53,888.94,864.83,830.99,755.75,760.88,756.01,766.32,719.28,738.6,707.19,705.6,651.31,663.05,663.6,643.0,633.36,631.57,654.53,619.96,725.86,711.8,660.93,689.0,669.4,662.14,672.28,668.39,664.02,659.23,653.33,645.73,635.9,624.23,612.13,600.16,589.47,580.59,572.57,565.27,557.92,550.25,542.79,535.63,529.0,522.76,516.67,510.72,505.04,499.57,493.93,488.33,482.95,477.56,472.32,467.19,462.25,457.5,452.91,447.88,442.5,437.57,432.53,427.52,422.93,418.42,413.92,409.52,405.02,400.47,396.07,391.69,387.4,383.23,378.97,374.83355827132203,370.7422656314235,366.6956292798852,362.6931617951842,358.7343810759828,354.8188102830594,350.9459777818727,347.1154170857526,343.3266667997115,339.57927056486903,335.8727770034828,332.2067396645795,328.5807169701799,324.9942721621096,321.44697324939176,317.9383929562128,314.46810867045696,311.03570239280197,307.64076068637064,304.2828746269323,300.961639753647,297.67665602034793,294.4275277473556,291.2138635738177,288.0352764105693,284.8913833935073,281.78180583747456,278.7061691906467,275.66410298941656,272.655240813772,269.67922024316,266.7356828128327,263.82427397066994,260.94464303447324,258.09644314972564,255.27933124781288,252.49296800470003,249.7370178000601,247.01114867684777,244.31503230131514,241.64834392346341,239.01076233792645,236.4019698452813,233.8216522137809,231.2694986415047,228.745201718922,226.24845739186443,223.77896492490203,221.33642686511965,218.92054900628816,216.53104035342722,214.16761308775455,211.82998253201782,209.51786711620503,207.23098834362915,204.9690707573828,202.73184190715932,200.51903231643573,198.330375450014,196.16560768191678,194.02446826363314,191.90669929271127,189.81204568169397,187.74025512739283,185.69107808049836,183.66426771552125,181.65957990106213,179.67677317040568,177.71560869243572,175.7758502428677,173.85726417579522,171.9596193955473,170.0826873288525,168.22624189730712,166.39005949014376,164.57391893729724,162.7776014827644,161.00089075825474,159.2435727571286,157.50543580861986,155.78627055233997,154.0858699130603,152.40402907576964,150.7405454610042,149.09521870044642,147.46785061279067
59,1744.66,1687.52,1629.38,1615.89,1568.27,1597.16,1471.85,1439.23,1364.46,1285.07,1286.66,1230.47,1207.97,1152.17,1125.25,1119.55,1081.04,1054.56,1039.09,1000.83,974.12,953.06,914.44,855.28,830.19,807.72,815.58,803.59,790.19,763.53,730.02,726.78,763.83,730.7,687.1,719.15,702.31,685.74,679.75,790.52,784.63,725.86,709.64,737.74,717.73,730.08,726.93,722.42,717.3,711.78,705.32,697.04,686.62,674.7,662.11,649.68,638.74,629.4,621.18,613.5,605.65,597.74,589.87,582.45,575.59,568.98,562.48,556.03,549.87,543.91,537.9,531.88,525.96,520.11,514.39,508.82,503.32,498.25,493.2,487.54,481.97,476.54,470.88,465.61,460.69,455.78,450.91,445.96,440.94,436.12,431.36,426.53,421.91,417.37,412.82987907505276,408.33914525989576,403.8972613250909,399.50369588514326,395.1579233349314,390.85942378682876,386.6076830085088,382.4021923614276,378.24244873997463,374.1279545112863,370.05821745571353,366.03275070793734,362.0510726987246,358.11270709731804,354.2171827544519,350.36403364598857,346.5527988171674,342.7830223274608,339.0542531960293,335.3660453477708,331.7179575599561,328.10955340944525,324.5404012204779,321.01007401303156,317.51814945174203,314.06420979537864,310.64784184687005,307.268636903873,303.926190709879,300.6201034058528,297.34997948239703,294.1154277324374,290.91606120442185,287.7514971560297,284.62135700838377,281.52526630076073,278.46285464579404,275.4337556851646,272.43760704577267,269.4740502963871,266.5427309047659,263.6432981952437,260.7754053067794,257.9387091514618,255.1328703734652,252.35755330845237,249.6124259434185,246.89715987697247,244.2114302800501,241.55491585705434,238.9272988074186,236.328264787588,233.75750287341452,231.21470552296046,228.69956853970746,226.21179103616495,223.75107539787498,221.31712724780826,218.90965541114784,216.52837188045527,214.17299178121667,211.84323333776254,209.53881783955887,207.259469607865,205.00491596275359,202.7748871904903,200.5691165112671,198.38734004728798,196.22929679120028,194.09472857487086,191.9833800385009,189.89499860007723,187.8293344251556,185.78614039697302,183.7651720868849,181.7661877251239,179.78894817187683,177.8332168886763,175.89875991010345,173.98534581579833,172.09274570277512,170.22073315803834,168.36908423149674,166.53757740917212,164.7259935866995,162.93411604311538
60,1889.18,1869.56,1817.95,1767.7,1788.27,1764.34,1619.89,1616.68,1554.09,1484.67,1402.62,1396.06,1376.21,1274.19,1291.6,1241.75,1191.08,1158.08,1165.54,1154.06,1075.27,1082.41,1074.17,989.92,972.36,913.52,867.86,873.92,868.67,860.6,814.7,789.57,823.57,783.85,812.24,792.01,779.9,754.67,740.57,862.08,883.97,785.08,776.47,768.9,773.22,790.65,788.34,784.53,779.41,773.53,767.27,760.2,751.42,740.45,727.91,714.91,702.28,690.96,681.4,672.83,664.55,656.37,648.02,639.82,632.2,624.9,617.81,610.97,604.11,597.38,591.01,584.35,577.74,571.38,565.07,558.84,552.69,546.78,541.23,535.64,529.75,523.76,517.73,511.84,506.05,500.57,495.24,489.85,484.48,479.18,473.9,468.58,463.51,458.56,453.54706754690187,448.58893597434127,443.6850062045259,438.83468570872225,434.03738843566225,429.29253474073226,424.59955131593597,419.95787112062334,415.36693331297636,410.82618318224434,406.3350720817194,401.89305736244506,397.4996023076495,393.15417606789543,388.8562535969389,384.60531558828956,380.400848412464,376.2423440549253,372.12930005470145,368.0612194436737,364.0376106865293,360.05798762137147,356.1218694009763,352.2287804346946,348.37825033098676,344.5698138405869,340.803010800288,337.07738607734154,333.3924895144652,329.74787587545114,326.14310479137004,322.5777407073617,319.05135283000874,315.5635150752843,312.1138060170703,308.70180883623686,305.32711127027983,301.98930556350757,298.68798841777334,295.4227609437458,292.1932286127122,288.9990012089086,285.83969278237095,282.7149216023021,279.62431011094816,276.567484877979,273.5440765553679,270.5537198327641,267.5960533933536,264.67071987020165,261.77736580307374,258.9156415957273,256.0852014736714,253.28570344238753,250.51680924600726,247.77818432644185,245.06949778295842,242.3904223321981,239.7406342686312,237.1198134254448,234.52764313585783,231.96381019485912,229.42800482136357,226.91992062078225,224.43925454800143,221.98570687076653,219.5589811334663,217.15878412131275,214.784825824913,212.43681940522805,210.11448115891477,207.8175304840469,205.54568984621065,203.29868474497087,201.07624368070395,198.87809812179327,196.70398247218324,194.55363403928797,192.42679300225086,190.32320238055124,188.2426080029539,186.18475847679846,184.14940515762413,182.13630211912673,180.14520612344398,178.17587659176598
61,2079.08,1955.78,1999.13,1965.82,1971.93,1947.08,1877.36,1822.56,1759.19,1667.98,1605.16,1544.66,1525.94,1458.08,1404.01,1366.16,1340.38,1312.69,1248.22,1255.23,1207.18,1157.5,1143.61,1095.9,1038.12,1052.02,995.46,946.56,932.49,908.57,878.23,896.37,877.19,863.94,872.29,873.87,836.61,850.31,807.78,926.95,964.61,858.07,891.54,819.81,834.96,854.91,852.74,849.92,845.49,839.38,832.77,825.89,818.1,808.61,797.05,784.1,770.9,757.92,746.35,736.4,727.2,718.48,709.77,701.07,692.79,684.75,676.85,669.36,662.03,654.71,647.6,640.46,633.25,626.16,619.18,612.38,605.74,598.98,592.42,586.45,580.66,574.24,567.53,561.21,554.78,548.39,542.48,536.68,530.85,525.13,519.37,513.62,508.07,502.48,496.9562058727407,491.4931351604638,486.0901203268632,480.7465011739014,475.4616247611389,470.234845325952,465.06552420462543,459.9530297543144,454.8967372758636,449.8960289374743,444.95029369921195,440.0589272383418,435.22133187548724,430.4369165015982,425.7050965057235,421.0252937035768,416.3969362668879,411.81945865353055,407.2923015384186,402.81491174516145,398.3867421784714,394.0072517573136,389.6759053487906,385.3921737027548,381.1555333871383,376.965466723995,372.8214617262447,368.7230120351134,364.6696168582608,360.66078090858804,356.6960143437186,352.7748327061437,348.8967568640265,345.0613129526562,341.2680323165468,337.51645145217117,333.80611195132553,330.13656044511634,326.5073485485626,322.91803280580757,319.3681746359325,315.85734027936616,312.38510074488335,308.95103175718657,305.55471370506297,302.1957315901123,298.8736749760376,295.58813793849373,292.33871901548747,289.1250211583225,285.9466516830836,282.80322222265437,279.69434867926253,276.61965117754687,273.5787540181394,270.5712856317593,267.5968785338097,264.6551692794752,261.74579841931205,258.8684104553266,256.02265379753715,253.20818072101233,250.4246473233831,247.67171348282054,244.94904281647632,242.25630263937984,239.59316392378727,236.95930125897735,234.35439281148928,231.77812028579768,229.23016888541977,226.71022727445032,224.2179875395191,221.753145152167,219.31539893163523,216.90445100806394,214.52000678609542,212.1617749088771,209.8294672224606,207.52279874059192,205.24148760988885,202.98525507540097,200.7538254465486,198.54692606343588,196.36428726353424,194.2056423487321
62,2202.12,2251.44,2250.18,2159.57,2131.96,2151.42,2026.61,1999.72,1919.62,1854.34,1748.33,1742.27,1710.53,1633.08,1577.46,1541.6,1457.14,1446.47,1393.34,1357.01,1331.76,1317.59,1270.2,1269.11,1184.74,1139.53,1130.77,1043.15,985.35,1001.38,972.3,958.07,981.56,955.41,936.53,938.8,923.87,921.57,922.46,1035.97,1044.35,933.66,938.86,915.73,905.43,924.54,921.46,918.68,915.0,909.67,902.89,895.44,887.78,879.24,868.96,856.84,843.61,830.01,816.76,804.87,794.41,784.67,775.4,766.38,757.43,748.62,739.98,731.67,723.81,715.99,707.95,700.14,692.53,684.87,677.12,669.62,662.38,655.02,647.67,640.71,634.33,627.91,620.78,613.68,606.87,599.86,592.99,586.58,580.33,574.07,567.83,561.69,555.54,549.34,543.2892959503962,537.3052373653424,531.3870901785366,525.5341284090488,519.7456340722634,514.0208970918051,508.3592152124328,502.759893913894,497.2222463257278,491.7455931430064,486.3292625430041,480.9725901027853,475.67491871769886,470.43559852077135,465.2539868029874,460.1294479344485,455.0613532864,450.04908115411723,445.0920166806404,440.1895517813506,435.3410850693749,430.54602178181494,425.8037737067866,421.11375911126424,416.4754026697191,411.8881353935439,407.3513945612552,402.8646236494636,398.4272722646056,394.0387960754257,389.6986567462041,385.4063218707182,381.1612649069324,376.9629651124071,372.8109074804191,368.70458267678515,364.6434869773824,360.62712220635586,356.65499567500734,352.7266201213572,348.84151365037127,344.99919967484755,341.199206856952,337.4410690504006,333.72432524327587,330.04851950147514,326.41320091278084,322.8179235315468,319.262246323994,315.745733114109,312.2679525301379,308.8284779516699,305.42688745730374,302.06276377289004,298.73569422034484,295.44527066702585,292.1910894756666,288.9727514548624,285.7898618101013,282.64203009533423,279.52887016507964,276.4500001270539,273.40504229532536,270.39362314398295,267.41537326131584,264.46992730449756,261.5569239547692,258.6760058731166,255.82681965643508,253.0090157941777,250.22224862548055,247.4661762967603,244.74046071977924,242.04476753017153,239.378766046427,236.74212922932594,234.13453364182143,231.55565940936307,229.00519018065785,226.48281308886334,223.9882187132081,221.521101041035,219.08115743026266,216.66808857225996,214.28159845513014,211.92139432739862
63,2463.76,2368.54,2524.83,2424.14,2369.66,2322.71,2224.47,2219.26,2094.85,2066.09,2034.45,1957.92,1906.54,1775.74,1757.34,1744.0,1639.04,1607.49,1530.96,1492.53,1440.19,1424.21,1410.3,1277.06,1302.49,1260.32,1214.87,1218.93,1094.78,1097.33,1049.77,1025.55,1040.21,1032.28,1068.7,1051.74,1029.26,1043.94,986.31,1137.1,1125.2,1032.89,1006.55,970.88,983.33,1001.64,996.25,992.34,988.61,984.22,978.03,970.28,962.09,953.41,943.99,933.15,920.51,906.84,892.98,879.38,866.96,856.11,845.96,836.22,826.64,817.11,807.84,798.82,790.09,781.53,772.88,764.26,755.93,747.85,739.5,731.09,723.1,715.24,707.3,699.43,691.94,684.98,677.95,670.3,662.63,655.27,647.74,640.42,633.57,626.72,619.91,613.28,606.53,599.79,593.1604976043728,586.6042713587542,580.1205113389841,573.7084165730256,567.3671949420175,561.0960630824194,554.8942462892387,548.7609784203275,542.6955018017374,536.6970671341193,530.7649334001595,524.898367773038,519.0966455258979,513.359049942317,507.68487222776787,502.0734114220565,496.5239743127296,491.0358753494382,485.60843655924833,480.24098746288746,474.93286499191674,469.68341340681866,464.49198421599044,459.3579360956325,454.28063481052214,449.2594531356637,444.2937707788038,439.3829743038037,434.5264570548585,429.7236190815536,424.97386706474987,420.27661424328784,415.6312803415023,411.0372914975377,406.4940801924559,402.00108518012803,397.55775141790065,393.16352999802854,388.81787807986524,384.52025882280344,380.2701413199558,376.0670005325701,371.91031722516755,367.79957790139974,363.73427474061344,359.71390553511725,355.73797362814076,351.8059878524804,347.9174624698232,344.07191711074046,340.2688767153459,336.5078714746088,332.78843677231583,329.11011312767505,325.47244613855383,321.87498642534393,318.3172895754477,314.79891608837727,311.319431321461,307.87840543614965,304.4754133449163,301.1100346587434,297.7818536351893,294.49045912703014,291.23544453146843,288.0164077399032,284.83295108825575,281.6846813078441,278.57120947680016,275.49215097202483,272.44712542167304,269.4357566581646,266.45767267171453,263.51250556437634,260.5998915045942,257.7194706822566,254.87088726424736,252.05378935048762,249.26782893046405,246.51266184023697,243.7879477199244,241.0933499716554,238.42853571798852,235.79317576078972,233.18694454056484,230.6095200962416
64,2723.87,2751.59,2614.87,2602.57,2670.44,2524.41,2500.84,2496.38,2382.41,2308.8,2253.65,2178.04,2182.55,2038.61,2012.78,1944.74,1828.99,1802.32,1673.7,1611.29,1548.08,1563.04,1554.43,1477.65,1435.55,1393.14,1358.66,1288.49,1253.55,1190.13,1153.93,1113.16,1134.86,1138.44,1167.17,1129.9,1141.07,1073.55,1079.38,1205.76,1214.91,1120.46,1148.76,1083.35,1070.65,1087.22,1078.9,1072.69,1067.85,1063.32,1057.86,1050.73,1042.17,1032.87,1023.43,1013.21,1001.51,988.32,974.21,959.83,945.82,933.18,921.96,911.28,900.96,890.8,880.71,871.05,861.46,852.03,842.75,833.45,824.3,815.34,806.38,797.32,788.45,779.84,771.28,762.73,754.4,746.37,738.71,731.09,722.93,714.61,706.61,698.66,690.79,683.36,676.01,668.61,661.34,654.05,646.8073712503899,639.6449438175058,632.5618295913222,625.5571502963079,618.6300373825243,611.7796319179282,605.0050844818688,598.3055550597625,591.6802129389349,585.1282366056164,578.6488136430776,572.2411406308934,565.9044230453219,559.6378751607878,553.4407199524546,547.3121889998783,541.2515223917252,535.257968631547,529.3307845445985,523.4692351856864,517.6725937480405,511.94014147319194,506.27116756185,500.6649690857669,495.12085090057735,489.6381255596035,484.21611322861474,478.8541416015312,473.5515458170604,468.30766837625777,463.1218590609994,457.9934748533576,452.92187985587003,447.9064452126905,442.946549031614,438.0415763069646,433.19091884333744,428.3939751801851,423.65015051723924,418.95885664075763,414.31951185058847,409.73154088804205,405.194374864561,400.7074511911807,396.2702135087708,391.88211161904866,387.5426014163577,383.2511448202001,379.00720970851796,374.81026985171127,370.6598048473888,366.55530005583984,362.49624653622146,358.48214098345187,354.51248566580256,350.58678836318217,346.7045623061029,342.8653261153237,339.06860374216063,335.3139244094596,331.60082255322146,327.9288377648745,324.2975147341856,320.7064031928036,317.1550578584281,313.64303837959665,310.1699092810826,306.73523990989827,303.33860438189583,299.9795815289596,296.65775484678295,293.37271244322346,290.1240469872302,286.91135565833645,283.73424009671174,280.5923063537667,277.48516484330537,274.41243029321834,271.37372169771027,268.36866227005714,265.39687939588623,262.45800458697335,259.55167343555235,256.67752556912967,253.83520460580004,251.0243581100564
65,2990.62,2991.99,2932.37,2728.76,2956.51,2841.14,2740.54,2695.76,2655.31,2622.38,2522.37,2367.72,2402.41,2290.68,2213.53,2176.2,2063.48,1992.23,1925.14,1836.45,1728.33,1721.48,1656.03,1621.42,1550.1,1514.15,1497.53,1436.17,1327.05,1316.93,1227.46,1211.87,1239.37,1228.81,1227.03,1249.25,1197.06,1222.44,1200.41,1330.84,1349.41,1216.97,1205.26,1172.9,1167.39,1181.84,1170.63,1161.47,1154.24,1148.47,1142.88,1136.43,1128.26,1118.59,1108.5,1098.04,1086.85,1074.38,1060.49,1045.82,1031.07,1016.9,1003.97,992.22,980.86,969.91,959.19,948.63,938.21,927.91,917.83,907.79,897.93,888.08,878.28,868.71,859.03,849.47,840.22,830.88,821.67,812.78,804.01,795.77,787.62,778.74,769.86,761.28,752.58,744.15,736.17,728.22,720.28,712.43,704.5919267596261,696.8400871030731,689.173532298331,681.5913240512309,674.0925343906089,666.6762455547334,659.3415498789822,652.0875496847552,644.9133571696099,637.8180942986038,630.800892696835,623.8608935431624,616.9972474650966,610.2091144348474,603.4956636665137,596.8560735144058,590.2895313724861,583.7952335749151,577.372385297693,571.0202004613825,564.7379016349023,558.5247199403788,552.3798949590445,546.3026746381722,540.2923151990327,534.3480810458652,528.4692446758488,522.6550865900659,516.904895205443,511.21796676766246,505.5936052650307,500.03112234329524,494.52983722139817,489.0890766081569,483.7081746198612,478.38647269877697,473.1233195325471,467.9180709744784,462.7700899647056,457.6787464522233,452.643417317775,447.6634862975908,442.7383439079643,437.86738737065895,433.05002053913535,428.2856538255899,423.5737041287967,418.91359476274255,414.30475538604776,409.7466219321631,405.2386365403351,400.78024748733,396.37090911991027,392.0100817880525,387.69723177890114,383.43183125144833,379.2133581719324,375.04129624994744,370.91513487525543,366.8343690552936,362.7984993533696,358.80703182753626,354.8594779701392,350.95535464802924,347.09418404343285,343.2754935954727,339.4988159423323,335.7636888640563,332.06965522598017,328.4162629227827,324.8030648231538,321.2296187150705,317.69548725167607,314.2002378977537,310.74344287678963,307.32467911861795,303.94352820764266,300.59957633162804,297.292414231053,294.02163714902315,290.7868447817327,287.5876412294729,284.42363494817795,281.2944387015051,278.19966951344134,275.13894862143206
66,3232.89,3229.82,3216.75,3156.14,2975.94,3108.2,2971.14,2997.8,2898.31,2790.42,2775.65,2682.22,2669.62,2515.47,2497.88,2347.43,2233.67,2211.78,2146.75,2032.71,1922.29,1871.35,1825.56,1792.62,1686.54,1661.93,1624.57,1579.04,1498.75,1466.23,1421.94,1333.91,1347.01,1294.73,1326.58,1367.05,1363.26,1344.88,1303.01,1524.56,1439.75,1382.79,1339.98,1303.27,1276.18,1287.27,1273.03,1260.85,1250.58,1242.41,1235.58,1228.89,1221.23,1211.95,1201.43,1190.26,1178.73,1166.58,1153.37,1138.8,1123.47,1108.57,1094.13,1080.53,1068.01,1056.18,1044.66,1033.1,1021.72,1010.59,999.6,988.65,977.89,967.33,956.66,946.1,935.76,925.44,915.23,905.13,895.09,885.26,875.58,866.14,857.19,848.31,838.91,829.34,820.06,810.75,801.66,793.07,784.5,776.03,767.5515484585685,759.1657275377836,750.8715252094655,742.6679405022644,734.5539833808604,726.5286746264823,718.5910457187323,710.7401387187028,702.975006153368,695.29471090124,687.6983260792746,680.1849349310114,672.7536307159369,665.4035166000558,658.1337055476588,650.9433202142714,643.8314928407739,636.7973651486769,629.8400882365418,622.9588224775317,616.1527374180844,609.4210116776882,602.7628328497569,596.1773974035852,589.6639105873758,583.2215863323263,576.8496471577641,570.5473240773176,564.3138565061116,558.1484921689785,552.0504870096705,546.019105101065,540.05361855635,534.1533074411808,528.3174596867957,522.5453710040816,516.8363447985773,511.18969208640726,505.604731411132,500.08078876150785,494.61719749014554,489.21329823305643,483.8684388300787,478.5819742461722,473.3532664935739,468.1816845548035,463.06660430650936,458.0074084441484,453.003486407487,448.0542343069169,443.1590548505757,438.3173572722641,433.5285572601496,428.7920768862506,424.1073445366895,419.4737948427092,414.8908686124419,410.3580127634245,405.87468025585025,401.44033002655084,397.0544269236986,392.7164416422231,388.4258506599325,384.18213617433327,379.9847860401404,375.8332937074695,371.7271581607054,367.6658838580372,363.6489806716553,359.6759638286008,355.7463538522616,351.8596765045079,348.015462728459,344.2132485918765,340.45257523117533,336.7329887960464,333.0540403946847,329.4152860396156,325.8162865941126,322.2566077192014,318.7358198212421,315.2534980000846,311.80922199779025,308.4025761479137,305.03314932533885,301.70053489666327
67,3585.98,3553.98,3551.97,3459.52,3377.53,3291.12,3341.57,3231.71,3218.33,3143.19,3096.82,2999.4,3024.48,2820.37,2777.11,2606.74,2554.52,2474.19,2417.01,2253.38,2152.33,2103.37,2044.75,1931.05,1904.59,1818.69,1755.19,1710.72,1643.03,1592.28,1523.45,1536.4,1431.54,1445.56,1466.69,1442.23,1477.94,1439.32,1421.41,1589.31,1629.05,1500.17,1493.44,1438.34,1396.43,1405.86,1388.06,1372.7,1359.46,1348.17,1338.79,1330.77,1322.86,1314.02,1303.64,1291.86,1279.57,1267.12,1253.95,1239.67,1224.31,1208.7,1193.29,1178.09,1163.87,1150.98,1138.46,1125.91,1113.6,1101.47,1089.47,1077.59,1065.79,1054.21,1042.75,1031.22,1019.94,1008.85,997.7,986.67,975.74,964.92,954.34,943.91,933.81,924.16,914.48,904.35,894.19,884.24,874.17,864.38,855.13,845.96,836.7423542550916,827.6251446928379,818.6072769528063,809.6876685988001,800.8652489889314,792.1389591471093,783.5077516359283,774.9705904309427,766.5264507963087,758.1743191617842,749.9131930010668,741.7420807114586,733.6600014948414,725.6659852399494,717.7590724059244,709.9383139071397,702.2027709992793,694.5515151666579,686.983628010769,679.498201140048,672.0943360608344,664.771144069525,657.5277461458992,650.3632728476098,643.2768642058201,636.2676696219805,629.3348477657298,622.4775664739071,615.6950026506659,608.9863421686758,602.3507797714011,595.7875189764438,589.2957719799394,582.874759561996,576.5237109931617,570.2418639419122,564.0284643831474,557.882766507682,551.8040326327266,545.79153311334,539.8445462548488,533.962358226221,528.1442629743826,522.3895621394688,516.6975649709981,511.06758824495967,505.4989561818045,499.99100036532985,494.54305966244794,489.15448014382827,483.82461500540484,478.5528244907393,473.33847581422856,468.18094308515094,463.0796072325385,458.03385593086836,453.04308352656415,448.1066909652979,443.2240857200838,438.39468172015637,433.61789928062217,428.89316503287984,424.2199118557962,419.59757880763436,415.0256110587218,410.5034598248532,406.0305823014186,401.60644159824903,397.23050667517236,392.90225227827153,388.6211588768368,384.38671260100523,380.1984051800799,376.0557338815207,371.9582014506003,367.90531605071743,363.89659120436056,359.93154573471475,356.00970370790503,352.13059437586895,348.29375211985115,344.4987163945146,340.7450316726597,337.0322473905469,333.3599178938137,329.7276023839824
68,3930.4,3910.41,3942.03,3815.32,3842.03,3683.38,3489.99,3559.25,3391.8,3426.7,3308.22,3274.54,3263.02,3094.39,3003.6,2955.46,2859.56,2706.39,2606.57,2504.43,2305.92,2314.39,2265.42,2123.87,2051.71,2006.3,1978.11,1955.79,1861.38,1776.61,1649.56,1617.98,1622.11,1563.91,1587.3,1597.29,1574.73,1612.78,1553.12,1756.53,1721.33,1683.38,1660.26,1538.42,1530.66,1539.41,1516.91,1497.77,1481.32,1466.94,1454.39,1443.79,1434.54,1425.24,1415.11,1403.41,1390.46,1377.08,1363.24,1348.87,1333.62,1317.55,1301.23,1285.11,1269.35,1254.63,1241.03,1227.54,1214.19,1201.03,1187.88,1174.97,1162.14,1149.37,1136.94,1124.68,1112.33,1100.07,1088.15,1076.14,1064.09,1052.3,1040.71,1029.44,1018.29,1007.27,996.75,986.4,975.57,964.6,953.73,942.96,932.63,922.53,912.4696830748513,902.5190752937245,892.6769802632681,882.9422146369653,873.3136079728564,863.7900025928124,854.3702534433445,845.0532279579297,835.8378059208397,826.722879332453,817.7073522760365,808.7901407859808,799.9701727174707,791.2463876175785,782.6177365977614,774.0831822077514,765.6416983108185,757.2922699603954,749.033893278047,740.8655753327714,732.7863340216159,724.7951979515963,716.8912063229025,709.0734088133792,701.3408654642652,693.6926465671794,686.1278325523389,678.6455138779957,671.2447909210804,663.9247738690375,656.6845826128397,649.5233466411703,642.4402049357587,635.4343058678572,628.5048070958471,621.6508754639614,614.8716869021113,608.1664263268063,601.5342875431542,594.9744731479284,588.4861944336953,582.0686712939843,575.7211321294935,569.4428137553181,563.2329613091896,557.090828160717,551.0156758216167,545.0067738569212,539.0633997971579,533.184839051483,527.3703848217643,521.6193380176014,515.9310071722703,510.3047083595876,504.73976511167905,499.2355083376462,493.7912762431188,488.4064142506856,483.0802749211924,477.8122178758984,472.601609719481,467.4478239638814,462.35024095297905,457.3082477880892,452.3212382542718,447.38861274744426,442.50977820228917,437.68414802094844,432.91114200249444,428.1901862731706,423.520713217393,418.90216140950383,414.33397554626976,409.8156063801155,405.3465106530867,400.9261510315316,396.55399604149636,392.22952000482377,387.95220297594943,383.7215306793871,379.5369944478957,375.3980911613205,371.3043231861016,367.2551983154416,363.2502297101261,359.2889358399898
69,4286.67,4288.54,4225.08,4068.86,4149.54,4085.07,3975.65,3755.48,3859.64,3785.39,3666.02,3611.07,3608.41,3340.37,3370.04,3265.92,3125.5,3005.27,2953.36,2788.01,2642.62,2585.73,2514.0,2379.54,2227.5,2131.95,2151.62,2129.7,2041.53,1986.0,1845.06,1842.3,1789.31,1782.03,1737.62,1765.34,1708.04,1783.78,1718.54,1917.95,1915.6,1787.76,1754.38,1735.3,1685.36,1689.5,1661.4,1637.7,1617.47,1599.68,1584.05,1570.37,1558.44,1547.66,1536.9,1525.35,1512.27,1497.99,1483.18,1468.06,1452.44,1436.06,1419.17,1402.02,1385.29,1368.95,1353.45,1338.84,1324.32,1310.07,1295.88,1281.83,1267.89,1253.94,1240.33,1226.99,1213.58,1200.17,1187.12,1174.24,1161.26,1148.33,1135.63,1123.29,1110.98,1098.79,1087.07,1075.79,1064.52,1052.78,1040.85,1029.31,1017.91,1006.48,995.489021802264,984.6180674517411,973.8658262621904,963.2310018603463,952.7123120296189,942.3084885554991,932.0182770726528,921.8404369136858,911.7737409595588,901.8169754916362,891.9689400453514,882.2284472654688,872.594322762928,863.0654049732494,853.6405450164881,844.3186065587148,835.0984656750115,825.9790107139622,816.9591421636236,808.0377725189595,799.2138261507226,790.4862391757686,781.8539593287858,773.3159458354265,764.8711692868226,756.5186115154727,748.2572654724831,740.0861351061512,732.0042352418734,724.0105914633642,716.1042399951743,708.2842275864892,700.549611396199,692.8994588792209,685.3328476740656,677.8488654916299,670.4466100052033,663.1251887416777,655.8837189739432,648.72132761446,641.6371511099921,634.6303353374906,627.700035501114,620.8454160303736,614.0656504793897,607.35992142725,600.7274203794542,594.1673476704359,587.6789123671488,581.2613321737056,574.9138333370589,568.6356505537105,562.4260268774415,556.2842136280483,550.2094703010765,544.2010644785395,538.2582717406128,532.3803755782926,526.566667307007,520.8164459811726,515.1290183096824,509.50369857231766,503.9398085370717,498.4366773783779,492.99364159622843,487.61004493617895,482.2852383102245,477.01857971854105,471.80943417208056,466.65717361601236,461.5611768539995,456.52082947330274,451.5355237707022,446.60465867922784,441.72763969569036,436.90387880900334,432.13279442928786,427.4138113177516,422.74636051733364,418.1298792841066,413.56381101942816,409.04760520283253,404.58071732565617,400.1626088253872,395.79274702073235,391.47060504739267
70,4790.12,4662.59,4666.6,4483.41,4663.17,4442.74,4314.16,4240.28,4109.59,4061.81,4082.86,3923.34,3903.43,3737.96,3693.0,3687.4,3471.97,3410.09,3284.67,3052.37,2946.69,2796.8,2678.93,2629.14,2465.04,2399.52,2286.73,2314.31,2157.72,2157.34,2176.45,2033.02,1993.25,1943.39,1939.47,1887.94,1878.46,1896.05,1813.93,2108.25,2030.86,1956.22,1993.67,1906.77,1856.63,1859.64,1826.0,1796.66,1771.62,1749.8,1730.6,1713.69,1698.55,1685.16,1672.88,1660.51,1647.28,1632.75,1616.92,1600.57,1584.04,1567.07,1549.71,1531.71,1513.73,1496.2,1479.02,1462.54,1446.77,1431.23,1415.87,1400.71,1385.35,1370.24,1355.35,1340.6,1326.05,1311.56,1297.2,1283.11,1269.2,1255.14,1241.2,1227.65,1214.21,1200.83,1187.82,1175.01,1162.6,1150.5,1137.89,1125.2,1112.75,1100.16,1088.1630603705,1076.2969440398601,1064.560224416295,1052.9514904646066,1041.4693465365453,1030.1124122030178,1018.879322088127,1007.7687257050217,996.7792872935348,985.9096856595938,975.1586140163805,964.524779827225,954.0069046502108,943.603723984476,933.31398711819,923.1364569781878,913.0699099812439,903.1131358869684,893.2649376523077,883.52413128763,873.8895457143824,864.3600226242985,854.9344163401425,845.6115936779712,836.3904338108973,827.2698281343407,818.2486801327459,809.3259052477558,800.5004307478215,791.7711955992337,783.1371503385616,774.5972569464818,766.1504887229842,757.7958301639368,749.5322768389989,741.3588352708642,733.2745228158203,725.2783675456126,717.3694081305938,709.5466937241503,701.8092838483867,694.1562482810588,686.5866669437368,679.099629791192,671.6942367019861,664.3695973702554,657.1248311986748,649.9590671925885,642.8714438552961,635.8611090844796,628.9272200697604,622.0689431913735,615.2854539199459,608.5759367173689,601.9395849387506,595.375600735438,588.883194959096,582.4615870668337,576.1100050273634,569.8276852281849,563.6138723837802,557.4678194448105,551.3887875083027,545.3760457288158,539.4288712305755,533.5465490205675,527.7283719025775,521.9736403921703,516.2816626325942,510.6517543116035,505.0832385791877,499.5754459661979,494.1277143038606,488.739388644169,483.4098211811429,478.1383711729463,472.9244048648554,467.76729541306577,462.6664228093308,457.6211738064219,452.6309418444013,447.6951269776992,442.8131358029857,437.9843813878297,433.20828320013544,428.48426703834866
71,5217.28,5097.06,5077.24,4850.1,5024.28,4841.94,4763.27,4522.47,4572.28,4336.08,4471.18,4344.99,4417.28,4097.96,4073.31,3984.74,3896.3,3711.89,3684.7,3397.97,3261.3,3225.65,3075.79,2876.25,2854.62,2664.38,2546.66,2537.93,2407.92,2371.86,2378.83,2279.82,2170.14,2149.47,2178.11,2171.59,2016.87,2077.56,2046.84,2258.18,2211.41,2185.62,2165.98,2094.91,2046.45,2051.97,2014.31,1979.05,1947.93,1921.24,1897.94,1877.28,1858.9,1842.12,1827.0,1812.99,1798.85,1783.71,1767.35,1749.92,1731.97,1713.82,1695.49,1676.75,1657.6,1638.71,1620.22,1601.88,1584.22,1567.23,1550.46,1533.86,1517.13,1500.73,1484.53,1468.26,1452.3,1436.6,1420.96,1405.3,1390.02,1374.94,1359.75,1344.82,1330.12,1315.47,1301.09,1286.9,1272.89,1259.6,1246.37,1232.75,1219.01,1205.46,1192.3442687501906,1179.3712402082415,1166.5393617300458,1153.8470975646853,1141.2929286706276,1128.8753525339228,1116.5928829883812,1104.4440500377023,1092.427399679544,1080.5414937315034,1068.7849096589914,1057.1562404049812,1045.6540942216068,1034.2770945035957,1023.0238796235144,1011.8931027688038,1000.8834317805906,989.9935489942509,979.2221510817083,968.5679488954491,958.0296673142338,947.606045090487,937.2958346993487,927.097802189367,917.0107270348165,907.0334019896211,897.1646329428704,887.4032387759029,877.7480512209487,868.1979147213071,858.7516862930477,849.4082353882144,840.1664437595196,831.0252053265081,821.9834260431803,813.0400237670534,804.1939281296475,795.4440804083818,786.7894333998637,778.2289512945575,769.7616095528155,761.3863947822587,753.1023046164917,744.9083475951372,736.8035430451749,728.786920963573,720.8575219011949,713.0143968479707,705.256607119317,697.5832242437928,689.9933298519779,682.4860155665601,675.0603828936187,667.7155431150891,660.4506171824011,653.2647356112706,646.1570383776375,639.1266748147372,632.1728035112892,625.2945922107958,618.4912177119357,611.7618657700405,605.1057309996442,598.5220167780933,592.009935150204,585.5687067339586,579.1975606272266,572.8957343155017,566.6624735806417,560.4970324106022,554.3986729101516,548.3666652125586,542.4002873922392,536.4988253783557,530.6615728693542,524.887831248433,519.1769094999306,513.5281241266227,507.94079906792024,502.4142656189561,496.9478623505535,491.54093503006413,486.19283654306804,480.90292681592535,475.6705727391709,470.4951480917418
72,5736.29,5705.12,5570.09,5425.01,5498.84,5427.72,5213.81,5173.98,4992.31,4883.69,4751.02,4739.61,4749.97,4440.47,4502.71,4463.24,4213.32,4174.01,4031.09,3819.86,3635.08,3534.25,3376.49,3268.32,3087.05,2952.91,2861.06,2790.05,2700.18,2624.48,2556.37,2553.94,2539.59,2453.73,2406.97,2341.0,2362.46,2215.99,2206.99,2489.76,2442.71,2398.03,2353.39,2313.31,2255.92,2264.1,2225.52,2186.07,2148.91,2116.12,2087.74,2062.93,2040.8,2020.42,2001.81,1985.01,1969.01,1952.7,1935.73,1917.48,1898.14,1878.45,1858.52,1838.54,1818.4,1798.02,1777.77,1757.88,1738.29,1719.36,1701.04,1682.78,1664.63,1646.69,1628.86,1611.03,1593.51,1576.33,1559.17,1542.1,1525.22,1508.63,1492.28,1475.9,1459.7,1443.71,1427.82,1412.27,1396.84,1381.68,1367.13,1352.88,1337.99,1322.95,1308.5552988592908,1294.3172230036873,1280.2340682310876,1266.3041488824042,1252.5257976398007,1238.8973653271257,1225.4172207125175,1212.083750313156,1198.8953582021409,1185.8504658174677,1172.9475117730872,1160.184951672016,1147.5612579214837,1135.0749195500894,1122.7244420269494,1110.5083470828115,1098.4251725331158,1086.4734721029815,1074.6518152540975,1062.9587870134962,1051.3929878041915,1039.9530332776571,1028.6375541481316,1017.4451960287223,1006.3746192692955,995.4244987961284,984.5935239533071,973.8803983458498,963.2838396845374,952.8025796324314,942.4353636530627,932.1809508602728,922.0381138696869,912.0056386518046,902.0823243866894,892.2669833202373,882.5584406220122,872.9555342446253,863.457114784646,854.0620453450271,844.7692013990242,835.5774706555987,826.485752926284,817.4929599934991,808.5980154802974,799.7998547215315,791.0974246364194,782.4896836024983,773.9756013309492,765.5541587432778,757.2243478493389,748.9851716266853,740.8356439012316,732.7747892292159,724.8016427804457,716.9152502228135,709.1146676080706,701.3989612588423,693.7672076568733,686.2184933324885,678.7519147552566,671.3665782258443,664.0615997690458,656.8361050279772,649.689229159422,642.6201167303146,635.6279216153514,628.711806895715,621.8709447589001,615.1045163996313,608.4117119218557,601.7917302418056,595.2437789921129,588.7670744269684,582.3608413283132,576.0243129130496,569.7567307412626,563.5573446254396,557.4254125406784,551.3602005358713,545.3609826458563,539.427040804524,533.5576647588698,527.7521519839813,522.0098075989513,516.3299442837043
73,6351.54,6292.32,6157.14,5928.82,5942.66,5842.08,5673.52,5666.73,5475.21,5381.66,5218.43,4994.84,5237.61,5037.49,4958.99,4801.1,4677.6,4519.87,4512.61,4274.76,4022.9,3881.39,3819.15,3552.09,3410.69,3222.41,3107.42,3134.63,2951.77,2892.64,2731.21,2752.41,2767.98,2627.67,2665.08,2574.4,2614.21,2606.25,2415.69,2780.64,2646.39,2546.34,2537.2,2546.37,2474.4,2492.38,2457.83,2417.25,2375.78,2336.91,2302.35,2272.3,2245.8,2221.62,2199.5,2179.1,2160.05,2141.83,2123.51,2104.42,2084.09,2062.8,2041.06,2019.28,1997.52,1975.41,1953.33,1931.72,1910.58,1889.59,1868.94,1849.03,1829.14,1809.44,1789.91,1770.35,1751.2,1732.29,1713.44,1694.79,1676.37,1658.07,1640.04,1622.3,1604.53,1586.82,1569.31,1552.08,1535.22,1518.51,1502.14,1486.36,1470.64,1454.39,1438.5860709787592,1422.9538731798918,1407.4915405096763,1392.1972271520403,1377.0691073482192,1362.1053751788045,1347.304244348163,1332.6639479711973,1318.182738362424,1303.8588868273441,1289.6906834560796,1275.6764369192524,1261.814474266084,1248.1031407246849,1234.5407995045164,1221.1258316009996,1207.856635602247,1194.7316274978918,1181.7492404899997,1168.9079248060295,1156.2061475138307,1143.64239233865,1131.2151594821246,1118.922965443244,1106.7643428412587,1094.7378402405093,1082.8420219771633,1071.0754679878316,1059.4367736400486,1047.9245495645944,1036.5374214896387,1025.2740300766873,1014.1330307583106,1003.1130935776367,992.2129030295866,981.431157903837,970.766571129487,960.2178696214157,949.7837941283059,939.4630990823217,929.2545524504197,919.1569355872732,909.1690430897982,899.2896826532572,889.5176749289285,879.8518533833211,870.2910641589195,860.8341659364427,851.4800297985988,842.2275390953204,833.0755893104641,824.0230879299603,815.0689543113923,806.2121195549967,797.4515263760615,788.7861289787144,780.21489293108,771.7367950417945,763.3508232378625,755.055976443841,746.8512644623352,738.7357078557943,730.7083378295914,722.7681961163729,714.9143348616658,707.1458165107272,699.4617136966243,691.8611091295295,684.3430954872189,676.9067753067608,669.5512608773813,662.2756741344936,655.0791465548787,647.960819053006,640.91984187848,633.9553745146006,627.0665855780273,620.2526527195319,613.5127625258315,606.8461104224866,600.2519005778554,593.7293458080911,587.2776674831722,580.8960954339528,574.5838678602249,568.340231239777
74,6770.24,6926.24,6753.19,6526.07,6568.03,6451.31,6161.47,6126.34,6092.45,5886.16,5826.21,5677.7,5556.28,5419.94,5421.94,5313.16,5230.48,5106.38,4838.08,4789.36,4492.41,4414.39,4264.08,3930.79,3899.17,3598.34,3523.85,3335.59,3241.29,3201.84,3131.25,3026.72,3013.83,3008.98,3063.68,2899.17,2898.39,2846.92,2767.26,3006.3,2942.62,2772.38,2792.46,2746.63,2699.33,2733.33,2708.41,2672.0,2629.45,2586.2,2545.44,2508.94,2477.14,2448.72,2422.58,2398.4,2375.88,2354.63,2334.12,2313.39,2291.79,2269.2,2245.7,2221.76,2197.88,2173.9,2150.01,2126.31,2103.12,2080.26,2057.26,2034.8,2013.08,1991.63,1970.09,1948.67,1927.67,1906.89,1886.05,1865.46,1845.28,1825.43,1805.47,1785.71,1766.39,1747.0,1727.68,1708.71,1690.1,1671.77,1653.63,1635.62,1618.4,1601.34,1583.9840867326345,1566.8162832516634,1549.834550753873,1533.0368725333512,1516.4212537419878,1499.9857211525718,1483.7283229244563,1467.6471283717626,1451.740227734098,1436.005731949756,1420.4417724313778,1405.0465008440437,1389.8180888857687,1374.7547280703784,1359.8546295127394,1345.1160237163135,1330.5371603630197,1316.1163081053685,1301.8517543608534,1287.741805108568,1273.7847846880297,1259.9790356001815,1246.3229183105518,1232.814811054549,1219.4531096448634,1206.2362272809587,1193.162594360628,1180.230658293592,1167.4388833171163,1154.7857503136308,1142.26975663032,1129.8894159006745,1117.643257867973,1105.5298282106785,1093.5476883697268,1081.695415377687,1069.9716016897744,1058.3748550166933,1046.9037981592926,1035.5570688450132,1024.3333195661087,1013.2312174196177,1002.249443949073,991.3866949879248,980.6416805046605,970.0131244496051,959.4997646033806,949.1003524270071,938.8136529136314,928.6384444418594,918.57351863068,908.6176801959612,898.7697468085008,889.0285489536167,879.3929297922576,869.861745023621,860.4338627492576,851.1081633386511,841.8835392962541,832.7588951299632,823.7331472210227,814.8052236953367,805.9740642961758,797.2386202582636,788.5978541832286,780.0507399164055,771.5962624249712,763.2334176774029,754.9612125242413,746.7786645801472,738.6848021072357,730.6786638996758,722.759299169539,714.9257674338875,707.1771384030837,699.5124918703128,691.9309176022999,684.4315152312143,677.0133941477441,669.6756733953287,662.41748156554,655.2379566945955,648.1362461609942,641.1115065842611,634.1629037247894,627.2896123847692
75,7448.4,7420.88,7299.78,7094.96,7257.98,6978.31,6766.56,6674.91,6606.62,6426.83,6238.19,6044.74,6230.19,5660.06,5918.85,5856.5,5596.29,5438.34,5429.37,5135.88,5025.1,4873.45,4676.36,4454.56,4152.73,4023.31,3965.77,3805.59,3598.82,3540.8,3307.83,3375.56,3371.61,3258.61,3360.89,3281.08,3229.55,3185.41,3092.87,3508.65,3195.95,3099.92,3117.54,2980.99,2942.35,2986.39,2973.01,2946.51,2908.29,2863.96,2818.74,2776.01,2737.74,2704.08,2673.57,2645.23,2618.93,2594.01,2570.29,2547.19,2523.59,2499.51,2474.44,2448.41,2422.22,2395.96,2369.85,2343.81,2318.24,2293.03,2267.83,2242.89,2218.61,2194.97,2171.25,2147.82,2124.81,2101.82,2078.98,2056.33,2034.1,2012.17,1990.28,1968.54,1947.17,1926.09,1904.94,1884.03,1863.45,1843.13,1823.09,1803.22,1783.73,1764.81,1745.634542679206,1726.6674353583905,1707.90641422075,1689.3492400468729,1670.9936979474771,1652.8375970990533,1634.878770482377,1617.1150746238673,1599.5443893397503,1582.1646174830069,1564.973684693066,1547.9695391482212,1531.1501513207352,1514.5135137346053,1498.0576407259623,1481.7805682060707,1465.6803534269063,1449.755074749279,1434.0028314134756,1418.4217433123958,1403.0099507671512,1387.7656143051047,1372.6869144403188,1357.7720514563928,1343.0192451916569,1328.426734826701,1313.992778674214,1299.715653971102,1285.5936566728712,1271.62510125024,1257.808320487963,1244.1416652858416,1230.6235044618945,1217.2522245576695,1204.0262296456694,1190.943941138869,1178.0037976023032,1165.204254566704,1152.543784344158,1140.0208758457713,1127.634034401313,1115.3817815808186,1103.2626550181324,1091.275208236368,1079.4180104752622,1067.689646520409,1056.088716534345,1044.6138358894732,1033.2636350028001,1022.0367591724703,1010.9318684160748,999.9476373107192,989.0827548348265,978.3359242116611,967.7058627545524,957.191301713799,946.7909861252382,936.5036746604591,926.3281394786445,916.263166080022,906.3075531609071,896.4601124703229,886.7196686681748,877.0850591849699,867.5551340830567,858.1287559193761,848.8047996097009,839.582152294352,830.4597132053733,821.4363935351491,812.5111163064503,803.6828162438912,794.9504396467844,786.3129442633758,777.7692991664475,769.3184846302707,760.9594920088977,752.6913236157734,744.5129926046583,736.4235228518423,728.4219488396403,720.5073155411527,712.6786783062781,704.9351027489649,697.275664635688,689.6994497751366
76,8131.89,8036.92,7898.4,7654.58,8026.4,7840.96,7476.14,7269.74,7200.74,7036.88,6878.03,6726.3,6784.38,6395.12,6245.41,6360.99,6262.8,6043.01,5893.59,5599.67,5454.62,5438.8,5202.3,4845.53,4776.81,4497.52,4413.52,4194.64,4097.93,3893.49,3762.66,3741.37,3682.93,3588.37,3714.64,3582.66,3655.84,3515.3,3382.95,3902.78,3724.06,3455.86,3408.87,3299.9,3209.89,3259.31,3252.18,3237.69,3209.62,3169.55,3123.36,3076.11,3031.3,2991.25,2955.45,2922.63,2892.0,2863.16,2835.77,2809.44,2783.29,2756.7,2729.65,2701.83,2673.24,2644.43,2615.66,2586.93,2558.7,2530.87,2503.15,2475.93,2448.9,2422.14,2396.13,2370.58,2345.25,2319.96,2294.79,2269.89,2245.38,2221.05,2197.06,2173.32,2149.55,2126.21,2103.24,2080.35,2057.47,2034.85,2012.65,1990.93,1969.32,1947.98,1926.7731040785156,1905.7970793336474,1885.0494123612468,1864.5276171196117,1844.2292346316042,1824.1518326900077,1804.2930055660938,1784.6503737213611,1765.221583522413,1746.0043069589383,1726.996241364763,1708.195109141939,1689.5986574878348,1671.2046581252005,1653.0109070351684,1635.015224193161,1617.2154533076762,1599.609461561913,1582.1951393582124,1564.9704000652791,1547.9331797681568,1531.0814370209237,1514.41315260208,1497.9263292726005,1481.61899153662,1465.4891854047235,1449.534978159814,1433.754458125529,1418.145734437179,1402.7069368151776,1387.436215340941,1372.3317402352247,1357.3917016388746,1342.6143093959656,1327.9977928392987,1313.5404005782366,1299.2404002888456,1285.0960785063257,1271.105740419697,1257.2677096687232,1243.5803281430467,1230.0419557835075,1216.6509703856289,1203.4057674052383,1190.304759766209,1177.3463776702893,1164.5290684090082,1151.8512961776235,1139.311541891098,1126.9083030020795,1114.6400933208602,1102.5054428372982,1090.5028975446767,1078.6310192654814,1066.8883854790731,1055.2735891512386,1043.7852385655954,1032.4219571568321,1021.1823833457663,1010.0651703761944,999.0689861535203,988.1925130851416,977.4344479225697,966.7935016052731,956.2683991062175,945.8578792790889,935.5606947071798,925.3756115539202,915.3014094150358,905.3368811723163,895.4808328489751,885.7320834665829,876.089464903561,866.5518217552132,857.1180111952816,847.7869028390111,838.5573786077025,829.4283325947422,820.3986709330892,811.4673116642044,802.6331846084084,793.895231236649,785.2524045436653,776.7036689225332,768.2480000405759,759.8843847166255
77,8706.25,8809.73,8669.55,8341.83,8605.16,8461.87,8022.75,7888.92,7930.48,7575.04,7564.13,7415.15,7439.4,7058.12,7029.27,6454.78,6814.73,6563.26,6539.07,6219.24,6052.72,5916.81,5792.39,5455.23,5324.51,5020.25,4889.17,4690.48,4463.01,4371.64,4092.51,4135.25,4031.01,3938.58,4096.05,4021.28,3967.54,4001.47,3712.87,4310.26,4007.01,3909.57,3647.57,3648.03,3525.42,3568.68,3556.65,3548.49,3532.63,3502.82,3460.69,3412.42,3363.24,3316.67,3274.32,3236.07,3200.98,3167.88,3136.33,3105.91,3076.3,3046.92,3017.05,2986.79,2955.88,2924.46,2892.79,2861.14,2829.76,2798.83,2768.48,2738.45,2708.67,2678.86,2649.73,2621.54,2593.56,2565.67,2537.97,2510.6,2483.55,2456.63,2430.11,2403.91,2377.83,2352.01,2326.55,2301.41,2276.27,2251.25,2226.62,2202.4,2178.61,2155.08,2131.6599012377474,2108.4943178651943,2085.5804839638768,2062.9156636736507,2040.497150866036,2018.3222688211108,1996.3883699079176,1974.6928352683424,1953.2330745044276,1932.0065253690864,1911.0106534601732,1890.242951917885,1869.7009411254464,1849.3821684130485,1829.2842077650066,1809.4046595300988,1789.741150135053,1770.2913318011488,1751.052882263896,1732.0235044957633,1713.2009264319172,1694.5829006989431,1676.1672043465135,1657.9516385819738,1639.9340285078104,1622.1122228619727,1604.4840937610186,1587.0475364460483,1569.800469031402,1552.7408322560868,1535.8665892379067,1519.1757252302616,1502.6662473815927,1486.3361844974397,1470.1835868050853,1454.206525720755,1438.403093619352,1422.7714036066866,1407.309589294189,1392.0158045760647,1376.8882234088749,1361.925039593509,1347.1244665595314,1332.4847371518663,1318.0041034198048,1303.6808364083035,1289.513225951551,1275.499580468777,1261.6382267622832,1247.9275098176663,1234.3657926062117,1220.9514558894382,1207.6828980257642,1194.5585347792735,1181.5767991305636,1168.7361410896442,1156.0350275108756,1143.4719419099104,1131.045384282632,1118.7538709260564,1106.5959342611804,1094.5701226577578,1082.6750002609765,1070.9091468200213,1059.271157518499,1047.759642806707,1036.3732282357232,1025.110554293301,1013.9702762415459,1002.9510639563567,992.0516017686124,981.2705883070835,970.6067363430517,960.0587726366176,949.6254377846786,939.3054860705593,929.0976853152749,919.0008167304131,909.0136747726125,899.1350669996236,889.3638139279346,879.6987488919425,870.1387179046569,860.6825795199163,851.3292046961014,842.0774766613313
78,9618.52,9611.47,9488.77,9041.83,9278.09,9222.15,8575.29,8601.43,8599.67,8317.88,8153.61,8085.88,8202.09,7748.4,7904.3,7528.4,6906.61,7294.44,7157.29,6916.9,6600.58,6477.25,6255.46,6136.56,5805.76,5542.26,5368.78,5263.54,4891.82,4899.86,4550.62,4635.59,4598.27,4438.91,4462.59,4453.58,4425.39,4409.47,4285.17,4874.47,4625.06,4317.97,4295.76,3984.35,3919.32,3934.01,3905.88,3892.68,3883.18,3865.8,3834.05,3789.96,3739.54,3688.1,3639.18,3594.43,3553.86,3515.9,3479.57,3444.78,3411.12,3378.2,3345.1,3311.53,3277.7,3243.27,3208.46,3173.67,3138.94,3104.44,3070.76,3037.67,3004.61,2971.83,2939.39,2907.43,2876.43,2845.77,2815.22,2784.99,2755.04,2725.21,2695.72,2666.77,2638.01,2609.48,2581.1,2553.08,2525.57,2498.11,2470.75,2443.78,2417.2,2391.09,2365.1405789367655,2339.4727752336125,2314.0835326243796,2288.9698280111834,2264.128671104458,2239.557104066902,2215.252201161285,2191.211068402087,2167.430843210904,2143.9086940756056,2120.641820213184,2097.6274512362675,2074.862846823247,2052.345296391988,2030.0721187770828,2008.0406619105997,1986.2483025063054,1964.6924457473078,1943.3705249770933,1922.2800013939116,1901.418363748484,1880.7831280449864,1860.3718372452813,1840.1820609763577,1820.2113952409456,1800.457462131274,1780.9179095459313,1761.590410909802,1742.47266489704,1723.5623951570515,1704.8573500434475,1686.3553023459424,1668.0540490251585,1649.951410950311,1632.045232639738,1614.3333820042485,1596.8137500932526,1579.4842508436498,1562.3428208314422,1545.387419026041,1528.616026547242,1512.0266464248361,1495.6173033608325,1479.3860434942574,1463.3309341685083,1447.450063701234,1431.7415411567088,1416.2034961206791,1400.8340784776544,1385.631458190612,1370.5938250830952,1355.7193886236769,1341.0063777127589,1326.4530404716886,1312.057644034161,1297.8184743398886,1283.7338359305063,1269.8020517476932,1256.0214629334873,1242.3904286327622,1228.9073257978525,1215.5705489952973,1202.37851021468,1189.3296386795453,1176.4223806603657,1163.6551992895397,1151.026574378396,1138.5350022361858,1126.178995491037,1113.9570829128543,1101.8678092381379,1089.9097349967064,1078.0814363402994,1066.3815048730394,1054.808547483733,1043.3611861799955,1032.0380579241705,1020.8378144710352,1009.7591222072639,998.8006619926346,987.9611290029585,977.2392325747161,966.6336960513759,956.1432566313842,945.7666652178029,935.5026862695793
79,10529.65,10456.11,10180.02,9814.66,10221.37,9864.98,9524.53,9394.49,9356.97,9182.3,9063.95,8581.92,9019.72,8427.86,8643.22,8336.32,8005.85,7483.56,7902.98,7452.64,7335.33,7216.72,7147.46,6668.33,6493.88,6228.83,5996.73,5962.45,5521.7,5311.29,5178.05,5025.92,4993.8,4889.93,5008.28,4926.62,4944.87,4883.3,4794.18,5521.91,5107.22,4814.32,4754.82,4539.33,4377.24,4374.97,4321.78,4292.21,4277.7,4267.08,4247.67,4213.46,4166.82,4113.86,4059.84,4008.26,3960.85,3916.93,3875.47,3835.89,3797.71,3760.21,3723.0,3685.76,3648.04,3610.0,3571.85,3533.51,3495.02,3456.66,3418.88,3382.05,3345.39,3308.93,3273.08,3237.27,3202.25,3168.31,3134.5,3100.79,3067.5,3034.42,3001.69,2969.48,2937.54,2905.78,2874.31,2843.15,2812.43,2782.17,2751.95,2722.05,2692.34,2663.01,2634.159307911955,2605.621180340738,2577.392231004423,2549.469110307607,2521.848504943952,2494.527137503035,2467.5017660814583,2440.769183898168,2414.326218913945,2388.1697334550167,2362.2966238407457,2336.7038200153534,2311.388285183632,2286.3470154506053,2261.57703946509,2237.075418067123,2212.839243939204,2188.8656412613195,2165.1517653697033,2141.6948024192943,2118.491969049849,2095.540512055676,2072.8377080589416,2050.3808631865236,2028.1673127503577,2006.1944209312512,1984.4595804661224,1962.9602123386278,1941.693765473139,1920.657716432038,1899.8495691162902,1879.266854469263,1858.9071301837507,1838.7679804121753,1818.8470154799263,1799.1418716018068,1779.65021060155,1760.3697196343774,1741.2981109125587,1722.433121433949,1703.772512713463,1685.3140705174624,1667.0556046010183,1648.994948448021,1631.1299590141036,1613.4585164723549,1595.9785239617831,1578.6879073385055,1561.5846149296358,1544.666617289836,1527.931906960505,1511.378498231579,1495.0044269059094,1478.8077500661952,1462.7865458444405,1446.9389131939088,1431.262971663547,1415.7568611748572,1400.418741801181,1385.2467935493783,1370.239216143869,1355.3942288130172,1340.7100700778274,1326.1849975429302,1311.817287689833,1297.6052356724115,1283.547155114614,1269.641377910361,1255.8862540256087,1242.2801513025618,1228.8214552660015,1215.5085689317168,1202.3399126170093,1189.3139237532496,1176.4290567004673,1163.683782563947,1151.0765890128134,1138.6059801005802,1126.2704760876443,1114.0686132657017,1101.9989437840684,1090.0600354778792,1078.2504716981502,1066.5688511436827,1055.0137876947858,1043.5839102488037
80,11329.91,11366.14,11059.31,10916.83,11003.18,10793.62,10302.78,10335.57,10219.22,10035.13,9811.95,9605.11,9672.59,9257.6,9346.72,9330.87,8952.5,8533.91,7755.25,8231.12,8027.99,7959.01,7737.41,7350.86,7116.0,6936.19,6653.65,6525.06,6370.5,6052.98,5791.15,5627.21,5715.74,5573.1,5692.98,5488.06,5517.11,5481.8,5382.94,6230.83,5825.89,5399.42,5418.19,5064.94,4907.04,4907.5,4824.16,4768.61,4737.43,4721.46,4708.22,4686.23,4649.57,4599.97,4543.74,4486.72,4432.14,4381.05,4333.54,4288.45,4244.74,4202.12,4160.04,4118.18,4076.25,4033.98,3991.54,3948.95,3906.24,3863.69,3821.49,3780.06,3739.14,3698.6,3658.43,3618.85,3579.68,3541.05,3503.38,3465.94,3428.78,3391.9,3355.48,3319.52,3283.86,3248.53,3213.49,3178.9,3144.5,3110.48,3077.0,3043.77,3010.59,2977.77,2945.5929810784055,2913.763658770949,2882.2782759571896,2851.133116115169,2820.3245028827087,2789.84879962346,2759.702408997632,2729.881772537366,2700.383370226694,2671.2037200860373,2642.3393777611964,2613.7869361167786,2585.5430248340253,2557.604310012974,2529.9674937789337,2502.629313893199,2475.5865433679814,2448.8359900854925,2422.3744964211523,2396.198938870861,2370.306227682303,2344.693306490234,2319.3571519557095,2294.2947734092086,2269.503212497619,2244.9795428350344,2220.7208696573225,2196.7243294804307,2172.9870897623805,2149.506348568915,2126.279334242762,2103.3033050764648,2080.5755489887556,2058.0933832044216,2035.8541539376288,2013.8552360786746,1992.0940328841177,1970.5679756702607,1949.2745235099426,1928.2111629326107,1907.37540762763,1886.7647981508007,1866.3769016340461,1846.209311498238,1826.259647169125,1806.5255537963308,1787.0047019753881,1767.694787472777,1748.5935309539339,1729.6986777142001,1711.0079974126768,1692.5192838089577,1674.2303545027037,1656.1390506760342,1638.2432368387017,1620.5408005760175,1603.0296522995047,1585.7077250002449,1568.5729740048853,1551.6233767342912,1534.8569324647985,1518.2716620920498,1501.8656078973818,1485.6368333167372,1469.5834227120731,1453.7034811452404,1437.9951341543049,1422.4565275322877,1407.0858271082955,1391.8812185310142,1376.8409070545454,1361.9631173265545,1347.2460931787089,1332.6880974193803,1318.2874116285882,1304.0423359551571,1289.9511889160678,1276.012307197975,1262.2240454608707,1248.5847761438697,1235.092889273092,1221.746792271622,1208.5449097715225,1195.485683427878,1182.567571734848,1169.789049843709
81,12327.04,12267.64,12009.14,11464.24,11844.25,11505.06,11128.22,11132.31,11120.96,10638.68,10702.5,10251.88,10571.52,9962.58,10157.81,10018.19,9639.46,9452.32,9142.97,8307.83,8686.71,8821.23,8701.49,8041.27,7989.04,7546.31,7539.33,7378.62,6936.62,6806.86,6425.62,6507.59,6418.81,6124.81,6258.95,6137.88,6153.15,6173.04,5894.13,6781.9,6358.05,6119.3,6040.65,5679.19,5547.97,5540.77,5426.85,5340.23,5282.13,5248.67,5230.04,5214.36,5189.48,5149.21,5095.94,5036.24,4975.53,4917.17,4862.3,4810.49,4760.73,4712.07,4664.26,4617.08,4570.17,4523.04,4475.28,4427.6,4380.3,4332.94,4285.91,4239.29,4193.24,4147.96,4103.01,4058.65,4015.03,3971.55,3928.82,3887.17,3845.75,3804.46,3763.81,3723.5,3683.53,3644.06,3604.76,3565.99,3527.65,3489.53,3451.96,3414.9,3377.95,3341.31,3305.3184795473076,3269.7146482178923,3234.4943299487695,3199.6533936601677,3165.1877527709817,3131.0933647194483,3097.366230488985,3064.0023941391332,3030.9979423415575,2998.349003921042,2966.051749401427,2934.1023905564452,2902.497179965388,2871.2324105735606,2840.304415257475,2809.70956639472,2779.4442754384713,2749.504992496583,2719.8882059152056,2690.5904418669033,2661.6082639431934,2632.9382727514853,2604.5771055163555,2576.5214356851197,2548.767972537653,2521.3134608004134,2494.154680264621,2467.2884454085556,2440.711605023912,2414.4210418461935,2388.4136721890777,2362.6864455827213,2337.236344415967,2312.0603835823945,2287.1556101301962,2262.5191029158127,2238.1479722613085,2214.0393596154317,2190.1904372183285,2166.598407769868,2143.2605041015404,2120.1739888518873,2097.336154145431,2074.744321275061,2052.3958403878405,2030.2880901741996,2008.4184775604756,1986.7844374047636,1965.3834321960444,1944.212951756556,1923.2705129473661,1902.5536593771178,1882.0599611139169,1861.787014400315,1841.7324413713693,1821.8938897757366,1802.2690326997695,1782.855568294591,1763.6512195061005,1744.6537338078952,1725.8608829370653,1707.270462632834,1688.8802923780154,1670.6882151432567,1652.6920971340323,1634.8898275403692,1617.2793182892617,1599.8585037997577,1582.6253407406814,1565.577807790965,1548.7139054025633,1532.0316555659228,1515.529101577974,1499.2043078126262,1483.0553594937326,1467.080362470501,1451.2774429953251,1435.6447475040065,1420.1804423983472,1404.8827138310805,1389.7497674931215,1374.779828403108,1359.9711406992076,1345.3219674331692,1330.8305903665914,1316.495309769386
82,13221.42,13615.75,13018.77,12491.84,13052.11,12507.04,11829.4,11869.82,12075.22,11605.53,11659.48,11339.08,11515.31,10911.97,11203.64,10871.87,10755.87,10389.34,10466.34,9793.49,8676.35,9570.52,9535.09,8969.81,8599.51,8586.1,8409.89,8079.21,7777.53,7500.83,7292.68,7262.03,7384.5,6927.78,7166.03,6880.47,6872.27,6755.19,6551.74,7676.36,7120.62,6975.21,6845.96,6492.45,6302.36,6281.13,6139.66,6021.25,5930.97,5870.08,5833.81,5812.37,5793.17,5764.31,5719.99,5662.45,5598.48,5533.79,5470.89,5411.04,5354.24,5299.0,5244.5,5191.15,5138.28,5085.21,5031.85,4978.37,4925.25,4872.29,4819.77,4767.64,4715.88,4664.9,4614.69,4564.99,4515.82,4467.27,4418.95,4371.62,4325.34,4279.22,4233.62,4188.51,4143.61,4099.28,4055.22,4011.54,3968.74,3926.36,3883.98,3842.01,3800.85,3759.91,3719.5400450240286,3679.603540121267,3640.095831361185,3601.0123147822583,3562.3484358554547,3524.0996889534795,3486.2616168257196,3448.829810078826,3411.7999066628745,3375.1675913630393,3338.9285952967284,3303.0786954161163,3267.6137140160195,3232.5295182470536,3197.82201963402,3163.487173599462,3129.5209789923374,3095.919477621752,3062.6787537956966,3029.794933864742,2997.264185770626,2965.0827185996964,2933.2467821411374,2901.7526664499505,2870.5967014146204,2839.775256329424,2809.2847394713353,2779.121597681468,2749.2823159510144,2719.7634170116307,2690.561460930221,2661.6730447080677,2633.0948018842714,2604.823402143444,2576.8555509276207,2549.1879890523287,2521.8174923267875,2494.7408711781827,2467.954970279976,2441.4566681842,2415.242876957713,2389.310541822346,2363.656640798922,2338.2781843550956,2313.1722150569713,2288.335807224465,2263.7660665903663,2239.460129963057,2215.4151648928582,2191.628369341952,2168.0969713578525,2144.8182287503814,2121.789428772112,2099.0078878022423,2076.470951033866,2054.175992164598,2032.120413090523,2010.30164360343,1988.7171410912972,1967.3643902419958,1946.2409027501678,1925.3442170272601,1904.671897914665,1884.2215363999446,1863.9907493360997,1843.9771791638548,1824.1784936369238,1804.5923855502253,1785.2165724710178,1766.0487964729189,1747.086823872782,1728.3284449703997,1709.7714737909976,1691.4137478304976,1673.2531278035142,1655.2874973940548,1637.5147630089002,1619.9328535336313,1602.539720091275,1585.3333358035422,1568.311695554628,1551.4728157575505,1534.8147341229962,1518.3355094306492,1502.0332213029724,1485.905969981421
83,14222.34,13984.44,14338.26,13535.84,14137.24,13387.57,13158.7,12915.23,13046.1,12742.8,12565.44,12343.11,12432.61,11887.25,12176.1,11834.96,11683.63,11585.36,11462.97,11009.25,10562.08,9367.52,10553.23,9944.35,9623.03,9351.25,9208.12,8922.49,8586.16,8242.69,8111.18,8158.22,8088.01,7839.31,8103.8,7806.2,7779.04,7663.82,7423.29,8438.56,7886.53,7640.05,7590.95,7255.49,7141.58,7127.54,6968.07,6821.05,6698.37,6604.5,6540.18,6500.64,6475.15,6451.76,6418.3,6368.83,6306.3,6237.78,6168.02,6099.45,6034.02,5971.34,5909.84,5849.06,5789.1,5729.33,5669.68,5609.75,5549.6,5490.15,5431.46,5373.27,5315.33,5257.94,5201.27,5145.31,5090.15,5035.64,4981.42,4927.77,4874.99,4823.3,4772.27,4721.49,4671.17,4621.42,4572.13,4523.03,4474.76,4427.26,4379.69,4332.35,4285.96,4240.18,4194.834345222344,4149.973629387661,4105.592666425102,4061.6863257250875,4018.2495315461956,3975.277262428382,3932.7645506124823,3890.706481465919,3849.0981929145505,3807.9348748805987,3767.211768726584,3726.9241667052083,3687.0674114151225,3647.636895262512,3608.6280599284432,3570.0363958419007,3531.8574416584665,3494.0867837445717,3456.720055667261,3419.7529376894195,3383.18115627039,3347.000483571942,3311.2067369695096,3275.7957785686717,3240.7635147267883,3206.1058955797657,3171.818914573873,3137.8986080025707,3104.34105454829,3071.1423748291154,3038.29873095031,3005.806326060645,2973.661403913463,2941.8602484324456,2910.399183282021,2879.2745714423645,2848.482814788942,2818.020353676559,2787.8836665278477,2758.069269426159,2728.5737157128124,2699.3935955886436,2670.5255357198225,2641.966198847882,2613.712283403917,2585.7605231269117,2558.1076866861467,2530.7505773076446,2503.686032404611,2476.910923211827,2450.422154423953,2424.216663837698,2398.2914219978175,2372.6434318468982,2347.2697283788843,2322.167378296315,2297.3334796712193,2272.765161609646,2248.4595839197755,2224.4139367835837,2200.6254404320157,2177.091344823632,2153.808929326696,2130.77550240466,2107.988401305007,2085.4449917514316,2063.142667639306,2041.0788507344053,2019.2509903748505,1997.6565631762464,1976.293072739966,1955.1580493645577,1934.249049760239,1913.5636567664426,1893.0994790723826,1872.854150940611,1852.825331933528,1833.0107066428202,1813.407984421789,1794.0148991205438,1774.8292088240255,1755.8486955928338,1737.0711652068244,1718.4944469114482,1700.1163931668038,1681.9348793993756
84,15542.9,15347.82,15217.96,14495.04,15217.97,14591.74,13947.44,13929.75,14132.68,13739.57,13986.53,13239.35,13899.61,13198.43,12981.01,12851.51,12549.98,12480.54,12589.3,12090.61,11799.7,11040.29,10094.42,11184.85,10811.62,10324.39,10120.36,10081.68,9602.42,9357.13,9007.79,9088.73,9021.96,8690.19,9037.01,8803.65,8688.52,8586.25,8384.76,9497.83,8799.76,8526.91,8523.66,8268.78,8046.97,8070.97,7909.45,7744.33,7592.45,7465.26,7367.45,7299.34,7255.47,7225.8,7197.19,7157.77,7102.4,7034.26,6959.93,6884.03,6809.6,6737.53,6667.72,6599.28,6531.28,6463.8,6396.83,6329.65,6262.3,6195.09,6128.88,6063.97,5999.12,5934.64,5870.8,5807.75,5745.56,5684.02,5623.23,5563.21,5503.38,5444.5,5387.15,5330.19,5273.78,5217.71,5162.07,5107.11,5052.76,4999.03,4945.55,4892.82,4840.48,4788.61,4737.575519525389,4687.084937634567,4637.132457743209,4587.712345043934,4538.818925847909,4490.446586933489,4442.589774901785,4395.2429955391035,4348.400813186186,4302.05785011416,4256.208785907156,4210.848356851493,4165.971355331368,4121.572629231007,4077.64708134317,4034.1896687839594,3991.195402413879,3948.6593462650494,3906.5766169745343,3864.9423832237053,3823.7518651835803,3783.000333966073,3742.683111081094,3702.795567899436,3663.333125121377,3624.2912522509614,3585.665467075868,3547.451335152832,3509.644469298547,3472.240529085992,3435.2352203461305,3398.6242946749126,3362.4035489455414,3326.568824825928,3291.1160083012937,3256.0410292018623,3221.3398607355775,3187.0085190258133,3153.043062653998,3119.4395922071203,3086.194249830058,3053.3032187826757,3020.762723001639,2988.5690266669076,2956.7184337728404,2925.207287703877,2894.0319708147344,2863.188904015091,2832.674546358677,2802.4853946367643,2772.6179829759753,2743.068882440383,2713.8347006378526,2684.9120813305744,2656.297704049754,2627.9882837143996,2599.980570254183,2572.271348236311,2544.8574364963765,2517.735687773147,2490.902988347241,2464.3562576836553,2438.092448078103,2412.108544307126,2386.401563281926,2360.968553705892,2335.806595735777,2310.912800646483,2286.2843104994217,2261.9182978144063,2237.811965245044,2213.962545257584,2190.367299813193,2167.023520053609,2143.928525990155,2121.0796661960585,2098.4743175020585,2076.109884695246,2053.983800221124,2032.0935238888371,2010.4365425795454,1989.0103699579038,1967.8125461866184,1946.8406376440446,1926.0922366447935,1905.564961163318
85,16635.3,16552.33,16023.66,15675.63,16443.2,15923.73,14954.62,15101.68,15575.51,14832.53,14588.91,14281.55,14957.36,13923.99,14104.86,14211.2,13838.41,13556.14,13535.07,13178.9,13283.39,12743.19,12702.76,10405.68,11710.52,11594.27,11185.54,11109.14,10651.11,10427.96,10046.42,10127.16,10194.47,9830.9,10228.01,9849.83,9735.49,9539.4,9349.74,10641.23,9820.98,9505.25,9501.03,9205.41,9021.84,9098.96,8954.18,8787.93,8618.04,8461.22,8329.67,8227.3,8154.51,8106.22,8070.81,8035.74,7989.36,7926.83,7851.92,7771.05,7688.49,7606.57,7527.24,7450.06,7373.4,7297.03,7221.22,7145.75,7070.44,6995.3,6920.69,6847.29,6774.67,6702.6,6631.0,6560.21,6490.23,6420.59,6351.97,6284.46,6217.65,6151.28,6085.8,6021.82,5958.56,5895.37,5832.66,5770.94,5709.93,5649.06,5588.78,5529.63,5470.82,5412.26,5354.805979964482,5297.961864925811,5241.721180417886,5186.077520704507,5131.024548049773,5076.5559919962225,5022.665648650635,4969.347379977422,4916.595113099505,4864.40283960663,4812.764614871012,4761.674557370257,4711.126848017459,4661.115729498419,4611.635505615886,4562.680540640781,4514.245258670283,4466.324142992749,4418.911735459366,4372.002635862475,4325.591501320494,4279.673045669373,4234.242038860506,4189.293306365037,4144.821728584487,4100.822240267637,4057.289829933611,4014.219539301064,3971.606462723447,3929.44574663026,3887.7325889742388,3846.4622386844035,3805.6299951249216,3765.2312075597124,3725.2612746227333,3685.7156437938897,3646.589810880512,3607.879319504331,3569.579760593906,3531.6867718824356,3494.1960374109003,3457.1032870364847,3420.4042959462095,3384.094884175735,3348.1709161332665,3312.6283001285183,3277.4629879066715,3242.6709741872896,3208.248296208118,3174.191033273732,3140.4953063089756,3107.1572774171395,3074.173149442831,3041.539165539481,3009.2516087414488,2977.306801540659,2945.701105467742,2914.430920677619,2883.4926855394788,2852.8828762311205,2822.598006337588,2792.634626454076,2762.9893237930482,2733.658721795522,2704.639479746487,2675.9282923943993,2647.52188957472,2619.4170358374454,2591.610530078597,2564.099205175618,2536.8799276266427,2509.949597193595,2483.305146549076,2456.943540927,2430.8617777769373,2405.0568864221295,2379.525927721132,2354.265993733052,2329.2742073863355,2304.547722151075,2280.083721714792,2255.879419661664,2231.932059155156,2208.2389126240178,2184.7972814516215,2161.6044956685905
86,17850.01,17805.32,17663.46,16629.36,17463.2,17648.27,16085.77,16207.86,16589.63,16087.21,15844.42,15541.94,16066.43,14965.33,15542.43,15319.75,15028.32,14629.91,14524.51,14343.37,14020.96,14106.86,13934.32,13052.59,11502.68,12914.72,12647.02,12515.12,11703.35,11428.65,10964.05,11503.93,11350.18,10798.59,11341.48,10922.15,11048.6,11024.22,10410.22,11953.16,10878.14,10739.1,10654.79,10229.15,10076.39,10198.44,10084.93,9937.12,9766.83,9592.14,9431.03,9294.78,9187.5,9109.75,9055.62,9013.47,8970.19,8915.35,8845.12,8762.38,8673.61,8583.16,8493.72,8406.29,8319.94,8234.24,8148.47,8063.47,7979.03,7895.19,7811.9,7728.74,7646.91,7566.5,7486.41,7406.83,7328.28,7250.13,7172.89,7096.92,7021.79,6947.48,6873.56,6800.77,6729.62,6658.96,6588.63,6519.01,6450.11,6381.75,6314.17,6247.48,6181.39,6115.85,6051.272339725694,5987.376559191163,5924.155458383624,5861.601913315699,5799.708875222657,5738.469369768141,5677.876496258262,5617.92342686401,5558.603405851872,5499.909748822562,5441.835841957807,5384.375141275074,5327.521171890168,5271.26752728762,5215.607868598777,5160.535923887515,5106.045487443495,5052.130419082879,4998.78464345643,4946.002149364922,4893.776989081776,4842.103277682848,4790.975192383288,4740.386971881419,4690.332915709521,4640.8073835914865,4591.804794807252,4543.319627563943,4495.346418373657,4447.879761437817,4400.91430803803,4354.4447659333655,4308.465898764014,4262.972525461233,4217.959519663521,4173.421809138966,4129.35437521368,4085.7522522062864,4042.61052686836,3999.924337830788,3957.6888750559706,3915.899379295812,3874.551141555428,3833.639502562517,3793.1598522423424,3753.107629198245,3713.4783201976534,3674.267459663513,3635.4706291710895,3597.083456950085,3559.1016173920107,3521.52083056276,3484.33686172033,3447.5455208376375,3411.1426621303676,3375.124183589813,3339.4860265206476,3304.2241750835715,3269.334655842796,3234.8135373183013,3200.656929542822,3166.8609836235105,3133.4218913082327,3100.335884556436,3067.599235114555,3035.208254095899,3003.1592915649717,2971.448736126184,2940.073014516911,2909.0285912048403,2878.3119679895767,2847.9196836084525,2817.848313346498,2788.094468650533,2758.654796747333,2729.5259802658243,2700.704736863272,2672.1878188554133,2643.972012850494,2616.0541393871763,2588.431052576261,2561.099639746199,2534.0568210923448,2507.299549329909,2480.8248093505854,2454.629617882791
87,19174.24,18793.05,18636.84,17995.22,18048.44,17663.96,17375.03,17513.72,17706.26,17093.49,17522.93,16730.85,17401.01,16290.71,16595.97,16566.32,16439.54,15996.73,15897.31,15384.69,15009.72,15236.8,15390.1,14708.51,14033.68,11839.14,14017.85,13690.46,13277.1,12767.25,12373.2,12669.15,12405.62,12272.41,12590.0,12098.95,12429.01,12254.64,11563.8,13594.73,12241.16,12140.11,11827.55,11446.12,11237.29,11371.62,11288.48,11174.13,11023.38,10849.14,10670.85,10505.5,10364.32,10251.56,10167.87,10106.74,10055.83,10003.26,9939.0,9858.91,9767.09,9669.57,9570.23,9471.6,9374.48,9278.44,9182.66,9087.17,8992.37,8898.53,8805.52,8712.85,8620.93,8530.51,8440.79,8351.92,8264.15,8176.65,8089.92,8004.72,7920.24,7836.67,7754.24,7672.12,7591.27,7512.1,7433.33,7355.14,7277.95,7201.26,7125.4,7050.37,6975.98,6902.5,6829.9184492385175,6758.100112024436,6687.036962972342,6616.721061085796,6547.144548869965,6478.2996514535835,6410.1786757201435,6342.774009448219,6276.07812046084,6210.083555783803,6144.782940812825,6080.168978489478,6016.234448485765,5952.972206397283,5890.375182944865,5828.436383184619,5767.14888572628,5706.505841959764,5646.500475289878,5587.126080379049,5528.376022398053,5470.2437362845785,5412.722726009632,5355.806563851617,5299.488889678074,5243.763410234961,5188.623898443411,5134.0641927038805,5080.078196207618,5026.659876255378,4973.803263583282,4921.502451695792,4869.751596205677,4818.54491418093,4767.876683498554,4717.741242205132,4668.13298788414,4619.046377029889,4570.475924428073,4522.416202542812,4474.8618409101555,4427.807525537951,4381.247998312031,4335.178056408645,4289.592551713057,4244.486390244279,4199.854531585832,4155.691988322501,4111.99382548302,4068.7551599886046,4025.9711601072927,3983.637044914016,3941.7480837563553,3900.2995957259113,3859.286949135231,3818.705561000239,3778.5508965281065,3738.818468610511,3699.5038373222214,3660.6026094249514,3622.1104378764408,3584.0230213446875,3546.3361037272957,3509.04547367587,3472.146964125424,3435.63645182872,3399.5098568955214,3363.7631423366765,3328.3923136130093,3293.3934181889413,3258.7625450908154,3224.4958244698623,3190.589427169761,3157.039564298748,3123.842486806222,3090.9944850638094,3058.491888450825,3026.3310649440996,2994.5084207121117,2963.020399713401,2931.8634832991875,2901.0341898201846,2870.5290742375364,2840.34472773785,2810.477777352278,2780.924885579599
88,20219.76,20618.36,19904.63,18829.97,19841.7,19867.53,18000.97,18373.98,19313.53,17681.58,18619.31,17866.77,18714.24,17706.7,18013.41,17771.86,17684.99,17099.63,17684.22,16849.84,16683.31,16698.55,16481.56,16181.08,16005.18,14496.25,12758.72,15506.83,14886.9,13971.97,13680.98,13930.07,13901.55,13612.27,14250.06,13676.14,13650.03,13846.29,13400.39,14940.45,13809.34,13524.3,13423.77,12909.59,12535.67,12651.58,12576.7,12493.96,12378.35,12225.27,12047.87,11865.79,11695.61,11548.72,11430.22,11339.62,11269.37,11208.1,11144.51,11068.46,10977.55,10875.57,10767.59,10658.1,10549.35,10441.44,10334.56,10227.98,10121.6,10016.61,9912.68,9809.52,9707.21,9605.81,9505.33,9406.04,9307.97,9210.46,9113.44,9017.64,8923.06,8829.59,8737.0,8645.34,8554.49,8464.94,8376.9,8289.46,8202.85,8117.02,8031.72,7947.64,7864.31,7781.68,7700.208710524123,7619.590395085838,7539.816123364865,7460.877058538047,7382.764456300472,7305.469663896843,7228.984119162982,7153.299349577384,7078.4069713226845,7004.298688356962,6930.966291494762,6858.401657497743,6786.596748174841,6715.543609491857,6645.234370690365,6575.661243415847,6506.816520854954,6438.692576881802,6371.2818652132,6304.576918572732,6238.570347863581,6173.2548413500235,6108.62316384748,6044.668155921059,5981.382733092484,5918.759885055326,5856.79267489845,5795.474238337597,5734.797782955006,5674.756587446999,5615.3440008794405,5556.553441950998,5498.378398264111,5440.8124256035935,5383.849147222793,5327.4822531372165,5271.705499425558,5216.512707538037,5161.897763611993,5107.854617794621,5054.377283572828,5001.459837110076,4949.096416590191,4897.281221568031,4846.008512326947,4795.272609242991,4745.067892155757,4695.388799745826,4646.229828918717,4597.585534195304,4549.450527108591,4501.819475606827,4454.687103462853,4408.048189689648,4361.897567961971,4316.230126044087,4271.040805223462,4226.3245997503955,4182.076556283524,4138.291773341118,4094.9654007581385,4052.0926391489647,4009.6687393757566,3967.6890020223755,3926.1487768738184,3885.0434624011014,3844.368505251534,3804.1193997443297,3764.291687371504,3724.8809563039854,3685.8828409029115,3647.293021236031,3609.1072225991725,3571.3212150427244,3533.9308129030715,3496.9318743389376,3460.320300872579,3424.092036935788,3388.243069420644,3352.7694272349713,3317.6671808624483,3282.9324419273257,3248.561362763699,3214.550135989291,3180.8949940836987,3147.592208971054
89,21422.55,21678.86,20941.62,19664.69,21304.19,20374.23,19832.52,19983.93,20575.09,19464.37,19995.46,19208.89,19864.69,18823.53,19227.57,19494.09,19037.38,18823.8,18913.15,17933.45,17936.04,18228.2,18137.7,16985.69,17864.94,16830.12,16189.13,13723.02,16665.06,16230.2,15260.67,15283.08,15482.89,14909.51,15471.83,15145.07,15066.46,15607.49,14966.32,16858.71,14964.58,15144.74,15153.43,14426.83,13990.7,14090.39,13987.54,13913.69,13831.38,13714.44,13558.62,13378.09,13191.16,13015.78,12863.62,12737.97,12637.88,12556.5,12483.26,12406.48,12317.32,12213.89,12099.55,11980.21,11859.79,11739.29,11619.62,11500.76,11382.14,11264.64,11148.58,11033.57,10919.68,10806.58,10694.38,10583.33,10473.67,10365.09,10257.05,10149.97,10044.26,9939.72,9835.99,9733.59,9632.35,9531.72,9432.48,9334.73,9237.77,9141.73,9046.22,8952.04,8858.99,8766.29,8675.012555764486,8584.685521773918,8495.299002049705,8406.843203653392,8319.308435613755,8232.685107865098,8146.963730196584,8062.134911212524,7978.1893573034695,7895.117871628042,7812.911353105344,7731.560795417872,7651.057286024817,7571.3920051856185,7492.556224993707,7414.5413084202955,7337.3387083681355,7260.939966735112,7185.336713487604,7110.520665743489,7036.483626864684,6963.217485559154,6890.7142149922565,6818.965871907345,6747.964595755529,6677.7026078344925,6608.172210436282,6539.365786003965,6471.2757962970745,6403.89478156574,6337.215359733418,6271.230225588128,6205.932149982119,6141.313979039864,6077.368633374297,6014.089107311221,5951.468468121778,5889.499855262927,5828.1764796258185,5767.491622791994,5707.438636297343,5648.0109409037095,5589.202025878091,5531.005448279345,5473.414832252309,5416.423868329287,5360.026312738799,5304.215986721531,5248.986775853411,5194.33262937572,5140.247559532199,5086.7256409130405,5033.7610098057185,4981.347863552578,4929.480459915107,4878.15311644484,4827.360209860802,4777.096175433431,4727.355506374933,4678.132753235966,4629.422523308616,4581.219480035586,4533.518342425536,4486.313884474517,4439.600934593423,4393.3743750414005,4347.6291413651725,4302.360221844183,4257.56265694153,4213.231538760612,4169.362010507437,4125.949265958515,4082.9885489343123,4040.4751527781737,3998.404419840672,3956.771740969331,3915.5725550036614,3874.8023482754493,3834.456654114253,3794.531052358047,3755.0211688689606,3715.922675054061,3677.2312873911237,3638.9427669593406,3601.052918974918,3563.557592331507
90,21543.92,21360.07,22464.43,21482.92,22533.02,21402.44,20328.26,20326.91,21034.42,20262.06,21513.14,20373.04,21489.41,20179.33,20441.21,20216.04,19993.49,19909.95,19927.04,19281.32,18885.39,18551.76,19216.69,17736.55,18435.43,17847.59,18368.15,17019.88,15593.73,16394.17,16650.82,16803.32,16897.48,16341.35,17266.55,16705.87,16645.78,16516.38,15852.26,18255.31,17189.15,17104.26,16845.84,15892.2,15633.2,15729.83,15571.0,15470.43,15399.23,15316.57,15197.79,15039.36,14854.84,14664.92,14485.2,14326.57,14192.59,14083.02,13990.83,13904.53,13813.75,13710.88,13594.57,13468.09,13337.53,13206.09,13074.61,12943.47,12813.19,12684.04,12555.93,12429.46,12303.98,12179.54,12056.23,11933.88,11812.72,11692.78,11574.0,11456.17,11339.49,11224.17,11109.83,10996.42,10884.3,10773.45,10663.32,10554.4,10447.03,10340.96,10235.34,10130.63,10027.46,9925.01,9823.786522962891,9723.595406830555,9624.426122730947,9526.268249174183,9429.111470957374,9332.945578080611,9237.760464674031,9143.546127935808,9050.29266708097,8957.990282300967,8866.629273733808,8776.200040444737,8686.69307941729,8598.098984554634,8510.40844569111,8423.612247613844,8337.701269094343,8252.666481929951,8168.498949995117,8085.189828302295,8002.730362072454,7921.111885815059,7840.3258224174215,7760.363682243365,7681.2170622410495,7602.877645059928,7525.337198176683,7448.587573030094,7372.620704164723,7297.428608383325,7223.00338390792,7149.33720954941,7076.422343885659,7004.251124447976,6932.815966915873,6862.109364320045,6792.1238862534865,6722.852178090635,6654.286960214497,6586.421027251648,6519.24724731503,6452.758561254479,6386.947981914896,6321.80859340198,6257.333550355452,6193.516077229689,6130.3494675816955,6067.827083366344,6005.942354238788,5944.688776864005,5884.059914233373,5824.049394988215,5764.650912750255,5705.858225458885,5647.665154715204,5590.065585132746,5533.0534636948205,5476.6227991184205,5420.767661224609,5365.482180315322,5310.760546556548,5256.597009367774,5202.985876817675,5149.9215150259515,5097.398347571296,5045.410854905355,4993.953573772713,4943.021096636753,4892.608071111403,4842.709199398657,4793.319237731845,4744.4329958245735,4696.045336325294,4648.151174277422,4600.745476584978,4553.823261483665,4507.379598017346,4461.409605519863,4415.908453102135,4370.871359144491,4326.293590794179,4282.170463468006,4238.497340360035,4195.269631954323,4152.48279554261,4110.132334746944
91,22512.33,23023.73,23269.49,23185.99,23996.01,23120.04,21599.87,21059.92,22606.16,22027.95,22097.6,22105.89,22130.36,20981.95,21880.07,21408.84,21734.47,21117.27,20980.33,20134.37,19798.34,20382.4,20498.17,19670.38,19591.97,19659.58,18751.63,19989.64,17430.56,17233.35,18033.94,18701.49,18645.95,17563.98,19200.52,18020.5,18807.39,18237.78,17667.76,20312.47,18698.02,18828.26,18456.71,17855.91,17477.6,17586.66,17374.43,17217.92,17120.13,17050.24,16968.3,16847.81,16687.47,16502.11,16309.21,16126.65,15963.12,15822.95,15705.94,15602.97,15504.8,15401.64,15286.61,15158.71,15022.45,14882.72,14741.88,14601.42,14461.73,14323.15,14185.71,14049.76,13914.68,13780.94,13648.46,13516.95,13386.26,13256.75,13129.19,13002.13,12876.09,12751.83,12628.26,12505.77,12384.39,12264.24,12145.28,12026.76,11909.49,11794.18,11679.87,11566.03,11453.41,11342.13,11231.895109565692,11122.731599116365,11014.62905584109,10907.577168131711,10801.565724599257,10696.584613099902,10592.623819770397,10489.673428072874,10387.723617848933,10286.764664382921,10186.786937474328,10087.780900519178,9989.73710960036,9892.646212586807,9796.49894824141,9701.286145337617,9606.998721784617,9513.627683761033,9421.164124857,9329.599225224634,9238.924250736716,9149.130552153572,9060.209564298044,8972.15280523848,8884.951875479666,8798.598457161625,8713.084313266194,8628.40128683132,8544.541300172987,8461.496354114708,8379.258527224509,8297.819975059321,8217.172929416723,8137.3096975939525,8058.222661654116,7979.904277699541,7902.347075152184,7825.543656041022,7749.486694296396,7674.168935051185,7599.583193948787,7525.722356457826,7452.579377193513,7380.147279245605,7308.419153512899,7237.388158044192,7167.047517385642,7097.390521934481,7028.410527298998,6960.100953664757,6892.455285166957,6825.467069268906,6759.129916146536,6693.437498078883,6628.383548844515,6563.9618631238045,6500.166295907027,6436.990761908201,6374.429234984635,6312.475747562098,6251.124390065601,6190.369310355695,6130.20471317025,6070.624859571658,6011.624066399418,5953.196705728028,5895.337204330159,5838.040043145033,5781.299756751986,5725.110932849117,5669.468211737043,5614.366285807644,5559.799899037779,5505.76384648794,5452.252973805757,5399.262176734343,5346.786400625409,5294.820639957124,5243.359937856638,5192.399385627271,5141.934122280281,5091.959334071189,5042.470254040604,4993.462161559525,4944.930381879045,4896.870285684439
92,25232.45,25154.89,24875.01,24839.88,26102.06,24346.71,22828.65,23296.71,24140.21,24028.83,23676.89,23566.15,24889.54,23282.28,24448.32,24048.43,23612.6,22853.27,22590.58,22416.55,22364.4,21910.82,23049.93,21255.08,21100.15,21171.9,21227.88,20999.62,19605.81,19704.01,18536.28,20252.89,20995.53,20144.08,20742.96,19867.14,20559.78,20590.21,19283.23,22011.7,20939.72,20931.74,20730.99,19914.13,19463.62,19616.28,19374.0,19159.81,19002.89,18904.36,18834.04,18749.79,18627.79,18465.7,18276.77,18082.24,17896.34,17728.32,17582.48,17456.85,17344.57,17235.43,17119.88,16993.12,16855.39,16710.57,16562.84,16414.95,16268.3,16122.72,15977.65,15833.62,15690.78,15549.5,15409.25,15269.99,15132.18,14995.13,14859.22,14724.43,14590.75,14458.66,14327.55,14197.5,14068.45,13940.21,13812.83,13686.55,13561.77,13437.94,13315.32,13193.96,13073.52,12954.01,12835.81541285026,12718.699253186021,12602.651681251768,12487.662947071574,12373.72338962996,12260.823436060185,12148.95360083997,12038.104484994556,11928.266775307025,11819.43124353583,11711.588745639465,11604.730221008218,11498.846691702915,11393.929261700621,11289.969116147233,11186.957520616863,11084.885820378018,10983.745439666438,10883.527880964599,10784.22472428776,10685.827626476565,10588.328320496044,10491.718614741074,10395.990392348118,10301.135610513284,10207.146299816588,10114.014563552386,10021.732577065919,9930.292587095908,9839.686911123144,9749.90793672503,9660.948120936004,9572.799989613803,9485.456136811508,9398.909224155317,9313.151980227998,9228.177199957963,9143.977744013919,9060.54653820505,8977.876572886653,8895.960902371216,8814.79264434486,8734.364979289103,8654.671149907914,8575.70446055997,8497.458276696125,8419.926024301982,8343.101189345567,8266.977317230043,8191.548012251409,8116.806937061152,8042.7478121338045,7969.364415239358,7896.650580920482,7824.60019997453,7753.207218940259,7682.465639589228,7612.369518421858,7542.912966168066,7474.090147292469,7405.895279504102,7338.322633270603,7271.366531336837,7205.021348247909,7139.281509876529,7074.141492954693,7009.595824609629,6945.639081903989,6882.265891380224,6819.4709286091265,6757.248917742481,6695.594631069814,6634.502888579162,6573.968557521876,6513.986551981378,6454.551832445852,6395.659405384846,6337.304322829727,6279.481681957972,6222.186624681238,6165.414337237207,6109.160049785148,6053.419036005163,5998.186612701104,5943.4581394070965,5889.229017997664
93,25840.38,26713.04,26823.15,25377.42,27446.18,26448.23,24535.9,25242.36,26490.3,25168.5,26628.88,24945.61,27100.78,24750.41,25948.79,25969.87,25139.38,24445.62,24773.17,23927.07,23616.43,24232.74,25230.74,22598.69,23409.67,22911.56,22723.01,22881.22,21203.12,22495.76,22361.59,21272.96,22487.04,21845.57,22922.13,22268.74,22199.14,22266.46,21619.47,25139.13,22678.99,22899.35,22674.39,21837.08,21585.85,21799.87,21547.9,21300.82,21084.76,20925.73,20824.39,20749.6,20660.72,20533.96,20367.83,20176.79,19979.41,19791.01,19619.07,19466.71,19333.38,19211.6,19089.32,18960.73,18822.91,18676.74,18525.01,18370.78,18217.65,18065.79,17914.34,17763.21,17613.59,17465.53,17318.68,17172.94,17027.96,16883.85,16740.64,16599.04,16458.73,16319.43,16181.25,16043.73,15907.41,15771.86,15636.75,15503.38,15372.32,15241.34,15110.64,14981.77,14854.25,14727.29,14601.739229031911,14477.258783703546,14353.8395394435,14231.472449467721,14110.148544116375,13989.858930196362,13870.594790329422,13752.347382305827,13635.108038443548,13518.868164952919,13403.619241306695,13289.352819615482,13176.060524008504,13063.734050019639,12952.365163978686,12841.945702407835,12732.467571423273,12623.92274614188,12516.30327009301,12409.601254635272,12303.808878378266,12198.918386609284,12094.922090724867,11991.812367667231,11889.581659365482,11788.222472181591,11687.727376361128,11588.089005488619,11489.3000559476,11391.353286385247,11294.241517181574,11197.957629923161,11102.494566881362,11007.845330494967,10914.002982857273,10820.960645207524,10728.711497426691,10637.248777537552,10546.565781209021,10456.655861264722,10367.51242719574,10279.128944677524,10191.498935090922,10104.61597504728,10018.473695917604,9933.065783365739,9848.385976885502,9764.428069341799,9681.185906515622,9598.65338665294,9516.82446001744,9435.693128447057,9355.25344491432,9275.499513090415,9196.425486912984,9118.025570157592,9040.294016012867,8963.22512665925,8886.813252851332,8811.052793503759,8735.938195280669,8661.46395218862,8587.624605173005,8514.414741717881,8441.828995449236,8369.862045741624,8298.508617328152,8227.763479913809,8157.621447792062,8088.077379464752,8019.126177265204,7950.762786984574,7882.982197501355,7815.779440414068,7749.149589677066,7683.08776123945,7617.589112687061,7552.648842887527,7488.2621916383305,7424.424439317882,7361.130906539573,7298.376953808752,7236.157981182666,7174.469427933263,7113.306772212896,7052.665530722855
94,27729.53,30116.21,28952.04,27948.64,29083.65,27829.71,26377.45,25901.92,27206.37,27281.95,28738.49,27342.91,27511.95,25800.7,27414.61,27144.64,26913.92,26099.33,26592.64,25916.84,25373.6,25562.94,25279.89,24978.6,24225.67,24308.22,23444.77,24565.32,23036.5,24967.27,23897.73,23895.32,22838.96,22434.92,25927.76,24125.26,24135.98,24672.52,24061.28,27095.08,25121.59,24947.4,24956.92,24113.56,23907.19,24201.68,23942.97,23689.59,23443.53,23229.17,23069.94,22966.78,22890.56,22800.95,22672.31,22503.53,22311.45,22114.44,21924.57,21749.25,21591.93,21452.05,21318.1,21184.26,21044.96,20897.25,20742.81,20584.41,20424.94,20265.63,20108.14,19951.46,19795.91,19641.58,19488.2,19335.71,19183.58,19032.96,18883.71,18735.32,18588.36,18442.32,18297.01,18152.22,18008.92,17866.77,17725.14,17585.02,17446.07,17307.81,17170.53,17033.94,16898.71,16764.72,16631.941935548963,16500.215485106357,16369.53231979626,16239.884176708201,16111.262858374681,15983.660232252867,15857.06823021039,15731.4788480152,15606.88414482947,15483.276242707512,15360.647326097664,15238.98964134813,15118.295496216708,14998.55725938445,14879.76735997312,14761.918287066508,14645.002589235522,14529.012874067055,14413.941807696558,14299.782114344336,14186.526575855522,14074.168031243666,13962.699376237962,13852.113562834065,13742.403598848441,13633.562547476271,13525.58352685284,13418.459709618413,13312.184322486546,13206.750645815822,13102.152013184981,12998.381810971407,12895.433477932957,12793.300504793111,12691.97643382939,12591.454858465051,12491.729422864004,12392.793821528941,12294.641798902654,12197.267148972494,12100.663714877994,12004.82538852155,11909.746110182241,11815.419868132672,11721.840698258855,11629.002683683113,11536.899954389972,11445.526686854982,11354.87710367654,11264.945473210562,11175.7261092081,11087.213370455795,10999.401660419193,10912.285426888902,10825.8591616295,10740.117400031293,10655.05472076477,10570.665745437833,10486.94513825572,10403.887605683638,10321.487896112061,10239.740799524672,10158.641147168939,10078.183811229314,9998.363704502997,9919.175780078287,9840.615031015472,9762.676490030233,9685.355229179599,9608.64635955033,9532.545030949817,9457.046431599403,9382.145787830146,9307.838363780978,9234.119461099279,9160.984418643788,9088.4286121899,9016.447454137275,8945.036393219776,8874.190914217692,8803.906537672256,8734.178819602408,8665.003351223808,8596.375758670087,8528.291702716271,8460.746878504444
95,30081.11,29809.96,30604.54,29629.63,29782.1,28906.37,27630.43,28488.64,28243.5,30294.43,29489.05,28534.01,29579.78,28254.96,29857.36,29243.89,28912.44,28374.09,28743.65,28389.5,26835.44,28033.27,28493.37,27592.21,26948.74,26162.33,27586.67,27275.31,25668.02,25945.38,25463.55,27354.32,27293.51,25061.59,26383.56,26536.43,27436.02,26455.66,26045.78,30361.1,27629.25,27327.93,27106.11,26088.01,26377.23,26815.6,26538.85,26285.86,26039.09,25797.5,25585.67,25429.05,25332.81,25259.01,25164.98,25032.97,24864.72,24673.7,24477.04,24289.11,24113.82,23952.99,23804.05,23661.12,23516.23,23365.7,23210.13,23048.86,22884.26,22719.47,22556.68,22394.35,22232.53,22072.56,21913.84,21755.43,21597.82,21441.51,21286.47,21132.24,20978.38,20826.28,20675.07,20523.99,20374.35,20225.92,20078.88,19932.66,19786.35,19641.39,19497.64,19354.32,19212.36,19071.41,18931.93059301851,18793.471273433388,18656.024580800695,18519.583109238698,18384.139507028845,18249.686476219624,18116.216772233332,17983.72320347574,17852.19863094859,17721.635967864928,17592.02817926725,17463.36828164847,17335.6493425756,17208.864480316257,17083.00686346783,16958.0697105894,16834.04628983636,16710.929918597667,16588.71396313579,16467.391838229258,16346.95700681784,16227.402979650324,16108.723314934856,15990.911617991838,15873.961540909395,15757.86678220131,15642.6210864675,15528.218244056969,15414.652090733214,15301.916507342086,15190.005419482075,15078.912797177012,14968.632654551175,14859.159049506738,14750.486083403614,14642.607900741616,14535.518688844966,14429.212677549083,14323.684138889681,14218.927386794136,14114.936776775114,14011.706705626426,13909.231611121126,13807.505971711806,13706.524306233074,13606.281173606238,13506.77117254612,13407.988941270016,13309.92915720881,13212.586536720179,13115.95583480389,13020.031844819205,12924.809398204325,12830.283364197909,12736.448649562612,12643.30019831065,12550.832991431385,12459.042046620878,12367.922418013444,12277.469195915153,12187.67750653929,12098.542511743744,12010.059408770323,11922.223429985968,11835.02984262587,11748.473948538456,11662.55108393224,11577.256619124542,11492.58595829202,11408.534539223037,11325.097833071859,11242.27134411461,11160.050609507043,11078.43119904408,10997.408714921099,10916.978791496966,10837.137095058817,10757.879323588544,10679.201206530994,10601.098504563863,10523.56700936928,10446.602543407047,10370.200959689551,10294.358141558308,10219.070002462164,10144.33248573709
96,31782.61,31269.9,32753.75,29659.39,32272.02,31389.25,29487.18,28956.23,32482.17,30584.71,32639.78,30889.44,30812.91,31548.76,30659.7,31786.77,31127.1,28659.52,29855.59,30340.3,28396.64,29917.19,29439.64,28334.97,29412.42,28189.78,28398.72,30109.65,26812.92,27585.63,27998.76,30027.91,29362.59,28493.44,28152.27,28361.25,29892.32,29867.9,27933.53,31762.23,29530.48,29554.99,29401.77,28033.05,28979.55,29594.79,29293.57,29026.82,28780.6,28540.85,28306.41,28102.32,27955.9,27856.26,27775.92,27681.63,27552.11,27383.86,27195.72,27005.44,26817.52,26641.19,26476.38,26320.66,26169.46,26015.46,25857.79,25694.58,25526.16,25358.37,25192.93,25026.0,24859.08,24694.73,24532.78,24370.03,24207.86,24047.39,23888.25,23730.06,23571.35,23414.77,23258.56,23102.38,22948.09,22795.15,22643.26,22492.15,22341.52,22190.91,22040.95,21892.8,21745.94,21598.93,21454.07469525822,21310.190876572084,21167.272028576772,21025.31167960339,20884.30340138591,20744.240808770097,20605.11755942435,20466.92735355255,20329.66393360875,20193.321084013845,20057.89263087411,19923.372441701627,19789.75442513661,19657.032530671553,19525.20074837727,19394.25310863073,19264.183681844777,19134.986578199587,19006.655947375977,18879.185978290505,18752.57089883231,18626.80497560175,18501.882513650788,18377.797856225094,18254.545384507917,18132.11951736563,18010.514711095024,17889.725459172267,17769.74629200356,17650.571776677465,17532.19651671888,17414.61515184469,17297.82235772103,17181.8128457222,17066.581362691177,16952.12269070173,16838.431646822166,16725.503082880616,16613.331885231924,16501.912974526087,16391.241305478256,16281.311866640259,16172.119680173702,16063.659801624528,15955.927319699145,15848.917356042024,15742.625065014794,15637.04563347683,15532.174280567291,15428.006257488647,15324.53684729163,15221.761364661656,15119.675155706644,15018.27359774629,14917.552099102748,14817.506098892693,14718.131066820815,14619.42250297465,14521.375937620847,14423.98693100274,14327.251073139325,14231.163983625558,14135.721311434003,14040.918734717812,13946.751960615016,13853.216725054137,13760.30879256111,13668.023956067475,13576.358036719892,13485.306883690895,13394.866373990948,13305.03241228174,13215.80093069074,13127.167888626993,13039.129272598164,12951.681096028782,12864.819399079739,12778.54024846896,12692.83973729331,12607.713984851676,12523.159136469238,12439.171363322926,12355.746862268044,12272.881855666043,12190.57259121348,12108.815341772097
97,31425.12,33046.47,32451.5,32263.12,34306.48,31743.82,29759.1,31505.53,31302.17,33820.2,32293.28,31423.1,36107.19,33128.27,32584.97,34291.44,32172.21,31118.76,32621.95,32942.88,33474.86,31368.48,31906.61,30039.6,30866.43,31783.52,31411.45,32520.56,29358.04,29066.82,30357.79,32069.46,32346.23,29838.31,31993.9,29498.14,30991.5,32159.09,30561.42,33672.37,32977.08,32229.56,32477.71,30698.94,31666.66,32500.93,32188.78,31892.9,31631.23,31397.2,31163.34,30939.58,30748.39,30600.0,30502.51,30426.88,30332.43,30199.65,30037.37,29853.96,29662.06,29480.41,29304.18,29133.55,28973.21,28815.38,28656.58,28494.2,28323.43,28153.12,27987.15,27819.28,27650.07,27482.93,27318.3,27152.96,26988.57,26825.7,26664.1,26503.38,26342.58,26183.28,26024.01,25865.14,25707.03,25550.6,25395.82,25241.58,25088.21,24934.63,24780.89,24628.55,24477.8,24327.73,24179.107300234253,24031.39256462651,23884.580246252153,23738.66483207378,23593.640842734167,23449.502832350518,23306.24538830997,23163.86313106634,23022.350713938093,22881.702822907595,22741.914176421542,22602.979525192648,22464.893652002505,22327.65137150568,22191.247530034994,22055.677005408004,21920.93470673463,21787.01557422603,21653.914579004533,21521.626722914854,21390.147038336378,21259.470587996628,21129.59246478585,21000.50779157275,20872.21172102136,20744.69943540899,20617.96614644535,20492.007095092697,20366.817551387154,20242.392814261104,20118.72821136662,19995.819098900036,19873.66086142757,19752.248911711988,19631.578690540355,19511.64566655284,19392.44533607253,19273.973222936333,19156.22487832689,19039.195880605494,18922.881835146072,18807.278374170157,18692.38115658285,18578.185867809847,18464.688219635365,18351.88395004116,18239.76882304646,18128.338628548892,18017.5891821664,17907.51632508012,17798.115923878173,17689.383870400492,17581.316081584537,17473.908499311958,17367.157090256227,17261.05784573116,17155.60678154041,17050.79993782782,16946.63337892875,16843.103193222283,16740.205492984336,16637.936414241653,16536.29211662673,16435.268783233598,16334.862620474478,16235.069857937342,16135.886748244322,16037.309566910984,15939.334612206483,15841.958205014536,15745.17668869528,15648.986428947963,15553.383813674453,15458.365252843616,15363.927178356491,15270.066043912311,15176.778324875331,15084.060518142469,14991.909142011762,14900.320736051624,14809.291860970901,14718.819098489716,14628.899051211107,14539.528342493459,14450.703616323695,14362.421537191252
98,34875.15,31188.75,35745.03,33215.11,35527.61,34737.04,31835.33,35221.8,33300.17,32797.64,35598.09,32531.43,35167.36,32587.06,33496.16,33204.32,32420.94,32777.47,34546.38,34775.66,33514.81,34683.68,31377.45,33036.44,34051.87,32152.14,35413.36,32979.59,29635.71,33627.69,31601.06,33572.16,33632.27,33529.86,35189.86,32724.7,30525.72,33341.14,33658.12,36898.01,32533.08,34680.57,33768.11,32069.91,34253.91,35471.3,35176.48,34869.22,34587.33,34340.29,34115.04,33896.51,33686.24,33496.93,33353.12,33258.97,33177.68,33081.07,32955.39,32792.76,32610.67,32430.35,32249.97,32071.12,31902.54,31740.93,31579.53,31418.05,31248.23,31075.81,30911.52,30746.95,30579.4,30410.17,30242.43,30080.35,29917.19,29751.87,29590.09,29429.28,29268.34,29107.94,28947.68,28788.95,28630.74,28472.48,28315.56,28159.67,28005.72,27852.26,27697.6,27543.45,27390.83,27239.62,27089.348895026887,26939.90678124344,26791.289085405904,26643.49125949945,26496.50878059899,26350.337150730793,26204.971896734798,26060.408570127758,25916.64274696709,25773.670027715492,25631.48603710633,25490.086424009714,25349.466861299363,25209.62304572019,25070.5506977566,24932.24556150153,24794.70340452622,24657.92001775068,24521.891215314892,24386.6128344507,24252.080735354444,24118.290801060248,23985.23893731405,23852.921072448305,23721.333157257373,23590.471164873616,23460.331090644173,23330.908952008383,23202.200788375947,23074.202661005696,22946.910652885064,22820.320868610237,22694.429434266916,22569.23249731179,22444.726226454633,22320.90681154105,22197.770463435892,22075.3134139073,21953.531915511376,21832.42224147751,21711.98068559434,21592.203562096318,21473.087205550943,21354.627970746562,21236.822232580835,21119.666385949808,21003.156845637564,20887.290046206534,20772.06244188836,20657.47050647542,20543.51073321289,20430.179634691438,20317.473742740513,20205.3896083222,20093.92380142567,19983.07291096223,19872.833544660916,19763.202328964704,19654.175908927245,19545.750948110228,19437.924128481256,19330.69215031231,19224.051732078777,19117.999610359027,19012.53253973454,18907.647292690595,18803.340659517504,18699.60944821237,18596.45048438143,18493.8606111429,18391.836689030362,18290.375595896694,18189.47422681854,18089.129494001274,17989.3383266845,17890.097671048115,17791.404490118817,17693.255763677196,17595.648488165287,17498.579676594676,17402.04635845507,17306.045579623416,17210.574402273473,17115.629904785932,17021.209181658993,16927.30934341946
99,39178.08,33905.15,31377.72,37065.64,36445.88,32994.92,26133.02,35824.0,36150.98,35931.31,39825.51,35946.08,38538.21,34140.72,36788.05,37576.01,35547.96,35335.4,36203.39,34514.44,35226.39,36416.69,34483.7,34347.56,34020.74,30539.63,34611.68,37753.51,31554.05,31873.28,35062.72,36936.05,35097.06,34271.6,37585.34,35006.65,38727.36,35489.83,35980.66,39863.98,38054.25,38322.93,36038.29,32981.72,36965.97,38481.25,38237.65,37961.32,37668.9,37395.77,37165.76,36960.8,36750.77,36546.52,36363.11,36227.25,36134.56,36050.94,35951.49,35823.92,35662.81,35492.18,35317.37,35143.1,34975.05,34809.55,34643.49,34477.69,34314.09,34145.24,33981.61,33821.35,33656.91,33489.53,33319.72,33157.68,32999.01,32838.19,32679.87,32519.68,32360.33,32203.02,32044.5,31885.91,31730.38,31575.45,31418.09,31262.34,31108.62,30955.99,30804.16,30650.91,30497.83,30348.03,30198.381935978792,30049.471796068814,29901.295941519387,29753.850751522754,29607.132623125577,29461.137971140924,29315.863228060633,29171.304843968162,29027.45928645183,28884.323040518506,28741.892608507704,28600.164510006136,28459.135281762636,28318.801477603574,28179.159668348595,28040.206441726874,27901.938402293694,27764.352171347487,27627.444386847303,27491.211703330606,27355.65079183155,27220.758339799646,27086.531051018792,26952.965645526725,26820.05885953491,26687.807445348746,26556.208171288214,26425.257821608924,26294.953196423532,26165.29111162353,26036.268398801454,25907.88190517346,25780.12849350228,25653.00504202057,25526.5084443546,25400.635609448393,25275.383461488145,25150.748939827088,25026.72899891071,24903.320608202303,24780.520752108943,24658.326429907785,24536.734655672728,24415.742458201476,24295.34688094291,24175.54498192486,24056.3338336822,23937.710523185327,23819.67215176897,23702.215835061357,23585.33870291374,23469.037899330266,23353.310582398157,23238.153924218306,23123.56511083615,23009.541342172914,22896.079831957188,22783.177807656848,22670.8325104113,22559.04119496407,22447.801129595704,22337.10959605705,22226.963889502804,22117.361318425428,22008.299204589373,21899.774882965656,21791.7857016667,21684.329021881575,21577.402217811476,21471.00267660559,21365.12779829724,21259.77499574034,21154.941694546196,21050.625333020573,20946.82336210113,20843.53324529511,20740.752458617357,20638.478490528647,20536.708841874322,20435.441025823206,20334.672567806854,20234.40100545907,20134.62388855574,20035.338778954967,19936.543250537485,19838.23488914737
100,43113.77,32195.12,40803.71,43111.34,35527.69,33126.29,36946.28,33721.97,39137.65,38963.36,38180.2,38111.16,40463.32,34782.61,35668.79,42743.46,36324.32,37605.68,38618.84,39932.7,33451.6,39387.76,41305.41,35683.2,37625.98,35338.48,35512.2,40310.57,34176.64,38695.77,34651.01,38136.51,39191.5,32229.97,42555.82,41099.06,39627.36,40294.01,34575.73,42138.1,38381.94,41177.32,39150.29,37538.93,40161.28,41650.16,41445.1,41209.37,40933.63,40647.22,40403.42,40195.05,40000.16,39795.48,39601.51,39452.01,39340.53,39253.04,39176.79,39076.34,38922.35,38761.39,38608.72,38448.6,38281.4,38109.24,37944.22,37780.63,37619.36,37464.88,37308.36,37153.73,36994.11,36831.21,36665.12,36506.32,36356.49,36199.09,36039.11,35885.26,35733.62,35580.78,35429.08,35275.64,35121.85,34970.57,34819.83,34667.0,34514.98,34366.71,34220.31,34072.87,33922.82,33776.98,33630.66137681872,33484.97659181628,33339.92289926675,33195.49756533841,33051.697868042276,32908.52109718072,32765.964554296435,32624.025552621595,32482.70141702716,32341.98948397252,32201.88710145525,32062.39162896115,31923.500437414466,31785.210909128356,31647.520437755542,31510.42642823919,31373.926296764,31238.017470707513,31102.69738859163,30967.963500034315,30833.813265701552,30700.24415725947,30567.2536573267,30434.83925942692,30302.99846794163,30171.728798063104,30041.027775747567,29910.89293766856,29781.321831170517,29652.312014222545,29523.861055372385,29395.9665337006,29268.626038774946,29141.83717060493,29015.597539596598,28889.90476650748,28764.756482401746,28640.15032860559,28516.083956662733,28392.555028290197,28269.561215334215,28147.10019972635,28025.16967343983,27903.76733844601,27782.890906671113,27662.538099953053,27542.70664999854,27423.39429834029,27304.598796294507,27186.31790491846,27068.549394968304,26951.29104685707,26834.540650612827,26718.296005837015,26602.554921663006,26487.315216714782,26372.574719065844,26258.331266198267,26144.58270496195,26031.326891534012,25918.561691378436,25806.284979205782,25694.494638933178,25583.188563644402,25472.364655550205,25362.020825948763,25252.154995186276,25142.76509261785,25033.849056568382,24925.40483429377,24817.430381942206,24709.923664515634,24602.882655831425,24496.305338484177,24390.189703807682,24284.533751837105,24179.33549127124,24074.592939435017,23970.304122242127,23866.467074157812,23763.07983816182,23660.140465711513,23557.64701670516,23455.59755944537,23353.99017060267,23252.822935179265
101,40977.88,41676.1,37154.15,42484.25,35714.29,44160.0,34666.67,35403.73,38700.36,36904.76,38964.99,42013.13,39371.16,39946.74,38718.12,42943.31,42857.14,43790.46,46110.8,36363.64,35498.63,43684.87,45187.53,39091.3,38561.15,35209.05,41731.41,38664.13,37139.27,43017.18,41225.36,38297.01,40337.48,37096.77,42075.64,39031.24,40587.25,42138.24,38464.58,45574.77,41854.82,45185.89,43328.02,37290.18,43700.34,45119.92,44916.71,44734.42,44509.97,44229.29,43988.2,43750.14,43561.2,43417.6,43223.79,43044.37,42932.51,42846.58,42792.65,42711.25,42560.84,42403.41,42255.54,42108.33,41955.07,41796.15,41639.64,41484.23,41330.32,41180.07,41033.44,40891.59,40743.09,40580.71,40421.72,40273.77,40132.45,39978.7,39830.48,39690.42,39540.38,39396.57,39254.33,39113.58,38969.14,38818.6,38679.06,38539.99,38390.47,38245.91,38112.81,37976.56,37831.05,37692.26,37553.00017081657,37414.25485840726,37276.02216181101,37138.300187090164,37001.087047304514,36864.380862485436,36728.17975961013,36592.48187257599,36457.28534217498,36322.58831606822,36188.38894876057,36054.68540157534,35921.47584262914,35788.75844680673,35656.53139573605,35524.7928777633,35393.54108792809,35262.77422793875,35132.49050614769,35002.6881375268,34873.36534364305,34744.5203526341,34616.151399184026,34488.256724499144,34360.83457628389,34233.88320871682,34107.40088242672,33981.38586446873,33855.83642830061,33730.75085375912,33606.12742703641,33481.964440656564,33358.260193452195,33235.01299054113,33112.22114330321,32989.882969357146,32867.99679253745,32746.560942871496,32625.573756556612,32505.03357593732,32384.938749482586,32265.287631763225,32146.078583429335,32027.309971187846,31908.980167780137,31791.08755195974,31673.63050847014,31556.607428022628,31440.01670727426,31323.856748805887,31208.125961100268,31092.822758520277,30977.945561287153,30863.492795458882,30749.46289290861,30635.85429130317,30522.665434081682,30409.894770434206,30297.54075528052,30185.601849248927,30074.076518655183,29962.96323548147,29852.260477355463,29741.966727529485,29632.080474859707,29522.600213785456,29413.524444308583,29304.85167197291,29196.580407843758,29088.70916848755,28981.236475951468,28874.160857743234,28767.480846810908,28661.194981522793,28555.301805647436,28449.799868333626,28344.68772409057,28239.96393276804,28135.627059536684,28031.675674868326,27928.10835451642,27824.9236794965,27722.120236066774,27619.696615708715,27517.651415107804,27415.98323613427
102,39484.98,41163.31,37322.52,39523.0,40251.57,28976.38,41931.03,40603.57,36122.18,41843.09,44063.65,37696.34,42160.74,43165.47,41189.93,47899.16,52060.74,44165.62,38095.24,49543.15,35193.13,45941.81,41754.92,38461.54,41490.14,41051.31,43381.18,43835.62,34965.03,35983.64,41304.35,40148.09,41715.27,40728.25,44539.09,42768.85,47789.17,43926.79,42373.96,49289.1,40522.06,46581.84,45535.52,45680.57,47542.42,48994.14,48834.13,48697.93,48437.9,48163.14,47945.55,47656.13,47546.41,47444.08,47206.51,47028.24,46973.08,46923.02,46800.88,46715.67,46603.55,46472.02,46335.55,46180.73,46038.63,45888.94,45747.84,45613.24,45464.82,45314.4,45178.5,45045.39,44903.52,44756.01,44628.34,44502.46,44353.76,44211.78,44082.24,43939.12,43806.63,43677.6,43540.07,43403.47,43270.36,43126.37,42987.76,42866.83,42733.93,42606.93,42480.07,42345.81,42208.51,42081.87,41951.94380542184,41822.41875309419,41693.29360450541,41564.5671249677,41436.23808360534,41308.30525334287,41180.76741089338,41053.62333674682,40926.87181515834,40800.51163413664,40674.5415854324,40548.96046452674,40423.767070619666,40298.96020661862,40174.53867912703,40050.50129843287,39926.84687849732,39803.574236943416,39680.68219504473,39558.169577714085,39436.03521349239,39314.27793453736,39192.89657661238,39071.889979075364,38951.2569848677,38830.996440503106,38711.107196056684,38591.58810515386,38472.43802495946,38353.655816166756,38235.24034298662,38117.190473136594,37999.50507783012,37882.18303176573,37765.22321311625,37648.62450351816,37532.385788060776,37416.50595527573,37300.98389712622,37185.81850899649,37071.008689681235,36956.55334137508,36842.45136966209,36728.70168350529,36615.30319523625,36502.254820544666,36389.555478468006,36277.20409138116,36165.19958498616,36053.54088830189,35942.226933653845,35831.25665666391,35720.62899624022,35610.34289456699,35500.39729709438,35390.79115252846,35281.52341282111,35172.59303316003,35063.99897195874,34955.740190846605,34847.815654658945,34740.22433142708,34632.96519236853,34526.03721187712,34419.43936751318,34313.170639993834,34207.23001318316,34101.61647408252,33996.329012820905,33891.366622645204,33786.728299910654,33682.413044071174,33578.419857669855,33474.7477463294,33371.395718742584,33268.36278666285,33165.64796489479,33063.25027128475,32961.16872671143,32859.40235507656,32757.950183295514,32656.81124128803,32555.984561968937,32455.469181238896,32355.264137975202,32255.36847402257
103,46153.85,57600.0,46861.92,50526.32,39506.17,33160.62,37163.81,40975.61,40579.71,47816.09,41723.36,40251.57,53211.01,48036.95,39024.39,46616.54,32820.51,47165.53,34204.28,38022.81,39263.8,41779.5,40287.77,50192.06,41274.66,40054.13,33443.34,44132.4,45117.85,34889.06,41935.48,42803.32,36740.74,36907.73,47438.11,46330.28,38288.29,49196.68,41193.68,49644.47,53083.11,46813.44,43074.25,44768.86,51606.98,53191.69,53070.15,52872.99,52591.49,52396.67,52219.29,52002.57,51913.49,51771.59,51527.43,51396.65,51334.02,51258.7,51115.35,51089.71,51003.75,50885.28,50751.57,50551.37,50415.0,50274.02,50170.03,50118.29,49979.76,49802.02,49676.72,49560.04,49435.43,49285.07,49177.05,49071.56,48920.66,48815.58,48700.34,48548.14,48433.68,48306.53,48158.81,48043.62,47926.7,47793.25,47681.84,47567.95,47441.35,47333.57,47213.38,47083.79,46954.6,46834.1,46714.83556428036,46595.874839011594,46477.21705078596,46358.86142816524,46240.80720167567,46123.053603803,46005.599868987454,45888.44523361882,45771.58893603139,45655.0302164991,45538.76831723053,45422.80248236401,45307.131957962694,45191.75599200964,45076.673834402965,44961.884736950924,44847.387953367084,44733.18273926543,44619.26835215557,44505.644051437856,44392.30909839864,44279.2627562054,44166.50428990199,44054.03296640385,43941.84805449323,43829.94882481449,43718.334549869265,43607.004504011806,43495.95796344425,43385.1942062119,43274.712512198545,43164.51216312176,43054.59244252825,42944.9526357892,42835.59203009561,42726.50991445367,42617.70557968014,42509.17831839773,42400.927425030524,42292.95219579934,42185.25192871725,42077.82592358489,41970.673481986014,41863.79390728291,41757.186504611884,41650.850580878694,41544.78544475413,41438.990406669436,41333.46477881189,41228.20787512029,41123.21901128051,41018.497504721076,40914.04267460865,40809.85384184371,40705.93032905605,40602.271460600416,40498.87656255211,40395.74496270259,40292.875990555134,40190.26897732043,40087.9232559123,39985.838160943276,39884.01302872034,39782.44719724061,39681.140006186964,39580.09079692385,39479.2989124929,39378.76369760875,39278.48449865473,39178.46066367862,39078.69154238841,38979.176486148084,38879.91484797341,38780.905982527685,38682.14924611762,38583.643996689076,38485.38959382295,38387.385398730956,38289.63077425153,38192.12508484563,38094.86769659267,37997.85797718633,37901.095295930485,37804.5790237351,37708.308533112155,37612.283198171506
104,44094.49,59016.39,24489.8,21238.94,38888.89,34042.55,49612.4,45714.29,29629.63,37735.85,47272.73,34920.63,36226.42,46601.94,69869.0,53080.57,57358.49,33488.37,36036.04,44444.44,45508.98,39183.67,51525.42,35359.12,41192.41,43636.36,38427.95,51063.83,42264.15,35351.88,42448.98,46994.54,51715.04,48704.66,48854.96,51936.22,48203.94,51717.17,40693.64,55667.79,54408.06,58744.99,49605.41,51690.46,56212.94,57654.99,57453.51,57265.09,56953.78,56763.27,56558.57,56570.59,56691.51,56462.57,56066.64,55870.4,55823.28,55842.87,55751.81,55773.99,55695.72,55446.81,55260.44,55274.48,55211.09,54995.14,54813.86,54800.86,54751.35,54608.57,54464.95,54335.96,54274.84,54122.74,53974.21,53872.59,53739.24,53634.16,53515.01,53422.44,53292.75,53125.53,53025.18,52942.02,52832.66,52734.9,52688.24,52566.02,52428.51,52342.79,52211.45,52105.52,52002.99,51865.0,51758.510489340675,51652.23962354552,51546.186953691686,51440.35203177801,51334.734410723206,51229.33364436393,51124.14928745287,51019.18089565696,50914.42802555539,50809.8902346378,50705.5670813024,50601.45812485409,50497.56292550263,50393.881044360714,50290.41204344221,50187.15548566024,50084.11093482535,49981.27795564369,49878.656113715144,49776.2449755315,49674.04410847467,49572.05308081476,49470.27146170835,49368.69882119661,49267.33473020352,49166.17876053402,49065.23048487225,48964.48947677968,48863.95531069338,48763.62756192417,48663.50580665486,48563.58962193843,48463.87858569625,48364.37227671633,48265.070274651494,48165.97216001763,48067.07751419191,47968.385919411034,47869.89695876945,47771.6102162176,47673.52527656016,47575.64172545429,47477.959149407885,47380.477135777815,47283.195272768186,47186.113149428624,47089.23035565251,46992.54648217526,46896.06112057259,46799.77386325881,46703.68430348506,46607.79203533764,46512.096653736284,46416.597754432405,46321.29493400745,46226.18778987116,46131.275920259875,46036.558924234836,45942.036401680496,45847.70795330282,45753.57318062763,45659.63168599887,45565.88307257697,45472.32694433714,45378.962906067725,45285.79056336851,45192.80952264907,45100.019391127105,45007.41977682676,44915.01028857702,44822.79053600999,44730.7601295593,44638.91868045843,44547.26580073909,44455.80110322957,44364.524201553075,44273.43471012616,44182.53224415703,44091.81641964396,44001.28685337368,43910.943162919684,43820.78496664071,43730.81188367908,43641.02353395908,43551.41953818537,43461.999517841396
105,29629.63,63492.06,64516.13,62500.0,43243.24,28915.66,30476.19,43750.0,41791.04,37500.0,27826.09,39024.39,56774.19,45000.0,58181.82,94915.25,33684.21,33898.31,71641.79,52631.58,45569.62,57831.33,55696.2,55813.95,56852.79,48730.96,54106.28,51724.14,53846.15,33472.8,35164.84,49406.18,54901.96,41260.74,49025.07,57831.33,55555.56,54683.54,55278.31,50678.73,56363.64,51118.21,44755.24,43537.41,60739.97,62032.93,61402.82,61274.58,61476.74,61790.72,61692.86,61801.22,61480.16,61036.56,60892.08,60773.81,61031.5,61329.78,60754.92,60530.07,60459.17,60111.53,59975.17,59947.17,59980.01,59825.66,59686.43,59678.12,59514.72,59434.96,59393.31,59311.86,59355.19,59303.31,59066.65,58850.12,58797.28,58640.18,58431.09,58449.77,58370.11,58134.32,58063.91,58008.63,57942.35,57918.52,57822.0,57647.82,57530.41,57487.32,57372.05,57266.31,57152.87,57031.31,56934.48822938577,56837.83083260874,56741.33753061227,56645.008044813454,56548.842097102344,56452.83940984116,56356.999705863454,56261.3227084733,56165.80814144455,56070.45572901998,55975.265195910535,55880.23626729451,55785.36866881675,55690.66212658789,55596.116367183546,55501.73111764351,55407.50610547099,55313.441058631804,55219.535705553615,55125.7897751251,55032.202996695225,54938.77510007246,54845.50581552393,54752.394873774705,54659.44200600702,54566.64694385946,54474.0094194262,54381.52916525626,54289.20591435269,54197.03940017184,54105.029356622545,54013.17551806539,53921.47761931196,53829.93539562401,53738.548582712756,53647.316916738106,53556.24013430788,53465.31797247705,53374.550168747,53283.93646106475,53193.47658782222,53103.17028785542,53013.01730044379,52923.017365309366,52833.170222616056,52743.47561296889,52653.933277413285,52564.54295743427,52475.30439495577,52386.21733233982,52297.281512385845,52208.49667832997,52119.86257384416,52031.37894303558,51943.04553044582,51854.86208105017,51766.82834025685,51678.944053906314,51591.2089682705,51503.6228300521,51416.18538638383,51328.89638482769,51241.75557337425,51154.762700441905,51067.91751487616,50981.219765948925,50894.66920335774,50808.26557722511,50722.00863809773,50635.89813694581,50549.933825162334,50464.11545456233,50378.442777382166,50292.91554627888,50207.53351432938,50122.29643502977,50037.20406229468,49952.25615045649,49867.452454264654,49782.79272888499,49698.276729898964,49613.904213303,49529.67493550777,49445.58865333745,49361.6451240291,49277.844105231896
106,64000.0,48484.85,34782.61,36363.64,27586.21,33333.33,43636.36,61538.46,56338.03,56338.03,32000.0,40000.0,40404.04,14545.45,62337.66,94117.65,42105.26,43636.36,68965.52,46153.85,40677.97,66666.67,33802.82,21333.33,34042.55,38095.24,53781.51,63636.36,10000.0,43243.24,41558.44,19607.84,32989.69,57777.78,36363.64,38787.88,37209.3,38095.24,52000.0,76000.0,57657.66,64171.12,63157.89,44444.44,67060.44,67956.53,68356.89,68561.99,68541.67,68511.9,68540.97,69056.85,68955.31,67974.25,66039.14,65909.09,66532.63,66635.38,65727.75,65707.04,66244.99,65676.46,66055.12,65600.18,65091.21,64646.69,63993.03,64602.06,64805.4,64243.17,64259.88,64398.47,64312.83,64426.42,64480.8,64216.42,63927.86,63551.52,63155.81,63312.34,63333.24,62848.9,62986.04,63049.44,63001.38,63282.47,62964.98,62693.91,62741.97,62770.04,62608.57,62345.28,62126.41,62051.55,61952.63380972393,61853.87530145094,61755.27422382064,61656.83032587329,61558.543357049246,61460.41306718826,61362.439206528856,61264.62152570771,61166.95977575902,61069.45370811385,60972.103074599494,60874.90762743887,60777.867119249895,60680.98130304479,60584.24993222954,60487.672760603215,60391.24954235734,60294.9800320753,60198.86398473169,60102.90115569168,60007.091300710454,59911.43417593251,59815.92953789109,59720.577143507544,59625.37675009071,59530.32811533631,59435.43099732631,59340.68515452831,59246.09034579496,59151.646330363306,59057.3528678542,58963.20971827166,58869.21664200233,58775.373399814765,58681.679752858916,58588.135462665465,58494.740291145245,58401.494000588624,58308.39635366492,58215.44711342173,58122.64604328444,58029.9929070555,57937.48746891393,57845.12949341465,57752.91874548789,57660.854990438624,57568.93799394595,57477.167522062475,57385.54334121377,57294.06521819774,57202.732920184026,57111.54621471343,57020.5048696973,56929.60865341699,56838.8573345232,56748.25068203545,56657.78846534145,56567.47045419653,56477.29641872307,56387.266129409865,56297.379357111604,56207.63587304823,56118.03544880441,56028.577856328906,55939.26286793403,55850.09025629503,55761.05979444955,55672.171255797046,55583.42441409816,55494.81904347421,55406.35491840657,55318.03181373613,55229.8495046627,55141.80776674444,55053.90637589728,54966.14510839438,54878.523740865545,54791.04205029663,54703.699814029016,54616.496809759024,54529.43281553734,54442.50760976846,54355.72097121012,54269.07267897276,54182.5625125189,54096.19025166268
107,53333.33,40000.0,42105.26,100000.0,0.0,36363.64,0.0,0.0,33333.33,77419.35,47058.82,67796.61,77419.35,24242.42,55172.41,60000.0,100000.0,0.0,0.0,36363.64,64864.86,28571.43,0.0,32653.06,25000.0,63157.89,32653.06,57142.86,47058.82,41379.31,41025.64,42553.19,43410.85,52892.56,43478.26,48484.85,69565.22,63492.06,69841.27,63157.89,77419.35,57971.01,74074.07,43243.24,72321.43,73412.7,75555.56,75833.33,74166.67,73690.48,73690.48,74166.67,74583.33,73897.06,73063.73,75000.0,76212.12,73127.24,69772.26,70866.4,72333.97,72623.32,71779.0,69538.95,70247.16,71052.63,70875.51,71954.36,72746.0,72112.85,69946.35,68469.95,69015.15,69113.19,68989.32,68983.87,68686.17,68909.67,69131.88,68573.37,67917.46,67504.77,67543.81,68120.74,67602.82,67364.54,67422.96,67585.95,67713.16,67503.52,67541.87,67248.12,66911.92,67017.83,66908.52592490311,66799.40012148157,66690.45229897962,66581.68216711571,66473.08943608172,66364.6738165422,66256.43501963362,66148.37275696354,66040.48674060992,65932.77668312028,65825.24229751098,65717.88329726645,65610.69939633839,65503.690309145066,65396.85575057052,65290.19543596378,65183.70908113816,65077.396402370454,64971.25711640021,64865.290940428975,64759.49759211951,64653.87678959507,64548.428251438665,64443.15169669224,64338.046844856006,64233.11341588767,64128.35113020164,64023.75970866836,63919.33887261351,63815.08834381728,63711.00784451363,63607.097097389546,63503.35582558428,63399.783752688694,63296.38060274441,63193.146100243146,63090.07997012599,62987.1819377826,62884.45172905055,62781.88907021455,62679.49368800573,62577.26530960093,62475.20366262193,62373.30847513476,62271.579475648985,62170.016393116945,62068.61895693305,61967.386896933065,61866.31994339337,61765.417827030295,61664.68027899932,61564.107030894425,61463.69781474735,61363.45236302688,61263.37040863813,61163.451684921856,61063.6959256537,60964.10286504354,60864.67223773473,60765.40377880341,60666.297223757814,60567.35230853756,60468.5687695129,60369.946343484124,60271.48476768073,60173.18377976083,60075.0431178104,59977.06252034256,59879.24172629694,59781.580475038936,59684.07850635904,59586.73556047213,59489.5513780168,59392.525700054626,59295.65826806954,59198.9488239671,59102.39711007376,59006.0028691363,58909.76584432103,58813.68577921316,58717.76241781611,58621.99550455081,58526.38478425505,58430.93000218276,58335.63090400337,58240.4872358011
108,0.0,0.0,61538.46,100000.0,50000.0,0.0,57142.86,40000.0,72727.27,61538.46,0.0,0.0,76190.48,100000.0,44444.44,66666.67,47058.82,0.0,57142.86,69565.22,0.0,57142.86,42105.26,0.0,100000.0,57142.86,0.0,0.0,57142.86,50000.0,100000.0,74418.6,34042.55,45977.01,39344.26,50793.65,53333.33,82758.62,38095.24,90909.09,88888.89,0.0,29629.63,33333.33,74107.14,87500.0,88750.0,88750.0,87500.0,87500.0,87500.0,87500.0,87500.0,87500.0,88750.0,90833.33,91666.67,88690.48,85714.29,86607.14,87500.0,88194.44,86944.44,76666.67,69583.33,70833.33,71314.1,71794.87,72206.96,72093.84,72034.31,74583.33,77348.48,77348.48,75634.92,73644.18,72949.74,73460.59,73936.78,73257.58,73821.3,75008.17,75315.66,74561.69,72378.42,71451.55,71321.3,72063.44,71408.18,70831.06,72095.3,71440.48,70976.43,72005.83,71755.11297764632,71505.26892662422,71256.2948073358,71008.18759076664,70760.94425844912,70514.56180242558,70269.03722521177,70024.3675397604,69780.54976942473,69537.58094792246,69295.45811929952,69054.17833789426,68813.73866830143,68574.13618533663,68335.36797400063,68097.43112944395,67860.32275693149,67624.0399718073,67388.57989945958,67153.93967528557,66920.11644465679,66687.1073628843,66454.90959518406,66223.52031664248,65992.93671218201,65763.15597652695,65534.17531416925,65305.99193933456,65078.603075948304,64852.00595760193,64626.19782751922,64401.17593852279,64176.937553000644,63953.479942872866,63730.800389558455,63508.896183942226,63287.76462634186,63067.403026475055,62847.8087034268,62628.97898561677,62410.9112107668,62193.602725868506,61977.05088715104,61761.253060048846,61546.206619169716,61331.90894826275,61118.357440186584,60905.54949687767,60693.482529318615,60482.15395750677,60271.561210422784,60061.70172599929,59852.57295108985,59644.17234143777,59436.49736164523,59229.54548514239,59023.31419415669,58817.80097968218,58613.003341449024,58408.91878789309,58205.54483612559,58002.87901190292,57800.91884959654,57599.661892162985,57399.10569111396,57199.24780648656,57000.08580681358,56801.617269093935,56603.839778763206,56406.75092966423,56210.34832401784,56014.62957239368,55819.59229368118,55625.23411506052,55431.552671973834,55238.545608096385,55046.21057530792,54854.54523366413,54663.547251368116,54473.214304742076,54283.544078199055,54094.53426421467,53906.18256329915,53718.48668396932,53531.444342720686,53345.05326399971
109,0.0,0.0,0.0,0.0,50000.0,0.0,0.0,61538.46,100000.0,100000.0,50000.0,100000.0,0.0,80000.0,0.0,100000.0,66666.67,80000.0,0.0,66666.67,66666.67,100000.0,0.0,0.0,44444.44,0.0,47058.82,0.0,53333.33,0.0,0.0,0.0,0.0,70588.24,34782.61,51612.9,50000.0,61538.46,0.0,0.0,0.0,0.0,69565.22,94117.65,87500.0,100000.0,100000.0,100000.0,100000.0,100000.0,100000.0,100000.0,100000.0,100000.0,100000.0,100000.0,100000.0,100000.0,100000.0,100000.0,100000.0,100000.0,100000.0,91666.67,83333.33,83333.33,83333.33,83333.33,83333.33,83333.33,85416.67,89583.33,91666.67,91666.67,90277.78,88194.44,87500.0,87500.0,87500.0,87500.0,88750.0,90000.0,90454.55,89204.55,79166.67,70416.67,72083.33,74583.33,73897.06,74818.11,77171.05,76607.14,77168.74,78894.93,77931.90707754075,76980.63919623791,76040.98286937963,75112.79636170996,74195.93966804993,73290.27449217951,72395.66422597738,71511.97392881534,70639.0703072042,69776.82169468819,68925.0980319847,68083.77084736647,67252.71323728334,66431.79984722036,65620.90685278969,64819.911941053295,64028.69429207352,63247.13456068899,62475.11485851284,61712.518736150836,60959.231165636374,60215.13852308,59480.12857153072,58754.09044404639,58036.914626970945,57328.49294341558,56628.718536941655,55937.48585544276,55254.690635223524,54580.22988527275,53914.0018717285,53255.90610253288,52605.84331227403,51963.71544721326,51329.42565049482,50702.878247536304,50083.97873159735,49472.633749524495,48868.75108767001,48272.2396579827,47683.00948426832,47100.97168861792,46526.038478001705,45958.12313102647,45397.13998485494,44843.004422284495,44295.63285898377,43754.94273088504,43220.85248173046,42693.281550770305,42172.15036061147,41657.38030521416,41148.893738035214,40646.61396031608,40150.46520951376,39660.37264787305,39176.262351138175,38698.06129740224,38225.697356092816,37759.099277091955,37298.19667998903,36842.9200434647,36393.20069480453,35948.970799540584,35510.16335121944,35076.712161295116,34648.55184914537,34225.61783220988,33807.84631624874,33395.17428571995,32987.53949427429,32584.88045536627,32187.136432979638,31794.24743246614,31406.154191496087,31022.798171119364,30644.121546935596,30270.067200372057,29900.578710068054,29535.60034336449,29175.077047897274,28818.954443293413,28467.178812968366,28119.697096023636,27776.45687924315,27437.40638918743
110,100000.0,0.0,100000.0,100000.0,50000.0,50000.0,0.0,0.0,0.0,72727.27,50000.0,50000.0,0.0,100000.0,100000.0,100000.0,100000.0,100000.0,50000.0,0.0,0.0,100000.0,100000.0,0.0,66666.67,0.0,66666.67,0.0,69565.22,100000.0,80000.0,0.0,100000.0,66666.67,38095.24,66666.67,74418.6,47058.82,100000.0,100000.0,100000.0,80000.0,100000.0,100000.0,100000.0,100000.0,100000.0,100000.0,100000.0,100000.0,100000.0,100000.0,100000.0,100000.0,100000.0,100000.0,100000.0,100000.0,100000.0,100000.0,100000.0,100000.0,100000.0,100000.0,100000.0,100000.0,100000.0,100000.0,100000.0,100000.0,100000.0,100000.0,100000.0,100000.0,100000.0,100000.0,100000.0,100000.0,100000.0,100000.0,100000.0,100000.0,100000.0,100000.0,91666.67,83333.33,85416.67,87500.0,87500.0,88750.0,90000.0,90000.0,90833.33,91666.67,90872.52600231528,90085.26198280648,89304.81833754806,88531.13597898645,87764.15633146658,87003.82132679697,86250.07339985353,85502.85548422116,84762.11100787335,84027.78388888901,83299.81853120656,82578.15982041469,81862.75311957968,81153.5442651088,80450.47956264959,79753.50578302462,79062.57015820153,78377.62037729792,77698.60458262094,77025.47136574106,76358.16976359997,75696.64925465213,75040.85975503981,74390.75161480122,73746.27561411145,73107.3829595561,72474.02528043708,71846.15462511046,71223.72345735603,70606.68465277836,69994.99149523897,69388.59767331944,68787.45727681517,68191.52479325951,67600.75510447803,67015.10348317253,66434.52558953484,65858.97746788975,65288.415543367155,64722.796618602995,64162.07787046879,63606.21684682942,63055.171463329156,62508.900000205394,61967.36109913004,61430.513760078284,60898.31733822447,60370.73154086486,59847.716424367085,59329.232391145975,58815.24018666565,58305.70089646754,57800.57594322411,57299.82708381829,56803.41640644791,56311.306327755556,55823.45958998301,55339.83925815051,54860.40871726038,54385.131669524904,53913.9721316182,53446.89443195195,52983.86320797465,52524.843403494335,52069.80026602447,51618.69934415281,51171.50648493308,50728.18783129929,50288.70981950231,49853.03917656889,49421.142917782425,48992.98834418577,48568.54304010554,48147.77487069793,47730.65197951578,47317.14278609673,46907.21598357222,46500.840536297284,46097.98567750079,45698.62090695613,45302.715988672,44910.24094860324,44521.166072381515,44135.4619030656,43753.0992389112,43374.0491311601
111,100000.0,100000.0,100000.0,100000.0,100000.0,100000.0,100000.0,100000.0,100000.0,100000.0,100000.0,100000.0,100000.0,100000.0,100000.0,100000.0,100000.0,100000.0,100000.0,100000.0,100000.0,100000.0,100000.0,100000.0,100000.0,100000.0,100000.0,100000.0,100000.0,100000.0,100000.0,100000.0,100000.0,100000.0,100000.0,100000.0,100000.0,100000.0,100000.0,100000.0,100000.0,100000.0,100000.0,100000.0,100000.0,100000.0,100000.0,100000.0,100000.0,100000.0,100000.0,100000.0,100000.0,100000.0,100000.0,100000.0,100000.0,100000.0,100000.0,100000.0,100000.0,100000.0,100000.0,100000.0,100000.0,100000.0,100000.0,100000.0,100000.0,100000.0,100000.0,100000.0,100000.0,100000.0,100000.0,100000.0,100000.0,100000.0,100000.0,100000.0,100000.0,100000.0,100000.0,100000.0,100000.0,100000.0,100000.0,100000.0,100000.0,100000.0,100000.0,100000.0,100000.0,100000.0,100000.0,100000.0,100000.0,100000.0,100000.0,100000.0,100000.0,100000.0,100000.0,100000.0,100000.0,100000.0,100000.0,100000.0,100000.0,100000.0,100000.0,100000.0,100000.0,100000.0,100000.0,100000.0,100000.0,100000.0,100000.0,100000.0,100000.0,100000.0,100000.0,100000.0,100000.0,100000.0,100000.0,100000.0,100000.0,100000.0,100000.0,100000.0,100000.0,100000.0,100000.0,100000.0,100000.0,100000.0,100000.0,100000.0,100000.0,100000.0,100000.0,100000.0,100000.0,100000.0,100000.0,100000.0,100000.0,100000.0,100000.0,100000.0,100000.0,100000.0,100000.0,100000.0,100000.0,100000.0,100000.0,100000.0,100000.0,100000.0,100000.0,100000.0,100000.0,100000.0,100000.0,100000.0,100000.0,100000.0,100000.0,100000.0,100000.0,100000.0,100000.0,100000.0,100000.0,100000.0,100000.0,100000.0
112,100000.0,100000.0,100000.0,100000.0,100000.0,100000.0,100000.0,100000.0,100000.0,100000.0,100000.0,100000.0,100000.0,100000.0,100000.0,100000.0,100000.0,100000.0,100000.0,100000.0,100000.0,100000.0,100000.0,100000.0,100000.0,100000.0,100000.0,100000.0,100000.0,100000.0,100000.0,100000.0,100000.0,100000.0,100000.0,100000.0,100000.0,100000.0,100000.0,100000.0,100000.0,100000.0,100000.0,100000.0,100000.0,100000.0,100000.0,100000.0,100000.0,100000.0,100000.0,100000.0,100000.0,100000.0,100000.0,100000.0,100000.0,100000.0,100000.0,100000.0,100000.0,100000.0,100000.0,100000.0,100000.0,100000.0,100000.0,100000.0,100000.0,100000.0,100000.0,100000.0,100000.0,100000.0,100000.0,100000.0,100000.0,100000.0,100000.0,100000.0,100000.0,100000.0,100000.0,100000.0,100000.0,100000.0,100000.0,100000.0,100000.0,100000.0,100000.0,100000.0,100000.0,100000.0,100000.0,100000.0,100000.0,100000.0,100000.0,100000.0,100000.0,100000.0,100000.0,100000.0,100000.0,100000.0,100000.0,100000.0,100000.0,100000.0,100000.0,100000.0,100000.0,100000.0,100000.0,100000.0,100000.0,100000.0,100000.0,100000.0,100000.0,100000.0,100000.0,100000.0,100000.0,100000.0,100000.0,100000.0,100000.0,100000.0,100000.0,100000.0,100000.0,100000.0,100000.0,100000.0,100000.0,100000.0,100000.0,100000.0,100000.0,100000.0,100000.0,100000.0,100000.0,100000.0,100000.0,100000.0,100000.0,100000.0,100000.0,100000.0,100000.0,100000.0,100000.0,100000.0,100000.0,100000.0,100000.0,100000.0,100000.0,100000.0,100000.0,100000.0,100000.0,100000.0,100000.0,100000.0,100000.0,100000.0,100000.0,100000.0,100000.0,100000.0,100000.0,100000.0,100000.0,100000.0,100000.0,100000.0
113,100000.0,100000.0,100000.0,100000.0,100000.0,100000.0,100000.0,100000.0,100000.0,100000.0,100000.0,100000.0,100000.0,100000.0,100000.0,100000.0,100000.0,100000.0,100000.0,100000.0,100000.0,100000.0,100000.0,100000.0,100000.0,100000.0,100000.0,100000.0,100000.0,100000.0,100000.0,100000.0,100000.0,100000.0,100000.0,100000.0,100000.0,100000.0,100000.0,100000.0,100000.0,100000.0,100000.0,100000.0,100000.0,100000.0,100000.0,100000.0,100000.0,100000.0,100000.0,100000.0,100000.0,100000.0,100000.0,100000.0,100000.0,100000.0,100000.0,100000.0,100000.0,100000.0,100000.0,100000.0,100000.0,100000.0,100000.0,100000.0,100000.0,100000.0,100000.0,100000.0,100000.0,100000.0,100000.0,100000.0,100000.0,100000.0,100000.0,100000.0,100000.0,100000.0,100000.0,100000.0,100000.0,100000.0,100000.0,100000.0,100000.0,100000.0,100000.0,100000.0,100000.0,100000.0,100000.0,100000.0,100000.0,100000.0,100000.0,100000.0,100000.0,100000.0,100000.0,100000.0,100000.0,100000.0,100000.0,100000.0,100000.0,100000.0,100000.0,100000.0,100000.0,100000.0,100000.0,100000.0,100000.0,100000.0,100000.0,100000.0,100000.0,100000.0,100000.0,100000.0,100000.0,100000.0,100000.0,100000.0,100000.0,100000.0,100000.0,100000.0,100000.0,100000.0,100000.0,100000.0,100000.0,100000.0,100000.0,100000.0,100000.0,100000.0,100000.0,100000.0,100000.0,100000.0,100000.0,100000.0,100000.0,100000.0,100000.0,100000.0,100000.0,100000.0,100000.0,100000.0,100000.0,100000.0,100000.0,100000.0,100000.0,100000.0,100000.0,100000.0,100000.0,100000.0,100000.0,100000.0,100000.0,100000.0,100000.0,100000.0,100000.0,100000.0,100000.0,100000.0,100000.0,100000.0,100000.0,100000.0
114,100000.0,100000.0,100000.0,100000.0,100000.0,100000.0,100000.0,100000.0,100000.0,100000.0,100000.0,100000.0,100000.0,100000.0,100000.0,100000.0,100000.0,100000.0,100000.0,100000.0,100000.0,100000.0,100000.0,100000.0,100000.0,100000.0,100000.0,100000.0,100000.0,100000.0,100000.0,100000.0,100000.0,100000.0,100000.0,100000.0,100000.0,100000.0,100000.0,100000.0,100000.0,100000.0,100000.0,100000.0,100000.0,100000.0,100000.0,100000.0,100000.0,100000.0,100000.0,100000.0,100000.0,100000.0,100000.0,100000.0,100000.0,100000.0,100000.0,100000.0,100000.0,100000.0,100000.0,100000.0,100000.0,100000.0,100000.0,100000.0,100000.0,100000.0,100000.0,100000.0,100000.0,100000.0,100000.0,100000.0,100000.0,100000.0,100000.0,100000.0,100000.0,100000.0,100000.0,100000.0,100000.0,100000.0,100000.0,100000.0,100000.0,100000.0,100000.0,100000.0,100000.0,100000.0,100000.0,100000.0,100000.0,100000.0,100000.0,100000.0,100000.0,100000.0,100000.0,100000.0,100000.0,100000.0,100000.0,100000.0,100000.0,100000.0,100000.0,100000.0,100000.0,100000.0,100000.0,100000.0,100000.0,100000.0,100000.0,100000.0,100000.0,100000.0,100000.0,100000.0,100000.0,100000.0,100000.0,100000.0,100000.0,100000.0,100000.0,100000.0,100000.0,100000.0,100000.0,100000.0,100000.0,100000.0,100000.0,100000.0,100000.0,100000.0,100000.0,100000.0,100000.0,100000.0,100000.0,100000.0,100000.0,100000.0,100000.0,100000.0,100000.0,100000.0,100000.0,100000.0,100000.0,100000.0,100000.0,100000.0,100000.0,100000.0,100000.0,100000.0,100000.0,100000.0,100000.0,100000.0,100000.0,100000.0,100000.0,100000.0,100000.0,100000.0,100000.0,100000.0,100000.0,100000.0,100000.0,100000.0
115,100000.0,100000.0,100000.0,100000.0,100000.0,100000.0,100000.0,100000.0,100000.0,100000.0,100000.0,100000.0,100000.0,100000.0,100000.0,100000.0,100000.0,100000.0,100000.0,100000.0,100000.0,100000.0,100000.0,100000.0,100000.0,100000.0,100000.0,100000.0,100000.0,100000.0,100000.0,100000.0,100000.0,100000.0,100000.0,100000.0,100000.0,100000.0,100000.0,100000.0,100000.0,100000.0,100000.0,100000.0,100000.0,100000.0,100000.0,100000.0,100000.0,100000.0,100000.0,100000.0,100000.0,100000.0,100000.0,100000.0,100000.0,100000.0,100000.0,100000.0,100000.0,100000.0,100000.0,100000.0,100000.0,100000.0,100000.0,100000.0,100000.0,100000.0,100000.0,100000.0,100000.0,100000.0,100000.0,100000.0,100000.0,100000.0,100000.0,100000.0,100000.0,100000.0,100000.0,100000.0,100000.0,100000.0,100000.0,100000.0,100000.0,100000.0,100000.0,100000.0,100000.0,100000.0,100000.0,100000.0,100000.0,100000.0,100000.0,100000.0,100000.0,100000.0,100000.0,100000.0,100000.0,100000.0,100000.0,100000.0,100000.0,100000.0,100000.0,100000.0,100000.0,100000.0,100000.0,100000.0,100000.0,100000.0,100000.0,100000.0,100000.0,100000.0,100000.0,100000.0,100000.0,100000.0,100000.0,100000.0,100000.0,100000.0,100000.0,100000.0,100000.0,100000.0,100000.0,100000.0,100000.0,100000.0,100000.0,100000.0,100000.0,100000.0,100000.0,100000.0,100000.0,100000.0,100000.0,100000.0,100000.0,100000.0,100000.0,100000.0,100000.0,100000.0,100000.0,100000.0,100000.0,100000.0,100000.0,100000.0,100000.0,100000.0,100000.0,100000.0,100000.0,100000.0,100000.0,100000.0,100000.0,100000.0,100000.0,100000.0,100000.0,100000.0,100000.0,100000.0,100000.0,100000.0,100000.0,100000.0
116,100000.0,100000.0,100000.0,100000.0,100000.0,100000.0,100000.0,100000.0,100000.0,100000.0,100000.0,100000.0,100000.0,100000.0,100000.0,100000.0,100000.0,100000.0,100000.0,100000.0,100000.0,100000.0,100000.0,100000.0,100000.0,100000.0,100000.0,100000.0,100000.0,100000.0,100000.0,100000.0,100000.0,100000.0,100000.0,100000.0,100000.0,100000.0,100000.0,100000.0,100000.0,100000.0,100000.0,100000.0,100000.0,100000.0,100000.0,100000.0,100000.0,100000.0,100000.0,100000.0,100000.0,100000.0,100000.0,100000.0,100000.0,100000.0,100000.0,100000.0,100000.0,100000.0,100000.0,100000.0,100000.0,100000.0,100000.0,100000.0,100000.0,100000.0,100000.0,100000.0,100000.0,100000.0,100000.0,100000.0,100000.0,100000.0,100000.0,100000.0,100000.0,100000.0,100000.0,100000.0,100000.0,100000.0,100000.0,100000.0,100000.0,100000.0,100000.0,100000.0,100000.0,100000.0,100000.0,100000.0,100000.0,100000.0,100000.0,100000.0,100000.0,100000.0,100000.0,100000.0,100000.0,100000.0,100000.0,100000.0,100000.0,100000.0,100000.0,100000.0,100000.0,100000.0,100000.0,100000.0,100000.0,100000.0,100000.0,100000.0,100000.0,100000.0,100000.0,100000.0,100000.0,100000.0,100000.0,100000.0,100000.0,100000.0,100000.0,100000.0,100000.0,100000.0,100000.0,100000.0,100000.0,100000.0,100000.0,100000.0,100000.0,100000.0,100000.0,100000.0,100000.0,100000.0,100000.0,100000.0,100000.0,100000.0,100000.0,100000.0,100000.0,100000.0,100000.0,100000.0,100000.0,100000.0,100000.0,100000.0,100000.0,100000.0,100000.0,100000.0,100000.0,100000.0,100000.0,100000.0,100000.0,100000.0,100000.0,100000.0,100000.0,100000.0,100000.0,100000.0,100000.0,100000.0,100000.0,100000.0
117,100000.0,100000.0,100000.0,100000.0,100000.0,100000.0,100000.0,100000.0,100000.0,100000.0,100000.0,100000.0,100000.0,100000.0,100000.0,100000.0,100000.0,100000.0,100000.0,100000.0,100000.0,100000.0,100000.0,100000.0,100000.0,100000.0,100000.0,100000.0,100000.0,100000.0,100000.0,100000.0,100000.0,100000.0,100000.0,100000.0,100000.0,100000.0,100000.0,100000.0,100000.0,100000.0,100000.0,100000.0,100000.0,100000.0,100000.0,100000.0,100000.0,100000.0,100000.0,100000.0,100000.0,100000.0,100000.0,100000.0,100000.0,100000.0,100000.0,100000.0,100000.0,100000.0,100000.0,100000.0,100000.0,100000.0,100000.0,100000.0,100000.0,100000.0,100000.0,100000.0,100000.0,100000.0,100000.0,100000.0,100000.0,100000.0,100000.0,100000.0,100000.0,100000.0,100000.0,100000.0,100000.0,100000.0,100000.0,100000.0,100000.0,100000.0,100000.0,100000.0,100000.0,100000.0,100000.0,100000.0,100000.0,100000.0,100000.0,100000.0,100000.0,100000.0,100000.0,100000.0,100000.0,100000.0,100000.0,100000.0,100000.0,100000.0,100000.0,100000.0,100000.0,100000.0,100000.0,100000.0,100000.0,100000.0,100000.0,100000.0,100000.0,100000.0,100000.0,100000.0,100000.0,100000.0,100000.0,100000.0,100000.0,100000.0,100000.0,100000.0,100000.0,100000.0,100000.0,100000.0,100000.0,100000.0,100000.0,100000.0,100000.0,100000.0,100000.0,100000.0,100000.0,100000.0,100000.0,100000.0,100000.0,100000.0,100000.0,100000.0,100000.0,100000.0,100000.0,100000.0,100000.0,100000.0,100000.0,100000.0,100000.0,100000.0,100000.0,100000.0,100000.0,100000.0,100000.0,100000.0,100000.0,100000.0,100000.0,100000.0,100000.0,100000.0,100000.0,100000.0,100000.0,100000.0,100000.0,100000.0
118,100000.0,100000.0,100000.0,100000.0,100000.0,100000.0,100000.0,100000.0,100000.0,100000.0,100000.0,100000.0,100000.0,100000.0,100000.0,100000.0,100000.0,100000.0,100000.0,100000.0,100000.0,100000.0,100000.0,100000.0,100000.0,100000.0,100000.0,100000.0,100000.0,100000.0,100000.0,100000.0,100000.0,100000.0,100000.0,100000.0,100000.0,100000.0,100000.0,100000.0,100000.0,100000.0,100000.0,100000.0,100000.0,100000.0,100000.0,100000.0,100000.0,100000.0,100000.0,100000.0,100000.0,100000.0,100000.0,100000.0,100000.0,100000.0,100000.0,100000.0,100000.0,100000.0,100000.0,100000.0,100000.0,100000.0,100000.0,100000.0,100000.0,100000.0,100000.0,100000.0,100000.0,100000.0,100000.0,100000.0,100000.0,100000.0,100000.0,100000.0,100000.0,100000.0,100000.0,100000.0,100000.0,100000.0,100000.0,100000.0,100000.0,100000.0,100000.0,100000.0,100000.0,100000.0,100000.0,100000.0,100000.0,100000.0,100000.0,100000.0,100000.0,100000.0,100000.0,100000.0,100000.0,100000.0,100000.0,100000.0,100000.0,100000.0,100000.0,100000.0,100000.0,100000.0,100000.0,100000.0,100000.0,100000.0,100000.0,100000.0,100000.0,100000.0,100000.0,100000.0,100000.0,100000.0,100000.0,100000.0,100000.0,100000.0,100000.0,100000.0,100000.0,100000.0,100000.0,100000.0,100000.0,100000.0,100000.0,100000.0,100000.0,100000.0,100000.0,100000.0,100000.0,100000.0,100000.0,100000.0,100000.0,100000.0,100000.0,100000.0,100000.0,100000.0,100000.0,100000.0,100000.0,100000.0,100000.0,100000.0,100000.0,100000.0,100000.0,100000.0,100000.0,100000.0,100000.0,100000.0,100000.0,100000.0,100000.0,100000.0,100000.0,100000.0,100000.0,100000.0,100000.0,100000.0,100000.0,100000.0
119,100000.0,100000.0,100000.0,100000.0,100000.0,100000.0,100000.0,100000.0,100000.0,100000.0,100000.0,100000.0,100000.0,100000.0,100000.0,100000.0,100000.0,100000.0,100000.0,100000.0,100000.0,100000.0,100000.0,100000.0,100000.0,100000.0,100000.0,100000.0,100000.0,100000.0,100000.0,100000.0,100000.0,100000.0,100000.0,100000.0,100000.0,100000.0,100000.0,100000.0,100000.0,100000.0,100000.0,100000.0,100000.0,100000.0,100000.0,100000.0,100000.0,100000.0,100000.0,100000.0,100000.0,100000.0,100000.0,100000.0,100000.0,100000.0,100000.0,100000.0,100000.0,100000.0,100000.0,100000.0,100000.0,100000.0,100000.0,100000.0,100000.0,100000.0,100000.0,100000.0,100000.0,100000.0,100000.0,100000.0,100000.0,100000.0,100000.0,100000.0,100000.0,100000.0,100000.0,100000.0,100000.0,100000.0,100000.0,100000.0,100000.0,100000.0,100000.0,100000.0,100000.0,100000.0,100000.0,100000.0,100000.0,100000.0,100000.0,100000.0,100000.0,100000.0,100000.0,100000.0,100000.0,100000.0,100000.0,100000.0,100000.0,100000.0,100000.0,100000.0,100000.0,100000.0,100000.0,100000.0,100000.0,100000.0,100000.0,100000.0,100000.0,100000.0,100000.0,100000.0,100000.0,100000.0,100000.0,100000.0,100000.0,100000.0,100000.0,100000.0,100000.0,100000.0,100000.0,100000.0,100000.0,100000.0,100000.0,100000.0,100000.0,100000.0,100000.0,100000.0,100000.0,100000.0,100000.0,100000.0,100000.0,100000.0,100000.0,100000.0,100000.0,100000.0,100000.0,100000.0,100000.0,100000.0,100000.0,100000.0,100000.0,100000.0,100000.0,100000.0,100000.0,100000.0,100000.0,100000.0,100000.0,100000.0,100000.0,100000.0,100000.0,100000.0,100000.0,100000.0,100000.0,100000.0,100000.0,100000.0
120,100000.0,100000.0,100000.0,100000.0,100000.0,100000.0,100000.0,100000.0,100000.0,100000.0,100000.0,100000.0,100000.0,100000.0,100000.0,100000.0,100000.0,100000.0,100000.0,100000.0,100000.0,100000.0,100000.0,100000.0,100000.0,100000.0,100000.0,100000.0,100000.0,100000.0,100000.0,100000.0,100000.0,100000.0,100000.0,100000.0,100000.0,100000.0,100000.0,100000.0,100000.0,100000.0,100000.0,100000.0,100000.0,100000.0,100000.0,100000.0,100000.0,100000.0,100000.0,100000.0,100000.0,100000.0,100000.0,100000.0,100000.0,100000.0,100000.0,100000.0,100000.0,100000.0,100000.0,100000.0,100000.0,100000.0,100000.0,100000.0,100000.0,100000.0,100000.0,100000.0,100000.0,100000.0,100000.0,100000.0,100000.0,100000.0,100000.0,100000.0,100000.0,100000.0,100000.0,100000.0,100000.0,100000.0,100000.0,100000.0,100000.0,100000.0,100000.0,100000.0,100000.0,100000.0,100000.0,100000.0,100000.0,100000.0,100000.0,100000.0,100000.0,100000.0,100000.0,100000.0,100000.0,100000.0,100000.0,100000.0,100000.0,100000.0,100000.0,100000.0,100000.0,100000.0,100000.0,100000.0,100000.0,100000.0,100000.0,100000.0,100000.0,100000.0,100000.0,100000.0,100000.0,100000.0,100000.0,100000.0,100000.0,100000.0,100000.0,100000.0,100000.0,100000.0,100000.0,100000.0,100000.0,100000.0,100000.0,100000.0,100000.0,100000.0,100000.0,100000.0,100000.0,100000.0,100000.0,100000.0,100000.0,100000.0,100000.0,100000.0,100000.0,100000.0,100000.0,100000.0,100000.0,100000.0,100000.0,100000.0,100000.0,100000.0,100000.0,100000.0,100000.0,100000.0,100000.0,100000.0,100000.0,100000.0,100000.0,100000.0,100000.0,100000.0,100000.0,100000.0,100000.0,100000.0,100000.0,100000.0
121,100000.0,100000.0,100000.0,100000.0,100000.0,100000.0,100000.0,100000.0,100000.0,100000.0,100000.0,100000.0,100000.0,100000.0,100000.0,100000.0,100000.0,100000.0,100000.0,100000.0,100000.0,100000.0,100000.0,100000.0,100000.0,100000.0,100000.0,100000.0,100000.0,100000.0,100000.0,100000.0,100000.0,100000.0,100000.0,100000.0,100000.0,100000.0,100000.0,100000.0,100000.0,100000.0,100000.0,100000.0,100000.0,100000.0,100000.0,100000.0,100000.0,100000.0,100000.0,100000.0,100000.0,100000.0,100000.0,100000.0,100000.0,100000.0,100000.0,100000.0,100000.0,100000.0,100000.0,100000.0,100000.0,100000.0,100000.0,100000.0,100000.0,100000.0,100000.0,100000.0,100000.0,100000.0,100000.0,100000.0,100000.0,100000.0,100000.0,100000.0,100000.0,100000.0,100000.0,100000.0,100000.0,100000.0,100000.0,100000.0,100000.0,100000.0,100000.0,100000.0,100000.0,100000.0,100000.0,100000.0,100000.0,100000.0,100000.0,100000.0,100000.0,100000.0,100000.0,100000.0,100000.0,100000.0,100000.0,100000.0,100000.0,100000.0,100000.0,100000.0,100000.0,100000.0,100000.0,100000.0,100000.0,100000.0,100000.0,100000.0,100000.0,100000.0,100000.0,100000.0,100000.0,100000.0,100000.0,100000.0,100000.0,100000.0,100000.0,100000.0,100000.0,100000.0,100000.0,100000.0,100000.0,100000.0,100000.0,100000.0,100000.0,100000.0,100000.0,100000.0,100000.0,100000.0,100000.0,100000.0,100000.0,100000.0,100000.0,100000.0,100000.0,100000.0,100000.0,100000.0,100000.0,100000.0,100000.0,100000.0,100000.0,100000.0,100000.0,100000.0,100000.0,100000.0,100000.0,100000.0,100000.0,100000.0,100000.0,100000.0,100000.0,100000.0,100000.0,100000.0,100000.0,100000.0,100000.0,100000.0
122,100000.0,100000.0,100000.0,100000.0,100000.0,100000.0,100000.0,100000.0,100000.0,100000.0,100000.0,100000.0,100000.0,100000.0,100000.0,100000.0,100000.0,100000.0,100000.0,100000.0,100000.0,100000.0,100000.0,100000.0,100000.0,100000.0,100000.0,100000.0,100000.0,100000.0,100000.0,100000.0,100000.0,100000.0,100000.0,100000.0,100000.0,100000.0,100000.0,100000.0,100000.0,100000.0,100000.0,100000.0,100000.0,100000.0,100000.0,100000.0,100000.0,100000.0,100000.0,100000.0,100000.0,100000.0,100000.0,100000.0,100000.0,100000.0,100000.0,100000.0,100000.0,100000.0,100000.0,100000.0,100000.0,100000.0,100000.0,100000.0,100000.0,100000.0,100000.0,100000.0,100000.0,100000.0,100000.0,100000.0,100000.0,100000.0,100000.0,100000.0,100000.0,100000.0,100000.0,100000.0,100000.0,100000.0,100000.0,100000.0,100000.0,100000.0,100000.0,100000.0,100000.0,100000.0,100000.0,100000.0,100000.0,100000.0,100000.0,100000.0,100000.0,100000.0,100000.0,100000.0,100000.0,100000.0,100000.0,100000.0,100000.0,100000.0,100000.0,100000.0,100000.0,100000.0,100000.0,100000.0,100000.0,100000.0,100000.0,100000.0,100000.0,100000.0,100000.0,100000.0,100000.0,100000.0,100000.0,100000.0,100000.0,100000.0,100000.0,100000.0,100000.0,100000.0,100000.0,100000.0,100000.0,100000.0,100000.0,100000.0,100000.0,100000.0,100000.0,100000.0,100000.0,100000.0,100000.0,100000.0,100000.0,100000.0,100000.0,100000.0,100000.0,100000.0,100000.0,100000.0,100000.0,100000.0,100000.0,100000.0,100000.0,100000.0,100000.0,100000.0,100000.0,100000.0,100000.0,100000.0,100000.0,100000.0,100000.0,100000.0,100000.0,100000.0,100000.0,100000.0,100000.0,100000.0,100000.0,100000.0
123,100000.0,100000.0,100000.0,100000.0,100000.0,100000.0,100000.0,100000.0,100000.0,100000.0,100000.0,100000.0,100000.0,100000.0,100000.0,100000.0,100000.0,100000.0,100000.0,100000.0,100000.0,100000.0,100000.0,100000.0,100000.0,100000.0,100000.0,100000.0,100000.0,100000.0,100000.0,100000.0,100000.0,100000.0,100000.0,100000.0,100000.0,100000.0,100000.0,100000.0,100000.0,100000.0,100000.0,100000.0,100000.0,100000.0,100000.0,100000.0,100000.0,100000.0,100000.0,100000.0,100000.0,100000.0,100000.0,100000.0,100000.0,100000.0,100000.0,100000.0,100000.0,100000.0,100000.0,100000.0,100000.0,100000.0,100000.0,100000.0,100000.0,100000.0,100000.0,100000.0,100000.0,100000.0,100000.0,100000.0,100000.0,100000.0,100000.0,100000.0,100000.0,100000.0,100000.0,100000.0,100000.0,100000.0,100000.0,100000.0,100000.0,100000.0,100000.0,100000.0,100000.0,100000.0,100000.0,100000.0,100000.0,100000.0,100000.0,100000.0,100000.0,100000.0,100000.0,100000.0,100000.0,100000.0,100000.0,100000.0,100000.0,100000.0,100000.0,100000.0,100000.0,100000.0,100000.0,100000.0,100000.0,100000.0,100000.0,100000.0,100000.0,100000.0,100000.0,100000.0,100000.0,100000.0,100000.0,100000.0,100000.0,100000.0,100000.0,100000.0,100000.0,100000.0,100000.0,100000.0,100000.0,100000.0,100000.0,100000.0,100000.0,100000.0,100000.0,100000.0,100000.0,100000.0,100000.0,100000.0,100000.0,100000.0,100000.0,100000.0,100000.0,100000.0,100000.0,100000.0,100000.0,100000.0,100000.0,100000.0,100000.0,100000.0,100000.0,100000.0,100000.0,100000.0,100000.0,100000.0,100000.0,100000.0,100000.0,100000.0,100000.0,100000.0,100000.0,100000.0,100000.0,100000.0,100000.0,100000.0
124,100000.0,100000.0,100000.0,100000.0,100000.0,100000.0,100000.0,100000.0,100000.0,100000.0,100000.0,100000.0,100000.0,100000.0,100000.0,100000.0,100000.0,100000.0,100000.0,100000.0,100000.0,100000.0,100000.0,100000.0,100000.0,100000.0,100000.0,100000.0,100000.0,100000.0,100000.0,100000.0,100000.0,100000.0,100000.0,100000.0,100000.0,100000.0,100000.0,100000.0,100000.0,100000.0,100000.0,100000.0,100000.0,100000.0,100000.0,100000.0,100000.0,100000.0,100000.0,100000.0,100000.0,100000.0,100000.0,100000.0,100000.0,100000.0,100000.0,100000.0,100000.0,100000.0,100000.0,100000.0,100000.0,100000.0,100000.0,100000.0,100000.0,100000.0,100000.0,100000.0,100000.0,100000.0,100000.0,100000.0,100000.0,100000.0,100000.0,100000.0,100000.0,100000.0,100000.0,100000.0,100000.0,100000.0,100000.0,100000.0,100000.0,100000.0,100000.0,100000.0,100000.0,100000.0,100000.0,100000.0,100000.0,100000.0,100000.0,100000.0,100000.0,100000.0,100000.0,100000.0,100000.0,100000.0,100000.0,100000.0,100000.0,100000.0,100000.0,100000.0,100000.0,100000.0,100000.0,100000.0,100000.0,100000.0,100000.0,100000.0,100000.0,100000.0,100000.0,100000.0,100000.0,100000.0,100000.0,100000.0,100000.0,100000.0,100000.0,100000.0,100000.0,100000.0,100000.0,100000.0,100000.0,100000.0,100000.0,100000.0,100000.0,100000.0,100000.0,100000.0,100000.0,100000.0,100000.0,100000.0,100000.0,100000.0,100000.0,100000.0,100000.0,100000.0,100000.0,100000.0,100000.0,100000.0,100000.0,100000.0,100000.0,100000.0,100000.0,100000.0,100000.0,100000.0,100000.0,100000.0,100000.0,100000.0,100000.0,100000.0,100000.0,100000.0,100000.0,100000.0,100000.0,100000.0,100000.0,100000.0
125,100000.0,100000.0,100000.0,100000.0,100000.0,100000.0,100000.0,100000.0,100000.0,100000.0,100000.0,100000.0,100000.0,100000.0,100000.0,100000.0,100000.0,100000.0,100000.0,100000.0,100000.0,100000.0,100000.0,100000.0,100000.0,100000.0,100000.0,100000.0,100000.0,100000.0,100000.0,100000.0,100000.0,100000.0,100000.0,100000.0,100000.0,100000.0,100000.0,100000.0,100000.0,100000.0,100000.0,100000.0,100000.0,100000.0,100000.0,100000.0,100000.0,100000.0,100000.0,100000.0,100000.0,100000.0,100000.0,100000.0,100000.0,100000.0,100000.0,100000.0,100000.0,100000.0,100000.0,100000.0,100000.0,100000.0,100000.0,100000.0,100000.0,100000.0,100000.0,100000.0,100000.0,100000.0,100000.0,100000.0,100000.0,100000.0,100000.0,100000.0,100000.0,100000.0,100000.0,100000.0,100000.0,100000.0,100000.0,100000.0,100000.0,100000.0,100000.0,100000.0,100000.0,100000.0,100000.0,100000.0,100000.0,100000.0,100000.0,100000.0,100000.0,100000.0,100000.0,100000.0,100000.0,100000.0,100000.0,100000.0,100000.0,100000.0,100000.0,100000.0,100000.0,100000.0,100000.0,100000.0,100000.0,100000.0,100000.0,100000.0,100000.0,100000.0,100000.0,100000.0,100000.0,100000.0,100000.0,100000.0,100000.0,100000.0,100000.0,100000.0,100000.0,100000.0,100000.0,100000.0,100000.0,100000.0,100000.0,100000.0,100000.0,100000.0,100000.0,100000.0,100000.0,100000.0,100000.0,100000.0,100000.0,100000.0,100000.0,100000.0,100000.0,100000.0,100000.0,100000.0,100000.0,100000.0,100000.0,100000.0,100000.0,100000.0,100000.0,100000.0,100000.0,100000.0,100000.0,100000.0,100000.0,100000.0,100000.0,100000.0,100000.0,100000.0,100000.0,100000.0,100000.0,100000.0,100000.0,100000.0
