age,1981,1982,1983,1984,1985,1986,1987,1988,1989,1990,1991,1992,1993,1994,1995,1996,1997,1998,1999,2000,2001,2002,2003,2004,2005,2006,2007,2008,2009,2010,2011,2012,2013,2014,2015,2016,2017,2018,2019,2020,2021,2022,2023,2024,2025,2026,2027,2028,2029,2030,2031,2032,2033,2034,2035,2036,2037,2038,2039,2040,2041,2042,2043,2044,2045,2046,2047,2048,2049,2050,2051,2052,2053,2054,2055,2056,2057,2058,2059,2060,2061,2062,2063,2064,2065,2066,2067,2068,2069,2070,2071,2072,2073,2074,2075,2076,2077,2078,2079,2080,2081,2082,2083,2084,2085,2086,2087,2088,2089,2090,2091,2092,2093,2094,2095,2096,2097,2098,2099,2100,2101,2102,2103,2104,2105,2106,2107,2108,2109,2110,2111,2112,2113,2114,2115,2116,2117,2118,2119,2120,2121,2122,2123,2124,2125,2126,2127,2128,2129,2130,2131,2132,2133,2134,2135,2136,2137,2138,2139,2140,2141,2142,2143,2144,2145,2146,2147,2148,2149,2150,2151,2152,2153,2154,2155,2156,2157,2158,2159,2160
0,1226.95,1281.14,1126.95,1172.95,1006.89,984.82,974.08,947.17,1010.33,882.06,871.55,788.24,736.93,672.25,638.26,679.36,608.82,617.43,565.87,631.74,579.87,637.88,543.79,576.14,566.43,509.21,521.44,460.66,469.25,398.34,460.94,446.13,339.06,379.6,348.57,331.28,373.11,310.17,403.94,321.88,367.0,370.63,486.54,390.33,327.1,306.21,298.18,290.64,283.57,276.96,270.78,265.01,259.62,254.58,249.88,245.49,241.38,237.54,233.93,230.54,227.35,224.34,221.48,218.76,216.16,213.67,211.26,208.91,206.62,204.36,202.12,199.92,197.73,195.57,193.43,191.32,189.23,187.16,185.11,183.09,181.09,179.11,177.15,175.22,173.3,171.41,169.53,167.68,165.85,164.03,162.24,160.47,158.71,156.98,155.27772066642768,153.5939007221375,151.92833999489804,150.28084048313053,148.6512063323705,147.03924381198453,145.4447612921397,143.8675692210226,142.30748010230536,140.76430847285636,139.23787088069213,137.72798586316878,136.23447392540976,134.75715751896743,133.29586102071613,131.85041071197432,130.42063475785267,129.0063631868266,127.60742787052989,126.22366250376773,124.85490258474638,123.5009853955172,122.16174998263273,120.83703713801265,119.52668938001705,118.23055093472516,116.9484677174169,115.68028731425531,114.42585896416763,113.18503354092287,111.9576635354037,110.74360303807053,109.54270772161593,108.35483482380693,107.17984313051346,106.01759295892093,104.86794614092467,103.73076600670458,102.60591736847782,101.49326650442771,100.3926811428069,99.30403044621296,98.22718499603445,97.16201677706559,96.10839916228788,95.06620689781673,94.03531608801127,93.0156041807456,92.00694995283999,91.00923349564964,90.02233620081016,89.04614074613734,88.08053108167996,87.1253924159237,86.18061120214486,85.24607512491181,84.32167308673314,83.40729519485019,82.50283274817316,81.60817822435874,80.7232252670278,79.84786867312181,78.98200438039629,78.12552945504997,77.27834207948794,76.4403415402177,75.61142821587624,74.79150356538719,73.98047011624617,73.17823145293333,72.38469220545149,71.59975803798855,70.82333563770287,70.05533270363027,69.29565793571128,68.54422102393745,67.80093263761523,67.06570441474645,66.3384489515238,65.61907979194028,64.90751141751136,64.20365923710851,63.507439576903096,62.818769670419115,62.1375676486941,61.46375253054641
1,67.22,112.14,76.98,120.67,70.66,81.35,62.35,63.05,67.9,91.15,86.15,65.82,41.63,58.17,43.99,52.09,29.93,46.16,44.27,35.08,14.6,41.44,49.6,56.27,28.84,39.14,17.55,37.35,36.31,19.79,39.78,26.57,26.89,20.66,27.84,27.95,17.64,29.41,33.88,7.67,40.12,36.76,36.13,24.49,21.75,20.7,20.16,19.65,19.17,18.73,18.31,17.92,17.56,17.22,16.9,16.6,16.32,16.06,15.82,15.59,15.38,15.17,14.98,14.79,14.62,14.45,14.29,14.13,13.97,13.82,13.67,13.52,13.37,13.23,13.08,12.94,12.8,12.66,12.52,12.38,12.25,12.11,11.98,11.85,11.72,11.59,11.46,11.34,11.21,11.09,10.97,10.85,10.73,10.61,10.536310147109283,10.463132093881061,10.390462285702528,10.31829719264881,10.24663330931149,10.175467154628334,10.104795271714208,10.034614227693151,9.964920613531623,9.895711043872923,9.826982156872733,9.75873061403582,9.690953100053875,9.623646322644468,9.556807012391127,9.490431922584524,9.424517829064769,9.359061530064794,9.294059846054838,9.229509619587986,9.165407715146811,9.101751018991052,9.038536439006378,8.975760904554186,8.913421366322439,8.85151479617755,8.790038187017295,8.728988552624731,8.668362927523162,8.608158366832066,8.548371946124071,8.489000761282883,8.43004192836223,8.371492583445777,8.313349882507996,8.25561100127604,8.198273135092533,8.14133349877935,8.084789326502317,8.028637871636871,7.972876406634631,7.9175022228909215,7.862512630613188,7.807904958690353,7.753676554563059,7.699824784094826,7.6463470314440976,7.593240698937172,7.540503206942028,7.488131993743014,7.436124515416418,7.384478245706891,7.333190675904739,7.282259314724061,7.2316816881817365,7.1814553394772505,7.131577828873356,7.082046733577562,7.032859647624451,6.9840141817588055,6.9355079633195515,6.8873386361245075,6.8395038603559355,6.792001312446877,6.744828684968294,6.697983686516984,6.6514640416042745,6.605267490545489,6.559391789350189,6.51383470961317,6.46859403840621,6.423667578170591,6.3790531466103415,6.334748576586235,6.290751716010521,6.247060427742394,6.203672589484171,6.160586093678208,6.117798847404529,6.075308772279154,6.033113804353147,5.991211894012362,5.949601005877877,5.908279118707133,5.867244225295746,5.826494332380011
2,51.62,52.93,43.41,53.56,36.52,40.18,36.46,44.95,45.0,44.26,39.66,33.92,44.95,20.82,30.72,44.19,26.15,33.29,19.84,34.22,14.04,29.02,22.55,26.64,59.81,18.05,17.67,24.48,17.01,19.89,13.25,13.27,16.61,23.44,17.14,41.49,17.43,10.58,14.64,15.08,15.27,19.79,0.0,19.59,15.4,13.97,13.6,13.26,12.93,12.63,12.35,12.08,11.83,11.6,11.39,11.19,11.0,10.82,10.66,10.5,10.36,10.22,10.09,9.97,9.85,9.73,9.62,9.52,9.41,9.31,9.21,9.11,9.01,8.91,8.81,8.72,8.62,8.53,8.43,8.34,8.25,8.16,8.07,7.98,7.89,7.81,7.72,7.64,7.55,7.47,7.39,7.31,7.23,7.15,7.088205545564607,7.02694515470949,6.966214211746874,6.906008140880443,6.846322405860571,6.787152509642533,6.728493994047685,6.670342439427546,6.612693464330809,6.555542725173212,6.498885915910277,6.44271876771286,6.387037048645519,6.33183656334766,6.27711315271743,6.222862693598353,6.169081098468665,6.115764315133341,6.062908326418779,6.010509149870129,5.958562837451225,5.907065475247127,5.856013183169218,5.805402114662868,5.7552284564175995,5.705488428079784,5.656178281967807,5.607294302789692,5.558832807363179,5.510790144338204,5.463162693921794,5.415946867605335,5.369139107894181,5.322735888039628,5.276733711773181,5.23112911304313,5.185918655753396,5.141098933504638,5.096666569337604,5.052618215478677,5.008950553087652,4.965660292007664,4.9227441705173,4.880198955084834,4.838021440124604,4.796208447755481,4.754756827561429,4.713663456354139,4.6729252379377115,4.632539102875371,4.592502008258195,4.55281093747585,4.513462899989303,4.4744549311054955,4.435784091753969,4.397447468265418,4.359442172152166,4.321765339890517,4.284414132705017,4.247385736354556,4.210677360920331,4.174286240595642,4.138209633477492,4.102444821360005,4.066989109529621,4.031839826562059,3.9969943241210397,3.962449976758742,3.928204181717996,3.894254358736164,3.8605979498507446,3.827232419206629,3.7941552528650453,3.7613639586141394,3.7288560657812013,3.696629125046508,3.6646807082587833,3.6330084082522434,3.60160983866523,3.5704826337604105,3.5396244482465264,3.509032957101691,3.4787058553982066,3.4486408581289005,3.418835700034959,3.389288135435252
3,55.3,45.76,38.47,46.47,26.96,33.61,24.9,52.13,41.88,29.94,32.54,33.59,30.78,32.93,26.8,12.32,25.39,22.91,23.32,9.96,17.15,20.97,36.15,7.47,22.71,7.46,43.08,10.55,7.0,27.33,6.65,6.64,6.64,9.96,16.71,3.41,10.36,6.97,3.51,22.0,7.55,0.0,3.85,11.61,10.85,10.54,10.28,10.02,9.77,9.54,9.33,9.13,8.94,8.76,8.6,8.45,8.31,8.17,8.05,7.93,7.82,7.72,7.62,7.52,7.44,7.35,7.27,7.19,7.11,7.03,6.95,6.88,6.8,6.73,6.65,6.58,6.51,6.44,6.37,6.3,6.23,6.16,6.09,6.03,5.96,5.89,5.83,5.77,5.7,5.64,5.58,5.52,5.46,5.4,5.344546646674287,5.289662751569883,5.23534246684087,5.181580004693677,5.128369636770394,5.075705693538414,5.023582563686356,4.971994693526171,4.9209365864014165,4.870402802101575,4.820387956282411,4.770886719892274,4.721893818604285,4.673404032254366,4.62541219428503,4.577913191194891,4.530901961993822,4.484373497663708,4.4383228406247435,4.392745084207197,4.347635372128618,4.302988897976392,4.258800904695632,4.215066684082307,4.171781576281592,4.128940969291362,4.086540298470783,4.044575046053956,4.00304074066855,3.9619329568593797,3.9212473146168776,3.880979478910405,3.841125159226357,3.8016801091110106,3.762640125718072,3.724001049360859,3.685758763069093,3.647909192150239,3.610448303755345,3.573372106449352,3.536676649785799,3.5003580238859153,3.4644123590220186,3.4288358252052014,3.3936246317772443,3.3587750270067285,3.324283297689286,3.2901457687519655,3.25635880286165,3.2229188000375046,3.1898221972674006,3.157065468128276,3.1246451224104006,3.0925577057454956,3.0607997992386693,3.0293680191041403,2.9982590163046967,2.9674694761948537,2.9369961181676865,2.906835695305279,2.8769849940327683,2.8474408337759396,2.8182000666223392,2.7892595769858657,2.7606162812748054,2.732267127563278,2.704209095266056,2.6764391948167234,2.6489544673491383,2.6217519843821684,2.594828847507662,2.5681821880816256,2.5418091669185716,2.515706973989002,2.4898728281200073,2.4643039766989276,2.4389976953800674,2.4139512877944167,2.389162085262357,2.3646274465093104,2.3403447573843175,2.3163114305815005,2.292524905364385,2.268982647293057,2.2456821479541214,2.2226209246934276
4,45.54,16.31,39.88,38.58,37.95,45.02,39.93,34.51,30.64,20.91,21.01,20.74,33.55,15.35,11.98,20.92,21.66,19.09,16.38,33.43,29.91,30.75,20.91,17.97,11.11,11.3,11.14,3.58,10.54,10.52,3.43,20.02,19.94,6.64,13.26,6.65,17.02,6.91,3.47,7.03,3.67,11.25,3.66,11.28,9.54,8.93,8.73,8.52,8.31,8.12,7.94,7.76,7.61,7.46,7.32,7.19,7.07,6.95,6.85,6.75,6.65,6.56,6.48,6.4,6.33,6.25,6.18,6.11,6.05,5.98,5.91,5.85,5.79,5.72,5.66,5.6,5.54,5.48,5.42,5.36,5.3,5.24,5.18,5.13,5.07,5.01,4.96,4.91,4.85,4.8,4.75,4.69,4.64,4.59,4.51457645676627,4.44039228409331,4.367427116464981,4.295660923014249,4.225074002024182,4.155646975519307,4.087360783945844,4.020196680939353,3.954136228178368,3.8891612903225794,3.825254030034215,3.7623969030812123,3.7005726535208647,3.6397643089626097,3.579955175908661,3.521128835171197,3.4632691373648643,3.406360198473344,3.350386395488766,3.295332362122787,3.2411829845881295,3.187923397449456,3.1355389795424093,3.084015349959716,3.0333383641032516,2.98349410980097,2.9344689034876477,2.886249286448381,2.838822021123814,2.792174087476081,2.746292679414458,2.7011652012797533,2.6567792643864707,2.6131226836217802,2.570183474100389,2.5279498478743694,2.48641021069706,2.4455531588401325,2.405367475962973,2.3658421300334957,2.326966270299561,2.2887292243101562,2.2511204949855252,2.2141297577354435,2.177746857624845,2.1419618065860244,2.106764780676648,2.0721461173828213,2.0380963129664753,2.004606019856338,1.9716660440817784,1.9392673427488198,1.9074010215576271,1.8760583323607838,1.8452306707616961,1.8149095737524588,1.7850867173905356,1.755753914513616,1.7269031124920238,1.698526391018058,1.6706159599316568,1.6431641570817954,1.6161634462230212,1.589606414946556,1.5634857726453937,1.5377943485128358,1.512525089573916,1.4876710587491708,1.4632254329502306,1.4391815012066982,1.415532662823812,1.392272425570381,1.369394403896495,1.3468923171805225,1.324759988004914,1.3029913404603377,1.2815803984776832,1.2605212841874691,1.2398082163062165,1.219435508549331,1.1993975680700684,1.1796888939241506,1.1603040755596106,1.141237791331453,1.1224848070407225,1.1040399744975764
5,45.59,32.58,42.51,30.72,32.77,38.09,30.15,30.93,12.52,24.48,23.93,27.03,8.89,21.31,18.42,23.99,6.0,24.83,15.95,29.6,23.41,16.57,10.22,17.35,10.7,7.37,11.23,7.41,7.15,10.55,14.03,17.16,0.0,16.62,6.64,16.5,0.0,3.4,10.33,3.48,10.54,0.0,10.92,3.59,6.92,8.0,7.83,7.67,7.49,7.32,7.15,7.0,6.86,6.72,6.6,6.48,6.37,6.27,6.17,6.08,6.0,5.92,5.84,5.77,5.7,5.64,5.57,5.51,5.45,5.39,5.33,5.27,5.22,5.16,5.1,5.05,4.99,4.94,4.88,4.83,4.78,4.72,4.67,4.62,4.57,4.52,4.47,4.42,4.37,4.33,4.28,4.23,4.19,4.14,4.069719970616332,4.00063300464575,3.9327188488197176,3.865957593686203,3.8003296677730924,3.7358158318506978,3.6723971732916554,3.610055100526574,3.5487713375938053,3.4885279187817257,3.429307183361986,3.371091770412155,3.31386461372626,3.257608936811725,3.2023082479712355,3.1479463354681005,3.094507262773679,3.041975363895489,2.990335238784628,2.93957174882115,2.88967001237609,2.8406154004488213,2.792393532378473,2.7449902716281542,2.698391721640737,2.652584221764999,2.6075543432509174,2.5632888853129505,2.5197748712601435,2.476999544691934,2.434950365758533,2.3936150074847933,2.35298135215648,2.313037487767886,2.273771704529758,2.2351724914364968,2.1972285328916366,2.159928705390608,2.123262074259816,2.087217890451071,2.0517855873904387,2.0169547778805876,1.9827152510557142,1.949056969388168,1.9159700657458876,1.883444840499789,1.851471758680262,1.820041447181934,1.789144692015886,1.758772435608517,1.7289157741462584,1.6995659549653683,1.6707143739860333,1.6423525731900301,1.6144722381412049,1.5870651955480457,1.5601234108676323,1.5336389859502593,1.5076041567240464,1.4820112909188519,1.4568528858288268,1.4321215661129498,1.4078100816329013,1.3839113053276397,1.3604182311240611,1.3373239718831251,1.3146217573808476,1.292304932323569,1.2703669543969123,1.2488013923478651,1.2276019240994176,1.2067623348972065,1.1862765154876225,1.1661384603268437,1.1463422658202749,1.1268821285918718,1.1077523437828463,1.088947303379251,1.0704614945679565,1.0522894981205362,1.0344259868045855,1.0168657238220118,0.9996035612738342,0.982634438651046,0.9659533813510947,0.9495554992195469
6,38.69,36.57,35.93,26.22,33.83,17.93,38.23,18.18,9.27,28.12,27.55,20.97,12.0,17.74,24.4,18.44,6.0,15.03,24.87,12.82,16.47,6.66,16.53,6.77,13.78,24.81,7.31,18.64,18.51,14.32,21.09,10.52,6.86,13.36,13.29,16.54,6.58,19.84,0.0,0.0,10.41,10.44,7.08,7.15,7.34,7.37,7.22,7.08,6.94,6.78,6.63,6.49,6.36,6.24,6.12,6.01,5.91,5.82,5.73,5.65,5.57,5.5,5.43,5.36,5.29,5.23,5.17,5.12,5.06,5.01,4.95,4.9,4.84,4.79,4.74,4.69,4.63,4.58,4.53,4.48,4.44,4.39,4.34,4.29,4.24,4.2,4.15,4.11,4.06,4.02,3.97,3.93,3.89,3.84,3.800723400674207,3.761848533445966,3.7233712892864665,3.6852876011951996,3.647593443770081,3.61028483278197,3.573357824753542,3.5368085165424663,3.5006330449288487,3.464827586206896,3.4293883557807496,3.394311607764463,3.359593634586064,3.325230766595668,3.291219371677601,3.2575558548664896,3.2242366579672757,3.1912582591791208,3.1586171727231562,3.1263099484740375,3.0943331715952733,3.0626834621782795,3.031357474885126,3.0003518985949413,2.969663456053927,2.9392889035289587,2.909225030464725,2.8794686591443788,2.850016644353652,2.8208658730484126,2.7920132640256194,2.7634557675976423,2.7351903652699123,2.707214069421872,2.6795239229911862,2.652116999161186,2.6249904010515044,2.598141261411882,2.5715667423190993,2.5452640348770155,2.5192303589196676,2.493462962717412,2.4679591226860698,2.4427161430990445,2.417731355802392,2.393002119932794,2.368525821638426,2.3442998738026746,2.320321715770681,2.296588813078686,2.2730986571861367,2.2498487652105386,2.2268366796650163,2.204059968198563,2.181516223338939,2.1592030622382103,2.1371181264208783,2.1152590815345964,2.09362361710343,2.0722094462836416,2.0510143056219734,2.0300359548164053,2.0092721764793535,1.9887207759033005,1.9683795808288127,1.9482464412149363,1.9283192290119413,1.9085958379363885,1.889074183248497,1.8697522015317913,1.850627850474999,1.8316991086561811,1.8129639753290716,1.7944204702115987,1.7760666332765722,1.7579005245445114,1.7399202238785907,1.7221238307816835,1.7045094641954825,1.6870752623016734,1.6698193823251422,1.6527400003391977,1.6358353110727826,1.6191035277196604,1.6025428817495504,1.5861516227211967
7,14.39,20.92,39.72,52.37,39.38,43.2,30.01,32.49,18.16,18.49,28.11,12.25,23.93,11.97,5.92,3.05,21.47,21.02,15.06,6.24,16.06,9.84,6.63,9.88,6.73,10.29,10.55,18.19,7.44,14.81,10.74,7.05,3.5,10.27,6.67,16.56,6.61,6.58,3.29,6.76,13.73,6.87,6.79,13.91,8.66,6.92,6.77,6.64,6.52,6.39,6.26,6.13,6.01,5.89,5.78,5.68,5.59,5.5,5.42,5.34,5.26,5.19,5.13,5.07,5.01,4.95,4.89,4.84,4.78,4.73,4.68,4.63,4.58,4.53,4.48,4.43,4.38,4.33,4.29,4.24,4.19,4.15,4.1,4.06,4.01,3.97,3.93,3.88,3.84,3.8,3.76,3.72,3.67,3.63,3.594922255593055,3.5601834776193555,3.525780390547796,3.491709750499682,3.4579683449428598,3.424552992388807,3.3914605420926494,3.3586878737560752,3.3262318972331215,3.294089552238805,3.262257808060562,3.2307336632724883,3.1995141454523273,3.1685963109012025,3.1379772443660565,3.107654058764767,3.0776238949139256,3.047883921259243,3.018431333608563,2.9892633548674516,2.960377234777345,2.9317702496562275,2.9034397021418124,2.87538292093721,2.8475972605590476,2.8200801010880263,2.7928288479218892,2.765840931530775,2.7391138072149337,2.712644954864791,2.686431878723321,2.6604721071507247,2.6347631923913752,2.6093027103430195,2.5840882603282096,2.5591174648679393,2.534387969457475,2.509897442344344,2.4856435743084764,2.461624078444466,2.437836689945938,2.414279165892,2.390949285035754,2.3678448475948586,2.3449636750441054,2.32230360991001,2.2998625155673795,2.2776382760378517,2.255628795790378,2.233831999543634,2.212245832070343,2.1908682580034857,2.169697261644385,2.1487308467726467,2.1279670364579335,2.1074038728735607,2.08703941711189,2.0668717490015123,2.0468989669261926,2.0271191876455656,2.007530546117564,1.9881311953225655,1.9689193060892325,1.9498930669220431,1.9310506838304826,1.912390380159887,1.8939103964239232,1.875608990138685,1.857484435658395,1.8395350240126918,1.8217590627454905,1.804154875755402,1.7867208031376909,1.769455201027764,1.7523564414461685,1.7354229121450908,1.7186530164563356,1.7020451731407764,1.6855978162392595,1.6693093949249496,1.6531783733571013,1.6372032305362447,1.6213824601607696,1.6057145704848956,1.590198084178015,1.5748315381853955
8,18.82,34.7,20.99,30.64,26.26,19.71,21.65,15.07,14.74,12.07,27.73,15.63,27.49,14.91,17.94,5.93,18.33,18.39,9.01,3.02,15.62,6.4,3.27,19.75,16.35,10.06,13.62,14.01,14.5,11.15,7.41,14.3,10.61,6.99,6.83,6.65,9.9,6.6,6.54,13.15,6.74,0.0,10.07,3.34,5.89,6.7,6.56,6.44,6.32,6.21,6.09,5.98,5.86,5.75,5.64,5.55,5.46,5.37,5.29,5.21,5.14,5.08,5.01,4.95,4.89,4.84,4.78,4.73,4.68,4.62,4.57,4.52,4.47,4.43,4.38,4.33,4.28,4.23,4.19,4.14,4.1,4.05,4.01,3.96,3.92,3.88,3.84,3.79,3.75,3.71,3.67,3.63,3.59,3.55,3.509207731529453,3.4688841980355187,3.4290240133877714,3.3896218533466267,3.350672454852162,3.3121706153211212,3.2741111919519845,3.2364891010380332,3.1992993172883035,3.1625368731563426,3.1261968581766815,3.090274418308929,3.0547647552894017,3.0196631259902103,2.9849648417857026,2.9506652679261913,2.916759822918878,2.8832439779158885,2.8501132561093447,2.817363232133379,2.784989531473032,2.7529878298799306,2.7213538527946888,2.69008337477594,2.659172218935936,2.628616256382625,2.598411405668145,2.568553632243653,2.539038947920419,2.509863410337111,2.481023122433203,2.452514231928434,2.424332930808248,2.3964754548151443,2.368938082945878,2.341717136954433,2.314808980860708,2.288210020464848,2.2619167028671585,2.2359255159935327,2.2102329881263345,2.1848356874406702,2.159730221545991,2.134913237032961,2.110381419025532,2.086131490738168,2.062160213038153,2.0384643840129324,2.0150408385424248,1.9918864478762448,1.9689981192157908,1.9463727953011283,1.9240074540026237,1.9018991079172691,1.8800448039696485,1.8584416230174832,1.8370866794617178,1.8159771208610787,1.7951101275510688,1.7744829122673336,1.7540927197733598,1.7339368264924508,1.7140125401439303,1.6943171993835264,1.6748481734478875,1.6556028618031857,1.6365786937977544,1.6177731283187196,1.5991836534525747,1.58080778614966,1.5626430718924917,1.5446870843679064,1.5269374251429708,1.5093917233446166,1.492047635342956,1.4749028444382366,1.4579550605513922,1.4412020199181514,1.4246414847866598,1.4082712431185764,1.3920891082936064,1.3760929188174271,1.3602805380329712,1.344649853835027,1.3291987783881203,1.3139252478476326
9,25.17,32.41,26.1,27.02,21.52,16.44,19.76,21.68,18.05,11.76,21.13,9.28,46.88,15.21,23.84,17.97,14.86,24.47,6.12,24.04,15.13,15.61,12.77,16.26,16.34,9.77,3.33,10.17,3.49,14.46,7.43,18.4,10.7,7.07,6.98,6.8,0.0,0.0,6.57,3.27,3.27,3.34,6.65,9.91,7.6,6.82,6.68,6.55,6.43,6.32,6.21,6.11,5.99,5.88,5.78,5.68,5.59,5.5,5.42,5.35,5.27,5.2,5.14,5.08,5.02,4.96,4.9,4.85,4.8,4.74,4.69,4.64,4.59,4.54,4.49,4.44,4.39,4.34,4.3,4.25,4.2,4.16,4.11,4.07,4.02,3.98,3.93,3.89,3.85,3.81,3.76,3.72,3.68,3.64,3.6032518724332703,3.5668747407126005,3.530864859397696,3.4952185208608744,3.4599320549053267,3.425001828387228,3.390424244841663,3.3561957441123287,3.322312801984978,3.2887719298245597,3.255569674216023,3.222702616608751,3.190167372964583,3.1579605934093844,3.1260789618881444,3.0945191958235463,3.063278045777992,3.0323522951190323,3.0017387596881804,2.9714342874730653,2.941435758282896,2.9117400834272034,2.8823442053978234,2.8532450975540913,2.8244397638112164,2.7959252383317987,2.7676985852204647,2.73975689822158,2.7120973004200213,2.6847169439449607,2.65761300967665,2.630782706956156,2.6042232732980315,2.577931974105888,2.5519061023908343,2.526142978492764,2.5006399498044534,2.4753943904984435,2.4504037012566844,2.425665309002902,2.4011766666376735,2.3769352527761747,2.352938571488571,2.329184152043038,2.3056695486513665,2.2823923402171453,2.2593501300864784,2.236540545801224,2.213961238854722,2.191609884449989,2.169484181260353,2.147581851192507,2.1259006391519533,2.1044383128108137,2.0831926623779875,2.06216150037163,2.041342661393922,2.020734001908122,2.000333400017862,1.9801387552486729,1.9601479883317214,1.9403590409897205,1.9207698757250093,1.9013784756097687,1.8821828440783563,1.8631810047217348,1.8443710010839813,1.8257508964608462,1.8073187737003475,1.7890727350053788,1.7710109017383084,1.7531314142275531,1.7354324315761038,1.7179121314719832,1.700568710000619,1.6834003814591103,1.666405378172368,1.6495819503111144,1.6329283657117166,1.6164429096978412,1.6001238849039094,1.5839696111003323,1.567978425020514,1.5521486801895978,1.5364787467549443,1.5209670113183178
10,33.2,30.33,21.65,26.15,45.16,27.76,23.04,23.12,24.72,26.99,14.69,12.12,18.62,21.86,15.18,14.93,20.97,17.84,12.23,15.3,21.03,12.1,9.36,6.36,22.61,9.77,19.4,9.94,0.0,6.95,3.6,7.39,3.65,14.2,10.6,6.94,3.38,9.92,6.55,16.4,0.0,9.72,9.81,6.55,7.07,7.21,7.07,6.93,6.81,6.69,6.58,6.48,6.38,6.27,6.16,6.06,5.96,5.87,5.79,5.71,5.63,5.56,5.49,5.42,5.36,5.3,5.24,5.18,5.12,5.07,5.01,4.96,4.9,4.85,4.79,4.74,4.69,4.64,4.59,4.54,4.49,4.44,4.39,4.34,4.3,4.25,4.2,4.16,4.11,4.07,4.02,3.98,3.93,3.89,3.8406368728300806,3.7919001513989774,3.7437818867745185,3.696274230894495,3.6493694352866437,3.6030598498048776,3.557337921381549,3.51219619279555,3.4676273014560453,3.423623978201634,3.380179046114757,3.3372854193511428,3.294936101984112,3.2531241868635465,3.2118428544893343,3.1710853718991148,3.1308450915701362,3.0911154503350478,3.0518899683114507,3.0131622478450346,2.9749259724661203,2.937174905859452,2.899902890847052,2.863103848383993,2.8267717765669067,2.7909007496550786,2.7554849171039613,2.720518502610954,2.6859958031732925,2.6519111881578907,2.618259098382988,2.5850340452114517,2.5522306096555796,2.5198434414932684,2.4878672583953967,2.4562968450642786,2.4251270523830497,2.394352796575853,2.363969058378674,2.3339708822207044,2.30435337541609,2.2751117073659364,2.246241108770441,2.2177368708510232,2.189594344582324,2.1618089399339557,2.1343761251218663,2.1072914258692106,2.080550424676598,2.054148760101601,2.028082126047403,2.002346271060483,1.9769369976371995,1.9518501615391834,1.9270816711174132,1.9026274866448707,1.878483619657664,1.8546461323045091,1.8311111367044715,1.8078747943128524,1.7849333152951254,1.7622829579088173,1.7399200278932299,1.7178408778669103,1.6960419067327637,1.674519559090717,1.6532703246578346,1.6322907376957938,1.6115773764456245,1.5911268625696218,1.5709358606003416,1.551001077396588,1.531319261606303,1.5118872031362725,1.492701732628563,1.4737597209436009,1.4550580786498106,1.436593755519731,1.4183637400325249,1.4003650588828003,1.3825947764956683,1.3650499945479506,1.3477278514954654,1.3306255221063104,1.31374021700007,1.2970691821928693
11,37.31,33.4,38.02,32.56,29.15,27.2,9.28,16.5,36.21,30.82,3.0,20.63,33.43,18.64,15.62,21.28,5.98,26.97,11.9,21.39,15.27,21.0,21.18,18.7,15.8,9.66,22.6,6.43,6.59,6.72,17.3,14.35,11.02,25.36,14.16,3.53,3.46,6.75,13.17,6.54,9.79,12.87,19.1,16.13,9.92,7.86,7.71,7.56,7.43,7.3,7.19,7.08,6.97,6.87,6.76,6.65,6.55,6.45,6.36,6.27,6.19,6.11,6.04,5.96,5.89,5.83,5.76,5.7,5.63,5.57,5.51,5.45,5.39,5.33,5.27,5.22,5.16,5.1,5.05,4.99,4.94,4.88,4.83,4.78,4.73,4.67,4.62,4.57,4.52,4.47,4.42,4.38,4.33,4.28,4.2148622051304185,4.15071574958805,4.087545546069683,4.02533673688745,3.9640746904742805,3.903744997942548,3.844333469695086,3.7858261320877813,3.72820922414296,3.671469194312795,3.615592697291969,3.560566590878847,3.5063779328844187,3.453013978088285,3.400462175240969,3.348710164111853,3.2977457725820396,3.24755701378146,3.198132083269552,3.1494593562588413,3.101527384880787,3.054324895493228,3.0078407860288134,2.9620641233837883,2.9169841408465174,2.8725902355651427,2.828871966053786,2.7858190497367015,2.743421360529804,2.7016689264590052,2.6605519273147973,2.6200606923425305,2.5801856979678433,2.5409175655567084,2.5022470592095702,2.4641650835890547,2.4266626817807353,2.3897310331864587,2.3533614514497363,2.3175453824127,2.2822744021041617,2.2475402147582835,2.2133346508634095,2.179649665240588,2.146477335151337,2.113809858434212,2.081639551669729,2.049958848373217,2.0187602972151755,1.9880365602687133,1.9577804112836639,1.9279847339869627,1.8986425204088955,1.8697468692348163,1.8412909841819516,1.8132681724009108,1.7856718429015204,1.7584955050026168,1.731732766805434,1.7053773336902225,1.6794230068357487,1.6538636817613277,1.6286933468910423,1.603906082139818,1.57949605752101,1.5554575317751884,1.531784851019787,1.5084724474193056,1.4855148378757508,1.4629066227390055,1.4406424845368264,1.4187171867241715,1.397125572451557,1.3758625633521655,1.354923158347406,1.3343024324706587,1.3139955357089161,1.293997691862058,1.2743041974194824,1.2549104204538384,1.23581179953159,1.2170038426401655,1.19848212613143,1.180242293681241,1.162280055264836,1.1445911861478157
12,31.48,25.79,21.57,27.97,21.77,20.48,18.21,46.63,19.75,29.52,12.33,24.04,20.67,33.54,24.93,37.58,21.25,20.96,23.99,11.9,24.44,15.31,18.07,15.11,9.35,9.46,16.01,16.04,3.2,3.29,10.04,13.82,10.73,7.3,0.0,7.03,14.07,3.45,6.71,19.7,16.29,16.17,12.66,6.29,8.22,8.84,8.67,8.51,8.36,8.22,8.09,7.97,7.86,7.76,7.65,7.53,7.42,7.31,7.21,7.11,7.02,6.93,6.85,6.77,6.69,6.61,6.54,6.47,6.39,6.32,6.26,6.19,6.12,6.05,5.99,5.92,5.86,5.79,5.73,5.67,5.6,5.54,5.48,5.42,5.36,5.3,5.25,5.19,5.13,5.08,5.02,4.97,4.91,4.86,4.813899294922576,4.768235889229645,4.7230056348121625,4.678204422908975,4.633828183733579,4.58987288610441,4.546334537078656,4.5032091815895265,4.4604929020869735,4.418181818181818,4.37627208629325,4.3347598992996765,4.2936414861928744,4.252913111735431,4.212571076121435,4.1726117146403725,4.133031397344232,4.09382652871775,4.054993547351793,4.016528925619834,3.9784291693575,3.94069081754516,3.9033104419935216,3.86628464703221,3.8296100692013035,3.793283376945793,3.757301270312938,3.7216604806525,3.686357770319812,3.6513899323816665,3.6167537903249993,3.5824461977683266,3.5484640381759283,3.514804224574736,3.481463699273912,3.4484394335870836,3.415728427557216,3.3833277096840906,3.351234336654374,3.319445393074242,3.2879579912045442,3.2567692706984785,3.2258763983417524,3.195276567795214,3.1649669993399194,3.134944939624621,3.1052076614156503,3.075752463349173,3.0465766696857943,3.017677630067493,2.989052719276858,2.9606993369986165,2.9326149075834107,2.9047968798138304,2.877242726672654,2.8499499451132917,2.8229160558324096,2.796138603044702,2.7696151542598124,2.7433433000613565,2.7173206538880526,2.6915448518169236,2.666013552348555,2.640724436194391,2.615675206066048,2.5908635864666283,2.566287323484008,2.541944184586093,2.517831958418011,2.493948454601233,2.470291503534593,2.446858956197203,2.4236486839532314,2.4006585783585375,2.377886550969135,2.35533053315148,2.3329884758945525,2.3108583496237203,2.2889381440163734,2.267225867819302,2.2457195486678114,2.224417232906548,2.2033169854120285,2.1824168894168516,2.1617150463355768,2.1412095755922547
13,21.94,27.12,47.11,36.08,25.53,24.57,41.09,24.38,27.98,39.43,36.05,34.08,24.09,23.64,18.39,25.07,25.09,27.32,29.95,14.99,20.83,9.21,30.74,9.05,27.34,21.82,3.14,9.54,15.93,9.56,9.81,3.37,31.03,3.56,14.49,10.66,27.97,10.55,3.42,16.74,16.34,12.92,12.74,6.25,9.34,10.33,10.14,9.96,9.79,9.63,9.49,9.35,9.22,9.1,8.99,8.87,8.75,8.62,8.51,8.39,8.29,8.18,8.08,7.99,7.9,7.81,7.72,7.64,7.55,7.47,7.39,7.31,7.23,7.15,7.07,6.99,6.92,6.84,6.76,6.69,6.62,6.55,6.47,6.4,6.33,6.26,6.19,6.13,6.06,5.99,5.93,5.86,5.8,5.74,5.659906412745409,5.580930418299061,5.503056422232886,5.4262690477170255,5.3505531324835385,5.275893725832512,5.202276085679913,5.129685675646659,5.058108162188292,4.987529411764705,4.9179354880493715,4.849312649177501,4.781647345032608,4.7149262145709265,4.6491360831831745,4.584263960093122,4.520297035792461,4.4572226795114664,4.395028436724952,4.333702026693028,4.273231340036175,4.213604436344148,4.154809541818249,4.096835046946501,4.039669504211262,3.9833016258288136,3.9277202815205077,3.8729144963150044,3.8188734483811757,3.765586466891252,3.7130430299137855,3.661232762336007,3.610145433815183,3.5597709567585563,3.510099384331465,3.461120908493271,3.412825858060676,3.3652046967980787,3.318248021534567,3.271946560307189,3.226291170530129,3.1812728371894368,3.1368826710629403,3.0931119069649964,3.0499519020157435,3.007394133934488,2.9654301993569225,2.9240518121758092,2.883250801904825,2.8430191120652375,2.8033487985950862,2.7642320282805692,2.7256610772093106,2.687628329245215,2.6501262745246037,2.613147507973328,2.576684727844586,2.540730734277131,2.5052784278736038,2.4703208082987014,2.4358509728969064,2.4018621153295023,2.3683475242306105,2.3353005818819765,2.3027147629062514,2.270583632978505,2.2389008475557155,2.2076601506239943,2.1768553734632823,2.1464804334292915,2.1165293327524375,2.0869961573535334,2.057875075676009,2.0291603375344227,2.0008462729790453,1.9729272911762803,1.9453978793047138,1.9182526014665624,1.8914860976143137,1.8650930824923417,1.839068344593294,1.8134067451290365,1.7881032170159605,1.7631527638744477,1.738550459042296,1.7142914446019104
14,25.76,44.04,29.52,42.57,36.22,38.42,46.57,20.62,33.53,31.11,42.69,19.82,15.56,48.21,17.8,43.13,9.45,25.13,21.21,20.98,23.97,23.94,15.42,21.56,18.19,15.23,37.29,9.37,15.83,9.5,6.34,19.85,6.77,20.63,3.54,17.96,17.57,24.37,14.0,20.47,6.66,3.23,15.9,12.59,12.82,12.88,12.66,12.44,12.24,12.05,11.87,11.71,11.55,11.41,11.27,11.13,11.0,10.85,10.71,10.57,10.44,10.31,10.19,10.07,9.95,9.84,9.73,9.62,9.52,9.41,9.31,9.21,9.11,9.01,8.91,8.81,8.72,8.62,8.53,8.43,8.34,8.25,8.16,8.07,7.98,7.9,7.81,7.72,7.64,7.56,7.47,7.39,7.31,7.23,7.137316275070308,7.0458206929991,6.9554980225960765,6.8663332279245255,6.778311465798306,6.691418083310917,6.605638615396233,6.5209587824205295,6.437364487805353,6.354841815680883,6.273377028569365,6.192956565098249,6.113567037742634,6.0351952305966625,5.957828097173479,5.881452758233394,5.806056499639882,5.731626770243081,5.658151179790401,5.585617496863942,5.514013646844327,5.443327709900664,5.37354791900625,5.304662657979737,5.2366604595513815,5.1695300034541125,5.103260114539046,5.037839760915172,4.973258052112886,4.909504237271059,4.846567703347353,4.784437973351478,4.723104704601094,4.6625576870000724,4.602786841338837,4.543782217616477,4.485533993384389,4.428032472111137,4.3712680815682745,4.315231372236874,4.259913015734471,4.205303803262168,4.151394644071664,4.098176563951922,4.045640703735237,3.9937783178224624,3.942580772727134,3.892039545638263,3.8421462230015515,3.7928924991187944,3.744270174765237,3.696271155824658,3.6488874519419454,3.602111175192956,3.5559345387714134,3.5103498556926467,3.4653495375139465,3.4209260930713214,3.3770721272324518,3.3337803396656267,3.291043523624467,3.2488545647482217,3.207206439877447,3.166092215884869,3.1255050485212297,3.085438181275931,3.0458849442522866,3.0068387530571874,2.968293107705003,2.930241591535538,2.892677870145853,2.855595690335783,2.818988879066973,2.7828513424352574,2.747177064656212,2.7119601070637147,2.677194607121337,2.6428747774464143,2.608994904846627,2.5755493493689263,2.542532543360661,2.509938990542732,2.47776326509463,2.4460000107512103,2.414643939911032,2.383689832756141
15,57.91,73.34,46.52,43.33,45.16,31.55,41.11,46.79,47.2,45.74,62.33,39.78,49.9,34.34,63.44,32.77,18.61,47.47,50.36,33.32,32.95,30.18,30.13,30.89,34.1,51.72,21.27,18.59,15.54,12.59,12.59,3.21,20.07,6.79,13.69,7.03,17.79,20.9,20.69,24.44,16.96,13.17,31.91,12.59,16.37,17.6,17.32,17.05,16.79,16.54,16.3,16.09,15.88,15.69,15.5,15.32,15.15,14.97,14.79,14.6,14.42,14.25,14.08,13.92,13.76,13.61,13.45,13.31,13.16,13.02,12.87,12.73,12.59,12.46,12.32,12.19,12.05,11.92,11.79,11.66,11.53,11.41,11.28,11.16,11.04,10.92,10.8,10.68,10.56,10.45,10.33,10.22,10.11,10.0,9.926936944669633,9.854407710344686,9.782408396765796,9.710935132170082,9.639984073082948,9.569551404111396,9.499633337738857,9.430226114121517,9.361326000886123,9.292929292929289,9.225032312218241,9.157631407593039,9.090722954570232,9.024303355147952,8.958369037612432,8.89291645634594,8.827942091636107,8.763442449486657,8.699414061429525,8.635853484338327,8.572757300243211,8.510122116147063,8.44794456384304,8.386221299733446,8.324949004649934,8.264124383675012,8.203744165964864,8.143805104573458,8.08430397627794,8.02523758140531,7.966602743660354,7.908396309954844,7.850615150237974,7.793256157328048,7.736316246745391,7.679792356546472,7.623681447159264,7.567980501219775,7.5126865234097995,7.45779654029584,7.4033076001692155,7.349216772887326,7.295521149716093,7.2422178431735365,7.189303986874501,7.136776735376516,7.084633264026788,7.032870768810293,6.981486466199003,6.930477593002192,6.879841406217854,6.829575182885189,6.779676219938185,6.7301418340602535,6.680969361539938,6.63215615812767,6.5836995988935785,6.53559707808633,6.48784600899301,6.440443823800015,6.393387973454972,6.3466759275296685,6.3003051740839675,6.254273219530738,6.208577588501758,6.1632158237146,6.118185485840495,6.073484153373153,6.0291094224985535,5.9850589069656674,5.941330237958154,5.897921063966962,5.854829050663887,5.812051880776037,5.769587253961227,5.727432886684273,5.685586512094195,5.644045879902322,5.602808756261279,5.56187292364486,5.521236180728787,5.4808963422723265,5.440851239000781,5.40109871748884,5.361636640044774,5.322462884595484
16,53.91,60.67,67.52,53.59,48.28,64.6,51.19,67.26,60.84,82.99,52.21,47.28,40.16,56.91,59.65,51.69,63.01,56.37,67.09,47.44,45.35,39.22,73.06,45.4,43.36,27.85,51.47,48.62,49.0,40.17,15.62,25.52,22.76,20.22,27.18,37.33,31.4,38.81,37.77,41.1,41.73,40.19,22.76,31.54,27.72,26.53,26.15,25.77,25.4,25.05,24.71,24.39,24.09,23.81,23.54,23.28,23.02,22.77,22.52,22.25,21.99,21.73,21.47,21.23,20.99,20.75,20.52,20.3,20.08,19.86,19.64,19.42,19.21,19.0,18.79,18.59,18.39,18.18,17.99,17.79,17.59,17.4,17.21,17.02,16.84,16.65,16.47,16.29,16.11,15.94,15.76,15.59,15.42,15.25,15.09787698090909,14.94727143151899,14.798168214644633,14.650552344098607,14.504408983184923,14.359723443207782,14.21648118199524,14.074667802437586,13.934269051040314,13.795270816491508,13.657659128243548,13.52142015510893,13.386540203870121,13.253005717903264,13.120803275815623,12.98991959009661,12.860341505782271,12.73205599913311,12.605050176325065,12.479311272153593,12.354826648750628,12.23158379431438,12.109570321851788,11.988773967933508,11.86918259146134,11.75078417244794,11.633566810808697,11.51751872516568,11.402628251663497,11.288883842796983,11.176274066250567,11.064787603749222,10.954413249920895,10.845139911170245,10.736956604563652,10.629852456725336,10.523816702744487,10.418838685093284,10.31490785255574,10.212013759167196,10.110146063164414,10.009294525946142,9.909449011044043,9.81059948310388,9.712736006876899,9.615848746221221,9.51992796311324,9.424964016668861,9.330947362174511,9.2378685501278,9.145718225287775,9.054487125734624,8.964166081938787,8.874746015839321,8.786217939931486,8.698572956363416,8.611802256041805,8.525897117746528,8.440848907254063,8.356649076469688,8.273289162568323,8.190760787143931,8.109055655367422,8.028165555152949,7.948082356332522,7.868798009838851,7.790304546896343,7.712594078220179,7.635658793223359,7.559490959231674,7.48408292070651,7.40942709847539,7.335515988970204,7.262342163473038,7.189898267369515,7.118177019409598,7.047171210975754,6.976873705358431,6.9072774370387515,6.838375410978369,6.770160701916397,6.70262645367337,6.635765878462132,6.569572256205601,6.504038933861347,6.439159324752901
17,103.32,94.22,92.17,76.96,94.66,111.31,82.09,113.44,73.21,80.74,74.81,86.86,60.55,84.37,111.44,101.43,49.12,78.79,76.02,83.57,85.24,79.51,70.06,73.68,100.07,86.19,75.94,81.77,81.82,69.9,45.74,47.23,45.12,49.17,33.78,47.28,26.84,55.29,59.01,47.3,47.4,34.28,46.23,32.13,38.61,40.8,40.27,39.74,39.23,38.72,38.23,37.76,37.32,36.89,36.48,36.09,35.71,35.34,34.97,34.59,34.2,33.8,33.41,33.04,32.67,32.3,31.95,31.6,31.25,30.91,30.57,30.23,29.9,29.58,29.25,28.93,28.62,28.3,27.99,27.69,27.39,27.09,26.79,26.5,26.21,25.92,25.64,25.36,25.08,24.8,24.53,24.26,24.0,23.74,23.4712400751608,23.20552277446649,22.942813652447956,22.68307865359237,22.426284107928467,22.172396726661855,21.921383597859727,21.67321218218441,21.427850308675236,21.18526617057814,20.945428321222494,20.70830566994463,20.473867478057453,20.242083354865777,20.01292325372667,19.78635746815446,19.562356627969848,19.340891695492562,19.12193396177716,18.905455042891425,18.691426876236907,18.479821716911093,18.270612134110806,18.063771007576275,17.85927152407549,17.65708717392834,17.457191747570118,17.259559332153927,17.064164308191526,16.87098134623225,16.679985403579476,16.491151721044304,16.304455819735978,16.11987349788862,15.937380827723924,15.756954152349332,15.57857008269137,15.402205494463638,15.227837525169202,15.055443571136854,14.885001284590958,14.716488570754478,14.549883584984771,14.385164729941822,14.222310652788554,14.061300242422792,13.90211262674061,13.744727169930636,13.589123469798965,13.435281355124417,13.283180883043679,13.132802336466078,12.984126221517608,12.837133265013913,12.691804411961854,12.548120823089373,12.40606387240333,12.265615144774966,12.126756433552712,11.989469738202043,11.853737261972011,11.719541409588219,11.586864784971926,11.455690188984942,11.326000617200076,11.197779257696816,11.071009488881966,10.945674877334959,10.821759175677553,10.699246320467653,10.578120430116982,10.458365802832306,10.339966914579986,10.22290841707357,10.107175135784157,9.99275206797329,9.879624380748133,9.76777740913864,9.657196654196513,9.54786778111567,9.439776617374001,9.332909150896146,9.227251528237094,9.12279005278632,9.019511182992275,8.917401530606963
18,127.36,119.03,106.06,110.83,91.17,100.29,93.79,115.0,107.37,100.05,109.6,99.45,96.91,137.32,128.65,129.18,89.31,107.86,69.88,66.6,125.12,114.71,92.55,85.72,54.98,77.81,138.49,89.41,66.11,85.85,56.28,54.26,40.64,31.94,70.94,56.05,42.65,65.14,63.33,83.68,45.73,35.95,57.02,58.37,54.08,52.84,52.24,51.64,51.03,50.43,49.84,49.26,48.71,48.17,47.65,47.15,46.67,46.2,45.73,45.26,44.78,44.29,43.79,43.3,42.81,42.34,41.87,41.41,40.96,40.51,40.07,39.63,39.2,38.77,38.35,37.93,37.51,37.1,36.7,36.29,35.9,35.5,35.12,34.73,34.35,33.98,33.6,33.24,32.87,32.51,32.16,31.81,31.46,31.11,30.77842777976537,30.450389475867333,30.125847423616527,29.80476435975609,29.487103418183143,29.172828125715927,28.861902397906,28.55429053489511,28.2499572173162,27.948867502238127,27.65098681915357,27.35628096600972,27.064716105281263,26.77625876008525,26.49087581033731,26.208534488948903,25.92920237806505,25.652847405342193,25.37943784026571,25.10894229050667,24.841329698317455,24.576569336965747,24.31463080720657,24.05548403379189,23.79909926201744,23.54544705430637,23.294498286829246,23.046224146160146,22.800596125968333,22.55758602374524,22.3171659375663,22.079308262887306,21.84398568937492,21.61117119777095,21.380838056790058,21.152959820050523,20.927510323037726,20.704463680099998,20.48379428147647,20.26547679035662,20.049486139971147,19.83579753071388,19.624386427294294,19.41522855592045,19.208299901511918,19.00357670494243,18.801035460311866,18.600652912247394,18.402406053233328,18.206272120969434,18.012228595757424,17.820253197915285,17.63032388521917,17.44241885037257,17.256516518502423,17.072595544681935,16.89063481147981,16.710613426535588,16.532510720160822,16.356306242965818,16.1819797635117,16.00951126598745,15.838880947911756,15.670069217859329,15.503056693211436,15.337824197930452,15.174352760358088,15.012623611037116,14.852618180556293,14.694318097418257,14.537705185930156,14.38276146411674,14.229469141655724,14.077810617835121,13.927768479532382,13.779325499215041,13.6324646329627,13.487169018510064,13.343421973310864,13.201206992622396,13.06050774761048,12.921308083474614,12.783592017593117,12.647343737688038,12.512547600009615,12.379188127540099
19,103.11,123.75,88.02,93.98,114.13,100.73,119.47,106.58,101.31,69.99,129.12,97.26,89.06,113.41,128.14,136.27,143.45,124.83,162.43,125.14,121.21,82.31,110.08,85.04,89.06,94.19,91.95,77.59,96.17,69.21,96.62,54.66,90.65,57.55,46.0,70.8,56.69,75.2,36.99,69.51,60.6,33.62,59.8,41.94,54.18,58.33,57.75,57.17,56.58,55.98,55.37,54.77,54.19,53.61,53.06,52.52,51.99,51.47,50.96,50.45,49.94,49.42,48.88,48.34,47.81,47.28,46.76,46.25,45.74,45.24,44.75,44.26,43.77,43.3,42.82,42.35,41.89,41.43,40.98,40.53,40.09,39.65,39.22,38.79,38.36,37.94,37.53,37.12,36.71,36.31,35.91,35.52,35.13,34.75,34.3891557288682,34.03205846746326,33.67866930680694,33.32894974195216,32.98286166778745,32.64036737488518,32.301429545392665,31.966011248966115,31.63407593874671,31.305587447378503,30.980509983067645,30.658808125682558,30.34044682289459,30.02539138635874,29.713607487934055,29.40506115594326,29.09971877147124,28.797547064701973,28.498513111293448,28.202584328790284,27.909728473073574,27.61991363484759,27.33310823616299,27.049281026976082,26.768401081743892,26.490437796054515,26.21536088329251,25.94314037133887,25.673746599305318,25.407150214302465,25.143322168241568,24.882233714669443,24.623856405636317,24.36816208859614,24.115122903339127,23.864711278956126,23.616899930834517,23.37166185768531,23.128970338601125,22.888798930144674,22.651121463467536,22.415912041458814,22.183145035923424,21.95279508478964,21.724837089345705,21.499246211505064,21.27599787110006,21.05506774320369,20.83643175547917,20.62006608555705,20.40594715843957,20.194051643931907,19.984356454100173,19.77683874075577,19.57147589296586,19.36824553458972,19.167125521840628,18.968093940873135,18.77112910539532,18.5762095543059,18.38331404935582,18.19242157283418,18.003511325278154,17.816562723206697,17.631555396877783,17.448469188068966,17.267284147880922,17.08798053456386,16.910538811366475,16.73493964440723,16.56116390056778,16.38919264540822,16.219007141104015,16.050588844404352,15.883919404611682,15.718980661582227,15.555754643747303,15.394223566155127,15.234369828532987,15.076176013369551,14.919624884017058,14.764699382813227,14.61138262922268,14.45965791799765,14.309508717357792,14.160918667188891
20,132.23,103.38,78.55,86.08,94.56,105.6,119.19,136.65,138.47,118.49,117.12,91.69,93.87,90.89,100.25,105.71,95.96,129.07,148.2,101.0,91.0,107.53,84.27,114.72,76.87,121.58,109.61,100.68,98.76,59.3,72.1,57.15,45.32,80.55,53.19,29.86,47.95,70.72,45.45,62.65,73.64,54.6,62.82,52.21,58.15,60.44,59.92,59.4,58.86,58.31,57.74,57.17,56.59,56.02,55.46,54.91,54.37,53.84,53.32,52.8,52.27,51.75,51.21,50.66,50.1,49.55,49.01,48.47,47.94,47.42,46.9,46.39,45.88,45.38,44.88,44.39,43.9,43.42,42.95,42.48,42.01,41.56,41.1,40.65,40.21,39.77,39.33,38.9,38.48,38.06,37.64,37.23,36.82,36.42,36.0255592416691,35.63539040842971,35.249447233906956,34.86768395280627,34.49005529548647,34.116516482591734,33.74702321974159,33.38153169227852,33.01999856007233,32.66238095238095,32.308636462766735,31.958723144067914,31.612599503424494,31.270224497358,30.93155752690453,30.59655843280052,30.265187490720635,29.93740540656724,29.6131733118109,29.29245275888133,28.97520571660826,28.6613945657117,28.35098209434101,28.043931493662328,27.740206353493743,27.43977065798777,27.14258878136057,26.848625483667444,26.557845906624056,26.270215569472935,25.985700364894708,25.704266554963667,25.4258807671471,25.150509990347963,24.87812157099042,24.60868320914776,24.342162954712254,24.078529203606514,23.817750694035862,23.559796502781282,23.304636041532554,23.05223905326106,22.80257560863192,22.55561610245492,22.311331250173946,22.06969208439442,21.830669951448293,21.594236507996317,21.36036371766708,21.129023847732416,20.900189465818876,20.67383343665476,20.449928918852436,20.22844936172544,20.009368502140124,19.792660361401342,19.578299242171877,19.36625972542527,19.156516667431585,18.9490451967759,18.74382071140899,18.540818875730064,18.340015617700992,18.141387125991862,17.94490984715741,17.750560482844058,17.558315987027157,17.368153563278216,17.18005066206166,16.993984978060922,16.809934447533458,16.62787724569442,16.447791784128665,16.269656708230794,16.093450894672916,15.919153448899829,15.74674370265134,15.576201211511416,15.40750575248387,15.240637321594319,15.075576131518101,14.912302609233883,14.75079739370269,14.591041333572061,14.433015484905077,14.276701108933972
21,121.0,94.73,68.62,96.47,91.23,88.98,77.1,95.81,119.53,117.57,106.44,117.59,89.16,113.09,129.35,186.46,128.65,150.19,112.8,114.39,120.88,123.08,124.8,80.35,100.21,116.63,104.87,78.36,54.14,99.34,87.63,48.01,81.61,59.55,71.29,73.14,53.43,77.79,79.27,78.03,56.11,85.98,59.91,53.2,60.62,63.55,63.09,62.62,62.13,61.62,61.09,60.54,59.98,59.41,58.85,58.28,57.73,57.17,56.62,56.08,55.53,54.98,54.42,53.85,53.27,52.69,52.12,51.55,50.99,50.43,49.88,49.33,48.79,48.26,47.73,47.21,46.69,46.18,45.68,45.18,44.68,44.19,43.71,43.23,42.76,42.29,41.83,41.37,40.92,40.47,40.03,39.59,39.16,38.73,38.28593901216229,37.846969430493424,37.41303287919035,36.98407165176101,36.56002870335044,36.1408476431546,35.72647272692142,35.31684884953764,34.9119215377008,34.51163694267514,34.115941833130584,33.72478358806387,33.33811018980081,32.95587021707875,32.57801283820843,32.20448780431418,31.835245442651615,31.470236650001997,31.10941288614229,30.752726167390126,30.400129060222717,30.051574674969,29.70701665957408,29.36640919343512,29.02970698130801,28.69686524728377,28.36783972883413,28.04258667092533,27.721062820199393,27.403225419222142,27.089032200797174,26.778441382344976,26.471411660346572,26.167902204850776,25.86787265404451,25.571283108885332,25.278094127795498,24.988266721416892,24.701762347426072,24.418542905408763,24.138570731793134,23.86180859484115,23.588219689697347,23.317767633494405,23.05041646051481,22.786130617408002,22.524874958462345,22.26661474093135,22.011315620413413,21.758943646284614,21.50946525718381,21.262847276549522,21.019056908208007,20.778061732011885,20.539829699528795,20.30432912977948,20.07152870502472,19.841397466600597,19.613904810801497,19.389020484810295,19.166714582675244,18.946957541332974,18.729720136677063,18.514973479671728,18.302689012510044,18.09283850481623,17.885394049891445,17.68032806100269,17.47761326771419,17.277222712260883,17.079129745963474,16.883308025684595,16.689731510325604,16.498374457363525,16.309211419427733,16.122217240915855,15.937367054648481,15.754636278562261,15.574000612440853,15.395436034683417,15.21891879911012,15.044425431804292,14.87193272799077,14.701417748950037,14.532857818967761,14.36623052231928
22,106.23,115.38,93.3,73.68,111.1,116.92,90.29,97.43,125.3,116.2,87.24,110.25,128.58,118.67,128.51,146.68,128.11,121.59,128.79,107.5,127.22,183.21,111.45,97.46,70.23,97.24,111.59,98.39,77.84,89.74,99.34,60.62,56.42,52.34,48.18,62.66,50.07,68.59,93.2,64.21,60.3,51.49,75.46,38.37,59.95,67.37,66.97,66.54,66.1,65.64,65.14,64.62,64.08,63.51,62.94,62.36,61.78,61.21,60.63,60.05,59.47,58.89,58.3,57.7,57.09,56.48,55.86,55.25,54.65,54.05,53.46,52.88,52.3,51.73,51.16,50.6,50.05,49.5,48.96,48.42,47.89,47.37,46.85,46.34,45.83,45.33,44.84,44.35,43.86,43.38,42.91,42.44,41.97,41.51,41.023797853076886,40.54329053939089,40.06841135597534,39.59909438114823,39.135274465361064,38.676887222154996,38.22386901922281,37.776156969575645,37.33368892281313,36.89640345649582,36.464239867618694,36.03713816418445,35.615039056875574,35.197883950823936,34.785614937476765,34.378174786557906,33.97550693812325,33.577555494709216,33.18426521357316,32.795581499024735,32.411450394847,32.03181857680637,31.656633345250246,31.285842617791356,30.919394922077824,30.55723938864786,30.19932574386819,29.845604302955177,29.49602596307769,29.150542196540755,28.809105044049048,28.471667108049285,28.138181546150616,27.808602064622054,27.482882911966072,27.160978872567505,26.842845260416805,26.528437912906817,26.21771318470225,25.910627941680886,25.607139554945856,25.307205894907927,25.01078532543721,24.717836698083303,24.428319346363164,24.142193080115874,23.859418179923516,23.579955391597448,23.30376592072908,23.030811427304553,22.761054020382442,22.494456252833828,22.230981116143976,21.970592035274876,21.713252863587996,21.458927877826472,21.20758177315609,20.959179658264354,20.713687050516935,20.47106987117088,20.231294440643865,19.994327473838887,19.76013607552368,19.528687735764287,19.29995032541209,19.073892091643728,18.85048165355322,18.629687997795756,18.41148047428248,18.195828791925724,17.98270301443404,17.772073556156553,17.563911177975903,17.35818698324936,17.154872413797456,16.95393924593958,16.755359586576056,16.55910586931607,16.365150850650966,16.173467606172355,15.984029526834547,15.796810315260723,15.611783982092405,15.428924842381656,15.248207512025566,15.06960690424248
23,108.23,110.24,81.93,103.68,77.21,99.53,87.78,131.67,90.35,125.19,91.33,115.96,131.84,137.95,77.94,100.37,138.99,144.57,154.23,146.23,109.19,122.24,92.9,156.94,103.27,155.3,126.42,119.85,86.31,85.81,79.56,86.3,58.43,73.73,52.47,73.49,77.59,74.13,90.09,126.57,79.89,76.18,86.27,56.97,68.14,72.31,71.96,71.58,71.18,70.75,70.29,69.8,69.27,68.71,68.13,67.54,66.93,66.32,65.7,65.08,64.46,63.83,63.2,62.56,61.91,61.25,60.59,59.93,59.27,58.63,57.99,57.35,56.72,56.1,55.49,54.88,54.28,53.69,53.1,52.52,51.95,51.38,50.82,50.26,49.71,49.17,48.63,48.1,47.57,47.05,46.54,46.03,45.52,45.03,44.524879279780045,44.02542471416803,43.531572743490486,43.0432605210499,42.56042590512701,42.083007451072696,41.610944403488695,41.14417668849596,40.682644906089784,40.226290322580645,39.77505486311986,39.32888110430913,38.88771226689288,38.45149220853269,38.02016541666269,37.59367700142515,37.17197268868529,36.75499881312443,36.34270231141071,35.93503071544626,35.53193214569026,35.13335530455685,34.73924946988704,34.349564488493975,33.96425076978045,33.583259279428184,33.20654153315773,32.83404959055853,32.465736048988006,32.10155403753929,31.741457211076444,31.385399744336723,31.033336326098865,30.685222153416937,30.341012925918754,30.000664840168298,29.664134584091386,29.331379331463854,29.002356736461547,28.677024928271507,28.355342505763534,28.037268532221564,27.72276253013416,27.411784476043373,27.10429479545147,26.800254357784752,26.49962447141384,26.202366878729872,25.90844375127592,25.61781768493298,25.330451695160008,25.046309212287348,24.76535407686291,24.487550535050627,24.21286323408044,23.94125721774942,23.672697921973256,23.40715117038772,23.144583169999457,22.884960506885516,22.628250141941184,22.37441940667548,22.12343599905382,21.87526797938733,21.62988376626824,21.38725213255091,21.147342201377917,20.910123442250715,20.67556566714439,20.443639026665977,20.214314006255886,19.98756142243194,19.763352419075527,19.54165846375942,19.322451344116814,19.10570316425105,18.891386341185648,18.679473601354132,18.46993797712927,18.262752803391194,18.057891714134076,17.85532863911082,17.6550378005154,17.45699370970246,17.261171163943626,17.067545243220305
24,124.93,99.96,85.2,94.74,88.91,122.2,103.83,104.3,104.82,99.22,112.63,159.01,135.0,105.2,112.13,90.96,153.36,104.91,158.61,179.4,120.72,113.56,155.5,99.77,100.85,123.75,159.9,108.32,114.07,94.88,82.05,41.88,67.83,51.15,57.75,69.22,57.3,96.27,111.18,79.35,100.74,90.35,71.21,73.79,75.18,76.51,76.2,75.88,75.52,75.13,74.7,74.24,73.74,73.2,72.63,72.02,71.4,70.77,70.12,69.47,68.81,68.14,67.47,66.79,66.1,65.4,64.7,64.0,63.3,62.61,61.92,61.25,60.58,59.91,59.26,58.61,57.97,57.34,56.71,56.09,55.47,54.87,54.27,53.67,53.09,52.51,51.93,51.36,50.8,50.25,49.7,49.15,48.62,48.08,47.55669317164871,47.03908205953285,46.52710467099021,46.020699688092044,45.519806460299144,45.02436499719799,44.534315961315826,44.04960066101403,43.570161043458796,43.0959396876683,42.6268797976356,42.16292519552636,41.70402031495059,41.25011019430761,40.801140470203535,40.35705737094027,39.91780771007551,39.48333888005271,39.05359884590048,38.62853613900049,38.208099850923254,37.792239627331,37.38090566194684,36.97404869058968,36.57161998527399,36.173571348373784,35.77985510685014,35.39042410654161,35.005231706516625,34.62423177348753,34.247378676285294,33.87462728039444,33.50593294254741,33.14125150537779,32.780539292131714,32.42375310143682,32.07085020212821,31.721788328130607,31.376525673396312,31.03502088689823,30.697233067677377,30.3631217599443,30.03264694823381,29.70576905261247,29.38244892393821,29.062647839171575,28.74632749673798,28.43345001194045,28.123977912422284,27.817874133679123,27.515102014619828,27.215625293175716,26.91940810195757,26.626414963959867,26.336610788311884,26.04996086607491,25.766430866085294,25.485986830842702,25.208595172443143,24.934222668556227,24.662836458446268,24.394404039036615,24.128893261016902,23.86627232499258,23.60650977767644,23.349574508121542,23.095435743995147,22.84406304789321,22.595426313695008,22.349495762957382,22.10624194134832,21.86563571511926,21.627648267615857,21.39225109582669,21.159416006969547,20.929115115114875,20.70132083784595,20.47600589295545,20.253143295177896,20.03270635295777,19.814668665252718,19.59900411837158,19.385686882846855,19.174691410341165,18.965992430587413,18.759564948362264
25,120.89,103.58,91.19,105.77,105.74,92.45,82.23,125.74,82.99,111.47,108.0,152.92,98.92,128.81,114.8,125.09,135.45,157.24,152.95,128.99,109.99,156.1,107.66,128.05,115.07,109.69,116.38,146.63,123.17,67.23,119.7,109.19,87.48,60.28,79.75,98.99,103.48,107.61,105.98,125.17,99.08,68.9,40.82,66.93,76.74,80.57,80.25,79.96,79.65,79.3,78.91,78.48,78.0,77.48,76.92,76.32,75.69,75.03,74.36,73.68,72.98,72.28,71.57,70.85,70.12,69.38,68.64,67.9,67.16,66.42,65.7,64.98,64.27,63.56,62.87,62.18,61.5,60.83,60.16,59.51,58.85,58.21,57.57,56.95,56.32,55.71,55.1,54.49,53.9,53.31,52.73,52.15,51.58,51.01,50.45945474436375,49.91485146242879,49.37612602313398,48.84321498757754,48.316055601546715,47.79458578812799,47.27874414039708,46.76846991418778,46.263703020938955,45.76438402061857,45.270454114724295,44.781855139359465,44.298529558383876,43.82042045663852,43.34747153324334,42.879627094967425,42.416832049670695,41.95903189981643,41.50617273605375,41.05820123086941,40.615064632308076,40.1767107577604,39.743087987818136,39.31414526019556,38.88983206371653,38.470098432366406,38.05489493940818,37.644172691562126,37.23788332324824,36.83597899089085,36.438412367284656,36.04513663602165,35.65610548597808,35.27127310586103,34.890594178813735,34.514023877079254,34.141517856721634,33.77303225240407,33.408523672223495,33.0479491926008,32.69126635322627,32.33843315205964,31.989408040383964,31.644149917912962,31.302618127951202,30.96477245260643,30.630573108053625,30.299980739850163,29.97295641830156,29.64946163387717,29.32945829267544,29.012908711938056,28.69977561561253,28.390022129962645,28.083611779226338,27.780508481320368,27.480676543591418,27.184080658613006,26.890685900027773,26.600457718434658,26.313361937320423,26.02936474903516,25.748432710811148,25.470532740824744,25.195632114300754,24.923698459658826,24.654699754701486,24.38860432284328,24.1253808293806,23.864998277801824,23.607426006137224,23.35263368334831,23.100591305756094,22.85126919350798,22.604637987082718,22.360668643833094,22.119332434565955,21.880600940159145,21.64444604821492,21.41083994974953,21.179755135918484,20.951164394777187,20.725040808076546,20.501357748093124,20.28008887449355,20.06120813123274
26,131.96,135.55,115.49,99.81,87.2,116.95,100.86,77.11,123.4,151.39,93.85,148.92,112.52,124.72,133.0,127.53,89.58,138.6,141.89,153.07,130.46,130.7,100.25,108.41,89.64,106.35,117.84,112.91,119.73,117.12,81.44,104.14,66.76,85.57,71.79,105.41,74.82,104.79,96.49,104.63,105.08,79.22,98.87,77.11,82.94,85.33,84.93,84.62,84.34,84.02,83.66,83.25,82.79,82.29,81.73,81.13,80.49,79.82,79.12,78.4,77.67,76.92,76.17,75.4,74.62,73.84,73.05,72.26,71.48,70.7,69.92,69.16,68.4,67.65,66.91,66.18,65.46,64.74,64.03,63.33,62.64,61.96,61.28,60.61,59.95,59.29,58.64,58.0,57.37,56.74,56.12,55.5,54.9,54.3,53.69635307901215,53.09941683215354,52.50911665762352,51.92537878296116,51.348130255825566,50.77729893487875,50.21281348076974,49.65460334721902,49.10259877220205,48.55673076923075,48.016931118731996,47.48313235952189,46.955267780374854,46.4332714116864,45.91707801722861,45.406623085997325,44.90184282414984,44.40267414703237,43.90905467129604,43.420922707100544,42.93821725040455,42.460877975341674,41.98884522668134,41.522060012373394,41.060463996175564,40.60399949036297,40.15260944851859,39.70623745840393,39.264827734908934,38.828325113080275,38.39667504122713,37.96982357410359,37.54771736616696,37.130303664910805,36.717530304272366,36.30934569811302,35.90569883377142,35.50653926568811,35.111817109101246,34.721483033812156,34.3354882580204,33.95378454222723,33.57632418320697,33.20306000804523,32.83394536824354,32.46893413388952,32.10798068789173,31.751039920278778,31.398067222561675,31.04901848215893,30.703850076883604,30.362518869491648,30.024982202290836,29.691197891809654,29.36112422352546,29.034719946651187,28.711944268980094,28.39275685178774,28.077117804790717,27.76498768116134,27.456327472597827,27.15109860444925,26.849262930894675,26.550782730175932,26.255620699883334,25.96373995229384,25.675104009761032,25.38967680015633,25.107422652360917,24.828306291807724,24.552292836073047,24.279347790517107,24.00943704397311,23.742526864484237,23.47858389508797,23.217575149647367,22.959468008728603,22.704230215524404,22.45182987182273,22.20223543402036,21.955415709180695,21.71133985113548,21.46997735662979,21.231298061509932,20.995272136953652,20.761870085742345
27,106.13,97.1,107.17,137.21,92.91,70.41,78.84,105.3,95.16,114.81,123.84,138.19,132.3,164.49,153.37,139.97,135.16,140.71,152.34,119.05,153.71,184.9,151.6,136.21,121.34,98.83,144.37,129.51,115.69,143.32,98.51,100.14,87.48,75.99,96.8,105.9,105.76,81.14,96.73,115.65,108.86,94.68,100.73,59.93,82.83,90.9,90.34,89.94,89.63,89.33,89.0,88.6,88.16,87.66,87.11,86.51,85.86,85.16,84.43,83.68,82.9,82.11,81.3,80.48,79.66,78.82,77.98,77.14,76.3,75.47,74.64,73.82,73.02,72.22,71.43,70.65,69.87,69.11,68.35,67.61,66.87,66.14,65.41,64.7,63.99,63.29,62.6,61.91,61.24,60.57,59.9,59.25,58.6,57.96,57.303350611712,56.65414063714274,56.012285792536765,55.37770274901913,54.75030912177727,54.13002345936536,53.51676523312989,52.91045482675502,52.31101352592637,51.71836350811193,51.132427832458745,50.55313042980407,49.98039609279968,49.41415046614804,48.854320036949154,48.300832125156724,47.75361487414248,47.21259724136734,46.67770898915837,46.148880675590114,45.626043645469295,45.10913002142169,44.5980726950799,44.092805318370985,43.5932622949029,43.09937877144833,42.6110906295252,42.128334477072436,41.651047640220085,41.17916815515271,40.712634760064894,40.25138688720793,39.79536465502662,39.34450886038512,38.89876097088091,38.458063117245814,38.0223580858331,37.59158931118972,37.165700868712726,36.74463746738879,36.3283444426161,35.91676774910747,35.50985395387397,35.10755022928792,34.70980434622456,34.31656466728141,33.92778014007444,33.54340029061016,33.16337521673285,32.787655581646014,32.4161926075072,32.048938069095435,31.68584428755037,31.326864124182375,30.97195097435274,30.62105876142322,30.27414193077416,29.93115544389033,29.592054772513798,29.256795892863064,28.92533527991766,28.597629901767498,28.273637214026255,27.953315154308047,27.636622136766672,27.323517046696715,27.01395923519585,26.70790851388756,26.405325149703703,26.106169859726155,25.810403806086885,25.517988590925857,25.22888625140598,24.943059254784632,24.660470493540917,24.3810832805582,24.10486134436122,23.831768824407078,23.56177026642971,23.294830617837,23.03091522316006,22.769989819554105,22.51202053235027,22.256973870657816,22.004816723016173,21.755516353096258
28,82.57,67.58,109.34,78.26,101.08,127.61,139.97,110.24,91.67,125.3,108.48,112.43,124.31,127.75,133.59,137.49,147.01,134.27,136.76,175.34,157.58,166.9,130.38,144.95,81.89,124.26,97.8,105.29,150.01,139.44,112.92,105.62,115.54,91.11,102.27,125.11,97.79,126.78,106.65,124.07,111.16,101.87,74.0,81.13,93.01,97.24,96.45,95.88,95.46,95.13,94.79,94.41,93.97,93.48,92.92,92.31,91.65,90.94,90.18,89.38,88.56,87.72,86.86,85.99,85.1,84.21,83.31,82.41,81.51,80.62,79.74,78.87,78.01,77.15,76.31,75.48,74.65,73.83,73.03,72.23,71.44,70.66,69.88,69.12,68.36,67.62,66.88,66.15,65.42,64.71,64.0,63.3,62.61,61.92,61.234299126277634,60.55619169067258,59.88559360359904,59.22242170667768,58.56659376242343,57.918028444047515,57.27664532537245,56.64236487085866,56.01510842574159,55.394798206278026,54.78135729010039,54.17470960667793,53.57477992788344,52.98149385866456,52.39477782781827,51.81455907886762,51.24076566103947,50.67332642034216,50.11217099074191,49.55722978543706,49.00843398822882,48.465715544987646,47.9290071552141,47.39824226369318,46.873355052240996,46.354280431542996,45.8409540330824,45.33331220115811,44.831291984991076,44.3348311309179,43.843868074671065,43.35834193374455,42.878192499844,42.40336023142057,41.93378624628735,41.46941231431761,41.010180850223925,40.55603490641723,40.106918165944926,39.662774935507265,39.22355013855102,38.789189308439624,38.359638581699,37.934844691338135,37.51475496024361,37.09931729464736,36.6884801776667,36.282192662915854,35.880404368188394,35.483065469209414,35.09012669345707,34.70153931405248,34.31725514371726,33.93722652879801,33.56140634335695,33.18974798332802,32.82220536073769,32.45873289798975,32.09928552221338,31.743818659673888,31.392288230245224,31.04465064194381,30.70086278552284,30.360882029126465,30.024666213003183,29.692173644277755,29.36336309178102,29.03819378093701,28.716625388706586,28.39861803858717,28.08413229566781,27.773129161738964,27.46557007045653,27.161416882559326,26.860631881139618,26.563177766965968,26.269017653857908,25.978115064111805,25.690433923977412,25.405938559184488,25.124593690518957,24.846364429448087,24.571216273794068,24.299115103455538,24.03002717617647,23.76391912336193
29,123.03,112.07,127.97,98.71,87.03,107.53,118.86,142.35,128.8,156.7,106.66,141.65,100.76,132.12,136.28,130.12,131.31,124.96,155.09,149.74,143.6,164.07,150.48,130.02,85.68,176.74,102.17,181.76,150.13,115.09,138.69,152.99,97.07,113.26,108.67,151.49,91.48,156.4,112.84,153.22,119.79,80.66,116.69,107.54,104.93,104.24,103.14,102.33,101.73,101.29,100.91,100.52,100.08,99.58,99.02,98.39,97.71,96.98,96.19,95.36,94.49,93.59,92.68,91.75,90.8,89.85,88.89,87.93,86.98,86.02,85.08,84.15,83.23,82.32,81.42,80.53,79.65,78.78,77.92,77.07,76.22,75.39,74.57,73.75,72.94,72.15,71.36,70.58,69.81,69.04,68.29,67.54,66.8,66.07,65.3476615606847,64.63322039427558,63.92659016047019,63.22768546291816,62.53642183890116,61.852715749125544,61.17648456762658,60.50764657178315,59.84612093244148,59.19182770414702,58.54468781548298,57.9046230595145,57.27155608433741,56.64541038373019,56.0261102879082,55.41358095437901,54.80774835889758,54.208539286520526,53.615881322758035,53.02970284482258,52.44993301297328,51.87650176195492,51.30933979253056,50.74837856310669,50.19355028145001,49.64478789649471,49.10202509023933,48.56519626973223,48.03423655914468,47.50908179193059,46.98966850307202,46.47593392140935,45.967815962055454,45.465253218892684,44.96818495715196,44.47655110607294,43.99029225164449,43.50934962942446,43.033665117438055,42.5631812291537,42.097841106535846,41.63758851317368,41.18236782748488,40.732124035993834,40.28680272668315,39.846350082418034,39.41071287444249,38.97983845594652,38.55367475570389,38.13217027177919,37.7152740653039,37.302935754320394,36.89510550769326,36.49173403908723,36.09277260101089,35.69817297892559,35.307887485418625,34.92186895444031,34.54007073560387,34.162446688547774,33.78895117735968,33.41953906506128,33.05416570815356,32.692786951221564,32.33535912159824,31.981839024086586,31.6321839357395,31.28635160069672,30.944300225078177,30.605988471933223,30.271375456245043,29.940420739989683,29.613084327249144,29.28932665937783,28.96910861022192,28.652391481390936,28.339136997581054,28.029307301949526,27.722864951539666,27.419772912755896,27.119994556888177,26.823493655685482,26.53023437697757,26.240181280344682,25.953299312834545,25.669553804726238
30,126.61,124.0,121.61,125.98,102.13,120.81,108.87,110.04,107.04,116.53,90.21,132.38,152.04,138.05,137.91,191.04,133.93,109.31,120.68,156.73,142.08,179.6,170.28,143.22,132.16,159.73,125.0,165.01,140.13,135.09,170.58,130.97,126.75,51.76,151.78,87.99,137.37,128.85,115.77,133.98,145.49,84.18,113.5,137.32,117.82,111.73,110.27,109.15,108.3,107.66,107.16,106.72,106.27,105.76,105.18,104.53,103.83,103.07,102.25,101.38,100.47,99.52,98.55,97.56,96.56,95.55,94.53,93.51,92.49,91.48,90.48,89.49,88.51,87.54,86.58,85.64,84.7,83.77,82.86,81.95,81.06,80.17,79.29,78.43,77.57,76.72,75.88,75.05,74.23,73.42,72.62,71.82,71.04,70.26,69.50172781922416,68.75163919523935,68.00964580804197,67.27566029081086,66.5495962196203,65.83136810326386,65.12089137318816,64.41808237353523,63.72285835129243,63.03513744654855,62.354838682855124,61.681881957691814,61.01618803303457,60.357678526025765,59.70627589974485,59.061903454078696,58.42448531669047,57.79394643408595,57.17021256277629,56.553210260536105,55.94286687775598,55.339110548888215,54.741870183984986,54.15107546032773,53.56665681414697,52.988545432431415,52.416673244825525,51.85097291561446,51.291377835795615,50.7378221152356,50.19024057491199,49.64856873923873,49.112742828474396,48.58269975121235,48.058377096952036,47.5397131287503,47.02664677595219,46.51911762700006,46.01706592232038,45.52043254728731,45.029159025262096,44.54318751070775,44.06246078237795,43.58692223657943,43.11651588050715,42.65118632565135,42.19087878127576,41.735539047966235,41.28511351124894,40.8395491352775,40.398793456588216,39.962794577922686,39.531501162117124,39.10486242605761,38.68282813470056,38.26534859515776,37.85237465084524,37.44385767569521,37.039749568430615,36.64000274690137,36.2445701424817,35.85340519452806,35.46646184489676,35.08369453252082,34.70505818804533,34.33050822852068,33.96000055215314,33.593491533112,33.23093801639285,32.87229731273618,32.51752719360096,32.16658588619234,31.819432068543083,31.47602486464808,31.13632383965133,30.800288995084927,30.467880764159375,30.139060007104753,29.813788006562174,29.492026463024956,29.173737490329014,28.858883611191896,28.547427752799994,28.23933324244337,27.934563803197662,27.633083549652646
31,99.28,121.71,95.14,142.6,143.92,105.76,105.3,126.85,127.14,125.47,119.61,133.6,127.52,122.18,156.16,119.23,110.5,137.5,144.09,121.71,154.51,150.92,128.49,150.82,145.18,184.76,187.0,195.3,143.64,127.3,140.76,154.08,116.71,127.16,115.26,145.51,152.49,105.66,154.35,128.13,122.78,93.46,107.48,111.23,117.6,119.49,117.67,116.19,115.02,114.13,113.43,112.86,112.34,111.81,111.21,110.54,109.81,109.02,108.17,107.26,106.31,105.31,104.29,103.25,102.18,101.11,100.03,98.95,97.87,96.8,95.74,94.7,93.66,92.64,91.62,90.62,89.63,88.65,87.68,86.72,85.77,84.84,83.91,82.99,82.08,81.19,80.3,79.42,78.55,77.69,76.84,76.0,75.17,74.35,73.54213777949843,72.74305351955255,71.95265184178027,71.17083840414912,70.39751988971558,69.63260399548682,68.87599942140345,68.12761585944193,67.38736398283552,66.65515543541227,65.93090282104873,65.21451969323859,64.50592054477427,63.805020797540934,63.11173679242123,62.4259857793098,61.7476859072362,61.07675621459529,60.41311661948359,59.756687910140805,59.10739173549515,58.46515059581132,57.829887833440246,57.20152762366917,56.57999496567134,55.96521567355387,55.35711636750296,54.7556244650253,54.16066817228468,53.57217647553271,52.99007913263257,52.41430666467505,51.84479034768549,51.28146220442095,50.724254996256455,50.17310221515944,49.627938075751366,49.0886975074556,48.55531614673062,48.02773032938761,47.505877082991525,46.989694119344726,46.47911982705229,45.97409326416809,45.47455415092079,44.98044286251889,44.49170042203392,44.008268493360966,43.53008937425572,43.057105989447145,42.58926188382502,42.126501215701424,41.66876875014556,41.21600985239091,40.768170481314016,40.325197182984226,39.887037084283364,39.45363788659491,39.02494785956157,38.60091583491083,38.18149120034748,37.766623893512595,37.356264396008086,36.950363727486206,36.54887343980326,36.15174561123688,35.75893284076612,35.37038824241364,34.98606543964944,34.60591855985538,34.22990222884986,33.85797156547192,33.4900821762243,33.12619014997461,32.76625205271415,32.41022492237361,32.058066263695146,31.709734043160182,31.365186683972272,31.024383061094532,30.687282496340984,30.353844753521177,30.024030033637665,29.697798970135583,29.375112624203876,29.055932480127577
32,121.0,122.65,137.44,125.77,108.1,139.13,109.55,125.96,116.58,124.68,131.31,107.62,123.76,157.68,167.96,149.91,162.59,155.13,174.02,169.2,184.75,182.99,173.71,139.55,133.91,156.91,181.93,155.19,132.88,169.88,145.08,138.86,142.82,123.22,147.98,145.27,190.2,141.28,131.88,192.39,160.53,113.13,138.22,161.37,136.08,127.61,125.43,123.57,122.04,120.82,119.86,119.09,118.44,117.83,117.2,116.5,115.74,114.91,114.02,113.07,112.08,111.04,109.96,108.86,107.74,106.61,105.47,104.33,103.2,102.07,100.95,99.85,98.76,97.68,96.61,95.55,94.51,93.47,92.45,91.44,90.44,89.45,88.47,87.51,86.55,85.6,84.67,83.74,82.83,81.92,81.02,80.14,79.26,78.39,77.54186438784161,76.70290512491923,75.87302292830678,75.05211958926344,74.24009796161164,73.43686195024067,72.64231649973475,71.85636758312414,71.07892219075786,70.309888319297,69.54917496082685,68.79669209208707,68.05235066381822,67.3160625902237,66.58774073854552,65.86729891875306,65.15465187334324,64.44971526725108,63.752405677869476,63.06264058517691,62.38033836197199,61.70541826421362,61.03780042146571,60.37740582744528,59.724156330672784,59.07797462522364,58.438784241579775,57.80650953758023,57.181075689469566,56.56240868304319,55.9504353048885,55.34508313372074,54.74628053181266,54.153956636516774,53.568041351879565,52.988465340346174,52.41516001455502,51.848057529221116,51.28709077310721,50.73219336108179,50.18329962626308,49.640344612247915,49.103264065424824,48.571994427370164,48.046472827326646,47.5266370747631,47.01242565201487,46.503777707003735,46.00063304603669,45.5029321266825,45.01061605072555,44.52362655719566,44.041906015473515,43.56539741847063,43.09404437588309,42.627791107518235,42.1665824366937,41.710363783707706,41.25908115938006,40.81268115866308,40.371110954321615,39.93431829068138,39.50225147744506,39.0748593835752,38.652091431243385,38.23389758984474,37.820228370077366,37.41103481808571,37.00626850966734,36.60588154454239,36.20982654068504,35.818056628716256,35.43052544635728,35.04718713294307,34.66799632399514,34.292908145853076,33.92187821036418,33.55486260963054,33.19181791081297,32.83270115099109,32.477469832079116,32.126081915796604,31.778495818693596,31.43467040722963,31.094564992905948,30.758139327450444
33,118.21,124.61,92.03,141.03,126.46,164.81,116.85,145.7,137.89,125.37,119.94,105.57,115.55,118.94,125.66,153.69,171.04,146.03,168.87,144.62,130.18,180.0,174.43,164.68,179.75,185.73,206.15,196.59,160.81,141.99,165.36,180.04,151.35,119.24,126.08,153.97,118.21,148.89,182.12,164.74,164.01,156.14,126.9,138.49,136.78,136.28,133.74,131.5,129.59,128.0,126.72,125.68,124.82,124.07,123.35,122.6,121.8,120.93,119.99,119.0,117.96,116.87,115.74,114.59,113.41,112.22,111.02,109.82,108.62,107.43,106.26,105.1,103.95,102.81,101.69,100.58,99.48,98.39,97.31,96.25,95.2,94.15,93.13,92.11,91.1,90.1,89.12,88.14,87.18,86.23,85.28,84.35,83.43,82.52,81.64836179368382,80.7859304846375,79.93260882269844,79.08830058493317,78.25291056478719,77.4263445613491,76.60850936872824,75.7993127655446,74.99866350452959,74.20647130223682,73.42264682886146,72.64710169816715,71.87974845751931,71.1205005780238,70.36927244476958,69.62597934717465,68.89053746943377,68.16286388106712,67.44287652756897,66.73049422115484,66.02563663160662,65.32822427721426,64.63817851581324,63.955421535916635,63.27987634794085,62.61146677552412,61.95011744693659,61.29575378658123,60.64830200658445,60.007689098475616,59.373842824954366,58.74669171174493,58.12616503953656,57.51219283600893,56.904705867941935,56.303635633408696,55.70891435405115,55.12047496743716,54.53825111949833,53.962177157047755,53.39218812037683,52.828219735930126,52.27020840905782,51.71809121684449,51.17180590101382,50.63129086090816,50.09648514654225,49.56732845173036,49.043761107285974,48.525724074293315,48.013158937449994,47.5060078984799,47.004213769615696,46.50771996715024,46.016470505055935,45.53040998867168,45.049483608456384,44.57363713380849,44.10281690695074,43.63696983687966,43.176043393378805,42.7199856010953,42.26874503367902,41.82227080798353,41.380512578328414,40.94342053082213,40.51094537774488,40.08303835199075,39.65965120156866,39.24073618416123,38.82624606174135,38.41613409524538,38.01035403930281,37.60886013702141,37.21160711482765,36.81855017736145,36.42964500242498,36.04484773598474,35.664114987226455,35.287403823662224,34.914671766289324,34.54587678480015,34.18097729284277,33.819932143331535,33.462700623807194,33.109242451846086
34,171.58,129.53,136.71,138.61,118.07,142.71,148.7,194.86,155.14,129.67,120.17,109.4,139.97,128.59,157.92,144.17,136.74,159.47,156.79,148.95,191.27,171.07,171.59,179.72,138.22,181.39,189.3,210.24,165.73,178.92,163.78,189.6,149.49,109.06,160.4,179.79,172.12,184.95,160.35,191.58,200.36,116.8,152.25,160.76,149.95,145.75,142.84,140.23,137.92,135.94,134.27,132.9,131.77,130.8,129.93,129.1,128.23,127.31,126.32,125.27,124.17,123.03,121.84,120.63,119.39,118.13,116.87,115.6,114.35,113.1,111.86,110.64,109.43,108.23,107.05,105.88,104.72,103.57,102.44,101.32,100.21,99.12,98.03,96.96,95.9,94.85,93.82,92.79,91.78,90.77,89.78,88.8,87.83,86.87,85.92373833816755,84.98778416030717,84.0620251885679,83.1463503681243,82.2406498538542,81.34481499716156,80.45873833294299,79.58231356669603,78.71543556176806,77.85800032674396,77.00990500297122,76.17104785222102,75.34132824448346,74.52064664589604,73.70890460680343,72.9060047499474,72.11185075878532,71.32634736593597,70.54940034175124,69.7809164830121,69.02080360174807,68.26897051417812,67.52532702977226,66.78978394043219,66.06225300978981,65.34264696262233,64.63087947438262,63.92686516084374,63.23051956785607,62.54175916121616,61.860501316645916,61.18666430988089,60.52016730686659,59.86093035406155,59.20887436884605,58.563921130035254,57.92599326849581,57.295014257864494,56.67090840536811,56.053600842743286,55.443017517255235,54.83908518281431,54.24173139118933,53.65088448331669,53.066473580704006,52.4884285769275,51.916680129221994,51.35115965016246,50.79179929943624,50.23853197570487,49.69129130855449,49.150011650534076,48.61462806928026,48.08507633972801,47.56129293640614,47.043215025816714,46.53078045889751,46.02392776356659,45.522596137347996,45.026725440077875,44.536256186690046,44.05112954008002,43.57128730404694,43.096671916312324,42.62722644161475,42.16289456487997,41.70362058446521,41.24934940547723,40.800026533163035,40.35559806637267,39.91601069109319,39.481211674053064,39.051148856396246,38.625770647425135,38.205026018411765,37.78886449647629,37.37723615853227,36.970091625297826,36.56738205537204,36.169059139375975,35.775075094157344,35.385382657058486,34.99993508024664,34.61868612510605,34.241590056691194,33.868601638240285
35,136.82,165.01,175.74,117.62,170.93,124.63,150.01,162.13,150.91,152.18,175.11,125.88,147.53,132.01,126.68,184.38,139.72,157.55,169.9,192.99,175.33,171.5,226.48,192.53,176.09,207.31,199.57,181.13,230.29,164.66,250.68,174.31,186.52,174.32,174.89,160.15,173.76,148.12,220.81,196.1,161.9,131.38,175.75,147.17,154.62,156.36,153.06,150.04,147.33,144.94,142.86,141.1,139.62,138.37,137.28,136.29,135.31,134.32,133.26,132.15,130.98,129.77,128.52,127.24,125.93,124.6,123.27,121.94,120.61,119.29,117.99,116.7,115.42,114.16,112.91,111.68,110.46,109.25,108.05,106.87,105.7,104.55,103.4,102.27,101.16,100.05,98.96,97.87,96.8,95.74,94.7,93.66,92.64,91.63,90.62065883487199,89.62243596710972,88.63520892421273,87.6588565827642,86.69325915357031,85.7382981669632,84.79385645826589,83.85981815341724,82.9360686547553,82.02249462695735,81.11898398313461,80.22542587108029,79.34171065966912,78.46772992540654,77.6033764391263,76.74854415283431,75.90312818669767,75.06702481617687,74.24013145929973,73.42234666407562,72.61357009604822,71.81370252598548,71.02264581770507,70.24030291603404,69.46657783490109,68.70137564555988,67.94460246494232,67.19616544413994,66.45597275701212,65.72393358892003,64.9999581255845,64.28395754206655,63.575843991869576,62.8755305961613,62.18293143311458,61.49796152736565,60.82053683958841,60.150574256183624,59.48799157908164,58.83270751565748,58.18464166875704,57.54371452683301,56.909847454189695,56.28296268133508,55.66298329543925,55.049833230897946,54.44343726000003,53.84372098369771,53.25061082247854,52.66403400733788,52.08391857085085,51.51019333834255,50.9427879191557,50.38163269801428,49.826658826482415,49.27779821451737,48.73498352211549,48.198148151050276,47.66722623670133,47.142152639973496,46.622862939304795,46.1092934227626,45.60138108022675,45.09906359565879,44.60227933945641,44.110967360892055,43.625067380634874,43.144519783354966,42.66926561040921,42.19924655260755,41.734404943059005,41.274683750096536,40.82002657027975,40.37037762147475,39.9256817360102,39.485884353908766,39.05093151619313,38.620769858265724,38.19534660336141,37.77460955607226,37.358507095943686,36.94698817114108,36.540002292186266,36.13749952576288,35.73943048859005,35.345746341363544
36,190.85,143.9,135.32,165.84,179.88,140.05,131.43,185.41,123.43,162.75,140.99,172.6,173.2,130.84,174.67,169.14,136.47,170.67,183.3,168.11,178.18,173.12,181.44,164.37,180.83,189.1,174.69,191.76,209.27,197.35,204.01,199.42,190.76,143.18,148.69,186.35,160.03,206.64,202.19,250.8,219.01,204.38,211.44,170.51,169.22,168.43,164.7,161.26,158.11,155.28,152.77,150.58,148.7,147.1,145.72,144.49,143.35,142.23,141.08,139.89,138.64,137.35,136.02,134.66,133.27,131.87,130.46,129.05,127.64,126.25,124.87,123.5,122.15,120.82,119.49,118.19,116.9,115.62,114.35,113.1,111.87,110.64,109.43,108.24,107.05,105.88,104.73,103.58,102.45,101.33,100.22,99.12,98.04,96.97,95.92057810157046,94.88251318283469,93.85568233708759,92.83996398773638,91.83523787390592,90.8413850361998,89.85828780261562,88.88582977461265,87.92389581333019,86.97237202595528,86.03114575223766,85.10010555115092,84.17914118769785,83.26814361985872,82.36700498568055,81.4756185905065,80.59387889434305,79.72168149936417,78.85892313755065,78.00550165846312,77.16131601714753,76.32626626217139,75.50025352378955,74.68318000223807,73.87494895615471,73.07546469112478,72.28463254835093,71.50235889344557,70.72855110534462,69.9631175653411,69.20596764623757,68.45701170161585,67.71616105522293,66.98332799047164,66.25842574005512,65.54136847567355,64.83207129787205,64.13045022598867,63.43642218821102,62.749905011740665,62.07081741306382,61.3990789883274,60.734610203819244,60.077332386551326,59.427167714944886,58.78403920961635,58.14787072426302,57.51858693664735,56.896113339678806,56.2803762325922,55.67130271222162,55.06882066436861,54.47285875526397,53.883346423121736,53.300213869784734,52.723392052460504,52.152812675546635,51.588408182544555,51.03011174806086,50.477857269895225,49.93157936121389,49.391213342807895,48.85669523543501,48.32796175224471,47.804950291284925,47.28759892809002,46.77584640834896,46.26963214065278,45.768896189320614,45.27357926730328,44.78362272916371,44.29896856413338,43.81955938924379,43.34533844253238,42.87624957632187,42.41223725057244,41.95324652630576,41.49922305910025,41.050113092656694,40.6058634524335,40.166421539350864,39.73173532356302,39.30175333829796,38.876424673763715,38.45569897112068,38.03952641651918
37,208.88,162.76,154.02,153.82,182.6,166.84,193.53,180.67,127.14,180.65,145.26,167.61,141.56,150.4,122.76,170.27,198.95,204.5,176.08,181.36,229.51,193.87,172.49,219.38,187.22,225.45,196.02,214.81,170.49,166.16,176.45,155.99,163.73,180.43,229.08,203.48,197.86,254.89,227.37,217.67,192.98,181.73,217.37,180.27,182.5,182.04,177.84,173.92,170.31,167.02,164.05,161.4,159.08,157.06,155.32,153.79,152.41,151.11,149.83,148.53,147.19,145.81,144.39,142.94,141.46,139.97,138.47,136.97,135.48,134.0,132.53,131.08,129.65,128.23,126.83,125.44,124.07,122.72,121.38,120.05,118.74,117.44,116.15,114.88,113.63,112.39,111.16,109.94,108.74,107.55,106.37,105.21,104.06,102.92,101.81301652387108,100.71793950340113,99.63464087553466,98.56299395463243,97.5028734176564,96.45415528951382,95.41671692855904,94.39043701225137,93.37519552296698,92.37087373396356,91.37735419549593,90.3945207210809,89.42225837391,88.46045345340815,87.50899348193715,86.56776719164199,85.6366645114387,84.71557655414216,83.80439560373243,82.90301510275785,82.01132963987386,81.1292349375157,80.2566278397037,79.39340629997983,78.53946936947392,77.69471718509827,76.85905095786923,76.03237296135434,75.21458652024387,74.40559599904508,73.6053067908983,72.81362530651309,72.03045896322362,71.2557161741615,70.48930633754541,69.73113982608552,68.98112797650222,68.23918307915747,67.50521836779754,66.7791480094063,66.06088709416747,65.35035162553491,64.64745851040976,63.95212554942303,63.264271427323,62.58381570346582,61.91067880240836,61.244782004602385,60.586047437188725,59.93439806489052,59.28975768100433,58.652050898488206,58.02120314114561,57.39714063490418,56.77979039918822,56.169080238384055,55.56493873339716,54.96729523330013,54.3760798470704,53.79122343541695,53.21265760269478,52.6403146889065,52.07412776178985,51.51403060899032,50.959957730318024,50.411844330087845,49.86962630954188,49.33324025935351,48.80262345221201,48.27771383548698,47.758450023971584,47.24477129270394,46.736617569865686,46.233929429756884,45.73664808584655,45.24471538389789,44.758073795167505,44.276666409677716,43.80043692956125,43.32932966247758,42.86328951509996,42.40226198667258,41.94619316263705,41.49502970832739,41.04871886273278,40.60720843232754
38,187.19,181.75,222.62,176.25,205.71,216.12,187.67,191.88,141.85,201.59,172.1,166.03,138.1,149.9,172.72,202.58,189.75,194.87,186.92,217.56,206.88,222.51,200.55,197.5,220.99,235.65,231.71,216.43,161.61,172.03,173.37,225.76,183.84,265.84,173.35,165.28,230.13,203.72,232.92,224.39,256.27,214.48,216.08,146.99,185.61,197.17,192.44,188.0,183.88,180.09,176.63,173.51,170.72,168.25,166.09,164.19,162.51,160.96,159.5,158.06,156.6,155.11,153.58,152.03,150.45,148.87,147.27,145.67,144.09,142.51,140.95,139.41,137.89,136.38,134.89,133.42,131.96,130.51,129.09,127.68,126.28,124.9,123.53,122.18,120.85,119.53,118.22,116.93,115.65,114.38,113.13,111.9,110.67,109.46,108.28750800927664,107.12757528648962,105.98006730175526,104.84485096622053,103.72179461662728,102.61076800004177,101.51164225874797,100.42428991530235,99.34858485774916,98.28440232499372,97.23161889233258,96.19011245713867,95.15976222469966,94.14044869420816,93.1320536449019,92.13446012235244,91.1475524249006,90.1712160902374,89.2053378821286,88.24980577728147,87.30450895235224,86.3693377710927,85.44418377163458,84.52893965390996,83.62349926720663,82.72775759785654,81.84161075705634,80.9649559688182,80.09769155804979,79.23971693876199,78.39093260240273,77.55124010631602,76.72054206232443,75.89874212543397,75.0857449826599,74.28145634197229,73.48578292135994,72.69863243801142,71.9199135976121,71.14953608375573,70.38741054746954,69.63344859685138,68.887562786818,68.1496666089631,67.41967448152407,66.69750173945607,65.98306462461257,65.27628027603099,64.57706672032243,63.88534286216433,63.201028474894976,62.52404419120876,61.85431149395107,61.19175270701188,60.53629098631667,59.8878503109142,59.24635547415935,58.611732074990705,57.983906509301406,57.36280596140256,56.748358395577945,56.14049254772929,55.539137917111006,54.94422475815347,54.355684072373826,53.77344760037358,53.19744781392172,52.62761790812283,52.06389179366894,51.50620408917447,50.95449011359325,50.40868587871677,49.868728081752714,49.33455409798315,48.806101973501214,48.28331041802562,47.76611879779226,47.254467128521725,46.74829606846242,46.247546911507946,45.752161580388396,45.262082619934475,44.777253190413816,44.29761706093864,43.82311860294412,43.353702783736445
39,248.6,223.84,195.94,203.56,207.59,186.26,181.87,191.84,207.29,214.37,192.9,156.97,195.26,205.31,161.3,193.04,175.61,195.71,203.5,185.12,230.5,199.51,244.56,250.15,198.65,209.44,210.32,243.29,201.52,237.14,212.47,223.48,178.75,173.8,194.74,199.13,283.29,229.66,217.46,247.4,268.76,250.84,234.29,190.44,208.8,213.69,208.42,203.42,198.75,194.42,190.44,186.81,183.53,180.59,177.97,175.66,173.61,171.76,170.05,168.42,166.81,165.19,163.55,161.88,160.2,158.5,156.8,155.1,153.41,151.73,150.08,148.43,146.81,145.21,143.62,142.05,140.5,138.96,137.44,135.94,134.45,132.98,131.53,130.09,128.67,127.26,125.87,124.49,123.13,121.79,120.46,119.14,117.84,116.55,115.28934009897654,114.04231609144126,112.8087804851236,111.58858738309912,110.38159246653349,109.1876529776131,108.00662770266035,106.83837695543158,105.68276256059553,104.53964783739067,103.40889758345921,102.29037805885596,101.18395697023021,100.08950345517871,99.00688806676779,97.93598275822303,96.87666086778445,95.82879710372555,94.7922675295344,93.76694954925493,92.75272189298691,91.74946460254274,90.7570590172592,89.77538775996294,88.80433472308762,87.84378505494124,86.89362514612193,85.95374261608093,85.02402629983054,84.10436623479612,83.19465364781028,82.29478094224761,81.40464168529866,80.52413059538155,79.65314352968979,78.79157747187472,77.9393305198612,77.09630187379511,76.26239182412121,75.43750173978994,74.62153405659183,73.81439226561797,73.01598090184551,72.22620553284635,71.44497274761824,70.67219014553642,69.90776632542502,69.15161087474648,68.40363435890805,67.66374831068372,66.93186521975088,66.20789852233992,65.4917625909959,64.78337272445093,64.08264513760604,63.38949695162151,62.70384618411436,62.02561173946181,61.35471339920965,60.69107181258442,60.03460848710814,59.385245779314566,58.74290688556593,58.10751583296886,57.47899747038877,56.857277459561246,56.242282266299696,55.633939151798046,55.032176164027554,54.43692212922662,53.84810664348271,53.26566006440528,52.689513502888836,52.119598814964974,51.555848593742695,50.99819616143581,50.44657556147656,49.90092155071462,49.36116959170043,48.827255845051994,48.29911716190424,47.776691076440095,47.25991579850227,46.748730206285046,46.243073839105065,45.74288689025026
40,284.1,287.41,260.8,222.04,253.05,233.51,239.23,253.87,272.51,207.53,253.99,245.38,234.87,221.23,225.47,221.5,235.29,197.63,244.47,209.64,190.88,217.22,234.54,251.06,236.17,238.73,210.7,204.13,247.58,228.06,273.55,224.29,240.53,279.9,217.37,315.7,215.69,280.63,247.37,313.43,250.31,270.56,264.71,228.57,231.86,231.4,225.61,220.03,214.77,209.87,205.34,201.18,197.39,193.95,190.86,188.09,185.63,183.42,181.42,179.54,177.74,175.97,174.19,172.4,170.6,168.79,166.97,165.16,163.36,161.57,159.81,158.06,156.33,154.62,152.93,151.26,149.61,147.97,146.36,144.76,143.17,141.61,140.06,138.53,137.01,135.52,134.03,132.57,131.12,129.69,128.27,126.87,125.48,124.11,122.74702757872684,121.39902328106301,120.065822727509,118.74726334377632,117.44318434096246,116.15342669594408,114.87783313198514,113.61624809955813,112.36851775737601,111.13448995363217,109.91401420744687,108.70694169051693,107.51312520896731,106.33241918540185,105.16467964115111,104.00976417871524,102.86753196439962,101.73784371114114,100.62056166152318,99.51554957097714,98.42267269116823,97.34179775356404,96.27279295318327,95.21552793252314,94.16987376566316,93.13570294254357,92.11288935341638,91.10130827346721,90.10083634760596,89.11135157542456,88.13273329631991,87.1648621747801,86.20762018583238,85.26089060065085,84.32455797232217,83.39850812176762,82.48262812381988,81.5768062934525,80.68093217216075,79.79489651449204,78.91859127472412,78.05190959368974,77.19474578574594,76.34699532588644,75.5085548369955,74.67932207724192,73.85919592761131,73.04807637957533,72.24586452289645,71.45246253356648,70.66777366187762,69.8917022206246,69.12415357343625,68.36503412323526,67.61425130082476,66.87171355360007,66.13733033438457,65.41101209038814,64.69267025228675,63.982217223422154,63.279566369120055,62.58463200612566,61.89732939215517,61.21757471556209,60.545285085116994,59.88037851989957,59.222773939301554,58.572391153139584,57.92915085187657,57.29297459695046,56.663784811209204,56.0415047694508,55.426058589067196,54.81737122079093,54.215368439543404,53.6199768353837,53.03112380455675,52.4487375406398,51.872747025786154,51.303082022065055,50.739673062896664,50.182451444581105,49.63134921792054,49.08629917993325,48.547234865658716,48.01409054005269
41,349.98,282.04,230.69,248.66,251.39,251.01,209.56,266.54,248.59,269.55,237.49,302.42,204.74,261.64,218.5,211.39,270.19,249.29,263.48,283.25,311.4,297.11,234.91,253.98,275.01,237.62,260.53,245.6,265.27,215.77,262.11,195.26,240.86,240.34,181.19,330.59,271.46,286.07,334.11,297.11,275.36,296.41,246.17,209.44,241.11,250.03,243.8,237.68,231.83,226.32,221.21,216.49,212.16,208.21,204.63,201.4,198.49,195.89,193.53,191.37,189.33,187.37,185.44,183.51,181.58,179.64,177.71,175.78,173.86,171.96,170.08,168.22,166.38,164.56,162.77,160.99,159.23,157.49,155.76,154.06,152.38,150.71,149.06,147.44,145.82,144.23,142.65,141.09,139.55,138.03,136.52,135.02,133.55,132.09,130.61945761471316,129.1652866042989,127.72730470817243,126.30533169483442,124.89918933928162,123.50870140066868,122.13369360021882,120.7739935993803,119.42943097822614,118.09983721409432,116.7850456604657,115.4848915260772,114.19921185426743,112.92784550255229,111.6706331224279,110.42741713939854,109.1980417332267,107.98235281840321,106.78019802483472,105.59142667874612,104.41588978379566,103.25344000240031,102.10393163726893,100.96722061314117,99.84316445872953,98.73162228886255,97.63245478682678,96.54552418690528,95.47069425711058,94.40783028210987,93.35679904634023,92.3174688173119,91.28970932909739,90.27339176600438,89.26838874643049,88.27457430689768,87.2918238862644,86.32001431011369,85.35902377531475,84.40873183475674,83.46901938225221,82.53976863760893,81.62086313186758,80.71218769270405,79.81362842999417,78.92507272153901,78.04640919894932,77.17752773368701,76.31831942326201,75.46867657758278,74.62849270545892,73.79766250125385,72.97608183168622,72.16364772277822,71.36025834694921,70.56581301025294,69.78021213975704,69.0033572710628,68.23515103596408,67.47549715024347,66.72430040160438,65.98146663773754,65.24690275452015,64.5205166843467,63.80221738458941,63.09191482618738,62.38951998236258,61.69494481746163,61.008102275921686,60.32890627135921,59.657271675780194,58.99311430891057,58.336350927645334,57.686899215615114,57.044677772869015,56.40960610567214,55.78160461641687,55.16059459364638,54.54649820218918,53.939238473403556,53.33873929553062,52.74492540415471,52.15772237277003,51.57705660345226,51.002855317634136,50.435046546983564
42,363.44,299.76,362.3,252.17,236.12,265.32,338.35,323.33,310.97,229.48,252.83,246.42,302.2,253.53,252.85,248.64,276.42,270.56,260.68,220.11,294.42,263.17,232.27,208.89,300.8,264.06,278.5,238.82,280.52,259.84,267.23,162.06,302.56,240.6,278.02,309.62,298.81,335.99,332.89,252.36,348.86,283.29,354.5,264.44,269.48,269.61,263.02,256.44,250.02,243.91,238.19,232.89,228.0,223.52,219.43,215.72,212.36,209.33,206.58,204.09,201.77,199.58,197.46,195.38,193.3,191.23,189.17,187.11,185.07,183.05,181.05,179.07,177.11,175.18,173.26,171.37,169.49,167.64,165.81,164.0,162.2,160.43,158.68,156.94,155.23,153.53,151.85,150.19,148.55,146.93,145.32,143.73,142.16,140.61,139.05016017308026,137.50762423838472,135.98220023730266,134.47369834069275,132.98193082525998,131.50671205019472,130.04785843407095,128.6051884320008,127.17852251304231,125.76768313785809,124.37249473662166,122.99278368716892,121.62837829339203,120.27910876387283,118.94480719075355,117.6253075288417,116.32044557494673,115.03005894744618,113.75398706607821,112.49207113195841,111.24415410781847,110.01008069846371,108.78969733144771,107.58285213796123,106.38939493393299,105.20917720134041,104.04205206972738,102.88787429792723,101.74650025598841,100.61778790730061,99.50159679091932,98.39778800408635,97.30622418494418,96.22676949544231,95.15928960443303,94.10365167095472,93.05972432770076,92.02737766467169,91.00648321300865,89.99691392900641,88.99854417830353,88.01124972024795,87.03490769243612,86.0693965954235,85.11459627760476,84.17038792026175,83.23665402277713,82.31327838801242,81.40014610784775,80.49714354888248,79.60415833829416,78.72107934985453,77.84779669010051,76.98420168465873,76.13018686472164,75.28564595367381,74.45047385386641,73.62456663353849,72.80782151388343,72.00013685625865,71.20141214953746,70.41154799760109,69.63044610696933,68.8580092745688,68.09414137563641,67.33874735175746,66.59173319903604,65.85300595639704,65.12247369401761,64.40004550188716,63.68563147849419,62.97914271963857,62.28049130736806,61.58959029903749,60.90635371648924,60.2306965353539,59.562534674469454,58.90178498541799,58.2483652421784,57.60219413089387,56.96319123975291,56.33127704898261,55.70637292095292,55.08840109039076,54.477284654702544,53.87294756440421
43,359.56,299.73,339.8,345.74,273.62,358.32,341.12,316.84,235.56,243.4,314.46,264.15,266.82,298.75,278.01,277.44,266.76,373.99,276.4,289.06,269.58,320.89,321.64,268.26,281.88,297.08,282.95,274.79,291.39,234.68,279.13,290.31,249.85,256.23,293.58,286.81,342.72,293.39,377.57,347.39,315.7,320.13,339.05,276.96,287.69,290.29,283.44,276.47,269.57,262.89,256.55,250.63,245.16,240.12,235.51,231.3,227.47,224.0,220.84,217.98,215.34,212.88,210.54,208.27,206.03,203.82,201.61,199.42,197.24,195.09,192.95,190.84,188.76,186.7,184.66,182.64,180.64,178.67,176.71,174.78,172.87,170.98,169.11,167.26,165.44,163.63,161.84,160.07,158.32,156.59,154.88,153.19,151.51,149.85,148.21011266994157,146.58817148906755,144.98398006323268,143.39734414753605,141.82807162280082,140.27597247231134,138.7408587588047,137.22254460171433,135.72084615466244,134.2355815831987,132.76657104278286,131.313636657008,129.87660249606222,128.45529455542606,127.04954073480299,125.65917081728048,124.28401644871921,122.92391111736768,121.5786901337,120.24819061047441,118.93225144300982,117.63071328967838,116.34341855261145,115.0702113586167,113.81093754030412,112.56544461741846,111.33358177837609,110.11519986200382,108.91015133947761,107.71829029645889,106.5394724154264,105.37355495820138,104.22039674866404,103.07985815565907,101.95180107608824,100.83608891818824,99.73258658499117,98.64116045796627,97.5616783808406,96.49400964359684,95.4380249666461,94.39359648517393,93.36059773365784,92.33890363055401,91.32839046315175,90.32893587259349,89.34041883905911,88.36271966711192,87.39571997120535,86.43930266134805,85.49335192892609,84.55775323268001,83.63239328483566,82.71716003738644,81.81194266852607,80.91663156922955,80.03111832998106,79.1552957276471,78.2890577124933,77.43229939534328,76.58491703487805,75.74680802507443,74.91787088278087,74.09800523542935,73.28711180888158,72.48509241540836,71.69184994180047,70.90728833760956,70.13131260351781,69.36382877983496,68.60474393512095,67.85396615493337,67.11140453069788,66.37696914870044,65.65057107920005,64.93212236566063,64.22153601410074,63.51872598255976,62.82360717067952,62.136095409399815,61.456107450766666,60.78356095785227,60.11837449478509,59.46046751688916,58.809760360931215,58.166174235474664
44,428.96,375.04,418.35,348.01,415.77,396.18,399.72,355.54,297.09,317.32,293.45,290.05,321.44,286.95,283.73,266.07,319.83,311.72,247.5,302.17,299.98,305.38,277.89,297.61,220.63,326.68,318.69,277.01,308.79,306.07,261.63,289.39,310.32,316.14,323.04,355.25,260.42,328.1,400.46,352.98,364.98,272.1,298.76,339.61,319.96,312.31,305.26,298.0,290.7,283.52,276.59,270.06,263.97,258.35,253.19,248.46,244.15,240.21,236.64,233.37,230.38,227.62,225.02,222.52,220.1,217.71,215.35,213.0,210.68,208.38,206.1,203.85,201.62,199.41,197.24,195.08,192.95,190.84,188.75,186.69,184.65,182.63,180.64,178.66,176.71,174.78,172.87,170.98,169.11,167.26,165.43,163.62,161.83,160.07,158.31704963337518,156.58329608681564,154.86852913309096,153.17254084720042,151.49512558116086,149.8360799390707,148.19520275244722,146.5722950558336,144.96716006267332,143.3796031414487,141.8094317920808,140.2564556225875,138.72048632599783,137.20133765751822,135.69882541194963,134.21276740135156,132.74298343295067,131.28929528729148,129.85152669662634,128.42950332354175,127.02305273981935,125.63200440552767,124.25618964834344,122.89544164309905,121.54959539155418,120.21848770238864,118.90195717141481,117.59984416200616,116.31199078574072,115.038240883256,113.77844000531398,112.53243539407319,111.30007596456595,110.08121228637854,108.87569656553195,107.683382626561,106.50412589478971,105.33778337880089,104.18421365309767,103.04327684095475,101.9148345974577,100.79875009272776,99.69488799533055,98.60311445586635,97.52329709074007,96.45530496610913,95.39900858200687,94.35427985664,93.32099211085804,92.2990200527927,91.28823976266554,90.28852867776206,89.29976557757027,88.32183056908204,87.35460507225535,86.39797180563589,85.45181477213599,84.51601924496929,83.59047175373956,82.67506007068178,81.76967319705382,80.87420134967724,79.98853594762559,79.11256959905826,78.24619608819863,77.38931036245486,76.54180851968165,75.70358779558156,74.87454655124421,74.05458426082207,73.24360149934111,72.44149993064497,71.64818229547112,70.86355239965773,70.08751510247953,69.31997630511141,68.56084293921856,67.8100229556713,67.06742531338365,66.33295996827415,65.6065378623474,64.88807091289536,64.17747200181684,63.47465496505393,62.77953458214411,62.09202656588682
45,535.75,473.94,439.36,417.02,487.41,429.32,398.85,482.59,320.82,378.04,372.14,325.72,394.17,349.85,399.83,396.4,371.52,314.38,333.08,283.07,376.97,266.45,333.12,318.44,360.87,316.37,343.23,342.43,261.81,320.92,322.83,276.96,303.9,265.31,283.38,435.5,327.48,334.25,382.69,426.47,356.53,394.34,335.49,318.12,331.47,336.06,328.83,321.35,313.74,306.14,298.7,291.57,284.87,278.63,272.89,267.62,262.79,258.38,254.35,250.67,247.3,244.19,241.29,238.54,235.89,233.31,230.77,228.25,225.76,223.29,220.85,218.44,216.05,213.69,211.36,209.05,206.76,204.5,202.27,200.06,197.87,195.71,193.57,191.45,189.36,187.29,185.24,183.22,181.22,179.24,177.28,175.34,173.42,171.53,169.6377428182679,167.76636033624902,165.91562227177445,164.08530088306506,162.27517094070714,160.48500969993668,158.71459687322965,156.96371460319477,155.2321474357649,153.51968229368464,151.82610845029012,150.15121750357818,148.49480335056143,146.85666216190637,145.23659235685142,143.6343945784013,142.04987166879525,140.482828645246,138.9330726759461,137.4004130563392,135.88466118565296,134.38563054369067,132.90313666787944,131.436997130571,129.9870315165931,128.55306140104884,127.13491032736033,125.73240378555532,124.34536919079254,122.97363586212462,121.61703500149488,120.27539967296609,118.94856478217805,117.63636705603217,116.3386450225998,115.05523899125254,113.7859910330114,112.53074496111306,111.2893463117903,110.06164232526457,108.84748192694816,107.64671570885382,106.45919591120936,105.28477640427522,104.12331267036248,102.97466178604935,101.83868240459371,100.71523473853979,99.60418054251672,98.50538309622672,97.4187071876212,96.34401909626204,95.28118657686696,94.23007884303594,93.19056655115745,92.16252178449207,91.1458180374318,90.14033019993295,89.14593454212074,88.16250869906385,87.18993165571676,86.22808373202841,85.27684656821492,84.3361031101949,83.40573759518549,82.48563553745707,81.57568371424543,80.67577015181911,79.78578411170047,78.90561607703893,78.03515773913435,77.17430198410912,76.32294287972742,75.48097566235964,74.64829672409084,73.82480359997128,73.01039495540758,72.2049705736932,71.40843134367613,70.62067924756295,69.84161734885717,69.07114978043087,68.30918173272777,67.55561944209639,66.81037017925217,66.07334223786658
46,489.64,461.94,458.12,440.62,443.16,514.76,405.57,405.19,420.75,442.56,328.82,379.04,412.41,366.81,424.4,368.3,388.59,374.95,330.01,360.51,389.11,365.95,303.26,380.32,345.23,364.01,315.93,325.33,351.97,318.98,268.38,290.53,321.62,308.41,319.29,341.9,395.63,395.87,439.69,493.27,376.41,404.08,391.89,307.72,350.59,362.13,354.6,346.92,339.07,331.13,323.26,315.6,308.3,301.44,295.08,289.23,283.86,278.94,274.43,270.31,266.53,263.05,259.81,256.77,253.86,251.05,248.3,245.59,242.9,240.25,237.62,235.03,232.46,229.92,227.41,224.92,222.46,220.03,217.63,215.25,212.9,210.57,208.27,205.99,203.74,201.52,199.31,197.14,194.98,192.85,190.74,188.66,186.6,184.56,182.5256709239619,180.5137654217731,178.52403632758893,176.55623919997245,174.61013229186432,172.68547652088364,170.78203543995645,168.89957520826775,167.03786456253377,165.19667478859103,163.37577969329823,161.57495557674824,159.79398120478606,158.03263778182995,156.290708923992,154.56798063249505,152.86424126738248,151.17928152151808,149.51289439487215,147.8648751690914,146.23502138234872,144.62313280447074,143.0290114123389,141.45246136556224,139.89328898241791,138.3513027160572,136.82631313097366,135.31813287973054,133.826576679945,132.3514612915258,130.8926054941619,129.4498300650594,128.02295775692363,126.61181327618401,125.21622326145902,123.83601626225843,122.47102271792033,121.1210749367804,119.78600707557061,118.46565511904517,117.15985685983098,115.86845187850018,114.59128152386236,113.3281888934741,112.07901881436308,110.84361782396498,109.6218341512702,108.41351769817878,107.21852002106039,106.03669431251782,104.8678953833516,103.71197964472313,102.56880509051459,101.43823127988327,100.3201193200082,99.21433184902695,98.12073301916041,97.03918848002384,95.96956536212151,94.91173226052365,93.86555921872304,92.83091771266959,91.80768063498112,90.7957222793279,89.7949183249894,88.80514582158133,87.82628317395107,86.8582101272393,85.90080775210673,84.95395843012327,84.01754583931849,83.09145493989126,82.17557196007695,81.26978438217034,80.37398092870268,79.488051548771,78.6118874045183,77.74538085776254,76.88842545677315,76.04091592319328,75.20274813910618,74.37381913424406,73.55402707333816,72.74327124360809,71.941452042389,71.14847096489534
47,591.35,609.81,539.22,587.27,512.03,558.04,478.26,544.3,448.47,472.71,490.04,379.92,429.77,360.36,400.28,428.57,420.22,419.6,347.12,406.05,426.06,407.34,366.38,409.84,404.61,377.58,382.06,426.3,355.36,331.77,308.3,317.39,284.82,311.3,409.6,352.49,373.56,379.96,382.08,376.07,456.7,305.96,354.27,423.57,400.52,391.02,383.01,375.01,366.92,358.71,350.48,342.37,334.52,327.05,320.06,313.59,307.63,302.17,297.16,292.56,288.35,284.46,280.85,277.47,274.27,271.2,268.21,265.27,262.37,259.5,256.67,253.86,251.09,248.35,245.63,242.95,240.29,237.67,235.07,232.5,229.96,227.45,224.96,222.51,220.07,217.67,215.29,212.94,210.61,208.31,206.03,203.78,201.55,199.35,197.14898235554406,194.97226608390585,192.81958287432357,190.69066737844688,188.58525717762902,186.50309275058004,184.44391744137698,182.40747742782776,180.3935216901837,178.4018019801981,176.4320727905259,174.4840913244618,172.55761746601186,170.65241375029595,168.7682453342769,166.90487996781286,165.06208796502904,163.2396421760059,161.43731795877963,159.6548931516519,157.89214804580533,156.14886535822137,154.42483020489698,152.7198300743573,151.03365480146053,149.36609654149225,147.7169497445455,146.08601113018406,144.47307966238515,142.87795652475887,141.30044509604156,139.74035092585913,138.19748171075867,136.67164727050408,135.16265952463382,133.67033246927738,132.19448215422761,130.7349266602664,129.29148607674048,127.8639824793849,126.45223990839155,125.05608434671939,123.67534369864467,122.30984776854753,120.95942823993308,119.62391865468406,118.3031543925425,116.996972650818,115.70521242432,114.42771448551161,113.16432136488271,111.91487733153942,110.67922837400823,109.45722218125199,108.24870812389526,107.0535372356572,105.87156219498955,104.70263730691688,103.54661848507796,102.40336323396481,101.27273063135843,100.15458131095787,99.0487774452016,97.95518272827822,96.8736623593249,95.80408302581128,94.74631288710684,93.70022155822969,92.66568009377474,91.6425609720195,90.63073807920514,89.63008669399123,88.64048347208208,87.66180643102287,86.69393493516351,85.73674968078876,84.7901326814122,83.8539672532329,82.92813800075236,82.01253080255054,81.10703279721872,80.21153236944775,79.32591913626992,78.45008393345269,77.58391880204273,76.72731697505837
48,735.21,560.75,685.37,556.82,582.97,585.86,518.93,549.55,546.03,429.39,575.43,491.92,491.58,411.06,448.06,418.24,426.82,429.54,447.51,443.95,454.41,390.52,452.95,397.82,417.92,415.57,320.32,447.75,361.94,387.91,353.18,310.67,405.14,400.3,340.98,361.12,440.02,405.98,412.1,442.52,473.78,431.44,486.35,420.85,422.61,423.0,414.52,406.0,397.56,389.09,380.55,372.05,363.71,355.68,348.06,340.95,334.37,328.32,322.76,317.66,312.97,308.64,304.63,300.88,297.35,293.98,290.71,287.52,284.37,281.26,278.19,275.15,272.15,269.17,266.23,263.32,260.45,257.6,254.79,252.0,249.25,246.53,243.83,241.17,238.53,235.93,233.35,230.8,228.28,225.78,223.31,220.87,218.46,216.07,213.67693993642388,211.31038395239554,208.9700385048303,206.6556133017486,204.3668212662682,202.10337850099629,199.86500425281494,197.6514208780573,195.4623538080691,193.29753151515163,191.15668547888214,189.0395501528068,186.94586293150317,184.87536411800684,182.8277968915992,180.802907275952,178.80044410762446,176.82015900490944,174.86180633702486,172.92514319364577,171.0099293547746,169.11592726094443,167.24290198375274,165.39062119672127,163.55885514647866,161.7473766242624,159.95596093773614,158.1843858831194,156.4324317176258,154.69988113220649,152.98651922459575,151.2921334726547,149.61651370801067,147.95945208998813,146.32074307982867,144.70018341519628,143.09757208496515,141.5127103042865,139.94540148993187,138.3954512359092,136.86266728934905,135.34685952665802,133.84783992993619,132.36542256365556,130.89942355159712,129.44966105404328,128.01595524522253,126.59812829100451,125.19600432684155,123.80940943595498,122.43817162776259,121.0821208165455,119.74108880035088,118.41490924012854,117.10341763909857,115.80645132234751,114.52384941665038,113.25545283051629,112.00110423445513,110.76064804146259,109.53393038772148,108.32079911351693,107.12110374436244,105.93469547233566,104.76142713762033,103.6011532102529,102.45372977207136,101.31901449886377,100.19686664271474,99.08714701454728,97.98971796685808,96.9044433766439,95.83118862851728,94.76982059800895,93.72020763505543,92.68221954766933,91.65572758579069,90.64060442531692,89.6367241523099,88.64396224737779,87.66219557022988,86.69130234440253,85.73116214215422,84.78165586952795,83.84266575157905,82.91407531776656
49,680.57,717.15,657.56,682.89,563.15,604.27,593.23,589.8,554.65,596.67,598.55,580.52,512.28,526.09,434.24,526.59,452.81,488.14,465.78,393.76,524.26,527.65,466.58,497.6,397.68,448.55,420.51,392.73,366.08,320.88,332.02,438.01,349.72,375.63,394.74,383.72,409.3,478.89,408.07,504.74,502.45,468.0,534.26,480.33,463.7,457.78,449.36,440.34,431.34,422.48,413.64,404.79,396.03,387.48,379.28,371.52,364.29,357.61,351.46,345.81,340.6,335.8,331.36,327.21,323.3,319.59,316.01,312.53,309.11,305.73,302.39,299.09,295.82,292.59,289.39,286.23,283.11,280.01,276.95,273.93,270.94,267.98,265.05,262.15,259.29,256.45,253.65,250.88,248.14,245.43,242.75,240.09,237.47,234.88,232.2732863825021,229.6955022433917,227.14632652142362,224.62544171851144,222.13253386018326,219.6672924564765,217.22941046326642,214.8185842440241,212.43451353199873,210.0769013928196,207.74545418751296,205.43988153592971,203.15989628057866,200.90521445086117,198.675555227703,196.47064090857833,194.29019687292214,192.13395154792644,190.00163637471604,187.89298577489973,185.8077371174927,183.74563068620594,181.70640964709887,179.68982001659077,177.69561062982737,175.72353310939835,173.77334183440212,171.84479390985405,169.9376491364339,168.05166998056907,166.1866215448504,164.34227153877526,162.5183902498164,160.71475051481113,158.93112769166856,157.16729963139025,155.42304665040203,153.69815150319235,151.99239935525458,150.3055777563295,148.63747661394484,146.98788816724826,145.35660696113104,143.74342982063857,142.14815582566536,140.5705862859303,139.01052471623004,137.4677768119669,135.94215042494838,134.43345553945508,132.9415042485747,131.4661107307979,130.00709122687482,128.5642640169277,127.13744939781783,125.72646966076384,124.33114906920797,122.95131383692824,121.58679210639359,120.23741392735913,118.90301123569878,117.58341783247332,116.27846936323009,114.98800329753296,113.71185890871922,112.4498772538812,111.20190115406999,109.96777517471897,108.74734560628451,107.54046044510157,106.3469693744517,105.1667237458413,103.9995765604874,102.84538245100921,101.70399766332265,100.57528003873581,99.45908899624332,98.35528551501699,97.26373211709088,96.1842928502385,95.1168332710401,94.06122042813779,93.01732284567655,91.985010506929,90.96415483810195,89.95462869232256
50,847.85,777.39,723.32,672.66,665.56,671.71,633.37,746.53,620.87,643.18,588.77,633.03,642.78,546.4,534.06,537.74,512.43,575.61,647.92,526.56,519.57,515.86,501.99,464.03,477.24,507.63,490.2,505.58,473.57,398.52,398.02,408.17,370.89,428.55,392.7,505.71,418.56,447.87,439.26,518.13,540.71,502.41,508.26,513.47,498.5,494.7,487.23,478.22,468.68,459.22,449.95,440.75,431.6,422.59,413.84,405.47,397.58,390.24,383.45,377.2,371.44,366.13,361.21,356.62,352.31,348.22,344.3,340.49,336.76,333.08,329.44,325.84,322.28,318.76,315.28,311.84,308.43,305.06,301.73,298.43,295.17,291.95,288.76,285.61,282.49,279.4,276.35,273.33,270.34,267.39,264.47,261.58,258.72,255.89,253.04392101857218,250.22949691059986,247.44637560187147,244.69420893404163,241.97265262107794,239.28136620619196,236.62001301924923,233.98826013465327,231.38577832969764,228.8122420433814,226.26732933568263,223.75072184728495,221.26210475975176,218.80116675614397,216.36759998207486,213.9611000071991,211.58136578712927,209.22809962577662,206.90100713811003,204.59979721332977,202.32418197845055,200.07387676228953,197.8486000598552,195.64807349713183,193.47202179625637,191.3201727410816,189.1922571431234,187.0880088078859,185.00716450156165,182.94946391810217,180.9146496466543,178.90246713935932,176.91266467950973,174.9449933500606,172.9992070024908,171.0750622260108,169.17231831711285,167.29073724945977,165.43008364410886,163.5901247400667,161.7706303651718,159.9713729073007,158.19212728589454,156.4326709238025,154.69278371943793,152.9722480192447,151.2708485904693,149.58837259423623,147.92460955892244,146.27935135382822,144.65239216314072,143.04352846018722,141.45255898197468,139.87928470401238,138.32350881541475,136.7850366942811,135.26367588334895,133.75923606591857,132.27152904204485,130.8003687049942,129.3455710179635,127.90695399105739,126.48433765852234,125.0775440562333,123.68639719943134,122.31072306070833,120.95034954823687,119.60510648424227,118.27482558371376,116.95934043335289,115.65848647075559,114.37210096382616,113.10002299042007,111.84209341821312,110.59815488479462,109.36805177798189,108.15163021635377,106.94873803000057,105.75922474148828,104.58294154703422,103.41974129789237,102.26947848194555,101.13200920550237,100.00719117529664,98.89488368068706,97.7949475760548
51,909.62,927.96,787.92,717.52,872.36,790.64,784.91,825.42,721.91,726.93,704.51,653.99,706.57,691.38,673.88,644.37,618.95,625.92,553.27,586.07,578.91,639.48,468.06,554.27,545.22,582.28,533.31,529.82,453.83,476.95,432.78,419.01,405.69,407.98,485.3,427.08,430.42,421.71,472.74,556.03,512.74,540.72,541.58,626.39,553.7,533.14,527.41,519.31,509.74,499.69,489.77,480.09,470.55,461.11,451.85,442.91,434.39,426.37,418.91,412.01,405.66,399.79,394.35,389.28,384.53,380.02,375.72,371.55,367.47,363.46,359.49,355.56,351.68,347.84,344.04,340.28,336.57,332.89,329.25,325.66,322.1,318.58,315.1,311.66,308.26,304.89,301.56,298.27,295.01,291.79,288.6,285.45,282.33,279.24,276.1439833796471,273.08229321293084,270.05454891228874,267.0603741098451,264.09939661062674,261.1712483462961,258.27556532939866,255.4119876081164,252.5801592215239,249.77972815533988,247.01034629816982,244.27166939823337,241.56335702057157,238.88507250472884,236.2364829229037,233.61725903856396,231.02707526552044,228.46560962745434,225.93254371789394,223.42756266063418,220.950355070596,218.50061301511883,216.07803197568285,213.6823108100552,211.3131517148563,208.9702601885408,206.6533449947892,204.3621181263055,202.09629476901583,199.8555932666644,197.63973508580176,195.44844478116136,193.28144996141992,191.13848125533747,189.0192722782728,186.9235595990702,184.85108270731308,182.80158398094127,180.7748086542265,178.77050478610374,176.78842322885316,174.8283175971295,172.88994423733487,170.97306219733105,169.07743319648745,167.2028215960615,165.3489943699073,163.51572107550868,161.70277382533405,159.9099272585084,158.13695851279942,156.38364719691458,154.64977536310477,152.93512748007223,151.23949040617845,149.56265336294956,147.90440790887504,146.26454791349713,144.6428695317875,143.03917117880818,141.453253504653,139.88491936966733,138.33397381994232,136.8002240630808,135.28347944423217,133.78355142239246,132.30025354696787,130.83340143459745,129.38281274623327,127.9483071644744,126.52970637115243,125.12683402516524,123.73951574055684,122.36757906483996,121.01085345755915,119.66917026909155,118.34236271968261,117.03026587871439,115.73271664420352,114.44955372252664,113.18061760837067,111.92575056490513,110.68479660417451,109.457601467708,108.2440126073442,107.04387916626833
52,1058.92,1005.86,1034.65,928.68,897.88,800.1,818.4,764.97,709.94,771.67,730.9,729.38,742.12,694.34,717.74,763.89,671.34,640.37,636.84,616.33,584.79,676.53,614.7,602.78,591.3,547.13,603.19,526.23,583.65,507.16,520.8,451.68,535.88,471.75,458.51,557.1,530.13,474.4,522.19,610.59,649.83,605.61,541.14,542.89,562.04,572.91,569.22,562.83,554.11,543.98,533.43,523.07,513.01,503.13,493.41,483.93,474.81,466.14,457.99,450.42,443.41,436.94,430.94,425.35,420.12,415.17,410.44,405.87,401.41,397.03,392.69,388.41,384.16,379.97,375.82,371.72,367.66,363.64,359.67,355.74,351.86,348.02,344.22,340.46,336.74,333.06,329.42,325.83,322.27,318.75,315.27,311.82,308.42,305.05,301.67645944198375,298.3402267872508,295.04088944860285,291.77803940163335,288.5512731342677,285.3601915968618,282.2044001528516,279.0835085299495,275.9971307718794,272.9448851906467,269.92639431933463,266.9412848654242,263.9891876646293,261.0697376352427,258.1825737329868,255.3273389063641,252.50368005250087,249.7112479734795,246.94969733315364,244.2186866144412,241.51787807708902,238.84693771590534,236.20553521945362,233.5933439292036,231.01004079913375,228.4553063557806,225.92882465873012,223.4302832615455,220.95937317312755,218.51578881950226,216.0992280060307,213.7093918800371,211.34598489385021,209.00871476825347,206.69729245633883,204.41143210776121,202.1508510333874,199.91526967033664,197.70441154740715,195.51800325088556,193.35577439073404,191.21745756715174,189.10278833750564,187.01150518362743,184.94334947947195,182.89806545913305,180.87540018521372,178.8751035175453,176.89692808225342,174.9406292411652,173.0059650615554,171.0926962862271,169.20058630392273,167.32940112006298,165.4789093278089,163.64888207944418,161.83909305807384,160.04931844963593,158.27933691522287,156.52892956370863,154.7978799246788,153.08597392166018,151.39299984564593,149.71874832891413,148.06301231913534,146.4255870537668,144.80627003472986,143.20486100336709,141.62116191567674,140.05497691782088,138.50611232190448,136.97437658202216,135.45958027057011,133.96153605481982,132.48005867375085,131.01496491513987,129.5660735929032,128.13320552468952,126.71618350972092,125.31483230687853,123.92897861303074,122.55845104160117,121.20308010137336,119.86269817553014,118.53713950092462,117.22624014758057
53,1124.35,1028.3,1080.85,983.73,929.26,987.99,1003.14,1020.96,944.2,826.84,870.34,882.34,812.56,779.32,791.84,828.11,861.97,725.19,781.64,640.07,696.1,696.98,685.37,677.05,619.44,605.3,650.1,595.96,593.57,633.06,463.44,510.58,490.85,420.16,467.6,506.89,476.01,543.84,529.98,604.09,631.82,523.19,580.11,593.85,603.25,614.12,612.43,608.06,601.01,591.68,581.01,570.0,559.23,548.79,538.6,528.62,518.93,509.64,500.83,492.57,484.88,477.76,471.15,465.0,459.24,453.8,448.61,443.61,438.74,433.94,429.21,424.52,419.89,415.3,410.77,406.28,401.85,397.46,393.12,388.83,384.58,380.39,376.23,372.12,368.06,364.04,360.07,356.13,352.24,348.4,344.59,340.83,337.11,333.43,329.72789159373536,326.06688808700505,322.44653308778044,318.8663752714017,315.3259683243142,311.82487088842964,308.3626465061052,304.93886356573313,301.55309524793483,298.2049194723522,294.89391884502993,291.61968060638156,288.38179657973404,285.17986312044263,282.0134810655718,278.88225568413395,275.78579662788144,272.72371788264417,269.69563772020797,266.70117865072746,263.7399673756666,260.8116347412623,257.9158156925047,255.05214922762806,252.22027835310726,249.41985003915394,246.6505151757067,243.91192852890978,241.20374869807543,238.52563807312362,235.87726279249455,233.25829270152855,230.6684013113079,228.10726575795573,225.5745667623867,223.06998859050495,220.5932190138434,218.14394927064055,215.72187402734926,213.32669134057298,210.95810261942444,208.61581258830245,206.29952925008186,204.00896384971247,201.74383083822173,199.5038478371174,197.28873560318544,195.09821799367853,192.93202193189154,190.78987737311851,188.67151727098846,186.57667754417432,184.5050970434719,182.456517519244,180.4306835892264,178.42734270669106,176.4462451289629,174.48714388628596,172.5497947510356,170.63395620727215,168.73938942063288,166.8658582085581,165.01312901084805,163.18097086054635,161.36915535514714,159.57745662812164,157.80565132076086,156.05351855433116,154.3208399025387,152.60739936429974,150.91298333681343,149.23738058893323,147.5803822348343,145.94178170797312,144.3213747353362,142.71895931197488,141.13433567582277,139.5673062827926,138.0176757821501,136.48525099216056,134.9698408760066,133.47125651797262,131.9893110998942,130.5238198778686,129.0746001592241,127.64147127974502
54,1205.74,1201.47,1168.73,1209.72,1066.99,1163.39,1157.94,990.88,893.19,890.76,887.44,878.37,987.87,867.8,829.38,941.12,867.57,892.52,961.02,826.87,757.08,796.85,661.61,656.68,679.15,734.1,708.07,642.96,621.97,682.61,484.79,588.58,599.52,541.14,573.44,577.97,590.21,556.66,539.68,645.24,735.81,599.46,662.11,678.97,657.06,657.02,657.17,654.78,649.72,642.01,632.1,620.93,609.48,598.32,587.55,577.07,566.85,556.97,547.52,538.58,530.2,522.39,515.14,508.39,502.06,496.09,490.4,484.93,479.6,474.35,469.18,464.06,458.99,453.98,449.03,444.13,439.28,434.48,429.74,425.05,420.41,415.82,411.28,406.79,402.35,397.95,393.61,389.31,385.06,380.86,376.7,372.59,368.52,364.49,360.4606166636315,356.47577756735586,352.5349902811508,348.63776781873565,344.78362857739154,340.97209627844677,337.20269990842013,333.4749736608154,329.7884568785586,326.1426939970718,322.53723448797655,318.9716328034194,315.445448321013,311.9582452893853,308.50959277433196,305.0990646055627,301.7262393240371,298.3907001298826,295.0920348308876,291.8298357915652,288.60369988277847,285.413228431924,282.25802717366525,279.13770620121113,276.05187991813267,273.00016699071267,269.9821903008222,266.9975768993176,264.04595795995345,261.12696873380384,258.24024850418874,255.38544054209805,252.56219206210835,249.77015417878715,247.0089818635791,244.27833390216878,241.57787285231487,238.90726500215038,236.2661803289439,233.6542924583168,231.07127862391118,228.51681962750376,225.99059979956067,223.4923069602283,221.02163238075536,218.5782707453416,216.16192011340786,213.7722818822839,211.40906075030793,209.07196468033453,206.76070486364614,204.47499568426295,202.21455468364792,199.97910252580147,197.7683629627424,195.58206280037052,193.41993186470592,191.28170296850254,189.16711187822992,187.07589728142048,185.00780075437737,182.9625667302399,180.93994246740135,178.93967801827623,176.9615261984129,175.00524255594752,173.0705853413955,171.15731547777744,169.26519653107462,167.39399468101166,165.54347869216198,163.7134198853726,161.9035921095049,160.11377171348792,158.34373751868029,156.59327079153806,154.8621552165844,153.1501768696783,151.45712419157857,149.78278796180044,148.12696127276072,146.48943950420914,144.87002029794226,143.26850353279676,141.68469129991934,140.11838787830993
55,1368.37,1355.85,1275.79,1224.4,1229.49,1345.63,1154.74,1214.44,1125.64,1085.64,1115.21,945.1,1039.23,1005.12,1049.79,964.36,1089.39,916.63,906.53,872.82,916.91,787.55,774.87,781.34,739.94,783.64,717.63,759.49,702.56,757.78,728.11,661.92,646.98,586.39,595.04,619.75,559.64,529.69,489.92,709.37,675.19,684.68,682.32,653.74,682.14,701.83,703.65,703.12,700.02,694.27,685.93,675.48,663.84,651.99,640.48,629.4,618.65,608.22,598.16,588.56,579.5,570.99,563.06,555.66,548.72,542.18,535.95,529.96,524.13,518.4,512.75,507.15,501.62,496.14,490.73,485.37,480.08,474.84,469.66,464.53,459.46,454.45,449.48,444.58,439.73,434.93,430.18,425.48,420.84,416.24,411.7,407.2,402.76,398.36,393.974091044415,389.63647056499894,385.34660690982884,381.10397428042296,376.90805266729524,372.75832778621884,368.6542910151914,364.59543933209477,360.5812752530404,356.6113067713942,352.6850472974723,348.8020155989008,344.9617357416327,341.1637370316132,337.4075539570881,333.69272613154726,330.01879823729604,326.38531996964775,322.7918459817314,319.2379358299062,315.7231539197774,312.2470694528071,308.8092563735114,305.4092933172403,302.0467635585322,298.7212549600362,295.4323599219982,292.17967533230166,288.9628025170595,285.78134719174943,282.6349194128875,279.5231335302335,276.445608139523,273.40196603571917,270.39183416678003,267.4148435879339,264.47062941645913,261.55883078696104,258.67909080714156,255.8310565140558,253.01437883085023,250.228712523977,247.47371616087975,244.74905206814478,242.0543862901133,239.3893885479493,236.75373219915807,234.1470941975503,231.56915505364717,229.01959879552126,226.49811293006846,224.00438840470673,221.53811956949602,219.09900413967543,216.68674315861318,214.30104096116384,211.94160513742963,209.60814649692023,207.30037903310756,205.01801988837042,202.76078931932554,200.52841066253993,198.3206103006209,196.1371176286795,193.977665021163,191.84198779905287,189.72982419742345,187.64091533335815,185.5750051742188,183.53184050626433,181.5111709036149,179.51274869755784,177.53632894619147,175.58166940440316,173.6485304941779,171.73667527523372,169.84586941598067,167.97588116479915,166.1264813216347,164.29744320990565,162.4885426487197,160.6995579253966,158.9302697682936,157.18046131992955,155.44991811040535,153.7384280311168
56,1498.25,1447.35,1634.46,1464.64,1344.39,1310.64,1381.47,1325.53,1296.87,1146.41,1009.44,1086.72,1162.89,1219.19,1068.88,1026.56,1049.34,944.48,1101.17,1009.49,894.73,954.96,896.86,895.38,842.2,819.0,823.16,773.87,737.84,800.26,676.6,777.48,694.41,567.08,719.94,668.36,681.53,697.11,612.38,705.12,738.2,721.87,681.6,797.5,752.45,748.82,752.15,753.32,752.07,748.26,741.82,732.88,721.92,709.86,697.65,685.82,674.45,663.46,652.83,642.61,632.87,623.67,615.04,606.95,599.36,592.21,585.4,578.85,572.48,566.23,560.05,553.94,547.9,541.92,536.01,530.16,524.37,518.65,512.99,507.39,501.86,496.38,490.96,485.61,480.31,475.07,469.88,464.75,459.68,454.66,449.7,444.79,439.94,435.13,430.34157727596096,425.60584913097665,420.92223568335703,416.2901634327664,411.7090651899989,407.1783800075278,402.6975531108177,398.266035830394,393.8832855346589,389.5487655634472,385.2619451623134,381.0222994175412,376.8293091918694,372.68246106092397,368.58124725035026,364.525165573637,360.51371937062436,356.5464174466886,352.62277401259666,348.74230862502145,344.9045461277128,341.10901659331546,337.35525526582705,333.64280250368955,329.9712037235072,326.34000934438336,322.74877473287006,319.1970601485237,315.6844306900592,312.2104562420974,308.77471142249806,305.37677553027254,302.0162324940697,298.6926708212288,295.4056835473927,292.1548681866761,288.93982668238147,285.76016535825806,282.6154948702967,279.50543015905527,276.42959040250906,273.3875989694197,270.3790833732171,267.4036752263893,264.4610101953742,261.5507279559472,258.6724721491005,255.82589033740717,253.01063396186615,250.22635829922154,247.47272241975216,244.74938914552482,242.05602500910783,239.39230021273852,236.75788858793982,234.15246755558167,231.57571808638173,229.0273246618408,226.5069752356081,224.01436119527182,221.54917732456988,219.11112176601694,216.6998959839424,214.31520472793522,211.95675599669096,209.62426100225673,207.3174341346698,205.0359929269849,202.77965802068684,200.5481531314833,198.3412050154746,196.15854343569526,193.99990112902393,191.8650137734577,189.753619955746,187.6654611393813,185.60028163294163,183.5578285587817,181.5378518220682,179.5401040801565,177.5643407123038,175.61031978971556,173.67780204592214,171.76655084748063,169.8763321649998,168.0069145444834
57,1661.21,1780.63,1639.18,1596.81,1631.11,1613.95,1509.97,1331.99,1405.45,1264.73,1308.26,1280.24,1287.24,1184.96,1186.48,1332.07,1186.6,1138.22,1240.77,1169.34,1079.33,1011.5,914.12,862.13,864.58,852.61,895.69,874.28,837.6,908.28,761.35,717.43,700.81,738.68,736.43,757.54,677.92,706.39,684.29,755.57,870.88,811.3,739.59,783.18,784.56,798.43,803.04,805.73,806.18,804.19,799.64,792.53,782.99,771.55,759.1,746.56,734.43,722.8,711.58,700.76,690.37,680.49,671.15,662.35,654.08,646.26,638.82,631.68,624.73,617.9,611.16,604.5,597.91,591.38,584.93,578.55,572.24,566.0,559.83,553.72,547.68,541.7,535.79,529.95,524.16,518.44,512.79,507.19,501.66,496.18,490.77,485.41,480.11,474.87,469.6590340230849,464.5052503621986,459.40802152960055,454.3667269232607,449.38075275129916,444.44949195725553,439.57234414617784,434.748715511523,429.97801876285905,425.25967305436075,420.59310391409014,415.977743174053,411.41302890102264,406.8984053281231,402.43332278716275,398.0172376417108,393.6496122209079,389.32991475400337,385.0576193056104,380.83220571167215,376.65315951613013,372.51997190828774,368.43213966086114,364.38916506871016,360.39055588824067,356.4358252774732,352.5244917367683,348.6560790502023,344.83011622758727,341.046137447126,337.30368199869747,333.6022942277636,329.94152347989217,326.32092404588866,322.74005510752954,319.19848068389143,315.69576957826933,312.2314953256773,308.8052361409248,305.4165748672634,302.06509892559677,298.75040026424784,295.4720753092775,292.2297249153484,289.0229543171275,285.8513730812229,282.7145950586468,279.6122383378012,276.5439251979791,273.5092820633755,270.50793945760404,267.53953195871173,264.60369815468823,261.7000805994626,258.8283257693834,255.98808402017593,253.1790095443724,250.40076032920874,247.65299811498343,244.93538835387366,242.24760016920308,239.58930631515662,236.9601831369374,234.35991053136084,231.7881719078812,229.24465415004576,226.72904757737209,224.24104590764344,221.7803462196181,219.34664891614798,216.93965768770147,214.5590794762874,212.2046244397739,209.87600591659978,207.57294039087228,205.29514745784837,203.04234978979477,200.81427310222236,198.61064612049134,196.43120054678275,194.27567102743248,192.14379512062368,190.03531326443374,187.94996874523196,185.88750766642374,183.84767891753822
58,1947.57,1977.32,1866.99,1702.0,1779.13,1809.41,1632.12,1499.04,1686.47,1322.53,1551.38,1371.21,1362.96,1292.08,1313.71,1288.02,1162.48,1237.34,1194.68,1107.48,1275.74,1131.6,1137.87,988.22,997.66,969.33,960.52,963.76,848.86,839.08,785.59,779.89,822.08,835.47,796.14,742.8,762.82,837.09,730.64,854.51,795.96,743.06,832.56,825.68,836.02,851.11,856.78,860.76,862.72,862.4,859.61,854.31,846.5,836.38,824.46,811.64,798.78,786.38,774.49,763.04,752.02,741.46,731.41,721.9,712.91,704.4,696.29,688.5,680.92,673.49,666.14,658.88,651.7,644.59,637.56,630.61,623.73,616.93,610.2,603.55,596.96,590.45,584.01,577.64,571.34,565.11,558.94,552.84,546.81,540.85,534.95,529.11,523.34,517.63,511.98009016012986,506.39184885028817,500.8646029610444,495.397686729929,489.9904416612422,484.64221644673734,479.35236688716986,474.1202558147033,468.94525301616136,463.8267351571184,458.76408570681787,453.75669486391087,448.80395948300446,443.9052830020128,439.0600753703002,434.26775297760884,429.52773858376287,424.8394612491386,420.2023562658945,415.6158650899516,411.07943527371634,406.5925203995374,402.1545800138895,397.7650795622747,393.4234903248356,389.12928935266945,384.88195940483934,380.68098888607125,376.52587178513255,372.4161076138818,368.35120134698496,364.33066336228876,360.3540093818451,356.4207604135799,352.5304426935971,348.6825876291141,344.8767317420188,341.11241661304354,337.3891888265475,333.706599915903,330.0642063094766,326.461569277201,322.89825487772896,319.37383390616515,315.8878818423677,312.4399787998142,309.0297094750265,305.6566630975461,302.32043338045725,299.02061847144876,295.7568209044107,292.5286475515592,289.3357095760835,286.1776223853107,283.0540055843807,279.9644829304273,276.90868228725986,273.88623558053837,270.89677875343887,267.9399517228028,265.0153983357638,262.1227663268494,259.2617072755502,256.4318765643516,253.63293333722552,250.86454045857258,248.12636447261468,245.4180755632295,242.73934751422408,240.08985767004143,237.46928689689653,234.87731954433633,232.31364340721936,229.77794968811006,227.2699329600842,224.78929112993947,222.33572540180842,219.9089402411679,217.50864333924181,215.13454557779215,212.78636099429437,210.46380674749292,208.16660308333283,205.89447330126288,203.64714372090685,201.42434364909843
59,2103.24,2069.79,2036.5,1963.6,1830.77,1878.89,1685.3,1980.7,1696.66,1572.54,1604.37,1492.62,1543.43,1308.31,1435.37,1532.01,1420.75,1331.25,1369.94,1390.17,1307.89,1231.36,1174.39,1110.4,1037.74,981.94,1037.66,997.23,858.35,860.56,897.28,860.59,965.89,859.39,865.56,952.69,806.04,898.82,821.68,939.08,970.62,953.38,799.5,887.57,890.25,907.42,913.86,918.9,922.13,923.26,922.08,918.45,912.34,903.82,893.1,880.71,867.52,854.36,841.67,829.52,817.84,806.6,795.85,785.61,775.88,766.64,757.82,749.34,741.1,733.01,725.02,717.12,709.3,701.57,693.92,686.35,678.87,671.47,664.15,656.91,649.74,642.66,635.65,628.72,621.86,615.08,608.37,601.73,595.17,588.68,582.26,575.91,569.62,563.41,557.2812664294881,551.2192007831849,545.2230778521921,539.2921803163824,533.4257986585852,527.6232310797067,521.8837834147733,516.2067690498883,510.5915088400917,505.03733102811367,499.54357116401167,494.10957202568216,488.7346835402363,483.4182627062317,478.1596735167495,472.95828688330835,467.81348056060637,462.7246390720815,457.6911536362816,452.71242209403533,447.7878488364158,442.9168447334872,438.09882706382695,433.3332194448142,428.6194517636772,423.9569601092898,419.34518670471056,414.78357984045596,410.27159380849827,405.8086888369828,401.39433102565425,397.0279922819861,392.70915025800446,388.43728828779905,384.2118953257145,380.0324658852135,375.8984999784048,371.8095030562297,367.7649859492986,363.7644648093716,359.8074610514751,355.8935012966486,352.02211731531395,348.19284597126074,344.40522916624104,340.65881378516696,336.95315164190384,333.28779942565365,329.66231864792155,326.07627559005914,322.52924125137815,319.02079129782913,315.55050601123816,312.11797023909514,308.72277334488956,305.3645091589853,302.04277593003025,298.75717627689494,295.5073171411333,292.29280973996043,289.1132695197433,285.96831610999544,282.85757327787303,279.78066888316647,276.7372348337806,273.7269070416995,270.74932537943073,267.80413363692287,264.89097947895186,262.0095144029709,259.15939369741903,256.34027640048276,253.55182525930687,250.79370668964842,248.06559073597,245.36715103196696,242.69806476152363,240.05801262009516,237.44667877650858,234.86375083517964,232.308919798741,229.78188003107644,227.28232922075753,224.80996834487783,222.3645016332807,219.94563653317593
60,2266.47,2174.43,2272.86,2177.56,2128.38,2073.4,2000.48,2061.73,2017.22,1740.84,1570.71,1753.05,1734.55,1622.81,1608.4,1562.1,1477.47,1487.1,1519.62,1607.48,1499.47,1476.42,1530.01,1346.32,1108.8,1177.77,1172.59,1148.77,1052.97,1059.7,957.56,956.75,972.36,933.27,954.81,933.4,931.88,911.36,847.87,988.99,1043.59,914.11,877.22,944.92,951.12,968.22,974.88,980.67,984.91,987.26,987.45,985.32,980.76,973.8,964.52,953.18,940.32,926.75,913.28,900.3,887.88,875.95,864.48,853.49,843.01,833.01,823.44,814.23,805.28,796.5,787.82,779.23,770.74,762.34,754.03,745.81,737.69,729.64,721.69,713.82,706.04,698.35,690.73,683.2,675.75,668.39,661.1,653.89,646.76,639.71,632.73,625.83,619.01,612.25,605.5569437054925,598.9370552387702,592.3895347363944,585.9135910789541,579.5084417954777,573.1733129688881,566.9074391424934,560.7100632274984,554.5804364115269,548.5178180681461,542.5214756673777,536.5906846871882,530.7247285259474,524.9228984158431,519.1844933372424,513.5088199339897,507.89519242962984,502.3429325445482,496.8513694140155,491.41983950712927,486.04768654664076,480.7342614296595,475.47892214922314,470.2810337167258,465.1399680851942,460.0551040734023,455.02582729081547,450.05153006335564,445.1316113599775,440.2654767200475,435.45253818151673,430.69221420987924,425.98392962790655,421.32711554615054,416.7212092942064,412.165654352726,407.6599002861759,403.2034026763292,398.7956230564849,394.43602884640694,390.1240932879733,385.85929538152976,381.6411198229383,377.46905694131516,373.3426026374477,369.261258322886,365.2245308596999,361.2319325008937,357.28298083147405,353.37719871016003,349.5141142117322,345.6932605700106,341.914176121457,338.1764042493932,334.4794933288293,330.82299667189466,327.20647247386665,323.6294837597878,320.0915983316675,316.5923887162608,313.131432113418,309.7083103449985,306.3226098043437,302.97392140630217,299.6618405378007,296.3859670089559,293.1459050047207,289.9412630370589,286.7716538976426,283.63669461106696,280.5360063885763,277.4692145822961,274.43594863996526,271.43584206016317,268.46853234802643,265.5336609714496,262.6308733177647,259.7598186508942,256.92015006897265,254.1115244624313,251.33360247254126,248.58604845040966,245.86853041642394,243.18072002013986,240.5222925006075,237.89292664713173
61,2460.46,2402.75,2449.01,2195.05,2265.53,2151.12,2321.39,2140.44,2081.79,1949.49,1956.85,1867.5,1854.85,1723.76,1918.47,1599.01,1625.18,1695.32,1581.58,1577.06,1633.8,1649.57,1444.08,1528.68,1298.75,1415.48,1265.91,1175.73,1211.53,1079.62,1115.29,1137.92,985.65,1052.47,976.8,1107.78,1022.6,1038.74,1008.99,1120.92,1142.15,1029.38,1144.71,981.58,1010.32,1034.91,1040.74,1046.68,1051.62,1054.9,1056.22,1055.36,1052.17,1046.61,1038.72,1028.65,1016.66,1003.3,989.35,975.55,962.27,949.56,937.34,925.6,914.34,903.55,893.2,883.22,873.52,863.99,854.58,845.27,836.06,826.95,817.94,809.03,800.22,791.5,782.87,774.34,765.9,757.55,749.3,741.13,733.05,725.06,717.16,709.34,701.61,693.96,686.4,678.91,671.51,664.19,656.8885177093928,649.667301071144,642.5254677199079,635.4621449902355,628.4764698099444,621.5675885946587,614.7346571435086,607.9768405359778,601.2933130298835,594.6832579604782,588.1458676406615,581.6803432622876,575.285894798559,568.9617409074918,562.7071088364443,556.521234327692,550.4033615250444,544.3527428814848,538.3686390678281,532.450318882381,526.5970591615963,520.8081446917095,515.0828681213446,509.42052987508504,503.8204380679896,498.2819084210521,492.80426417758815,487.3868360205421,482.0289619907026,476.7299874058173,471.4892647805972,466.30615374759907,461.18002097897977,456.1102401091083,451.0961916580306,446.1372629557745,441.2328480674871,436.38234771939545,431.5851692255807,426.8407264155575,422.1484395626493,417.50773531315116,412.91804661627145,408.3788126548435,403.8894787767986,399.44949642739357,395.0583230821812,390.71542218071994,386.42026306101064,382.17232089465494,377.9710766227259,373.8160168923436,369.70663399394886,365.64242579926537,361.6228956999443,357.64755254688384,353.7159105902146,349.82748941994635,345.98181390726575,342.1784141464803,338.4168253976003,334.6965880295518,331.01724746401413,327.3783541198746,323.7794633582937,320.2201354283747,316.69993541342996,313.2184331778383,309.7752033144863,306.3698250927877,303.00188240727385,299.6709637267497,296.3766620440081,293.1185748260982,289.89630396513854,286.7094557296728,283.5576407165593,280.44047380338935,277.3575741014291,274.3085649090785,271.2930736658416,268.3107319068034,265.3611752176069,262.44404318992497,259.5589793774216,256.70563125219786
62,2526.19,2652.67,2647.13,2387.23,2604.09,2511.66,2312.75,2386.99,2310.56,2351.92,2175.58,2143.3,2165.01,2200.93,1914.87,1932.02,1818.47,1865.28,1854.71,1865.01,1716.27,1837.45,1695.72,1706.31,1666.98,1510.64,1421.11,1324.58,1181.61,1274.56,1168.17,1210.75,1159.92,1089.46,1120.22,1087.62,1085.35,1116.6,1188.33,1183.39,1158.1,1094.89,1108.03,1133.63,1104.77,1109.07,1112.65,1117.7,1122.73,1126.63,1128.81,1128.96,1126.92,1122.58,1115.93,1107.05,1096.14,1083.47,1069.59,1055.25,1041.11,1027.5,1014.46,1001.93,989.86,978.26,967.1,956.31,945.81,935.5,925.31,915.24,905.27,895.41,885.66,876.01,866.47,857.03,847.7,838.46,829.33,820.29,811.36,802.51,793.77,785.12,776.57,768.1,759.73,751.45,743.26,735.16,727.15,719.22,711.2981531172752,703.4635613971338,695.715263767807,688.0523097432483,680.4737593065374,672.9786827945682,665.5661607840061,658.235283978503,650.9851530971529,643.814878764177,636.7235813998242,629.7103911124718,622.7744475919164,615.9149000038395,609.1309068854345,602.4216360421852,595.7862644457797,589.2239781331492,582.7339721066193,576.3154502351604,569.967625156726,563.689718181667,557.4809591972095,551.3405865729848,545.2678470676,539.2619957362374,533.3222958392724,527.4480187518973,521.6384438747399,515.8928585454685,510.2105579513688,504.5908450428841,499.0330304481085,493.5364323882213,488.1003765938526,482.72419622237123,477.40723177608214,472.14883102132603,466.94834890846977,461.80514749277773,456.7185958561547,451.68807002975177,446.7129529174228,441.792634220026,436.92651036055787,432.11398441011204,427.35446601465435,422.64737132260365,417.9921229132103,413.3881497257245,408.8348869893432,404.33177615393026,399.8782648214985,395.4738066784468,391.1178614285441,386.8098947266508,382.54937811317023,378.335788949223,374.168610352534,370.0473311340268,365.9714457351159,361.94045416568923,357.95386194277484,354.0111800298821,350.11192477701167,346.25561786132585,342.44178622847255,338.6699620345559,334.93968258874514,331.2504902965167,327.6019326035208,323.9935619400662,320.4249356662169,316.89561601749364,313.4051700511727,309.9531695931769,306.53919118555143,303.16281603451796,299.82362995910137,296.5212233403216,293.2551910709461,290.0251325057946,286.8306514125924,283.67135592336405,280.5468584863631,277.4567758185307
63,2806.47,2794.13,2847.61,2863.85,2809.31,2780.88,2749.94,2541.49,2583.52,2606.58,2377.46,2398.04,2407.12,2150.57,2256.7,2338.34,2265.42,2060.49,1894.9,1871.44,1928.52,1974.37,2013.12,1697.28,1616.47,1633.38,1601.94,1591.03,1377.75,1388.05,1259.16,1285.13,1165.34,1245.25,1347.28,1237.03,1188.25,1239.93,1158.62,1425.04,1315.69,1295.09,1142.73,1148.59,1173.54,1192.28,1192.2,1194.91,1198.97,1202.89,1205.6,1206.5,1205.36,1202.02,1196.43,1188.61,1178.7,1166.9,1153.53,1139.11,1124.36,1109.86,1095.9,1082.5,1069.6,1057.15,1045.14,1033.51,1022.17,1011.02,1000.02,989.13,978.37,967.72,957.18,946.76,936.45,926.25,916.17,906.19,896.32,886.56,876.9,867.35,857.9,848.56,839.31,830.17,821.13,812.18,803.33,794.58,785.92,777.35,768.7579199599181,760.2608085175272,751.8576159811922,743.5473042615606,735.3288467433224,727.2012281583867,719.1634444604607,711.2145027010148,703.3534209066182,695.5792279576311,687.8909634682373,680.2876776678022,672.7684312835439,665.332295424499,657.9783514667723,650.7056909400551,643.513415415396,636.4006363942143,629.366475198539,622.4100628624612,615.5305400247862,608.7270568228722,601.9987727876427,595.3448567397588,588.7644866869394,582.2568497224165,575.8211419245122,569.4565682573265,563.1623424725225,556.9376870121971,550.781832912825,544.694019710265,538.6734953458158,532.7195160733106,526.831346367238,521.0082588318788,515.2495341114475,509.55446080122624,503.92233535968137,498.35246202155133,492.84415271189533,487.39672696109204,482.0095118207773,476.68184178071175,471.4130586865668,466.2025116586195,461.049557011346,455.9535581739036,450.91388561149245,445.9299167475852,441.00103588701745,436.1266341399276,431.30610934653754,426.5388660027647,421.8243151866567,417.1618744856386,412.5509679245641,407.9910258945632,403.4814850826752,399.021788402259,394.6113849241747,390.24972980872343,385.93628423834076,381.6705153510344,377.45189617455605,373.2799055613027,369.1540281239361,365.0737541717144,361.0385796475277,357.04800606562884,353.10154045005345,349.19869527371964,345.33898839820154,341.52194301416824,337.7470875824811,334.01395577594184,330.3220864216854,326.6710234442081,323.06031580902686,319.4895174669605,315.95818729902675,312.46588906194893,309.0121913342643,305.59666746302855,302.218895511109,298.8784582050608
64,2947.25,3392.4,3266.86,2901.13,3100.92,3018.76,3128.2,2942.64,2838.13,2632.36,2574.52,2682.64,2673.42,2493.64,2579.19,2581.53,2212.21,2310.28,1888.19,2045.2,1920.71,2005.62,2114.0,1876.15,1776.92,1808.97,1753.35,1536.25,1654.27,1484.13,1414.66,1302.63,1339.16,1291.19,1346.41,1331.84,1318.41,1194.59,1288.46,1248.83,1397.05,1367.62,1402.33,1397.6,1306.44,1285.79,1280.9,1279.84,1281.5,1284.38,1287.03,1288.37,1287.86,1285.28,1280.54,1273.61,1264.57,1253.56,1240.84,1226.74,1211.77,1196.58,1181.69,1167.34,1153.54,1140.21,1127.31,1114.79,1102.57,1090.56,1078.69,1066.96,1055.35,1043.86,1032.5,1021.26,1010.15,999.15,988.28,977.52,966.88,956.35,945.94,935.64,925.45,915.37,905.4,895.54,885.79,876.14,866.6,857.16,847.82,838.58,829.2939765815335,820.1107820296371,811.0292776679015,802.0483374290619,793.1668477153693,784.3837072605096,775.6978269930519,767.1081299014076,758.613550900286,750.2130366986283,741.905545669004,733.6900477184536,725.5655241607616,717.5309675901436,709.5853817563328,701.7277814410488,693.9571923358351,686.2726509212488,678.6732043473884,671.1579103157449,663.7258369623605,656.3760627422816,649.1076763152912,641.9197764329065,634.8114718266282,627.7818810974273,620.8301326064549,613.9553643669628,607.1567239374215,600.4333683158203,593.7844638351394,587.2091860599782,580.7067196843292,574.2762584304841,567.9170049490573,561.6281707201199,555.4089759554254,549.2586495017196,543.1764287451211,537.1615595165608,531.213295998267,525.3309006312886,519.5136440240403,513.7608048618613,508.0716698175752,502.4455334630408,496.8816981816822,491.3794740819868,485.93817891196244,480.55713797454024,475.23568404391614,469.9731572828166,464.7689051606829,459.6222823727591,454.53265076007756,449.49937923033,444.52184367961445,439.5994269150496,434.7315185782449,429.9175150696196,425.1568194735578,420.44884148439496,415.7929973332213,411.1887097154976,406.635407719472,402.13252675538905,397.67950848548315,393.27580075474737,388.92085752246805,384.6141387945188,380.35511055640285,376.1432447070382,371.97801899327504,367.8589169451385,363.7854278117889,359.7570464981908,355.7732735024831,351.83361485404333,347.9375820522375,344.0846920058475,340.27446697317066,336.50643450278136,332.7801273749492,329.0950835437058,325.4508460795533,321.8469631128065
65,3134.67,3412.98,3257.89,3245.14,3295.76,3505.26,3394.98,3218.36,3294.67,3223.78,2946.35,2912.07,2913.34,2675.64,2890.01,2760.66,2554.45,2496.81,2396.4,2216.01,2217.11,2170.63,2159.99,2023.79,1934.26,1937.13,1841.49,1960.37,1723.7,1577.01,1508.93,1498.39,1573.92,1532.41,1494.54,1504.63,1338.8,1495.93,1441.76,1574.83,1536.77,1384.71,1360.56,1374.08,1381.78,1390.57,1379.94,1373.98,1371.8,1372.22,1373.75,1374.95,1374.76,1372.7,1368.58,1362.33,1353.99,1343.65,1331.51,1317.83,1302.98,1287.43,1271.78,1256.47,1241.68,1227.41,1213.59,1200.14,1187.0,1174.07,1161.31,1148.67,1136.18,1123.82,1111.59,1099.5,1087.54,1075.71,1064.0,1052.42,1040.97,1029.64,1018.43,1007.35,996.38,985.54,974.81,964.2,953.7,943.31,933.04,922.88,912.83,902.89,892.9565076596982,883.1323024640928,873.4161820485383,863.806957276667,854.3034520948542,844.9045033882813,835.6089608385865,826.4156867830786,817.3235560755008,808.3314559483267,799.438285876571,790.6429574430975,781.9443942054113,773.3415315639141,764.8333166316108,756.418708105248,748.0966761378718,739.866202212786,731.7262790188987,723.6759103274394,715.7141108700321,707.8399062181106,700.0523326636605,692.3504371012722,684.7332769114927,677.1999198454603,669.7494439108084,662.3809372588249,655.0934980728528,647.8862344579184,640.7582643315744,633.7087153159438,626.7367246309508,619.8414389887271,613.02201448918,606.2776165167087,599.6074196380578,593.0106075012939,586.4863727358942,580.0339168539336,573.6524501523601,567.3411916163437,561.0993688236906,554.926217850307,548.820983176705,542.7829175955349,536.8112821201371,530.9053458940986,525.0643861018046,519.2876878799752,513.5745442301744,507.9242559322816,502.33613145891644,496.80948689080293,491.34364583306717,485.937939332454,480.5917057954551,475.3042909073383,470.0750475520674,464.9033357331023,459.7885224950716,454.72998184630666,449.72709468222706,444.7792487095703,439.88583837145416,435.04626477326383,430.25993560935456,425.5262650905602,420.8446738725001,416.21458898467404,411.6354437603377,407.1066777671491,402.627736738579,398.1980725060748,393.81714293197166,389.48441184314106,385.19934896536995,380.9614298584614,376.77013585204924,372.6249539821197,368.5253769282297,364.47090295141817,360.4610358327982,356.49528481282647,352.5731645312396,348.6941949676527
66,3730.52,3883.11,3651.97,3650.34,3482.45,3646.79,3487.84,3635.48,3443.11,3316.19,3218.33,3180.62,3156.92,3175.98,2949.48,2855.69,2791.46,2851.85,2746.86,2615.32,2425.13,2396.18,2274.17,2338.51,2121.19,2062.28,1996.76,2065.06,1894.81,1810.63,1706.66,1605.08,1638.78,1550.3,1552.16,1755.99,1683.37,1545.92,1546.43,1730.74,1604.47,1555.35,1644.69,1616.32,1530.52,1507.3,1490.48,1478.69,1471.53,1468.08,1467.1,1467.12,1466.7,1464.85,1461.1,1455.32,1447.48,1437.65,1425.96,1412.64,1397.98,1382.34,1366.19,1350.04,1334.26,1318.98,1304.17,1289.75,1275.65,1261.76,1248.05,1234.48,1221.06,1207.78,1194.65,1181.66,1168.8,1156.09,1143.52,1131.08,1118.77,1106.6,1094.56,1082.65,1070.87,1059.22,1047.69,1036.29,1025.01,1013.86,1002.82,991.91,981.11,970.43,959.8276473469435,949.3411298203566,938.9691818731512,928.7105517848697,918.5640015106225,908.5283065316768,898.6022557076781,888.7846511304857,879.074307979605,869.4700543791997,859.9707312566659,850.5751922027516,841.2823033332044,832.0909431519299,823.0000024156469,814.0083840000198,805.115002767254,796.3187854351385,787.6186704475177,779.0136078461801,770.502559144146,762.0844972003388,753.7584060956273,745.5232810102203,737.378128102402,729.3219643885925,721.353817624717,713.4727261888733,705.6777389652796,697.9679152294908,690.3423245348691,682.8000466002944,675.3401711991015,667.9617980492314,660.6640367045825,653.4460064475483,646.3068361827293,639.245664331807,632.2616387295656,625.3539165210495,618.5216640598455,611.7640568074752,605.0802792338869,598.4695247190352,591.9309954555351,585.4639023523806,579.0674649397135,572.7409112746349,566.483477848044,560.2944094924956,554.1729592910638,548.1183884872019,542.1299663955865,536.2069703139365,530.3486854357944,524.554404764262,518.8234290266769,513.1550665902221,507.548633378458,502.00345278876557,496.5188556106914,491.09417994518583,485.72877112472236,480.4219816342902,475.1731710332506,469.9817058780455,464.8469596457525,459.7683126584733,454.7451520085492,449.7768714845934,444.8628714983316,440.00255901224125,435.1953474679825,430.4406567156098,425.7379129435582,421.08654860939305,416.48600237131797,411.9357190204298,407.4351494137143,402.9837504077737,398.58098479327856,394.22632123013557,389.91923418336347,385.6592038596702,381.445716144722,377.2782625410988
67,4051.48,3970.71,3838.12,4147.15,3993.96,3791.91,3929.05,3862.41,3826.73,3659.75,3611.28,3765.71,3733.49,3478.95,3428.58,3041.46,3075.81,3120.23,3011.39,2695.8,2698.61,2766.61,2576.34,2409.05,2636.61,2263.56,2138.74,2043.45,2061.05,1990.48,1984.32,1802.67,1834.97,1707.61,1898.37,1737.37,1695.0,1703.78,1671.69,1763.76,1958.59,1841.42,1833.5,1762.45,1667.88,1637.08,1614.54,1596.47,1583.43,1574.97,1570.1,1567.58,1565.93,1563.74,1560.08,1554.53,1546.98,1537.47,1526.07,1512.97,1498.43,1482.74,1466.28,1449.47,1432.75,1416.42,1400.55,1385.1,1369.97,1355.07,1340.34,1325.78,1311.37,1297.12,1283.02,1269.07,1255.28,1241.63,1228.13,1214.78,1201.57,1188.5,1175.58,1162.79,1150.14,1137.63,1125.26,1113.02,1100.91,1088.93,1077.08,1065.36,1053.77,1042.3,1030.9430183934014,1019.7097833388634,1008.5989464843609,997.6091741696171,986.739147266021,975.9875610182892,965.3531248878529,954.834562397952,944.4306109804157,934.1400218241142,923.9615597250602,913.894002938145,903.9361430304897,894.0867847363932,884.3447458138622,874.7088569027042,865.1779613841657,855.7509152421005,846.426586925652,837.2038572134285,828.0816190791617,819.0587775588276,810.1342496192145,801.3069640279252,792.5758612247934,783.9398931947022,775.3980233417893,766.9492263650211,758.5924881351234,750.326805572853,742.1511865285963,734.0646496632788,726.0662243305723,718.1549504603863,710.329878443629,702.590069018222,694.9345931563602,687.3625319529966,679.8729765155456,672.4650278547854,665.1377967769503,657.8904037769989,650.7219789330452,643.631661801939,636.6186013159858,629.6819556807903,622.8208922742148,616.0345875464363,609.322226921095,602.6830046975178,596.1161239540089,589.6207964521933,583.196242542402,576.8416910700894,570.5563792832696,564.3395527409617,558.190465222632,552.1083786386235,546.0925629415615,540.142296038724,534.2568637053672,528.435559498996,522.6776846745666,516.9825481006162,511.34946617630345,505.77776274935513,500.2667690349054,494.81582353522026,489.42427196029615,484.09146714932433,478.8167689930102,473.5995443567399,468.4391670045832,463.33501752412525,458.28648325211674,453.2929582009347,448.35384298584444,443.46854475305355,438.63647710855054,433.8570600477188,429.1297198857166,424.4538891886171,419.82900670529716,415.2545173000697,410.729871886049,406.2545273592425
68,4694.17,4498.71,4430.24,4108.47,4198.47,4166.17,3840.42,4077.48,3981.86,4230.12,3930.03,3936.86,4150.41,3624.37,3567.23,3490.96,3504.71,3180.95,3001.48,3115.4,2652.0,2844.49,2676.39,2507.42,2638.09,2556.72,2448.48,2372.05,2365.73,2115.13,2041.75,2136.87,2022.67,1880.74,1931.04,1910.87,1918.92,1859.9,1789.49,2017.97,2096.29,1985.57,1820.43,1690.24,1757.45,1780.98,1753.93,1730.04,1710.66,1696.29,1686.41,1679.99,1675.78,1672.3,1668.2,1662.59,1655.11,1645.69,1634.4,1621.36,1606.79,1590.95,1574.17,1556.81,1539.26,1521.88,1504.89,1488.3,1472.06,1456.06,1440.24,1424.6,1409.13,1393.82,1378.68,1363.7,1348.88,1334.22,1319.72,1305.38,1291.19,1277.16,1263.28,1249.54,1235.96,1222.52,1209.23,1196.08,1183.07,1170.2,1157.48,1144.89,1132.43,1120.11,1107.8950459160912,1095.8132975916812,1083.863302399585,1072.0436235537177,1060.3528399363447,1048.7895459272165,1037.3523512345664,1026.039880727951,1014.8507742729145,1003.7836865674545,992.8372869802729,982.0102593907894,971.3013020308999,960.7091273284617,950.2324617524833,939.870045660005,929.6206331446466,919.4829918868095,909.45590300551,899.53816091183,889.7285731639645,880.0259603238512,870.4291558153623,860.937005784044,851.548368958384,842.2621165125939,833.077131930886,823.9923108732308,815.00656104258,806.1188020535349,797.3279653024485,788.6329938389442,780.0328422388352,771.5264764784295,763.112873810206,754.7910226398466,746.5599224046089,738.4185834530249,730.3660269259128,722.401284638685,714.5233989649403,706.7314227213258,699.0244190536534,691.4014613242597,683.8616330005922,676.4040275450128,669.0277483058014,661.7319084093482,654.515630653523,647.3780474022054,640.318300480967,633.3355410738897,626.4289296215101,619.5976357198765,612.840838020707,606.1577241326362,599.5474905235383,593.0093424239162,586.542493731344,580.1461669159513,573.8195929269377,567.5620111001085,561.3726690664166,555.2508226615032,549.1957358362247,543.2066805681546,537.2829367740519,531.4237922232822,525.6285424521848,519.896490679372,514.2269477219538,508.6192319126742,503.07266901795305,497.58659215682,492.1603417207342,486.79326529427647,481.484717576708,476.2340603043837,471.04066217401135,465.9038987667483,460.82315247312545,455.7978124187904,450.82727439105963,445.91094076627235,441.04822043793627,436.23852874565694
69,5014.67,4908.0,4698.27,4843.93,4968.68,4589.24,4587.01,4470.88,4628.84,4120.67,4276.77,4194.68,4191.0,4139.03,4060.53,3965.45,3621.69,3600.25,3515.3,3364.47,3143.41,3227.55,3290.56,2808.86,2646.39,2510.74,2497.91,2778.94,2547.44,2428.34,2439.72,2181.66,2056.08,2234.84,2323.85,2246.47,2002.76,2097.87,2013.38,2117.45,2130.45,2006.33,2013.72,1955.64,1945.02,1940.58,1910.2,1881.7,1856.42,1835.66,1819.86,1808.44,1800.33,1794.26,1788.8,1782.63,1774.94,1765.39,1753.99,1740.81,1726.03,1709.88,1692.66,1674.7,1656.34,1637.93,1619.76,1601.95,1584.48,1567.26,1550.25,1533.42,1516.78,1500.31,1484.02,1467.9,1451.96,1436.19,1420.59,1405.16,1389.9,1374.8,1359.86,1345.08,1330.47,1316.01,1301.7,1287.56,1273.56,1259.72,1246.02,1232.48,1219.08,1205.82,1192.6521861036542,1179.6281675688124,1166.746374119182,1154.0052526262248,1141.4032669219011,1128.9388976134567,1116.6106419002326,1104.4170133924774,1092.3565419321349,1080.4277734155917,1068.6292696183584,1056.959608021667,1045.4173816409602,1034.001198856255,1022.7096832443582,1011.5414734129137,1000.4952228362633,989.5695996930986,978.7632867058865,968.074980982048,957.5033938568718,947.047250738142,936.7052909524645,926.4762675932695,916.3589473704757,906.3521104617947,896.45455036566,886.6650737557619,876.9825003371708,867.4056627040317,857.9334061988128,848.5645887730908,839.2980808498576,830.1327651873282,821.0675367442391,812.1013025466151,803.2329815559914,794.4615045390766,785.7858139388366,777.2048637469877,768.717619377882,760.3230575437692,752.0201661314217,743.8079440801059,735.685401260887,727.6515583572516,719.7054467470326,711.846108385626,704.072595690481,696.3839714268516,688.7793085947981,681.2576903174183,673.8182097303041,666.4599698722013,659.1820835768659,651.9836733661001,644.8638713439569,637.8218190921,630.8566675663055,623.9675769940957,617.1537167734889,610.4142653728559,603.7484102318692,597.1553476635358,590.6342827572969,584.1844292831883,577.805009597046,571.4952545467481,565.2544033794792,559.081703650008,552.9764111299675,546.9377897181245,540.9651113516295,535.0576559182363,529.2147111694791,523.4355726347989,517.7195435366067,512.0659347062746,506.47406450104444,500.9432587218439,495.4728505319995,490.0621803768376,484.7105959041637,479.41745188560964,474.1821101388398,469.00393945060705
70,5380.65,5300.68,5149.58,4983.33,5265.14,4958.1,4904.93,4603.02,4847.04,4701.26,4952.55,4525.23,4627.69,4346.27,4095.49,4325.5,4013.26,3957.75,3948.34,3749.06,3604.31,3256.41,3183.1,3241.46,3141.47,2937.61,3060.07,2938.13,2757.2,2499.86,2795.29,2518.0,2436.45,2313.24,2361.17,2261.81,2334.68,2159.97,2070.14,2483.12,2228.73,2414.75,2399.26,2153.87,2127.03,2118.76,2085.66,2053.7,2023.69,1996.95,1974.71,1957.35,1944.25,1934.28,1926.2,1918.57,1910.17,1900.22,1888.46,1874.92,1859.73,1843.08,1825.24,1806.53,1787.26,1767.77,1748.35,1729.19,1710.35,1691.79,1673.44,1655.28,1637.32,1619.56,1601.98,1584.6,1567.4,1550.38,1533.55,1516.91,1500.44,1484.14,1468.03,1452.09,1436.31,1420.71,1405.28,1390.02,1374.91,1359.98,1345.2,1330.58,1316.12,1301.82,1287.624014008439,1273.5828313063287,1259.694763806738,1245.9581418308558,1232.3713139072547,1218.9326465733461,1205.640524178997,1192.4933486922912,1179.4895395074075,1166.6275332545922,1153.9057836122058,1141.3227611208167,1128.8769529993249,1116.5668629630875,1104.3910110440318,1092.3479334127255,1080.4361822023914,1068.654325334836,1057.000946348283,1045.4746442270782,1034.0740332332543,1022.7977427399326,1011.6444170665396,1000.6127153158235,989.7013112126439,978.9088929445238,968.2341630039368,957.6758380323165,947.2326486657657,936.9033393824483,926.6866683516454,916.5814072844576,906.5863412861357,896.7002687100204,886.9220010130758,877.2503626129984,867.6841907468832,858.222335331433,848.8636588246887,839.6070360892717,830.4513542571142,821.3955125956659,812.4384223755593,803.5790067397191,794.8162005738978,786.1489503786229,777.5762141425417,769.0969612171461,760.7101721928642,752.4148387765027,744.2099636700257,736.094560450656,728.0676534522833,720.1282776481648,712.2754785349078,704.5083120177135,696.8258442968753,689.2271517555131,681.7113208485331,674.277447992797,666.9246394584902,659.6520112616739,652.4586890580084,645.3438080376372,638.3065128212148,631.3459573570708,624.4613048194929,617.6517275081216,610.91640674844,604.2545327933497,597.66530472582,591.1479303625979,584.7016261589694,578.325617114558,572.0191366801514,565.781426665544,559.6117371483839,553.5093263840143,547.4734607162985,541.5034144894162,535.5984699606225,529.7579172139582,523.9810540749007,518.2671860259456,512.6156261231096,507.0256949133426
71,5852.37,5625.1,5594.48,5820.29,5681.29,5528.62,5452.29,5233.72,5365.0,4942.78,4967.66,4777.46,5158.96,4833.26,4701.15,4832.81,4693.83,4396.85,4270.2,4074.69,3726.56,4009.24,3759.06,3718.09,3383.68,3190.24,3231.32,3055.73,2877.58,2972.44,2903.51,2783.2,2676.8,2576.5,2744.52,2614.09,2356.64,2472.24,2313.88,2627.32,2811.86,2560.25,2524.72,2410.04,2338.14,2319.01,2283.43,2248.6,2214.99,2183.39,2155.08,2131.23,2112.16,2097.19,2085.19,2074.89,2064.9,2054.06,2041.67,2027.52,2011.67,1994.3,1975.63,1955.96,1935.6,1914.88,1894.08,1873.43,1853.07,1832.97,1813.1,1793.44,1774.0,1754.76,1735.73,1716.91,1698.29,1679.86,1661.64,1643.61,1625.78,1608.14,1590.69,1573.42,1556.34,1539.45,1522.74,1506.2,1489.85,1473.67,1457.67,1441.84,1426.18,1410.69,1395.3413107719928,1380.1596194393544,1365.1431090197586,1350.2899823001392,1335.5984616215947,1321.066788666633,1306.6932242487344,1292.4760481041976,1278.4135586862574,1264.5040729614375,1250.745926208122,1237.137471817317,1223.6770810955804,1210.3631430700957,1197.1940642958668,1184.1682686650108,1171.2841972181254,1158.5403079577088,1145.93507566361,1133.466991710485,1121.1345638872435,1108.9363162184552,1096.8707887877028,1084.9365375628543,1073.1321342232386,1061.4561659887001,1049.907235450515,1038.4839604041433,1027.1849736838053,1016.0089229988558,1004.9544707719372,994.0202939788962,983.2050839904406,972.5075464155191,961.9264009464056,951.4603812054689,941.1082345936095,930.8687221403449,920.7406183555272,910.7227110826733,900.8138013538909,891.0127032463827,881.3182437405129,871.7292625794171,862.2446121301394,852.8631572462818,843.583775132146,834.4053552083551,825.3267989789368,816.3470198998524,807.4649432489563,798.6795059973709,789.9896566822614,781.3943552809924,772.8925730866569,764.4832925849578,756.1655073324287,747.9382218359809,739.8004514337601,731.7512221772996,723.7895707149559,715.9145441766117,708.1252000596353,700.4206061160788,692.799840241104,685.2619903626235,677.8061543321407,670.4314398167796,663.1369641924871,655.9218544383989,648.7852470323543,641.7262878475472,634.7441320503027,627.8379439989652,621.0068971438864,614.250173928502,607.5669656914847,600.9564725699612,594.4179034037832,587.9504756408386,581.5534152433945,575.2259565954583,568.9673424111464,562.776823644051,556.6536593975918,550.597116836344
72,6605.88,6453.28,6156.63,6278.37,6282.56,6162.9,5756.19,5773.57,5987.14,5606.58,5429.62,5492.58,5317.13,5326.7,5374.97,5249.0,4701.22,4908.73,4797.41,4630.38,4391.67,4098.25,4111.33,3946.24,3657.79,3418.78,3664.07,3327.1,3299.09,3024.87,3143.02,3054.75,3299.69,3077.81,3087.02,2864.75,2716.23,2642.98,2721.3,2735.2,2890.04,2656.72,2632.55,2728.85,2590.49,2542.9,2505.21,2467.75,2431.13,2395.78,2362.49,2332.49,2306.89,2285.95,2268.93,2254.68,2241.93,2229.36,2215.85,2200.8,2184.05,2165.71,2145.99,2125.14,2103.47,2081.31,2058.95,2036.65,2014.56,1992.73,1971.15,1949.8,1928.67,1907.78,1887.1,1866.65,1846.42,1826.41,1806.61,1787.02,1767.65,1748.48,1729.52,1710.76,1692.2,1673.85,1655.69,1637.73,1619.96,1602.38,1584.99,1567.78,1550.77,1533.93,1517.2396761625398,1500.7309557292763,1484.4018627171943,1468.2504426434757,1452.2747622915601,1436.4729094797522,1420.842992832346,1405.3831415532406,1390.0915052020182,1374.9662534724578,1360.005575973462,1345.207682012363,1330.57080038059,1316.0931791416672,1301.773085421519,1287.608805201056,1273.5986431110189,1259.7409222290535,1246.0339838789962,1232.4761874323385,1219.0659101118586,1205.8015467973821,1192.6815098336622,1179.7042288403477,1166.8681505240186,1154.1717384922674,1141.6134730698034,1129.1918511165572,1116.9053858477664,1104.7526066560154,1092.732058935215,1080.8423039064955,1069.0819184459947,1057.449494914519,1045.9436409890582,1034.5629794961349,1023.3061482469657,1012.1717998744156,1001.1586016717276,990.2652354330075,979.4903972954421,968.8327975832365,958.2911606532483,947.8642247423016,937.5507418161628,927.3494774201586,917.2592105314205,907.2787334127369,897.4068514679941,887.6423830991921,877.9841595650148,868.4310248409399,858.9818354808694,849.6354604802685,840.3907811407908,831.2466909363773,822.202095380814,813.2559118967278,804.4070696860106,795.6545096016508,786.9971840209614,778.4340567201854,769.9641027504686,761.5863083151783,753.2996706485598,745.1031978957114,736.9959089938668,728.9768335549674,721.0450117495142,713.1994941916826,705.4393418256867,697.7636258133814,690.171427423086,682.6618379196187,675.233958455527,667.8868999635014,660.6197830499602,653.4317378897922,646.3219041222441,639.2894307479414,632.3334760270293,625.4532073784221,618.647801280149,611.9164431707839,605.2583273519479,598.6726568918724
73,7021.84,6912.86,6393.14,6713.69,6508.22,6366.35,6605.66,6058.61,6753.9,6144.01,6152.4,5695.19,6144.54,5401.18,5674.95,5670.98,5456.5,5240.88,5380.53,4876.99,5006.89,4671.79,4645.06,4210.96,3925.79,3809.13,3811.81,3780.43,3508.57,3411.19,3379.96,3407.44,3399.25,3153.27,3635.24,3083.3,3108.62,2995.0,2774.38,3076.63,3138.31,2985.58,2998.59,2706.23,2765.18,2790.95,2751.87,2712.21,2672.84,2634.36,2597.2,2562.11,2530.3,2502.8,2479.79,2460.51,2443.78,2428.34,2412.92,2396.51,2378.57,2359.01,2337.97,2315.71,2292.51,2268.68,2244.54,2220.37,2196.36,2172.59,2149.08,2125.82,2102.81,2080.05,2057.53,2035.25,2013.21,1991.41,1969.84,1948.5,1927.39,1906.51,1885.85,1865.41,1845.19,1825.19,1805.41,1785.83,1766.47,1747.32,1728.37,1709.62,1691.08,1672.73,1654.553509380771,1636.574531098399,1618.7909189122247,1601.200549903418,1583.8013242215545,1566.5911648339452,1549.568017277692,1532.7298494144354,1516.0746511877676,1499.6004343832833,1483.3052323912348,1467.187099971769,1451.2441130227153,1435.474368349894,1419.875983439923,1404.447096235494,1389.1858649130882,1374.0904676631087,1359.1591024724023,1344.3899869091438,1329.7813579100587,1315.331471569957,1301.0386029335557,1286.9010457895595,1272.917112466985,1259.0851336336932,1245.4034580971131,1231.8704526071313,1218.4845016611214,1205.2440073110952,1192.1473889729461,1179.1930832377677,1166.3795436852213,1153.7052406989324,1141.1686612838923,1128.7683088858457,1116.5027032126368,1104.3703800575022,1092.3698911242795,1080.4998038545177,1068.7587012564652,1057.1451817359164,1045.6578589288965,1034.2953615361648,1023.0563331595146,1011.9394321398541,1000.9433313970458,990.0667182714855,979.308294367405,968.6667753978749,958.1408910314926,947.7293847407383,937.4310136519746,927.2445483970803,917.1687729666934,907.2024845650512,897.3444934664054,887.5936228729989,877.9487087745857,868.4085998094776,858.9721571270992,849.6382542520389,840.405776949575,831.2736230926646,822.2407025303763,813.3059369577545,804.4682597870959,795.7266160206257,787.0799621245577,778.5272659045221,770.0675063823472,761.6996736741805,753.4227688699332,745.235803914036,737.1378014874895,729.1277948911969,721.2048279305644,713.3679548013548,705.6162399767834,697.9487580958381,690.3645938528152,682.862841888055,675.4426066798634,668.1030024376101,660.8431529959872,653.6621917104162
74,7324.81,7678.71,7396.99,7296.98,7370.69,7230.56,7304.31,6686.15,6992.64,6827.99,6902.06,6225.34,6955.73,6025.98,5932.15,5911.94,6134.16,5794.09,5558.42,5413.19,5368.88,5389.25,5037.31,4725.3,4764.89,4090.4,4462.31,4117.19,3831.37,3991.0,3926.81,3674.6,3330.47,3750.89,3831.66,3469.79,3448.78,3341.71,3356.57,3561.78,3256.16,3410.21,3323.12,3302.76,3119.83,3063.33,3023.72,2982.63,2940.97,2899.65,2859.23,2820.18,2783.2,2749.44,2719.87,2694.61,2672.83,2653.35,2634.95,2616.42,2596.84,2575.76,2553.16,2529.24,2504.25,2478.53,2452.38,2426.1,2399.93,2373.99,2348.33,2322.94,2297.82,2272.97,2248.39,2224.07,2200.01,2176.2,2152.66,2129.36,2106.31,2083.51,2060.95,2038.64,2016.56,1994.72,1973.12,1951.75,1930.6,1909.68,1888.99,1868.52,1848.27,1828.24,1808.4248608840546,1788.8244855508644,1769.4365463113772,1750.2587407048934,1731.288791225631,1712.524445052255,1693.963473780339,1675.603673157725,1657.4428628227529,1639.478886045326,1621.7096094707822,1604.132922866546,1586.7467388715188,1569.5489927481915,1552.5376421374415,1535.7106668159875,1519.066068456472,1502.6018703901475,1486.31611737213,1470.2068753492003,1454.272231230122,1438.510292658446,1422.91918778778,1407.4970650594933,1392.24209298283,1377.1524599174065,1362.2263738580655,1347.4620622220618,1332.8577716385557,1318.4117677403876,1304.1223349581078,1289.987776316241,1276.006413231758,1262.1765853147306,1248.49665017115,1234.9649832078774,1221.579977439715,1208.340043298562,1195.2436084446433,1182.2891175797813,1169.4750322626942,1156.7998307262928,1144.2620076969622,1131.8600742157967,1119.592557461776,1107.4580005768582,1095.454962492965,1083.582017760845,1071.837756380792,1060.2207836351963,1048.7297199229113,1037.3632005954164,1026.1198757947554,1014.9984102932295,1003.9974833348303,993.1157884783898,982.3520334424312,971.7049399517002,961.1732435853621,950.75569362684,940.4510529152851,930.258097698654,920.1756174883787,910.2024149156131,900.3373055890354,890.5791179541942,880.9266931543766,871.3788848929867,861.9345592974129,852.5925947843733,843.3518819267193,834.2113233216827,825.1698334605506,816.2263385997543,807.3797766333532,798.6290969669031,789.9732603926891,781.4112389663129,772.9420158846164,764.5645853649291,756.2779525256241,748.0811332679677,739.9731541592517,731.9530523171902,724.0198752955706,716.1726809711432
75,8090.32,8186.74,8155.38,8038.6,8103.75,7589.79,6968.76,7473.7,7592.01,7154.24,6991.93,7055.58,7500.72,6293.44,6531.82,6314.48,6455.41,6112.16,6361.08,5621.2,5371.83,5664.64,5440.82,5048.26,5120.43,4502.57,4909.16,4434.12,4198.99,4241.67,4021.78,3910.4,4138.82,3965.55,3814.83,3841.43,3929.44,3864.22,3748.93,4190.36,3951.46,3791.97,3673.92,3643.82,3422.22,3361.36,3320.76,3279.15,3236.03,3192.35,3149.03,3106.63,3065.59,3026.6,2990.76,2958.94,2931.19,2906.66,2884.16,2862.51,2840.58,2817.57,2793.11,2767.25,2740.23,2712.35,2683.94,2655.31,2626.74,2598.39,2570.34,2542.58,2515.12,2487.95,2461.07,2434.47,2408.17,2382.14,2356.39,2330.91,2305.71,2280.77,2256.11,2231.7,2207.56,2183.68,2160.05,2136.67,2113.54,2090.67,2068.03,2045.64,2023.49,2001.58,1979.8319297464573,1958.3201620937366,1937.0421295074082,1915.9952923504625,1895.1771385801935,1874.5851834483728,1854.2169692046828,1834.0700648033728,1814.1420656131013,1794.4305931299327,1774.9332946934496,1755.647843205952,1736.571936854708,1717.7032988372184,1699.0396770894722,1680.5788440171502,1662.3185962297512,1644.2567542776058,1626.39116239175,1608.719688226622,1591.2402226055578,1573.9506792690495,1556.8489946257407,1539.933127506126,1523.2010589189297,1506.6507918101258,1490.2803508245834,1474.0877820702956,1458.071152885175,1442.22855160638,1426.5580873421486,1411.0578897461112,1395.7261087940565,1380.5609145631201,1365.5604970133777,1350.723065771804,1336.0468499185852,1321.530097775751,1307.1710766981034,1292.9680728664157,1278.9193910828815,1265.0233545687836,1251.2783047643618,1237.6826011308578,1224.2346209547063,1210.9327591538581,1197.7754280862043,1184.761057360085,1171.888093646854,1159.1550004954827,1146.560258149176,1134.102363363982,1121.7798292293742,1109.591184990779,1097.5349758740358,1085.6097629117617,1073.814122771604,1062.1466475863585,1050.6059447859348,1039.1906369311428,1027.8993615492934,1016.730770971577,1005.6835321722142,994.7563266093529,983.9478500676927,973.2568125028217,962.681937887243,952.2219640580738,941.8756425664016,931.6417385282743,921.5190304773118,911.5063102189175,901.6023826860742,891.8060657967077,882.116190312599,872.5315996998302,863.0511499907465,853.6737096474179,844.3981594265853,835.2233922460722,826.14831305265,817.171838691338,808.2928977761233,799.510430562085,790.82338881891,782.2307357057801
76,8993.83,8986.98,8374.02,8863.45,8642.53,8248.97,8579.39,7942.97,8498.86,8097.69,7135.12,7581.79,7611.47,7227.41,6799.01,7171.93,7002.91,6867.9,6948.75,6140.95,5921.48,6175.04,5982.17,5627.17,5604.48,5322.3,5110.46,4844.83,4879.59,4499.06,4533.11,4603.26,3977.95,4228.01,4496.87,4134.77,4339.93,4453.1,3775.4,4702.13,4392.68,4124.3,4171.64,3663.38,3681.42,3690.18,3645.11,3602.54,3558.92,3513.76,3468.02,3422.63,3378.16,3335.03,3293.9,3255.8,3221.53,3191.05,3163.48,3137.66,3112.45,3086.82,3060.08,3031.99,3002.65,2972.34,2941.4,2910.16,2878.92,2847.9,2817.19,2786.8,2756.74,2727.0,2697.57,2668.46,2639.65,2611.16,2582.96,2555.07,2527.47,2500.17,2473.16,2446.44,2420.0,2393.85,2367.97,2342.37,2317.05,2291.99,2267.21,2242.68,2218.42,2194.42,2170.5302082423723,2146.9004952983823,2123.5280297917675,2100.41001117035,2077.5436693704683,2054.9262644850596,2032.5550864353575,2010.4274546461616,1988.5407177246448,1966.8922531426574,1945.4794669224855,1924.299793326037,1903.350694547405,1882.6296604087836,1862.1342080596896,1841.861881679461,1821.810252182995,1801.9769169296878,1782.3594994355426,1762.9556490884145,1743.7630408663533,1724.7793750590126,1706.0023769920924,1687.4297967547818,1669.0594089301685,1650.8890123285832,1632.9164297238467,1615.13950759239,1597.5561158552114,1580.1641476226462,1562.9615189419133,1545.9461685474091,1529.1160576137227,1512.4691695113372,1496.0035095649923,1479.7171048146768,1463.608003779222,1447.6742762224724,1431.9140129219968,1416.3253254403226,1400.9063458986564,1385.6552267530697,1370.5701405731227,1355.649279822895,1340.890856644403,1326.293102643372,1311.8542686773458,1297.5726246460952,1283.4464592843167,1269.4740799565825,1255.6538124545232,1241.9840007962216,1228.4630070277876,1215.0892110270936,1201.8610103096478,1188.77681983658,1175.8350718247177,1163.0342155587302,1150.3727172053186,1137.8490596294255,1125.46174221245,1113.2092806724384,1101.0902068862338,1089.1030687135615,1077.24642982303,1065.5188695200252,1053.918982576479,1042.4453790624923,1031.0966841797876,1019.8715380969797,1008.7685957866344,997.7865268641049,986.9240154281216,976.1797599031175,965.5524728832688,955.0408809782352,944.643724660579,934.3597581148442,924.187749088281,914.1264787431921,904.1747415108902,894.3313449472414,884.5951095897854,874.9648688164075,865.4394687055518,856.0177678979545
77,9333.09,9503.55,10013.46,9301.73,9409.33,9231.47,8817.55,8265.72,8703.47,8507.91,7801.81,7916.69,8692.15,8005.61,7932.3,7594.4,7558.13,7418.71,7492.75,7131.66,6720.84,6475.68,6977.34,6422.39,6345.39,5900.54,6075.37,5081.37,5219.27,5392.94,4777.86,5057.3,4786.6,4788.37,4854.19,4500.78,4713.09,4655.04,4580.61,4883.44,4584.61,4506.32,4356.78,4399.71,4103.68,4061.79,4006.06,3958.97,3914.37,3868.64,3821.32,3773.4,3725.79,3679.07,3633.66,3590.17,3549.58,3512.57,3479.03,3448.08,3418.57,3389.43,3359.76,3329.0,3296.99,3263.93,3230.13,3195.95,3161.72,3127.71,3094.03,3060.7,3027.73,2995.11,2962.83,2930.9,2899.31,2868.05,2837.12,2806.53,2776.25,2746.3,2716.67,2687.35,2658.35,2629.65,2601.26,2573.18,2545.39,2517.9,2490.7,2463.79,2437.17,2410.83,2384.630565779924,2358.7158510769655,2333.082761732573,2307.7282372136287,2282.6492502470282,2257.842806458228,2233.305944013728,2209.035733267432,2185.0292764108567,2161.2837071271388,2137.7961902488028,2114.563921419249,2091.584126757921,2068.854062529108,2046.3710148143507,2024.1322991884049,2002.1352603987277,1980.377272048445,1958.8557362827685,1937.5680834788134,1916.5117719387952,1895.684287586555,1875.0831436673836,1854.705880451111,1834.5500649384173,1814.6132905703407,1794.8931769409378,1775.3873695130699,1756.093539337275,1737.0093827736985,1718.132621217042,1699.4610008245036,1680.9922922466753,1662.7242903613615,1644.6548140102936,1626.7817057387049,1609.102831537735,1591.6160805896338,1574.3193650157348,1557.2106196271666,1540.2878016782754,1523.5488906227235,1506.9918878722435,1490.614816558009,1474.4157212946006,1458.3926679465405,1442.5437433973577,1426.8670553211675,1411.3607319567327,1396.0229218839784,1380.8517938029368,1365.8455363150947,1351.0023577071167,1336.3204857369176,1321.7981674220616,1307.4336688304597,1293.225274873343,1279.1712891004831,1265.2700334976419,1251.5198482862188,1237.9190917250783,1224.4661399145286,1211.1593866024325,1197.9972429924235,1184.9781375542082,1172.1005158359287,1159.3628402785644,1146.763590032351,1134.3012607751944,1121.9743645330584,1109.7814295023034,1097.7209998739563,1085.7916356598917,1073.991912520898,1062.3204215966168,1050.775769337327,1039.3565773375578,1028.061482171512,1016.8891352302733,1005.8382025607879,994.9073647065921,984.0953165502727,973.4007671576387,962.822439623587,952.3590709196421,942.0094117431545
78,10621.19,10198.24,9834.53,10091.48,10801.04,10415.61,9836.21,9373.53,9930.53,9508.59,8941.23,9019.2,9017.46,8288.62,8470.34,8354.1,7592.51,8039.36,8204.58,7915.71,7445.07,7329.3,7140.92,7029.62,6668.07,6286.96,6027.72,6455.78,5352.71,5791.88,5239.04,5493.42,5290.94,5265.63,5384.58,4818.58,5256.4,5179.7,4903.68,5715.3,5391.51,5029.73,5266.59,4988.29,4657.24,4492.19,4418.43,4360.45,4311.19,4264.36,4216.32,4166.61,4116.25,4066.16,4016.9,3968.9,3922.73,3879.28,3839.15,3802.15,3767.38,3733.74,3700.25,3666.14,3630.99,3594.75,3557.7,3520.18,3482.57,3445.17,3408.13,3371.49,3335.23,3299.35,3263.85,3228.73,3193.98,3159.59,3125.57,3091.91,3058.61,3025.66,2993.06,2960.81,2928.9,2897.33,2866.09,2835.18,2804.61,2774.35,2744.42,2714.81,2685.52,2656.53,2627.6998783663043,2599.182637036393,2570.974880461481,2543.073249943143,2515.47442323339,2488.175114139094,2461.1720721306974,2434.4620819551737,2408.041963253187,2381.9085701804065,2356.0587910329305,2330.4895478767767,2305.19779618139,2280.180524457134,2255.43475389671,2230.9575380204697,2206.745962325582,2182.7971439389967,2159.108231274188,2135.6764036916084,2112.498871162842,2089.5728739383912,2066.895682219075,2044.4645958309907,2022.2769439040057,2000.3300845537365,1978.621404566977,1957.148319090547,1935.908271323511,1914.8987322127405,1894.11720015178,1873.5612006829797,1853.2282862028633,1833.1160356706898,1813.2220543201818,1793.54397337438,1774.0794497635923,1754.8261658464053,1735.7818291337219,1716.9441720157956,1698.3109514922253,1679.8799489048802,1661.6489696737274,1643.6158430355192,1625.7784217853227,1608.1345820208521,1590.6822228895742,1573.4192663385602,1556.3436568670536,1539.4533612817193,1522.746368454552,1506.2206890834125,1489.8743554551588,1473.7054212113535,1457.7119611165076,1441.8920708288456,1426.2438666735538,1410.765485418491,1395.4550840523348,1380.3108395651323,1365.3309487312351,1350.5136278945909,1335.8571127563598,1321.3596581648424,1307.019537907683,1292.8350445063302,1278.8044890127267,1264.9262008082067,1251.1985274045749,1237.6198342473454,1224.1885045211138,1210.9029389570449,1197.7615556424457,1184.7627898324092,1171.9050937634977,1159.1869364694526,1146.6068035989013,1134.163197235043,1121.8546357172931,1109.6796534648606,1097.6368008022407,1085.7246437866038,1073.941764037055,1062.2867585657466,1050.758239610826,1039.3548344711933
79,10871.79,11482.6,11067.83,10562.21,10952.16,10576.27,10322.78,9834.09,9890.74,9616.46,9958.55,9883.16,10064.22,9168.44,9450.29,9401.29,9051.61,8475.66,8752.75,7971.21,8591.66,7862.32,7566.57,7078.98,7655.85,6893.09,7038.82,6682.75,6287.5,6148.77,5787.76,5760.33,6122.79,5406.74,5854.41,5666.78,6062.85,5724.08,5645.53,6409.6,5841.59,5765.94,5350.81,5391.49,5131.65,5000.36,4900.84,4824.33,4763.87,4712.16,4662.77,4612.06,4559.59,4506.4,4453.41,4401.21,4350.17,4300.87,4254.09,4210.33,4169.33,4130.21,4091.92,4053.58,4014.57,3974.61,3933.79,3892.44,3850.96,3809.69,3768.81,3728.36,3688.33,3648.73,3609.54,3570.77,3532.4,3494.44,3456.88,3419.72,3382.95,3346.57,3310.57,3274.95,3239.71,3204.85,3170.35,3136.21,3102.44,3069.03,3035.97,3003.26,2970.9,2938.88,2907.040569444458,2875.546082996229,2844.3928035772597,2813.577034596498,2783.09511951126,2752.9434413933554,2723.1184224999065,2693.6165238488206,2664.434244798861,2635.568122634267,2607.0147321538752,2578.7706852646897,2550.8326305798596,2523.197253021008,2495.8612734248704,2468.821448154196,2442.0745687128656,2415.617461365172,2389.4469867592366,2363.560039554495,2337.953548053226,2312.624473836067,2287.5698114014826,2262.7865878091375,2238.2718623271303,2214.0227260830547,2190.036301718836,2166.3097430493112,2142.840234724503,2119.624991895557,2096.661259884297,2073.946313856361,2051.477458497873,2029.252027695628,2007.2673842207298,1985.5209194156678,1964.0100528847745,1942.7322321880424,1921.684932538256,1900.865656501404,1880.2719337003396,1859.9013205216502,1839.7513998257014,1819.8197806598246,1800.1040979746108,1780.6020123432786,1761.3112096840812,1742.229400985722,1723.3543220357444,1704.6837331518668,1686.2154189162222,1667.9471879124835,1649.8768724658332,1632.0023283857515,1614.3214347115893,1596.832093460901,1579.5322293804998,1562.4197897002132,1545.492743889304,1528.7490834155321,1512.1868215068264,1495.8039929155354,1479.5986536852379,1463.568880920074,1447.7127725565792,1432.0284471379891,1416.5140435909877,1401.1677210048783,1385.9876584131418,1370.9720545773664,1356.1191277735143,1341.427115580506,1326.8942746710964,1312.518880605011,1298.2992276243308,1284.2336284510882,1270.3204140870582,1256.557933615718,1242.944554006352,1229.4786599202803,1216.1586535191843,1202.9829542755112,1189.9499987849313,1177.0582405808261,1164.3061499507894,1151.6922137551132
80,12761.56,12601.79,12034.26,12251.11,11259.13,11976.01,10618.05,10721.65,10991.5,11216.33,10455.72,10838.26,10564.94,9589.13,10427.13,10165.17,9886.68,9127.02,8572.58,8785.46,8786.19,9023.21,9130.05,8259.41,7789.48,7933.04,7774.42,7241.88,7430.31,7272.73,6878.33,6332.37,6545.79,6223.84,6370.29,6479.73,6253.77,6342.55,6340.35,7213.21,6665.72,6330.26,6372.7,6205.57,5769.6,5608.75,5475.51,5372.36,5292.79,5229.46,5174.84,5122.4,5068.5,5012.74,4956.17,4899.73,4844.0,4789.34,4736.3,4685.56,4637.53,4591.89,4547.76,4504.17,4460.39,4415.93,4370.7,4324.9,4278.94,4233.18,4187.86,4143.01,4098.62,4054.71,4011.25,3968.25,3925.71,3883.6,3841.95,3800.73,3759.94,3719.58,3679.65,3640.13,3601.04,3562.35,3524.08,3486.21,3448.73,3411.66,3374.97,3338.67,3302.76,3267.22,3231.915258612649,3196.9920112062446,3162.446135454669,3128.2735535766033,3094.470231854187,3061.0321801568825,3027.9554514704773,2995.2361414311827,2962.870387864764,2930.854370330651,2899.1843096709736,2867.8564675644734,2836.867146085233,2806.212687266172,2775.889472667267,2745.8939229484267,2716.222497446994,2686.871693759801,2657.8380473297525,2629.118131036868,2600.7085547937463,2572.6059651454016,2544.807044873423,2517.3085126044098,2490.107122422642,2463.1996634869315,2436.5829596516173,2410.253869091653,2384.209283931749,2358.4461298795172,2332.961365862587,2307.7519836696342,2282.815007595295,2258.147494088915,2233.746531407093,2209.6092392699793,2185.7327685212917,2162.114300791998,2138.7510481676404,2115.6402528592484,2092.779186877813,2070.165151712274,2047.7954780109908,2025.6675252666503,2003.778681504585,1982.1263629744567,1960.708013845269,1939.521105903682,1918.5631382555778,1897.8316370308617,1877.3241550914427,1857.0382717423784,1836.9715924461336,1817.1217485399316,1797.4863969561593,1778.0632199457903,1758.8499248047995,1739.8442436035355,1721.04393291901,1702.4467735700912,1684.0505703555475,1665.8531517949293,1647.852369872248,1630.0460997824243,1612.432239680479,1595.008710433429,1577.7734553748703,1560.7244400622078,1543.8596520365122,1527.1771005849678,1510.6748165058923,1494.3508518762917,1478.2032798219275,1462.2301942898705,1446.4297098235108,1430.7999613399988,1415.339103910092,1400.04531254038,1384.9167819578631,1369.9517263968587,1355.1483793882103,1340.504993550774,1326.0198403851587,1311.6912100696934,1297.5174112586026,1283.4967708823592
81,12989.35,12705.21,12578.71,12703.32,12733.15,12485.85,12370.57,12032.28,12383.35,11630.41,11245.25,10999.14,12107.68,10645.33,10835.16,10845.59,10641.12,9960.65,10566.09,9880.26,9271.78,9199.57,10122.39,9493.12,8575.28,8479.32,8842.04,8435.87,7886.86,7447.73,7605.37,7322.42,7120.42,6669.33,7130.45,7005.12,7000.27,7152.84,6684.6,7543.39,7289.7,7359.28,7087.45,6741.91,6474.56,6336.36,6166.11,6027.93,5920.78,5837.66,5770.9,5712.76,5656.62,5598.85,5539.1,5478.45,5417.84,5357.85,5298.84,5241.3,5185.84,5132.75,5081.67,5031.76,4982.15,4932.24,4881.75,4830.73,4779.54,4728.57,4678.07,4628.09,4578.64,4529.7,4481.28,4433.36,4385.94,4339.01,4292.58,4246.63,4201.16,4156.17,4111.65,4067.6,4024.01,3980.88,3938.2,3895.96,3854.18,3812.83,3771.91,3731.43,3691.37,3651.73,3612.394734794823,3573.483176459749,3534.9907609601682,3496.91297342379,3459.2453476110795,3421.9834653914036,3385.1229562248163,3348.659496649427,3312.5888097742913,3276.9066647777627,3241.6088764112496,3206.691304508318,3172.1498534990787,3137.9804719298086,3104.179151987747,3070.741929031006,3037.6648811235505,3004.944128575183,2972.575833486487,2940.5561992986663,2908.88147034824,2877.547931426531,2846.551907343898,2815.8897624986676,2785.5579004506985,2755.5527634995537,2725.8708322672023,2696.508625285228,2667.4626985864734,2638.7296453010945,2610.3060952569563,2582.188714584337,2554.374205324893,2526.8593050448294,2499.640786452242,2472.715457018583,2446.0801586041966,2419.7317670878965,2393.6671920005288,2367.8833761624815,2342.3772953251028,2317.1459578159775,2292.1864041880267,2267.495706872388,2243.0709698350315,2218.9093282370777,2195.0079480987742,2171.36402596709,2147.97478858689,2124.837492575657,2101.94942410171,2079.3078985658926,2056.910260286691,2034.753882188741,2012.8361654946923,1991.1545394203922,1969.706460873349,1948.4894141544503,1927.5009106628872,1906.7384886042614,1886.1997127018353,1865.882173910891,1845.7834891361683,1825.9013009523467,1806.2332773275332,1786.7771113497379,1767.5305209562855,1748.4912486661487,1729.6570613151634,1711.025749794093,1692.5951287895175,1674.363036527514,1656.327334520094,1638.4859073143773,1620.8366622444635,1603.3775291859788,1586.1064603132659,1569.0214298591886,1552.120433877526,1535.4014900079226,1518.8626372433737,1502.501935700214,1486.3174663905827,1470.3073309973415,1454.469651651416,1438.8025707115355
82,13882.77,14195.91,13847.06,12882.05,13316.24,13234.21,13240.83,13353.43,13638.42,12881.55,12996.29,12290.81,13098.46,11626.15,11300.63,12003.99,11907.24,11556.11,11520.22,11107.54,8960.86,9815.49,10070.91,9740.18,9636.6,9551.81,9574.82,9085.82,8663.18,8633.35,8592.52,7995.8,8419.72,7711.31,7665.88,7592.54,7869.83,7890.99,7341.02,8360.5,8361.06,8019.21,7637.02,7379.32,7269.37,7182.21,6983.96,6807.42,6664.1,6552.54,6465.36,6394.56,6332.21,6271.65,6209.27,6144.78,6079.27,6013.71,5948.65,5884.47,5821.62,5760.6,5701.61,5644.25,5587.74,5531.34,5474.63,5417.54,5360.3,5303.31,5246.85,5190.96,5135.66,5080.93,5026.77,4973.17,4920.12,4867.63,4815.68,4764.28,4713.4,4663.06,4613.25,4563.95,4515.16,4466.89,4419.12,4371.85,4325.07,4278.78,4232.98,4187.65,4142.81,4098.43,4054.425373673261,4010.893222693949,3967.828474119227,3925.226109474177,3883.081164166981,3841.3887269103807,3800.1439391493504,3759.341994494912,3718.9781381640323,3679.047666425532,3639.545926051946,3600.468313777265,3561.810275760504,3523.567307055029,3485.7349510835784,3448.308799118927,3411.2844897701184,3374.6577084742235,3338.4241869935445,3302.579702918228,3267.1200791742117,3232.0411835364557,3197.3389281474033,3163.009269040608,3129.0482056694773,3095.4517804410752,3062.2160782549336,3029.3372260468095,2996.8113923373476,2964.6347867855825,2932.8036597472405,2901.31430183778,2870.1630435001252,2839.3462545770394,2808.8603438880955,2778.701758811178,2748.866984868488,2719.3525453169896,2690.1550007432525,2661.2709486626472,2632.697023122841,2604.429894311555,2576.466268168527,2548.802886001648,2521.436524107211,2494.3639933942477,2467.5821390128904,2441.0878399867265,2414.878008849105,2388.9495912833386,2363.2995657667775,2337.924943218701,2312.822766651991,2287.9901108285426,2263.4240819183783,2239.12181716242,2215.0804845388834,2191.2972824332514,2167.7694393117936,2144.494213398593,2121.468892356033,2098.690792968724,2076.157260830818,2053.8656700366832,2031.8134228748963,2009.9979495255254,1988.4167077606587,1967.0671826481514,1945.9468862585525,1925.053357375178,1904.3841612072968,1883.9368891063975,1863.7091582855012,1843.6986115414857,1823.902916980395,1804.3197677456951,1784.946881749448,1765.7820014063745,1746.8228933707683,1728.0673482762386,1709.513180478244,1691.1582277993937,1673.0003512774808,1655.0374349162232,1637.2673854386785,1619.6881320433085
83,15645.83,15590.04,15867.33,13656.73,14030.86,14533.78,13806.01,13718.26,14998.34,13919.16,13780.16,14074.19,13508.5,12996.62,12517.56,13257.26,12502.36,11877.13,12412.76,12251.64,12007.47,10974.02,10791.52,10663.3,10483.05,10398.44,10177.56,9942.3,9419.04,9293.41,9590.9,8658.61,8705.24,8841.19,9066.08,8639.49,9174.99,8997.67,8903.46,8824.57,8922.06,8931.65,8930.28,8377.24,8258.44,8127.56,7922.46,7717.21,7534.53,7385.93,7269.65,7177.91,7102.45,7035.18,6969.43,6901.67,6831.64,6760.47,6689.13,6618.19,6548.01,6478.98,6411.53,6345.78,6281.29,6217.38,6153.49,6089.4,6025.26,5961.43,5898.17,5835.57,5773.61,5712.29,5651.6,5591.53,5532.09,5473.26,5415.03,5357.41,5300.38,5243.95,5188.09,5132.82,5078.12,5023.98,4970.41,4917.4,4864.93,4813.01,4761.64,4710.79,4660.48,4610.69,4561.382009059334,4512.60133137777,4464.34232772183,4416.5994191655545,4369.367086445558,4322.63986932298,4276.412365952262,4230.679232256672,4185.435181310507,4140.674982727909,4096.393462058208,4052.5855001877358,4009.2460327480408,3966.3700495304233,3923.952593906738,3881.988762256388,3840.473703399448,3799.4026180358514,3758.770758190568,3718.5734266647232,3678.8059764925833,3639.4638104043493,3600.542380294692,3562.0371866969767,3523.943778263105,3486.257751248925,3448.974749005138,3412.090461473657,3375.6006246893417,3339.5010202870753,3303.7874750140995,3268.4558602475727,3233.502091517285,3198.9221280334773,3164.7119722197126,3130.867669250738,3097.385306595292,3064.261013563804,3031.4909608609255,2999.0713601428465,2966.998463579354,2935.2685634205627,2903.8779915682885,2872.8231191520026,2842.100356109317,2811.7061507709623,2781.6369894502,2751.8893960366263,2722.4599315943224,2693.3451939642982,2664.5418173711905,2636.046472034167,2607.8558637819892,2579.9667336721964,2552.3758576143555,2525.0800459973475,2498.0761433206353,2471.361027829473,2444.931611154024,2418.7848379523275,2392.9176855570963,2367.3271636262775,2342.0103137973633,2316.9642093453913,2292.185954844601,2267.672685833716,2243.421568484798,2219.4297992756474,2195.6946046657026,2172.213240775412,2148.982993069028,2126.0011760407983,2103.2651329045075,2080.772235286348,2058.519882921065,2036.5055033513586,2014.726551630496,1993.180510028108,1971.8648877391283,1950.777220595847,1929.9150707830433,1909.2760265561656,1888.8577019625232,1868.6577365654628,1848.6737951714904,1828.9035675603172
84,16599.77,16236.94,16578.53,14925.67,15465.95,16178.98,15704.86,14709.64,15634.56,13780.05,14419.93,13932.81,15859.11,14324.84,12556.42,14316.28,13202.29,12620.03,13405.3,12708.41,12521.71,12072.25,12079.36,11519.0,12005.24,11071.56,10791.14,10733.93,10133.24,11069.09,10218.2,10074.73,10356.25,10145.34,10216.96,9941.74,9209.89,9657.95,9280.54,9986.16,9822.46,9753.34,10051.03,9664.3,9268.84,9146.38,8957.66,8745.99,8534.34,8345.82,8191.97,8070.72,7973.98,7893.24,7820.32,7748.6,7674.64,7598.26,7520.62,7442.68,7365.02,7287.98,7211.93,7137.21,7063.84,6991.42,6919.39,6847.42,6775.53,6704.03,6633.18,6563.05,6493.63,6424.93,6356.92,6289.62,6223.0,6157.06,6091.8,6027.21,5963.28,5900.0,5837.38,5775.4,5714.06,5653.35,5593.27,5533.81,5474.96,5416.72,5359.08,5302.03,5245.58,5189.71,5134.400807214643,5079.68107064294,5025.5445081713715,4971.98490463787,4918.996111118289,4866.572044220474,4814.706685385852,4763.39408019848,4712.628337701437,4662.403629720516,4612.714190195115,4563.554314516271,4514.918358871731,4466.800739598016,4419.195932539394,4372.098472413666,4325.502952184733,4279.404022441834,4233.796390785408,4188.674821219497,4144.034133550629,4099.869202793101,4056.174958580604,4012.946384584124,3970.178517936032,3927.8664486603293,3886.005319108949,3844.590323404079,3803.6167068864165,3763.0797655693123,3722.9748455987265,3683.29734271894,3644.0427017439647,3605.2064160345835,3566.784026980963,3528.771123490783,3491.163341482818,3453.956363385921,3417.1459176433414,3380.7277782223264,3344.6977641289545,3309.0517389281317,3273.785610268708,3238.895329413654,3204.3768907752456,3170.2263314552,3136.439730789715,3103.0132098993568,3069.9429312437414,3037.2250981809675,3004.855954531743,2972.8317841481517,2941.1489104870248,2909.8036961878493,2878.792542655186,2848.111889645525,2817.7582148585575,2787.728033532793,2758.0178980454893,2728.6243975168536,2699.5441574184492,2670.773839185785,2642.3101398350277,2614.1497915838077,2586.2895614760537,2558.7262510108376,2531.4566957751667,2504.4777650806936,2477.7863616042973,2451.3794210324922,2425.253911709631,2399.4068342898545,2373.835221392748,2348.5361372626744,2323.506677431732,2298.743968386306,2274.2451672371753,2250.007461393132,2226.028068238084,2202.304234811592,2178.83323749282,2155.6123816878453,2132.639001520307,2109.910459525348,2087.424146346821,2065.177480437723
85,17508.6,17841.15,16680.15,17385.36,17075.61,16951.03,15771.41,15884.0,16671.44,15978.7,14883.83,15738.33,15182.68,14431.68,15682.5,15056.14,13590.51,14267.67,14795.01,13734.33,14230.34,13877.26,13414.85,11837.8,11816.52,12381.98,12038.65,12277.16,11674.45,10508.41,11614.25,11341.16,11571.59,11138.04,11066.44,10711.66,10593.94,10357.52,10413.81,11227.88,10723.13,10805.59,10819.69,10794.73,10339.46,10214.28,10057.49,9863.7,9646.41,9429.16,9235.36,9076.45,8950.11,8847.96,8761.32,8682.03,8603.54,8522.57,8439.05,8354.13,8268.78,8183.58,8098.88,8014.99,7932.2,7850.45,7769.41,7688.72,7608.28,7528.34,7449.13,7370.72,7293.1,7216.27,7140.21,7064.93,6990.41,6916.64,6843.63,6771.35,6699.82,6629.01,6558.92,6489.55,6420.88,6352.92,6285.65,6219.08,6153.18,6087.96,6023.4,5959.51,5896.28,5833.7,5771.772170095079,5710.50173705951,5649.881722275689,5589.905221207754,5530.565402615166,5471.855507774638,5413.768849710326,5356.298812432197,5299.4388501824715,5243.182486690069,5187.523314432977,5132.454993908435,5077.971252910883,5024.065885817556,4970.7327528816795,4917.965779533157,4865.758955686687,4814.106335057222,4763.0020344826935,4712.44023325393,4662.415172451686,4612.921154290706,4563.952541470759,4515.503756534556,4467.569281232482,4420.143655894084,4373.221478806211,4326.797405597776,4280.866148631028,4235.422476399313,4190.4612129312,4145.977237200948,4101.965482545232,4058.4209360860514,4015.3386381597775,3972.7136817522464,3930.5412119398625,3888.816425336627,3847.534569547041,3806.6909426248117,3766.2808925373074,3726.299816635701,3686.7431611307293,3647.606420574027,3608.8851373449606,3570.5749011429116,3532.6713484849483,3495.1701622088353,3458.067070981309,3421.3578488115813,3385.0383145700075,3349.1043315118577,3313.551806806148,3278.376691069474,3243.574977904792,3209.142703445093,3175.0759459019273,3141.3708251187163,3108.0235021288067,3075.0301787182225,3042.3870969930463,3010.0905389514073,2978.1368260600016,2946.522318835114,2915.243416428087,2884.2965562151867,2853.6782133918255,2823.384900571093,2793.4131673865463,2763.7596000992194,2734.420821208801,2705.3934890689425,2676.6742975066504,2648.2599754457174,2620.14728653415,2592.333028775553,2564.814034164428,2537.58716832534,2510.649330155917,2483.9974514736405,2457.6284966663798,2431.5394623466445,2405.727377009499,2380.189300694115,2354.9223246489123,2329.9235710002577
86,18018.02,17770.71,18106.36,17635.18,18032.62,19967.4,17107.14,16966.56,18173.26,16764.43,17083.44,16307.58,17001.95,16463.01,15757.58,17026.06,16586.61,14884.06,16343.64,15224.04,14011.16,14955.8,16082.55,14133.32,13708.78,13309.27,13363.8,13577.65,13084.96,11902.43,12230.56,11862.75,12507.16,12492.05,11981.5,11468.21,12064.71,11891.98,10971.74,12387.19,12142.08,11668.95,11658.18,11635.81,11329.92,11312.27,11195.07,11035.19,10837.33,10615.53,10393.67,10195.29,10031.64,9900.14,9792.19,9699.06,9612.62,9526.54,9437.77,9346.29,9253.31,9159.78,9066.27,8973.14,8880.69,8789.1,8698.35,8608.18,8518.48,8429.41,8341.15,8253.78,8167.28,8081.64,7996.86,7912.94,7829.85,7747.6,7666.18,7585.58,7505.8,7426.81,7348.63,7271.23,7194.62,7118.78,7043.72,6969.41,6895.86,6823.05,6750.99,6679.66,6609.06,6539.17,6470.122476150342,6401.804029622388,6334.206962040998,6267.323656318683,6201.146575797272,6135.668263398667,6070.881340784541,6006.778507524928,5943.352540275576,5880.596291964001,5818.502690984121,5757.06474039941,5696.275517154449,5636.128171294814,5576.6159251952,5517.73207279569,5459.469978846094,5401.823078158259,5344.784874866286,5288.34894169455,5232.508919233447,5177.2585152227975,5122.591503842807,5068.50172501252,5014.983083695681,4962.029549213918,4909.635154567188,4857.793995761392,4806.50023114309,4755.748080741243,4705.531825615906,4655.845807213794,4606.684426730655,4558.04214448038,4509.913479270765,4462.2930077858755,4415.175363974924,4368.555238447604,4322.42737787581,4276.78658440167,4231.627715051833,4186.945681157941,4142.73544778322,4098.992033155118,4055.7105081039526,4012.885995507458,3970.5136697412277,3928.5887561349364,3887.106530434316,3846.0623182688073,3805.451494624838,3765.2694833246533,3725.5117565106616,3686.1738341352147,3647.2512834557806,3608.7397185354444,3570.6347997486896,3532.9322332923857,3495.627770701952,3458.7172083726246,3422.196387085775,3386.061191540236,3350.3075498885773,3314.93143327827,3279.9288553977035,3245.295872026992,3211.0285805935255,3177.1231197322136,3143.575668850372,3110.3824476972054,3077.5397159378335,3045.043772731817,3012.8909563161324,2981.0776435925513,2949.600249719378,2918.4552277074927,2887.639068020668,2857.1482981800978,2826.9794823731067,2797.129221065991,2767.5941506209456,2738.370942917036,2709.4563049751755,2680.8469785870584,2652.5397399480153,2624.531399293738
87,19722.57,19173.55,20164.35,19214.81,18026.04,19345.22,19307.16,18346.23,20091.69,18165.63,18220.98,17708.33,20568.48,17248.81,17495.53,16856.4,15827.66,16460.91,17931.48,15787.28,16868.53,15546.52,15950.3,15498.32,15608.54,14052.39,14701.66,13807.79,13169.56,13374.65,14045.93,14611.45,13337.6,13311.0,14040.07,13006.91,13607.47,11801.0,12659.81,14436.66,13327.62,13000.81,12784.4,13013.78,12525.35,12443.18,12363.8,12245.32,12082.89,11881.73,11656.29,11430.65,11228.23,11059.99,10923.09,10808.81,10708.39,10613.9,10519.32,10421.81,10321.5,10219.59,10117.03,10014.4,9912.06,9810.28,9709.23,9608.9,9509.23,9410.32,9312.32,9215.29,9119.23,9024.11,8929.93,8836.69,8744.38,8652.98,8562.49,8472.91,8384.22,8296.41,8209.49,8123.43,8038.23,7953.89,7870.39,7787.74,7705.91,7624.91,7544.73,7465.35,7386.78,7309.0,7232.14399789704,7156.096156289259,7080.8479771626,7006.3910518618,6932.717060150752,6859.817769282759,6787.685033080555,6716.31079102601,6645.687067359404,6575.805970188166,6506.659690604988,6438.240501815226,6370.540758273445,6303.552894829082,6237.26942588106,6171.682944541309,6106.786121807082,6042.571705741966,5979.032520665514,5916.16146635139,5853.951517233953,5792.395721623177,5731.487200927838,5671.219148886848,5611.584830808699,5552.577582818882,5494.1908111152325,5436.417991231099,5379.252667306263,5322.688451365528,5266.719022604883,5211.338126685193,5156.539575033291,5102.317244150441,5048.66507492806,4995.577071970635,4943.047302925777,4891.06989782129,4839.639048409241,4788.749007516902,4738.394088404539,4688.568664129936,4639.267166919614,4590.484087546654,4542.213974715065,4494.451434450624,4447.19112949813,4400.4277787249775,4354.156156531024,4308.371092264645,4263.0674696449405,4218.24022619001,4173.884352651243,4129.994892453558,4086.5669411415292,4043.595645831329,4001.0762046684436,3959.0038662910865,3917.373929299256,3876.181741729369,3835.4227005344305,3795.092251069659,3755.1858865835284,3715.6991477141523,3676.627621990978,3637.966943341705,3599.712791604399,3561.860892044733,3524.407014878303,3487.3469747979675,3450.67663050616,3414.3918842521152,3378.4886813739636,3342.9630098456423,3307.810899828566,3273.028423228016,3238.611693254195,3204.5568639878916,3170.8601299507172,3137.517725679862,3104.5259253073177,3071.881042143532,3039.5794282654333,3007.6174741087934,2975.9916080648745,2944.698296081317
88,20144.14,21419.93,20968.43,20262.01,21154.01,24064.17,20027.73,20647.8,21684.83,17370.45,18904.82,18763.99,20788.88,18326.22,18764.92,18569.85,18722.7,16980.03,18581.82,18933.26,16525.91,17346.0,17100.02,17375.07,18013.71,16118.45,15161.61,14433.84,15772.08,14626.73,14733.81,15906.01,14075.8,14515.12,16402.67,14762.04,14602.6,14333.96,14563.49,15041.37,14133.27,15422.44,14706.3,14395.89,13747.94,13632.24,13573.57,13494.26,13374.39,13209.56,13005.5,12776.96,12548.05,12341.85,12168.91,12026.13,11904.73,11796.05,11692.44,11588.24,11480.94,11370.79,11258.98,11146.47,11033.83,10921.45,10809.6,10698.44,10588.06,10478.57,10370.1,10262.69,10156.32,10051.0,9946.7,9843.43,9741.17,9639.92,9539.66,9440.39,9342.1,9244.77,9148.41,9053.01,8958.55,8865.02,8772.43,8680.75,8589.99,8500.13,8411.16,8323.09,8235.89,8149.57,8064.247039331618,7979.817378262752,7896.271664279513,7813.600642785351,7731.79515607589,7650.846142324509,7570.74463457853,7491.481759765932,7413.048737712448,7335.436880168966,7258.637589849102,7182.6423594768585,7107.4427708442445,7033.03049387877,6959.397285720702,6886.534989809975,6814.435534982666,6743.090934576932,6672.493285548306,6602.634767594244,6533.507642287862,6465.104252220717,6397.417020154582,6330.438448182087,6264.16111689616,6198.577684568156,6133.6808863345905,6069.463533392394,6005.9185122025865,5943.03878370229,5880.817382524989,5819.247416228963,5758.322064533782,5698.034578564819,5638.37828010564,5579.346560858255,5520.932881711088,5463.130772014624,5405.933828864639,5349.335716392926,5293.330165065462,5237.910970987904,5183.071995218375,5128.807163087427,5075.110463525141,5021.975948395257,4969.397731836286,4917.369989609518,4865.886958453844,4814.942935447361,4764.532277375625,4714.6494001065485,4665.288777971821,4616.444943154827,4568.112485084947,4520.286049838223,4472.960339544284,4426.130111799486,4379.7901790862015,4333.935408198175,4288.560719671908,4243.661087223996,4199.231537194344,4155.267147995226,4111.763049566104,4068.7144228341617,4026.1164991804776,3983.964559911792,3942.2539357378078,3900.980006253954,3860.1381994295757,3819.723991101474,3779.7329044727535,3740.160509616912,3701.002422987129,3662.254306930685,3623.9118692084667,3585.9708625195058,3548.4270840304916,3511.276374910213,3474.514619868869,3438.1377467022126,3402.1417258404554,3366.5225699019034,3331.2763332512627,3296.3991115625713
89,20832.39,23054.23,20440.53,20448.93,22643.17,21857.45,23626.2,22974.36,23095.19,20705.56,20841.2,19911.89,20192.44,19772.18,19621.25,20865.07,18040.47,19755.29,19845.29,17582.89,16821.54,19445.54,19049.46,17842.3,17433.41,17481.66,17913.42,14970.81,16993.92,15869.15,16626.65,16176.11,15561.61,15736.14,16677.94,15417.61,15816.83,16863.71,15478.28,16927.79,15277.92,15617.25,16096.97,14653.38,14796.39,14921.44,14854.46,14796.59,14716.61,14594.82,14427.35,14220.39,13988.94,13756.91,13546.86,13368.8,13219.38,13089.84,12971.71,12857.72,12742.66,12624.37,12503.25,12380.49,12257.03,12133.47,12010.2,11887.53,11765.66,11644.8,11525.05,11406.45,11289.0,11172.67,11057.47,10943.38,10830.39,10718.5,10607.7,10497.97,10389.31,10281.71,10175.16,10069.65,9965.17,9861.72,9759.28,9657.85,9557.41,9457.97,9359.5,9262.01,9165.48,9069.9,8975.461270335376,8882.005867241129,8789.523552003255,8698.00419251655,8607.437762174555,8517.814338771092,8429.124103413187,8341.35733944536,8254.504431385081,8168.555863869341,8083.502220612157,7999.334183372961,7916.042530935718,7833.6181380986745,7752.051974674624,7671.335104501589,7591.458684463797,7512.413963522857,7434.192281759013,7356.785069422397,7280.183845994142,7204.380219257287,7129.365884377344,7055.1326229924425,6981.672302312959,6908.976874230496,6837.038374436166,6765.848921548038,6695.400716247675,6625.686040425665,6556.697256336046,6488.426805759535,6420.867209175468,6354.0110649423705,6287.8510484870485,6222.379911502133,6157.59048115197,6093.4756592867925,6030.02842166506,5967.241817183905,5905.1089671175905,5843.623064363893,5782.777372698336,5722.565226036194,5662.980027702165,5604.015249707664,5545.66443203563,5487.921181932792,5430.779173209287,5374.2321455455885,5318.2739038066375,5262.898317363124,5208.099319419833,5153.870906350979,5100.207137042468,5047.102132241011,4994.550073909998,4942.545204592098,4891.081826778489,4840.154302284648,4789.757051632653,4739.88455343991,4690.531343814243,4641.692015755287,4593.361218562114,4545.533657247021,4498.204091955431,4451.367337391821,4405.018262251645,4359.151788659156,4313.762891611092,4268.846598426145,4224.397988200176,4180.412191267087,4136.884388665319,4093.8098116098977,4051.1837409699774,4009.0015067518293,3967.258487587207,3925.9501102270456,3885.0718490404242,3844.619225518757,3804.587807785135,3764.9732101087825,3725.7710924245725,3686.977159857537
90,21429.56,24904.0,22922.02,20954.36,23071.97,20947.25,20171.51,22604.68,22314.66,19646.28,21250.65,22588.95,21783.08,18861.9,21028.04,20496.24,18512.8,19780.38,21703.13,19117.84,20236.0,18973.91,20295.98,18190.43,19008.36,19615.31,19941.73,18055.18,15208.58,18502.78,16302.81,17073.17,17605.11,17038.91,18756.43,17541.38,17331.72,16974.62,15688.74,17951.94,17813.26,16895.22,16588.54,15780.41,16114.38,16353.3,16252.68,16186.59,16128.31,16046.52,15921.9,15751.13,15540.88,15306.3,15070.94,14856.63,14672.71,14515.62,14376.67,14247.71,14121.91,13994.59,13864.02,13730.71,13595.87,13460.43,13325.0,13190.01,13055.82,12922.69,12790.78,12660.11,12530.68,12402.48,12275.49,12149.71,12025.13,11901.74,11779.53,11658.49,11538.61,11419.88,11302.3,11185.84,11070.51,10956.3,10843.19,10731.17,10620.25,10510.4,10401.62,10293.9,10187.23,10081.6,9978.779488373582,9877.007625534174,9776.273716492407,9676.567175335284,9577.877524113715,9480.194391741417,9383.507512905047,9287.806726985427,9193.081976989799,9099.323308494946,9006.520868601116,8914.664904896586,8823.745764432815,8733.753892710032,8644.679832673166,8556.514223718035,8469.247800707659,8382.871392998597,8297.375923477233,8212.752407605878,8128.991952478603,8046.085755886705,7964.025105393695,7882.801377419742,7802.406036335416,7722.830633564719,7644.066806697228,7566.106278609312,7488.940856594308,7412.562431501563,7336.962976884263,7262.134548155954,7188.069281755652,7114.759394321489,7042.197181872771,6970.37501900038,6899.285358065447,6828.920728406172,6759.273735552758,6690.33706045034,6622.103458689836,6554.565759746656,6487.71686622716,6421.549753122808,6356.057467071924,6291.233125628974,6227.069916541305,6163.5610970332655,6100.699993097615,6038.479998794173,5976.894575555609,5915.93725150032,5855.601620752319,5795.881342768047,5736.770141670065,5678.26180558753,5620.35018600341,5563.0291971083425,5506.292815161095,5450.135077855534,5394.550083694072,5339.53199136748,5285.075019141045,5231.1734442469715,5177.821602282997,5125.0138866171255,5072.744747798439,5021.00869297392,4969.80028531122,4919.114143427311,4868.944940822968,4819.28740532302,4770.136318522306,4721.4865152372895,4673.332882963253,4625.670361337038,4578.493941605266,4531.798666097974,4485.579627707628,4439.831969373441,4394.550883570959,4349.731611806845,4305.36944411882,4261.459718580707,4217.997820812511,4174.979183495512
91,24830.26,25688.74,22987.69,22812.33,22816.4,23862.07,22058.1,22639.07,23144.82,21826.21,20216.61,24313.33,24724.94,21944.9,20535.42,22710.23,23087.91,21476.51,20946.13,18388.45,19344.37,21479.1,23131.92,21518.99,18109.42,18817.44,21076.89,20323.62,17369.85,20654.34,18060.13,18343.49,19060.72,18471.62,19444.57,18447.04,19443.61,18591.26,17128.87,20395.99,17972.16,18084.41,18354.54,17768.33,17855.94,17955.57,17813.66,17714.98,17650.2,17592.24,17509.91,17384.43,17213.01,17002.77,16768.9,16534.39,16320.11,16134.69,15974.29,15830.38,15695.16,15562.3,15427.7,15289.99,15149.8,15008.32,14866.42,14724.72,14583.68,14443.64,14304.79,14167.16,14030.74,13895.52,13761.5,13628.67,13497.02,13366.54,13237.22,13109.05,12982.03,12856.15,12731.4,12607.77,12485.25,12363.84,12243.53,12124.3,12006.15,11889.07,11773.06,11658.1,11544.19,11431.32,11320.218266223406,11210.196337337951,11101.243718650498,10993.350017466508,10886.504942098705,10780.698300885388,10675.920001218266,10572.160048579766,10469.40854558966,10367.655691061007,10266.891779065223,10167.107198006273,10068.292429703839,9970.438048485412,9873.534720287193,9777.57320176376,9682.54433940635,9588.439068669744,9495.24841310762,9402.963483516312,9311.5754770869,9221.07567656553,9131.455449421892,9042.7062470258,8954.819603831751,8867.787136571424,8781.600543454018,8696.251603374376,8611.732175128787,8528.034196638422,8445.149684180315,8363.070731625818,8281.789509686452,8201.298265167099,8121.589320226442,8042.655071644596,7964.487990097861,7887.080619440516,7810.4255759935995,7734.515547840601,7659.343294129996,7584.901644384563,7511.183497817407,7438.18182265464,7365.8896554646335,7294.300100493799,7223.406329008823,7153.201578645287,7083.679152762628,7014.832419805364,6946.654812670525,6879.139828081236,6812.281025966395,6746.072028846354,6680.50652122461,6615.578248985367,6551.281018796991,6487.608697521229,6424.555211628201,6362.114546617043,6300.280746442221,6239.047912945388,6178.410205292776,6118.361839418053,6058.8970874706065,6000.010277269166,5941.695791760757,5883.948068484905,5826.761599043047,5770.130928573096,5714.050655229124,5658.5154296660885,5603.519954529577,5549.058983950504,5495.127323044722,5441.719827417498,5388.831402672801,5336.457003927363,5284.591635329461,5233.230349582374,5182.368247472479,5132.000477401923,5082.122234925842,5032.728762294088,4983.8153479973835,4935.377326317918
92,26252.86,23578.08,22730.7,21752.85,25217.6,25702.81,26915.89,20459.92,26468.16,24918.88,24536.63,22110.18,27031.48,25450.26,24864.86,23519.34,22893.67,21893.18,21134.34,18608.81,22219.89,21555.88,25706.83,23855.87,21864.44,21188.63,26085.38,23459.72,20904.12,19804.77,18757.24,20199.13,21824.47,20725.13,23179.86,21021.76,21055.02,21958.91,19687.37,22324.44,20365.48,20984.83,20864.07,19683.96,19701.96,19737.49,19558.52,19419.06,19322.32,19258.55,19200.52,19117.4,18991.06,18819.34,18609.76,18377.45,18144.68,17931.19,17744.73,17581.24,17432.45,17290.96,17151.04,17009.21,16864.51,16717.68,16569.85,16421.88,16274.39,16127.82,15982.38,15838.12,15695.04,15553.13,15412.38,15272.79,15134.35,14997.04,14860.88,14725.83,14591.91,14459.1,14327.39,14196.78,14067.27,13938.83,13811.47,13685.18,13559.95,13435.78,13312.65,13190.57,13069.52,12949.49,12831.336654097866,12714.261359389087,12598.2542795515,12483.30566801121,12369.405867123714,12256.545307362509,12144.714506515062,12033.904068886171,11924.104684508548,11815.307128360622,11707.502259591492,11600.681020752932,11494.834437038413,11389.953615529059,11286.029744446501,11183.054092412533,11081.018007715522,10979.912917583524,10879.730327464025,10780.461820310244,10682.099055873972,10584.633770004833,10488.057773955972,10392.362953696038,10297.541269227495,10203.584753911098,10110.485513796575,10018.2357269594,9926.827642843613,9836.25358161064,9746.505933494062,9657.577158160257,9569.459784074896,9482.146407875187,9395.629693747886,9309.902372812949,9224.95724251283,9140.787166007345,9057.385071574046,8974.743952014085,8892.856864063486,8811.71692780979,8731.317326114033,8651.651304037978,8572.712168276597,8494.49328659571,8416.988087274773,8340.190058554728,8264.092748090921,8188.689762410982,8113.974766377671,8039.941482656613,7966.583691188899,7893.895228668495,7821.869988024417,7750.501917907635,7679.785022182653,7609.713359423735,7540.281042415723,7471.4822376594075,7403.31116488142,7335.762096548585,7268.829357386714,7202.507323903781,7136.7904239174595,7071.673136086962,7007.149989449146,6943.215562958874,6879.864485033538,6817.091433101766,6754.891133156226,6693.258359310533,6632.187933360169,6571.674724347438,6511.713648130373,6452.299666955578,6393.427789034979,6335.09306812642,6277.290603118103,6220.015537616802,6163.263059539852,6107.028400710843,6051.30683645902,5996.093685222323,5941.384308154063,5887.17410873317
93,20987.23,26279.39,25879.84,21659.15,28199.43,24801.93,29383.58,28238.26,32061.07,25145.52,24288.91,24566.39,28328.89,26848.07,29881.46,26088.72,25746.77,24364.69,25963.21,23097.78,24730.73,25045.42,27562.93,23924.81,24691.36,24047.89,23811.86,25639.14,25675.68,25497.62,23358.4,22093.54,23188.41,21929.96,23593.84,21508.45,22566.14,22255.37,20426.74,23551.86,22658.99,21169.7,22418.09,21839.15,21886.54,21971.76,21748.01,21560.82,21413.76,21309.57,21238.05,21171.8,21080.33,20946.17,20767.87,20553.38,20317.77,20082.52,19866.12,19675.37,19505.95,19349.78,19199.92,19051.21,18900.78,18748.0,18593.7,18438.92,18284.45,18130.81,17978.25,17826.83,17676.54,17527.39,17379.35,17232.43,17086.61,16941.91,16798.3,16655.78,16514.34,16373.99,16234.71,16096.5,15959.35,15823.25,15688.2,15554.2,15421.23,15289.3,15158.39,15028.49,14899.62,14771.74,14645.810290899399,14520.954137902154,14397.162388897013,14274.425969794871,14152.735883863605,14032.08321106862,13912.459107418998,13793.85480431921,13676.261607926379,13559.670898513008,13444.074129835139,13329.462828505908,13215.828593374434,13103.16309491,12991.45807459149,12880.705344302034,12770.896785728806,12662.024349767937,12554.080055934508,12447.055991777579,12340.944312300184,12235.737239384287,12131.427061220642,12028.006131743501,11925.466870070151,11823.801759945223,11723.00334918975,11623.064249154899,11523.97713418038,11425.734741057478,11328.32986849663,11231.755376599574,11136.004186335984,11041.069279024567,10946.943695818585,10853.620537195762,10761.092962452545,10669.354189202666,10578.397492879989,10488.216206245585,10398.803718899022,10310.153476793814,10222.258981756995,10135.1137910128,10048.7115167104,9963.045825455667,9878.110437846924,9793.899128014658,9710.405723165162,9627.62410312805,9545.548199907655,9464.171997238225,9383.48953014293,9303.494884496618,9224.182196592312,9145.545652711373,9067.57948869737,8990.277989533546,8913.635488923905,8837.64636887786,8762.305059298435,8687.606037573969,8613.543828173293,8540.113002244383,8467.308177216399,8395.124016405147,8323.555228621895,8252.59656778552,8182.242832537956,8112.488865862942,8043.329554707994,7974.759829609623,7906.7746643217215,7839.369075447153,7772.538122072445,7706.276905405626,7640.580568417134,7575.444295483785,7510.863312035791,7446.83288420677,7383.348318486758,7320.404961378154,7257.998199054628,7196.123457022908,7134.776199787477,7073.9519305181075
94,24977.38,33425.16,26420.59,26921.15,23156.94,31071.6,27626.46,25138.63,29432.62,24313.07,29431.44,26399.33,29731.8,23784.54,26250.4,25595.82,26696.58,29210.59,26442.7,26450.87,23544.36,24063.65,26942.21,23670.53,28930.82,23451.76,24492.65,27016.65,27626.65,24509.14,28613.62,27510.14,24458.75,22317.6,26099.65,24848.24,25855.04,24267.44,23748.41,26517.69,23827.31,24015.54,24519.79,22177.45,23866.05,24363.01,24100.73,23877.03,23690.09,23542.97,23437.99,23364.58,23295.42,23200.68,23063.79,22883.98,22669.58,22435.49,22202.14,21986.59,21794.59,21621.66,21460.09,21303.48,21147.41,20989.66,20830.03,20669.41,20508.78,20348.84,20189.92,20032.07,19875.29,19719.59,19564.95,19411.37,19258.85,19107.38,18956.95,18807.57,18659.23,18511.91,18365.63,18220.36,18076.12,17932.89,17790.66,17649.44,17509.21,17369.98,17231.74,17094.48,16958.2,16822.89,16689.65122400656,16557.467710897698,16426.331102898068,16296.23310842666,16167.165501572517,16039.120121574617,15912.088872305892,15786.063721761318,15661.036701550052,15536.999906391622,15413.945493616064,15291.865682668067,15170.752754614994,15050.599051658844,14931.396976652053,14813.13899261713,14695.817622270122,14579.42544754782,14463.955109138735,14349.399306017765,14235.750794984591,14123.002390205666,14011.146962759882,13900.17744018782,13790.086806044565,13680.868099456064,13572.514414679003,13465.018900664161,13358.374760623241,13252.575251599103,13147.613684039428,13043.483421373738,12940.177879593786,12837.690526837248,12736.014882974729,12635.144519200028,12535.073057623664,12435.7941708696,12337.301581675174,12239.589062494206,12142.65043510323,12046.479570210853,11951.070387070211,11856.4168530945,11762.51298347553,11669.352840805323,11576.930534700698,11485.240221430826,11394.276103547747,11304.032429519802,11214.503493367967,11125.68363430508,11037.567236377907,10950.148728112072,10863.422582159756,10777.38331495023,10692.025486343133,10607.343699284487,10523.33259946547,10439.986874983848,10357.301256008132,10275.270514444357,10193.889463605527,10113.152957883669,10033.055892424472,9953.593202804534,9874.75986471112,9796.55089362451,9718.96134450281,9641.986311469302,9565.62092750224,9489.860364127124,9414.699831111397,9340.134576161568,9266.159884622733,9192.771079180467,9119.963519565095,9047.732602258278,8976.07376020196,8904.982462509583,8834.45421417961,8764.48455581132,8695.069063322828,8626.203347671382,8557.88305457583,8490.103864241311
95,38235.29,29090.91,34142.75,28772.92,33707.87,24549.7,23252.6,35347.63,34567.9,33145.01,24984.38,28620.89,29050.28,31818.18,26654.15,30949.17,28828.83,30375.82,28345.27,31266.44,25048.42,27427.25,25206.94,28905.19,28660.79,29021.37,33394.21,29774.37,29946.52,26030.76,26162.4,27218.39,27896.31,23402.99,28546.86,25921.79,27084.78,27370.59,26602.05,29045.07,28681.97,27372.63,29388.54,25287.09,26494.04,26905.97,26602.13,26341.31,26119.3,25933.75,25787.27,25681.68,25606.17,25533.84,25435.88,25296.84,25116.69,24904.08,24673.51,24444.1,24231.24,24039.55,23864.41,23698.63,23536.53,23374.46,23210.91,23046.06,22880.85,22716.14,22552.35,22389.55,22227.76,22066.97,21907.16,21748.35,21590.52,21433.67,21277.81,21122.91,20968.99,20816.04,20664.05,20513.03,20362.96,20213.84,20065.67,19918.45,19772.17,19626.82,19482.41,19338.94,19196.38,19054.75,18915.392436496277,18777.054069282494,18639.72744443185,18503.40516253209,18368.079878286815,18233.7443001197,18100.391189781618,17968.01336196062,17836.603683894777,17706.15507498786,17576.660506427823,17448.113000808076,17320.50563175153,17193.831523537392,17068.08385073068,16943.255837814475,16819.340758824826,16696.331936988347,16574.22274436246,16453.006601478282,16332.676976986086,16213.227387303403,16094.651396265663,15976.9426147794,15860.094700478008,15744.101357379996,15628.956335549736,15514.653430760733,15401.186484161302,15288.549381942741,15176.736055009884,15065.740478654105,14955.556672228693,14846.178698826594,14737.600664960535,14629.816720245452,14522.821057083278,14416.607910350016,14311.17155708509,14206.506316182997,14102.606548087193,13999.466654486227,13897.081078012076,13795.444301940734,13694.55084989493,13594.395285549075,13494.972212336328,13396.276273157822,13298.30215009402,13201.044564118165,13104.498274811847,13008.658080082634,12913.518815883768,12819.075355935933,12725.322611451023,12632.255530857963,12539.869099530511,12448.158339517067,12357.118309272448,12266.744103391635,12177.030852345451,12087.973722218185,11999.56791444714,11911.808665564064,11824.691246938495,11738.210964522976,11652.363158600116,11567.143203531536,11482.546507508614,11398.568512305077,11315.204693031403,11232.450557890992,11150.30164793816,11068.753536837874,10987.801830627248,10907.442167478797,10827.67021746541,10748.481682327043,10669.872295239127,10591.837820582656,10514.37405371597,10437.476820748201,10361.14197831437,10285.365413352141,10210.143042880201,10135.470813778258
96,30769.23,36450.84,32000.0,34261.24,30188.68,33605.6,31007.75,27868.85,32621.36,22835.39,34748.27,44370.86,31028.67,34976.15,27677.1,34617.99,28723.4,26281.21,30786.64,31380.98,27263.05,28787.21,33621.76,28850.49,29874.21,30509.84,28559.97,27311.09,29124.92,30845.77,28884.29,30656.04,27496.76,29050.28,27993.44,30848.74,28242.64,28588.54,25150.95,32625.19,25315.44,30227.44,28643.4,26946.21,29014.21,29573.58,29235.28,28934.77,28677.51,28458.76,28275.76,28130.63,28024.66,27946.93,27871.27,27770.28,27629.83,27450.66,27241.62,27016.66,26793.31,26585.06,26395.35,26219.56,26051.11,25885.15,25718.91,25551.55,25383.61,25215.95,25049.09,24883.14,24718.1,24553.96,24390.74,24228.41,24066.99,23906.47,23746.84,23588.1,23430.26,23273.3,23117.23,22962.04,22807.73,22654.31,22501.75,22350.07,22199.26,22049.32,21900.24,21752.02,21604.66,21458.16,21314.248782824063,21171.302720089563,21029.31533889526,20888.28020975105,20748.190946286835,20609.041204963305,20470.82468478472,20333.53512701357,20197.166314887167,20061.712073336155,19927.166268704867,19793.52280847358,19660.77564098265,19528.918755158476,19397.946180241295,19267.85198551482,19138.630280037683,19010.275212376688,18882.78097034183,18756.141780723126,18630.351909029174,18505.40565922749,18381.297373486592,18258.02143191978,18135.572252330665,18013.944289960404,17893.132037236603,17773.130023523943,17653.932814876436,17535.535013791392,17417.931258964974,17301.116225049464,17185.084622412087,17069.83119689551,16955.350729579906,16841.638036546636,16728.687968643517,16616.495411251646,16505.055284053804,16394.362540804414,16284.412169101028,16175.199190157353,16066.718658577814,15958.965662133605,15851.935321540253,15745.622790236679,15640.023254165731,15535.1319315562,15430.94407270628,15327.454959768496,15224.659906536082,15122.55425823076,15021.133391291978,14920.392713167528,14820.327662105605,14720.933706948224,14622.206346926061,14524.141111454619,14426.733559931818,14329.979281536898,14233.873895030696,14138.413048557248,14043.592419446735,13949.407714019739,13855.854667392816,13762.92904328537,13670.626633827838,13578.943259371128,13487.874768297379,13397.417036831946,13307.56596885668,13218.317495724443,13129.667576074871,13041.612195651367,12954.147367119343,12867.269129885646,12780.973549919227,12695.256719572993,12610.114757406864,12525.543808012011,12441.540041836273,12358.099655010756,12275.218869177577,12192.893931318767,12111.121113586343,12029.89671313349
97,38387.72,33876.22,27811.86,31735.54,25000.0,33644.86,38095.24,30814.81,33918.13,30721.97,29319.37,36535.43,36571.43,28800.0,29843.56,34912.72,31691.65,27210.88,35014.27,31944.44,31726.28,35151.52,37099.93,33462.03,27700.26,32318.5,34478.45,32426.17,36131.77,36693.74,27534.88,31890.27,27502.18,28792.71,32631.11,26519.34,34072.76,28830.94,33285.18,31801.24,34840.13,33503.11,32318.88,29981.91,31752.02,32311.36,31966.37,31633.79,31339.19,31087.49,30873.56,30694.27,30551.26,30445.24,30365.29,30286.33,30182.69,30041.76,29865.03,29661.45,29444.22,29229.07,29027.4,28841.5,28666.81,28497.56,28329.81,28161.69,27993.03,27824.5,27656.63,27489.58,27323.33,27157.89,26993.26,26829.44,26666.41,26504.19,26342.77,26182.15,26022.32,25863.29,25705.06,25547.62,25390.97,25235.12,25080.05,24925.76,24772.26,24619.55,24467.61,24316.46,24166.08,24016.48,23869.758785300968,23723.933918228344,23578.999922825104,23434.951356587866,23291.78281026254,23149.488907641182,23008.064305360123,22867.503692699323,22727.801791382914,22588.953355381032,22450.953170712783,22313.79605525048,22177.47685852503,22041.990461532525,21907.331776542032,21773.495746904508,21640.47734686295,21508.271581363653,21376.873485868626,21246.278126169196,21116.48059820069,20987.4760278583,20859.259570814047,20731.826412334856,20605.171767101783,20479.290879030283,20354.179021091644,20229.831495135462,20106.243631713216,19983.41078990294,19861.32835713493,19739.991749018536,19619.39640917003,19499.53780904148,19380.41144775072,19262.01285191232,19144.337575469606,19027.3811995277,18911.1393321876,18795.607608381226,18680.781689707546,18566.657264269623,18453.230046512723,18340.49577706337,18228.450222569405,18117.08917554102,18006.40845419276,17896.40390228648,17787.071388975288,17678.40680864841,17570.406080777026,17463.065149761034,17356.37998477677,17250.346579625624,17144.96095258361,17040.21914625185,16936.117227407965,16832.65128685837,16729.817439291488,16627.611823131836,16526.03060039504,16425.069956543677,16324.726100344074,16224.995263723908,16125.873701630726,16027.357691891311,15929.443535071903,15832.12755433928,15735.406095322694,15639.275525976633,15543.732236444437,15448.772638922752,15354.393167526778,15260.590278156395,15167.360448363046,15074.700177217484,14982.605985178308,14891.07441396128,14800.102026409479,14709.685406364224,14619.821158536799,14530.505908380941,14441.736301966132,14353.509005851647,14265.820706961384,14178.668112459443
98,38095.24,13986.01,47311.83,43304.84,35348.84,43187.66,28235.29,46437.99,30695.44,38532.11,32771.08,41779.5,37914.69,40481.93,39543.73,36226.42,40754.72,29392.97,29906.54,37982.2,31876.61,35643.56,40826.25,33072.63,38130.16,42237.98,32200.36,39150.51,32736.57,35438.88,37388.32,31287.93,31082.8,30232.56,27586.21,35020.52,28019.32,38060.38,38748.39,31758.03,33438.2,37755.1,36347.44,34657.04,34955.28,35044.15,34734.92,34398.18,34074.25,33787.98,33543.76,33336.2,33161.85,33021.79,32916.19,32834.24,32752.25,32646.59,32506.31,32333.64,32137.48,31930.09,31725.22,31532.11,31351.91,31180.31,31012.44,30845.38,30678.14,30511.0,30344.41,30178.52,30013.33,29848.84,29685.05,29521.95,29359.56,29197.87,29036.87,28876.56,28716.96,28558.05,28399.83,28242.31,28085.48,27929.34,27773.9,27619.14,27465.08,27311.7,27159.01,27007.01,26855.69,26705.06,26557.737868686378,26411.228460144193,26265.527290876664,26120.62990212082,25976.531859711075,25833.228753943516,25690.716199440987,25548.989835018845,25408.045323551538,25267.878351839856,25128.484630478943,24989.859893727036,24851.99989937493,24714.90042861613,24578.55728591779,24442.966298892283,24308.123318169528,24174.024217270027,24040.66489247857,23908.041262718645,23776.14926942757,23644.98487643227,23514.54406982579,23384.822857844432,23255.817270745614,23127.523360686377,22999.937201602595,22873.0548890888,22746.87254027872,22621.386293726446,22496.59230928827,22372.486768005154,22249.065871985884,22126.325844290826,22004.262928816355,21882.873390179906,21762.153513605674,21642.099604810912,21522.707989892893,21403.975015216492,21285.897047302347,21168.470472715697,21051.691697955783,20935.55714934589,20820.06327292397,20705.206534333916,20590.983418717366,20477.390430606167,20364.424093815378,20252.080951336935,20140.35756523381,20029.25051653485,19918.7564051301,19808.871849666804,19699.593487445884,19590.91797431906,19482.841984586514,19375.36221089509,19268.475364137117,19162.178173349723,19056.467385614767,18951.339765959263,18846.792097256413,18742.821180127128,18639.423832842138,18536.59689122462,18434.33720855337,18332.641655466494,18231.507119865666,18130.930506820867,18030.90873847569,17931.43875395314,17832.51750926198,17734.141977203562,17636.309147279193,17539.016025598015,17442.259634785376,17346.037013891728,17250.345218301994,17155.181319645482,17060.542405706256,16966.42558033402,16872.82796335548,16779.746690486234,16687.178913243075,16595.12179885686
99,36363.64,50000.0,39639.64,26519.34,26168.22,36065.57,32520.33,29090.91,32876.71,41811.85,42477.88,39344.26,33548.39,23880.6,41600.0,36585.37,39628.48,27586.21,40174.67,36994.22,35764.71,35555.56,38095.24,40251.57,31698.11,26456.69,31914.89,38199.18,34929.58,31920.2,35154.39,32979.98,31777.56,32224.17,36297.64,38095.24,44302.45,32981.78,36761.49,36072.73,37653.87,36967.51,36337.42,32551.72,36528.07,37699.89,37463.18,37163.95,36838.33,36525.74,36250.09,36015.24,35815.6,35647.44,35511.29,35406.75,35323.28,35238.81,35132.04,34993.78,34826.92,34640.16,34444.65,34252.03,34069.37,33896.82,33730.44,33566.4,33402.83,33239.46,33076.56,32914.24,32752.51,32591.38,32430.83,32270.87,32111.5,31952.72,31794.53,31636.93,31479.92,31323.49,31167.66,31012.42,30857.77,30703.71,30550.23,30397.35,30245.05,30093.34,29942.22,29791.69,29641.74,29492.39,29346.96115117988,29202.249421252778,29058.251274059865,28914.963190879345,28772.381670340463,28630.503228337948,28489.324397946853,28348.84172933789,28209.051789693076,28069.951163121877,27931.536450577732,27793.804269775002,27656.751255106297,27520.37405756027,27384.66934463975,27249.633800280324,27115.2641247693,26981.557034665082,26848.50926271694,26716.11755778515,26584.378684761577,26453.28942449061,26322.846573690487,26193.046944875037,26063.887366275794,25935.36468176448,25807.475750775877,25680.2174482311,25553.586664461232,25427.580305131327,25302.1952911648,25177.42855866818,25053.277058856267,24929.7377579776,24806.80763724035,24684.48369273853,24562.762935378618,24441.64239080649,24321.119099334755,24201.190115870435,24081.852509842985,23963.103365132698,23844.939779999422,23727.358867011684,23610.35775297612,23493.933578867258,23378.083499757664,23262.804684748426,23148.094316899966,23033.949593163223,22920.36772431114,22807.345934870533,22694.88146305423,22582.97156069362,22471.613493171484,22360.804539355173,22250.54199153012,22140.823155333666,22031.645349689228,21923.00590674078,21814.90217178766,21707.331503219713,21600.29127245273,21493.77886386421,21387.79167472945,21282.32711515797,21177.382608030177,21072.955588934437,20969.043506104383,20865.643820356574,20762.754005028448,20660.371545916572,20558.493941215205,20457.118701455172,20356.243349443037,20255.86542020056,20155.982460904448,20056.592030826454,19957.691701273718,19859.279055529405,19761.35168879368,19663.90720812491,19566.943232381225,19470.457392162316,19374.44732975153,19278.910699058262
100,68217.05,26373.63,32214.77,51612.9,38888.89,27972.03,47058.82,29850.75,30622.01,48484.85,65306.12,46753.25,54857.14,31638.42,38502.67,50349.65,43010.75,44444.44,48087.43,41791.04,21768.71,27586.21,37037.04,49382.72,57358.49,35398.23,35597.19,48289.74,43396.23,46325.17,40704.5,39367.31,34347.05,32807.57,32258.06,38857.14,44745.76,35059.76,34117.65,44177.67,40228.57,32862.64,28019.32,35437.43,38835.87,40227.74,40080.09,39853.55,39566.55,39254.62,38955.87,38693.01,38469.38,38279.22,38118.57,37987.41,37884.79,37800.55,37714.5,37607.85,37473.19,37313.98,37138.56,36956.83,36778.23,36607.76,36444.74,36285.78,36128.18,35971.01,35814.24,35657.96,35502.15,35346.83,35191.98,35037.62,34883.74,34730.34,34577.42,34424.99,34273.04,34121.58,33970.6,33820.1,33670.09,33520.57,33371.53,33222.98,33074.92,32927.34,32780.24,32633.64,32487.52,32341.89,32201.788048437713,32062.29300503174,31923.40224071442,31785.11313780695,31647.42308997008,31510.329502154957,31373.829790554224,31237.921382553344,31102.601716682086,30967.868242566266,30833.718420879675,30700.14972329623,30567.159632442286,30434.745641849247,30302.905255906284,30171.635989813316,30040.935369534174,29910.800931749982,29781.230223812716,29652.22080369899,29523.77023996403,29395.87611169585,29268.536008469604,29141.7475303022,29015.508287607023,28889.815901148922,28764.66800199936,28640.062231491782,28515.996241177138,28392.467692779635,28269.474258152666,28147.013619234935,28025.08346800676,27903.681506446574,27782.80544648763,27662.453009974855,27542.621928621924,27423.309943968517,27304.514807337742,27186.234279793764,27068.466132099595,26951.20814467509,26834.458107555107,26718.213820347868,26602.47309219348,26487.233741722634,26372.493597015517,26258.250495560846,26144.502284215145,26031.246819162137,25918.481965872357,25806.205599062916,25694.415602657442,25583.1098697462,25472.286302546392,25361.942812362606,25252.077319547465,25142.68775346242,25033.772052438722,24925.328163738584,24817.354043516476,24709.847656780614,24602.80697735459,24496.229987839208,24390.11467957445,24284.45905260162,24179.261115625643,24074.518885977555,23970.23038957711,23866.393660895596,23763.00674291878,23660.067687110022,23557.574553373564,23455.525410017945,23353.91833371961,23252.751409486664,23152.022730622757,23051.730398691176,22951.872523479047,22852.447222961728,22753.4526232673,22654.886858641312,22556.748071411548,22459.034411953067,22361.744038653327,22264.875117877466
101,26666.67,92307.69,40000.0,59259.26,15384.62,47619.05,36781.61,34042.55,40404.04,51851.85,25000.0,32876.71,19753.09,45714.29,32000.0,46280.99,47619.05,47524.75,17977.53,38554.22,38888.89,59534.88,41379.31,35443.04,42384.11,21238.94,26778.24,40143.37,35955.06,61538.46,30379.75,36809.82,37333.33,43450.48,25120.77,24896.27,44332.49,36012.86,43804.03,45208.85,47558.39,44609.67,33970.28,47876.45,42439.23,43796.88,43658.05,43445.03,43175.17,42881.87,42600.96,42353.79,42143.51,41964.71,41813.65,41690.32,41593.83,41514.62,41433.71,41333.43,41206.81,41057.1,40892.16,40721.28,40553.35,40393.06,40239.77,40090.3,39942.11,39794.33,39646.92,39499.97,39353.47,39207.42,39061.82,38916.67,38771.98,38627.74,38483.96,38340.63,38197.75,38055.33,37913.37,37771.86,37630.81,37490.21,37350.07,37210.39,37071.17,36932.4,36794.09,36656.24,36518.85,36381.91,36247.49145964273,36113.569549176296,35980.14243372548,35847.20828519429,35714.76528224093,35582.81161025281,35451.3454613217,35320.365034218994,35189.86853437097,35059.85417383425,34930.32017127128,34801.26475192594,34672.686147599205,34544.58259662494,34416.952343845755,34289.79364058895,34163.10474464259,34036.883920231565,33911.1294379939,33785.839574956975,33661.01261451397,33536.64684640035,33412.74056667038,33289.29207767384,33166.29968803273,33043.7617126181,32921.676472526975,32800.04229505934,32678.85751369523,32558.120468071895,32437.829503961035,32317.982973246162,32198.579233900018,32079.616649962045,31961.093591515997,31843.008434667612,31725.35956152235,31608.145360163224,31491.364224628735,31375.014554890837,31259.09475683305,31143.603242228586,31028.538428718617,30913.89873979058,30799.68260475657,30685.888458731835,30572.514742613337,30459.559903058365,30347.022392463292,30234.900668942333,30123.193196306445,30011.898444042265,29901.014887291152,29790.541006828287,29680.475289041853,29570.816225912316,29461.562314991745,29352.712059383226,29244.263967720373,29136.216554146875,29028.568338296147,28921.317845271038,28814.463605623634,28708.004155335137,28601.938035795763,28496.263793784805,28390.9799814507,28286.085156291185,28181.577881133555,28077.45672411495,27973.720258662746,27870.367063475027,27767.39572250107,27664.804824921986,27562.59296513137,27460.758742716036,27359.30076243685,27258.217634209595,27157.50797308594,27057.170399234452,26957.203537921698,26857.606019493407,26758.376479355713,26659.513557956438,26561.01590076649,26462.88215826129
102,53333.33,100000.0,0.0,22857.14,64864.86,64000.0,61538.46,40000.0,40677.97,19512.2,12903.23,34042.55,57142.86,68965.52,20000.0,41379.31,10958.9,55172.41,26229.51,41379.31,40000.0,16842.11,59259.26,35955.06,27586.21,60759.49,16000.0,45000.0,24539.88,46242.77,54901.96,34146.34,42512.08,50955.41,34951.46,54421.77,47368.42,35874.44,43781.09,36363.64,38095.24,44094.49,51525.42,52413.79,46448.28,47767.86,47638.84,47440.87,47190.08,46917.5,46656.43,46426.73,46231.31,46065.14,45924.75,45810.14,45720.47,45646.85,45571.66,45478.46,45360.79,45221.66,45068.37,44909.57,44753.5,44604.53,44462.07,44323.17,44185.45,44048.1,43911.11,43774.54,43638.39,43502.66,43367.35,43232.46,43097.99,42963.94,42830.32,42697.11,42564.33,42431.97,42300.04,42168.53,42037.44,41906.78,41776.55,41646.73,41517.35,41388.38,41259.85,41131.73,41004.05,40876.79,40750.58444470337,40624.76854432308,40499.3410958142,40374.300899846145,40249.646760791235,40125.37748671324,40001.49188935597,39877.98878413196,39754.86699011109,39632.12533000934,39509.762630177494,39387.77772058993,39266.169434833464,39144.93661009613,39024.07808715613,38903.59271037071,38783.47932766511,38663.73679052157,38544.36395396835,38425.359676568725,38306.722820410156,38188.45225109334,38070.5468377214,37953.00545288905,37835.82697267184,37719.010276615394,37602.554247724685,37486.45777245337,37370.71974069314,37255.33904576311,37140.31458439922,37025.64525674371,36911.32996633456,36797.36762009509,36683.75712832339,36570.49740468201,36457.5873661875,36345.0259332001,36232.812029413384,36120.94458184398,36009.42252082132,35898.2447799774,35787.41029623659,35676.918009805464,35566.76686416267,35456.95580604883,35347.48378545645,35238.3497556199,35129.55267300541,35021.09149730109,34912.96519140694,34805.17272142499,34697.71305664939,34590.58516955655,34483.78803579533,34377.32063417723,34271.18194666662,34165.37095837104,34059.88665753145,33954.7280355126,33849.89408679334,33745.38380895705,33641.19620268201,33537.330271731895,33433.785022946206,33330.55946623079,33227.65261454838,33125.06348390914,33022.79109336128,32920.83446498165,32819.1926238664,32717.86459812166,32616.84941885426,32516.146120162433,32415.753739126605,32315.671315800184,32215.897893200367,32116.432517299007,32017.274237013484,31918.422104197605,31819.875173632547,31721.63250301781,31623.693152962216,31526.056186974918,31428.720671456456,31331.685675689812
103,0.0,72727.27,0.0,0.0,42105.26,33333.33,0.0,61538.46,64864.86,85714.29,22222.22,25000.0,40000.0,0.0,0.0,28571.43,0.0,34042.55,0.0,55813.95,80000.0,29629.63,60606.06,35555.56,50793.65,72727.27,15686.27,23188.41,57142.86,41379.31,63636.36,40000.0,19047.62,50000.0,41025.64,73282.44,57142.86,32369.94,33057.85,77108.43,62745.1,67924.53,40000.0,42105.26,50802.11,52080.35,51961.98,51780.36,51550.27,51300.2,51060.69,50849.95,50670.66,50518.21,50389.42,50284.27,50202.0,50134.46,50065.47,49979.97,49872.02,49744.37,49603.74,49458.05,49314.86,49178.2,49047.5,48920.06,48793.72,48667.71,48542.03,48416.74,48291.83,48167.3,48043.16,47919.41,47796.04,47673.06,47550.47,47428.26,47306.45,47185.02,47063.98,46943.32,46823.06,46703.19,46583.7,46464.61,46345.9,46227.59,46109.66,45992.13,45874.99,45758.23,45641.705299397676,45525.47733242885,45409.545343452446,45293.908578751674,45178.56628652909,45063.51771690171,44948.76212189618,44834.298755443866,44720.126873376015,44606.24573341894,44492.654595189146,44379.35272018857,44266.33937179977,44153.613815281074,44041.17531776191,43929.02314823793,43817.156577566355,43705.574878461164,43594.27732548839,43483.26319506141,43372.53176543625,43262.08231670686,43151.91413080047,43042.026491472876,42932.41868430383,42823.0899966924,42714.03971785226,42605.26713880716,42496.77155238627,42388.5522532196,42280.60853773339,42172.93970414555,42065.54505246113,41958.4238844677,41851.57550373088,41744.99921558974,41638.694327152385,41532.66014729133,41426.89598663911,41321.40115758372,41216.17497426421,41111.21675256618,41006.52581011735,40902.10146628312,40797.94304216216,40694.049860581945,40590.42124609445,40487.056524971624,40383.95502520116,40281.116076482,40178.53901022005,40076.22315952379,39974.16785919999,39872.372445749315,39770.836257362105,39669.55863391396,39568.53891696155,39467.77644973826,39367.270577149975,39267.02064577078,39167.02600383874,39067.28600125164,38967.79998956279,38868.567321976756,38769.58735334521,38670.85944016272,38572.382940562544,38474.15721431248,38376.18162281069,38278.45552908157,38180.97829777157,38083.74929514512,37986.767889080445,37890.03344906549,37793.54534619384,37697.302953160586,37601.3056442583,37505.55279537288,37410.043783979614,37314.77798913903,37219.7547914929,37124.97357326023,37030.433718233195,36936.13461177319,36842.075640806775,36748.256193821755
104,0.0,0.0,72727.27,50000.0,0.0,61538.46,100000.0,0.0,0.0,100000.0,0.0,22222.22,55813.95,0.0,72727.27,94117.65,69565.22,0.0,47058.82,47058.82,88888.89,0.0,50000.0,25000.0,55172.41,51612.9,0.0,41025.64,39024.39,66666.67,18181.82,82051.28,38095.24,32000.0,62500.0,37209.3,57142.86,47058.82,35555.56,47058.82,30769.23,34042.55,55813.95,34782.61,55407.93,56642.43,56535.33,56371.0,56162.82,55936.55,55719.85,55529.18,55366.95,55229.02,55112.49,55017.35,54942.91,54881.8,54819.38,54742.02,54644.34,54528.85,54401.61,54269.78,54140.23,54016.57,53898.32,53783.02,53668.7,53554.69,53440.97,53327.61,53214.59,53101.92,52989.6,52877.63,52766.0,52654.73,52543.81,52433.24,52323.02,52213.15,52103.63,51994.47,51885.65,51777.19,51669.08,51561.33,51453.92,51346.87,51240.17,51133.83,51027.84,50922.2,50817.64625162062,50713.30717358739,50609.182325137925,50505.27126641485,50401.57355846388,50298.088763232015,50194.81644356565,50091.75616320877,49988.90748680105,49886.26997987608,49783.84320885948,49681.6267410671,49579.62014470316,49477.82298885848,49376.23484350858,49274.85527951196,49173.68386860818,49072.72018341615,48971.96379743228,48871.41428502864,48771.071221451246,48670.934182818186,48571.0027461179,48471.276489207325,48371.75499081017,48272.4378305151,48173.324588773954,48074.41484690003,47975.70818706624,47877.20419230338,47778.90244649841,47680.80253439261,47582.9040415799,47485.20655450504,47387.70966046193,47290.41294759181,47193.31600488158,47096.418422162,46999.719790106035,46903.21970022705,46806.917744877115,46710.81351724532,46614.90661135598,46519.196622067,46423.68314506808,46328.365776879094,46233.24411484832,46138.31775715078,46043.58630278649,45949.049351578855,45854.706504172886,45760.557362033556,45666.60152744412,45572.83860350443,45479.26819412926,45385.889904046606,45292.703338796055,45199.7081047271,45106.90380899748,45014.29005957152,44921.866465218474,44829.632635510876,44737.58818082289,44645.73271232864,44554.065842000615,44462.587182608,44371.29634771504,44280.192951679404,44189.27660965059,44098.54693756823,44008.00355216057,43917.64607094272,43827.474112215175,43737.48729506211,43647.68523934978,43558.067565724974,43468.63389561335,43379.38385121783,43290.31705551709,43201.43313226385,43112.731705983395,43024.21240197188,42935.874846294864,42847.718665785615,42759.743488043634,42671.94894143301
105,0.0,100000.0,0.0,0.0,50000.0,0.0,0.0,50000.0,100000.0,50000.0,50000.0,100000.0,100000.0,80000.0,100000.0,100000.0,100000.0,0.0,88888.89,34782.61,57142.86,0.0,0.0,0.0,33333.33,38095.24,66666.67,100000.0,57142.86,88888.89,38095.24,32000.0,0.0,0.0,36363.64,61538.46,80000.0,0.0,51612.9,60377.36,40000.0,36363.64,64000.0,26666.67,60147.04,61336.54,61241.03,61094.49,60908.85,60707.08,60513.83,60343.81,60199.15,60076.14,59972.23,59887.39,59821.01,59766.52,59710.86,59641.87,59554.77,59451.78,59338.31,59220.76,59105.24,58994.97,58889.52,58786.7,58684.75,58583.09,58481.68,58380.59,58279.81,58179.34,58079.18,57979.33,57879.79,57780.57,57681.65,57583.05,57484.77,57386.79,57289.13,57191.78,57094.75,56998.03,56901.63,56805.54,56709.76,56614.3,56519.15,56424.32,56329.81,56235.61,56140.13908530821,56044.83025111225,55949.683222248874,55854.69772402198,55759.87348220179,55665.21022302412,55570.70767318955,55476.365559862614,55382.18361067106,55288.16155370503,55194.299117516304,55100.596031117464,55007.05202398118,54913.66682603937,54820.44016768247,54727.37177975861,54634.461393572856,54541.70874088647,54449.11355391605,54356.675565332844,54264.39450826194,54172.27011628149,54080.302123421956,53988.49026416531,53896.834273444336,53805.33388664178,53713.98883958966,53622.798868568454,53531.76371030635,53440.88310197851,53350.156781206264,53259.58448605641,53169.165955040415,53078.900927113675,52988.789141674766,52898.83033856467,52809.02425806606,52719.37064090252,52629.869228237796,52540.51976167508,52451.32198325623,52362.27563546103,52273.380461206485,52184.636203846014,52096.04260716876,52007.59941539883,51919.30637319457,51831.16322564781,51743.16971828315,51655.32559705717,51567.63060835777,51480.08449900343,51392.68701624242,51305.4379077521,51218.33692163821,51131.38380643415,51044.57831110019,50957.920185022835,50871.409178014015,50785.045040310426,50698.82752257279,50612.7563758851,50526.83135175399,50441.05220210789,50355.418679296425,50269.930536089654,50184.587525677336,50099.389401668246,50014.33591808948,49929.42682938567,49844.66189041839,49760.04085646533,49675.56348321967,49591.22952678934,49507.038743696336,49422.99089087599,49339.08572567629,49255.32300585718,49171.70248958984,49088.223935456015,49004.8871024473,48921.69174996445,48838.63763781667,48755.724526220954,48672.952175801365,48590.320347588364
106,0.0,100000.0,0.0,80000.0,50000.0,50000.0,50000.0,50000.0,50000.0,50000.0,50000.0,50000.0,50000.0,0.0,0.0,0.0,50000.0,0.0,100000.0,0.0,72727.27,0.0,0.0,50000.0,0.0,0.0,100000.0,100000.0,0.0,100000.0,100000.0,0.0,66666.67,96000.0,0.0,44444.44,0.0,66666.67,0.0,100000.0,44444.44,57142.86,0.0,57142.86,64886.14,66030.64,65946.73,65817.99,65654.88,65477.61,65307.82,65158.44,65031.34,64923.27,64831.97,64757.43,64699.11,64651.24,64602.34,64541.73,64465.2,64374.71,64275.02,64171.74,64070.24,63973.36,63880.71,63790.38,63700.81,63611.49,63522.4,63433.58,63345.03,63256.76,63168.76,63081.03,62993.58,62906.4,62819.49,62732.87,62646.51,62560.43,62474.63,62389.1,62303.85,62218.87,62134.17,62049.75,61965.6,61881.73,61798.13,61714.82,61631.78,61549.01,61450.89490723497,61352.93621944588,61255.133687308036,61157.48706189416,61059.99609467383,60962.66053751278,60865.480142672284,60768.454662808566,60671.58385097213,60574.86746060713,60478.30524555076,60381.89696003261,60285.64235867408,60189.54119648771,60093.59322887656,59997.798211633635,59902.155900941194,59806.66605337019,59711.32842587962,59616.1427758159,59521.10886091227,59426.22643928817,59331.49526944861,59236.91511028358,59142.485721067416,59048.20686145819,58954.0782914971,58860.09977160787,58766.27106259614,58672.59192564883,58579.062122333555,58485.68141459802,58392.44956476942,58299.366335553794,58206.43149003547,58113.64479167646,58021.006004315794,57928.514892169,57836.171219827476,57743.97475225785,57651.92525480144,57560.02249317363,57468.266233463284,57376.656242132114,57285.19228601415,57193.87413231509,57102.70154861174,57011.674302851396,56920.79216335128,56830.054898797935,56739.46227824665,56649.01407112085,56558.71004721152,56468.54997667663,56378.53363004053,56288.6607781934,56198.931192390606,56109.34464425219,56019.90090576223,55930.599749268295,55841.44094748085,55752.424273472694,55663.549500678346,55574.816402893506,55486.224754274466,55397.774329337546,55309.46490295848,55221.2962503719,55133.268147170726,55045.38036930559,54957.6326930843,54870.02489517125,54782.55675258683,54695.22804270693,54608.03854326226,54520.988032337904,54434.076288372664,54347.303090158544,54260.66821684019,54174.1714479143,54087.812563229054,54001.59134298361,53915.507567727494,53829.56101836007,53743.751476129946,53658.07872263446
107,50000.0,50000.0,50000.0,0.0,50000.0,50000.0,50000.0,50000.0,50000.0,50000.0,50000.0,50000.0,50000.0,50000.0,0.0,0.0,0.0,50000.0,50000.0,50000.0,0.0,0.0,0.0,0.0,50000.0,0.0,0.0,100000.0,50000.0,50000.0,50000.0,50000.0,0.0,0.0,0.0,0.0,0.0,72727.27,0.0,100000.0,0.0,0.0,100000.0,0.0,69491.97,70592.73,70520.09,70408.63,70267.43,70113.97,69966.98,69837.66,69727.63,69634.08,69555.04,69490.51,69440.02,69398.58,69356.24,69303.77,69237.52,69159.19,69072.89,68983.48,68895.61,68811.74,68731.53,68653.33,68575.79,68498.46,68421.34,68344.45,68267.79,68191.37,68115.19,68039.25,67963.54,67888.07,67812.84,67737.84,67663.08,67588.57,67514.29,67440.24,67366.44,67292.88,67219.55,67146.47,67073.62,67001.01,66928.65,66856.52,66784.63,66712.98,66604.1731261299,66495.54371301483,66387.09147122163,66278.81611178916,66170.71734622757,66062.79488651756,65955.04844510955,65847.47773492298,65740.08246934546,65632.8623622321,65525.81712790467,65418.94648115092,65312.2501372237,65205.72781184035,65099.37922118182,64993.20408189198,64887.202111076826,64781.373026303765,64675.71654560084,64570.23238745598,64464.92027081624,64359.77991508708,64254.811040131586,64150.01336626977,64045.38661427774,63940.93050538707,63836.64476128396,63732.52910410853,63628.583256454105,63524.80694136643,63421.19988234296,63317.761803332134,63214.492428732585,63111.39148339249,63008.45869260875,62905.69378212632,62803.096478137464,62700.666507281,62598.40359664158,62496.307473749024,62394.37786657748,62292.614503544806,62191.01711351178,62089.5854257814,61988.319170098184,61887.2180766474,61786.2818760544,61685.51029938387,61584.9030781391,61484.45994426133,61384.18063012897,61284.0648685569,61184.11239279582,61084.32293653143,60984.696233883835,60885.232019406736,60785.930028086805,60686.78999534291,60587.811657025486,60488.99474941573,60390.33900922501,60291.844173594094,60193.50998009244,60095.336166717556,59997.32247189426,59899.46863447397,59801.774393734064,59704.23948937711,59606.86366153026,59509.64665074448,59412.58819799387,59315.68804467506,59218.94593260639,59122.36160402732,59025.934801597694,58929.66526839708,58833.55274792408,58737.59698409561,58641.797721246294,58546.154704127715,58450.66767790777,58355.336388169955,58260.16058091274,58165.14000254885,58070.27439990459,57975.56352021923
108,50000.0,50000.0,50000.0,50000.0,50000.0,50000.0,50000.0,50000.0,50000.0,50000.0,50000.0,50000.0,50000.0,50000.0,50000.0,0.0,0.0,0.0,50000.0,50000.0,50000.0,50000.0,0.0,0.0,0.0,50000.0,0.0,0.0,0.0,50000.0,50000.0,50000.0,50000.0,50000.0,0.0,0.0,100000.0,0.0,50000.0,50000.0,50000.0,0.0,80000.0,0.0,73845.8,74905.22,74843.23,74748.12,74627.63,74496.67,74371.24,74260.88,74166.99,74087.15,74019.7,73964.64,73921.56,73886.19,73850.06,73805.28,73748.75,73681.9,73608.26,73531.96,73456.98,73385.41,73316.96,73250.23,73184.06,73118.07,73052.26,72986.64,72921.23,72856.02,72791.01,72726.2,72661.59,72597.19,72532.99,72468.99,72405.2,72341.61,72278.22,72215.04,72152.06,72089.28,72026.71,71964.34,71902.18,71840.22,71778.46,71716.91,71655.57,71594.42,71345.13546568467,71096.71891492236,70849.16732548208,70602.47768565593,70356.64699422246,70111.67226041021,69867.55050386123,69624.27875459491,69381.85405297179,69140.27344965759,68899.53400558732,68659.63279192953,68420.56689005061,68182.33339147939,67944.92939787167,67708.35202097503,67472.59838259361,67237.66561455316,67003.55085866612,66770.25126669685,66537.76400032698,66306.08623112088,66075.21514049123,65845.14791966476,65615.88176964807,65387.41390119356,65159.74153476552,64932.86190050629,64706.77223820258,64481.46979725189,64256.95183662904,64033.2156248528,63810.25843995271,63588.07756943592,63366.6703102542,63146.033968771095,62926.16586072908,62707.06331121697,62488.723654637324,62271.144234674066,62054.32240426013,61838.25552554528,61622.940969864016,61408.376117703556,61194.55835867202,60981.48509146664,60769.15372384212,60557.561672579126,60346.70636345278,60136.58523120145,59927.195719495445,59718.53528090598,59510.601376874154,59303.39147768005,59096.903062412035,58891.133618935964,58686.08064386474,58481.74164252779,58278.11412894074,58075.195625775144,57872.98366432838,57671.475784493596,57470.66953472978,57270.56247203194,57071.15216190137,56872.43617831608,56674.41210370119,56477.077528899594,56280.43005314264,56084.4672840209,55889.18683745509,55694.58633766701,55500.66341715071,55307.41571664365,55114.840885098005,54922.93657965206,54731.7004656017,54541.13021637203,54351.223513489036,54161.9780465514,53973.39151320241,53785.461619101894,53598.18607789836,53411.56261120115,53225.58894855276,53040.262827401144
109,50000.0,50000.0,50000.0,50000.0,50000.0,50000.0,50000.0,50000.0,50000.0,50000.0,50000.0,50000.0,50000.0,50000.0,50000.0,50000.0,0.0,80000.0,50000.0,50000.0,50000.0,50000.0,50000.0,0.0,80000.0,50000.0,50000.0,0.0,80000.0,50000.0,50000.0,50000.0,50000.0,50000.0,50000.0,0.0,0.0,0.0,0.0,50000.0,50000.0,50000.0,0.0,50000.0,77854.85,78876.2,78824.02,78743.96,78642.53,78532.29,78426.71,78333.82,78254.78,78187.58,78130.81,78084.46,78048.19,78018.42,77988.01,77950.32,77902.73,77846.46,77784.47,77720.24,77657.13,77596.88,77539.27,77483.09,77427.4,77371.85,77316.45,77261.22,77206.15,77151.26,77096.54,77041.99,76987.6,76933.39,76879.35,76825.48,76771.78,76718.25,76664.9,76611.71,76558.7,76505.85,76453.18,76400.68,76348.36,76296.2,76244.22,76192.41,76140.77,76089.3,75160.52371419966,74243.0844414756,73336.84379773312,72441.66508804886,71557.41328605212,70683.95501355783,69821.15852044815,68968.89366479962,68127.03189325288,67295.44622162209,66474.0112157409,65662.60297254237,64861.09910136968,64069.3787055151,63287.32236398424,62514.81211348292,61751.73143062387,60997.9652143507,60253.39976857628,59517.92278503324,58791.4233263336,58073.79180923529,57364.91998811296,56664.7009386304,55973.02904161245,55289.79996711362,54614.9106586813,53948.25931781094,53289.74538859105,52639.26954253567,51996.73366360185,51362.04083339012,50735.09531652558,50115.80254621741,49504.06910999472,48899.8027356164,48302.91227715305,47713.30770123879,47130.90007349078,46555.60154509476,45987.32533955399,45425.985739600204,44871.49807426428,44323.7787061046,43782.74501859148,43248.31540364548,42720.40924932786,42198.9469276813,41683.84978271904,41175.040118560566,40672.44118771225,40175.9771794909,39685.57320858873,39201.1553037778,38722.65039675243,38249.98631110779,37783.09175145296,37321.89629265694,36866.33036922592,36416.32526481021,35971.81310183924,35532.72683128306,35099.000222538896,34670.56785344107,34247.36510039291,33829.32812861907,33416.393882536904,33008.5000762453,32605.58518412965,32207.588431581487,31814.449785831424,31426.10994689394,31042.510338622746,30663.59309987532,30289.301075785268,29919.577809141258,29554.367531871147,29193.615156630087,28837.26626849129,28485.267116738225,28137.56460675699,27794.10629202771,27454.840366213575,27119.71565534657,26788.681610108484,26461.688298206227
110,50000.0,50000.0,50000.0,50000.0,50000.0,50000.0,50000.0,50000.0,50000.0,50000.0,50000.0,50000.0,50000.0,50000.0,50000.0,100000.0,100000.0,100000.0,50000.0,50000.0,50000.0,100000.0,100000.0,50000.0,0.0,50000.0,50000.0,50000.0,0.0,50000.0,50000.0,50000.0,50000.0,50000.0,50000.0,50000.0,0.0,0.0,80000.0,50000.0,50000.0,50000.0,50000.0,50000.0,81458.21,82445.34,82401.98,82335.44,82251.15,82159.54,82071.8,81994.6,81928.92,81873.07,81825.89,81787.37,81757.23,81732.49,81707.22,81675.9,81636.35,81589.59,81538.07,81484.7,81432.24,81382.18,81334.3,81287.61,81241.33,81195.17,81149.13,81103.23,81057.47,81011.85,80966.37,80921.04,80875.84,80830.79,80785.88,80741.11,80696.49,80652.0,80607.66,80563.46,80519.41,80475.49,80431.72,80388.09,80344.61,80301.26,80258.06,80215.01,80172.09,80129.32,79435.12855051724,78746.95115142872,78064.73570067788,77388.43054758856,76717.98448895452,76053.34676516274,75394.46705635049,74741.29547859558,74093.78258013961,73451.87933764402,72815.53715247844,72184.70784704137,71559.34366111258,70939.3972482372,70324.82167214113,69715.57040317741,69111.59731480353,68512.85668008914,67919.30316825407,67330.89184123633,66747.57815028982,66169.31793261152,65596.067407998,65027.78317553069,64464.422210290104,63905.94186009831,63352.29984228982,62803.45424051028,62259.36350154302,61719.986432163045,61185.28219601828,60655.21031053784,60129.73064386709,59608.80341182925,59092.38917491335,58580.44883528819,58072.94363384234,57569.83514724957,57071.0852850599,56576.656286815676,56086.51071919284,55600.611473166704,55118.921761202524,54641.40511447027,54168.02538008355,53698.746718362476,53233.533600120274,52772.350803973284,52315.16341367442,51861.936815469584,51412.63669547713,50967.22903708987,50525.68011839971,50087.956509644595,49654.02507067744,49223.85294845717,48797.40757456137,48374.65666272054,47955.56820637367,47540.11047624503,47128.25201794193,46719.96164957336,46315.20845938908,45913.96180343943,45516.19130325515,45121.866843547505,44730.95856992818,44343.43688664906,43959.272454361475,43578.436187894964,43200.89925405518,42826.63306944096,42455.60929828028,42087.79985028488,41723.17687852361,41361.71277731412,41003.38018013279,40648.151957542876,40296.00121514044,39946.90129151826,39600.82575624723,39257.748407875326,38917.6432719439,38580.48459902114,38246.246862752545,37914.90475792837
111,100000.0,100000.0,100000.0,100000.0,100000.0,100000.0,100000.0,100000.0,100000.0,100000.0,100000.0,100000.0,100000.0,100000.0,100000.0,100000.0,100000.0,100000.0,100000.0,100000.0,100000.0,100000.0,100000.0,100000.0,100000.0,100000.0,100000.0,100000.0,100000.0,100000.0,100000.0,100000.0,100000.0,100000.0,100000.0,100000.0,100000.0,100000.0,100000.0,100000.0,100000.0,100000.0,100000.0,100000.0,84627.19,85584.23,85548.63,85493.99,85424.77,85349.54,85277.49,85214.09,85160.16,85114.29,85075.55,85043.92,85019.17,84998.85,84978.1,84952.37,84919.9,84881.5,84839.19,84795.36,84752.29,84711.17,84671.86,84633.52,84595.51,84557.6,84519.8,84482.1,84444.53,84407.06,84369.72,84332.49,84295.38,84258.38,84221.5,84184.74,84148.09,84111.56,84075.15,84038.85,84002.67,83966.61,83930.67,83894.84,83859.13,83823.54,83788.06,83752.7,83717.46,83682.34,83682.34,83682.34,83682.34,83682.34,83682.34,83682.34,83682.34,83682.34,83682.34,83682.34,83682.34,83682.34,83682.34,83682.34,83682.34,83682.34,83682.34,83682.34,83682.34,83682.34,83682.34,83682.34,83682.34,83682.34,83682.34,83682.34,83682.34,83682.34,83682.34,83682.34,83682.34,83682.34,83682.34,83682.34,83682.34,83682.34,83682.34,83682.34,83682.34,83682.34,83682.34,83682.34,83682.34,83682.34,83682.34,83682.34,83682.34,83682.34,83682.34,83682.34,83682.34,83682.34,83682.34,83682.34,83682.34,83682.34,83682.34,83682.34,83682.34,83682.34,83682.34,83682.34,83682.34,83682.34,83682.34,83682.34,83682.34,83682.34,83682.34,83682.34,83682.34,83682.34,83682.34,83682.34,83682.34,83682.34,83682.34,83682.34,83682.34,83682.34,83682.34,83682.34,83682.34,83682.34,83682.34,83682.34
112,100000.0,100000.0,100000.0,100000.0,100000.0,100000.0,100000.0,100000.0,100000.0,100000.0,100000.0,100000.0,100000.0,100000.0,100000.0,100000.0,100000.0,100000.0,100000.0,100000.0,100000.0,100000.0,100000.0,100000.0,100000.0,100000.0,100000.0,100000.0,100000.0,100000.0,100000.0,100000.0,100000.0,100000.0,100000.0,100000.0,100000.0,100000.0,100000.0,100000.0,100000.0,100000.0,100000.0,100000.0,87361.27,88292.35,88263.43,88219.06,88162.84,88101.74,88043.23,87991.74,87947.94,87910.69,87879.22,87853.53,87833.43,87816.93,87800.08,87779.19,87752.81,87721.63,87687.27,87651.67,87616.69,87583.3,87551.37,87520.23,87489.36,87458.58,87427.87,87397.26,87366.74,87336.32,87305.99,87275.75,87245.61,87215.57,87185.62,87155.76,87126.0,87096.33,87066.76,87037.28,87007.9,86978.61,86949.42,86920.32,86891.32,86862.41,86833.6,86804.88,86776.26,86747.74,86747.74,86747.74,86747.74,86747.74,86747.74,86747.74,86747.74,86747.74,86747.74,86747.74,86747.74,86747.74,86747.74,86747.74,86747.74,86747.74,86747.74,86747.74,86747.74,86747.74,86747.74,86747.74,86747.74,86747.74,86747.74,86747.74,86747.74,86747.74,86747.74,86747.74,86747.74,86747.74,86747.74,86747.74,86747.74,86747.74,86747.74,86747.74,86747.74,86747.74,86747.74,86747.74,86747.74,86747.74,86747.74,86747.74,86747.74,86747.74,86747.74,86747.74,86747.74,86747.74,86747.74,86747.74,86747.74,86747.74,86747.74,86747.74,86747.74,86747.74,86747.74,86747.74,86747.74,86747.74,86747.74,86747.74,86747.74,86747.74,86747.74,86747.74,86747.74,86747.74,86747.74,86747.74,86747.74,86747.74,86747.74,86747.74,86747.74,86747.74,86747.74,86747.74,86747.74,86747.74,86747.74,86747.74
113,100000.0,100000.0,100000.0,100000.0,100000.0,100000.0,100000.0,100000.0,100000.0,100000.0,100000.0,100000.0,100000.0,100000.0,100000.0,100000.0,100000.0,100000.0,100000.0,100000.0,100000.0,100000.0,100000.0,100000.0,100000.0,100000.0,100000.0,100000.0,100000.0,100000.0,100000.0,100000.0,100000.0,100000.0,100000.0,100000.0,100000.0,100000.0,100000.0,100000.0,100000.0,100000.0,100000.0,100000.0,89681.39,90590.43,90567.19,90531.53,90486.35,90437.24,90390.21,90348.83,90313.62,90283.69,90258.4,90237.75,90221.6,90208.34,90194.79,90178.0,90156.8,90131.74,90104.12,90075.51,90047.4,90020.56,89994.9,89969.87,89945.07,89920.32,89895.64,89871.04,89846.51,89822.06,89797.69,89773.38,89749.16,89725.01,89700.94,89676.94,89653.02,89629.18,89605.41,89581.72,89558.1,89534.57,89511.1,89487.72,89464.41,89441.18,89418.02,89394.94,89371.94,89349.01,89349.01,89349.01,89349.01,89349.01,89349.01,89349.01,89349.01,89349.01,89349.01,89349.01,89349.01,89349.01,89349.01,89349.01,89349.01,89349.01,89349.01,89349.01,89349.01,89349.01,89349.01,89349.01,89349.01,89349.01,89349.01,89349.01,89349.01,89349.01,89349.01,89349.01,89349.01,89349.01,89349.01,89349.01,89349.01,89349.01,89349.01,89349.01,89349.01,89349.01,89349.01,89349.01,89349.01,89349.01,89349.01,89349.01,89349.01,89349.01,89349.01,89349.01,89349.01,89349.01,89349.01,89349.01,89349.01,89349.01,89349.01,89349.01,89349.01,89349.01,89349.01,89349.01,89349.01,89349.01,89349.01,89349.01,89349.01,89349.01,89349.01,89349.01,89349.01,89349.01,89349.01,89349.01,89349.01,89349.01,89349.01,89349.01,89349.01,89349.01,89349.01,89349.01,89349.01,89349.01,89349.01,89349.01
114,100000.0,100000.0,100000.0,100000.0,100000.0,100000.0,100000.0,100000.0,100000.0,100000.0,100000.0,100000.0,100000.0,100000.0,100000.0,100000.0,100000.0,100000.0,100000.0,100000.0,100000.0,100000.0,100000.0,100000.0,100000.0,100000.0,100000.0,100000.0,100000.0,100000.0,100000.0,100000.0,100000.0,100000.0,100000.0,100000.0,100000.0,100000.0,100000.0,100000.0,100000.0,100000.0,100000.0,100000.0,91622.72,92513.33,92494.83,92466.46,92430.51,92391.44,92354.02,92321.1,92293.09,92269.27,92249.15,92232.72,92219.86,92209.31,92198.54,92185.18,92168.31,92148.37,92126.4,92103.63,92081.26,92059.91,92039.49,92019.58,91999.84,91980.16,91960.52,91940.95,91921.43,91901.98,91882.58,91863.25,91843.97,91824.76,91805.61,91786.51,91767.48,91748.51,91729.6,91710.75,91691.96,91673.23,91654.56,91635.96,91617.41,91598.93,91580.5,91562.14,91543.84,91525.6,91525.6,91525.6,91525.6,91525.6,91525.6,91525.6,91525.6,91525.6,91525.6,91525.6,91525.6,91525.6,91525.6,91525.6,91525.6,91525.6,91525.6,91525.6,91525.6,91525.6,91525.6,91525.6,91525.6,91525.6,91525.6,91525.6,91525.6,91525.6,91525.6,91525.6,91525.6,91525.6,91525.6,91525.6,91525.6,91525.6,91525.6,91525.6,91525.6,91525.6,91525.6,91525.6,91525.6,91525.6,91525.6,91525.6,91525.6,91525.6,91525.6,91525.6,91525.6,91525.6,91525.6,91525.6,91525.6,91525.6,91525.6,91525.6,91525.6,91525.6,91525.6,91525.6,91525.6,91525.6,91525.6,91525.6,91525.6,91525.6,91525.6,91525.6,91525.6,91525.6,91525.6,91525.6,91525.6,91525.6,91525.6,91525.6,91525.6,91525.6,91525.6,91525.6,91525.6,91525.6,91525.6,91525.6
115,100000.0,100000.0,100000.0,100000.0,100000.0,100000.0,100000.0,100000.0,100000.0,100000.0,100000.0,100000.0,100000.0,100000.0,100000.0,100000.0,100000.0,100000.0,100000.0,100000.0,100000.0,100000.0,100000.0,100000.0,100000.0,100000.0,100000.0,100000.0,100000.0,100000.0,100000.0,100000.0,100000.0,100000.0,100000.0,100000.0,100000.0,100000.0,100000.0,100000.0,100000.0,100000.0,100000.0,100000.0,93228.07,94103.44,94088.87,94066.52,94038.21,94007.44,93977.97,93952.03,93929.97,93911.21,93895.36,93882.43,93872.3,93863.99,93855.5,93844.98,93831.7,93815.99,93798.69,93780.76,93763.14,93746.32,93730.24,93714.56,93699.01,93683.51,93668.04,93652.62,93637.25,93621.93,93606.66,93591.43,93576.25,93561.11,93546.03,93530.99,93516.0,93501.06,93486.17,93471.32,93456.52,93441.77,93427.07,93412.41,93397.81,93383.25,93368.74,93354.27,93339.86,93325.49,93325.49,93325.49,93325.49,93325.49,93325.49,93325.49,93325.49,93325.49,93325.49,93325.49,93325.49,93325.49,93325.49,93325.49,93325.49,93325.49,93325.49,93325.49,93325.49,93325.49,93325.49,93325.49,93325.49,93325.49,93325.49,93325.49,93325.49,93325.49,93325.49,93325.49,93325.49,93325.49,93325.49,93325.49,93325.49,93325.49,93325.49,93325.49,93325.49,93325.49,93325.49,93325.49,93325.49,93325.49,93325.49,93325.49,93325.49,93325.49,93325.49,93325.49,93325.49,93325.49,93325.49,93325.49,93325.49,93325.49,93325.49,93325.49,93325.49,93325.49,93325.49,93325.49,93325.49,93325.49,93325.49,93325.49,93325.49,93325.49,93325.49,93325.49,93325.49,93325.49,93325.49,93325.49,93325.49,93325.49,93325.49,93325.49,93325.49,93325.49,93325.49,93325.49,93325.49,93325.49,93325.49,93325.49
116,100000.0,100000.0,100000.0,100000.0,100000.0,100000.0,100000.0,100000.0,100000.0,100000.0,100000.0,100000.0,100000.0,100000.0,100000.0,100000.0,100000.0,100000.0,100000.0,100000.0,100000.0,100000.0,100000.0,100000.0,100000.0,100000.0,100000.0,100000.0,100000.0,100000.0,100000.0,100000.0,100000.0,100000.0,100000.0,100000.0,100000.0,100000.0,100000.0,100000.0,100000.0,100000.0,100000.0,100000.0,94542.7,95405.59,95394.24,95376.83,95354.77,95330.79,95307.83,95287.62,95270.43,95255.81,95243.47,95233.38,95225.5,95219.02,95212.41,95204.21,95193.86,95181.62,95168.14,95154.17,95140.44,95127.34,95114.81,95102.59,95090.47,95078.39,95066.34,95054.33,95042.35,95030.41,95018.51,95006.65,94994.82,94983.03,94971.27,94959.56,94947.88,94936.24,94924.63,94913.06,94901.53,94890.04,94878.58,94867.16,94855.78,94844.44,94833.13,94821.86,94810.63,94799.44,94799.44,94799.44,94799.44,94799.44,94799.44,94799.44,94799.44,94799.44,94799.44,94799.44,94799.44,94799.44,94799.44,94799.44,94799.44,94799.44,94799.44,94799.44,94799.44,94799.44,94799.44,94799.44,94799.44,94799.44,94799.44,94799.44,94799.44,94799.44,94799.44,94799.44,94799.44,94799.44,94799.44,94799.44,94799.44,94799.44,94799.44,94799.44,94799.44,94799.44,94799.44,94799.44,94799.44,94799.44,94799.44,94799.44,94799.44,94799.44,94799.44,94799.44,94799.44,94799.44,94799.44,94799.44,94799.44,94799.44,94799.44,94799.44,94799.44,94799.44,94799.44,94799.44,94799.44,94799.44,94799.44,94799.44,94799.44,94799.44,94799.44,94799.44,94799.44,94799.44,94799.44,94799.44,94799.44,94799.44,94799.44,94799.44,94799.44,94799.44,94799.44,94799.44,94799.44,94799.44,94799.44,94799.44
117,100000.0,100000.0,100000.0,100000.0,100000.0,100000.0,100000.0,100000.0,100000.0,100000.0,100000.0,100000.0,100000.0,100000.0,100000.0,100000.0,100000.0,100000.0,100000.0,100000.0,100000.0,100000.0,100000.0,100000.0,100000.0,100000.0,100000.0,100000.0,100000.0,100000.0,100000.0,100000.0,100000.0,100000.0,100000.0,100000.0,100000.0,100000.0,100000.0,100000.0,100000.0,100000.0,100000.0,100000.0,95610.7,96463.44,96454.7,96441.3,96424.32,96405.86,96388.18,96372.63,96359.4,96348.15,96338.64,96330.88,96324.81,96319.83,96314.74,96308.43,96300.46,96291.04,96280.66,96269.91,96259.34,96249.25,96239.61,96230.2,96220.88,96211.58,96202.3,96193.06,96183.84,96174.65,96165.49,96156.35,96147.25,96138.17,96129.12,96120.1,96111.11,96102.15,96093.22,96084.32,96075.44,96066.59,96057.77,96048.99,96040.22,96031.49,96022.79,96014.12,96005.47,95996.85,95996.85,95996.85,95996.85,95996.85,95996.85,95996.85,95996.85,95996.85,95996.85,95996.85,95996.85,95996.85,95996.85,95996.85,95996.85,95996.85,95996.85,95996.85,95996.85,95996.85,95996.85,95996.85,95996.85,95996.85,95996.85,95996.85,95996.85,95996.85,95996.85,95996.85,95996.85,95996.85,95996.85,95996.85,95996.85,95996.85,95996.85,95996.85,95996.85,95996.85,95996.85,95996.85,95996.85,95996.85,95996.85,95996.85,95996.85,95996.85,95996.85,95996.85,95996.85,95996.85,95996.85,95996.85,95996.85,95996.85,95996.85,95996.85,95996.85,95996.85,95996.85,95996.85,95996.85,95996.85,95996.85,95996.85,95996.85,95996.85,95996.85,95996.85,95996.85,95996.85,95996.85,95996.85,95996.85,95996.85,95996.85,95996.85,95996.85,95996.85,95996.85,95996.85,95996.85,95996.85,95996.85,95996.85
118,100000.0,100000.0,100000.0,100000.0,100000.0,100000.0,100000.0,100000.0,100000.0,100000.0,100000.0,100000.0,100000.0,100000.0,100000.0,100000.0,100000.0,100000.0,100000.0,100000.0,100000.0,100000.0,100000.0,100000.0,100000.0,100000.0,100000.0,100000.0,100000.0,100000.0,100000.0,100000.0,100000.0,100000.0,100000.0,100000.0,100000.0,100000.0,100000.0,100000.0,100000.0,100000.0,100000.0,100000.0,96472.7,97317.25,97310.63,97300.46,97287.58,97273.58,97260.17,97248.37,97238.33,97229.8,97222.59,97216.7,97212.09,97208.31,97204.45,97199.66,97193.62,97186.47,97178.6,97170.44,97162.43,97154.78,97147.46,97140.33,97133.25,97126.2,97119.16,97112.15,97105.15,97098.18,97091.23,97084.31,97077.4,97070.51,97063.65,97056.81,97049.99,97043.19,97036.41,97029.66,97022.93,97016.22,97009.53,97002.86,96996.21,96989.59,96982.99,96976.41,96969.85,96963.31,96963.31,96963.31,96963.31,96963.31,96963.31,96963.31,96963.31,96963.31,96963.31,96963.31,96963.31,96963.31,96963.31,96963.31,96963.31,96963.31,96963.31,96963.31,96963.31,96963.31,96963.31,96963.31,96963.31,96963.31,96963.31,96963.31,96963.31,96963.31,96963.31,96963.31,96963.31,96963.31,96963.31,96963.31,96963.31,96963.31,96963.31,96963.31,96963.31,96963.31,96963.31,96963.31,96963.31,96963.31,96963.31,96963.31,96963.31,96963.31,96963.31,96963.31,96963.31,96963.31,96963.31,96963.31,96963.31,96963.31,96963.31,96963.31,96963.31,96963.31,96963.31,96963.31,96963.31,96963.31,96963.31,96963.31,96963.31,96963.31,96963.31,96963.31,96963.31,96963.31,96963.31,96963.31,96963.31,96963.31,96963.31,96963.31,96963.31,96963.31,96963.31,96963.31,96963.31,96963.31,96963.31,96963.31
119,100000.0,100000.0,100000.0,100000.0,100000.0,100000.0,100000.0,100000.0,100000.0,100000.0,100000.0,100000.0,100000.0,100000.0,100000.0,100000.0,100000.0,100000.0,100000.0,100000.0,100000.0,100000.0,100000.0,100000.0,100000.0,100000.0,100000.0,100000.0,100000.0,100000.0,100000.0,100000.0,100000.0,100000.0,100000.0,100000.0,100000.0,100000.0,100000.0,100000.0,100000.0,100000.0,100000.0,100000.0,97164.79,98002.78,97997.84,97990.27,97980.68,97970.26,97960.28,97951.5,97944.02,97937.67,97932.3,97927.92,97924.49,97921.68,97918.8,97915.24,97910.74,97905.42,97899.56,97893.48,97887.52,97881.82,97876.37,97871.06,97865.79,97860.54,97855.3,97850.08,97844.88,97839.69,97834.51,97829.35,97824.21,97819.09,97813.98,97808.88,97803.81,97798.75,97793.7,97788.67,97783.66,97778.66,97773.68,97768.72,97763.77,97758.84,97753.93,97749.03,97744.15,97739.28,97739.28,97739.28,97739.28,97739.28,97739.28,97739.28,97739.28,97739.28,97739.28,97739.28,97739.28,97739.28,97739.28,97739.28,97739.28,97739.28,97739.28,97739.28,97739.28,97739.28,97739.28,97739.28,97739.28,97739.28,97739.28,97739.28,97739.28,97739.28,97739.28,97739.28,97739.28,97739.28,97739.28,97739.28,97739.28,97739.28,97739.28,97739.28,97739.28,97739.28,97739.28,97739.28,97739.28,97739.28,97739.28,97739.28,97739.28,97739.28,97739.28,97739.28,97739.28,97739.28,97739.28,97739.28,97739.28,97739.28,97739.28,97739.28,97739.28,97739.28,97739.28,97739.28,97739.28,97739.28,97739.28,97739.28,97739.28,97739.28,97739.28,97739.28,97739.28,97739.28,97739.28,97739.28,97739.28,97739.28,97739.28,97739.28,97739.28,97739.28,97739.28,97739.28,97739.28,97739.28,97739.28,97739.28
120,100000.0,100000.0,100000.0,100000.0,100000.0,100000.0,100000.0,100000.0,100000.0,100000.0,100000.0,100000.0,100000.0,100000.0,100000.0,100000.0,100000.0,100000.0,100000.0,100000.0,100000.0,100000.0,100000.0,100000.0,100000.0,100000.0,100000.0,100000.0,100000.0,100000.0,100000.0,100000.0,100000.0,100000.0,100000.0,100000.0,100000.0,100000.0,100000.0,100000.0,100000.0,100000.0,100000.0,100000.0,97718.14,98550.87,98547.29,98541.79,98534.84,98527.27,98520.03,98513.66,98508.24,98503.63,98499.73,98496.55,98494.06,98492.02,98489.93,98487.35,98484.08,98480.22,98475.97,98471.56,98467.23,98463.1,98459.15,98455.3,98451.47,98447.66,98443.86,98440.07,98436.3,98432.53,98428.78,98425.03,98421.3,98417.59,98413.88,98410.18,98406.5,98402.83,98399.17,98395.52,98391.88,98388.26,98384.64,98381.04,98377.45,98373.87,98370.31,98366.75,98363.21,98359.68,98359.68,98359.68,98359.68,98359.68,98359.68,98359.68,98359.68,98359.68,98359.68,98359.68,98359.68,98359.68,98359.68,98359.68,98359.68,98359.68,98359.68,98359.68,98359.68,98359.68,98359.68,98359.68,98359.68,98359.68,98359.68,98359.68,98359.68,98359.68,98359.68,98359.68,98359.68,98359.68,98359.68,98359.68,98359.68,98359.68,98359.68,98359.68,98359.68,98359.68,98359.68,98359.68,98359.68,98359.68,98359.68,98359.68,98359.68,98359.68,98359.68,98359.68,98359.68,98359.68,98359.68,98359.68,98359.68,98359.68,98359.68,98359.68,98359.68,98359.68,98359.68,98359.68,98359.68,98359.68,98359.68,98359.68,98359.68,98359.68,98359.68,98359.68,98359.68,98359.68,98359.68,98359.68,98359.68,98359.68,98359.68,98359.68,98359.68,98359.68,98359.68,98359.68,98359.68,98359.68,98359.68,98359.68
121,100000.0,100000.0,100000.0,100000.0,100000.0,100000.0,100000.0,100000.0,100000.0,100000.0,100000.0,100000.0,100000.0,100000.0,100000.0,100000.0,100000.0,100000.0,100000.0,100000.0,100000.0,100000.0,100000.0,100000.0,100000.0,100000.0,100000.0,100000.0,100000.0,100000.0,100000.0,100000.0,100000.0,100000.0,100000.0,100000.0,100000.0,100000.0,100000.0,100000.0,100000.0,100000.0,100000.0,100000.0,98159.05,98987.6,98985.1,98981.26,98976.4,98971.11,98966.05,98961.6,98957.81,98954.59,98951.87,98949.65,98947.91,98946.49,98945.03,98943.22,98940.94,98938.24,98935.27,98932.19,98929.17,98926.28,98923.52,98920.83,98918.16,98915.5,98912.84,98910.19,98907.56,98904.92,98902.3,98899.69,98897.08,98894.48,98891.89,98889.31,98886.74,98884.17,98881.61,98879.07,98876.52,98873.99,98871.47,98868.95,98866.44,98863.94,98861.45,98858.97,98856.49,98854.03,98854.03,98854.03,98854.03,98854.03,98854.03,98854.03,98854.03,98854.03,98854.03,98854.03,98854.03,98854.03,98854.03,98854.03,98854.03,98854.03,98854.03,98854.03,98854.03,98854.03,98854.03,98854.03,98854.03,98854.03,98854.03,98854.03,98854.03,98854.03,98854.03,98854.03,98854.03,98854.03,98854.03,98854.03,98854.03,98854.03,98854.03,98854.03,98854.03,98854.03,98854.03,98854.03,98854.03,98854.03,98854.03,98854.03,98854.03,98854.03,98854.03,98854.03,98854.03,98854.03,98854.03,98854.03,98854.03,98854.03,98854.03,98854.03,98854.03,98854.03,98854.03,98854.03,98854.03,98854.03,98854.03,98854.03,98854.03,98854.03,98854.03,98854.03,98854.03,98854.03,98854.03,98854.03,98854.03,98854.03,98854.03,98854.03,98854.03,98854.03,98854.03,98854.03,98854.03,98854.03,98854.03,98854.03
122,100000.0,100000.0,100000.0,100000.0,100000.0,100000.0,100000.0,100000.0,100000.0,100000.0,100000.0,100000.0,100000.0,100000.0,100000.0,100000.0,100000.0,100000.0,100000.0,100000.0,100000.0,100000.0,100000.0,100000.0,100000.0,100000.0,100000.0,100000.0,100000.0,100000.0,100000.0,100000.0,100000.0,100000.0,100000.0,100000.0,100000.0,100000.0,100000.0,100000.0,100000.0,100000.0,100000.0,100000.0,98509.44,99334.66,99333.02,99330.49,99327.3,99323.83,99320.5,99317.58,99315.09,99312.97,99311.18,99309.72,99308.58,99307.64,99306.68,99305.5,99304.0,99302.23,99300.27,99298.25,99296.26,99294.36,99292.55,99290.78,99289.03,99287.28,99285.53,99283.79,99282.06,99280.33,99278.61,99276.89,99275.17,99273.47,99271.76,99270.07,99268.38,99266.69,99265.01,99263.33,99261.66,99260.0,99258.34,99256.69,99255.04,99253.4,99251.76,99250.13,99248.5,99246.88,99246.88,99246.88,99246.88,99246.88,99246.88,99246.88,99246.88,99246.88,99246.88,99246.88,99246.88,99246.88,99246.88,99246.88,99246.88,99246.88,99246.88,99246.88,99246.88,99246.88,99246.88,99246.88,99246.88,99246.88,99246.88,99246.88,99246.88,99246.88,99246.88,99246.88,99246.88,99246.88,99246.88,99246.88,99246.88,99246.88,99246.88,99246.88,99246.88,99246.88,99246.88,99246.88,99246.88,99246.88,99246.88,99246.88,99246.88,99246.88,99246.88,99246.88,99246.88,99246.88,99246.88,99246.88,99246.88,99246.88,99246.88,99246.88,99246.88,99246.88,99246.88,99246.88,99246.88,99246.88,99246.88,99246.88,99246.88,99246.88,99246.88,99246.88,99246.88,99246.88,99246.88,99246.88,99246.88,99246.88,99246.88,99246.88,99246.88,99246.88,99246.88,99246.88,99246.88,99246.88,99246.88,99246.88
123,100000.0,100000.0,100000.0,100000.0,100000.0,100000.0,100000.0,100000.0,100000.0,100000.0,100000.0,100000.0,100000.0,100000.0,100000.0,100000.0,100000.0,100000.0,100000.0,100000.0,100000.0,100000.0,100000.0,100000.0,100000.0,100000.0,100000.0,100000.0,100000.0,100000.0,100000.0,100000.0,100000.0,100000.0,100000.0,100000.0,100000.0,100000.0,100000.0,100000.0,100000.0,100000.0,100000.0,100000.0,98787.3,99609.88,99608.91,99607.43,99605.56,99603.53,99601.58,99599.86,99598.4,99597.16,99596.11,99595.25,99594.59,99594.04,99593.47,99592.78,99591.9,99590.86,99589.71,99588.53,99587.36,99586.25,99585.19,99584.15,99583.12,99582.09,99581.07,99580.05,99579.03,99578.02,99577.01,99576.0,99575.0,99574.0,99573.0,99572.0,99571.01,99570.02,99569.04,99568.06,99567.08,99566.1,99565.13,99564.16,99563.19,99562.23,99561.27,99560.31,99559.36,99558.41,99558.41,99558.41,99558.41,99558.41,99558.41,99558.41,99558.41,99558.41,99558.41,99558.41,99558.41,99558.41,99558.41,99558.41,99558.41,99558.41,99558.41,99558.41,99558.41,99558.41,99558.41,99558.41,99558.41,99558.41,99558.41,99558.41,99558.41,99558.41,99558.41,99558.41,99558.41,99558.41,99558.41,99558.41,99558.41,99558.41,99558.41,99558.41,99558.41,99558.41,99558.41,99558.41,99558.41,99558.41,99558.41,99558.41,99558.41,99558.41,99558.41,99558.41,99558.41,99558.41,99558.41,99558.41,99558.41,99558.41,99558.41,99558.41,99558.41,99558.41,99558.41,99558.41,99558.41,99558.41,99558.41,99558.41,99558.41,99558.41,99558.41,99558.41,99558.41,99558.41,99558.41,99558.41,99558.41,99558.41,99558.41,99558.41,99558.41,99558.41,99558.41,99558.41,99558.41,99558.41,99558.41,99558.41
124,100000.0,100000.0,100000.0,100000.0,100000.0,100000.0,100000.0,100000.0,100000.0,100000.0,100000.0,100000.0,100000.0,100000.0,100000.0,100000.0,100000.0,100000.0,100000.0,100000.0,100000.0,100000.0,100000.0,100000.0,100000.0,100000.0,100000.0,100000.0,100000.0,100000.0,100000.0,100000.0,100000.0,100000.0,100000.0,100000.0,100000.0,100000.0,100000.0,100000.0,100000.0,100000.0,100000.0,100000.0,99007.26,99827.75,99827.33,99826.67,99825.85,99824.95,99824.09,99823.33,99822.68,99822.14,99821.67,99821.3,99821.0,99820.76,99820.51,99820.2,99819.81,99819.36,99818.85,99818.33,99817.81,99817.32,99816.85,99816.39,99815.94,99815.49,99815.03,99814.58,99814.13,99813.69,99813.24,99812.8,99812.35,99811.91,99811.47,99811.03,99810.59,99810.16,99809.72,99809.29,99808.85,99808.42,99807.99,99807.57,99807.14,99806.71,99806.29,99805.87,99805.45,99805.03,99805.03,99805.03,99805.03,99805.03,99805.03,99805.03,99805.03,99805.03,99805.03,99805.03,99805.03,99805.03,99805.03,99805.03,99805.03,99805.03,99805.03,99805.03,99805.03,99805.03,99805.03,99805.03,99805.03,99805.03,99805.03,99805.03,99805.03,99805.03,99805.03,99805.03,99805.03,99805.03,99805.03,99805.03,99805.03,99805.03,99805.03,99805.03,99805.03,99805.03,99805.03,99805.03,99805.03,99805.03,99805.03,99805.03,99805.03,99805.03,99805.03,99805.03,99805.03,99805.03,99805.03,99805.03,99805.03,99805.03,99805.03,99805.03,99805.03,99805.03,99805.03,99805.03,99805.03,99805.03,99805.03,99805.03,99805.03,99805.03,99805.03,99805.03,99805.03,99805.03,99805.03,99805.03,99805.03,99805.03,99805.03,99805.03,99805.03,99805.03,99805.03,99805.03,99805.03,99805.03,99805.03,99805.03
125,100000.0,100000.0,100000.0,100000.0,100000.0,100000.0,100000.0,100000.0,100000.0,100000.0,100000.0,100000.0,100000.0,100000.0,100000.0,100000.0,100000.0,100000.0,100000.0,100000.0,100000.0,100000.0,100000.0,100000.0,100000.0,100000.0,100000.0,100000.0,100000.0,100000.0,100000.0,100000.0,100000.0,100000.0,100000.0,100000.0,100000.0,100000.0,100000.0,100000.0,100000.0,100000.0,100000.0,100000.0,100000.0,100000.0,100000.0,100000.0,100000.0,100000.0,100000.0,100000.0,100000.0,100000.0,100000.0,100000.0,100000.0,100000.0,100000.0,100000.0,100000.0,100000.0,100000.0,100000.0,100000.0,100000.0,100000.0,100000.0,100000.0,100000.0,100000.0,100000.0,100000.0,100000.0,100000.0,100000.0,100000.0,100000.0,100000.0,100000.0,100000.0,100000.0,100000.0,100000.0,100000.0,100000.0,100000.0,100000.0,100000.0,100000.0,100000.0,100000.0,100000.0,100000.0,100000.0,100000.0,100000.0,100000.0,100000.0,100000.0,100000.0,100000.0,100000.0,100000.0,100000.0,100000.0,100000.0,100000.0,100000.0,100000.0,100000.0,100000.0,100000.0,100000.0,100000.0,100000.0,100000.0,100000.0,100000.0,100000.0,100000.0,100000.0,100000.0,100000.0,100000.0,100000.0,100000.0,100000.0,100000.0,100000.0,100000.0,100000.0,100000.0,100000.0,100000.0,100000.0,100000.0,100000.0,100000.0,100000.0,100000.0,100000.0,100000.0,100000.0,100000.0,100000.0,100000.0,100000.0,100000.0,100000.0,100000.0,100000.0,100000.0,100000.0,100000.0,100000.0,100000.0,100000.0,100000.0,100000.0,100000.0,100000.0,100000.0,100000.0,100000.0,100000.0,100000.0,100000.0,100000.0,100000.0,100000.0,100000.0,100000.0,100000.0,100000.0,100000.0,100000.0,100000.0,100000.0,100000.0
