age,1981,1982,1983,1984,1985,1986,1987,1988,1989,1990,1991,1992,1993,1994,1995,1996,1997,1998,1999,2000,2001,2002,2003,2004,2005,2006,2007,2008,2009,2010,2011,2012,2013,2014,2015,2016,2017,2018,2019,2020,2021,2022,2023,2024,2025,2026,2027,2028,2029,2030,2031,2032,2033,2034,2035,2036,2037,2038,2039,2040,2041,2042,2043,2044,2045,2046,2047,2048,2049,2050,2051,2052,2053,2054,2055,2056,2057,2058,2059,2060,2061,2062,2063,2064,2065,2066,2067,2068,2069,2070,2071,2072,2073,2074,2075,2076,2077,2078,2079,2080,2081,2082,2083,2084,2085,2086,2087,2088,2089,2090,2091,2092,2093,2094,2095,2096,2097,2098,2099,2100,2101,2102,2103,2104,2105,2106,2107,2108,2109,2110,2111,2112,2113,2114,2115,2116,2117,2118,2119,2120,2121,2122,2123,2124,2125,2126,2127,2128,2129,2130,2131,2132,2133,2134,2135,2136,2137,2138,2139,2140,2141,2142,2143,2144,2145,2146,2147,2148,2149,2150,2151,2152,2153,2154,2155,2156,2157,2158,2159,2160
0,1096.69,993.54,1041.97,781.23,771.61,765.87,800.61,601.82,728.29,561.64,536.03,567.84,471.61,486.81,537.57,517.36,509.2,515.28,561.41,442.7,483.22,431.3,354.59,482.77,347.68,366.9,408.18,347.24,434.25,367.54,315.15,340.48,376.45,277.02,275.36,247.56,278.67,300.11,425.59,355.15,318.07,312.4,381.22,346.63,271.1,246.78,240.51,234.6,229.06,223.87,219.01,214.46,210.2,206.22,202.49,199.0,195.73,192.67,189.78,187.07,184.51,182.09,179.78,177.59,175.49,173.47,171.52,169.61,167.75,165.92,164.1,162.31,160.53,158.78,157.04,155.33,153.63,151.95,150.29,148.65,147.02,145.41,143.83,142.25,140.7,139.16,137.64,136.13,134.65,133.17,131.72,130.28,128.85,127.45,126.03556415005691,124.6368256620095,123.25361032705891,121.88574586976972,120.53306192661354,119.19539002475074,117.87256356104768,116.56441778132668,115.27078975984647,113.99151837901023,112.72644430929881,111.47540998942682,110.23825960671871,109.0148390777028,107.8049960289207,106.60857977794952,105.4254413146349,104.25543328253217,103.09840996055364,101.95422724481935,100.82274263070937,99.70381519511533,98.59730557888878,97.50307596948451,96.4209900837963,95.35091315118329,94.29271189668471,93.24625452442088,92.21141070117835,91.18805154017738,90.17604958501941,89.17527879381268,88.18561452347421,87.20693351420576,86.23911387414223,85.2820350641704,84.33557788291604,83.39962445189789,82.47405820084607,81.55876385318369,80.65362741166949,79.75853614419975,78.87337856976791,77.9980444445799,77.13242474832357,76.27641167059062,75.42989859744898,74.59278009816454,73.76495191206986,72.946310935579,72.13675520934615,71.33618390556687,70.5444973154204,69.76159683665112,68.98738496128796,68.22176526350003,67.46464238758716,66.71592203610349,65.97551095811312,65.2433169375759,64.51924878186223,63.803216310395285,63.09513034341924,62.39490269089225,61.70244614150263,61.01767445180687,60.340502335488374,59.67084545273522,59.00862039973591,58.35374469829166,57.70613678554399,57.065716003816306,56.432402590568216,55.80611766846135,55.18678323553539,54.57432215549318,53.968658148093624,53.3697157796512,52.77742045364091,52.191698401407486,51.61247667297776,51.039683127974925,50.47324642663367,49.91309602091501,49.35916214571977,48.811375810199486
1,94.8,80.36,93.66,92.87,92.98,94.89,72.26,48.68,84.94,43.02,54.02,74.87,32.42,61.55,40.05,58.9,48.06,41.39,42.21,12.42,25.61,32.51,26.87,52.9,12.85,43.67,24.45,29.73,17.31,29.19,34.46,16.96,34.61,5.95,18.28,6.11,18.31,43.94,25.89,6.74,6.91,21.42,27.89,21.66,18.28,16.98,16.49,16.03,15.61,15.21,14.85,14.51,14.19,13.89,13.62,13.37,13.13,12.91,12.7,12.51,12.33,12.17,12.01,11.86,11.71,11.58,11.45,11.32,11.19,11.07,10.95,10.83,10.71,10.6,10.48,10.36,10.25,10.14,10.03,9.92,9.81,9.7,9.6,9.49,9.39,9.29,9.18,9.08,8.98,8.89,8.79,8.69,8.6,8.5,8.336286482415586,8.17572615492998,8.018258285796982,7.863823312988958,7.712362821667577,7.563819522088465,7.418137227931434,7.275260835048076,7.135136300618683,6.997710622710621,6.862931820230412,6.730748913261951,6.601111903783412,6.473971756755561,6.349280381574315,6.226990613880521,6.107056197720109,5.98943176804782,5.874072833567944,5.7609357599055375,5.649977753101776,5.541156843427191,5.434431869506672,5.329762462750227,5.227109032083614,5.126432748973065,5.02769553273844,4.930860036149258,4.8358896312981505,4.742748395746408,4.6514010989363515,4.5618131888654245,4.473950779016939,4.38778063554254,4.303270164691547,4.220387400482403,4.13910099261159,4.059380194595405,3.9811948521401432,3.904515391736282,3.829312809472325,3.755558660064117,3.6832250460954463,3.612284607465882,3.5427105110418493,3.474476440507033,3.4075565864082593,3.3419256363931025,3.2775587656355207,3.2144316274458946,3.152520344061923,3.091801497616887,3.032252121281873,2.9738496905785956,2.916572114859544,2.860397728952218,2.8053052849643083,2.7512739442467016,2.6982832695112933,2.6463132171006034,2.5953441294062896,2.545356727433682,2.4963321035095265,2.4482517141301803,2.401097372947554,2.3548512438901494,2.3094958344165866,2.26501398889907,2.221388882134297,2.1786040129793425,2.1366431981101224,2.0954905659000733,2.0551305504167257,2.015547885533912,1.9767275991573727,1.938655007561579,1.9013157098356326,1.8646955824361386,1.8287807738449933,1.7935576993300626,1.7590130358067764,1.7251337167986862,1.6919069274950878,1.659320099903834,1.627360908097507,1.5960172635511531
2,42.24,61.75,34.6,35.12,40.39,52.08,38.77,27.45,16.08,15.86,37.78,43.14,26.67,21.52,22.3,56.87,29.26,11.92,29.34,17.95,30.79,12.65,12.9,13.32,13.17,0.0,24.83,6.06,17.73,0.0,17.46,11.45,28.25,11.47,23.63,12.13,24.28,12.14,12.54,19.27,0.0,6.75,13.88,6.83,9.76,10.64,10.34,10.05,9.79,9.54,9.32,9.1,8.91,8.72,8.55,8.39,8.25,8.11,7.98,7.86,7.75,7.64,7.55,7.45,7.36,7.28,7.19,7.11,7.03,6.96,6.88,6.81,6.73,6.66,6.59,6.51,6.44,6.37,6.3,6.23,6.16,6.1,6.03,5.96,5.9,5.84,5.77,5.71,5.65,5.58,5.52,5.46,5.4,5.34,5.273475854245216,5.207780446686762,5.142903453148503,5.078834678069845,5.015564052903484,4.953081634533108,4.8913776037108185,4.830442263514012,4.770266037821489,4.710839469808543,4.652153220460803,4.594198067106586,4.536964901967532,4.480444730727302,4.424628671118096,4.36950795152479,4.315073909606452,4.261317990935043,4.208231747651064,4.1558068371359616,4.104035020701063,4.05290816229285,4.0024182272143625,3.952557280862525,3.903317487481208,3.8546911089298233,3.8066705034672546,3.759248124550945,3.71241651965094,3.6661683290787064,3.6204962848305406,3.5753932094453873,3.530852014876883,3.4868657013794597,3.4434273564083124,3.4005301535330847,3.3581673513650747,3.3163322924978154,3.275018402460845,3.2342191886865184,3.193928239489683,3.1541392230600698,3.1148458864672364,3.076042054677904,3.037721629585538,2.9998785890520154,2.962506985961238,2.9256009472845244,2.889154673157653,2.853162435969403,2.8176185794614437,2.782517517839444,2.747853734895251,2.7136217831400073,2.679816282948067,2.646431921711572,2.61346345300557,2.5809056957635206,2.548753533463085,2.517001913322052,2.485645845504279,2.4546804023355335,2.4241007175290954,2.3939019854210084,2.364079460214864,2.3346284552359826,2.3055443421948993,2.2768225504600133,2.248458566339305,2.2204479323710005,2.192786246623068,2.1654691620014503,2.138492385566905,2.1118516778603604,2.085542852236677,2.0595617742067067,2.033904360787548,2.0085665798608963,1.983544449539388,1.9588340375408388,1.9344314605702773,1.9103328837096747,1.8865345198152819,1.8630326289224686,1.8398235176579822,1.8169035386595254
3,25.4,24.21,33.73,40.32,40.89,34.5,28.77,32.94,43.64,42.79,26.24,10.79,16.19,16.0,32.23,11.11,22.72,11.66,11.84,0.0,5.94,12.19,0.0,0.0,13.27,6.55,6.35,18.53,12.04,23.5,17.14,11.58,0.0,11.27,5.7,5.88,6.03,18.16,0.0,12.45,0.0,0.0,13.15,13.62,9.63,8.18,7.95,7.74,7.54,7.35,7.18,7.01,6.86,6.72,6.59,6.47,6.36,6.25,6.16,6.06,5.98,5.9,5.82,5.75,5.68,5.61,5.55,5.49,5.43,5.37,5.31,5.25,5.19,5.14,5.08,5.02,4.97,4.92,4.86,4.81,4.76,4.7,4.65,4.6,4.55,4.5,4.45,4.4,4.36,4.31,4.26,4.21,4.17,4.12,4.078784553333492,4.037981415658225,3.997586462338464,3.9575956100002925,3.9180048161188417,3.87881007860965,3.8400074354241034,3.801592964148928,3.7635627816096915,3.7259130434782617,3.6886399438842017,3.6517397150300477,3.6152086268104378,3.5790429864350473,3.543239138055301,3.5077934623948144,3.472702376383537,3.437962332795553,3.4035698198905044,3.3695213610586023,3.3358135144691916,3.3024428727228266,3.2694060625068313,3.236699744254304,3.2043206118065335,3.1722653920787893,3.14053084472946,3.109113761832501,3.0780109675531526,3.0472193178269107,3.0167357000417043,2.986557032723252,2.9566802652235697,2.9271023774125893,2.897820379372866,2.8688313110973405,2.840132242190121,2.811720271570262,2.7835925271785036,2.7557461656869457,2.728178372211629,2.7008863600279853,2.6738673702891416,2.6471186717470374,2.620637560476331,2.5944213596010735,2.56846741902411,2.5427731151591946,2.517335850665778,2.492153054186456,2.4672221800870386,2.4425407081992216,2.4181061435658333,2.3939160161886255,2.3699678807785958,2.3462593165087977,2.3227879267696308,2.299551338926576,2.2765472040803556,2.2537731968294907,2.2312270150352354,2.2089063795888624,2.186809034181276,2.164932745074932,2.1432753008780345,2.1218345123209996,2.1006082120351444,2.0795942543335997,2.058790514994409,2.038194891045801,2.0178053005536047,1.9976196824107975,1.977635996129154,1.957852221632982,1.9382663590549187,1.918876428533774,1.8996804700143919,1.8806765430495165,1.86186272660364,1.8432371188588115,1.8247978370223905,1.8065430171367214,1.7884708138907135,1.7705794004333058,1.7528669681887965,1.735331726674022
4,31.44,38.32,36.37,11.25,5.75,23.22,11.45,22.83,43.7,21.77,26.53,26.28,16.16,10.78,5.33,16.03,27.65,5.66,17.33,29.26,11.56,11.76,36.17,24.81,0.0,13.15,26.1,31.7,6.16,11.97,5.86,11.37,0.0,0.0,0.0,17.05,11.69,18.01,24.15,12.0,6.19,6.27,6.38,0.0,5.31,6.97,6.77,6.59,6.42,6.26,6.12,5.98,5.85,5.74,5.63,5.52,5.43,5.34,5.25,5.18,5.1,5.03,4.97,4.91,4.85,4.79,4.74,4.69,4.63,4.58,4.53,4.48,4.44,4.39,4.34,4.29,4.24,4.2,4.15,4.11,4.06,4.02,3.97,3.93,3.89,3.84,3.8,3.76,3.72,3.68,3.64,3.6,3.56,3.52,3.496274068222777,3.472708056854274,3.449300887979519,3.4260514909490305,3.4029588023298514,3.380021765856903,3.357239332384672,3.3346104598392268,3.3121341131705444,3.2898092643051755,3.2676348920992146,3.245609982291595,3.223733527457696,3.2020045269632615,3.1804219869186334,3.158984920133289,3.1376923460706867,3.116543290803417,3.0955367869686543,3.074671873723909,3.0539475967030794,3.033363007972797,3.012917165989071,2.9926091355542184,2.9724379877740894,2.9524028000155793,2.932502655864428,2.912736645083301,2.8931038635701576,2.873603413316894,2.8542344023682715,2.8349959447811144,2.8158871605837903,2.796907175735958,2.7780551220885887,2.7593301373442594,2.740731365017706,2.7222579543966536,2.703909060502898,2.685683844053663,2.667581471423206,2.649601114604691,2.6317419511723146,2.6140031642436865,2.5963839424424675,2.5788834798612545,2.5615009760247216,2.544235635853002,2.5270866696253234,2.5100532929438852,2.4931347266979818,2.4763301970283615,2.4596389352918346,2.4430601780261143,2.426593166914893,2.410237148753161,2.393991375412749,2.3778551038081175,2.361827595862358,2.345908118473439,2.3300959434806736,2.31439034763141,2.2987906125479536,2.283296024694705,2.2679058753455257,2.2526194605513177,2.2374360811078273,2.222355042523662,2.207375654988524,2.19249723334166,2.1777190970405194,2.1630405701296276,2.1484609812096664,2.1339796634067674,2.119595954342002,2.105309196101094,2.0911187352043172,2.0770239225766094,2.063024113517884,2.04911866767354,2.035306949005171,2.0215883257614764,2.0079621704493604,1.9944278598052334,1.9809847747665026,1.967632300443256
5,0.0,31.51,19.18,24.38,28.15,22.97,17.41,11.4,17.05,5.44,10.8,5.32,31.56,10.76,21.58,10.62,26.64,16.54,16.87,5.72,17.32,5.73,11.66,23.91,0.0,6.34,13.07,13.02,12.65,18.43,0.0,11.69,5.68,11.5,5.67,16.85,22.64,5.83,5.99,0.0,5.97,0.0,0.0,12.57,7.84,6.2,6.02,5.86,5.71,5.57,5.44,5.32,5.21,5.11,5.01,4.92,4.83,4.76,4.68,4.61,4.55,4.49,4.43,4.38,4.32,4.27,4.22,4.18,4.13,4.09,4.04,4.0,3.95,3.91,3.87,3.83,3.78,3.74,3.7,3.66,3.62,3.58,3.54,3.5,3.46,3.43,3.39,3.35,3.32,3.28,3.24,3.21,3.17,3.14,3.116305615115392,3.0927900276432236,3.0694518883813586,3.046289858308717,3.023302608508448,3.0004888200916837,2.97784718412187,2.955376401539663,2.933075183088399,2.9109422492401222,2.8889763301221727,2.8671761654443264,2.845540504426488,2.8240681057269263,2.8027577373710537,2.781608176680741,2.7606182102041656,2.739786633646193,2.7191122517992765,2.698593878474886,2.6782303364354494,2.6580204573268076,2.6379630816111823,2.618057058500647,2.5983012458910992,2.578694510296736,2.5592357267850177,2.5399237789121245,2.520757558658904,2.501735966367296,2.482857910677241,2.4641223084640624,2.445528084776325,2.4270741727741565,2.408759513668041,2.390583056658069,2.3725437588736487,2.354640585313672,2.3368725087871303,2.3192385098541806,2.3017375767676556,2.284368705415013,2.267130899260727,2.250023169289112,2.2330445339475764,2.2161940190903073,2.1994706579223804,2.1828734909442864,2.1664015658968845,2.150053937706764,2.1338296684320213,2.117727827208447,2.1017474901961153,2.0858877405263807,2.070147668249273,2.0545263702812884,2.0390229503535746,2.023636518960509,2.008366193308662,1.9932110972661492,1.9781703613123607,1.9632431224880744,1.9484285243459432,1.9337257169013566,1.9191338565836733,1.9046521061878212,1.8902796348262625,1.8760156178813232,1.8618592369578788,1.8478096798364,1.833866140426353,1.820027818719948,1.8062939207462394,1.792663658525574,1.7791362500243784,1.7657109191102904,1.7523868955076298,1.739163414753203,1.7260397181524412,1.7130150527358727,1.7000886712159202,1.6872598319440248,1.6745277988680947,1.6618918414902744,1.649351234825032,1.6369052593575646
6,29.31,37.09,31.66,19.19,12.14,11.23,17.11,28.69,16.91,39.44,37.41,26.98,26.58,0.0,0.0,10.75,10.6,5.31,21.91,5.59,0.0,22.95,11.36,5.79,5.95,12.28,12.6,19.49,6.5,0.0,6.13,11.92,11.69,5.65,0.0,11.32,11.21,0.0,5.82,5.96,11.99,0.0,5.98,18.07,8.62,5.5,5.34,5.2,5.06,4.94,4.83,4.72,4.63,4.53,4.45,4.37,4.3,4.23,4.16,4.1,4.04,3.99,3.94,3.89,3.85,3.8,3.76,3.72,3.67,3.63,3.59,3.56,3.52,3.48,3.44,3.4,3.37,3.33,3.29,3.26,3.22,3.19,3.15,3.12,3.08,3.05,3.01,2.98,2.95,2.92,2.89,2.85,2.82,2.79,2.770301065381592,2.7507412160768396,2.7313194700669263,2.7120348522666275,2.692886394475357,2.673873135328557,2.6549941202494334,2.6362484014010277,2.617635037638633,2.5991530944625403,2.580801643971124,2.562579764814254,2.5444865421470384,2.526521067583894,2.508682439152938,2.4909697612507076,2.473382144597192,2.455918706191185,2.4385785692659576,2.4213608632452326,2.4042647236994834,2.3872892923025297,2.3704337167884457,2.353697150908774,2.3370787543900335,2.3205776928915385,2.3041931379635074,2.2879242670054687,2.2717702632249632,2.255730315596536,2.239803618821017,2.223989373285092,2.208286785021158,2.1926950656674564,2.1772134324284997,2.161841108035765,2.146577320708674,2.131421304115843,2.11637229733661,2.101429544822831,2.086592296360947,2.0718598070343206,2.057231337185834,2.0427061523807573,2.0282835233698724,2.0139627260528625,1.9997430414419568,1.9856237556258345,1.97160415973378,1.9576835499000966,1.9438612272287648,1.9301364977583568,1.9165086724271938,1.902977067038751,1.8895410022273078,1.8761998034238392,1.8629528008221485,1.8497993293452397,1.836738728611925,1.8237703429036727,1.810893521131683,1.798107616804202,1.7854119879940629,1.7728059973064583,1.7602890118469379,1.7478604031896348,1.7355195473457148,1.7232658247320471,1.7110986201400995,1.69901732270505,1.687021325875118,1.675110027381113,1.6632828292061952,1.6515391375558535,1.6398783628280915,1.628299919583829,1.6168032265175059,1.6053877064279003,1.5940527861891478,1.582797896721968,1.5716224729650934,1.5605259538468998,1.5495077822572372,1.5385674050194593,1.5277042728626518,1.5169178403940555
7,22.58,0.0,12.37,6.31,25.46,0.0,5.56,16.87,5.67,11.16,0.0,0.0,0.0,10.62,10.5,5.34,0.0,5.28,0.0,21.79,16.72,5.64,11.4,11.26,5.77,11.81,6.11,6.29,12.96,6.49,6.31,6.11,0.0,0.0,5.65,0.0,5.64,16.79,11.27,0.0,5.94,11.8,0.0,0.0,3.68,4.83,4.7,4.57,4.45,4.34,4.24,4.15,4.07,3.99,3.92,3.85,3.78,3.72,3.67,3.61,3.56,3.52,3.47,3.43,3.39,3.35,3.31,3.28,3.24,3.2,3.17,3.13,3.1,3.07,3.03,3.0,2.97,2.93,2.9,2.87,2.84,2.81,2.78,2.75,2.72,2.69,2.66,2.63,2.6,2.57,2.54,2.52,2.49,2.46,2.4449801087671883,2.430051923685858,2.415214884830636,2.400468435694854,2.3858120231696778,2.371245097523359,2.35676711238062,2.3423775247021545,2.3280757947642647,2.3138613861386137,2.2997337656721077,2.285692403466897,2.2717367728604994,2.2578663504060508,2.244080615852667,2.2303790521259317,2.216761145308504,2.203226384620838,2.189774262402031,2.1764042740907756,2.163115918206438,2.1499086963302494,2.1367821130866087,2.1237356761245034,2.110768896099043,2.097881286653104,2.0850723643990876,2.072341648900789,2.059688662655376,2.047112931075482,2.034613982471402,2.022191348033403,2.0098445618141367,1.9975731607111664,1.985376684449595,1.9732546755648008,1.9612066793852805,1.9492322440155931,1.937330920319413,1.9255022619026807,1.9137458250968633,1.9020611689423095,1.8904478551717125,1.8789054481936713,1.8674335150763517,1.8560316255312483,1.8446993518970458,1.8334362691235777,1.8222419547558835,1.8111159889183632,1.8000579542990298,1.7890674361338554,1.7781440221912148,1.7672873027564235,1.7564968706163706,1.7457723210442437,1.7351132517843502,1.7245192630370285,1.7139899574436526,1.7035249400717278,1.6931238184000774,1.6827862023041213,1.6725117040412418,1.66229993823624,1.6521505218668833,1.642063074249536,1.632037217024884,1.6220725741437396,1.6121687718529407,1.602325438681328,1.5925422054258156,1.5828187051375397,1.5731545731080985,1.5635494468558693,1.5540029661124148,1.5445147728089694,1.5350845110630094,1.5257118271649035,1.5163963695646472,1.507137788858675,1.497935737776757,1.4887898711689733,1.479699845992766,1.4706653213000749,1.4616859582245487,1.4527614199688328
8,10.56,22.61,17.69,6.19,18.92,19.06,17.98,11.0,5.57,11.25,11.12,0.0,26.66,16.14,10.61,5.23,0.0,5.34,10.54,15.76,10.84,16.58,5.61,5.65,5.6,5.74,0.0,0.0,0.0,6.47,6.48,12.56,6.09,11.95,5.84,5.63,0.0,11.25,5.59,0.0,0.0,5.85,0.0,5.68,4.77,4.44,4.31,4.2,4.09,3.99,3.9,3.82,3.74,3.67,3.61,3.55,3.49,3.43,3.38,3.33,3.29,3.24,3.2,3.16,3.13,3.09,3.05,3.02,2.99,2.96,2.92,2.89,2.86,2.83,2.8,2.77,2.74,2.71,2.68,2.65,2.62,2.59,2.56,2.53,2.51,2.48,2.45,2.42,2.4,2.37,2.35,2.32,2.29,2.27,2.2583464765841126,2.246752778986729,2.235218600079402,2.223743634310392,2.212327577696574,2.200970127815384,2.1896709837968085,2.178429846315414,2.167246417582416,2.156120401337793,2.1450515028424344,2.134039428870338,2.1230838877008367,2.112184589110874,2.101341244367314,2.0905535662192944,2.079821268890614,2.0691440680721658,2.058521680914402,2.0479538260198433,2.0374402234356235,2.0269805946460733,2.016574662565343,2.0062221515300607,1.9959227872920307,1.9856762970109685,1.9754824092472723,1.965340853954833,1.9552513624738799,1.9452136675238643,1.935227503196378,1.9252926049481096,1.9154087095938375,1.9055755552994555,1.8957928815750393,1.8860604292679433,1.8763779405559375,1.8667451589403765,1.8571618292394043,1.8476276975811956,1.8381425113972285,1.828706019415596,1.8193179716543473,1.8099781194148676,1.800686215275288,1.7914420130839328,1.7822452679527967,1.7730957362510598,1.7639931755986313,1.7549373448597307,1.745928004136498,1.7369649147626394,1.7280478392971057,1.7191765415178006,1.7103507864153238,1.7015703401867452,1.692834970229412,1.6841444451347858,1.6754985346823124,1.666897009833323,1.658339642724968,1.6498262066641793,1.6413564761216657,1.6329302267259376,1.6245472352573642,1.6162072796422597,1.6079101389470003,1.599655593372171,1.5914434242467446,1.5832734140222866,1.5751453462671934,1.5670590056609595,1.5590141779884719,1.5510106501343355,1.543048210077229,1.5351266468842868,1.527245750705512,1.519405312768216,1.51160512537149,1.5038449818807005,1.4961246767220164,1.488444005376965,1.4808027643770099,1.4732007512981646,1.465637764755629,1.458113604398453
9,9.99,21.15,0.0,11.82,6.19,6.27,25.22,5.93,21.81,16.61,16.62,16.64,22.2,0.0,0.0,5.29,15.68,15.93,5.34,10.5,10.44,5.39,5.48,0.0,5.64,16.72,0.0,11.68,6.05,0.0,0.0,0.0,0.0,0.0,5.97,5.85,5.61,5.68,0.0,5.56,5.58,5.67,5.75,11.44,6.18,4.4,4.28,4.17,4.07,3.97,3.88,3.8,3.72,3.65,3.59,3.53,3.47,3.42,3.37,3.32,3.27,3.23,3.19,3.15,3.12,3.08,3.04,3.01,2.98,2.95,2.91,2.88,2.85,2.82,2.79,2.76,2.73,2.7,2.67,2.64,2.61,2.58,2.55,2.52,2.5,2.47,2.44,2.42,2.39,2.36,2.34,2.31,2.29,2.26,2.249837485056731,2.239720667772742,2.2296493426599158,2.21962330515415,2.2096423516112047,2.199706279302564,2.1898148864113187,2.179967972028068,2.1701653361468365,2.1604067796610154,2.150692104359315,2.141021112921739,2.1313936089155794,2.1218093967914236,2.1122682818791847,2.1027700703841448,2.0933145693830224,2.0839015868200503,2.0745309315030767,2.0652024130996818,2.05591584213331,2.0466710299794237,2.0374677888616715,2.0283059318480716,2.0191852728472193,2.010105626604503,2.001066808698346,1.9920686355364536,1.9831109243520926,1.9741934932003726,1.9653161609545529,1.9564787473023635,1.9476810727423424,1.9389229585801895,1.9302042269251374,1.9215247006863378,1.912884203569265,1.9042825600721343,1.8957195954823385,1.8871951358728973,1.8787090080989277,1.8702610397941228,1.8618510593672553,1.8534788959986888,1.84514437963691,1.8368473409950745,1.8285876115475674,1.8203650235265818,1.812179409918709,1.8040306044615486,1.7959184416403298,1.7878427566845503,1.7798033855646294,1.771800164988576,1.7638329323986723,1.755901525968172,1.748005784598013,1.740145547913545,1.7323206562612736,1.724530950705615,1.7167762730256704,1.7090564657120098,1.7013713719634753,1.6937208356839937,1.686104701479408,1.6785228146543194,1.670975021208947,1.663461167835998,1.6559811019175552,1.6485346715219769,1.6411217254008093,1.633742112985717,1.626395684385423,1.6190822903826643,1.611801782431162,1.6045540126526028,1.5973388338336367,1.5901560994228854,1.5830056635279675,1.575887380912533,1.5688011069933152,1.5617466978371932,1.554724010158268,1.547732901314953,1.540773229307076,1.5338448527729958
10,42.07,15.04,10.66,11.43,17.79,12.34,12.49,0.0,17.74,5.47,0.0,5.53,11.07,5.54,0.0,5.37,5.29,5.22,15.88,21.28,15.71,20.75,16.04,5.44,11.12,11.24,16.63,22.72,0.0,6.03,0.0,0.0,19.2,6.21,0.0,0.0,0.0,5.6,11.33,11.18,5.54,16.51,0.0,0.0,3.56,4.68,4.55,4.43,4.33,4.22,4.13,4.04,3.96,3.89,3.82,3.76,3.7,3.64,3.59,3.54,3.49,3.45,3.41,3.36,3.33,3.29,3.25,3.21,3.18,3.14,3.11,3.08,3.04,3.01,2.98,2.94,2.91,2.88,2.85,2.82,2.79,2.76,2.72,2.7,2.67,2.64,2.61,2.58,2.55,2.52,2.5,2.47,2.44,2.41,2.387915794707279,2.366033959590247,2.3443526402155,2.3228699991428643,2.30158421576968,2.2804934861765083,2.259596022974253,2.2388900551526847,2.218373827930351,2.198045602605864,2.1779036564105483,2.1579462823624413,2.138171789121629,2.1185785008469127,2.0991647570537806,2.079928912473689,2.060869336914629,2.0419844151229705,2.023272546646575,2.0047321456991605,1.986361641025908,1.9681594757703051,1.9501241073422033,1.9322540072870873,1.914547661156543,1.8970035683799125,1.8796202421371213,1.8623962092326771,1.8453300099708183,1.828420198031808,1.811665340349363,1.795064016989204,1.7786148210287203,1.7623163584377348,1.7461672479603656,1.7301661209979664,1.7143116214931406,1.6986024058148201,1.683037142644395,1.6676145128628874,1.652333209439159,1.6371919373191446,1.6221894133160972,1.6073243660018437,1.5925955355990313,1.5780016738743674,1.5635415440328324,1.549213920612866,1.5350175893825106,1.5209513472365102,1.5070140020943474,1.4932043727992201,1.4795212890179394,1.4659635911417472,1.452530130188042,1.4392197677030065,1.4260313756651244,1.4129638363895851,1.4000160424335608,1.387186896502355,1.3744753113564088,1.3618802097191591,1.3494005241857432,1.3370351971325387,1.3247831806275308,1.312643436341505,1.300614935460049,1.2886966585963646,1.2768875957048769,1.2651867459956336,1.2535931178494937,1.2421057287340869,1.230723605120548,1.2194457824010128,1.2082713048068687,1.1971992253277572,1.1862286056313154,1.1753585159836555,1.1645880351705722,1.153916250419471,1.1433422573220142,1.1328651597574737,1.1224840698167868,1.1121981077273084,1.102006401778252,1.0919080882468148
11,14.13,14.08,20.13,21.37,34.12,17.66,0.0,6.19,12.44,23.57,10.93,5.43,5.51,5.52,22.09,5.32,5.36,15.85,31.26,21.09,10.62,5.2,5.15,15.94,5.41,0.0,22.42,16.57,11.34,5.79,18.07,0.0,12.79,6.37,12.37,6.02,11.92,0.0,0.0,5.64,0.0,5.48,0.0,11.05,6.69,5.23,5.09,4.96,4.84,4.73,4.63,4.53,4.45,4.36,4.29,4.22,4.15,4.09,4.03,3.98,3.92,3.87,3.83,3.78,3.74,3.69,3.65,3.61,3.57,3.53,3.49,3.46,3.42,3.38,3.34,3.31,3.27,3.24,3.2,3.16,3.13,3.1,3.06,3.03,3.0,2.96,2.93,2.9,2.87,2.84,2.8,2.77,2.74,2.71,2.676559152311672,2.6435309578684048,2.6109103246132546,2.5786922233242233,2.546871686838887,2.515443809288594,2.4844037453421115,2.453746709458607,2.4234679751498467,2.393562874251497,2.364026796203423,2.334855187338861,2.3060435501823657,2.277587442756425,2.2494824778966223,2.2217243225752554,2.1943086972333026,2.1672313751206267,2.140488181644326,2.1140749937251253,2.0879877391617065,2.0622223960028863,2.036774991927539,2.0116416036321723,1.9868183562260588,1.9623014226338338,1.938087023005462,1.914171424133488,1.890550938877474,1.8672219255955451,1.8441807875829446,1.8214239725175196,1.7989479719120482,1.7767493205733258,1.7548245960679265,1.733170418194554,1.7117834484629084,1.690660389578979,1.6697979849366913,1.649193018115826,1.628842312386134,1.6087427302175699,1.5888911727965698,1.569284579548297,1.5499199276647857,1.530794231638903,1.511904542804066,1.4932479488796375,1.4748215735219283,1.4566225758807447,1.4386481501614061,1.4208955251921653,1.4033619639969708,1.3860447633734962,1.3689412534763827,1.352048797405618,1.3353647907999986,1.318886661435608,1.302611868829248,1.286537903846766,1.2706622883162122,1.254982574645775,1.2394963454464263,1.224201213159226,1.2090948196872244,1.1941748360319082,1.1794389619341308,1.1648849255194744,1.1505104829479886,1.1363134180682515,1.1222915420756965,1.1084426931751608,1.094764736247592,1.0812555625208733,1.0679130892447044,1.0547352593695,1.0417200412292476,1.0288654282282783,1.0161694385319064,1.0036301147608808,0.9912455236896124,0.9790137559481211,0.966932925727664,0.9550011704899931,0.9432166506802031,0.9315775494431214
12,18.25,18.92,18.88,0.0,21.25,22.58,11.7,12.14,36.82,18.58,28.74,10.9,10.83,5.49,11.02,11.01,0.0,21.43,0.0,5.21,5.26,5.29,10.34,5.12,15.87,16.15,5.52,16.78,22.06,5.65,17.36,6.01,0.0,0.0,12.68,12.31,12.0,5.96,0.0,11.13,5.62,0.0,5.4,0.0,4.67,6.15,6.0,5.85,5.71,5.58,5.47,5.36,5.25,5.16,5.07,4.99,4.91,4.84,4.77,4.71,4.65,4.59,4.53,4.48,4.43,4.37,4.33,4.28,4.23,4.18,4.14,4.09,4.05,4.0,3.96,3.92,3.87,3.83,3.79,3.75,3.71,3.67,3.63,3.59,3.55,3.51,3.47,3.43,3.4,3.36,3.32,3.29,3.25,3.21,3.171444904342603,3.133352891364693,3.0957183990111274,3.0585359320322376,3.0218000611814313,2.9855054224224356,2.9496467161460576,2.9142187063963574,2.879216220106113,2.844634146341465,2.810467435555642,2.7767110988516404,2.743360207253765,2.7104098909879193,2.6778553387705384,2.6456917971060623,2.613914569592849,2.5825190162374243,2.551500552776963,2.520854650009918,2.4905768331346763,2.4606626810961707,2.43110782594033,2.4019079521762876,2.3730587961462506,2.344556145402935,2.316395838094478,2.288573762356743,2.26108585571292,2.233928104480335,2.2070965431843894,2.180587253979535,2.154396366077204,2.128520055180614,2.1029545429263536,2.077696096332683,2.052741027254457,2.028085691844595,2.0037264900220197,1.9796598649459891,1.9558823024967362,1.932390330762353,1.9091805195318323,1.8862494797942038,1.8635938632436804,1.841210361790753,1.819095707079154,1.7972466700086256,1.775660060263417,1.7543327258464467,1.7332615526190602,1.712443463846314,1.6918754197477226,1.6715544170534011,1.651477488565539,1.6316417027251398,1.612044163183967,1.5926820083816287,1.5735524111277444,1.5546525781891285,1.5359797498819323,1.5175311996686855,1.4993042337601779,1.4812961907221205,1.4635044410865354,1.4459263869678076,1.4285594616833537,1.4114011293788424,1.3944488846579206,1.3777002522163828,1.3611527864807373,1.3448040712511125,1.328651719348451,1.312693372265945,1.2969266998246542,1.2813493998332612,1.2659591977519156,1.250753846360113,1.2357311254285646,1.2208888413950068,1.2062248270439062,1.1917369411900107,1.1774230683657012,1.1632811185120984,1.1493090266738812,1.1355047526977686
13,27.48,18.32,18.97,28.25,20.04,21.1,22.42,5.79,24.09,12.21,12.32,0.0,5.44,10.82,5.49,0.0,5.5,5.32,5.35,21.14,10.39,21.0,15.82,0.0,30.6,15.8,10.71,5.51,16.77,0.0,16.92,23.11,12.01,12.42,0.0,0.0,6.12,5.98,11.9,5.8,22.14,16.72,10.89,16.08,9.69,7.56,7.38,7.2,7.04,6.89,6.74,6.61,6.49,6.37,6.27,6.17,6.07,5.99,5.9,5.82,5.75,5.68,5.61,5.54,5.48,5.42,5.35,5.3,5.24,5.18,5.12,5.07,5.01,4.96,4.9,4.85,4.8,4.74,4.69,4.64,4.59,4.54,4.49,4.44,4.39,4.34,4.3,4.25,4.2,4.16,4.11,4.07,4.02,3.98,3.922267649193634,3.8653727416861705,3.8093031298468762,3.7540468422538846,3.699592081138173,3.645927219864625,3.5930408004496246,3.540921531114664,3.489558283875436,3.4389400921658995,3.3890561484968043,3.3398958021481895,3.291448556895343,3.2437040687677583,3.196652143840588,3.1502827360581445,3.104585945088962,3.0595520142119796,3.0151713282333845,2.9714344114336697,2.928331925544475,2.8858546677547725,2.8439935687459768,2.8027396907555517,2.7620842256687115,2.7220184931377984,2.6825339387289424,2.6436221320956053,2.6052747651786166,2.567483650432319,2.5302407190764478,2.493538019373364,2.45736771493028,2.4217220830261112,2.386593512962597,2.3519745044393425,2.317857665952428,2.2842357132162494,2.251101467608252,2.2184478546362207,2.1862679024278067,2.1545547402419625,2.1233015970019706,2.0925017998497513,2.0621487727211387,2.0322360349418287,2.002757199843688,1.9737059734011377,1.945076152887315,1.9168616255497304,1.889056367305133,1.8616544414533092,1.8346499974095374,1.8080372694554305,1.7818105755078966,1.7559643159059584,1.7304929722151687,1.7053911060493705,1.6806533579095466,1.656274446039514,1.6322491652982145,1.6085723860483665,1.5852390530612366,1.5622441844372963,1.5395828705425378,1.517250272960218,1.4952416234578074,1.4735522229689264,1.4521774405900465,1.4311127125917462,1.41035354144431,1.3898954948574598,1.369734204834018,1.3498653667372955,1.330284738372009,1.3109881390785294,1.2919714488402716,1.2732306074040267,1.254761613413059,1.2365605235527766,1.2186234517087935,1.2009465681372065,1.1835260986469054,1.1663583237937463,1.1494395780864135,1.1327662492037989
14,17.98,9.18,27.49,33.3,18.85,14.97,21.0,16.7,5.76,18.0,25.21,24.55,17.16,5.43,5.4,21.91,21.99,5.5,21.21,10.7,10.57,5.2,5.25,0.0,20.54,15.24,31.41,10.65,11.01,16.76,10.99,11.28,17.31,5.99,18.58,6.29,25.1,12.18,5.96,5.93,11.57,0.0,11.04,5.41,8.4,9.33,9.11,8.91,8.71,8.53,8.36,8.2,8.05,7.91,7.78,7.65,7.54,7.43,7.33,7.24,7.14,7.05,6.97,6.89,6.81,6.73,6.66,6.58,6.51,6.44,6.37,6.3,6.23,6.16,6.09,6.03,5.96,5.9,5.83,5.77,5.71,5.64,5.58,5.52,5.46,5.4,5.34,5.28,5.22,5.17,5.11,5.06,5.0,4.95,4.864778703663418,4.781024613255983,4.698712468739057,4.617817444961521,4.538315144172569,4.460181588663411,4.383393213535642,4.307926859594129,4.233759766362251,4.160869565217391,4.089234272644611,4.018832283606478,3.949642365027033,3.881643649387944,3.8148156284349124,3.749138146992432,3.684591396885032,3.621155910963181,3.558812557232037,3.497542533081285,3.43732735961431,3.3781488760750102,3.319989234370549,3.262830893688416,3.206656615206158,3.1514494568921885,3.0971927683961136,3.043870186027021,2.9914656278182337,2.9399632886770215,2.889347635617826,2.8396034030775446,2.7907155883114756,2.7426694468685233,2.6954504881443064,2.649044471010825,2.60343739952137,2.5586155186893795,2.514565310339964,2.4712734890328583,2.4287269980555632,2.386913005485472,2.3458189003197907,2.3054322886720917,2.265740990034344,2.2267330336033018,2.188396654670137,2.150720291072232,2.1136925797060564,2.0773023531000834,2.041538636046705,2.0063906422921356,1.9718477712833022,1.9378996049707435,1.90453590466655,1.8717466079563985,1.8395218256647528,1.8078518388723106,1.776727095984801,1.7461382098522438,1.71607595493781,1.686531264535418,1.6574952280352393,1.628959088236277,1.6009142387052158,1.5733522211807407,1.5462647230225457,1.519643574704261,1.4934807473495426,1.4677683503105816,1.4424986287883037,1.4176639614935396,1.393256858348462,1.3692699582275951,1.3456960267377174,1.3225279540359844,1.299758752685618,1.2773815555485093,1.255389613714108,1.233776294463967,1.2125350792713276,1.191659561835149,1.1711434461479824,1.1509805445971086,1.131164776098371,1.111690164262132
15,17.73,31.14,22.76,28.04,19.29,9.61,25.14,5.3,16.83,11.59,36.12,12.58,24.5,22.87,32.56,26.92,38.3,38.44,11.0,10.63,21.45,21.14,10.41,41.94,10.51,5.12,30.31,15.63,10.59,16.49,11.16,21.92,11.24,23.05,11.97,0.0,12.52,37.43,12.12,11.82,17.79,5.73,21.76,10.95,11.3,11.33,11.09,10.85,10.62,10.41,10.2,10.01,9.83,9.67,9.51,9.36,9.22,9.09,8.97,8.85,8.74,8.64,8.53,8.43,8.34,8.24,8.15,8.06,7.97,7.89,7.8,7.71,7.63,7.55,7.46,7.38,7.3,7.22,7.14,7.06,6.99,6.91,6.83,6.76,6.69,6.61,6.54,6.47,6.4,6.33,6.26,6.19,6.12,6.06,5.982947298935793,5.906874320436155,5.831768607360841,5.757617860961732,5.68440993886889,5.612132853102211,5.540774768108366,5.470323998822698,5.40076900875576,5.332098408104194,5.264300951885616,5.197365538097223,5.131281205897815,5.066037133812925,5.001622637962784,4.938027170312798,4.875240316946289,4.8132517963591885,4.752051457776412,4.691629279489651,4.631975367216285,4.573079952479175,4.514933391007047,4.45752616115522,4.400848862346413,4.344892213531375,4.289647051669092,4.235104330226317,4.181255117696176,4.1280905961356105,4.075602059721419,4.023780913324656,3.9726186711031604,3.922106955111972,3.8722374939314292,3.8230021213126983,3.7743927748405306,3.7264014946130244,3.6790204219381675,3.632241798046961,3.5860579628228964,3.5404613535475975,3.4954445036624033,3.4510000415456994,3.407120689305801,3.3637992615891745,3.321028664403823,3.2788018939576236,3.23711203551144,3.195952262246818,3.1553158341480754,3.1151960968986083,3.0755864807912303,3.036480499652365,2.9978717497799217,2.9597539088946703,2.9221207351049543,2.884966065884565,2.84828381706361,2.8120679818322207,2.7763126297569163,2.7410119058094837,2.7061600294082013,2.6717512934712553,2.6377800634821877,2.6042407765672344,2.571127940584387,2.538436133224044,2.5061600011210916,2.474294258978277,2.44283368870073,2.411773138541484,2.381107522257867,2.350831818278614,2.3209410688815764,2.291430379381878,2.262294917330401,2.233529911722458,2.205130652216531,2.1770924883629403,2.1494108288423197,2.1220811407137794,2.095098948672623,2.0684598343175065,2.0421594354269144,2.0161934452448356
16,21.63,39.13,13.29,18.44,18.8,38.39,43.08,19.92,26.36,11.14,40.26,18.04,31.41,12.24,28.56,32.49,26.92,27.34,33.0,16.49,26.62,5.38,10.58,36.39,10.48,5.25,30.52,10.04,20.71,15.85,27.38,5.58,10.96,5.61,17.24,29.81,6.15,6.22,0.0,6.01,11.79,17.62,34.07,5.4,11.88,13.96,13.68,13.41,13.14,12.89,12.64,12.41,12.2,11.99,11.8,11.62,11.45,11.29,11.14,11.0,10.86,10.73,10.61,10.48,10.36,10.25,10.13,10.02,9.91,9.8,9.7,9.59,9.48,9.38,9.28,9.18,9.08,8.98,8.88,8.78,8.69,8.59,8.5,8.4,8.31,8.22,8.13,8.04,7.95,7.87,7.78,7.7,7.61,7.53,7.458129337858871,7.386944650761116,7.316439391365355,7.246607074821814,7.177441278175859,7.108935639777244,7.041083858694978,6.973879694137791,6.90731696488012,6.841389548693587,6.776091381783892,6.711416458233081,6.647358829447147,6.583912603608893,6.521071945136025,6.458831074144409,6.397184265916459,6.3361258503745965,6.2756502115597295,6.215751787114721,6.156425067772776,6.097664596850721,6.039464969747111,5.981820833445134,5.92472688602026,5.868177876152581,5.812168602643815,5.756693913938915,5.701748707652248,5.647327930098292,5.593426575826809,5.540039687162473,5.48716235374886,5.434789712096827,5.382916945137173,5.331539281777583,5.280651996463798,5.230250408744977,5.180329882843195,5.130885827227071,5.081913694189442,5.033408979429088,4.9853672216364355,4.937784002083222,4.890654944216077,4.84397571325398,4.797742015789556,4.751949599394189,4.706594252226894,4.661671802646923,4.617178118830075,4.573109108388661,4.529460717995098,4.486228933009103,4.443409777108433,4.400999311923154,4.358993636673409,4.317388887810635,4.276181238662202,4.235366899079449,4.194942115089083,4.154903168547893,4.115246376800773,4.075968092342,4.037064702479752,3.9985326290038152,3.9603683278564823,3.9225682888065756,3.8851290351265857,3.8480471232728966,3.81131914256906,3.774941714892088,3.7389114943617474,3.7032251670328153,3.667879450590273,3.6328710940474096,3.5981968774468043,3.563853611564169,3.5298381376150094,3.496147326964093,3.4627780808376856,3.4297273300385362,3.396992034663583,3.3645691838243517,3.3324557953700227,3.3006489156131456
17,34.42,21.31,34.66,26.96,32.46,18.66,23.89,28.43,34.71,31.38,5.53,28.8,24.09,50.36,12.27,22.89,32.64,16.22,16.46,22.05,5.51,16.0,26.94,10.58,41.61,31.34,15.66,15.13,4.98,25.81,5.25,16.39,16.74,5.46,22.38,22.92,5.96,0.0,6.18,24.55,11.94,17.51,11.64,5.62,13.88,16.53,16.22,15.92,15.63,15.34,15.06,14.8,14.55,14.31,14.09,13.88,13.68,13.49,13.31,13.14,12.98,12.82,12.67,12.53,12.39,12.25,12.11,11.98,11.85,11.72,11.59,11.46,11.34,11.21,11.09,10.97,10.85,10.73,10.61,10.5,10.38,10.27,10.16,10.04,9.94,9.83,9.72,9.61,9.51,9.4,9.3,9.2,9.1,9.0,8.91965308935324,8.840023470489866,8.761104739834453,8.682890550979076,8.605374614172952,8.528550695816634,8.452412617960729,8.37695425780908,8.302169547226391,8.228052472250253,8.154597072607503,8.081797441234933,8.009647723804253,7.938142118251306,7.86727487430948,7.7970402930472975,7.727432726410112,7.658446576765921,7.590076296455209,7.5223163873448335,7.4551614003858715,7.388605935175429,7.322644639522355,7.2572722090168345,7.192483386603825,7.1282729621602945,7.064635772076249,7.001566698839481,6.939060670624037,6.877112660882361,6.81571768794107,6.754870814600342,6.694567147736886,6.634801837910446,6.57557007897383,6.516867107686405,6.458688203331062,6.4010286873345805,6.3438839228914,6.287249314590737,6.231120308047033,6.175492389533714,6.1203610856202015,6.065721962812176,6.011570627195045,5.957902724080609,5.9047139376568545,5.851999990640898,5.799756643935025,5.747979696285779,5.696664983946127,5.645808380340611,5.595405795733505,5.5454531768999304,5.495946506799911,5.44688180425533,5.398255123629777,5.350062554511256,5.302300221397712,5.254964283385386,5.208050933859932,5.161556400190307,5.115476943425384,5.0698088579932765,5.0245484714033495,4.979692143950888,4.935236268424399,4.891177269815538,4.847511605031612,4.804235762610656,4.76134626243905,4.718839655471664,4.676712523454489,4.634961478649758,4.593583163563507,4.552574250675585,4.511931442172055,4.4716514696799985,4.431731094004683,4.392167104869076,4.3529563206556805,4.314095588150684,4.275581782290381,4.237411805909869,4.199582589493984,4.1620910909304545
18,47.94,30.12,42.71,8.86,27.3,50.94,32.71,42.85,47.49,29.69,31.32,55.69,40.67,30.47,31.94,24.97,17.59,28.0,21.74,66.46,22.21,32.74,26.47,32.02,31.43,25.61,20.54,30.58,19.72,14.68,15.13,20.41,0.0,21.95,5.39,22.08,17.13,41.34,30.3,0.0,11.99,29.41,17.12,11.34,17.14,18.97,18.64,18.32,18.0,17.69,17.39,17.1,16.82,16.55,16.3,16.06,15.83,15.62,15.42,15.22,15.03,14.85,14.68,14.51,14.35,14.19,14.03,13.88,13.73,13.57,13.43,13.28,13.13,12.99,12.85,12.71,12.57,12.43,12.3,12.16,12.03,11.9,11.77,11.64,11.51,11.38,11.26,11.14,11.01,10.89,10.78,10.66,10.54,10.43,10.32799097102088,10.226979625837854,10.126956206756265,10.027911051515108,9.929834592353647,9.832717355087176,9.73654995819182,9.64132311189826,9.547027617294358,9.45365436543654,9.361194336469866,9.26963859875672,9.178978308014003,9.089204706458784,9.000309121962303,8.912282967212228,8.825117738883131,8.73880501681507,8.653336463200192,8.56870382177731,8.484898917034341,8.401913653418553,8.319740014554542,8.23837006246984,8.157795936828116,8.078009854169855,7.999004107160495,7.92077106384588,7.843303166915024,7.76659293297007,7.6906329518034005,7.6154158856818,7.5409344686376425,7.46718150576699,7.394149872534571,7.321832514085545,7.2502224445640095,7.179312746438162,7.109096569832066,7.039567131863959,6.970717715991018,6.902541671360549,6.83503241216751,6.768183417018323,6.70198822830091,6.636440451560884,6.571533754883848,6.507261868283733,6.443618583097109,6.3805977513834415,6.31819328533119,6.256399156669731,6.19520939608702,6.134618092652969,6.074619393248437,6.015207501999827,5.956376679719201,5.8981212433498795,5.840435565417449,5.78331407348616,5.7267512496206185,5.67074162985276,5.61527980365403,5.560360413412725,5.505978153916447,5.452127771839625,5.398804065236034,5.346001883036298,5.293716124550287,5.241941738974402,5.190673724903655,5.139907129848539,5.089637049756621,5.039858628538805,4.990567057600234,4.941757575375788,4.893425466870102,4.8455660632021145,4.798174741154039,4.751246922724771,4.704778074687649,4.658763708152544,4.6131993781322365,4.568080683113028,4.523403264629554,4.479162806843759
19,26.91,35.4,47.38,39.63,40.88,37.08,33.14,52.2,19.38,28.89,39.9,15.8,61.76,11.72,30.78,64.43,38.22,30.69,21.58,37.48,21.68,10.8,5.3,25.77,20.66,20.18,39.41,34.07,4.84,18.71,18.49,32.74,24.54,25.76,37.15,31.3,37.99,33.57,34.8,29.21,17.22,17.18,16.61,0.0,15.53,20.61,20.29,19.97,19.65,19.33,19.01,18.71,18.42,18.13,17.86,17.6,17.36,17.13,16.91,16.7,16.49,16.3,16.11,15.92,15.74,15.57,15.4,15.23,15.06,14.9,14.73,14.57,14.41,14.25,14.1,13.94,13.79,13.64,13.49,13.34,13.2,13.05,12.91,12.77,12.63,12.49,12.36,12.22,12.09,11.95,11.82,11.69,11.57,11.44,11.295118924832702,11.152072685849115,11.01083804589547,10.87139206210331,10.73371208216251,10.59777574064154,10.463560955354296,10.33104592377298,10.200209119486356,10.071029288702924,9.943485446798325,9.817556874906497,9.693223116554002,9.57046397433697,9.44925950664013,9.329590024397401,9.211436087893485,9.094778503606,8.979598321087567,8.865876829887425,8.753595556511995,8.64273626142396,8.533280936079336,8.425211800002081,8.318511297895745,8.213162096791685,8.109147083233426,8.006449360496658,7.905052245844449,7.804939267817211,7.706094163557,7.6085008761656905,7.512143552096616,7.417006538579236,7.323074381076418,7.230331820773932,7.1387637921017255,7.048355420286596,6.9590920189358645,6.870959087651634,6.783942309675282,6.698027549561761,6.613200850883379,6.529448433962639,6.446756693633798,6.365112197032781,6.2845016814150725,6.2049120520012515,6.126330379849812,6.048743899756918,5.972140008182755,5.896506261204158,5.821830372493149,5.748100211321082,5.675303800588078,5.603429314877392,5.532465078534438,5.462399563770138,5.393221388788285,5.324919315936632,5.257482249881386,5.190899235804831,5.125159457625766,5.060252236242491,4.996167027798038,4.932893421967376,4.870421140266299,4.808740034381743,4.747840084523242,4.687711397795259,4.628344206590139,4.569728867001405,4.511855857257157,4.4547157761733045,4.398299341626388,4.342597389045755,4.287600869924807,4.233300850351123,4.179688509555187,4.126755138477499,4.074492138353828,4.022891019318391,3.9719433990247097,3.921641001283945,3.871975654720468,3.822939291444462
20,55.65,53.01,20.85,38.05,22.08,32.74,24.08,29.35,62.88,49.69,24.04,50.24,42.43,50.88,41.15,55.1,31.73,56.78,16.92,36.64,47.07,21.3,21.31,15.63,35.49,25.01,34.63,43.21,18.94,14.11,9.05,35.94,9.34,19.44,20.29,25.89,15.38,15.79,27.22,39.07,5.7,22.19,21.94,32.11,24.59,22.19,21.88,21.57,21.25,20.93,20.61,20.29,19.99,19.69,19.4,19.13,18.87,18.62,18.38,18.15,17.93,17.72,17.51,17.31,17.12,16.93,16.74,16.56,16.38,16.2,16.02,15.85,15.67,15.5,15.33,15.16,15.0,14.83,14.67,14.51,14.35,14.2,14.04,13.89,13.73,13.58,13.44,13.29,13.14,13.0,12.86,12.72,12.58,12.44,12.28936296631983,12.140550009481778,11.993539041581931,11.848308242180709,11.704836055064117,11.563101185044216,11.423082594798338,11.284759501746569,11.148111374967051,11.013117932148626,10.879759136580399,10.748015194177729,10.617866550544262,10.489293888069513,10.362278123061609,10.23680040291475,10.112842103310967,9.990384825455768,9.869410393347243,9.749900851078266,9.631838460171338,9.515205696945712,9.399985249916407,9.286160017224706,9.173713104099775,9.062627820351024,8.952887677890809,8.844476388287173,8.737377860346186,8.63157619772357,8.527055696565256,8.423800843176494,8.32179631171921,8.22102696193722,8.12147783690901,8.023134160827723,7.925981336808018,7.8300049447195015,7.735190739046381,7.641524646773047,7.5489927652952495,7.457581360356573,7.367276864009898,7.278065872603547,7.189935144791822,7.102871599569616,7.016862314330846,6.931894522950382,6.847955613889204,6.7650331283225045,6.683114758290464,6.602188344871409,6.522241876377098,6.443263486569862,6.365241452901322,6.288164194772454,6.212020271814707,6.136798382191937,6.062487360922914,5.989076178224123,5.916553937872656,5.844909875588905,5.774133357438854,5.704213878255709,5.635141060080653,5.5669046506224635,5.499494521735799,5.432900667917903,5.367113204823516,5.30212236779777,5.237918510426843,5.174492103106171,5.111833731625996,5.049934095774037,4.988784007955085,4.928374391827319,4.868696280955118,4.8097408174782075,4.751499250796909,4.693962936273309,4.637123333948158,4.580972007273314,4.525500621859525,4.470700944239374,4.416564840645212,4.36308427580189
21,33.98,41.34,26.06,21.21,25.83,36.16,9.45,38.62,29.39,29.16,24.77,29.25,61.0,32.26,51.61,41.41,37.1,19.29,24.8,22.7,53.74,21.07,37.92,21.32,31.58,35.05,45.13,29.63,33.83,37.93,18.76,18.28,18.29,33.48,29.62,35.82,36.29,25.66,26.22,26.75,22.59,11.21,16.34,21.89,22.98,23.37,23.09,22.79,22.48,22.17,21.85,21.53,21.22,20.92,20.62,20.34,20.06,19.8,19.55,19.3,19.07,18.85,18.63,18.42,18.21,18.01,17.81,17.62,17.42,17.23,17.04,16.86,16.67,16.49,16.31,16.13,15.95,15.78,15.61,15.44,15.27,15.1,14.94,14.77,14.61,14.45,14.29,14.14,13.98,13.83,13.68,13.53,13.38,13.23,13.090317464374824,12.952109699026193,12.81536113330772,12.68005636096813,12.546180138415584,12.413717383000309,12.282653171315365,12.15297273751537,12.024661471652951,11.897704918032783,11.772088773582977,11.647798886243692,11.524821253372746,11.403142020168056,11.282747478106753,11.163624063400743,11.045758355468616,10.929137075423654,10.813747084577829,10.699575382961562,10.586609107859159,10.474835532359663,10.364242063923028,10.254816242961434,10.146545741435578,10.039418361465769,9.93342203395772,9.828544817242815,9.72477489573275,9.62210057858838,9.520510298402613,9.41999260989721,9.320536188633351,9.222129829735806,9.124762446630585,9.028423069795911,8.933100845526377,8.838785034710163,8.745465011619144,8.653130262711795,8.561770385448717,8.471375087120673,8.381934183689006,8.293437598638286,8.205875361841086,8.119237608434728,8.033514577709902,7.94869661201101,7.864774155648127,7.781737753820441,7.699578051551068,7.618285792633109,7.537851818586831,7.4582670676278715,7.379522573646313,7.3016094651965675,7.224518964497895,7.148242386445497,7.072771137632037,6.998096715379504,6.924210706781286,6.8511047877543625,6.7787707221015046,6.707200360583376,6.636385640000429,6.566318582284499,6.496991293599978,6.428395963454495,6.360524863818973,6.293370348256976,6.226924851063262,6.161180886411415,6.096131047510485,6.031768005770528,5.968084509976965,5.905073385473645,5.8427275333545445,5.781039929663994,5.72000362460535,5.659611741758027,5.599857477302791,5.5407340992552285,5.482234946707319,5.424353429077007,5.3670830253657,5.310417283423605
22,61.1,24.34,27.63,22.27,43.34,26.47,50.07,47.14,33.78,34.4,43.87,40.37,9.97,31.18,33.07,35.09,12.12,50.89,26.19,37.68,41.32,43.48,43.11,10.9,16.13,15.59,5.0,10.02,10.02,19.59,19.28,33.74,14.18,33.25,14.94,35.54,41.54,26.5,36.49,15.82,22.0,22.56,27.98,11.12,20.97,24.28,24.03,23.75,23.46,23.15,22.84,22.53,22.22,21.91,21.61,21.32,21.03,20.76,20.5,20.25,20.0,19.77,19.54,19.32,19.1,18.89,18.68,18.48,18.28,18.08,17.88,17.68,17.49,17.3,17.11,16.92,16.74,16.55,16.37,16.19,16.02,15.84,15.67,15.5,15.33,15.16,14.99,14.83,14.67,14.51,14.35,14.19,14.04,13.88,13.73418226295627,13.589896428825837,13.447126404048454,13.305856264136398,13.16607025189825,13.027752775681348,12.890888407632715,12.75546188197823,12.6214580933199,12.488862094951012,12.35765909718898,12.227834465725726,12.099373719995363,11.972262531559043,11.846486722506784,11.722032263876052,11.598885274087003,11.477032017394121,11.356458902354145,11.237152480310096,11.119099443891209,11.002286625528642,10.886700995986777,10.77232966290994,10.659159869384395,10.547178992515448,10.436374542019498,10.326734158830876,10.218245613723317,10.110896805945927,10.004675761873472,9.89957063367083,9.79556969797152,9.692661354570053,9.590834125128078,9.490076651894073,9.390377696436527,9.291726138390398,9.194110974216755,9.097521315975456,9.001946390110712,8.907375536249408,8.813798206012047,8.7212039618362,8.629582475812295,8.538923528531663,8.449217007946652,8.360452908242749,8.272621328722531,8.185712472701349,8.099716646414608,8.01462425793654,7.930425816110307,7.847111929489386,7.764673305290034,7.683100748354785,7.602385160126825,7.522517537635145,7.443488972490352,7.365290649891036,7.287913847640571,7.211349935174244,7.135590372596609,7.060626709728953,6.986450585166763,6.913053725347105,6.840427943625791,6.768565139364248,6.697457297025979,6.62709648528251,6.557474856128739,6.488584644007567,6.420418164943743,6.352967815686787,6.286226072862932,6.2201854921359745,6.154838707376932,6.090178429842432,6.026197447361729,5.962888623532263,5.9002448969236685,5.838259280290151,5.776924859791126,5.7162347942200595,5.6561823142413985,5.596760721635531
23,47.65,20.57,24.64,28.34,9.13,22.21,35.54,27.26,28.28,33.88,24.58,29.75,25.61,25.36,31.76,39.16,35.81,43.32,45.85,52.5,38.65,41.9,60.8,27.13,38.52,21.41,5.25,25.2,30.69,20.45,24.99,39.84,24.77,24.28,19.64,10.18,36.23,10.61,16.18,21.12,37.95,27.6,45.16,22.9,24.66,25.28,25.05,24.79,24.52,24.23,23.93,23.62,23.31,23.0,22.69,22.39,22.1,21.82,21.54,21.28,21.02,20.78,20.54,20.31,20.08,19.86,19.64,19.42,19.21,19.0,18.79,18.59,18.38,18.18,17.98,17.79,17.59,17.4,17.21,17.02,16.83,16.65,16.47,16.29,16.11,15.93,15.76,15.59,15.42,15.25,15.08,14.92,14.75,14.59,14.436968798320379,14.285542706214954,14.135704888053365,13.987438684790357,13.840727612113628,13.695555358611088,13.55190578395735,13.409762917119243,13.269110954580137,13.129934258582905,12.992217355391311,12.855944933569628,12.721101842280307,12.5876730895995,12.455643840850245,12.324999416953148,12.195725292794343,12.067807095610595,11.941230603391327,11.815981743297396,11.692046590096489,11.569411364614886,11.448062432205505,11.32798630123198,11.209169621568662,11.091599183116344,10.975261914333547,10.860144880783238,10.74623528369475,10.633520458540826,10.521987873629564,10.411625128711131,10.30241995359911,10.194360206806282,10.087433874194733,9.981629067640126,9.876934023709957,9.773337102355695,9.670826785618647,9.569391676349376,9.469020496940555,9.369702088073128,9.271425407475604,9.174179528696374,9.077953639888905,8.982737042609667,8.88851915062868,8.79528948875253,8.703037691659732,8.611753502748305,8.521426772995444,8.432047459829139,8.343605626011644,8.256091438534648,8.169495167526026,8.083807185168085,7.999017964627123,7.915118078994241,7.832098200237245,7.749949098163558,7.668661639393999,7.588226786347333,7.508635596235459,7.429879220069163,7.351948901674261,7.2748359767181,7.1985318717462485,7.123028103229294,7.048316276619638,6.97438808541819,6.901235310250844,6.828849817954647,6.757223560673547,6.6863485749636276,6.616216980907733,6.54682098123937,6.478152860475805,6.410204984060255,6.34296979751307,6.276439825591825,6.210607671460218,6.145466015865686,6.081007616325645,6.0172253063222705,5.954111994505717,5.8916606639057
24,38.49,53.91,36.59,30.13,28.85,9.25,13.31,22.05,45.28,42.54,19.59,24.81,0.0,36.09,30.81,31.91,50.93,41.49,38.38,19.71,26.42,25.78,18.14,38.67,10.97,32.83,21.49,15.85,15.4,20.94,46.79,35.86,25.54,10.17,15.0,50.41,36.58,15.96,21.79,16.52,16.16,43.32,10.97,45.47,31.17,26.52,26.29,26.05,25.79,25.52,25.23,24.92,24.61,24.3,23.99,23.68,23.38,23.08,22.8,22.52,22.25,21.99,21.74,21.49,21.25,21.01,20.78,20.55,20.33,20.11,19.89,19.67,19.45,19.24,19.03,18.82,18.62,18.41,18.21,18.01,17.82,17.62,17.43,17.24,17.05,16.86,16.68,16.5,16.32,16.14,15.96,15.79,15.61,15.44,15.248995822144463,15.06035450672146,14.874046823381482,14.690043903375996,14.508317235084153,14.328838659594869,14.15158036634354,13.976514888802738,13.803615100226219,13.632854209445588,13.464205756718934,13.29764360963086,13.1331419590432,12.970675315095852,12.810218503257058,12.651746660422578,12.495235231063088,12.340659963419258,12.187996905743894,12.037222402590563,11.88831309114814,11.741245897620681,11.595998033652112,11.452546992795108,11.31087054702369,11.170946743288932,11.032753900117307,10.896270604251093,10.76147570733034,10.628348322615901,10.496867821752979,10.36701383157473,10.238766230945398,10.1121051476425,9.987010955277592,9.863464270255117,9.741445948768877,9.620937083835669,9.5019190023656,9.384373262268662,9.268281649597089,9.153626175723069,9.040389074551381,8.92855279976648,8.818100022113686,8.709013626713965,8.601276710411947,8.494872579156754,8.389784745415215,8.285996925617095,8.183493037631928,8.082257198277047,7.982273720856457,7.883527112730159,7.786002072913525,7.689683489706378,7.594556438351414,7.50060617872157,7.407818153036023,7.316177983604419,7.225671470599035,7.136284589854477,7.048003490694614,6.960814493786384,6.874704089020157,6.789658933416311,6.705665849057718,6.622711821047794,6.54078399549382,6.459869677515197,6.379956329276356,6.301031568043996,6.223083164268347,6.146099039688186,6.0700672654592776,5.9949760603059845,5.920813788695727,5.847568959036042,5.775230221893929,5.703786368237239,5.633226327697811,5.5635391668560965,5.494714087547002,5.426740425186694,5.359607647120102,5.293305350988858
25,22.29,22.35,43.65,57.42,39.82,42.43,4.52,39.3,39.86,13.96,53.38,39.35,39.86,15.07,31.13,25.72,21.37,33.71,24.27,38.0,46.07,32.9,52.08,12.02,11.12,27.4,32.72,27.03,42.76,31.57,37.4,36.94,26.04,31.16,25.9,20.37,66.37,31.95,26.93,32.78,16.68,53.15,15.99,38.0,30.66,28.41,28.18,27.95,27.7,27.44,27.15,26.85,26.53,26.21,25.89,25.57,25.25,24.94,24.63,24.33,24.04,23.76,23.49,23.23,22.97,22.71,22.46,22.21,21.97,21.73,21.49,21.26,21.03,20.8,20.57,20.34,20.12,19.9,19.68,19.47,19.25,19.04,18.84,18.63,18.43,18.22,18.02,17.83,17.63,17.44,17.25,17.06,16.87,16.69,16.45182118460642,16.217041359512557,15.985612018578017,15.757485347881413,15.532614215841862,15.310952163481483,15.09245339482685,14.87707276744742,14.66476578312898,14.455488578680209,14.249197916870411,14.0458511774966,13.845406348578043,13.64782201767648,13.453057363340195,13.261072146670195,13.07182670300676,12.885281933734602,12.701399298204988,12.520140805773153,12.34146900794931,12.165346990661716,11.991738366630099,11.82060726784797,11.65191833817219,11.485636726018287,11.321728077160044,11.160158527631811,11.000894696732114,10.84390368012713,10.689153043052547,10.536610813612466,10.386245476173915,10.238025964855636,10.091921657109797,9.947902367395283,9.805938340941285,9.66600024759989,9.528059175786384,9.392086626506051,9.258054507466198,9.125935127272221,8.99570118970647,8.867325788088797,8.740782399717562,8.616044880389952,8.493087459000543,8.37188473221691,8.252411659231228,8.134643556586777,8.018556093078278,7.904125284724989,7.7913274898155676,7.680139404023612,7.57053805559294,7.462500800591553,7.356005318233341,7.251029606266552,7.147551976428065,7.045551049962534,6.945005753205489,6.84589531322945,6.7481992535521895,6.65189738990624,6.55696982606876,6.463396949750933,6.371159428546011,6.280238205935181,6.190614497350451,6.102269786293694,6.015185820511101,5.929344608222209,5.844728414402755,5.76131975712057,5.679101403923769,5.598056368280474,5.5181679060693565,5.439419512120256,5.3617949168041665,5.285278082671887,5.209853201140644,5.135504689227993,5.062217186332337,4.989975551059378,4.9187648580938745,4.84857039511602
26,62.59,45.3,34.05,38.37,15.67,14.91,37.86,22.69,35.38,36.16,28.31,24.28,39.33,34.84,55.4,41.2,20.58,42.22,39.74,18.03,44.23,6.53,52.84,38.66,48.08,33.22,27.24,21.88,27.24,43.65,26.71,37.82,26.53,42.02,20.96,15.68,20.39,30.8,26.66,42.94,43.66,5.44,41.41,15.71,26.85,30.62,30.38,30.14,29.9,29.63,29.35,29.06,28.74,28.41,28.08,27.74,27.4,27.07,26.75,26.43,26.11,25.81,25.51,25.23,24.94,24.67,24.4,24.13,23.86,23.6,23.34,23.09,22.84,22.59,22.34,22.1,21.85,21.61,21.38,21.14,20.91,20.68,20.46,20.23,20.01,19.79,19.58,19.36,19.15,18.94,18.73,18.53,18.33,18.13,17.899954567265688,17.67282810315366,17.448583569859167,17.227184399537656,17.00859448834155,16.792778190532783,16.579700312669992,16.369326107869476,16.161621270138983,15.956551928783375,15.75408464288131,15.554186395831966,15.356824589971,15.161967041254798,14.96958197401217,14.779638015762675,14.592104192100647,14.406949921644168,14.22414501104813,14.043659650080555,13.865464406761406,13.689530222563082,13.515828407671801,13.344330636309113,13.175008942112783,13.007835713576284,12.842783689546142,12.679825954776435,12.518935935539684,12.360087395293444,12.203254430401874,12.048411465911599,11.895533251381169,11.744594856763445,11.595571668340208,11.44843938470838,11.303174012817163,11.159751864055456,11.018149550388928,10.878343980546095,10.740312356252801,10.604032168514475,10.46948119394556,10.336637491145508,10.205479397120783,10.075985523752237,9.948134754307326,9.821906239996578,9.697279396573752,9.574233900979142,9.452749688025458,9.332806947125794,9.214386119063063,9.097467892800465,8.982033202332412,8.868063223575406,8.755539371298372,8.64444329609194,8.534756881376182,8.426462240446325,8.319541713555934,8.21397786503712,8.109753480457277,8.006851563811919,7.905255334753093,7.8049482258530105,7.705913879902362,7.6081361472429325,7.511599083134049,7.41628694515246,7.322184190625189,7.2292754740949805,7.137545644817886,7.0469797442926225,6.957563003821265,6.8692808421008955,6.782118862845815,6.69606285243992,6.611098777618867,6.527212783181658,6.444391189731247,6.3626204914438285,6.281887353866422,6.202178611742406,6.123481266864648,6.04578248595586
27,27.69,28.93,51.8,68.3,27.52,52.42,50.15,19.08,23.0,27.04,46.71,23.49,43.48,34.16,44.64,34.91,35.78,15.19,42.69,33.7,24.02,31.32,32.48,26.04,51.04,11.88,27.43,65.34,21.91,71.31,21.98,43.07,32.42,26.6,15.73,36.58,41.66,50.78,51.24,15.84,37.2,16.0,47.5,76.4,43.34,32.89,32.64,32.39,32.13,31.87,31.6,31.3,30.99,30.66,30.31,29.96,29.61,29.26,28.92,28.58,28.24,27.91,27.6,27.28,26.98,26.68,26.39,26.1,25.81,25.53,25.25,24.97,24.7,24.43,24.16,23.9,23.64,23.38,23.12,22.87,22.62,22.37,22.13,21.88,21.65,21.41,21.17,20.94,20.71,20.49,20.26,20.04,19.82,19.61,19.398351761183807,19.188987814922125,18.981883507135606,18.77701444983324,18.57435651824051,18.373885847958526,18.175578832153825,17.97941211877849,17.785362607820307,17.593407448582543,17.40352403699314,17.21569001294292,17.029883257652507,16.84608189106773,16.664264269283034,16.484408981992807,16.306494849970136,16.13050092257281,15.956406475276252,15.784191007233032,15.61383423885877,15.445316109444063,15.278616774792189,15.113716604882331,14.950596181557986,14.789236296240349,14.629617947666366,14.471722339651205,14.315530878874858,14.16102517269267,14.008187026969457,13.856998443937028,13.707441620074816,13.559498944013386,13.413152994460582,13.26838653815004,13.125182527811848,12.983524100165114,12.843394573932196,12.704777447874358,12.56765639884864,12.432015279885695,12.297838118288356,12.165109113750754,12.03381263649771,11.903933225444227,11.775455586374832,11.648364590142577,11.522645270887473,11.398282824274158,11.275262605748585,11.153570128813513,11.033191063322626,10.914111233793058,10.796316617736133,10.679793344006105,10.564527691166747,10.450506085875553,10.337715101285369,10.226141455463308,10.11577200982669,10.006593767595891,9.898593872263879,9.791759606082266,9.686078388563711,9.581537775000474,9.47812545499896,9.375829251030094,9.274637116995322,9.174537136808103,9.075517522990705,8.977566615286142,8.880672879285102,8.784824905067692,8.690011405859828,8.596221216704148,8.503443293145258,8.411666709929166,8.320880659716758,8.23107445181116,8.14223751089883,8.05435937580424,7.967429698258007,7.881438241678295,7.796374879965403,7.712229596309336
28,60.02,33.78,11.77,40.6,51.65,38.59,31.75,55.58,29.01,28.14,52.05,37.29,51.58,52.91,29.25,49.24,64.59,30.38,61.39,21.05,27.99,23.69,43.34,44.59,6.44,44.15,46.87,54.47,38.03,65.83,32.99,27.56,48.63,10.8,68.9,36.49,46.7,41.55,25.27,30.36,47.09,25.99,41.29,41.41,36.77,35.3,35.03,34.76,34.5,34.23,33.95,33.66,33.35,33.02,32.67,32.31,31.94,31.58,31.21,30.85,30.49,30.14,29.8,29.46,29.13,28.81,28.49,28.18,27.87,27.57,27.26,26.97,26.67,26.38,26.09,25.8,25.52,25.24,24.97,24.69,24.42,24.16,23.89,23.63,23.37,23.12,22.86,22.61,22.37,22.12,21.88,21.64,21.4,21.17,20.949088292255126,20.730481826957995,20.514156548603374,20.30008865270835,20.088254583192896,19.878631029787748,19.671194925469344,19.465923443921504,19.262793997023646,19.061784232365156,18.862872030785745,18.66603550394144,18.47125299189599,18.2785030607374,18.087764500219336,17.89901632142715,17.712237754468255,17.52740824618659,17.344507457900963,17.163515263166975,16.984411745562277,16.807177196494997,16.631792113034987,16.45823719576771,16.286493346670532,16.116541667011177,15.948363455268103,15.78194020507258,15.617253603172246,15.454285527415912,15.2930180447594,15.133433409292183,14.975514060284622,14.81924262025558,14.664601893060194,14.511574861997623,14.360144687938506,14.210294707471997,14.06200843107211,13.915269541283212,13.770061890924445,13.626369501312885,13.484176560505245,13.343467421557932,13.204226600805242,13.06643877615554,12.930088785405216,12.795161624570227,12.66164244623506,12.529516557918916,12.398769420458946,12.269386646410362,12.141353998463236,12.014657387875822,11.889282872924227,11.765216657368272,11.642445088933334,11.520954657808051,11.400731995157715,11.281763871653137,11.164037196014906,11.04753901357282,10.932256504840346,10.818176984103959,10.705287898027214,10.59357682426936,10.4830314701184,10.373639671138376,10.26538938983081,10.15826871431009,10.05226585699268,9.947369153300013,9.843567060374921,9.740848155811452,9.639201136397952,9.538614816873245,9.439078128695824,9.340580118825844,9.24310994851986,9.146656892138134,9.051210335964367,8.956759777037774,8.86329482199734,8.770805185938118,8.679280691279487,8.588711266645209
29,44.14,38.97,51.47,17.86,58.41,57.47,38.92,37.23,56.11,63.61,67.07,56.67,37.23,32.71,33.69,43.59,54.0,19.81,60.91,45.56,36.64,16.6,70.57,48.68,50.5,89.1,68.32,34.73,27.17,32.53,16.49,49.49,27.65,21.63,80.66,21.04,46.39,5.16,36.07,39.97,35.04,40.91,30.17,25.34,34.78,38.01,37.7,37.41,37.13,36.85,36.56,36.27,35.95,35.62,35.27,34.9,34.52,34.13,33.74,33.36,32.98,32.6,32.23,31.87,31.51,31.17,30.82,30.48,30.15,29.82,29.49,29.17,28.85,28.54,28.22,27.92,27.61,27.31,27.01,26.71,26.42,26.13,25.85,25.56,25.28,25.01,24.73,24.46,24.2,23.93,23.67,23.41,23.16,22.9,22.64422814760874,22.39131303060943,22.141222741905874,21.89392573077466,21.64939079888484,21.407587096362004,21.168484117896337,20.932051698894185,20.698260011672538,20.467079561696053,20.23848118385613,20.01243603879148,19.78891560924985,19.56789169649037,19.349336416726054,19.133222197606067,18.91952177473728,18.708208188244647,18.499254779370034,18.292635187109017,18.088323344885243,17.88629347726195,17.686520096690206,17.48897800029345,17.293642266687993,17.10048825283897,16.90949159095148,16.720628185396368,16.533874209670415,16.349206103390436,16.166600569320977,15.98603457043518,15.807485327008502,15.630930313744894,15.456347256935059,15.283714131646466,15.113009158944735,14.944210803146072,14.77729776910039,14.612248999504756,14.449043672246868,14.287661197778188,14.128081216516422,13.970283596277008,13.814248429733297,13.659956031905091,13.507386937675244,13.35652189933399,13.207341884150711,13.059828071972815,12.913961852851422,12.769724824693613,12.627098790940838,12.48606575827331,12.34660793434001,12.208707725514037,12.072347734673068,11.937510759004565,11.804179787835515,11.672338000486429,11.541968764149253,11.413055631789057,11.285582340069094,11.159532807299069,11.034891131406322,10.911641587929656,10.789768628035583,10.66925687655673,10.55009113005214,10.432256354889258,10.315737685347314,10.200520421741917,10.086590028570573,9.973932132678927,9.862532521447486,9.752377140998592,9.643452094423424,9.535743640028793,9.429238189603538,9.323922306704267,9.219782704960252,9.116806246397259,9.014979939780087,8.914290938973643,8.814726541322292,8.716274186047341
30,32.41,56.08,56.22,45.99,59.26,34.6,16.99,32.42,30.85,19.62,58.7,47.9,37.7,46.35,18.71,52.67,77.28,24.53,34.55,60.16,85.63,67.37,38.58,63.93,30.22,49.78,50.52,42.87,40.38,32.43,43.28,32.96,54.91,33.21,37.66,42.64,31.23,45.73,40.82,45.78,73.95,29.33,69.52,19.73,35.68,41.04,40.67,40.34,40.04,39.73,39.43,39.12,38.79,38.46,38.1,37.72,37.33,36.92,36.52,36.11,35.7,35.3,34.9,34.51,34.12,33.74,33.37,33.01,32.65,32.29,31.94,31.59,31.24,30.9,30.56,30.23,29.9,29.57,29.25,28.93,28.61,28.3,27.99,27.68,27.38,27.08,26.78,26.49,26.2,25.91,25.63,25.35,25.07,24.8,24.520746620013828,24.24463769366611,23.97163781372674,23.701711971658696,23.43482555312868,23.170944333568297,22.910034473785213,22.652062515623754,22.39699537767432,22.144800351031165,21.895445095097923,21.648897633440352,21.4051263496858,21.16409998346883,20.9257876264225,20.69015871821479,20.457183042629634,20.226830723692128,19.999072221837324,19.773878330122177,19.551220170480164,19.33106919001805,19.113397157354374,18.898176158999163,18.68537859577438,18.47497717927473,18.266944928368286,18.061255165736508,17.857881514453258,17.656797894602303,17.45797851993293,17.261397894553202,17.06703080966045,16.874852340308607,16.68483784221188,16.49696294858451,16.311203567016005,16.12753587638166,15.945936323787798,15.766381621551426,15.588848744213923,15.413314925588319,15.239757655839858,15.068154678599399,14.898483988109344,14.730723826401707,14.564852680507936,14.400849279700173,14.238692592763572,14.078361825299327,13.919836417058072,13.76309603930331,13.60812059220453,13.454890202259671,13.303385219746612,13.153586216203372,13.005473981936667,12.859029523558519,12.714234061550629,12.57106902785614,12.429516063498548,12.289557016227402,12.151173938190537,12.014349083632489,11.879064906618854,11.745304058786255,11.613049387117652,11.482283931742694,11.352990923762853,11.225153783101034,11.098756116375409,10.97378171479718,10.850214552092037,10.728038782444987,10.607238738468354,10.487798929192646,10.36970403808005,10.252938921060286,10.137488604588599,10.023338283725588,9.910473320238685,9.798879240724998,9.68854173475529,9.579446653038858,9.471580005609088,9.36492796002942
31,73.32,60.2,62.01,73.37,68.66,76.41,45.82,33.55,64.25,56.34,35.23,39.11,43.1,42.26,51.07,55.94,33.48,28.94,78.23,53.7,69.75,64.76,56.65,87.43,75.05,29.81,73.94,56.02,48.65,40.1,64.72,59.54,71.21,33.01,49.65,47.98,58.03,30.86,95.42,40.32,60.16,33.79,61.85,63.45,49.23,44.55,44.1,43.71,43.35,43.02,42.69,42.36,42.02,41.66,41.29,40.91,40.5,40.08,39.65,39.21,38.77,38.34,37.91,37.49,37.07,36.66,36.26,35.86,35.47,35.08,34.7,34.32,33.94,33.57,33.2,32.84,32.48,32.13,31.77,31.43,31.08,30.74,30.41,30.07,29.74,29.42,29.1,28.78,28.46,28.15,27.85,27.54,27.24,26.94,26.639878535451274,26.343100533912306,26.049628747980897,25.759426345204556,25.47245690345779,25.18868440637093,24.90807323880984,24.630588182406033,24.356194411136535,24.084857486953023,23.81654335545964,23.55121834163897,23.288849145625626,23.029402838526906,22.772846858290034,22.51914900561543,22.268277439915494,22.02020067531843,21.774887576716598,21.532307355858837,21.29242956748639,21.055224105511833,20.82066119924057,20.588711409634445,20.359345625616974,20.132535060419727,19.908251247969403,19.686466039315185,19.46715159909588,19.25028040204641,19.035825229543224,18.82375916618821,18.614055596430642,18.40668820122677,18.201630954736647,17.998858121057694,17.798344250994717,17.60006417886588,17.403993019344245,17.21010616433454,17.018379279884684,16.828788303131724,16.641309439281823,16.455919158623846,16.272594193576275,16.09131153576695,15.912048433145412,15.734782387127376,15.55949114977102,15.386152720984747,15.214745345766026,15.04524751147103,14.877637945114655,14.71189561070064,14.54799970658143,14.385929662847442,14.225665138745411,14.067186020125511,13.910472416916923,13.75550466063148,13.602263301895194,13.450729108007213,13.300883060526022,13.152706352882502,13.006180388019605,12.861286776058307,12.71800733198957,12.576324073392014,12.436219218175019,12.297675182346968,12.160674577808344,12.025200210169432,11.891235076592308,11.758762363656894,11.627765445250763,11.498227880482471,11.370133411618129,11.243465962040949,11.118209634233544,10.994348707782692,10.871867637406332,10.750751051002535,10.630983747720217,10.51255069605134,10.395437031944375,10.279628056938762
32,50.75,68.38,60.42,16.9,106.4,56.78,52.52,39.64,44.46,37.55,50.97,45.23,48.79,66.8,56.36,55.44,74.39,42.91,43.18,48.37,33.96,54.22,54.26,61.07,64.93,39.93,47.26,48.6,18.52,66.41,57.03,70.11,64.94,32.79,49.36,43.86,31.74,36.59,40.72,59.47,24.88,64.08,61.08,56.28,50.52,48.78,48.22,47.73,47.31,46.92,46.55,46.19,45.82,45.44,45.06,44.65,44.22,43.78,43.32,42.86,42.39,41.92,41.46,41.0,40.54,40.09,39.65,39.22,38.79,38.36,37.94,37.53,37.12,36.71,36.31,35.91,35.52,35.13,34.75,34.37,33.99,33.62,33.25,32.89,32.53,32.17,31.82,31.47,31.13,30.79,30.45,30.12,29.79,29.46,29.144015697648474,28.83142060369249,28.52217836590358,28.216253021962785,27.9136089952785,27.61421109084923,27.31802449117069,27.02501475218683,26.735147799284267,26.448389923329696,26.164707776749776,25.884068369653107,25.60643906599377,25.33178757977602,25.06008197129969,24.791290643445883,24.525382338002466,24.262326132029006,24.0020914342607,23.744647981550838,23.489965835351487,23.23801537823184,22.988767310433992,22.742192646465597,22.498262711729087,22.256949139187096,22.01822386606356,21.782059130580265,21.548427468728395,21.317301711074677,21.0886549796018,20.86246068458274,20.638692521488576,20.417324467929504,20.198330780628645,19.981685992428293,19.767364909328336,19.555342607556373,19.345594430669276,19.138095986685887,18.932823145250403,18.729752034826205,18.528859039919837,18.330120798334676,18.133514198454126,17.939016376553923,17.746604714143267,17.55625683533448,17.367950604240878,17.181664122402562,16.997375726239778,16.815063984533648,16.63470769593388,16.45628588649324,16.279777807228445,16.105162931707234,15.932420953661302,15.76153178462486,15.59247555159852,15.425232594738198,15.25978346506887,15.096108922222802,14.934189932202056,14.774007665164985,14.615543493236498,14.458778988341768,14.303695920063218,14.150276253520465,13.998502147273008,13.848355951245432,13.699820204674833,13.55287763408028,13.40751115125406,13.263703851274448,13.12143901053982,12.980700084823813,12.841470707351395,12.703734686895523,12.567476005894248,12.432678818588,12.299327449176863,12.1674063899976,12.036900299720243,11.907794001564033,11.780072481532468,11.653720886667314
33,109.86,86.18,36.81,54.66,50.48,38.91,95.89,63.5,39.39,50.08,31.09,45.84,25.13,58.36,52.57,42.11,50.73,97.5,56.96,90.18,48.05,67.31,44.08,68.31,40.43,37.42,84.66,52.41,54.2,67.57,54.1,68.27,80.88,37.83,43.59,49.15,76.38,57.67,67.28,50.31,34.25,73.14,57.56,69.31,57.42,53.69,53.0,52.39,51.87,51.41,50.98,50.57,50.17,49.76,49.34,48.9,48.45,47.98,47.5,47.0,46.5,45.99,45.48,44.98,44.48,43.99,43.51,43.03,42.56,42.09,41.63,41.18,40.73,40.28,39.84,39.41,38.98,38.55,38.13,37.71,37.3,36.89,36.49,36.09,35.69,35.3,34.92,34.53,34.16,33.78,33.41,33.05,32.69,32.33,31.99506159749426,31.663593152720445,31.33555871695912,31.010922713919122,30.689649935879256,30.37170553986986,30.057055043894028,29.745664323187906,29.437499606519783,29.13252747252748,28.83071484609374,28.5320289947591,28.236437525171965,27.943908379575486,27.654409832330767,27.367910486476152,27.084379270322103,26.803785434081423,26.52609854653432,26.251288491728076,25.979325465710854,25.710179973299418,25.443822824880243,25.180225133243855,24.919358310451912,24.661194064736762,24.405704397433116,24.152861599941513,23.902638250723246,23.655007212326407,23.40994162844276,23.16741492099509,22.927400787254737,22.68987319698898,22.454806389637998,22.222174871521048,21.99195341307161,21.764117046101155,21.538641061091287,21.315501004513916,21.0946726761792,20.87613212661097,20.659855654449334,20.445819803880187,20.234001362091394,20.024377356755238,19.816925053537062,19.61162195362962,19.408445791313035,19.207374531540022,19.0083863675461,18.811459718484617,18.61657322708622,18.423705757342596,18.232836392214228,18.043944431361872,17.857009388901538,17.672010991182745,17.488929174589778,17.30774408336574,17.12843606745913,16.95098568039274,16.775373677154622,16.60158101211092,16.4295888369403,16.25937849858983,16.09093153725194,15.924229684362478,15.759254860619365,15.595989174021883,15.434414917930214,15.274514569145113,15.116270786007469,14.959666406517536,14.804684446473685,14.651308097630398,14.499520725875382,14.349305869425535,14.200647237041633,14.053528706261483,13.907934321651409,13.763848293075824,13.621254993984758,13.480138959719106,13.340484885833437,13.202277626436189
34,87.77,38.15,75.91,78.15,65.35,88.83,49.73,100.44,74.46,56.19,69.0,41.18,60.83,54.9,87.26,52.18,41.84,59.6,55.57,51.69,70.76,66.58,71.5,72.82,48.46,50.04,79.53,61.28,75.09,84.12,55.07,90.12,62.37,64.67,64.6,86.95,59.52,92.23,77.99,56.25,54.72,76.85,61.7,47.11,56.45,59.39,58.54,57.8,57.15,56.58,56.07,55.59,55.14,54.68,54.22,53.75,53.26,52.76,52.24,51.71,51.16,50.61,50.06,49.51,48.96,48.43,47.89,47.37,46.85,46.34,45.83,45.33,44.83,44.34,43.86,43.38,42.9,42.44,41.97,41.51,41.06,40.61,40.16,39.73,39.29,38.86,38.44,38.02,37.6,37.19,36.78,36.38,35.98,35.59,35.2178236236655,34.849539218533636,34.48510608497699,34.12448394897763,33.76763295767628,33.41451367496817,33.06508707714493,32.719314548581956,32.37715787747097,32.03857925159721,31.703541254160708,31.372006859641328,31.043939429707013,30.71930270916484,30.398060821954402,30.0801782671831,29.765619915202883,29.454351003728025,29.146337133993498,28.841544266953505,28.539938719519796,28.24148716083928,27.94615660861061,27.65391442543924,27.364728315230636,27.078566319621178,26.795396814446413,26.515188506246197,26.237910428806444,25.963531939736978,25.692022717085216,25.42335275598523,25.157492365341895,24.89441216454966,24.634083080245656,24.376476343096773,24.121563484620307,23.86931633403788,23.61970701516224,23.372707943316623,23.128291822286332,22.8864316413022,22.64710067205558,22.41027246574459,22.175920850151176,21.94401992674882,21.714544067840436,21.487467913726228,21.262766369901154,21.040414604281686,20.8203880444616,20.602662374996417,20.3872135347163,20.17401771406701,19.963051352478658,19.754291135762024,19.547713993532053,19.34329709665833,19.141017854742174,18.940853913620177,18.74278315289379,18.546783683484758,18.35283384521617,18.160912204418707,17.970997551562018,17.783068898910813,17.597105478205464,17.4130867383669,17.230992343225466,17.05080216927354,16.872496303441658,16.696055040897907,16.521458882870295,16.34868853449193,16.177724902668704,16.008549093969304,15.841142412537263,15.675486358024848,15.511562623548576,15.349353093666082,15.188839842374163,15.030005131127751,14.872831406879591,14.717301300140441,14.563397623059542,14.411103367525156
35,76.19,87.39,104.4,72.19,88.79,75.86,104.82,81.76,76.92,61.92,86.94,68.67,35.91,30.3,109.88,38.63,75.71,64.88,59.65,87.32,70.07,84.05,42.48,70.81,62.97,52.77,64.5,78.87,66.49,52.1,89.93,54.94,72.07,45.37,80.76,58.91,26.97,86.18,64.71,76.98,96.24,87.8,74.89,79.42,69.06,65.56,64.54,63.64,62.84,62.14,61.51,60.95,60.42,59.91,59.4,58.88,58.35,57.81,57.25,56.68,56.1,55.5,54.9,54.3,53.71,53.12,52.53,51.96,51.39,50.83,50.27,49.72,49.18,48.64,48.11,47.58,47.06,46.55,46.04,45.53,45.04,44.54,44.06,43.57,43.1,42.63,42.16,41.7,41.24,40.79,40.35,39.9,39.47,39.04,38.62082143917472,38.20614366384779,37.795918348384276,37.39009768602911,36.988634383335814,36.591481654655,36.19859321668207,35.80992328306351,35.425426559060995,35.04505823627286,34.66877398741223,34.29652996114122,33.92828277696057,33.56398952015424,33.20360773678813,32.847095428762664,32.494411048918415,32.14551349619427,31.8003621108376,31.458916669665893,31.12113738137918,30.786984881922926,30.456420229900534,30.129404902035276,29.805900788680837,29.485870189380115,29.169275808471678,28.856080750743427,28.54624851713291,28.239743000473776,27.936528481287954,27.63656962362298,27.339831470933998,27.046279442010025,26.755879326943937,26.468597283145694,26.184399831398437,25.903253851956862,25.625126580687514,25.349985605250573,25.077798861322538,24.80853462885955,24.542161528400804,24.27864851741165,24.017964886665965,23.76008025666738,23.504964574108904,23.252588108370578,23.002921448054753,22.755935497558532,22.511601473683033,22.26989090227907,22.03077561492883,21.794227745663193,21.56021972771428,21.328724290302905,21.09971445546048,20.873163534885062,20.649045126831172,20.427333113032983,20.20800165566055,19.99102519430874,19.776378443018466,19.564036387329928,19.353974281367467,19.14616764495576,18.940592260766927,18.737224171498312,18.536039677080552,18.337015331915623,18.140127942144527,17.94535456294436,17.752672495854338,17.5620592861306,17.37349272012936,17.18695082271818,17.00241185471506,16.819854310354966,16.639256914783616,16.46059862157816,16.283858610294455,16.109016284040727,15.936051267077223,15.764943402441688,15.595672749600308,15.428219582123887
36,134.71,65.19,73.45,58.5,60.41,93.54,91.22,87.08,59.19,70.67,77.5,65.09,89.5,81.78,40.49,69.78,106.08,66.22,74.17,81.98,54.88,97.22,78.81,79.55,75.25,52.84,94.98,78.97,88.93,49.87,104.1,53.72,48.65,71.84,113.15,48.26,69.2,91.06,74.86,85.27,76.45,79.62,33.32,101.31,79.08,71.88,70.69,69.61,68.65,67.79,67.03,66.36,65.73,65.15,64.58,64.01,63.43,62.85,62.25,61.63,61.01,60.37,59.72,59.08,58.43,57.79,57.16,56.53,55.91,55.3,54.7,54.1,53.51,52.92,52.34,51.77,51.2,50.64,50.09,49.54,49.0,48.47,47.94,47.41,46.89,46.38,45.87,45.37,44.87,44.38,43.9,43.42,42.94,42.47,41.997070322158464,41.5294070083429,41.06695141433759,40.60964554896634,40.157432066820554,39.710254261068144,39.26805605634263,38.83078200171138,38.398377263722104,37.97078761952691,37.54795945008277,37.12983973342785,36.71637603803256,36.3075165162248,35.90320989768831,35.50340548303348,35.10805313743968,34.717103284368505,34.330506899346894,33.94821550381959,33.57018115906996,33.19635646020863,32.82669453022889,32.461149014128495,32.09967407309676,31.742224378766455,31.38875510752973,31.039221934917272,30.693581030040125,30.351789050093338,30.01380313492087,29.679580901640964,29.349080439331455,29.022260303774157,28.69907951225786,28.379497538439143,28.063474307260464,27.750970189924764,27.441945998926148,27.13636298313578,26.834182822942577,26.535367625447986,26.239879919714298,25.94768265206581,25.658739181442407,25.37301327480479,25.090469102590937,24.811071234223114,24.534784633664962,24.261574655028024,23.991407038227205,23.724247904684614,23.46006375308124,23.19882145515596,22.940488251551294,22.68503174770543,22.432419909790024,22.182621060693176,21.935603876047203,21.69133738030059,21.449790942833726,21.210934274117864,20.97473742191686,20.741170767531223,20.510205022083973,20.281811222847853,20.055960729613467,19.832625221097842,19.611776691392972,19.39338744645394,19.17743010062612,18.963877573211054,18.752703085070603,18.54388015526885,18.337382597751464,18.133184518062,17.931260310094768,17.731584652883893,17.534132507428083,17.338879113550785,17.145799986795314,16.954870915354515,16.76606795703468,16.579367436253193,16.394745941069683,16.21218032025019
37,95.37,100.99,97.69,60.96,90.01,70.19,67.21,95.78,113.42,85.62,102.12,88.33,97.37,83.78,86.96,100.97,94.64,72.21,75.47,101.27,77.11,86.1,87.58,64.41,65.34,60.61,47.69,75.47,54.11,88.89,77.59,63.41,59.62,36.46,77.72,39.45,74.8,63.36,101.17,95.04,116.22,75.27,87.39,89.29,81.6,78.89,77.52,76.25,75.11,74.08,73.17,72.35,71.6,70.92,70.27,69.64,69.0,68.36,67.71,67.05,66.37,65.69,64.99,64.29,63.59,62.9,62.21,61.53,60.86,60.19,59.53,58.88,58.24,57.6,56.97,56.35,55.73,55.12,54.52,53.92,53.33,52.75,52.17,51.6,51.04,50.48,49.93,49.38,48.84,48.31,47.78,47.26,46.74,46.23,45.7077409905863,45.19138192650927,44.68085615625241,44.17609778125955,43.677041647428645,43.18362333670169,42.695779158749716,42.21344614275157,41.736562029265706,41.26506526219373,40.798894980834774,40.337991012029576,39.88229386239339,39.431744710636536,38.986285399971806,38.545858430607566,38.11040695232572,37.679874757143494,37.254206272058106,36.83334655187341,36.41724127210761,36.00583672198107,35.59907979748327,35.19691799451826,34.79929940212734,34.40617269578848,34.01748713079132,33.63319253568705,33.25323930581234,32.87757839688632,32.506161318679986,32.13894012875709,31.775867426285735,31.4168963459199,31.061980551750032,30.71107423132208,30.36413208972397,30.021109343738985,29.681961716065153,29.34664542959993,29.015117201789465,28.68733423904171,28.363254231202614,28.04283534609475,27.72603622411762,27.41281597290897,27.103134162066414,26.79695081792869,26.494226418415842,26.194921887927762,25.898998592300288,25.60641833381832,25.317143346285274,25.031136290148233,24.74836024767815,24.468778718204526,24.19235561340392,23.91905525264164,23.648842358366146,23.381682051555398,23.117539847214683,22.856381649925307,22.598173749443557,22.3428828163494,22.090475897744323,21.84092041299777,21.594184149541668,21.350235258712416,21.109042251639856,20.870573995182724,20.634799707909973,20.401688956127515,20.17121164994985,19.94333803941607,19.71803871064973,19.49528458206213,19.27504690059845,19.057297238026333,18.842007487266354,18.62914985876397,18.41869687690247,18.210621376456395,18.004896499085074,17.801495689865774,17.60039269386596,17.401561552754337
38,167.21,95.72,112.51,79.99,105.44,103.92,59.95,87.29,84.63,64.52,90.57,64.53,88.32,81.03,110.11,102.19,131.43,74.82,62.44,103.11,64.11,85.43,72.14,127.83,59.56,60.28,83.3,66.4,98.57,108.12,73.17,99.57,86.52,65.32,79.1,65.68,67.45,101.19,84.16,163.64,89.08,88.35,83.17,91.13,88.54,87.36,85.77,84.31,82.96,81.73,80.62,79.63,78.73,77.91,77.15,76.43,75.71,75.0,74.28,73.56,72.82,72.08,71.32,70.56,69.8,69.03,68.28,67.53,66.79,66.06,65.34,64.63,63.92,63.22,62.53,61.85,61.17,60.5,59.84,59.18,58.54,57.9,57.26,56.64,56.02,55.4,54.8,54.2,53.61,53.02,52.44,51.87,51.3,50.74,50.17203457906107,49.610426760001964,49.055105378100016,48.50600006522504,47.96304124092253,47.42616010359671,46.89528862179228,46.37035952557374,45.85130629800117,45.33806316670152,44.83056509553416,44.328747776349786,43.8325476208415,43.3419017524872,42.856747998582094,42.37702488236041,41.902671615205314,41.43362808894603,40.96983486824115,40.51123318304724,40.057764921171696,39.60937262090906,39.16599946375964,38.72758926722972,38.294086477712334,37.86543616344773,37.44158400756265,37.02247630118749,36.60805993665053,36.198282400748326,35.7930917680915,35.39243669452488,34.99626641062145,34.60453071524897,34.21717996920875,33.83416508894555,33.455437540327885,33.080949332497994,32.71065301179063,32.344501655719895,31.982448867033433,31.624448767833147,31.270455993761722,30.920425688254248,30.574313496854163,30.232075561592836,29.89366851543206,29.55904947676875,29.22817604400116,28.901006290155898,28.57749875757515,28.257612452663285,27.941306840692334,27.628541840665573,27.319277820238643,27.01347559069746,26.711096401992414,26.412101937828087,26.11645431080797,25.824116057633546,25.535050134357043,25.249219911687415,24.9665891703488,24.687122096490963,24.410783277151108,24.137537695766476,23.8673507277372,23.60018813603881,23.336016066883836,23.074801045432014,22.816509971548474,22.561110115609413,22.308569114354746,22.058854966787152,21.811936030117028,21.567781015752846,21.326358985336395,21.087639346822375,20.85159185060191,20.61818658566943,20.387393975832474,20.159184775963897,19.93353006829606,19.710401258756473,19.489770073344474,19.27160855454845
39,91.53,167.97,152.0,157.91,135.58,109.9,122.52,94.45,92.08,73.85,64.7,95.79,96.62,148.45,145.85,104.52,91.88,60.65,129.34,104.88,121.56,68.28,80.43,67.11,91.02,136.51,92.05,87.54,66.19,51.54,88.49,104.36,77.26,69.12,112.82,85.16,118.62,83.98,106.21,130.69,126.16,118.93,81.41,82.19,93.7,97.39,95.58,93.88,92.3,90.84,89.52,88.31,87.23,86.24,85.34,84.48,83.67,82.86,82.06,81.26,80.44,79.62,78.79,77.95,77.11,76.28,75.44,74.62,73.8,73.0,72.2,71.41,70.63,69.86,69.09,68.34,67.59,66.85,66.12,65.39,64.68,63.97,63.27,62.58,61.9,61.22,60.55,59.89,59.23,58.58,57.94,57.31,56.68,56.06,55.44241950769174,54.831642541328534,54.227594150412656,53.630200210132514,53.039387412266585,52.45508325618746,51.87721603996507,51.30571485156793,50.74050956016124,50.18153080750094,49.62870999942248,49.08197929742342,48.541271610338754,48.0065205861079,47.47766060363242,46.95462676472347,46.437354886137875,45.92578149170201,45.419843804522436,44.919479739282316,44.424627894622716,43.93522754560787,43.451218636273374,42.97254177225654,42.499138213507926,42.03094986708311,41.56791928001395,41.10998963225832,40.65710472972749,40.20920899739047,39.766247472454076,39.32816579761837,38.894910214406195,38.46642755656641,38.042665243549564,37.623571274055635,37.20909421965274,36.7991832184662,36.39378796893708,35.992858723649555,35.596346283226204,35.2042019902906,34.81637772349639,34.4328258916222,34.0534994277315,33.678351783396906,33.307336922988036,32.940409318022354,32.577523941578185,32.218636262769344,31.863702241280546,31.51267832196314,31.16552142949026,30.822188963070914,30.48263879122233,30.146829246599818,29.814719120883655,29.486267659722262,29.1614345577311,28.840179953546677,28.522464424935013,28.208248983953986,27.897495072169036,27.59016455592149,27.28621972164907,26.98562327125793,26.68833831754568,26.39432837967484,26.103557378696145,25.815989633121188,25.53158985454381,25.250323143309743,24.97215498423397,24.697051242365234,24.42497815879723,24.155902346525938,23.889790786352595,23.62661082283178,23.366330160264166,23.108916858733426,22.854339330186743,22.602566334558542,22.353566975936946,22.10731069877239,21.863767284128095,21.62290684597174
40,109.86,159.36,157.17,105.13,158.08,81.23,105.06,103.21,128.91,107.46,73.93,118.32,170.11,101.73,98.99,134.72,161.53,112.15,141.36,143.67,119.15,106.86,126.8,128.54,80.27,144.97,104.14,100.89,101.06,70.86,98.11,103.13,57.26,82.65,126.45,112.69,102.91,136.03,122.79,68.55,135.36,150.48,101.64,131.27,114.53,108.35,106.35,104.4,102.58,100.88,99.31,97.88,96.58,95.4,94.31,93.31,92.36,91.44,90.54,89.64,88.74,87.83,86.92,86.0,85.08,84.16,83.24,82.33,81.43,80.54,79.66,78.79,77.93,77.08,76.23,75.4,74.57,73.76,72.95,72.15,71.36,70.58,69.81,69.05,68.29,67.55,66.81,66.08,65.35,64.64,63.93,63.23,62.54,61.86,61.173067543388704,60.49376321804068,59.822002316375126,59.157701071457666,58.50077664655477,57.85114712480426,57.20873149900045,56.57344966149278,55.94522239419655,55.32397135871464,54.709619086568914,54.10208896954005,53.501305250114754,52.9071930120389,52.31967817097573,51.73868746526766,51.164148446800795,50.59598947197076,50.034139692748965,49.47852904784801,48.929088253985235,48.38574879724322,47.84844292452632,47.31710363511199,46.79166467229597,46.272060515130235,45.758226370252686,45.2500981638076,44.74761253345572,44.250706820473226,43.75931906193825,43.273387983004284,42.792852989259394,42.31765415917019,41.8477322366098,41.38302862346874,40.9234853723479,40.469045179332646,40.01965137684715,39.5752479265881,39.13577941253682,38.70119103404907,38.271428599021554,37.846438517134224,37.4261677931678,37.010564020395286,36.599575374047085,36.1931506048485,35.79123903262911,35.39379054000309,35.000755566119636,34.61208510048294,34.22773067684062,33.84764436714014,33.47177877555227,33.10008703256101,32.73252278911896,32.36904021086783,32.009593972422934,31.65413925172124,31.30263172443218,30.955027558430523,30.611283408330568,30.27135641008115,29.93520417562054,29.6027847875908,29.27405679411076,28.948979203607085,28.627511479702733,28.309613536162153,27.995245731892638,27.684368866001176,27.376944172906192,27.072933317503594,26.77229839038645,26.4750019031178,26.181006783555922,25.89027637123156,25.602774412776412,25.318465057402445,25.037312852431405,24.759282738873914,24.484340047057746,24.212450492304566,23.943580170654737,23.677695554639584
41,161.24,110.41,147.94,139.63,135.15,135.07,183.39,109.02,121.5,94.03,157.8,110.68,96.72,138.17,176.8,98.76,107.7,150.96,152.6,110.55,143.44,109.01,101.58,103.73,92.89,84.2,108.2,103.93,114.4,105.54,103.83,111.86,93.11,129.94,93.49,137.6,147.74,114.7,94.44,88.7,141.64,144.23,56.17,125.87,121.27,119.73,117.63,115.48,113.41,111.46,109.65,107.97,106.44,105.03,103.75,102.57,101.46,100.41,99.4,98.39,97.39,96.39,95.39,94.38,93.37,92.36,91.36,90.36,89.37,88.4,87.43,86.47,85.53,84.59,83.67,82.75,81.85,80.95,80.07,79.19,78.33,77.47,76.62,75.78,74.96,74.14,73.33,72.52,71.73,70.95,70.17,69.4,68.64,67.89,67.14649955554233,66.41114159025553,65.68383693140596,64.96449738283938,64.2530357142857,63.54936565078113,62.853401862206105,62.16505995293778,61.484256451615835,60.81090880102038,60.1449353480607,59.48625533387362,58.83478888403038,58.19045699885069,57.553181543822845,56.922885240128856,56.29949165527323,55.68292519381446,55.07311108819796,54.469975389689466,53.87344495940766,53.28344745945501,52.69991134414582,52.12276585133021,51.55194099381324,50.98736755086795,50.42897705984134,49.87670180785228,49.33047482358036,48.79022986914466,48.25590143207144,47.72742471734983,47.204735639574466,46.68777081517426,46.17646755472619,45.67076385535332,45.17059839320608,44.67591051602583,44.18664023578991,43.702728221437276,43.22411579167367,42.75074490785574,42.28255816695301,41.81949879458687,41.36151063814598,40.90853815997686,40.460526430649175,40.0174211222948,39.57916850201971,39.145715425388154,38.71700932997809,38.29299822900725,37.873630705029,37.45885590369721,37.048623527599496,36.64288383015782,36.24158760959613,35.84468620297387,35.45213148028486,35.06387583862094,34.67987219639936,34.300073987653484,33.92443515638597,33.55291015098388,33.18545391869481,32.822021900163676,32.462570024029176,32.10705470157957,31.755432821466876,31.40766174447901,31.063699298369187,30.723503772741893,30.387033913994948,30.05424892031686,29.725108436739056,29.399572550242258,29.07760178491643,28.759157097173784,28.44419987101416,28.132691913342317,27.824595449336417,27.51987311786733,27.218487966968038,26.920403449352683,26.625583417984686,26.333992121693388
42,211.25,142.05,130.02,147.13,116.16,145.82,151.09,139.19,130.98,121.04,118.42,183.07,94.72,128.68,180.79,101.57,153.24,112.86,135.04,85.98,165.36,108.2,103.86,123.94,135.18,110.08,163.1,98.99,99.12,114.45,123.67,131.98,97.6,68.5,176.08,109.55,102.89,82.48,108.33,164.43,170.9,150.24,182.57,182.15,143.57,130.91,128.89,126.65,124.38,122.19,120.13,118.21,116.44,114.81,113.31,111.93,110.65,109.45,108.3,107.18,106.08,104.98,103.88,102.78,101.69,100.59,99.5,98.41,97.34,96.27,95.22,94.18,93.15,92.13,91.12,90.13,89.14,88.17,87.2,86.25,85.3,84.37,83.45,82.54,81.63,80.74,79.86,78.98,78.12,77.27,76.42,75.59,74.76,73.94,73.13615467642785,72.34104842919098,71.55458625063929,70.77667416600694,70.00721922218312,69.24612947660506,68.49331398627181,67.7486827968774,67.01214693206212,66.28361838278072,65.56301009678614,64.85023596822765,64.14521082736195,63.447850430376235,62.75807144932183,62.075791462157326,61.400928942899895,60.73340325188372,60.07313462612436,59.420044169787744,58.77405384476293,58.13508646133732,57.50306566897313,56.877915947184306,56.259562596512495,55.64793172960121,55.04295026236695,54.44454590526636,53.852647154658335,53.26718328426,52.68808433669559,52.1152811151372,51.54870517503644,50.98828881594593,50.43396507342979,49.885667711061956,49.34333121251163,48.80689077371465,48.27628229513003,47.75144237408068,47.2323082971774,46.71881803282517,46.21091022381104,45.70852417997249,45.21159987094551,44.72007791899157,44.233899591902535,43.75300679598273,43.277342069107284,42.806848573855945,42.34147009072158,41.88115101139245,41.42583633210754,40.97547164708414,40.5300031420169,40.08937758764749,39.653542333404204,39.22244530111077,38.79603497876344,38.37426041437582,37.95707120989062,37.54441751515753,37.13625002197658,36.73251995820633,36.33317908193605,35.93817967572124,35.54747454088186,35.16101699186255,34.778760850654145,34.40066044127584,34.02667058431732,33.6567465915403,33.29084426053864,32.92891986945666,32.57093017176468,32.2168323910916,31.866584216113417,31.520143795497507,31.177469732901727,30.838521082027974,30.5032573417295,30.17163845117139,29.843624785043673,29.519177148826483,29.198256774106685,28.880825313945415
43,134.16,135.05,200.15,168.84,140.86,150.41,156.35,172.41,127.94,117.18,143.48,118.17,157.42,157.2,112.49,148.49,159.97,180.1,177.21,149.7,171.38,144.61,171.18,145.55,137.5,116.78,153.33,140.66,143.81,76.6,137.15,123.52,141.14,129.93,117.02,144.75,103.75,131.12,193.62,126.05,134.73,141.55,189.19,121.17,136.81,142.31,140.51,138.34,135.97,133.58,131.27,129.11,127.09,125.22,123.49,121.9,120.42,119.04,117.74,116.49,115.27,114.06,112.86,111.67,110.47,109.28,108.1,106.92,105.75,104.59,103.45,102.32,101.2,100.09,99.0,97.92,96.84,95.79,94.74,93.7,92.68,91.66,90.66,89.67,88.69,87.72,86.76,85.81,84.87,83.94,83.03,82.12,81.22,80.33,79.44890311117854,78.5774705037898,77.71559617548967,76.86317528661715,76.02010414744154,75.18628020554941,74.36160203337006,73.5459693158376,72.7392828381886,71.94144447389341,71.15235717271989,70.37192494892807,69.60005286959435,68.83664704306368,68.08161460752845,67.33486371973267,66.59630354379996,65.86584424018424,65.14339695474136,64.42887380792095,63.72218788407644,63.02325322089262,62.33198479892902,61.648298531278044,60.97211125333648,60.303340712689256,59.64190555910416,58.98772533463621,58.340720463840704,57.700812244093505,57.067922836017544,56.441975254014324,55.82289335689931,55.21060183863992,54.605026219195295,54.006092835456386,53.413728832285415,52.827862153653776,52.24842153387693,51.67533648894563,51.108537307952076,50.54795504461021,49.99352150886898,49.445169258617604,48.90283159148181,48.36644253671005,47.83593684714877,47.311249991305594,46.79231814549963,46.279078186097856,45.77146768183673,45.269424886227895,44.77288873004723,44.281798813906384,43.79609540090563,43.3157194093674,42.84061240564952,42.37071659703725,41.90597482471327,41.44633055680482,40.991727881507096,40.54211150028199,40.0974267211316,39.6576194519453,39.22263619391997,38.79242403505231,38.36693064370254,37.94610426222867,37.529893700690714,37.11824833062376,36.71111807887951,36.30845342153533,35.91020537787003,35.516325504405806,35.12676588901551,34.741479145094544,34.360418405796665,33.98353731833306,33.61079003833392,33.24213122427183,32.87751603194641,32.51690010902937,32.16023958966943,31.807491089156414,31.458611698643878,31.113558979929604
44,279.39,166.11,192.92,200.89,175.1,164.9,195.81,227.69,144.11,143.6,175.84,157.09,157.31,91.26,167.47,138.9,137.81,154.41,223.46,170.9,144.15,130.63,158.66,175.09,159.22,196.19,134.32,165.88,149.36,170.78,153.04,164.52,118.82,150.69,129.94,141.31,144.26,168.74,130.85,128.51,143.76,168.32,182.94,183.08,160.55,154.23,152.68,150.73,148.43,145.93,143.41,140.99,138.72,136.6,134.63,132.8,131.11,129.53,128.05,126.64,125.28,123.95,122.64,121.33,120.03,118.74,117.45,116.17,114.9,113.65,112.4,111.17,109.96,108.76,107.57,106.39,105.23,104.08,102.94,101.81,100.7,99.6,98.51,97.43,96.37,95.31,94.27,93.24,92.22,91.21,90.21,89.23,88.25,87.29,86.33925760685504,85.3988704788965,84.46872582898263,83.54871209842295,82.63871894359842,81.73863722272695,80.84835898277342,79.96777744650208,79.09678699967002,78.23528317836009,77.38316265645187,76.54032323322905,75.70666382112171,74.8820844335823,74.06648617309351,73.25977121930676,72.46184281731001,71.67260526602323,70.89196390672029,70.11982511167594,69.35609627293633,68.60068579121192,67.85350306489134,67.11445847917496,66.38346339532663,65.66043014004282,64.94527199493719,64.23790318613987,63.538238874010126,62.84619514296084,62.16168899139394,61.48463832174552,60.81496193063923,60.152579499147,59.49741158315592,58.849379603839836,58.20840583823495,57.57441340991789,56.94732627978542,56.32706923693458,55.713567889642036,55.10674865644187,54.50653875730035,53.91286620488696,53.32565979594048,52.74484910272905,52.17036446460327,51.6021369796414,51.040098496385376,50.48418160566698,49.93431963252302,49.39044662819846,48.85249736223682,48.32040731465656,47.7941126682128,47.27355030074325,46.75865777759756,46.249373344149056,45.74563591838814,45.247385083596214,44.754561081099595,44.26710480310215,43.78495778559614,43.30806220135018,42.83636085297371,42.3697971660568,41.90831518238486,41.45185955322717,41.00037553269855,40.55380897119322,40.11210630889037,39.67521456933029,39.24308135306055,38.81565483135141,38.39288373997957,37.974717373079756,37.5611055770632,37.151998744602345,36.74734780868114,36.34710423671006,35.95122002470526,35.55964769153113,35.17234027320557,34.78925131726725,34.410334877204235,34.03554550694335
45,233.98,272.77,191.78,250.51,168.05,200.44,188.81,218.16,199.73,221.39,165.46,221.23,189.24,171.75,167.25,135.72,191.99,174.67,186.13,135.88,149.04,159.01,115.04,162.84,179.64,158.78,213.68,178.32,157.07,136.36,157.3,170.78,114.15,164.6,169.43,175.89,170.27,138.54,233.29,164.06,174.83,172.19,177.45,155.26,163.27,166.8,165.48,163.77,161.67,159.22,156.59,153.95,151.42,149.04,146.82,144.75,142.82,141.02,139.34,137.75,136.23,134.75,133.31,131.89,130.47,129.06,127.66,126.27,124.89,123.52,122.17,120.84,119.52,118.21,116.92,115.64,114.37,113.12,111.89,110.66,109.45,108.26,107.07,105.9,104.74,103.6,102.47,101.34,100.24,99.14,98.06,96.98,95.92,94.87,93.83644163515388,92.81414334086266,91.80298244462595,90.80283761039526,89.81358882401402,88.83511737881628,87.86730586138228,86.91003813744928,85.96319933797571,85.02667584535739,84.10035527979367,83.18412648580231,82.27787951888105,81.3815056323148,80.49489726412621,79.61794802416871,78.75055268135999,77.89260715105458,77.04400848255403,76.20465484675326,75.37444552392125,74.55328089161506,73.74106241272551,72.93769262365296,72.14307512261205,71.35711455806373,70.57971661727349,69.81078801499403,69.05023648227139,68.29797075537296,67.5539005648361,66.81793662463615,66.08999062147232,65.3699752041705,64.65780397320124,63.95339147031219,63.2566531682734,62.56750546073425,61.885865652191,61.21165194806362,60.544783444880615,59.885180120571,59.232762824861794,58.587453269780276,57.94917402025974,57.31784848484746,56.693400906513986,56.07575635356256,55.46484071063752,54.86058066983077,54.262903721884946,53.671738147492675,53.087013008690406,52.508658140346064,51.93660414173956,51.370782368234785,50.811124923042634,50.2575646490735,49.71003512087866,49.168470636679444,48.632806210483274,48.102977564285474,47.57892112035617,47.06057399361117,46.54787398406593,46.04075956937177,45.539169897433396,45.043044779106836,44.55232468097693,44.06695071821352,43.586864647505486,43.112008860071676,42.6423263747481,42.177760831150344,41.71825648291049,41.26375819098777,40.814211417052036,40.36956221693933,39.92975723417878,39.49474369358997,39.0644693949501,38.63888270673016,38.21793255989924,37.801568441796476,37.38974039006967,36.98239898667997
46,256.17,227.36,267.57,294.64,198.82,219.02,199.95,212.28,165.89,298.54,208.45,175.69,176.15,179.71,235.48,217.47,161.54,138.41,227.53,243.34,232.74,211.96,199.24,189.44,187.19,135.47,148.85,176.77,142.88,187.89,241.58,147.96,152.65,186.99,164.58,117.49,207.89,208.61,189.37,210.71,163.33,185.02,182.11,256.16,198.25,179.87,178.65,177.16,175.3,173.04,170.46,167.7,164.95,162.31,159.83,157.51,155.33,153.31,151.41,149.62,147.92,146.28,144.69,143.13,141.59,140.06,138.54,137.03,135.53,134.05,132.58,131.13,129.7,128.28,126.88,125.49,124.12,122.76,121.42,120.09,118.78,117.48,116.2,114.93,113.67,112.43,111.2,109.98,108.78,107.59,106.41,105.25,104.1,102.96,101.82483437629949,100.70218430226132,99.59191179010631,98.49388037341303,97.40795509034419,96.33400246705824,95.27189050130374,94.2214886461946,93.18266779416423,92.15530026109664,91.13925977063245,90.13442143864788,89.14066175790501,88.15785858287114,87.1858911147056,86.22463988641199,85.27398674815433,84.33381485273478,83.4040086412318,82.48445382879643,81.57503739060529,80.67564754796837,79.78617375459005,78.90650668298161,78.03653821102343,77.17616140867548,76.3252705248343,75.48376097433476,74.65152932509535,73.828473285405,73.0144916913502,72.20948449438063,71.413352749012,70.62599860066433,69.8473252736345,69.07723705920115,68.31563930386106,67.56243839769493,66.81754176286154,66.08085784221883,65.35229608807037,64.63176695103584,63.919181869044415,63.21445325644925,62.51749449326215,61.828219914506946,61.1465447996901,60.47238536238754,59.80565873994629,59.146282983299535,58.4941770468941,57.84926077872895,57.211454910503434,56.58068104787432,55.95686166082003,55.33992007411134,54.72978045788693,54.126367818333044,53.52960798846572,52.939427619014765,52.355754169408264,51.778515898856334,51.20764185753338,50.643061877857406,50.08470656586555,49.53250729268474,48.98639618609626,48.446306122193484,47.91217071713147,47.38392431896755,46.861501999591894,46.34483954674702,45.833873456135294,45.3285409236135,44.82877983747338,44.33452877080732,43.84572697395824,43.3623143670527,42.8842315326163,42.411419708270536,41.94382077951022,41.48137727256039,41.02403234731212,40.57172979033615,40.124414007973535,39.6820300195025
47,284.98,315.26,272.98,352.01,287.79,249.75,276.47,276.2,259.87,193.9,219.79,229.52,286.07,257.42,216.49,200.62,312.93,218.18,180.97,210.52,221.75,215.61,263.93,264.38,184.59,225.47,221.62,204.0,190.24,196.83,152.97,149.2,121.03,134.79,200.63,118.57,163.97,165.99,213.01,218.87,236.78,273.81,252.44,186.98,190.92,192.71,191.37,189.99,188.35,186.34,183.95,181.25,178.39,175.54,172.82,170.25,167.84,165.58,163.47,161.47,159.59,157.78,156.04,154.34,152.66,151.01,149.37,147.74,146.13,144.53,142.95,141.39,139.84,138.31,136.8,135.3,133.82,132.36,130.91,129.48,128.07,126.67,125.28,123.91,122.56,121.22,119.89,118.58,117.28,116.0,114.73,113.48,112.24,111.01,109.78472529028784,108.5729745704348,107.37459856917927,106.1894496628437,105.0173818571493,103.85825076923155,102.71191360985418,101.57822916581945,100.45705778257266,99.34826134699857,98.25170327040772,97.16724847171054,96.09476336077724,95.03411582198132,93.98517519792465,92.94781227334234,91.92189925918504,90.90730977687726,89.903918842749,88.91160285263969,87.93023956667164,86.95970809419192,85.99988887888011,85.05066368402065,84.11191557793772,83.1835289195908,82.26538934432925,81.35738374980416,80.45940028203565,79.571328321634,78.69305847017287,77.82448253671278,76.96549352447362,76.11598561765395,75.27585416839598,74.44499568389443,73.62330781364756,72.81068933684892,72.00704014991847,71.21226125417103,70.42625474362106,69.64892379292198,68.88017264543853,68.11990660145092,67.3680320064891,66.62445623979573,65.88908770291665,65.16183580841715,64.4426109687228,63.73132458508353,63.02788903665943,62.33221766972705,61.644224787004866,60.963825637096484,60.290936404050484,59.62547419703537,58.96735704012859,58.31650386221815,57.67283448701585,57.03626962318056,56.40673085455064,55.784140630484146,55.16842225630561,54.55949988385833,53.95729850216087,53.361743928166746,52.772762797626086,52.19028255604811,51.61423144976347,51.04453851708511,50.48113357956675,49.92394723335791,49.3729108406542,48.82795652124219,48.2890171441374,47.75602631931469,47.22891838952995,46.70762842223195,46.1920922015636,45.68224622045137,45.17802767278212,44.67937444566623,44.18622511178608,43.69851892182914,43.21619579700439,42.73919632164146
48,365.82,379.58,321.8,293.19,370.95,281.32,255.88,288.3,249.87,295.33,210.2,192.15,201.69,280.08,289.54,193.16,200.38,257.26,213.25,212.0,199.65,273.13,290.16,209.97,233.79,243.87,185.7,177.65,217.82,249.49,201.57,183.43,206.0,161.22,161.91,190.95,195.5,219.31,206.91,269.08,263.77,256.18,205.01,182.92,199.75,205.87,204.12,202.63,201.09,199.3,197.14,194.63,191.82,188.88,185.95,183.15,180.52,178.03,175.7,173.5,171.42,169.44,167.53,165.68,163.87,162.09,160.33,158.58,156.85,155.13,153.44,151.76,150.1,148.46,146.83,145.23,143.64,142.07,140.52,138.98,137.46,135.96,134.47,133.0,131.55,130.11,128.69,127.28,125.89,124.51,123.15,121.8,120.47,119.16,117.85145289856482,116.55727551445653,115.27731004764196,114.01140043095778,112.75939231108117,111.52113302970942,110.29647160494613,109.0852587128919,107.8873466694372,106.70258941225507,105.53084248299159,104.37196300965212,103.22580968918065,102.09224277023068,100.97112403612525,99.86231678800402,98.76568582815555,97.68109744353244,96.60841938944765,95.54752087344986,94.49827253937575,93.46054645157756,92.43421607932379,91.41915628137117,90.4152432907062,89.422354699454,88.44036944395317,87.46916778999427,86.50863131822065,85.55864290968941,84.61908673159104,83.68984822312582,82.77081408153533,81.8618722482874,80.96291189541266,80.07382341199126,79.19449839078787,78.32482961503361,77.46471104535287,76.61403780683398,75.77270617624168,74.94061356937007,74.11765852853445,73.30374071020046,72.49876087274923,71.70262086437664,70.91522361112567,70.13647310505009,69.36627439250812,68.60453356258469,67.85115773564081,67.10605505198863,66.36913466069096,65.64030670848378,64.91948232882027,64.20657363103535,63.50149368962904,62.80415653366757,62.1144771363009,61.432371404395326,60.75775616827992,60.09054917160564,59.43066906131566,58.77803537772604,58.13256854471515,57.49418986002088,56.86282148564445,56.23838643835957,55.62080858032577,55.01001260980491,54.40592405197952,53.8084692498721,53.217575355364,52.63317032031306,52.055182887768666,51.483542583283366,50.91817970631987,50.35902532175239,49.806011251461356,49.259070066020364,48.71813507647451,48.183140326208914,47.65402058290658,47.130711330594615,46.61314876177766,46.10126976965789
49,413.57,334.98,299.76,334.45,273.37,286.09,389.0,356.61,280.76,280.96,223.38,232.5,225.05,261.27,269.61,267.19,234.5,268.8,196.46,202.13,311.7,266.75,241.0,267.4,278.34,238.4,178.74,214.43,158.09,227.41,226.96,309.19,240.21,153.49,187.87,197.42,186.05,172.45,283.69,228.4,167.86,206.61,270.24,248.48,227.61,221.1,218.77,216.86,215.19,213.49,211.53,209.23,206.58,203.66,200.62,197.61,194.74,192.01,189.45,187.03,184.74,182.56,180.47,178.45,176.49,174.56,172.65,170.77,168.9,167.06,165.23,163.43,161.64,159.87,158.12,156.4,154.69,152.99,151.32,149.67,148.03,146.41,144.81,143.23,141.66,140.11,138.58,137.07,135.57,134.09,132.62,131.17,129.74,128.32,126.9093879599273,125.5142826711607,124.13451366915768,122.76991236327956,121.42031201619173,120.08554772349049,118.76545639355378,117.45987672761335,116.16864920004612,114.89161603888212,113.62862120652663,112.37951038069444,111.14413093555353,109.92233192307607,108.7139640545945,107.5188796825602,106.33693278250294,105.16797893518843,104.01187530897202,102.8684806423466,101.73765522668201,100.61926088915457,99.51316097586391,98.41922033513569,97.33730530100766,96.26728367689736,95.20902471944939,94.1623991225601,93.12727900157807,92.10353787767818,91.09105066240741,90.08969364240069,89.09934446426453,88.11988211962709,87.15118693035238,86.19314053391706,85.24562586894807,84.30852716091914,83.38172990800464,82.46512086708881,81.55858803992885,80.66202065947022,79.77530917631218,78.89834524532225,78.03102171239782,77.17323260137317,76.3248731010706,75.48583955249366,74.6560294361615,73.83534135958209,73.02367504486338,72.22093131646065,71.42701208905837,70.64182035558545,69.86526017536224,69.0972366623777,68.33765597369549,67.58642529798757,66.8434528441938,66.10864783030625,65.38192047227668,64.6631819730461,63.95234451169486,63.249321232712056,62.55402623538281,61.8663745632923,61.18628219394514,60.51366602849888,59.848443881610336,59.19053447139357,58.5398574094883,57.89633319123734,57.25988318597222,56.63042962740545,56.007895604128436,55.39220505021386,54.78328273592141,54.1810542585056,53.585446033124676,52.9963852838495,52.41380003477118,51.83761910120657,51.26777208100034,50.70418934592271,50.14680203316177,49.59554203690927
50,423.2,394.85,413.98,379.19,413.5,292.35,369.89,267.03,272.8,324.47,318.03,246.65,316.27,334.23,277.1,273.75,298.91,266.2,297.61,165.54,247.53,273.82,250.11,255.84,267.75,225.2,248.16,262.27,257.82,291.53,259.74,186.47,264.31,275.1,253.92,205.49,317.79,181.04,185.58,273.14,236.6,271.56,224.94,258.65,244.46,240.02,237.21,234.68,232.58,230.72,228.82,226.67,224.19,221.39,218.33,215.17,212.05,209.06,206.23,203.55,201.01,198.6,196.29,194.07,191.92,189.81,187.73,185.68,183.65,181.65,179.66,177.7,175.75,173.83,171.93,170.05,168.19,166.36,164.54,162.74,160.96,159.2,157.46,155.74,154.04,152.35,150.69,149.04,147.41,145.8,144.2,142.63,141.07,139.53,137.98706168470326,136.46118535353042,134.9521823331565,133.45986603662715,131.98405194028743,130.5245575609655,129.08120243340892,127.65380808797006,126.24219802853864,124.846197710718,123.46563452024299,122.10033775163618,120.75013858710042,119.41487007564461,118.09436711244031,116.78846641840674,115.49700652002139,114.21982772935401,112.95677212432129,111.70768352915997,110.47240749511579,109.25079128134607,108.0426838360334,106.84793577770823,105.66639937677803,104.4979285372605,103.34237877871911,102.19960721839807,101.06947255355506,99.95183504398928,98.84655649476265,97.75350023911216,96.67253112155109,95.6035154811572,94.54632113504566,93.5008173620247,92.46687488643214,91.44436586215042,90.43316385679871,89.43314383609948,88.44418214841822,87.46615650947406,86.49894598721929,85.54243098688627,84.59649323619972,83.66101577075231,82.73588291954226,81.82098029067058,80.91619475719665,80.02141444315026,79.13652870969813,78.26142814146351,77.39600453299718,76.5401508753978,75.69376134308041,74.85673128069119,74.02895719016692,73.21033671793751,72.40076864227002,71.60015286075284,70.8083903779179,70.0253832930001,69.25103478783197,68.48524911487208,67.72793158536602,66.97898855763823,66.23832742551322,65.50585660686494,64.78148553229268,64.06512463392232,63.35668533433125,62.656080035595934,61.9632221084604,61.2780258816247,60.60040663115165,59.93028056999085,59.26756483761843,58.61217748979146,57.96403748841561,57.323064691524806,56.68917984337181,56.06230456462826,55.44236134269319,54.82927352210859,54.222965295081096,53.623361692108354
51,322.27,444.02,390.47,466.01,425.84,399.91,297.83,451.55,379.36,328.68,349.66,316.88,215.97,337.93,307.06,406.24,352.1,253.77,348.53,300.83,259.87,261.89,284.19,311.29,229.91,219.1,266.53,368.93,222.5,267.19,252.95,269.23,218.3,291.23,270.9,245.27,231.79,299.26,239.27,265.86,290.07,270.89,221.98,348.29,283.18,262.75,259.76,256.71,253.96,251.63,249.55,247.43,245.07,242.38,239.39,236.16,232.84,229.58,226.45,223.48,220.66,217.97,215.41,212.94,210.55,208.23,205.94,203.69,201.47,199.26,197.09,194.93,192.8,190.69,188.61,186.55,184.51,182.49,180.5,178.52,176.57,174.64,172.73,170.84,168.98,167.13,165.3,163.5,161.71,159.94,158.19,156.46,154.75,153.06,151.3616954199746,149.68223468188395,148.02140870051275,146.37901071058792,144.75483624103757,143.148683089535,141.56035129732567,139.98964312433304,138.43636302454095,136.90031762164904,135.38131568499819,133.87916810576326,132.3936878734099,130.92469005241247,129.4719917592306,128.03541213954085,126.6147723457213,125.20989551458571,123.82060674536501,122.44673307793278,121.08810347127263,119.74454878218437,118.41590174422632,117.10199694689156,115.80267081501499,114.51776158840902,113.24710930172502,111.99055576453858,110.74794454165536,109.51912093363568,108.30393195753513,107.10222632785892,105.91385443772748,104.73866834025108,103.57652173011121,102.42726992534611,101.29076984933857,100.16688001300359,99.0554604971736,97.95637293517912,96.86948049562281,95.7946478653445,94.73174123257543,93.68062827027916,92.64117811967763,91.61326137395962,90.5967500621704,89.59151763327976,88.59743894042711,87.61439022534121,86.64224910293282,85.68089454605831,84.73020687045239,83.79006771982786,82.86036005114093,81.94096812001976,81.0317774663549,80.13267490004945,79.24354848692755,78.36428753479888,77.49478257967817,76.63492537215733,75.78460886392892,74.94372719445914,74.11217567780865,73.28985078959965,72.47665015412758,71.67247253161581,70.8772178056117,70.09078697052266,69.31308211929031,68.54400643120154,67.78346415983476,67.03136062113991,66.28760218165071,65.55209624682777,64.82475124953093,64.10547663861962,63.3941828676796,62.690781383874906,61.995184616923346,61.30730596819448,60.62705979992841,59.95436142457436,59.289127094247334,58.631273990302034
52,475.45,483.53,453.05,409.56,394.01,431.76,405.34,366.95,353.47,328.02,385.83,317.52,378.89,353.17,270.21,268.43,324.52,330.2,361.77,269.53,285.36,254.13,379.43,262.67,326.99,354.5,361.98,318.0,318.63,345.63,359.09,214.71,278.78,318.73,344.62,261.51,310.09,257.85,218.51,323.17,371.71,311.5,286.71,283.05,286.51,288.51,285.66,282.42,279.11,276.11,273.53,271.2,268.83,266.22,263.3,260.09,256.67,253.17,249.73,246.44,243.3,240.31,237.46,234.71,232.06,229.48,226.96,224.47,222.02,219.59,217.19,214.82,212.47,210.15,207.85,205.58,203.33,201.11,198.91,196.74,194.59,192.46,190.36,188.27,186.22,184.18,182.17,180.18,178.21,176.26,174.33,172.43,170.54,168.68,166.80458435419482,164.95001992871528,163.1160748958116,161.3025200052381,159.50912855559602,157.7356763659949,155.98194174802921,154.2477054780664,152.53275076984303,150.83686324736573,149.15983091811339,147.5014441465371,145.86149562785513,144.23978036213882,142.63609562868695,141.0502409606848,139.48201812014494,137.93123107312692,136.397685965232,134.88119109737085,133.38155690180025,131.89859591842645,130.43212277137195,128.98195414580272,127.54790876501325,126.12980736776616,124.7274726858839,123.34072942208944,121.96940422809364,120.61332568292583,119.27232427150567,117.94623236345295,116.63488419213331,115.33811583393671,114.05576518778626,112.7876719548751,111.53367761862825,110.29362542488764,109.06736036231702,107.85472914302507,106.65558018340383,105.46976358518008,104.29713111667746,103.13753619428705,101.99083386414378,100.85688078400665,99.73553520534033,98.62665695559613,97.53010742068989,96.44574952767458,95.37344772760574,94.31306797859735,93.26447772906599,92.22754590116142,91.20214287438141,90.1881404693685,89.1854119318873,88.19383191697953,87.21327647329552,86.24362302759981,85.28475036944897,84.33653863603982,83.39886929722618,82.47162514070212,81.55469025734989,80.64795002675095,79.75129110285786,78.8646013998257,77.98777007800082,77.12068753006542,76.26324536733637,75.415336406216,74.5768546547939,73.74769529959742,72.92775469248967,72.11693033771294,71.31512087907652,70.5222260872867,69.73814684741765,68.96278514652184,68.19604406137785,67.43782774637471,66.68804142153083,65.94659136064605,65.21338487958559,64.48833032469413
53,515.5,553.49,548.51,433.88,480.98,361.11,530.73,455.65,474.33,333.49,415.0,347.66,443.9,384.71,364.76,365.06,465.31,405.1,349.84,310.75,250.44,380.43,378.11,353.15,336.29,357.78,353.83,323.84,260.69,339.15,340.51,271.99,348.86,302.47,263.98,325.87,296.3,300.94,261.55,301.46,353.56,302.84,364.14,304.35,311.47,316.68,314.09,310.96,307.43,303.85,300.57,297.72,295.11,292.46,289.58,286.41,282.96,279.32,275.63,272.01,268.53,265.21,262.03,258.98,256.03,253.17,250.38,247.63,244.93,242.25,239.6,236.98,234.39,231.83,229.3,226.79,224.31,221.86,219.44,217.04,214.67,212.32,210.0,207.7,205.43,203.19,200.97,198.77,196.6,194.45,192.32,190.22,188.14,186.09,184.0137463365371,181.96065796554046,179.93047642592484,177.92294614032136,175.93781438290316,173.97483124756994,172.03374961648765,170.11432512897895,168.21631615076112,166.33948374352673,164.48359163486413,162.6484061885133,160.83369637495372,159.03923374232016,157.26479238764327,155.51014892841079,153.7750824744462,152.0593746001011,150.3628093167579,148.68517304563912,147.02625459092033,145.38584511314278,143.7637381029229,142.1597293549552,140.57361694230477,139.00520119098718,137.45428465483164,135.92067209062472,134.4041704335314,132.9045887727903,131.42173832768023,129.95543242375467,128.50548646934158,127.07171793230548,125.65394631706836,124.25199314188764,122.865681916387,121.49483811933845,120.13928917669186,118.79886443984982,117.47339516418498,116.16271448779688,114.86665741050587,113.58506077308151,112.31776323670252,111.06460526264608,109.82542909220368,108.60007872682095,107.38839990845929,106.19024010017642,105.00544846692374,103.8338758565577,102.67537478106343,101.52979939798745,100.39700549207782,99.27685045712897,98.16919327802923,97.0738945130085,95.9908162760842,94.9198222197028,93.86077751757531,92.81354884770407,91.77800437559897,90.75401373768102,89.74144802487098,88.7401797663611,87.75008291356802,86.77103282426464,85.80290624688897,84.84558130502822,83.89893748207587,82.96285560605993,82.03721783464059,81.1219076402751,80.21680979554824,79.32181035866655,78.43679665911424,77.56165728346923,76.69628206137747,75.84056205168366,74.99438952871687,74.1576579687289,73.33026203648427,72.51209757199965,71.70306157743119,70.90305220410835
54,630.17,595.81,670.03,619.47,554.65,500.52,557.55,555.11,480.25,397.1,434.59,547.52,410.97,426.03,484.91,400.71,437.61,439.01,339.28,492.64,445.62,353.37,331.61,322.82,348.62,378.56,320.57,445.96,350.68,307.43,324.2,311.49,374.48,267.99,372.91,377.41,333.89,330.61,347.47,308.33,362.25,355.92,349.66,359.2,348.67,345.86,343.48,340.6,337.18,333.37,329.49,325.92,322.78,319.88,316.93,313.77,310.34,306.65,302.8,298.91,295.1,291.44,287.93,284.55,281.3,278.14,275.06,272.04,269.07,266.12,263.22,260.34,257.5,254.68,251.9,249.15,246.42,243.73,241.07,238.43,235.83,233.25,230.7,228.18,225.68,223.22,220.78,218.37,215.98,213.62,211.28,208.97,206.69,204.43,202.14979571040962,199.8950247310098,197.66540337964543,195.46065113834086,193.28049061800738,191.12464752354316,188.99285061932346,186.8848316950751,184.80032553213184,182.73906987006623,180.70080537369347,178.68527560044328,176.69222696809592,174.72140872287784,172.77257290791337,170.84547433202826,168.93987053890103,167.0555217765587,165.19219096721235,163.34964367742967,161.5276480886397,159.72597496796675,157.9443976393899,156.18269195522365,154.44063626791709,152.71801140216758,151.0146006273452,149.33018963022514,147.66456648802398,146.01752164173672,144.38884786977152,142.77834026187804,141.1857961933669,139.6110152996167,138.05379945086526,136.51395272728206,134.99128139431875,133.48559387833464,131.996700742494,130.52441466293223,129.0685504051878,127.62892480089721,126.2053567247498,124.79766707169956,123.40567873443125,122.02921658107769,120.66810743318585,119.32218004392838,117.9912650765584,116.6751950831046,115.37380448330372,114.08692954376846,112.8144083573873,111.55608082295441,110.31178862502654,109.0813752140048,107.86468578643844,106.66156726554836,105.47186828196797,104.2954391546987,103.13213187227802,101.98180007415753,100.84429903228872,99.71948563291406,98.60721835856137,97.50735727023888,96.41976398982885,95.34430168267774,94.28083504038041,93.22923026375642,92.18935504601623,91.16107855611506,90.14427142229252,89.13880571579585,88.14455493478464,87.16139398841507,86.18919918110174,85.22784819695504,84.27722008439203,83.33719524091903,82.40765539808395,81.4884836065964,80.57956422161388,79.68078288819194,78.79202652689673,77.9131833195781
55,716.87,627.06,629.96,614.97,574.67,694.8,623.1,509.65,532.96,654.62,481.99,358.02,459.73,549.78,527.97,522.3,370.43,404.1,377.8,460.95,413.92,420.36,419.92,450.06,492.21,344.09,424.82,408.05,290.82,372.09,395.76,329.85,375.45,335.06,450.11,312.69,349.39,359.06,399.05,415.03,385.91,443.21,478.54,414.84,382.7,375.54,373.32,370.65,367.47,363.75,359.63,355.46,351.6,348.16,344.95,341.7,338.24,334.54,330.61,326.54,322.46,318.47,314.62,310.92,307.35,303.89,300.52,297.21,293.96,290.75,287.57,284.43,281.32,278.25,275.21,272.2,269.23,266.28,263.37,260.5,257.65,254.83,252.05,249.29,246.57,243.88,241.21,238.57,235.97,233.39,230.84,228.31,225.82,223.35,220.86444551513702,218.4065515679827,215.9760103377465,213.57251742922713,211.1957718346908,208.8454758961736,206.52133526820373,204.2230588809381,201.95035890370977,199.7029507089804,197.48055283669441,195.2828869590295,193.1096778455394,190.96065332868505,188.8355442697485,186.734084525127,184.6560109130016,182.60106318037694,180.56898397048784,178.55951879056846,176.57241597998024,174.6074266786947,172.6643047961265,170.7428069803138,168.84269258744158,166.96372365170367,165.1056648555008,163.2682834999697,161.45134947584063,159.654635234619,157.8779157600877,156.1209685401266,154.3835735388458,152.66551316902874,150.96657226488193,149.28653805508847,147.62520013616083,145.9823504460904,144.35778323829047,142.75129505582882,141.16268470594738,139.5917532348654,138.03830390286268,136.50214215964067,134.98307561995722,133.48091403953285,131.99546929122494,130.52655534146717,129.0739882269711,127.63758603168702,126.21716886402129,124.81255883430705,123.42358003252583,122.05005850627697,120.69182223899212,119.34870112839259,118.02052696518574,116.70713341199922,115.40835598254907,114.12403202103981,112.85400068179406,111.5981029091083,110.35618141733336,109.12808067117619,107.91364686622106,106.71272790966742,105.5251734012822,104.35083461456406,103.18956447811712,102.04121755723222,100.90565003567299,99.78271969766456,98.67228591008293,97.57420960484235,96.48835326147868,95.4145808899268,94.35275801348946,93.30275165199576,92.26443030514699,91.23766393604788,90.22232395492111,89.21828320300298,88.22541593661839,87.24359781143298,86.27270586688053,85.31261851076371
56,808.82,662.02,735.94,617.63,665.79,712.97,625.35,550.21,598.42,506.36,583.51,502.03,510.92,516.37,537.43,489.84,452.12,495.06,459.16,442.64,490.13,459.3,485.36,414.45,465.05,542.71,415.92,399.08,366.83,384.46,361.44,396.13,436.61,499.16,418.16,469.31,368.27,371.43,393.63,436.15,409.32,392.88,388.99,362.24,393.88,406.47,404.37,401.83,398.83,395.31,391.27,386.84,382.37,378.2,374.43,370.89,367.32,363.56,359.57,355.4,351.11,346.83,342.65,338.61,334.71,330.93,327.25,323.65,320.11,316.61,313.15,309.73,306.34,303.0,299.69,296.41,293.17,289.97,286.8,283.67,280.57,277.5,274.47,271.47,268.51,265.57,262.67,259.8,256.96,254.15,251.38,248.63,245.91,243.22,240.5219899223993,237.85390854465408,235.21542387131225,232.60620758970748,230.02593502910594,227.47428512030712,224.95094035569238,222.45558674971667,219.98791379983874,217.54761444788448,215.134385041839,212.74792529806254,210.38793826392552,208.05413028085795,205.74621094780883,203.46389308511107,201.20689269874688,198.9749289450098,196.7677240955586,194.58500350285914,192.42649556600904,190.29193169694204,188.1810462870068,186.09357667391666,184.02926310906597,181.987848725209,179.9690795044974,177.97270424687198,175.9984745388056,174.04614472239228,172.11547186477958,170.2062157279398,168.31813873877667,166.45100595956356,164.60458505870972,162.7786462818506,160.97296242325905,159.1873087975737,157.4214632118407,155.6752059378657,153.94831968487284,152.2405895724665,150.55180310389326,148.8817501396006,147.23022287108867,145.5970157950522,143.98192568780922,142.38475158001356,140.8052947316477,139.24335860729312,137.698748851675,136.17127326547802,134.66074178143074,133.16696644065496,131.68976136927765,130.22894275530206,128.78432882573586,127.35573982397254,125.94299798742387,124.54592752540053,123.16435459723816,121.7981072906658,120.44701560041455,119.1109114070635,117.78962845612007,116.48300233733275,115.19087046423304,113.91307205390456,112.64944810697632,111.39984138783818,110.16409640507564,108.94205939212165,107.73357828812314,106.5385027190197,105.35668397883221,104.18797501115898,103.03223039087729,101.88930630604766,100.75906054001914,99.64135245373286,98.53604296822206,97.4429945473062,96.36207118047692,95.29313836597399,94.236063094049,93.19071383041461
57,995.84,827.07,735.91,848.74,841.25,763.01,626.72,649.44,619.69,689.97,553.52,654.88,713.62,465.98,528.95,574.41,596.87,663.72,585.09,620.08,468.35,632.35,536.16,403.43,527.5,465.93,518.81,467.87,467.8,392.5,436.4,372.91,501.14,447.85,435.14,475.74,302.15,493.66,447.44,426.43,399.86,411.19,494.71,474.98,446.7,440.92,438.88,436.42,433.51,430.13,426.24,421.83,417.05,412.23,407.72,403.59,399.69,395.76,391.66,387.36,382.91,378.38,373.87,369.47,365.21,361.08,357.05,353.12,349.25,345.43,341.66,337.93,334.24,330.59,326.97,323.4,319.87,316.37,312.92,309.5,306.12,302.77,299.47,296.19,292.96,289.76,286.59,283.46,280.36,277.3,274.27,271.27,268.31,265.38,262.44382948696085,259.54014483299784,256.66858661380815,253.82879938176768,251.02043162193317,248.2431357085309,245.49656786192693,242.78038810607302,240.09426022642398,237.43785172832023,234.81083379583075,232.2128812510517,229.64367251385522,227.1028895620834,224.59021789218295,222.10534648027522,219.64796774365706,217.21777750272742,214.81447494333557,212.43776257954548,210.0873462168125,207.76293491556729,205.46424095520265,203.19097979845895,200.94287005620345,198.71963345259923,196.52099479065984,194.3466819181847,192.19642569407142,190.0699599550012,187.9670214824923,185.88734997031847,183.83068799228755,181.79678097037686,179.78537714322087,177.7962275349476,175.8290859243601,173.88370881445832,171.95985540229876,170.05728754918735,168.175769751202,166.3150691100416,164.47495530419724,162.65520056044258,160.8555796256395,159.0758697388559,157.3158506037919,155.57530436151092,153.85401556347276,152.15177114486497,150.46836039822904,148.80357494737885,147.15720872160708,145.5290579301777,143.91892103709998,142.32659873618226,140.75189392636113,139.1946116873039,137.65455925528116,136.13154599930573,134.6253833975362,133.13588501394122,131.662866475222,130.20614544799025,128.76554161619856,127.34087665882046,125.93197422777749,124.53865992611041,123.16076128639205,121.79810774937886,120.45053064289874,119.11786316097245,117.79994034316597,116.49659905417141,115.20767796361369,113.93301752608082,112.67245996137491,111.4258492349819,110.19303103875724,108.97385277182526,107.76816352168997,106.57581404555472,105.39665675184871,104.23054568195764,103.07733649215682,101.93688643574379
58,824.86,891.2,926.77,861.73,898.05,803.37,737.93,767.07,748.1,761.22,636.89,633.52,715.16,574.08,568.81,673.95,587.74,673.49,614.93,495.08,613.41,536.4,496.04,499.61,571.94,555.91,533.76,475.04,505.08,484.17,403.05,416.33,532.56,455.17,468.97,528.84,490.76,483.93,520.93,544.7,512.5,363.27,460.64,571.79,501.0,480.71,478.64,476.19,473.3,469.95,466.13,461.81,456.98,451.79,446.58,441.67,437.14,432.82,428.48,423.99,419.34,414.56,409.74,404.96,400.3,395.76,391.35,387.03,382.79,378.61,374.47,370.38,366.34,362.34,358.38,354.47,350.59,346.76,342.98,339.23,335.52,331.86,328.23,324.65,321.1,317.59,314.12,310.69,307.3,303.94,300.62,297.33,294.08,290.87,287.67932210120154,284.52364411801443,281.4025821213391,278.315756393559,275.2627913823433,272.2433156549557,269.25696185306526,266.303366648052,263.38217069680377,260.4930185979972,257.63555884885864,254.80944380239924,252.0143296251192,249.24987625517596,246.5157473610114,243.81161030043253,241.1371360801415,238.49199931570902,235.87587819198745,233.28845442395752,230.7294132180051,228.19844323362227,225.69523654552884,223.21948860620915,220.77089820886007,218.34916745074509,215.95400169695083,213.58510954454064,211.24220278710183,208.92499637968163,206.63320840410765,204.36656003468897,202.1247755042934,199.90758207079682,197.7147099839005,195.54589245231256,193.40086561128933,191.27936849053287,189.18114298244032,187.10593381070208,185.0534884992438,183.0235573415098,181.01589337008258,179.0302523266364,177.06639263221993,175.12407535786508,173.20306419551812,171.30312542928988,169.424027907021,167.56554301215954,165.7274446359466,163.90950914990725,162.1115153786434,160.3332445729248,158.5744803830754,156.83500883265177,155.1146182924097,153.4130994545572,151.73024530728924,150.06585110960216,148.41971436638428,146.79163480377963,145.18141434482231,143.58885708533757,142.01376927010764,140.45595926929906,138.91523755514808,137.3914166789025,135.88431124801588,134.39373790359227,132.91951529807807,131.46146407319898,130.01940683813848,128.59316814795613,127.18257448224237,125.78745422400748,124.40763763880217,123.04295685406723,121.69324583870953,120.35834038290241,119.03807807810715,117.73229829731414,116.44084217550031,115.16355259030124,113.90027414289521,112.65085313909685
59,913.9,894.91,902.08,1002.02,885.07,849.53,902.85,708.17,793.96,816.25,795.77,729.86,767.32,613.68,815.01,736.47,688.26,658.2,743.3,594.96,601.78,661.59,682.46,608.04,517.1,553.57,605.18,534.55,617.08,526.8,537.74,492.02,525.47,560.4,586.74,616.92,564.38,555.07,493.69,615.87,636.67,475.22,587.98,494.1,513.86,524.37,522.03,519.5,516.59,513.21,509.37,505.07,500.27,494.98,489.36,483.73,478.39,473.41,468.64,463.86,458.96,453.92,448.8,443.66,438.58,433.62,428.78,424.05,419.4,414.82,410.29,405.81,401.38,396.99,392.66,388.37,384.13,379.93,375.78,371.68,367.62,363.6,359.63,355.7,351.82,347.98,344.17,340.41,336.7,333.02,329.38,325.78,322.22,318.7,315.2195637795439,311.77713645863173,308.37230295238544,305.00465270895603,301.6737796600201,298.3792821718161,295.1207629967157,291.8978292253244,288.71009223910437,285.55716766351543,282.4386753216674,279.3542391884789,276.30348734533635,273.2860519352484,270.30156911849,267.34967902873126,264.4300257296446,261.54225717198665,258.68602515114816,255.86098526516807,253.06679687320545,250.30312305446586,247.56963056757522,244.8659898103982,242.19187478029482,239.54696303481157,236.93093565280148,234.34347719596883,231.784275670834,229.2530224911134,226.7494124405106,224.27314363591353,221.82391749099358,219.40143868020246,217.00541510316214,214.63555784944342,212.29158116372957,209.97320241136015,207.68014204425108,205.41212356718714,203.16887350448226,200.9501213670042,198.75559961955904,196.5850436486322,194.43819173048144,192.31478499957854,190.21456741739541,188.13728574153131,186.082689495177,184.05053093691248,182.04056503083464,180.05254941701094,178.0862443822559,176.14141283122672,174.21782025783446,172.31523471696758,170.43342679652412,168.5721695897495,166.73123866787614,164.91041205306226,163.10947019162575,161.32819592757073,159.566374476403,157.82379339923156,156.1002425771529,154.39551418591506,152.70940267085825,151.04170472212945,149.3922192501673,147.76074736145503,146.14709233453794,144.55105959630305,142.9724566985174,141.4110932946231,139.86678111678532,138.33933395319113,136.82856762559635,135.33429996711737,133.85635080026572,132.39454191522233,130.94869704834932,129.51864186093604,128.10420391817772,126.70521266838317,125.32149942241003,123.9528973333243
60,1064.66,1037.73,1158.03,943.51,978.8,1020.43,943.98,890.55,866.65,881.21,791.93,824.86,849.75,775.93,766.2,745.97,827.18,809.14,805.86,712.18,618.02,630.01,787.99,648.6,606.39,683.73,602.28,665.26,619.51,594.96,518.91,650.31,550.46,537.05,599.07,649.27,536.5,619.83,663.25,619.82,656.54,626.47,583.13,592.8,570.83,567.54,564.61,561.79,558.78,555.36,551.48,547.14,542.34,537.07,531.34,525.31,519.27,513.52,508.13,502.92,497.71,492.41,487.01,481.55,476.11,470.75,465.5,460.37,455.32,450.35,445.43,440.57,435.76,431.0,426.29,421.64,417.03,412.48,407.97,403.52,399.11,394.75,390.44,386.18,381.96,377.79,373.66,369.58,365.54,361.55,357.6,353.69,349.83,346.01,342.2028754469579,338.43764042705754,334.71383403260796,331.03100042725436,327.38868879017826,323.7864532609122,320.2238528847611,316.7004515588245,313.21581797861256,309.76952558524954,306.36115251325793,302.9902815389176,299.65650002919256,296.3593998912202,293.0985775223561,289.87363376076803,286.68417383657464,283.52980732352063,280.41014809118434,277.32481425771095,274.2734281430658,271.25561622280196,268.27100908233666,265.31924137173075,262.3999517609657,259.5127828957125,256.6573813535879,253.83339760089072,251.04048594981577,248.27830451613707,245.54651517735766,242.8447835313196,240.17277885526892,237.53017406537197,234.91664567667615,232.33187376351185,229.77554192033003,227.2473372229703,224.7469501903556,222.2740747466082,219.8284081835825,217.40965112381,215.01750748385223,212.65168443805678,210.31189238271185,207.9978449005958,205.7092587259162,203.44585370963478,201.2073527851743,198.99348193450226,196.80397015458783,194.6385494242283,192.49695467124,190.37892374001052,188.28419735940787,186.2125191110427,184.1636353978799,182.13729541319515,180.13325110987367,178.1512571700462,176.19107097505935,174.25245257577626,172.33516466320427,170.4389725394453,168.5636440889664,166.70894975018618,164.87466248737354,163.0605577628563,161.26641350953497,159.49201010369933,157.73713033814388,156.00155939557936,154.28508482233647,152.5874965023593,150.90858663148458,149.2481496920042,147.60598242750743,145.98188381799997,144.37565505529705,142.78709951868663,141.21602275086127,139.6622324341139,138.12553836679623,136.60575244003573,135.10268861470917,133.61616289866896
61,1060.56,1095.26,1203.53,1106.78,1125.31,1107.49,1087.34,950.49,1057.55,996.33,946.71,889.0,879.63,898.6,1022.24,1049.98,838.06,923.07,724.49,797.76,852.34,773.72,670.73,700.71,588.03,602.61,619.62,709.81,692.13,604.15,667.92,687.04,642.1,582.95,660.22,610.74,572.45,608.66,615.71,742.59,682.04,632.62,608.44,605.23,605.52,608.8,604.89,601.47,598.15,594.62,590.69,586.3,581.47,576.2,570.49,564.35,557.95,551.56,545.44,539.65,534.04,528.44,522.78,517.04,511.3,505.59,499.97,494.46,489.04,483.7,478.42,473.19,468.03,462.92,457.86,452.86,447.92,443.03,438.19,433.41,428.67,423.99,419.36,414.78,410.25,405.77,401.34,396.96,392.62,388.33,384.09,379.9,375.75,371.65,367.5394385259951,363.47434110588915,359.4542048934872,355.47853260422517,351.5468324536568,347.65861809662067,343.8134085670801,340.0107282186282,336.2501066656513,332.5310787251431,328.853184359162,325.21596861792534,321.6189815835327,318.0617783143117,314.54391878977975,311.06496785621374,307.62449517282255,304.22207515851443,300.85728693925324,297.5297142959971,294.2389456132127,290.98457382795914,287.7661963795347,284.5834151596809,281.43583646333724,278.32307093994007,275.24473354526106,272.2004434937774,269.1898242115695,266.2125032897392,263.26811243834345,260.3562874408376,257.476668109022,254.62889823848766,251.812625564554,249.0275017186945,246.27318218544397,243.54932625978253,240.85559700499084,238.19166121097183,235.55718935303275,232.9518555511238,230.3753375295271,227.8273165769918,225.3074775073098,222.81550862032802,220.35110166339135,217.9139517932122,215.50375753816212,213.1202207609802,210.7630466218937,208.43194354214697,206.12662316793381,203.84680033472827,201.59219303201036,199.36252236838183,197.15751253706765,194.9768907817992,192.8203873630748,190.6877355247932,188.5786714612564,186.49293428453726,184.43026599220804,182.39041143542596,180.3731182873717,178.37813701203683,176.40522083335676,174.45412570468483,172.52461027860411,170.61643587707326,168.72936646190217,166.86316860555468,165.0176114622737,163.1924667395261,161.38750866976335,159.60251398249426,157.8372618766668,156.09153399335548,154.36511438875056,152.6577895074462,150.969348156024,149.29958147692864,147.6482829226326,146.01524823008654,144.40027539545216,142.80316464911488
62,1182.52,1292.87,1253.83,1071.22,1342.01,1307.17,1218.8,1206.8,1000.26,1137.41,944.18,1224.97,1072.19,955.74,949.25,881.26,944.34,828.14,912.47,730.86,748.42,739.2,904.6,712.44,886.2,846.01,762.27,763.73,749.02,691.69,713.39,665.38,794.48,733.37,695.34,745.43,612.59,653.29,711.85,731.76,684.54,699.58,692.63,730.59,668.98,651.16,645.81,641.39,637.45,633.6,629.53,625.07,620.16,614.83,609.1,602.95,596.43,589.67,582.94,576.47,570.3,564.3,558.32,552.3,546.26,540.22,534.25,528.37,522.58,516.87,511.23,505.65,500.13,494.67,489.27,483.93,478.65,473.42,468.25,463.14,458.09,453.08,448.14,443.24,438.4,433.62,428.88,424.2,419.57,414.99,410.45,405.97,401.54,397.15,392.72784527549925,388.35493001318514,384.03070594534944,379.75463090909216,375.5261687783464,371.34478939665985,367.2099685107246,363.12118770464764,359.07793433495254,355.0797014663052,351.12598780795565,347.2162976508867,343.35014080566316,339.52703254097287,335.74649352285184,332.00804975458635,328.3112325172843,324.65557831110783,321.040628797161,317.4659307400238,313.9310359509264,310.43550123155643,306.9788883184911,303.56076382824915,300.1806992029536,296.8382706566001,293.53305912192377,290.26465019785684,287.0326340975723,283.83660559710535,280.6761639845471,277.55091300980456,274.460460834919,271.40441998493844,268.3824072993366,265.394043883973,262.4389550635881,259.51677033482696,256.62712331978645,253.7696517200795,250.9439972714106,248.1498056986576,245.38672667145312,242.65441376026104,239.95252439294163,237.2807198118007,234.6386650311166,232.02602879514052,229.44248353656423,226.88770533545028,224.36137387861967,221.86317241949135,219.39278773836938,216.9499101031721,214.53423323059812,212.14545424772555,209.78327365403823,207.4473952838747,205.13752626929593,202.85337700336578,200.59466110384076,198.36109537726398,196.15239978345886,193.96829740041824,191.80851438958447,189.67277996151608,187.56082634193655,185.47238873816153,183.40720530589942,181.365017116422,179.34556812410034,177.34860513430237,175.3738777716478,173.42113844861643,171.4901423345063,169.58064732473707,167.69241401049567,165.8252056487194,163.97878813241374,162.15292996130043,160.3474022127923,158.56197851329156,156.7964350098074,155.05055034188973,153.3241056138756,151.61688436744413
63,1201.41,1415.94,1330.46,1269.51,1418.61,1187.14,1263.07,1304.29,1189.24,1242.83,1129.7,1040.2,1341.0,1296.11,1138.45,888.08,831.68,1028.41,973.63,933.95,992.84,844.57,874.28,901.01,821.21,904.78,789.74,962.2,859.44,694.32,690.48,731.81,688.59,641.86,802.48,719.6,801.04,749.86,754.67,833.9,703.78,791.73,756.87,722.26,704.59,700.0,692.66,686.76,681.77,677.25,672.81,668.16,663.12,657.66,651.79,645.55,638.94,631.99,624.84,617.74,610.89,604.31,597.89,591.5,585.1,578.7,572.34,566.06,559.86,553.75,547.71,541.73,535.82,529.97,524.18,518.46,512.8,507.21,501.67,496.19,490.78,485.42,480.12,474.88,469.7,464.57,459.5,454.48,449.52,444.61,439.75,434.95,430.2,425.51,420.7395140824843,416.02251112868083,411.3583915293556,406.74656239762487,402.1864374935902,397.67743714981685,393.218988197649,388.81052389435024,384.4514838510612,380.14131396156506,375.8794663318512,371.6653992104687,367.4985769196615,363.37846978727373,359.30455407942054,355.27631193391244,351.2932312944265,347.35480584541557,343.46053494774696,339.60992357506325,335.80248225085603,332.0377269862452,328.3151792184565,324.6343657499873,320.9948186884565,317.39607538712687,313.83767838609504,310.3191753541412,306.8401190312298,303.40006717165573,299.99858248782766,296.63523259468093,293.3095899547149,290.0212318236457,286.769740196668,283.55470175532037,280.3757078149449,277.2323542727375,274.12424155637876,271.0509745732423,268.0121626601719,265.00741953382175,262.036363241553,259.0986161128818,256.193804711471,253.3215597876599,250.4815162315269,247.67331302647773,244.89659320335423,242.15100379505787,239.43619579168166,236.75182409614513,234.09754748032688,231.47302854168885,228.8779336603868,226.31193295686168,223.77470024990654,221.26591301520352,218.78525234432553,216.33240290419786,213.90705289701398,211.50889402060096,209.1376214292292,206.79293369486135,204.47453276883587,202.1821239439802,199.91541581714844,197.67412025217934,195.45795234326926,193.26663037875602,191.0998758053087,188.9574131925188,186.83897019788856,184.74427753221167,182.6730689253422,180.62508109234713,178.60005370003867,176.5977293338814,174.61785346527068,172.66017441917802,170.72444334215868,168.8104141707186,166.91784360003535,165.04649105303045,163.1961186497876,161.3664911773145
64,1475.15,1536.5,1440.23,1195.68,1509.18,1404.01,1407.44,1383.22,1484.63,1394.98,1208.68,1401.36,1367.87,1299.41,1336.27,1187.28,1092.88,1064.43,1065.21,1117.76,1055.49,1040.96,1076.43,852.43,942.2,899.39,899.45,854.44,873.8,814.06,782.17,833.73,682.44,840.84,803.65,774.11,917.96,841.2,801.98,901.05,743.87,753.45,773.23,745.06,756.28,759.52,749.63,741.64,735.09,729.46,724.29,719.19,713.88,708.19,702.1,695.63,688.81,681.66,674.22,666.62,659.08,651.78,644.73,637.82,630.96,624.11,617.29,610.54,603.86,597.27,590.76,584.31,577.93,571.63,565.39,559.22,553.12,547.08,541.11,535.2,529.36,523.59,517.87,512.22,506.63,501.1,495.63,490.22,484.87,479.57,474.34,469.16,464.04,458.97,453.84375014640267,448.7747555329332,443.76237667407776,438.80598122675553,433.90494391054466,429.0586464287995,424.26647739064816,419.5278322338621,414.8421131485867,410.20872900192364,405.62709526335584,401.0966339310054,396.61677345871476,392.18694868394306,387.8066007564666,383.4751770678771,379.1921311818662,374.9569227652893,370.769017519999,366.6278871154403,362.53300912199796,358.48386694508906,354.47994975999137,350.52075244739945,346.6057755297004,342.7345251079623,338.9065127996253,335.12125567688906,331.3782762057885,327.67710218595005,324.0172666910202,320.3983080097603,316.81976958779836,313.28119997003205,309.7821527436749,306.32218648193805,302.90086468834227,299.5177557416505,296.17243284141637,292.8644739541408,289.59346176002947,286.3589836003456,283.1606314253504,279.99800174282484,276.87069556716693,273.7783183690569,270.7204800256847,267.69679477153426,264.7068811497156,261.75036196384303,258.8268642304483,255.93601913192683,253.07746197000924,250.250832119752,247.4557729840427,244.69193194861282,241.9589603375532,239.2565133693266,236.58425011327125,233.94183344659024,231.32893001182137,228.74521017478202,226.19034798298395,223.66402112451192,221.16591088736237,218.6957021192358,216.25308318777817,213.8377459412668,211.44938566973485,209.08770106653046,206.75239419030476,204.44317042742495,202.15973845480679,199.90181020316237,197.66910082065849,195.46132863698065,193.27821512779863,191.11948487962897,188.98486555508964,186.8740878585433,184.78688550212348,182.7229951721412,180.6821564958659,178.66411200867813,176.66860712158837,174.69539008911937
65,1786.47,1626.88,1446.33,1566.75,1599.71,1608.71,1506.0,1605.53,1572.7,1554.61,1436.5,1545.97,1336.72,1402.98,1473.31,1382.05,1304.56,1027.44,1311.59,1157.89,1171.63,1137.89,1180.22,915.6,1030.88,1034.39,936.63,1032.28,955.0,836.64,787.87,796.16,933.5,939.87,1007.48,856.13,844.33,1029.37,876.91,850.62,968.11,811.79,785.85,824.93,830.71,831.21,818.3,807.62,798.89,791.61,785.25,779.34,773.49,767.44,761.03,754.23,747.07,739.61,731.84,723.83,715.7,707.65,699.83,692.23,684.77,677.36,669.99,662.68,655.45,648.3,641.23,634.23,627.31,620.47,613.7,607.0,600.38,593.83,587.35,580.94,574.6,568.33,562.13,556.0,549.93,543.93,537.99,532.12,526.31,520.57,514.88,509.26,503.71,498.21,492.71025588243526,487.2712234835407,481.8922326061754,476.57262045150975,471.3117315373559,466.1089176173988,460.96353760131973,455.874957475801,450.8425502264029,445.8656957603032,440.943780829889,436.0761989571929,431.2623503591623,426.50164187375464,421.79348688684775,417.13730525995743,412.5325232587525,407.9785734823601,403.4748947934497,399.02093224909027,394.61613703237015,390.25996638477193,385.95188353929376,381.691357654309,377.4778637481558,373.3108826344491,369.18990085810634,365.1144106320798,361.0839097747869,357.0979016482315,353.1558950968083,349.25740438678247,345.40194914643774,341.58905430688515,337.81825004352464,334.0890717181541,330.40105982171565,326.7537599176759,323.1467225860298,319.57950336792334,316.0516627108872,312.56276591467514,309.1123830777008,305.7000890440644,302.3254633511656,298.9880901778941,295.687558293392,292.4234610063821,289.1953961150557,286.0029658575125,282.8457768627494,279.7234401021887,276.6355708417423,273.58178859440477,270.56171707336966,267.5749841456635,264.62122178629176,261.7000660328907,258.8111569408799,255.9541385391101,253.12865878600033,250.33436952615935,247.5709264474862,244.83798903874364,242.13522054760094,239.46228793913883,236.81886185481318,234.2046165718715,231.6192299632172,229.06238345771737,226.53376200094823,224.03305401637442,221.55995136695626,219.11414931718136,216.69534649551508,214.3032448572654,211.93754964785816,209.5979693665172,207.28421573034566,204.99600363880396,202.73305113857955,200.4950793888448,198.2818126268981,196.09297813418445,193.92830620269123,191.78753010171465
66,1677.71,1798.11,1668.77,1553.51,1685.74,1822.04,1756.57,1716.08,1717.71,1515.64,1514.26,1467.48,1498.5,1475.01,1510.8,1427.08,1451.75,1376.75,1080.18,1207.81,1251.06,1220.55,1152.77,1168.35,1289.81,987.78,999.73,1047.67,1012.94,1017.48,971.8,1074.88,839.71,809.44,1017.52,980.17,1024.75,951.02,920.74,1158.0,1067.95,985.02,1006.29,914.81,916.76,915.27,899.01,885.18,873.64,864.08,855.98,848.8,842.06,835.38,828.51,821.28,813.69,805.78,797.59,789.14,780.49,771.76,763.13,754.71,746.49,738.41,730.4,722.44,714.57,706.77,699.07,691.44,683.9,676.44,669.06,661.76,654.55,647.41,640.34,633.36,626.45,619.61,612.85,606.17,599.55,593.01,586.54,580.14,573.81,567.55,561.36,555.23,549.17,543.18,537.2214412097835,531.3282464293916,525.4996986307757,519.7350886515194,514.0337151085531,508.39488431281745,502.8179101848613,497.30211417136627,491.8468251625864,486.45137941069464,481.11512044902355,475.8373990121931,470.6175729571141,465.4550071848582,460.3490735633854,455.2991508511186,450.30462462135677,445.3648871875177,440.47933752920017,435.6473812190574,430.8684303504732,426.14190346603056,421.4672254867657,416.84382764219794,412.27114740112705,407.74862840318974,403.275720391167,398.85187914403406,394.4765664107449,390.14924984474254,385.86940293918866,381.63650496290296,377.4500408970056,373.3095013722542,369.2143826070697,365.16418634623955,361.15841980029603,357.19659558555736,353.2782316648281,349.40285128874916,345.5699829377914,341.7791602648856,338.02992203868234,334.3218120874327,330.6543792434866,327.0271772883983,323.4397648986353,319.891705591882,316.38256767393244,312.91192418616635,309.47935285360074,306.08443603351105,302.7267606646169,299.40591821682443,296.12150464152035,292.8731203224109,289.66037002690075,286.48286285800435,283.34021220678574,280.23203570531933,277.1579551801671,274.1175966063662,271.11059006192073,268.1365696827937,265.19517361839166,262.2860439875385,259.4088268349315,256.563172088076,253.74873351469105,250.96516868058401,248.21213890798592,245.48930923434438,242.79634837156877,240.13292866572198,237.49872605715473,234.89342004107706,232.31669362856232,229.76823330797893,227.2477290068453,224.7548740541032,222.2893651428048,219.8509022932093,217.4391888162841,215.0539312776067,212.6948394616621,210.36162633653237
67,1909.25,2051.85,1914.03,1955.76,1863.0,1836.06,1786.63,1757.37,1802.98,1819.36,1949.94,1731.08,1700.53,1625.4,1436.88,1819.76,1794.61,1789.96,1525.13,1558.34,1476.09,1564.31,1297.6,1228.06,1310.43,1083.67,1274.57,1267.19,996.67,1076.05,1077.85,1025.56,1153.08,966.39,1052.31,1150.03,1106.73,1041.13,1124.47,992.86,1136.63,1180.15,1125.2,1013.53,1014.92,1011.36,991.82,974.49,959.66,947.19,936.72,927.73,919.64,911.98,904.39,896.61,888.49,880.04,871.3,862.31,853.11,843.75,834.36,825.08,816.0,807.11,798.34,789.66,781.05,772.54,764.11,755.78,747.54,739.39,731.33,723.35,715.46,707.66,699.94,692.31,684.76,677.29,669.9,662.6,655.37,648.22,641.15,634.15,627.24,620.39,613.62,606.93,600.31,593.76,587.2573032613262,580.825822274598,574.4647771044239,568.1733963570514,561.9509170868207,555.7965847036436,549.7096528814959,543.6893834679113,537.735046394467,531.8459195882491,526.0212888842888,520.260447938956,514.5626981443022,508.927348543342,503.35371574626123,497.84112384754366,492.388904344005,486.9963960537246,481.66294503586477,476.3879045113688,471.17063478452684,466.0105031654009,460.9068838931,455.85915805989475,450.8667135361635,445.92894489616054,441.04525334459674,436.21504664402505,431.4377390430204,426.7127512051468,422.03951013870204,417.41744912723203,412.8460076608059,408.32463136804387,403.8527719488894,399.429887108118,395.0554404895738,390.7289016111265,386.44974580034057,382.21745413084926,378.03151335942493,373.89141586373944,369.7966595808048,365.7467479460895,361.74118983330055,357.7794994948254,353.86119650282643,349.98580569097965,346.1528570968527,342.36188590491264,338.6124323901591,334.9040418623736,331.2362646109806,327.6086558505112,324.0207756666652,320.47218896296306,316.96246540798273,313.4911793831739,310.0579099312439,306.66224070510896,303.3037599174043,299.9820602905476,296.6967390073491,293.4473976621621,290.2336422125696,287.055082931599,283.9113343604608,280.8020152618043,277.7267485734858,274.685161362843,271.67688478146965,268.70155402048624,265.75880826630004,262.84829065684994,259.9696482383302,257.1225319223885,254.30659644379233,251.52150031855945,248.76690580254652,246.0424788504915,243.34788907550447,240.68280970900213,238.0469175610811,235.43989298132536,232.8614198200424,230.31118538992462
68,2174.98,2180.37,2070.6,1951.2,2213.48,1818.36,1853.87,1984.32,2297.04,1873.37,1762.8,1990.25,1800.94,1822.39,1820.35,1909.85,1789.17,1733.87,1780.84,1369.27,1455.0,1546.81,1255.27,1413.37,1088.09,1301.35,1138.69,1335.2,1396.01,1219.23,1135.68,1169.48,1263.13,1210.35,1106.17,1130.53,1186.35,1179.69,942.36,1156.07,1274.71,1284.38,1212.79,1205.32,1142.84,1118.83,1096.86,1076.09,1057.64,1041.76,1028.29,1016.84,1006.86,997.78,989.12,980.53,971.76,962.68,953.29,943.64,933.78,923.76,913.64,903.51,893.52,883.71,874.08,864.56,855.15,845.83,836.61,827.49,818.47,809.55,800.72,792.0,783.36,774.82,766.37,758.02,749.75,741.58,733.49,725.49,717.58,709.75,702.01,694.36,686.78,679.29,671.88,664.55,657.31,650.14,643.0383842499424,636.0143409400691,629.0670227303258,622.1955915363314,615.3992184282765,608.6770835309261,602.0283759247146,595.452293547921,588.9480430999132,582.5148399454481,576.1519080200184,569.8584797362322,563.6337958912162,557.4771055750292,551.3876660800771,545.3647428115169,539.407609198639,533.5155466072188,527.6878442528237,521.923799115069,516.2227158528094,510.5839067202567,505.0066914840145,499.49039734101854,494.03435883737393,488.6379177880782,483.3004231976221,478.02123118145676,472.79970488831964,467.63521442340823,462.5271367723933,457.4748557262619,452.4777618069815,447.5352521939762,442.6467306514058,437.8116074562393,433.02929932711436,428.2992293539735,423.62082692846866,418.9935276751268,414.4167733832668,409.89001193965976,405.41269726192576,400.98428923265726,396.60425363426265,392.2720620845211,387.98719197284214,383.74912639722004,379.5573541018785,375.41136941559535,371.3106721907015,367.25476774274574,363.24316679081903,359.2753853985305,355.350944915628,351.4693719202567,347.6301981618481,343.8329605046331,340.0772008717715,336.3624661900929,332.6883083354404,329.05428407861115,325.45995503188794,321.90488759615494,318.38865290859013,314.9108267909304,311.4709896983009,308.0687266686035,304.70362727245816,301.37528556369114,298.08330003036417,294.82727354633795,291.60681332336566,288.4215308637088,285.2710419132713,282.15496641524527,279.0729284642632,276.0245562610508,273.00948206757533,270.02734216268385,267.07777679822584,264.16043015565555,261.2749503031078,258.42098915294315,255.59820241975643,252.8062495788444
69,2235.16,2421.45,2317.83,2389.39,2280.31,2264.26,2302.7,2173.02,2119.41,2128.73,2165.71,1940.55,2251.48,1897.04,2112.47,2115.61,1774.6,1897.59,1784.85,1742.56,1609.83,1837.4,1537.06,1534.46,1283.74,1232.48,1532.07,1267.5,1266.65,1228.62,1241.7,1308.78,1318.39,1182.4,1281.39,1351.8,1328.51,1289.71,1462.1,1428.85,1380.51,1289.25,1347.92,1220.61,1235.51,1234.7,1211.86,1188.56,1166.58,1146.99,1130.04,1115.53,1103.04,1092.01,1081.86,1072.13,1062.46,1052.63,1042.51,1032.11,1021.5,1010.72,999.83,988.89,977.98,967.22,956.63,946.2,935.9,925.7,915.61,905.64,895.77,886.01,876.35,866.8,857.35,848.01,838.77,829.63,820.58,811.64,802.79,794.04,785.38,776.82,768.35,759.97,751.69,743.49,735.38,727.36,719.43,711.58,703.8046749229595,696.1143096256397,688.5079757656113,680.9847551442999,673.5437395961454,666.1840308789731,658.9047405655617,651.7049899363981,644.5839098736013,637.540640756008,630.5743323554028,623.684143733883,616.869243142345,610.1288079200796,603.4620243954641,596.8680877877409,590.3462021098674,583.8955800724289,577.515442988601,571.2050206801501,564.963551384462,558.7902816625847,552.6844663082778,546.6453682580551,540.672258502209,534.7644159968094,528.9211275766613,523.1416878692169,517.4253992094248,511.7715715555127,506.1795224056884,500.6485767157514,495.1780668176055,489.767332338661,484.4157201221174,479.12258414811856,473.8872854557673,468.709192065994,463.58767890526696,458.52212773013684,453.51192705260496,448.5564720663082,443.65516457350907,438.8074129128849,434.0126318881051,429.27024269718913,424.5796728626368,419.94035616232134,415.3517325611378,410.8132481433986,406.32435504596776,401.88451139212526,397.49318122615466,393.149834448645,388.8539467525,384.6049995596462,380.402479958433,376.24588064171644,372.1346998456193,368.0684412889615,364.04661411335053,360.0687328239281,356.13431723076343,352.2428923908873,348.3939885509591,344.5871410905604,340.82189046610904,337.0977821553843,333.4143666026601,329.7711991644364,326.16784005576415,322.60385429715694,319.07881166208205,315.5922866250258,312.1438583101264,308.7331104403677,305.3596312873284,302.02301362148023,298.7228546630294,295.4587560332948,292.2303237066177,289.0371679627973,285.8789033400452,282.7551485884548,279.6655266239784,276.6096644829076
70,2710.6,2672.51,2616.28,2425.3,2489.65,2403.92,2408.65,2437.27,2389.33,2384.47,2456.79,2323.08,2512.8,2227.82,2314.45,2151.9,2125.22,2256.21,2153.77,2020.34,1685.22,1780.44,1649.41,1781.63,1681.39,1681.08,1692.84,1618.65,1455.1,1584.33,1397.04,1588.92,1256.62,1389.5,1518.23,1418.64,1403.82,1484.69,1507.84,1504.64,1364.94,1494.97,1371.59,1397.76,1366.88,1357.8,1335.42,1311.19,1286.6,1263.41,1242.68,1224.64,1209.04,1195.45,1183.3,1172.02,1161.14,1150.32,1139.35,1128.13,1116.67,1105.04,1093.29,1081.47,1069.65,1057.9,1046.31,1034.88,1023.61,1012.46,1001.43,990.53,979.74,969.06,958.51,948.07,937.74,927.52,917.41,907.42,897.53,887.75,878.08,868.51,859.04,849.68,840.42,831.26,822.2,813.24,804.37,795.6,786.93,778.35,769.8705123440441,761.4834017818216,753.1876619403309,744.982297410182,736.8663236261577,728.8387667490746,720.8986635489321,713.0450612893338,705.2770176131686,697.5936004295361,689.9938878019058,682.4769678374921,675.0419385778374,667.6879078905844,660.4139933624297,653.219322193242,646.1030310913346,639.0642661698794,632.1021828444474,625.2159457316673,618.4047285489879,611.6677140155314,605.0040937540275,598.4130681938168,591.8938464749085,585.4456463530864,579.0676941060457,572.7592244405545,566.5194804006256,560.3477132766895,554.2431825157557,548.2051556325539,542.2329081216428,536.3257233704762,530.4828925734163,524.7037146466839,518.9874961442354,513.3335511745553,507.74120131835605,502.2097755471744,496.73861014285416,491.3270486179064,485.97444163673754,480.68014693773483,475.44352925620126,470.2639602481303,465.1408184148097,460.07348902824896,455.0613640574162,450.10384209528183,445.2003282866542,440.3502342568036,435.55297804086234,430.80798401399477,426.1146828223279,421.472511314634,416.8809124747584,412.3393353547823,407.8472350089148,403.40407242810437,399.0093144753627,394.66243382179385,390.3629088833196,386.11022375809426,381.9038681646014,377.7433373804252,373.6281321816883,369.55775878314967,365.5317287789556,361.549559084035,357.6107718761345,353.71489453848363,349.8614596030859,346.05000469462686,342.2800724749935,338.55121058839825,334.8629716071003,331.2149129777187,327.60659696813036,324.0375906149461,320.50746567155926,317.0157985567604,313.5621703039113,310.1461665106733,306.7673772892828,303.4253972173685
71,2800.07,2932.65,2743.71,2770.89,2548.95,2699.15,2628.12,2671.0,2572.91,2411.53,2378.79,2587.22,2455.74,2297.48,2500.12,2301.93,2285.17,2319.27,2300.48,2461.98,2211.1,2074.81,2059.42,1834.53,1854.44,1946.33,1860.35,1843.19,1558.08,1431.42,1653.88,1517.1,1496.84,1600.83,1653.05,1419.35,1435.5,1505.67,1401.04,1599.81,1499.62,1646.95,1566.3,1741.11,1547.7,1488.62,1466.95,1443.14,1417.55,1391.67,1367.28,1345.4,1326.23,1309.5,1294.75,1281.42,1268.92,1256.81,1244.77,1232.6,1220.21,1207.62,1194.9,1182.11,1169.3,1156.54,1143.89,1131.4,1119.07,1106.89,1094.84,1082.92,1071.13,1059.47,1047.93,1036.52,1025.23,1014.07,1003.02,992.1,981.29,970.6,960.03,949.57,939.23,928.99,918.87,908.86,898.96,889.16,879.47,869.89,860.41,851.03,841.7976733496778,832.6655028106305,823.6324018477943,814.6972957132888,805.8591213185446,797.1168271078183,788.4693729330797,779.9157299302562,771.4548803968196,763.085817670701,754.8075460105198,746.6190804771106,738.5194468163373,730.5076813431771,722.5828308270617,714.7439523784642,706.9901133367144,699.3203911590323,691.7338733107646,684.2296571568128,676.8068498542387,669.4645682460348,662.201938756047,655.0180972850384,647.9121891078789,640.8833687718518,633.9307999960616,627.0536555719359,620.2511172648037,613.5223757165435,606.8666303492863,600.2830892701647,593.7709691770932,587.3294952655727,580.9579011365048,574.6554287050068,568.4213281102151,562.2548576260683,556.155283573057,550.1218802309315,544.1539297523569,538.2507220775038,532.4115548495668,526.6357333311983,520.9225703218501,515.2713860760107,509.6815082223299,504.152271683621,498.6830185977308,493.2730982392676,487.9218669421789,482.6286880231687,477.39293170594567,472.21397504629306,467.0912018579513,462.0240026393055,457.0117745008669,452.0539210935424,447.14985253768117,442.29898535289186,437.50074238862044,432.7545527554815,428.0598517573349,423.4160808240985,418.8226874452901,414.27912510429076,409.78485321332045,405.33933704911976,400.9420476893293,396.5924619495587,392.29006232113926,388.034336909551,383.82477937351797,379.6608888647649,375.54216996842615,371.4681326441023,367.4382921675556,363.4521690730379,359.50928909624463,355.609183117887,351.7513871078773,347.93544207011854,344.160893987894,340.42729376984863,336.734197196557,333.08116486767005
72,3100.54,3088.24,3233.0,2777.11,3236.52,2984.7,2736.89,2978.15,2967.16,2676.68,2990.07,2684.62,2728.01,2891.13,2547.48,2694.56,2788.49,2803.46,2505.13,2438.49,2539.61,2337.45,2350.72,2114.21,2132.96,1887.9,2152.06,1917.58,1950.84,1725.29,1805.98,1755.16,1643.06,1747.22,1813.06,1754.67,1636.88,1778.63,1545.94,1834.56,1813.41,1706.46,1563.28,1600.16,1625.26,1630.98,1609.44,1586.25,1560.97,1533.98,1506.8,1481.17,1458.1,1437.75,1419.81,1403.83,1389.22,1375.41,1361.97,1348.61,1335.13,1321.47,1307.67,1293.77,1279.86,1265.98,1252.18,1238.53,1225.04,1211.71,1198.52,1185.48,1172.58,1159.82,1147.2,1134.71,1122.36,1110.14,1098.06,1086.1,1074.28,1062.58,1051.01,1039.57,1028.25,1017.05,1005.97,995.02,984.18,973.46,962.86,952.37,941.99,931.73,921.6359000855866,911.651156801401,901.7745854085684,892.0050140033408,882.3412833780443,872.7822468835344,863.3267702931396,853.97373166808,844.7220212243441,835.570541201007,826.5182057299763,817.5639407071477,808.706683664958,799.9453836463174,791.279001079909,782.7065076568382,774.2268862086186,765.8391305864801,757.542245541985,749.3352466089359,741.2171599865643,733.187022423985,725.2438811059003,717.3867935395455,709.6148274428556,701.9270606338472,694.3225809211959,686.8004859960009,679.3598833247213,671.9998900432729,664.7196328522716,657.5182479134127,650.3948807469718,643.3486861304166,636.3788279981175,629.484479342144,622.6648221141357,615.9190471282379,609.2463539650869,602.6459508768364,596.1170546932129,589.658890728589,583.2706926900621,576.9517025865315,570.7011706387577,564.5183551903979,558.4025226200049,552.3529472539796,546.3689112804653,540.449704664177,534.5946250621514,528.8029777404104,523.0740754915281,517.4072385530901,511.8017945270357,506.2570782998755,500.7724319637718,495.3472047384746,489.98075289410383,484.6724396747672,479.4216352230058,474.22771650505916,469.0900672369384,464.0080778113016,458.9811452251208,454.0086730081328,449.0900711520647,444.2247560406269,439.4121503802639,434.65168313165583,429.94278944196145,425.28491057779615,420.67749385893484,416.11999259273426,411.61186600926476,407.15257919714577,402.74160304007546,398.37841415404887,394.0624948252556,389.79333294865063,385.57042196719044,381.39326081172766,377.26135384155657,373.1742107856031,369.1313466842516,365.13228183180206
73,3449.62,3387.61,3489.38,3287.34,3621.43,3349.81,3145.86,3219.04,3411.01,2882.0,3096.56,3022.21,3087.89,3054.48,2997.74,2842.34,3096.01,2864.58,2911.63,2594.76,2895.87,2639.18,2652.76,2370.86,2369.84,2082.37,2255.53,1873.13,2197.62,2414.41,1942.42,2062.26,2153.72,1911.61,2141.58,1815.13,1962.85,1886.66,1660.94,2070.95,1906.3,1949.93,1857.14,1930.78,1822.53,1791.98,1770.22,1746.99,1722.17,1695.3,1666.81,1638.22,1611.25,1586.87,1565.2,1545.93,1528.56,1512.52,1497.25,1482.33,1467.49,1452.55,1437.48,1422.31,1407.1,1391.91,1376.8,1361.83,1347.01,1332.36,1317.87,1303.54,1289.36,1275.33,1261.46,1247.74,1234.17,1220.74,1207.46,1194.32,1181.32,1168.47,1155.75,1143.17,1130.73,1118.42,1106.25,1094.2,1082.29,1070.51,1058.85,1047.33,1035.92,1024.64,1013.6059560233429,1002.6907343906101,991.8930555392548,981.2116536859589,970.6452766782495,960.1926858477116,949.8526558647827,939.6239745951108,929.5054429574586,919.495874783139,909.5940966769631,899.7989478796866,890.1092801319367,880.5239575396052,871.0418564406903,861.6618652735723,852.3828844467091,843.2038262097333,834.1236145259383,825.1411849461371,816.2554844838802,807.4654714920171,798.7701155405852,790.1683972960168,781.6593084016453,773.2418513594965,764.9150394133568,756.6778964330969,748.5294568002431,740.4687652947805,732.4948769831749,724.6068571076005,716.8037809763616,709.0847338554926,701.448810861526,693.8951168554166,686.422766337605,679.0308833442144,671.7186013443622,664.4850631385804,657.3294207583268,650.2508353665814,643.2484771595108,636.3215252691924,629.469167667387,622.6906010703462,615.9850308446462,609.3516709140341,602.7897436672791,596.298479867015,589.8771185595641,583.5249069857331,577.2411004925693,571.0249624460661,564.8757641448101,558.7927847345571,552.775311123728,546.8226378998156,540.9340672466903,535.1089088627975,529.3464798802346,523.6461047847014,518.0071153363101,512.4288504912502,506.91065632429553,501.4518859521468,496.0518994575988,490.71006381452463,485.42575281366805,480.1983469892341,475.0272335462714,469.91180628883524,464.8514655489252,459.84561811618744,454.8936771683744,449.99506220255313,445.14919896705425,440.35551939415427,435.6134615334824,430.9224694861445,426.28199333955655,421.69148910298003,417.15041864375104,412.6582496241968,408.21445543923056,403.8185151546197
74,3833.04,3883.04,3497.88,3546.67,3656.4,3824.3,3801.61,3446.76,3354.95,3221.87,3121.31,3340.52,3395.41,3183.68,3101.07,3243.58,3276.01,3177.29,3429.07,2929.85,2912.35,2769.49,2908.34,2973.84,2891.98,2498.68,2500.94,2372.37,2256.46,2196.75,2067.01,2191.92,2119.8,1995.77,2176.16,1855.09,2222.11,2238.76,2017.77,2214.09,2189.43,2153.4,2058.71,1883.16,1946.06,1972.86,1951.66,1928.08,1903.07,1876.49,1847.93,1817.84,1787.72,1759.29,1733.48,1710.37,1689.61,1670.71,1653.07,1636.17,1619.6,1603.1,1586.55,1569.89,1553.19,1536.49,1519.87,1503.37,1487.03,1470.87,1454.89,1439.08,1423.44,1407.96,1392.66,1377.52,1362.54,1347.72,1333.07,1318.57,1304.23,1290.05,1276.02,1262.14,1248.41,1234.83,1221.39,1208.1,1194.96,1181.96,1169.1,1156.37,1143.79,1131.34,1119.2042448660104,1107.1986685930813,1095.3218747674189,1083.572481954401,1071.9491235378966,1060.4504475613107,1049.075116570332,1037.8218074573695,1026.6892113076558,1015.6760332470034,1004.7809922911921,994.0028211969736,983.3402663146737,972.7920874423745,962.3570576816632,952.0339632949259,941.821603564174,931.7187906513836,921.7243494603339,911.8371174999273,902.0559447489753,892.3796935224359,882.8072383390843,873.3374657906049,863.9692744120858,854.7015745539037,845.5332882549826,836.4633491174116,827.4907021824091,818.6143038076157,809.8331215457044,801.1461340242935,792.5523308271456,784.0507123766438,775.6402898175253,767.3200849018657,759.0891298752945,750.9464673644316,742.8911502655318,734.9222416343242,727.0388145770321,719.2399521425624,711.524747215852,703.8923024123576,696.3417299736774,688.8721516642927,681.4826986694172,674.1725114939418,666.940739862463,659.7865426203848,652.7090876360807,645.7075517041052,638.7811204494434,631.928988232789,625.1503580568358,618.4444414735772,611.8104584925987,605.2476374903536,598.7552151204129,592.3324362246781,585.9785537455452,579.692828639012,573.474529788717,567.3229339209004,561.2373255202775,555.2169967468147,549.2612473533977,543.3693846043828,537.5407231950229,531.7745851717561,526.0702998533521,520.4272037529006,514.8446405006404,509.3219607676135,503.8585221901397,498.4536892951007,493.1068334260259,487.81733266997094,482.5845717851806,477.4079421295279,472.2868415897204,467.2206745112664,462.2088516291919,457.2507899995011,452.3459129313719,447.493649920079
75,4330.62,4123.04,4359.02,4138.31,3927.02,4092.24,3827.72,3737.55,3776.48,3885.14,3766.43,3626.18,3475.88,3566.37,3828.71,3529.15,3422.73,3267.16,3525.66,3509.95,3455.66,3393.04,3355.42,3109.04,3150.75,2762.66,3034.15,2481.0,2435.72,2554.37,2512.0,2402.84,2498.42,2287.94,2341.84,2234.3,2113.02,2447.89,2181.78,2625.34,2473.48,2390.26,2355.84,2330.83,2207.94,2173.52,2154.37,2131.29,2105.8,2078.89,2050.46,2020.11,1988.31,1956.59,1926.6,1899.23,1874.54,1852.14,1831.53,1812.13,1793.41,1775.0,1756.67,1738.31,1719.89,1701.47,1683.12,1664.88,1646.81,1628.93,1611.24,1593.74,1576.43,1559.31,1542.37,1525.62,1509.04,1492.64,1476.42,1460.38,1444.51,1428.81,1413.28,1397.92,1382.72,1367.69,1352.82,1338.11,1323.56,1309.16,1294.92,1280.84,1266.91,1253.13,1239.6186221026633,1226.2529252860481,1213.0313388016016,1199.952308836745,1187.0142983322683,1174.2157868016932,1161.5552701525855,1149.0312605097913,1136.6422860405814,1124.38689078168,1112.2636344681587,1100.2710923641755,1088.4078550955378,1076.6725284840725,1065.0637333837801,1053.5801055187567,1042.2202953228634,1030.982967781123,1019.866802272829,1008.8704924163443,997.9927459155746,987.2322844080965,976.5878433149227,966.0581716918883,955.6420320826384,945.3382003732008,935.1454656481279,925.0626300481879,915.0885086295918,905.2219292247379,895.4617323044567,885.806770841744,876.2559101769587,866.8080278844785,857.4620136407907,848.2167690940062,839.07120773478,830.0242547686237,821.074846989595,812.2219326553485,803.4644713635339,794.8014339295273,786.2318022654804,777.754569260674,769.3687386631611,761.0733249626868,752.8673532748703,744.7498592266356,736.7198888428769,728.7764984343478,720.9187544867572,713.1457335510618,705.4565221349422,697.8502165954482,690.3259230328015,682.8827571853443,675.5198443256199,668.2363191575738,661.0313257148637,653.9040172602652,646.8535561861627,639.879113916113,632.9798708074701,626.1550160550604,619.4037475958959,612.7252720149148,606.1188044517394,599.5835685084379,593.1187961582817,586.7237276554863,580.3976114459251,574.1397040788064,567.9492701193019,561.8255820621183,555.7679202459998,549.7755727691533,543.8478354055848,537.9840115223376,532.1834119976246,526.4453551398414,520.7691666074528,515.1541793297446,509.5997334284283,504.10517614009143,498.66986173948465,493.29315146363547
76,4405.31,4865.05,4869.31,4160.21,4787.75,4253.28,4145.16,4127.29,4257.25,4031.32,3885.2,4172.34,3913.27,3899.33,3738.59,3926.55,4094.38,3969.17,3983.76,3561.14,3578.58,3559.11,3945.48,3334.12,3404.53,3010.01,3067.87,2856.97,2750.73,2647.1,2533.62,2748.27,2701.32,2506.78,2611.79,2812.91,2580.84,2717.1,2658.29,2816.23,2695.17,2497.84,2408.19,2631.04,2445.37,2397.56,2380.17,2359.14,2334.08,2306.56,2277.64,2247.23,2214.98,2181.36,2147.9,2116.22,2087.16,2060.71,2036.5,2013.98,1992.6,1971.84,1951.38,1930.99,1910.61,1890.22,1869.88,1849.66,1829.61,1809.77,1790.13,1770.71,1751.49,1732.48,1713.67,1695.07,1676.67,1658.47,1640.46,1622.65,1605.03,1587.59,1570.35,1553.29,1536.42,1519.73,1503.22,1486.88,1470.73,1454.74,1438.93,1423.29,1407.82,1392.52,1377.4271669894624,1362.4979177035993,1347.730479139625,1333.12309751145,1318.6740380414024,1304.3815847542032,1290.2440402731793,1276.259725618679,1262.4269800086793,1248.744160661547,1235.2096426009457,1221.8218184628493,1208.5790983046531,1195.4799094163513,1182.5226961337603,1169.705919653769,1157.028057851589,1144.4876050999871,1132.0830720904762,1119.8129856564442,1107.6758885982015,1095.6703395099216,1083.794912608461,1072.0481975640307,1060.4287993327077,1048.935337990757,1037.5664485707512,1026.3207808994684,1015.196999437543,1004.1937831208584,993.3098252036557,982.5438331033446,971.8945282469962,961.3606459194984,950.9409351133587,940.6341583801338,930.4390916834697,920.3545242537343,910.3792584442276,900.5121095889466,890.7519058618958,881.0974881379193,871.5477098550438,862.1014368783119,852.7575473650921,843.5149316318481,834.3724920223526,825.3291427773297,816.3838099055085,807.5354310560771,798.7829553925161,790.1253434678018,781.561567100961,773.0906092549633,764.7114639159375,756.4231359736983,748.224641103565,740.1150056494632,732.0932665082945,724.1584710155556,716.3096768322017,708.5459518327327,700.8663739944942,693.2700312881776,685.7560215695074,678.3234524721018,670.9714413014955,663.69911493031,656.5056096945614,649.3900712910905,642.3516546761065,635.3895239648284,628.5028523322154,621.6908219147732,614.9526237134235,608.2874574974275,601.6945317093503,595.173063371055,588.7222779907162,582.3414094708406,576.0297000172856,569.7864000492629,563.6107681103184,557.5020707802767,551.4595825881389,545.4825859259269
77,5695.83,5308.89,5025.14,4953.04,4888.17,4859.69,4723.78,4119.25,4608.45,4411.57,4437.58,4544.01,4424.37,4233.4,4278.72,4597.5,4318.77,3925.18,4306.96,3908.0,4242.53,3735.03,3958.44,3936.83,3582.01,3455.25,3509.65,3229.45,3243.1,3069.09,2822.81,3040.63,3236.76,3083.15,2821.24,2853.6,3031.16,2869.01,2913.81,3137.75,2909.91,3049.37,2904.82,2784.03,2653.62,2653.7,2633.44,2614.15,2591.08,2563.85,2534.15,2503.04,2470.49,2436.17,2400.57,2365.21,2331.66,2300.7,2272.3,2246.03,2221.36,2197.74,2174.69,2151.91,2129.22,2106.56,2083.96,2061.47,2039.15,2017.05,1995.19,1973.56,1952.16,1930.99,1910.05,1889.34,1868.85,1848.58,1828.52,1808.69,1789.06,1769.65,1750.44,1731.45,1712.65,1694.06,1675.67,1657.48,1639.48,1621.68,1604.07,1586.65,1569.42,1552.37,1535.5379941529857,1518.8884940364571,1502.4195207809935,1486.129116973619,1470.0153464251557,1454.0762939400981,1438.3100650889837,1422.7147859832312,1407.28860305242,1392.0296828239855,1376.9362117053022,1362.0063957681293,1347.2384605353948,1332.6306507702911,1318.1812302676558,1303.888481647617,1289.7507061514743,1275.7662234397933,1261.93337139269,1248.25050591228,1234.71600072727,1221.328247199668,1208.0856541335895,1194.986647586136,1182.0296706803251,1169.2131834200484,1156.5356625070365,1143.995601159807,1131.591508934577,1119.3219115481172,1107.1853507025269,1095.180383911908,1083.3055843309185,1071.559540585187,1059.9408566035631,1048.4481514521876,1037.0800591703642,1025.835228608206,1014.7123232660477,1003.7100211355945,992.8270145427971,982.0620099924271,971.41372801434,960.8809030114044,950.4622831090793,940.156630006624,929.9627188299196,919.8793379858873,909.9052890184852,900.0393864662664,890.2804577214804,880.6273428907052,871.0788946569871,861.6339781434775,852.291470778547,843.0502621623635,833.9092539349153,824.8673596454664,815.9235046234268,807.0766258506228,798.3256718349525,789.6696024854111,781.1073889884717,772.6380136858055,764.2604699533288,755.973762081561,747.7769051572799,739.6689249464607,731.648857778483,723.7157504315949,715.8686600196178,708.1066538798802,700.4288094623665,692.8342142200676,685.3219655005202,677.8911704385233,670.5409458500164,663.2704181271089,656.0787231342483,648.9650061055135,641.9284215430214,634.9681331164371,628.0833135635705,621.2731445920534,614.5368167820812,607.8735294902106
78,5855.64,5768.1,5133.5,5467.69,5595.89,5296.98,4996.65,5033.04,5269.63,5013.2,4987.14,4705.59,5122.94,4844.37,4712.81,5186.28,4491.02,4475.17,4734.03,4433.23,4320.53,4656.3,4330.96,4084.69,3958.04,3974.24,4066.46,3499.75,3476.9,3716.16,3225.5,3270.48,3234.03,3151.83,2965.28,3434.59,3628.53,3366.0,3272.29,3525.47,3429.28,3430.88,3138.27,3141.48,3028.93,2956.4,2925.0,2902.63,2881.2,2855.83,2826.21,2794.08,2760.54,2725.6,2688.96,2651.15,2613.66,2577.99,2544.88,2514.23,2485.61,2458.48,2432.3,2406.64,2381.23,2355.93,2330.7,2305.6,2280.68,2255.99,2231.57,2207.4,2183.5,2159.85,2136.45,2113.3,2090.41,2067.76,2045.35,2023.18,2001.25,1979.56,1958.09,1936.86,1915.86,1895.08,1874.53,1854.2,1834.09,1814.19,1794.5,1775.03,1755.77,1736.72,1717.8793886899364,1699.2431676296173,1680.8091195144398,1662.5750510939795,1644.538792911042,1626.6981990435456,1609.0511468492023,1591.5955367129693,1574.3292917972426,1557.250357794755,1540.3567026841624,1523.646316488274,1507.11721103491,1490.767419720354,1474.594997275367,1458.5980195337447,1442.774583203384,1427.122805639831,1411.6408246222877,1396.3267981320496,1381.178904133344,1366.1953403565485,1351.3743240837596,1336.7140919366882,1322.2128996668553,1307.8690219480661,1293.6807521711323,1279.6464022408227,1265.7643023750177,1252.0328009060406,1238.4502640841458,1225.0150758831376,1211.725637808098,1198.5803687052023,1185.5777045735933,1172.7160983793026,1159.9940198711847,1147.4099553988508,1134.9624077325793,1122.6498958851753,1110.4709549357672,1098.4241358555123,1086.5080053351944,1074.7211456146906,1063.0621543142895,1051.5296442678373,1040.1222433576966,1028.8385943514927,1017.6773547406351,1006.637196580585,995.7168063328612,984.9148847087562,974.2301465147505,963.6613204996007,953.2071492030901,942.8663888064175,932.6378089842094,922.5201927581392,912.5123363521316,902.6130490491418,892.8211530494835,883.1354833306987,873.5548875089431,864.0782257018802,854.7043703930574,845.4322062977581,836.2606302303058,827.1885509728099,818.2148891453344,809.3385770774742,800.5585586813269,791.8737893258409,783.2832357125264,774.7858757525164,766.3806984449593,758.0667037567329,749.8429025034612,741.708316231824,733.6619771031415,725.7029277782225,717.8302213034628,710.0429209981772,702.3401003431557,694.7208428704274,687.1842420542213,679.7294012031086
79,6438.76,6359.0,5992.19,6139.03,6004.6,6168.58,5602.48,5428.95,5953.97,5379.8,5144.12,5343.35,5856.49,5163.1,5718.31,5152.24,5680.53,4891.27,4949.87,5312.06,4778.94,4745.01,4710.0,4213.34,4803.57,4114.11,4153.82,4290.59,3944.96,4249.73,3986.7,3659.92,3445.58,3645.63,3857.38,3376.88,3562.34,3863.45,3868.24,4041.13,3844.63,3628.48,3631.62,3554.31,3378.91,3317.16,3267.65,3233.6,3208.83,3184.95,3156.99,3124.67,3089.8,3053.54,3015.91,2976.67,2936.37,2896.47,2858.41,2822.83,2789.62,2758.31,2728.36,2699.27,2670.65,2642.26,2614.01,2585.91,2558.01,2530.36,2502.99,2475.92,2449.14,2422.65,2396.44,2370.51,2344.86,2319.48,2294.37,2269.54,2244.97,2220.66,2196.61,2172.82,2149.29,2126.0,2102.97,2080.18,2057.64,2035.34,2013.28,1991.46,1969.87,1948.52,1927.3601746279048,1906.4301329941225,1885.727379777191,1865.2494467534273,1844.993892502663,1824.958302117171,1805.1402869137578,1785.5374841489777,1766.147556737444,1746.9681929731935,1727.9971062540849,1709.232034809182,1690.6707414291022,1672.3110131992917,1654.1506612361973,1636.1875204263038,1618.4194491680043,1600.844329116274,1583.4600649301176,1566.2645840227583,1549.2558363145392,1532.43179398851,1515.7904512486646,1499.3298240808085,1483.0479500160188,1466.9428878966755,1451.0127176450328,1435.2555400343035,1419.6694764622296,1404.2526687271102,1389.0032788062656,1373.9194886369019,1358.9994998993602,1344.241533802715,1329.6438308727052,1315.2046507419648,1300.9222719425338,1286.7949917006201,1272.8211257335931,1258.999008049178,1245.3269907468348,1231.8034438212915,1218.4267549682113,1205.1953293919707,1192.1075896155257,1179.1619752923398,1166.3569430203588,1153.690966158001,1141.1625346421495,1128.7701548081188,1116.5123492115774,1104.3876564524041,1092.3946310004555,1080.53184302323,1068.7978782153964,1057.1913376301811,1045.710837512581,1034.3550091343895,1023.1224986310148,1012.0119668400688,1001.02208914171,990.1515553007185,979.3990693102891,968.7633492375169,958.2431270705636,947.8371485674825,937.5441731066852,927.3629735390325,917.2923360415302,907.3310599726166,897.477957729017,887.7318546041578,878.0915886481141,868.5560105290803,859.1239833963441,849.7943827447494,840.5660962806298,831.4380237891995,822.4090770033829,813.4781794740695,804.6442664417777,795.9062847097116,787.2631925181967,778.7139594204799,770.2575661598769,761.8930045482547
80,7542.68,7128.64,7164.68,6653.99,6480.15,6746.26,6381.73,6220.31,6387.0,5983.06,5713.14,5858.87,6394.07,5831.04,6032.46,5951.27,5816.44,5602.39,5609.0,5550.65,5438.27,5347.2,5120.18,5510.39,5031.73,5105.08,4593.48,4683.39,4856.28,4543.11,4326.51,4505.3,4768.48,4151.33,4246.84,4295.62,4132.72,4178.72,3882.46,4689.02,4355.8,4422.98,4173.24,3997.73,3812.54,3741.66,3673.17,3620.18,3583.18,3555.65,3528.94,3498.01,3462.63,3424.68,3385.34,3344.68,3302.51,3259.4,3216.77,3175.99,3137.61,3101.46,3067.07,3033.92,3001.53,2969.56,2937.83,2906.3,2874.99,2843.96,2813.25,2782.88,2752.82,2723.08,2693.67,2664.56,2635.77,2607.28,2579.1,2551.22,2523.63,2496.35,2469.35,2442.64,2416.22,2390.08,2364.22,2338.63,2313.32,2288.28,2263.51,2239.01,2214.76,2190.78,2167.0189488319866,2143.5156084120213,2120.2671836268246,2097.2709096787253,2074.524051756861,2052.0239047119408,2029.7677927345412,2007.753069036885,1985.9771155380756,1964.4373425527444,1943.131188483074,1922.056119514164,1901.209629312697,1880.589238728878,1860.1924955016018,1840.0169739668204,1820.0602747690739,1800.3200245761489,1780.7938757968313,1761.4795063017227,1742.3746191470827,1723.476942301666,1704.7842283765247,1686.2942543577383,1668.0048213420446,1649.913754275337,1632.018901693998,1614.3181354690387,1596.8093505530126,1579.4904647296744,1562.3594183663558,1545.414174169024,1528.6527169399988,1512.073053338298,1495.6732116425799,1479.4512415166582,1463.4052137775616,1447.5332201661051,1431.8333731199543,1416.3038055491475,1400.942670614053,1385.7481415057382,1370.7184112287148,1355.8516923860452,1341.146216966778,1326.6002361356877,1312.2120200252984,1297.9798575301581,1283.9020561033492,1269.976941555202,1256.2028578541958,1242.5781669300143,1229.101248478741,1215.7704997701658,1202.5843354571812,1189.5411873872474,1176.6395044159,1163.877752222283,1151.2544131266795,1138.7679859100242,1126.4169856353715,1114.1999434713014,1102.1154065172398,1090.1619376306733,1078.3381152562388,1066.6425332566666,1055.073800745556,1043.6305419219655,1032.3113959067975,1021.115016580957,1010.040072425265,999.085246362109,988.2492355988112,977.5307514726948,966.9285192978302,956.4412782134461,946.0677810339804,935.8067941007614,925.6570971352958,915.6174830941476,905.6867580253922,895.8637409266267,886.1472636045197,876.5361705358857,867.0293187302649,857.6255775939949
81,8248.68,7966.55,8263.67,7098.95,7921.12,7096.67,6920.6,6768.32,7388.4,6795.1,6801.26,6284.56,6738.88,6733.19,6171.32,6650.41,6125.72,6352.81,6097.26,5866.36,6355.9,6253.35,5668.46,5978.96,5763.46,5220.07,5440.3,5249.48,4966.08,4907.12,4591.88,4653.9,4666.53,4609.97,4673.41,4726.92,4420.68,4661.83,4960.58,5220.06,4937.75,4488.35,4908.82,4683.43,4357.22,4237.73,4154.6,4081.63,4024.79,3984.41,3953.64,3923.6,3889.21,3850.29,3808.77,3765.88,3721.72,3676.17,3629.82,3584.04,3540.09,3498.44,3458.89,3420.93,3384.08,3347.91,3312.13,3276.63,3241.39,3206.47,3171.91,3137.72,3103.89,3070.42,3037.3,3004.54,2972.13,2940.06,2908.33,2876.94,2845.88,2815.16,2784.76,2754.69,2724.93,2695.5,2666.37,2637.56,2609.06,2580.86,2552.96,2525.36,2498.05,2471.04,2444.292153452514,2417.8338397717266,2391.6619249004443,2365.773308706169,2340.164924613879,2314.833739242788,2289.7767520470284,2264.990994960233,2240.4735320439568,2216.2214591399097,2192.2319035259497,2168.5020235758006,2145.029008422457,2121.810077625226,2098.8424808403784,2076.123497495364,2053.650436466552,2031.4206357604583,2009.431462198429,1987.6803111047295,1966.164605998018,1944.8817982861503,1923.829366964295,1903.0048183163135,1882.4056856193715,1862.0295288517505,1841.8739344038195,1821.9365147921387,1802.214908376653,1782.7067790809513,1763.409816115552,1744.3217337041829,1725.4402708130258,1706.7631908828912,1688.288281564291,1670.0133544553812,1651.9362448427382,1634.0548114449446,1616.3669361589473,1598.8705238091634,1581.563501899301,1564.4438203668665,1547.5094513403285,1530.7583888989127,1514.1886488349944,1497.7982684190627,1481.5853061672321,1465.5478416112671,1449.6839750710988,1433.9918274298013,1418.469539911007,1403.115273858728,1387.9272105195644,1372.9035508272655,1358.0425151896286,1343.342343277699,1328.8012938172562,1314.4176443825545,1300.1896911922975,1286.1157489078203,1272.1941504334566,1258.4232467190675,1244.801406564707,1231.3270164274013,1217.9984802300214,1204.8142191722222,1191.772671543431,1178.872292537858,1166.1115540715095,1153.488944601183,1141.002968945421,1128.6521481074021,1116.4350190997504,1104.350134771241,1092.3960636353804,1080.5713897008438,1068.8747123037472,1057.304645941734,1045.85982010986,1034.538879138253,1023.3404820315293,1012.2633023099506,1001.3060278522978,990.4673607404477,979.7460171056304,969.140726976352
82,8475.81,9111.74,8385.51,7704.7,8821.71,8421.68,7693.18,7672.34,8097.37,7297.4,8001.97,7254.67,7566.75,7144.68,7741.62,7411.47,7213.86,7169.51,7507.39,6581.7,6400.53,6921.41,6984.16,6092.12,6742.59,6206.08,5955.01,6175.77,5694.24,5852.99,5218.9,5560.63,5435.06,5226.27,5549.31,5361.52,5227.35,4943.99,4901.7,5703.96,5764.48,5260.17,5335.09,4987.0,4861.5,4809.04,4716.24,4627.82,4550.07,4489.0,4444.77,4410.24,4376.34,4337.94,4294.94,4249.31,4202.34,4154.17,4104.73,4054.64,4005.2,3957.57,3912.13,3868.62,3826.54,3785.44,3744.95,3704.85,3665.08,3625.68,3586.68,3548.09,3509.92,3472.14,3434.77,3397.79,3361.2,3325.01,3289.19,3253.76,3218.7,3184.01,3149.69,3115.74,3082.14,3048.9,3016.02,2983.49,2951.3,2919.45,2887.94,2856.77,2825.93,2795.42,2765.2371553663747,2735.3802024091983,2705.8456223950284,2676.629934583063,2647.729695814924,2619.14150010887,2590.861978258391,2562.887797435137,2535.2156607961356,2507.842307095245,2480.764510298811,2453.979079205465,2427.4828570700347,2401.272721231508,2375.345582745022,2349.6983860178184,2324.3281084491323,2299.231760073973,2274.4063832107436,2249.8490521126705,2225.5568726229963,2201.526981833892,2177.7565477490584,2154.2427689499623,2130.982874265683,2107.9741224463223,2085.213801839938,2062.6992300729667,2040.4277537341018,2018.3967480615754,1996.603616633827,1975.0457910635037,1953.72073069477,1932.6259223038833,1911.7588798030015,1891.117143947192,1870.6982820446,1850.4998876697507,1830.5195803799422,1810.7550054347043,1791.2038335182858,1771.8637604651358,1752.7325069883523,1733.8078184110605,1715.0874644006915,1696.5692387061324,1678.2509588977118,1660.130466109994,1642.20562478735,1624.4743224322754,1606.9344693564276,1589.5839984343472,1572.420864859843,1555.443045905004,1538.6485406818167,1522.0353699063505,1505.6015756654972,1489.345221186223,1473.2643906073133,1457.3571887535836,1441.621740912527,1426.0561926133737,1410.6587094085357,1395.4274766574115,1380.360699312525,1365.4566017079746,1350.7134273501645,1336.1294387107969,1321.7029170220985,1307.4321620742598,1293.3154920150587,1279.3512431516497,1265.5377697544923,1251.8734438633974,1238.3566550956666,1224.9858104563036,1211.759334150275,1198.6756673967989,1185.7332682456356,1172.9306113953667,1160.2661880136318,1147.7385055593086,1135.3460876066126,1123.087473671095,1110.961219037521,1098.9658945896053
83,9767.95,9918.95,9501.15,8077.05,8925.85,9079.46,8886.28,8252.1,8450.7,8812.58,7946.86,7751.2,8782.93,7804.14,7973.38,8715.87,7907.26,7745.87,8254.86,8180.27,7787.03,7167.1,7832.83,7035.78,7044.31,6908.37,6466.59,7049.02,6722.78,6629.96,6115.19,6450.9,6087.73,6389.86,6232.08,6165.37,5885.06,6284.88,5903.31,6482.36,6285.99,6436.9,6101.52,5495.77,5490.61,5458.18,5358.19,5259.67,5165.83,5083.06,5017.42,4968.89,4930.07,4891.73,4848.76,4801.12,4750.84,4699.23,4646.5,4592.63,4538.27,4484.65,4432.79,4382.97,4334.91,4288.11,4242.17,4196.79,4151.84,4107.31,4063.23,4019.63,3976.48,3933.78,3891.53,3849.73,3808.37,3767.45,3726.96,3686.89,3647.25,3608.03,3569.22,3530.82,3492.83,3455.24,3418.05,3381.25,3344.84,3308.82,3273.18,3237.92,3203.03,3168.51,3134.407510501085,3100.672064120237,3067.2997103936464,3034.2865413761197,3001.628691183449,2969.322335539716,2937.363691329461,2905.749016154676,2874.474607896568,2843.5368042820332,2812.9319824548,2782.6565585511903,2752.7069872804423,2723.079761509553,2693.771411852589,2664.7785062644166,2636.0976496388053,2607.7254834108553,2579.658685163707,2551.8939682394807,2524.428081354405,2497.2578082180876,2470.3799671568822,2443.791410741312,2417.489025417503,2391.4697311425775,2365.730481023985,2340.2682609627,2315.08008930027,2290.163016469662,2265.514124649861,2241.1305274241886,2217.009369442304,2193.147826085836,2169.5431031376174,2146.192436454478,2123.093091643561,2100.2423637421207,2077.6375769007686,2055.276084070129,2033.155266690865,2011.272534387041,1989.6253246627891,1968.2111026022344,1947.0273605726559,1926.0716179308374,1905.341420732582,1884.8343414453523,1864.5479786640024,1844.4799568295716,1824.627925951102,1804.9895613304527,1785.5625632900733,1766.3446569037103,1747.3335917300092,1728.5271415489863,1709.923104101333,1691.5193008305314,1673.3135766277403,1655.303799579431,1637.4878607177352,1619.8636737734846,1602.429174931905,1585.1823225909404,1568.1210971221797,1551.2435006343555,1534.547556739388,1518.0313103209485,1501.692827305511,1485.5301944358712,1469.5415190471017,1453.7249288449173,1438.0785716864282,1422.6006153632507,1407.2892473869542,1392.1426747768157,1377.1591238498604,1362.3368400131599,1347.6740875583675,1333.169149458466,1318.8203271666998,1304.6259404176733,1290.5843270305904,1276.6938427146108,1262.9528608763005,1249.3597724291571
84,11659.99,11509.78,10440.35,9329.87,10606.2,10485.13,9947.21,9124.28,9400.12,8823.63,9210.9,8775.25,9464.64,8741.07,9406.9,9238.75,8896.15,9359.72,9039.76,8385.5,8486.48,8120.32,7641.85,7900.82,8358.72,7256.6,7755.54,7709.59,7112.65,7214.74,6776.27,6775.09,6699.45,6911.72,6816.61,6841.83,7020.39,7417.83,6649.71,7401.45,6783.59,6645.99,7140.38,6794.39,6346.44,6186.69,6080.25,5974.48,5870.33,5771.04,5683.14,5612.65,5559.41,5515.77,5472.41,5424.29,5371.45,5315.95,5259.14,5201.28,5142.43,5083.25,5024.88,4968.21,4913.41,4860.16,4808.02,4756.64,4705.81,4655.47,4605.66,4556.36,4507.59,4459.32,4411.56,4364.29,4317.53,4271.25,4225.46,4180.15,4135.32,4090.96,4047.06,4003.63,3960.66,3918.13,3876.06,3834.42,3793.23,3752.47,3712.14,3672.24,3632.75,3593.69,3555.105828000787,3516.935920539935,3479.1758298063646,3441.8211557435616,3404.867545536855,3368.310693106196,3332.1463386043893,3296.3702679207017,3260.978312189811,3225.9663473060186,3191.3302934426833,3157.066114576812,3123.1698180187564,3089.637453946956,3056.465114947682,3023.648935559717,2991.185091823926,2959.069800837665,2927.29932031397,2895.8699481454814,2864.778021973052,2834.019918758981,2803.5920543648367,2773.4908831338066,2743.7128974775355,2714.2546274673973,2685.1126404301563,2656.283540547969,2627.7639684626797,2599.550600884369,2571.640150204099,2544.029364110819,2516.715025212389,2489.6939506606604,2462.9629917805983,2436.519033703368,2410.358995003378,2384.4798273392053,2358.878515098386,2333.552075046015,2308.49755597712,2283.712038372768,2259.1926340598616,2234.936485874592,2210.9407673295023,2187.2026822841276,2163.719464619167,2140.4883779141614,2117.506715128624,2094.7717982866006,2072.2809781646115,2050.031633982948,2028.021173100282,2006.2470307115543,1984.7066695491044,1963.3975795870128,1942.317277748617,1921.4633076171654,1900.8332391495799,1880.4246683932904,1860.2352172061123,1840.2625329791272,1820.5042883625422,1800.958180994493,1781.6219332327544,1762.4932918893376,1743.5700279679315,1724.8499364041663,1706.330835808664,1688.0105682128492,1669.8869988174886,1651.958015743928,1634.2215297880043,1616.6754741765972,1599.3178043267937,1582.146497607642,1565.1595531044584,1548.3549913856696,1531.730854272155,1515.2852046090682,1499.0161260401046,1482.921722784196,1467.0001194146023,1451.2494606403732,1435.6679110901578,1420.253655098335
85,11365.58,12064.49,12229.73,11003.94,11362.09,9950.21,10047.18,11201.73,11495.48,9031.63,9525.08,9805.86,11071.39,9302.66,10145.71,10088.73,9716.37,9631.08,10282.46,10259.57,9120.99,9195.06,9538.14,8382.3,8722.13,8487.94,8480.73,9028.45,8042.85,8248.96,7648.33,8425.99,8344.5,7879.06,8553.06,7690.36,7435.18,7798.45,7554.38,8512.62,7463.41,7775.39,7057.82,6565.12,6901.43,7004.46,6893.12,6781.04,6669.66,6559.95,6455.2,6362.01,6286.37,6227.91,6178.84,6129.79,6075.84,6017.12,5955.74,5893.04,5829.37,5764.86,5700.19,5636.38,5574.17,5513.64,5454.47,5396.26,5338.74,5281.82,5225.49,5169.74,5114.57,5059.97,5005.95,4952.48,4899.57,4847.22,4795.41,4744.14,4693.4,4643.2,4593.52,4544.36,4495.72,4447.58,4399.95,4352.81,4306.18,4260.03,4214.36,4169.18,4124.46,4080.22,4036.508273346565,3993.264833953872,3950.484665022647,3908.1628034989894,3866.2943394986,3824.8744157371643,3783.898226966848,3743.3610194188254,3703.258090251781,3663.5847870063176,3624.3365070652108,3585.508697119448,3547.096852639984,3509.0965173551567,3471.503282733703,3434.3127874733104,3397.520716994653,3361.122802940839,3325.1148226822315,3289.492598826564,3254.2519987343135,3219.3889340392557,3184.899360174166,3150.779275901594,3117.024722849671,3083.631785052885,3050.596588497778,3017.915300673515,2985.5841301272553,2953.5993260243013,2921.95717771295,2890.654014294009,2859.6862041949275,2829.050154748484,2798.7423117759918,2768.7591591749665,2739.0972185112155,2709.7530486152923,2680.723245183275,2652.004440381828,2623.5933024574842,2595.486535350122,2567.6808783105757,2540.1731055223527,2512.960025727391,2486.038481855834,2459.40535065977,2433.057542350896,2406.992000242059,2381.2057003926425,2355.695651257752,2330.4588933411533,2305.492498851936,2280.7935713648494,2256.359245484281,2232.1866865118336,2208.2730901174623,2184.615682014137,2161.211717635989,2138.0584818199036,2115.1532884905323,2092.4934803486644,2070.076428562953,2047.899532464933,2025.9602192473114,2004.255943665487,1982.7841877422702,1961.5424604757643,1940.5282975503771,1919.7392610509294,1899.172939179823,1878.8269459772437,1858.6989210443564,1838.7865292694705,1819.087460557135,1799.5994295601388,1780.3201754143793,1761.247461476575,1742.3790750647834,1723.7128272017035,1705.246552360724,1686.9781082146967,1668.905375387396,1651.0262572076451,1633.3386794660764,1615.8405901744932
86,14292.71,12115.13,12817.21,12419.2,12970.09,11220.84,10923.08,12521.57,11926.63,11726.53,11745.68,10953.14,11581.29,10592.23,11227.36,11370.59,10912.68,10909.72,10656.01,10756.33,10582.17,10427.48,10672.34,9577.26,8675.9,8580.96,9711.16,9661.07,8878.05,9022.09,8402.79,9328.57,9199.22,9197.17,9247.67,8873.95,8937.7,8400.98,8755.99,9015.53,8768.72,8735.9,8286.74,8450.61,8037.71,7919.33,7807.12,7690.56,7573.1,7456.27,7341.03,7230.75,7132.06,7050.86,6986.61,6931.36,6875.81,6815.21,6749.81,6681.72,6612.32,6542.01,6471.02,6400.02,6329.93,6261.32,6194.2,6128.23,6063.13,5998.73,5934.99,5871.9,5809.47,5747.69,5686.54,5626.02,5566.13,5506.86,5448.2,5390.15,5332.7,5275.85,5219.58,5163.91,5108.81,5054.28,5000.32,4946.93,4894.08,4841.79,4790.05,4738.84,4688.17,4638.03,4588.463735829977,4539.427182451772,4490.914678887546,4442.920624657891,4395.43947913528,4348.465760904443,4301.994047129568,4256.01897292826,4210.53523075221,4165.537569774456,4121.020795283219,4076.9797680821944,4033.409403897271,3990.3046727895758,3947.6605985747988,3905.4722582487234,3863.7347814188947,3822.4433497423606,3781.593196369425,3741.1796053933417,3701.197911305889,3661.64349845877,3622.5118005307595,3583.798300000549,3545.498527625229,3507.608061924339,3470.1225286694353,3433.0376003791102,3396.348995819413,3360.052479509606,3324.1438612332017,3288.6189955542295,3253.473781338669,3218.7041612809994,3184.306121435806,3150.2756907543944,3116.6089406263586,3083.3019844260452,3050.3509770638643,3017.7521145423984,2985.5016335172536,2953.5958108626032,2922.030963241374,2890.8034466800304,2859.909656147897,2829.3460251409765,2799.109025270225,2769.1951658542152,2739.6009935161583,2710.323091785234,2681.358080702179,2652.702616429092,2624.3533908634026,2596.3071312559764,2568.5605998332935,2541.1105934236653,2513.953943087449,2487.0875137512135,2460.50820384581,2434.2129449483195,2408.1987014278166,2382.4624700949284,2357.0012798551306,2331.812191365754,2306.892296696657,2282.238718994517,2257.84861215072,2233.719160472792,2209.8475783593435,2186.2311099784915,2162.867028949711,2139.7526380290933,2116.8852687979643,2094.2622813548323,2071.8810640106267,2049.7390329871923,2027.8336321190116,2006.1623325581058,1984.7226324820986,1963.512056805393,1942.528156893439,1921.7685102800522,1901.230720387755,1880.912416251106,1860.8112522429867,1840.924907803812
87,15429.09,15362.06,15835.38,14654.08,14483.52,12986.37,12872.58,12114.58,13428.79,12822.24,12009.93,12853.56,13553.0,11748.24,12079.08,11703.73,12642.53,11566.52,12194.65,12578.56,11596.89,11141.4,11778.67,11724.5,11214.07,9523.22,10683.51,10739.72,9507.47,10659.11,9391.92,10122.82,10278.37,9306.2,9594.31,9809.98,9701.1,9962.4,9729.97,10348.1,10329.2,9617.6,9663.8,9212.51,8993.49,8948.16,8840.39,8723.47,8601.76,8478.87,8356.4,8235.37,8119.18,8014.47,7927.03,7856.08,7793.62,7730.49,7662.15,7588.97,7513.09,7435.91,7357.89,7279.35,7200.96,7123.51,7047.42,6972.62,6898.83,6825.87,6753.66,6682.19,6611.44,6541.42,6472.12,6403.53,6335.64,6268.44,6201.94,6136.12,6070.98,6006.5,5942.7,5879.54,5817.04,5755.19,5693.97,5633.39,5573.43,5514.09,5455.37,5397.25,5339.74,5282.82,5226.498639800978,5170.777734589002,5115.650882775222,5061.111751019602,5007.154073503298,4953.771651208808,4900.958351207779,4848.708105956422,4797.014912598425,4745.872832275314,4695.27598944415,4645.218571202509,4595.694826620661,4546.699066080857,4498.225660623677,4450.269041301332,4402.823698537868,4355.884181496185,4309.445097451817,4263.501111173372,4218.04694430959,4173.077374782927,4128.587236189611,4084.5714172060916,4041.0248610018116,3997.9425646582513,3955.3195785941566,3913.1510059968987,3871.4320022598954,3830.1577744260303,3789.323580637006,3748.924729588569,3708.956579991539,3669.4145400385905,3630.294066876711,3591.5906660852893,3553.2998911597692,3515.4173430008022,3477.9386694088503,3440.859564584176,3404.175768632167,3367.883067073924,3331.9772903620815,3296.454313401775,3261.3100550767285,3226.5404777803856,3192.141586952041,3158.1094306179234,3124.440098937162,3091.1297237526,3058.174478146395,3025.5705760003552,2993.3142715609692,2961.401859009063,2929.829672034057,2898.5940834127505,2867.691504592604,2837.118385279465,2806.8712130296835,2776.9465128465786,2747.34084678121,2718.0508135374025,2689.073048080982,2660.40422125318,2632.0410393881534,2603.9802439345913,2576.218611081347,2548.7529513870663,2521.580109413766,2494.6969633643107,2468.100424723765,2441.787437904561,2415.7549798954547,2390.000059914218,2364.519719064045,2339.311029993606,2314.3710965607397,2289.6970534997226,2265.2860660920883,2241.1353298409576,2217.2420701488377,2193.6035419988575,2170.217029639404,2147.0798462721164,2124.189333743211,2101.5428622380923
88,16975.25,16042.92,15008.3,15265.85,15604.44,14914.47,13955.33,14405.95,14877.39,12757.93,14386.74,13069.61,14365.06,13594.32,12707.64,12734.76,13400.96,12892.05,13517.85,12504.28,13264.86,13543.29,13440.08,12973.08,12948.41,11196.58,9950.11,11764.24,11257.94,11462.75,10996.56,9819.98,11480.79,11227.07,12226.45,11123.4,10527.44,11318.06,10200.06,11741.12,11927.67,11259.21,11570.93,10037.48,10062.12,10105.81,10002.64,9890.91,9769.22,9642.15,9513.53,9385.01,9257.67,9134.97,9023.5,8928.86,8850.07,8779.1,8707.02,8629.6,8547.35,8462.4,8376.17,8289.19,8201.88,8114.87,8028.84,7944.05,7860.39,7777.68,7695.81,7614.77,7534.56,7455.15,7376.55,7298.75,7221.73,7145.5,7070.04,6995.36,6921.43,6848.25,6775.82,6704.13,6633.18,6562.95,6493.43,6424.63,6356.54,6289.14,6222.43,6156.41,6091.07,6026.4,5962.407539161175,5899.094594292781,5836.453949826797,5774.478466815066,5713.161082115693,5652.494807588083,5592.472729296525,5533.088006722235,5474.333871983759,5416.20362906567,5358.690653055434,5301.788389388398,5245.490353100784,5189.790128090623,5134.681366386528,5080.157787424239,5026.21317733085,4972.8413882166315,4920.036337474374,4867.792007086177,4816.102442937597,4764.961754139068,4714.364112354546,4664.303751137267,4614.774965272565,4565.77211012767,4517.289601008404,4469.321912522715,4421.863577950961,4374.909188622896,4328.45339330125,4282.4908975718745,4237.01646324035,4192.024907735014,4147.511103516307,4103.469977492419,4059.896510441115,4016.7857364377155,3974.132742289146,3931.9326669739944,3890.1807010885186,3848.872086298534,3808.0021147971233,3767.5661287680978,3727.5595198551687,3687.9777286367425,3648.816244106302,3610.0706031583,3571.7363900795126,3533.8092360458,3496.2848186241986,3459.1588612803134,3422.4271328909344,3386.085447261826,3350.129662650646,3314.5556812949185,3279.3594489450293,3244.5369544021773,3210.084229061227,3175.997346458424,3142.272421823907,3108.9056116389734,3075.893113198045,3043.2311641752885,3010.916042195835,2978.9440644115516,2947.31158708132,2916.015005155773,2885.0507518664363,2854.415298319238,2824.10515309233,2794.1168618381844,2764.44700688991,2735.092206871755,2706.049116313741,2677.314425270391,2648.8848589435065,2620.757177308949,2592.928174747384,2565.3946796789505,2538.1535542018023,2511.2016937344943,2484.5360266621637,2458.153513986465,2432.0511489792307,2406.2259568397985
89,18026.14,17532.71,17090.83,15072.01,16281.63,17229.16,16911.44,15887.58,14950.47,14038.01,14521.64,15342.03,15331.46,14919.47,14632.2,15138.14,14889.08,14523.97,15217.51,13635.2,14949.31,14091.78,15251.79,13985.86,13486.38,13631.25,13580.14,11789.65,12262.89,12507.42,11711.15,12266.84,12143.6,11781.23,13380.37,12582.04,11893.43,13480.01,12438.86,13155.5,12181.4,12195.24,12300.25,11353.24,11405.78,11426.93,11315.44,11208.94,11092.9,10965.97,10833.0,10697.97,10562.65,10428.18,10298.05,10178.76,10075.66,9987.55,9906.45,9823.79,9735.68,9642.8,9547.27,9450.51,9353.13,9255.63,9158.62,9062.6,8967.74,8873.93,8781.07,8689.15,8598.13,8508.03,8418.84,8330.53,8243.11,8156.57,8070.9,7986.09,7902.13,7819.02,7736.75,7655.31,7574.7,7494.89,7415.9,7337.71,7260.31,7183.69,7107.86,7032.79,6958.49,6884.95,6812.236279512995,6740.290507253219,6669.10457272274,6598.67045108067,6528.980202238523,6460.025969965121,6391.799981000954,6324.2945441819,6257.502049572188,6191.414967606531,6126.025848241306,6061.327320114714,5997.3120897157905,5933.972940562212,5871.302732386773,5809.294400332457,5747.940954156014,5687.235477439944,5627.171126812801,5567.7411311777405,5508.938790949204,5450.757477297675,5393.190631402399,5336.231763712012,5279.874453212963,5224.112346705667,5168.939158088311,5114.348667648211,5060.334721360662,5006.8912301951905,4954.0121694291365,4901.691577968473,4849.92355767582,4798.702272705532,4748.021948845828,4697.876872867856,4648.261391881635,4599.169912698807,4550.596901202103,4502.536881721491,4454.9844364168885,4407.934204667409,4361.3808824670605,4315.319221826812,4269.744030182992,4224.650169811925,4180.032557250746,4135.8861627243505,4092.2060095783713,4048.9871737181656,4006.224783053714,3963.9140169503903,3922.0501056855223,3880.6283299107026,3839.64402011977,3799.0925561224153,3758.9693665233413,3719.269928206927,3679.989765827336,3641.124451304005,3602.6696033224634,3564.6208868404237,3526.974012599093,3489.724736639636,3452.8688598247563,3416.4022273653227,3380.3207283519932,3344.6202952917943,3309.2969036495874,3274.34657139438,3239.7653585504304,3205.5493667530873,3171.6947388093286,3138.197658262936,3105.054348964262,3072.2610746445434,3039.814138494708,3007.7098827486316,2975.9446882707944,2944.5149741482937,2913.417197287166,2882.6478520129704,2852.2034696755914,2822.080618258217,2792.2759019904406,2762.7859609654615
90,16988.63,19246.32,18314.52,17329.22,18652.13,17137.69,16906.82,16823.88,17129.63,15591.28,17032.19,16197.39,15865.75,15358.71,15918.12,16419.23,15931.29,14630.62,16353.85,15676.88,15141.79,16264.56,15936.88,15577.89,14429.63,15444.63,15523.37,14025.21,13204.45,14472.58,12675.19,14061.63,13602.96,13435.83,14579.22,14088.79,13922.18,14927.64,13958.29,14020.2,13821.29,14174.21,12507.91,13103.86,12999.41,12960.43,12816.31,12701.36,12590.87,12469.75,12336.72,12196.89,12054.43,11911.22,11768.46,11629.66,11501.17,11388.02,11288.78,11195.62,11100.43,10999.77,10894.46,10786.64,10677.68,10568.3,10459.04,10350.46,10242.93,10136.52,10031.17,9926.86,9823.57,9721.31,9620.05,9519.8,9420.53,9322.25,9224.94,9128.6,9033.22,8938.79,8845.29,8752.73,8661.09,8570.37,8480.55,8391.64,8303.61,8216.47,8130.2,8044.8,7960.26,7876.57,7795.057201049476,7714.38795917935,7634.553544612741,7555.545317915203,7477.354729059802,7399.973316501849,7323.392706263223,7247.604611026164,7172.600829236443,7098.373244215817,7024.9138232836685,6952.214616887728,6880.2677577438035,6809.065459984406,6738.600018316185,6668.863807186087,6599.84927995614,6531.548968086783,6463.95548032864,6397.061501922663,6330.859793808554,6265.343191841369,6200.504606016245,6136.337019701136,6072.833488877497,6009.987141388821,5947.791176196961,5886.238862646133,5825.323539734557,5765.038615393615,5705.377565774481,5646.33393454213,5587.901332176652,5530.073435281801,5472.843985900693,5416.206790838591,5360.155720992695,5304.684710688874,5249.7877570252485,5195.458919222586,5141.692317981399,5088.482134845711,5035.822611573398,4983.7080495130485,4932.132808987279,4881.0913086824185,4830.578025044518,4780.587491681611,4731.114298772155,4682.153092479599,4633.698574373004,4585.745500853668,4538.288682587678,4491.322983944334,4444.843322440391,4398.844668190043,4353.322043360611,4308.270521633853,4263.6852276728505,4219.561336594423,4175.894073446984,4132.678712693819,4089.910577701693,4047.5850402347737,4005.697519953763,3964.2434839202356,3923.2184461060965,3882.617966908117,3842.437652667493,3802.6731551943785,3763.320171297338,3724.374442317667,3685.831753668533,3647.6879343788887,3609.9388566420976,3572.58043536924,3535.608627747036,3499.0194328003417,3462.808890959182,3426.9730836302506,3391.5081327728585,3356.4102004792617,3321.675488559333,3287.300238129537,3253.280729206153,3219.6132803027094
91,19676.6,19447.44,18891.69,18203.96,19493.47,18060.86,18093.79,19033.0,19369.75,18304.61,17890.82,16795.85,19225.79,16686.71,17525.73,15830.46,17683.82,16993.95,17993.35,17929.1,17620.04,17423.54,17521.61,17492.94,15494.7,16299.17,16604.73,17126.65,14855.41,14701.61,14617.67,15102.03,16527.86,15406.93,15975.92,16016.29,16582.69,17066.39,15194.68,16526.26,15459.65,16277.32,16535.31,14950.76,14812.17,14807.17,14611.05,14463.47,14345.87,14232.31,14107.19,13969.33,13824.12,13675.9,13526.66,13377.68,13232.43,13097.08,12976.28,12868.37,12765.69,12660.66,12550.27,12435.53,12318.49,12200.52,12082.35,11964.56,11847.58,11731.66,11616.81,11503.01,11390.26,11278.54,11167.85,11058.18,10949.52,10841.87,10735.21,10629.55,10524.86,10421.14,10318.39,10216.59,10115.75,10015.84,9916.87,9818.82,9721.7,9625.48,9530.16,9435.75,9342.22,9249.57,9158.214388639291,9067.761073031474,8978.201141434694,8889.525770126063,8801.726222532321,8714.793848369087,8628.7200827886,8543.496445535886,8459.114540113258,8375.566052953065,8292.842752598614,8210.93648889318,8129.83919217703,8049.542872492376,7970.039618796174,7891.321598180708,7813.381055101866,7736.210310615039,7659.801761618572,7584.147880104673,7509.241212417745,7435.074378520012,7361.640071264427,7288.931055674744,7216.94016823271,7145.660316172283,7075.084476780844,7005.205696707286,6936.017091276956,6867.511843813352,6799.683204966521,6732.524492048097,6666.029088372899,6600.190442607034,6535.002068122439,6470.457542357801,6406.550506185784,6343.274663286506,6280.6237795272145,6218.591682348068,6157.172260154007,6096.359461712612,6036.147295557926,5976.5298294001495,5917.501189541176,5859.055560295897,5801.187183419222,5743.890357538757,5687.15943759309,5630.988834275623,5575.373013483891,5520.306495774331,5465.783855822424,5411.799721888182,5358.348775286901,5305.425749865152,5253.025431481943,5201.142657495003,5149.772316252142,5098.909346587642,5048.548737323607,4998.685526776248,4949.314802267047,4900.43169963874,4852.031402776086,4804.109143131371,4756.660199254591,4709.679896328287,4663.16360570696,4617.106744461046,4571.504774925393,4526.353204252193,4481.647583968334,4437.383509537126,4393.556619924345,4350.162597168576,4307.197165955792,4264.656093198139,4222.535187616876,4180.830299329437,4139.537319440576,4098.652179637539,4058.1708517892516,4018.0893475494418,3978.403717963706,3939.110053080442
92,21924.96,19709.52,21663.13,19554.17,23142.96,20370.2,18406.48,20191.13,20227.88,18095.17,19666.67,18643.62,19939.47,17619.02,19256.61,19313.14,19733.33,18710.8,20040.73,18211.2,18084.9,19205.2,21289.66,18499.51,18774.45,17566.85,18248.24,18033.79,18139.34,17031.27,15849.06,17379.63,17953.78,17487.7,16902.67,17654.93,17395.79,18389.03,16265.78,18931.79,17313.75,18101.39,18158.97,16942.38,16841.82,16742.02,16494.15,16293.06,16141.94,16021.25,15904.27,15775.17,15632.89,15482.99,15329.91,15175.7,15021.67,14871.19,14730.04,14602.38,14486.29,14374.51,14260.17,14140.83,14017.62,13892.48,13766.7,13641.02,13515.95,13391.82,13268.73,13146.69,13025.68,12905.72,12786.77,12668.84,12551.93,12436.02,12321.1,12207.18,12094.23,11982.26,11871.26,11761.22,11652.14,11544.0,11436.8,11330.54,11225.2,11120.78,11017.27,10914.67,10812.96,10712.15,10612.561374487357,10513.898603666024,10416.153080057935,10319.316276206959,10223.379743934942,10128.335113604684,10034.174093389758,9940.888468551118,9848.470100720433,9756.910927190085,9666.202960209774,9576.338286289645,9487.309065509906,9399.10753083687,9311.725987445341,9225.15681204731,9139.392452226884,9054.42542578141,8970.24832006871,8886.8537913604,8804.234564201202,8722.383430774235,8641.293250272183,8560.956948274334,8481.367516129381,8402.518010343998,8324.401551977062,8247.011326039532,8170.340580899904,8094.38262769518,8019.13083974733,7944.5786519851645,7870.719560371597,7797.547121336215,7725.054951213136,7653.2367256840935,7582.086179226682,7511.597104567759,7441.763352141902,7372.578829554917,7304.037501052331,7236.13338699282,7168.860563326539,7102.2131610783,7036.185365835554,6970.771417241132,6905.965608490708,6841.762285834923,6778.15584808615,6715.14074612983,6652.711482440375,6590.862610601537,6529.58873483127,6468.884509510986,6408.744638719201,6349.163875769507,6290.137022752849,6231.658930084043,6173.724496052532,6116.328666377294,6059.466433765907,6003.132837477697,5947.32296289097,5892.03194107424,5837.254948361464,5782.987205931216,5729.223979389775,5675.960578358097,5623.192356062607,5570.914708929822,5519.123076184717,5467.812939452843,5416.979822366138,5366.6192901724,5316.726949348391,5267.298447216547,5218.329471565238,5169.815750272566,5121.753050933661,5074.137180491438,5026.963984870789,4980.229348616177,4933.9291945325995,4888.059483329881,4842.616213270289,4797.595419819411
93,22228.65,20686.73,21960.36,22145.33,23977.4,23319.23,18889.14,20424.8,21654.63,21376.14,22147.59,21314.14,21371.61,19967.94,20827.49,20655.97,22736.67,21153.72,22827.7,20608.66,20383.65,22976.86,20429.59,20152.93,20794.82,19750.83,19817.98,19170.23,18883.08,19419.24,17547.41,19311.08,18712.1,17863.2,20525.04,19491.22,19507.79,20987.93,18126.49,21181.86,18821.77,19387.19,19457.71,17592.68,18607.61,18882.41,18601.57,18348.56,18143.66,17989.6,17866.12,17745.95,17613.2,17466.93,17312.84,17155.44,16996.81,16838.29,16683.11,16536.56,16402.22,16277.97,16157.02,16033.4,15905.27,15773.84,15640.95,15507.77,15374.99,15243.03,15112.07,14982.13,14853.22,14725.32,14598.43,14472.55,14347.65,14223.75,14100.83,13978.89,13857.92,13737.92,13618.87,13500.78,13383.63,13267.42,13152.14,13037.8,12924.37,12811.86,12700.26,12589.56,12479.76,12370.85,12263.055212393278,12156.199706746582,12050.275298521306,11945.273874495744,11841.18739214365,11738.007879018238,11635.727432141524,11534.338217399012,11433.83246893964,11334.202488580957,11235.440645219494,11137.53937424625,11040.491176967293,10944.288620029405,10848.924334850719,10754.391017056338,10660.681425918849,10567.788383803727,10475.704775619575,10384.42354827314,10293.937710129088,10204.240330474482,10115.324538987927,10027.183525213348,9939.810538038335,9853.198885177062,9767.341932657675,9682.233104314184,9597.865881282758,9514.233801502414,9431.33045922006,9349.149504499856,9267.684642736838,9186.929634174783,9106.878293428288,9027.524489008998,8948.862142855969,8870.885229870119,8793.587777452745,8716.963865048054,8641.007623689673,8565.713235551131,8491.074933500235,8417.08700065735,8343.743769957506,8271.039623716342,8198.968993199824,8127.526358197696,8056.706246600679,7986.50323398133,7916.911943178563,7847.927043885786,7779.543252242631,7711.755330430241,7644.55808627008,7577.94637282624,7511.9150880112165,7446.459174195117,7381.5736178182715,7317.2534490072285,7253.493741194078,7190.289610739122,7127.636216556795,7065.528759744876,7003.962483216919,6942.9326713378805,6882.434649562929,6822.463784079412,6763.015481451913,6704.0851882704355,6645.668390801629,6587.760614643065,6530.357424380522,6473.454423248258,6417.047252792239,6361.131592536312,6305.703159651274,6250.757708626838,6196.291030946443,6142.298954764911,6088.777344588903,6035.722100960164,5983.1291601415305,5930.994493805665,5879.314108726514,5828.084046473445
94,21565.5,22957.05,21503.81,23979.33,27464.44,24173.39,24256.77,24359.16,23169.58,23223.12,23475.2,22235.04,22343.97,20766.17,23748.68,24580.37,23637.0,23128.19,23150.91,21522.57,21746.71,22379.69,22043.49,23155.54,23079.26,21104.08,23232.97,23848.67,20802.18,20423.65,19493.07,21141.83,20339.44,20942.62,24128.82,22332.75,20207.96,20895.35,19637.61,23533.46,21512.84,21405.46,21974.93,22274.2,21407.28,21194.94,20900.0,20615.23,20359.07,20151.75,19995.61,19869.82,19746.88,19611.01,19461.44,19303.95,19143.06,18980.88,18818.75,18659.7,18508.47,18367.97,18235.92,18106.18,17973.74,17837.41,17698.5,17558.66,17418.93,17279.9,17141.81,17004.71,16868.59,16733.46,16599.3,16466.12,16333.9,16202.64,16072.33,15942.97,15814.56,15687.09,15560.55,15434.94,15310.25,15186.48,15063.63,14941.68,14820.63,14700.48,14581.22,14462.85,14345.36,14228.75,14113.213140592694,13998.614435688187,13884.946267510855,13772.201080141102,13660.371379013073,13549.44973041649,13439.428761002488,13330.301157293487,13222.059665197043,13114.697089523643,13008.206293508414,12902.580198336715,12797.811782673587,12693.894082197023,12590.820189135015,12488.583251806382,12387.176474165311,12286.593115349595,12186.826489232548,12087.86996397856,11989.716961602244,11892.360957531188,11795.795480172234,11700.014110481292,11605.010481536643,11510.77827811571,11417.311236275256,11324.603142935013,11232.647835464657,11141.439201274172,11050.971177407519,10961.237750139604,10872.23295457654,10783.950874259128,10696.385640769568,10609.531433341373,10523.382478472437,10437.933049541254,10353.177466426243,10269.110095128175,10185.725347395664,10103.017680353689,10020.981596135149,9939.611641515392,9858.902407549724,9778.848529213861,9699.444685047287,9620.685596799533,9542.566029079295,9465.080789006437,9388.22472586679,9311.992730769774,9236.379736308785,9161.38071622435,9086.990685070017,9013.20469788095,8940.017849845222,8867.425275977781,8795.422150797043,8724.003688004137,8653.165140164745,8582.901798393514,8513.208992041044,8444.082088383417,8375.516492314238,8307.50764603919,8240.051028773052,8173.142156439195,8106.776581371501,8040.9498920187225,7975.657712651218,7910.895703070097,7846.659558318698,7782.94500839643,7719.747817974931,7657.06378611653,7594.888745994993,7533.218564618544,7472.049142555127,7411.376413659907,7351.196344804972,7291.504935611245,7232.29821818256,7173.572256841904,7115.323147869795,7057.547019244793
95,23847.64,24960.34,23782.16,21292.04,25989.48,23073.54,25187.89,23190.69,24976.91,24052.66,25153.07,25050.88,25042.88,20773.16,24973.09,23241.13,22960.73,23879.2,23229.33,24260.67,24595.74,23930.58,24959.82,25102.84,23738.17,23630.0,23054.97,24517.43,24278.81,22452.8,22190.08,23024.08,23842.04,22567.18,25180.33,22978.56,23618.26,24626.01,23687.21,25056.05,23799.71,24418.52,23642.94,21140.05,23092.87,23647.07,23343.45,23046.88,22760.91,22503.93,22295.91,22138.76,22011.34,21886.27,21748.07,21596.18,21436.38,21273.16,21108.63,20944.11,20782.38,20627.55,20481.82,20342.79,20205.14,20064.91,19921.56,19776.44,19631.0,19486.08,19342.03,19198.92,19056.75,18915.5,18775.18,18635.78,18497.3,18359.74,18223.08,18087.33,17952.48,17818.53,17685.47,17553.3,17422.01,17291.6,17162.07,17033.4,16905.61,16778.68,16652.6,16527.38,16403.01,16279.49,16157.158086147194,16035.745433103351,15915.245133100836,15795.650330280307,15676.954220300639,15559.150049951802,15442.231116770628,15326.190768659484,15211.022403507792,15096.719468816409,14983.275461324822,14870.68392664114,14758.938458874878,14648.032700272493,14537.960340855656,14428.715118062248,14320.290816390054,14212.68126704313,14105.88034758083,13999.881981569473,13894.680138236616,13790.268832127944,13686.642122766723,13583.794114315815,13481.718955242235,13380.410837984236,13279.863998620876,13180.072716544088,13081.0313141332,12982.734156431921,12885.175650827723,12788.350246733657,12692.25243527255,12596.876748963592,12502.21776141124,12408.270086996503,12315.028380570517,12222.487337150433,12130.6416916176,12039.486218417996,11949.015731264924,11859.225082843941,11770.109164519994,11681.662906046777,11593.881275278243,11506.759277882316,11420.291957056734,11334.474393247023,11249.30170386661,11164.769043019025,11080.871601222196,10997.604605134806,10914.96331728472,10832.943035799453,10751.539094138641,10670.746860828554,10590.561739198578,10510.979167119693,10431.994616744914,10353.603594251668,10275.80163958613,10198.584326209459,10121.94726084596,10045.886083233121,9970.396465873537,9895.4741137887,9821.114764274638,9747.314186659385,9674.06818206227,9601.372583155044,9529.223253924754,9457.616089438443,9386.547015609589,9316.011988966316,9246.006996421347,9176.528055043658,9107.571211831895,9039.132543489452,8971.20815620126,8903.794185412251,8836.886795607472,8770.482180093888,8704.576560783775,8639.166187979776,8574.24734016157,8509.816323774121
96,25635.01,26175.25,25595.45,26092.8,26908.15,23057.64,22604.14,26885.25,25712.05,26904.06,25011.67,26220.85,31942.9,26527.33,27126.35,27651.45,25633.48,25530.49,27698.57,27448.61,25452.49,29832.4,28306.2,27293.87,26683.58,25566.05,26861.17,23756.64,23850.01,24017.86,23729.18,27365.42,28998.85,22832.47,24318.0,24544.58,27429.35,28743.39,24691.36,28085.82,26278.71,27118.64,24599.56,23814.25,25639.1,26219.02,25902.57,25599.98,25304.86,25020.58,24765.26,24558.42,24401.48,24273.26,24146.84,24007.29,23854.27,23693.49,23529.34,23363.9,23198.47,23035.52,22878.45,22728.76,22584.06,22439.9,22293.47,22144.82,21995.3,21846.06,21697.6,21550.0,21403.27,21257.4,21112.39,20968.24,20824.94,20682.5,20540.9,20400.14,20260.23,20121.16,19982.92,19845.51,19708.93,19573.17,19438.24,19304.13,19170.83,19038.34,18906.66,18775.79,18645.72,18516.44,18388.455377752205,18261.355378225187,18135.133886955005,18009.784831740555,17885.302182351454,17761.67995023794,17638.912188242793,17516.992990315208,17395.916491226682,17275.676866288853,17156.268331073286,17037.685141133203,16919.921591727118,16802.97201754442,16686.830792432807,16571.49232912764,16456.95107898314,16343.201531705474,16230.238215087653,16118.055694746286,16006.648573860144,15896.011492910531,15786.139129423449,15677.026197713554,15568.667448629869,15461.057669303258,15354.191682895658,15248.064348351027,15142.670560148015,15038.005248054367,14934.063376882987,14830.839946249724,14728.329990332806,14626.528577633951,14525.430810741123,14425.03182609293,14325.326793744654,14226.31091713589,14127.97943285979,14030.32761043393,13933.350752072702,13837.044192461348,13741.403298531512,13646.423469238347,13552.100135339178,13458.428759173694,13365.40483444563,13273.023886006007,13181.28146963783,13090.173171842278,12999.69460962641,12909.841430292274,12820.609311227547,12731.993959697556,12643.991112638776,12556.596536453748,12469.806026807399,12383.615408424806,12298.020534890302,12213.01728844803,12128.601579803833,12044.769347928526,11961.516559862546,11878.83921052192,11796.733322505599,11715.194945904113,11634.220158109549,11553.805063626845,11473.94579388639,11394.638507057918,11315.879387865676,11237.664647404898,11159.990522959513,11082.853277821143,11006.249201109333,10930.174607593026,10854.62583751329,10779.599256407244,10705.091254933208,10631.098248697086,10557.61667807991,10484.643008066612,10412.173728075944,10340.205351791616,10268.734416994557,10197.757485396367
97,31840.8,25347.42,24802.94,24436.65,24137.93,27365.62,22410.87,26443.65,25237.55,26512.97,24864.86,31527.09,28353.19,28414.59,30402.22,25116.76,27973.46,27857.96,29535.1,26931.38,30075.19,31079.57,29916.68,27151.7,31349.99,30000.0,27356.36,30379.75,23583.89,28659.67,26005.83,29582.92,27812.11,27048.28,29318.72,26243.13,28073.48,28453.27,25825.6,28473.37,28864.95,27908.14,27903.25,27444.79,28545.29,28934.76,28608.5,28295.29,27996.42,27705.31,27425.14,27173.62,26969.56,26813.87,26685.56,26558.5,26418.49,26265.43,26104.89,25941.11,25776.12,25611.16,25448.35,25290.4,25138.11,24989.2,24840.21,24689.48,24537.55,24385.6,24234.3,24083.79,23934.07,23785.12,23636.96,23489.58,23342.98,23197.15,23052.09,22907.8,22764.28,22621.53,22479.54,22338.31,22197.84,22058.12,21919.16,21780.96,21643.5,21506.79,21370.82,21235.6,21101.11,20967.37,20835.066567776765,20703.59796596755,20572.95892681922,20443.144215817993,20314.148631479697,20185.967005141356,20058.5942007541,19932.025114677363,19806.254675474374,19681.27784370898,19557.089611743704,19433.685003539096,19311.05907445436,19189.20691104922,19068.12363088706,18947.80438233928,18828.24434439089,18709.43872644736,18591.382768142656,18474.071739148498,18357.500938984835,18241.665696831482,18126.561371340984,18012.183350452648,17898.52705120772,17785.587919565784,17673.361430222263,17561.84308642711,17451.02841980463,17340.912990174427,17231.492385373513,17122.762221079494,17014.71814063492,16907.355814872702,16800.670941942662,16694.65924713916,16589.3164827298,16484.638427785252,16380.620888010113,16277.25969557485,16174.550708948798,16072.489812734219,15971.072917501402,15870.295959624806,15770.154901120239,15670.645729483056,15571.764457527395,15473.5071232264,15375.869789553482,15278.848544324563,15182.43950004132,15086.638793735423,14991.442586813744,14896.847064904556,14802.848437704699,14709.442938827697,14616.626825652858,14524.396379175301,14432.747903856956,14341.67772747847,14251.182200992082,14161.257698375399,14071.900616486124,13983.107374917658,13894.874415855666,13807.198203935499,13720.075226100551,13633.501991461488,13547.475031156371,13461.990898211678,13377.046167404173,13292.637435123672,13208.761319236655,13125.414458950769,13042.593514680138,12960.29516791158,12878.51612107161,12797.253097394343,12716.502840790168,12636.262115715299,12556.527707042127,12477.296419930402,12398.565079699201,12320.330531699743,12242.589641188984,12165.339293203999
98,24956.67,28266.23,24761.9,24569.29,21068.03,29204.69,19387.76,24821.0,27247.35,27571.58,29586.37,30444.75,30308.37,31132.49,31394.28,29874.21,31139.42,27477.64,34924.62,29403.97,29996.98,28291.23,29677.77,28148.56,30825.31,29692.47,28902.01,30377.36,30713.64,27592.01,28055.08,28907.97,30473.07,27237.01,27617.13,30809.4,30449.83,31401.13,27272.73,37818.18,31166.97,27751.36,29704.76,27849.52,30896.46,31812.34,31499.0,31177.81,30870.15,30577.11,30292.06,30017.99,29772.03,29572.09,29418.53,29290.75,29163.69,29024.03,28871.93,28712.76,28550.57,28387.28,28224.08,28062.73,27905.2,27751.73,27600.27,27448.44,27295.59,27142.55,26990.02,26838.18,26687.04,26536.59,26386.84,26237.77,26089.4,25941.71,25794.72,25648.4,25502.78,25357.83,25213.57,25069.99,24927.09,24784.86,24643.31,24502.44,24362.24,24222.71,24083.84,23945.65,23808.13,23671.27,23535.935020022986,23401.3737863133,23267.58187515664,23134.55488813026,23002.288451958386,22870.778218368414,22740.01986394799,22610.00909000285,22480.741622415535,22352.21321150484,22224.41963188613,22097.35668233243,21971.02018563629,21845.405988472485,21720.509961261454,21596.32799803355,21472.85601629404,21350.089956888933,21228.02578387147,21106.65948436951,20985.98706845356,20866.004569005618,20746.70804158877,20628.09356431749,20510.15723772872,20392.895184653687,20276.30355009042,20160.378501077023,20045.116226565675,19930.512937297324,19816.564865677137,19703.268265650626,19590.619412580487,19478.614603124177,19367.250155112146,19256.52240742679,19146.427719882096,19036.962473103973,18928.123068411256,18819.90592769739,18712.30749331283,18605.324227948055,18498.952614517293,18393.189156042885,18288.03037554034,18183.472815904006,18079.513039793434,17976.147629520365,17873.37318693638,17771.186333321184,17669.583709271534,17568.561974590782,17468.117808179086,17368.24790792422,17268.94899059301,17170.21779172341,17072.051065517175,16974.44558473316,16877.398140581205,16780.90554261668,16684.96461863558,16589.57221457022,16494.72519438558,16400.42043997618,16306.654851063598,16213.425345094516,16120.728857139404,16028.562339791757,15936.922763067905,15845.807114307401,15755.212398073993,15665.13563605713,15575.573866974059,15486.524146472479,15397.983547033733,15309.949157876574,15222.418084861465,15135.387450395447,15048.854393337519,14962.816068904594,14877.269648577976,14792.21232001035,14707.641286933362,14623.553769065658,14539.947002021505,14456.818237219892
99,24932.25,29000.0,26730.31,28992.07,25550.66,26720.65,24719.1,32876.71,36744.56,31720.86,24867.32,27137.81,27354.84,25893.46,34739.45,31715.65,28094.42,34943.47,32926.83,27508.24,31632.18,32269.5,30238.29,31975.64,37224.23,32973.81,29763.25,32118.76,34220.53,31346.72,28154.51,30138.64,31564.32,33172.39,32821.8,34084.59,35407.31,32959.71,28137.8,37022.13,32081.22,32893.72,33760.36,29561.2,33366.2,34819.64,34557.28,34250.82,33937.0,33637.02,33351.84,33074.84,32808.86,32570.24,32375.82,32225.36,32098.86,31972.58,31834.25,31684.27,31527.77,31368.52,31208.36,31048.35,30889.92,30734.34,30581.42,30429.49,30277.29,30124.92,29972.95,29821.59,29670.82,29520.64,29371.07,29222.09,29073.71,28925.93,28778.74,28632.14,28486.14,28340.73,28195.92,28051.7,27908.06,27765.02,27622.57,27480.71,27339.43,27198.75,27058.64,26919.13,26780.2,26641.85,26504.888994630586,26368.632081394106,26233.07564067832,26098.21607147876,25964.0497913031,25830.573236075954,25697.78286004421,25565.675135682857,25434.246553601246,25303.49362244989,25173.4128688277,25044.000837189735,24915.25408975538,24787.169206417053,24659.74278464932,24532.971439418536,24406.851803092908,24281.38052535304,24156.554273102927,24032.369730381422,23908.823598274135,23785.91259482582,23663.63345495316,23541.98293035807,23420.957789441374,23300.554817216984,23180.77081522646,23061.60260145409,22943.04701024233,22825.100892207716,22707.7611141572,22591.024559004934,22474.88812568944,22359.34872909125,22244.40329995094,22130.048784787617,22016.282145817775,21903.100360874618,21790.50042332777,21678.4793420034,21567.03414110478,21456.16186013322,21345.85955380942,21236.124291995242,21126.953159615867,21018.34325658235,20910.29169771459,20802.79561266469,20695.85214584069,20589.458456330725,20483.61171782755,20378.30911855346,20273.54786118561,20169.32516278167,20065.638254705947,19962.4843825558,19859.86080608847,19757.764799148317,19656.19364959437,19555.1446592283,19454.615143722724,19354.602432549917,19255.103868910854,19156.116809664647,19057.638625258325,18959.666699656973,18862.198430274253,18765.231227903256,18668.762516647726,18572.78973385363,18477.310330041084,18382.32176883662,18287.821526905827,18193.807093886295,18100.275972320946,18007.22567759168,17914.653737853376,17822.557693968232,17730.93509944044,17639.783520351186,17549.100535293983,17458.883735310395,17369.13072382599,17279.839116586703,17191.006541595496,17102.630639049352
100,39103.87,23236.51,30601.09,30823.12,25396.83,38670.69,26979.47,26740.95,35578.14,22400.0,37668.16,31034.48,33301.8,27663.55,38938.05,37931.03,33858.27,39839.36,31783.6,40506.33,37110.67,37526.65,32979.39,32604.84,44646.92,36317.14,31346.58,34173.06,29132.73,33610.16,31064.41,31130.93,33873.87,28281.19,32708.69,39838.49,38612.37,37111.43,30208.8,39667.13,31967.21,41449.28,31658.09,34211.53,36932.14,37856.6,37683.22,37429.51,37132.5,36828.73,36538.97,36264.11,35997.64,35742.18,35513.14,35326.03,35180.02,35055.94,34931.64,34796.06,34649.81,34497.7,34343.22,34188.04,34033.12,33879.49,33727.87,33577.79,33428.19,33278.7,33129.54,32980.89,32832.73,32685.08,32537.92,32391.26,32245.1,32099.44,31954.28,31809.61,31665.45,31521.78,31378.62,31235.95,31093.78,30952.1,30810.93,30670.25,30530.07,30390.39,30251.2,30112.51,29974.32,29836.62,29702.47002376742,29568.92320620775,29435.97683542796,29303.628211728108,29171.87464754652,29040.7134674052,28910.142007855506,28780.157617424076,28650.757656558962,28521.939497576048,28393.700524605687,28266.038133539583,28138.949731977897,28012.432739176616,27886.484585995146,27761.102714844146,27636.284579633568,27512.027645720995,27388.329389860126,27265.18730014957,27142.598875981825,27020.561627992494,26899.07307800975,26778.130759003998,26657.732215037784,26537.875001215918,26418.556683635834,26299.774839338163,26181.527056257524,26063.81093317356,25946.62407966215,25829.96411604689,25713.828673350763,25598.21539324804,25483.121928016364,25368.545940489115,25254.485104007916,25140.9371023754,25027.899629808187,24915.370390890035,24803.34710052525,24691.82748389227,24580.809276397482,24470.290223629232,24360.26808131203,24250.740615261013,24141.70560133652,24033.160825398994,23925.10408326396,23817.5331806573,23710.445933170693,23603.840166217244,23497.713714987327,23392.064424404627,23286.8901490824,23182.188753279854,23077.958110858843,22974.19610524064,22870.90062936299,22768.0695856373,22665.700885906066,22563.792451400448,22462.342212698066,22361.348109680985,22260.80809149387,22160.720116502336,22061.082152251507,21961.892175424724,21863.148171802473,21764.848136221477,21666.990072533976,21569.57199356719,21472.591921082978,21376.047885737647,21279.93792704199,21184.26009332143,21089.012441676445,20994.193037943063,20899.79995665362,20805.83128099764,20712.28510278292,20619.15952239678,20526.452648767485,20434.16259932585,20342.287499967002,20250.82548501233
101,36749.12,27681.66,27160.49,29378.53,30517.71,31331.59,30548.93,31929.05,31799.16,32586.56,35555.56,32280.7,28660.44,32677.76,41215.32,35942.03,30163.93,30395.14,37673.13,28940.57,28318.58,36210.53,39024.39,36718.75,39004.98,31590.18,41904.76,40776.7,39143.73,41857.04,37356.32,35247.0,35805.63,35436.24,44186.05,36931.08,39724.98,36685.44,31539.04,35316.7,42196.85,39774.47,39705.88,33014.35,40654.52,41567.33,41404.3,41165.74,40886.47,40600.83,40328.37,40069.93,39819.37,39579.16,39363.8,39187.86,39050.57,38933.9,38817.02,38689.53,38552.02,38409.0,38263.74,38117.82,37972.15,37827.7,37685.13,37544.01,37403.35,37262.78,37122.53,36982.75,36843.45,36704.61,36566.24,36428.33,36290.9,36153.94,36017.44,35881.42,35745.86,35610.78,35476.16,35342.01,35208.33,35075.11,34942.37,34810.09,34678.28,34546.94,34416.06,34285.65,34155.71,34026.23,33898.109763939625,33770.4719437945,33643.31472310595,33516.636292254865,33390.43484843598,33264.708595632175,33139.45574458896,33014.67451278898,32890.36312442668,32766.519810382975,32643.14280820015,32520.230362056707,32397.78072274243,32275.792147633456,32154.262900667494,32033.19125231912,31912.575479575135,31792.413865910094,31672.70470126183,31553.446282007146,31434.636910937552,31316.274897235133,31198.358556448464,31080.886210468656,30963.856187505455,30847.266822063477,30731.116454918476,30615.403433093747,30500.12610983661,30385.28284459495,30270.8720029939,30156.891956812553,30043.341083960808,29930.217768456285,29817.520400401307,29705.247375960025,29593.397097335564,29481.967972747294,29370.95841640817,29260.36684850218,29150.191695161848,29040.431388445835,28931.084366316645,28822.149072618362,28713.62395705454,28605.507475166098,28497.798088309395,28390.49426363428,28283.594474062298,28177.097198264983,28071.00092064216,27965.30413130041,27860.00532603158,27755.10300629135,27650.595679177935,27546.481857410836,27442.76005930965,27339.428808773016,27236.486635257585,27133.932073757103,27031.763664781553,26929.9799543364,26828.579493901878,26727.560840412396,26626.922556235986,26526.663209153856,26426.781372339992,26327.27562434087,26228.144549055207,26129.38673571383,26031.000778859587,25932.985278327338,25835.33883922404,25738.060071908905,25641.147591973597,25544.600020222548,25448.41598265333,25352.59411043709,25257.13303989909,25162.03141249928,25067.287874812966,24972.901078511568,24878.869680343407,24785.192342114602,24691.86773067003,24598.894517874338
102,40506.33,33136.09,33684.21,34123.22,34934.5,36514.52,37500.0,37818.18,37966.1,39087.95,30670.93,36994.22,26086.96,35476.72,54976.3,33256.35,38512.04,39024.39,37416.48,43974.63,38989.17,48764.42,44912.28,35955.06,35467.98,42834.65,41087.61,30114.57,38942.98,41434.26,34064.52,28979.14,38222.22,31037.83,48017.15,42190.67,35595.11,40518.26,34739.45,37187.13,28541.45,41155.23,33802.82,40579.71,44796.0,45695.83,45544.32,45322.62,45063.08,44797.62,44544.42,44304.23,44071.37,43848.14,43647.99,43484.49,43356.89,43248.47,43139.85,43021.37,42893.57,42760.65,42625.66,42490.05,42354.67,42220.42,42087.93,41956.78,41826.06,41695.42,41565.08,41435.18,41305.71,41176.68,41048.09,40919.93,40792.21,40664.92,40538.07,40411.66,40285.68,40160.14,40035.03,39910.36,39786.12,39662.32,39538.95,39416.02,39293.53,39171.46,39049.83,38928.64,38807.88,38687.55,38568.54413879281,38449.9043487119,38331.6295036945,38213.71848114171,38096.17016190781,37978.983430289656,37862.157174016116,37745.69028423747,37629.58165551491,37513.830185810024,37398.434776474394,37283.39433223909,37168.707761204336,37054.37397482911,36940.39188792085,36826.76041862508,36713.478488415254,36600.54502208239,36487.958947725,36375.71919673878,36263.82470380658,36152.27440688824,36041.0672472105,35930.202169256976,35819.678120758144,35709.49405268132,35599.64891922075,35490.14167778764,35380.97128900028,35272.136716674184,35163.636927812244,35055.47089259494,34947.63758437053,34840.13597964537,34732.96505807413,34626.12380245014,34519.61119869577,34413.426235852734,34307.56790607253,34202.03520460691,34096.827129798265,33991.9426830702,33887.380868917986,33783.140694899164,33679.2211716241,33575.62131274658,33472.3401349545,33369.37665796048,33266.72990449255,33164.39890028497,33062.38267406885,32960.680257563035,32859.290685464875,32758.21299544105,32657.446228118453,32556.9894270751,32456.84163883101,32357.001912839194,32257.46930147662,32158.2428600352,32059.321646712866,31960.704722604576,31862.39115169346,31764.380000841884,31666.67033978264,31569.261241110064,31472.151780271284,31375.341035557423,31278.828088094844,31182.612021836434,31086.691923552917,30991.066882824176,30895.735992030623,30800.69834634456,30705.953043721627,30611.49918489222,30517.335873352942,30423.462215358115,30329.87731991131,30236.580298756835,30143.57026637138,30050.84633995554,29958.407639425484,29866.25328740459,29774.3824092151,29682.79413286984
103,45454.55,34782.61,38461.54,39024.39,36363.64,38888.89,41025.64,44444.44,42352.94,44198.9,26666.67,29015.54,45283.02,21374.05,49275.36,34449.76,51692.31,38400.0,34920.63,44800.0,39628.48,35443.04,43312.1,45425.87,50136.24,48484.85,52000.0,43243.24,48172.04,41830.07,47863.25,42105.26,37113.4,36000.0,55354.2,50936.33,42857.14,39926.06,39786.86,48669.2,46126.13,42105.26,38731.22,30364.96,49293.66,50179.4,50040.4,49837.0,49598.89,49355.35,49123.05,48902.69,48689.06,48484.26,48300.64,48150.63,48033.57,47934.1,47834.45,47725.75,47608.5,47486.56,47362.71,47238.3,47114.1,46990.93,46869.38,46749.06,46629.13,46509.27,46389.7,46270.52,46151.74,46033.37,45915.39,45797.81,45680.64,45563.86,45447.48,45331.51,45215.93,45100.75,44985.97,44871.6,44757.62,44644.04,44530.86,44418.07,44305.69,44193.71,44082.12,43970.93,43860.14,43749.75,43640.00432705481,43530.533949688,43421.33817732423,43312.41632112045,43203.767693961585,43095.39161045616,42987.287386932,42879.45434143193,42771.89179370941,42664.59906522434,42557.575479138715,42450.82036031235,42344.33303529865,42238.112832340375,42132.15908136533,42026.47111398225,41921.04826347646,41815.88986480577,41710.99525459622,41606.363771137934,41501.99475438091,41397.88754593086,41294.041489045114,41190.45592862838,41087.1302112287,40984.06368503328,40881.2556998644,40778.705607175274,40676.41276004601,40574.376513179515,40472.596222897395,40371.07124713591,40269.80094544195,40168.78467896897,40068.02181047295,39967.51170430839,39867.25372642431,39767.24724436023,39667.49162724218,39567.98624577876,39468.730472257106,39369.723680538984,39270.965246056796,39172.45454580969,39074.1909583596,38976.17386382731,38878.40264388858,38780.87668177022,38683.59536224622,38586.55807163383,38489.76419778975,38393.2131301062,38296.90425950714,38200.83697844434,38105.01068089364,38009.42476235105,37914.07861982901,37818.97165185251,37724.10325845534,37629.47284117632,37535.079803055465,37440.9235486303,37347.00348393201,37253.319016481786,37159.86955528702,37066.654510837616,36973.67329510224,36880.925321524635,36788.41000501993,36696.12676197089,36604.075010224326,36512.254169087326,36420.663659323676,36329.30290315014,36238.17132423287,36147.26834768373,36056.59340005666,35966.14590934414,35875.92530497347,35785.93101780324,35696.16248011973,35606.619125633326,35517.300389474934,35428.20570819243,35339.33451974709,35250.68626351009
104,46153.85,32653.06,31372.55,38095.24,34285.71,39024.39,35555.56,35555.56,42105.26,41666.67,25000.0,35714.29,50793.65,45714.29,33532.93,44137.93,34782.61,29813.66,69767.44,33057.85,50704.23,51231.53,23762.38,32000.0,30769.23,46073.3,53571.43,44444.44,33027.52,27947.6,33460.08,50165.02,36129.03,49162.01,41739.13,45508.98,57337.88,44720.5,54545.45,44609.67,55000.0,46625.77,50602.41,47290.64,54051.63,54922.46,54796.69,54612.66,54397.21,54176.86,53966.68,53767.3,53574.01,53388.7,53222.56,53086.83,52980.92,52890.92,52800.75,52702.4,52596.32,52485.98,52373.93,52261.36,52148.98,52037.54,51927.56,51818.7,51710.18,51601.74,51493.55,51385.72,51278.25,51171.14,51064.4,50958.01,50851.99,50746.33,50641.04,50536.1,50431.53,50327.31,50223.46,50119.97,50016.85,49914.08,49811.67,49709.63,49607.94,49506.62,49405.66,49305.05,49204.81,49104.93,49004.71043336698,48904.695407531304,48804.884505040194,48705.27730929285,48605.87340453871,48506.67237587575,48407.67380924873,48308.877291447454,48210.28241010505,48111.88875369629,48013.695911535804,47915.70347377642,47817.91103140743,47720.318176252884,47622.924500969886,47525.72959904692,47428.733064802094,47331.934493381515,47235.33348075754,47138.929623727134,47042.72251991018,46946.71176774775,46850.89696650053,46755.277716247016,46659.85361788196,46564.624273114656,46469.58928446726,46374.748255273174,46280.100789675336,46185.64649262463,46091.38496987821,45997.31582799781,45903.43867434818,45809.7531170954,45716.25876520525,45622.95522844159,45529.842117364715,45436.91904332974,45344.185618484975,45251.64145577032,45159.28616891561,45067.11937243906,44975.14068164559,44883.349712625306,44791.74608225178,44700.329408180565,44609.099308847544,44518.055403467326,44427.19731203169,44336.524655307985,44246.037054837536,44155.734132934085,44065.6155126822,43975.68081793569,43885.92967331608,43796.361704211005,43706.97653677264,43617.773797916176,43528.75311531822,43439.914117415305,43351.25643340225,43262.779693230696,43174.483527607495,43086.36756799323,42998.431446600625,42910.67479639303,42823.097251082916,42735.69844513029,42648.478013741216,42561.435592866255,42474.570819199,42387.8833301745,42301.37276396779,42215.03875949233,42128.88095639858,42042.8989950724,41957.09251663364,41871.46116293455,41786.004576558385,41700.72240081782,41615.614279753514,41530.67985813264,41445.918781447326,41361.33069591326,41276.915248468176,41192.67208677037
105,61538.46,36363.64,28571.43,48484.85,47058.82,38095.24,32000.0,45283.02,45283.02,44444.44,31372.55,0.0,80000.0,25000.0,57142.86,59259.26,28235.29,38095.24,20512.82,75294.12,22857.14,33802.82,44800.0,35398.23,48484.85,38095.24,46601.94,32786.89,48484.85,39436.62,27586.21,27586.21,41558.44,32989.69,49438.2,41904.76,38787.88,61935.48,35164.84,50574.71,45859.87,44444.44,25000.0,55913.98,58947.28,59802.78,59690.62,59526.51,59334.4,59137.9,58950.47,58772.68,58600.31,58435.07,58286.92,58165.88,58071.44,57991.18,57910.78,57823.08,57728.47,57630.09,57530.16,57429.78,57329.57,57230.2,57132.12,57035.04,56938.28,56841.58,56745.1,56648.94,56553.11,56457.6,56362.41,56267.54,56173.0,56078.78,55984.88,55891.31,55798.05,55705.12,55612.52,55520.23,55428.27,55336.63,55245.31,55154.31,55063.64,54973.28,54883.25,54793.54,54704.15,54615.08,54523.786359908285,54432.64532471472,54341.656639327564,54250.820049081456,54160.13529973674,54069.60213747876,53979.2203089171,53888.989561084934,53798.90964143827,53708.98029785528,53619.20127863558,53529.57233249951,53440.09320858746,53350.76365645914,53261.58342609288,53172.552267884996,53083.66993264897,52994.93617161486,52906.350736428554,52817.91337915108,52729.62385225794,52641.481908638336,52553.48730159461,52465.63978484142,52377.93911250516,52290.385039123175,52202.97731964315,52115.715709422395,52028.59996422714,51941.6298402319,51854.805094018746,51768.12548257664,51681.59076330077,51595.20069399185,51508.955032855454,51422.85353850133,51336.89596994274,51251.08208659576,51165.411648278634,51079.8844152111,50994.50014801367,50909.258607707045,50824.15955571136,50739.202753845595,50654.38796432683,50569.71494976965,50485.18347318544,50400.79329798172,50316.5441879615,50232.43590732262,50148.46822065709,50064.64089295038,49980.95368958088,49897.40637631909,49813.99871932711,49730.730485157874,49647.60144075456,49564.61135344994,49481.759990965664,49399.047121411684,49316.472513285575,49234.03593547189,49151.73715724149,49069.57594825094,48987.55207854182,48905.66531854014,48823.91543905563,48742.302211281145,48660.82540679202,48579.48479754538,48498.2801558796,48417.21125451356,48336.277866546094,48255.479765455304,48174.81672509794,48094.28851970878,48013.89492389998,47933.63571266044,47853.51066135521,47773.51954572483,47693.66214188468,47613.93822632441,47534.34757590729,47454.88996786955,47375.56517981983,47296.372989738484
106,0.0,61538.46,57142.86,57142.86,57142.86,64000.0,50000.0,61538.46,59259.26,50000.0,27586.21,26666.67,100000.0,40000.0,0.0,70588.24,51063.83,93023.26,43243.24,77419.35,63157.89,53333.33,64864.86,72727.27,75675.68,58536.59,45283.02,18181.82,34782.61,32876.71,30000.0,54700.85,40000.0,38834.95,75000.0,42553.19,67289.72,19277.11,41558.44,40404.04,48484.85,62500.0,48979.59,41558.44,63842.94,64683.09,64584.56,64440.37,64271.58,64098.94,63934.27,63778.06,63626.62,63481.44,63351.27,63244.94,63161.96,63091.44,63020.8,62943.75,62860.63,62774.19,62686.39,62598.2,62510.16,62422.85,62336.68,62251.39,62166.37,62081.41,61996.65,61912.16,61827.96,61744.05,61660.42,61577.07,61494.01,61411.22,61328.73,61246.51,61164.58,61082.94,61001.57,60920.49,60839.69,60759.18,60678.95,60599.0,60519.33,60439.95,60360.85,60282.03,60203.49,60125.23,60047.78907887406,59970.44790117139,59893.20633842308,59816.064262325686,59739.02154474103,59662.07805769595,59585.23367338215,59508.48826415592,59431.84170253798,59355.293861213206,59278.84461303049,59202.49383100247,59126.24138830536,59050.087158278715,58974.03101442523,58898.07283041052,58822.21248006293,58746.4498373733,58670.78477649478,58595.21717174262,58519.746897593905,58444.37382868745,58369.0978398235,58293.91880596358,58218.83660223023,58143.85110390686,58068.96218643751,57994.16972542663,57919.47359663891,57844.87367599906,57770.36983959156,57695.96196366054,57621.649924609505,57547.43359900113,57473.31286355712,57399.28759515793,57325.3576708426,57251.52296780855,57177.78336341137,57104.13873516459,57030.58896073954,56957.133917965075,56883.77348482743,56810.507539469974,56737.33596019305,56664.258625453724,56591.27541386562,56518.3862041987,56445.59087537909,56372.88930648884,56300.28137676574,56227.766965603136,56155.3459525497,56083.018217309254,56010.78363974055,55938.64209985709,55866.593477826915,55794.637653972415,55722.77450877012,55651.0039228505,55579.32577699777,55507.739952149714,55436.24632939744,55364.84478998524,55293.53521531032,55222.31748692271,55151.191486524935,55080.157095971925,55009.214197270776,54938.36267258055,54867.60240421209,54796.933274627816,54726.35516644156,54655.86796241831,54585.47154547409,54515.1657986757,54444.950605240556,54374.825848536486,54304.791412081555,54234.847179543845,54164.99303474126,54095.22886164138,54025.5545443612,53955.96996716698,53886.47501447406,53817.069570846645
107,0.0,72727.27,72727.27,72727.27,72727.27,66666.67,61538.46,61538.46,42105.26,57142.86,0.0,0.0,0.0,66666.67,0.0,100000.0,0.0,0.0,42105.26,36363.64,0.0,30769.23,100000.0,57142.86,0.0,0.0,0.0,50000.0,0.0,34042.55,46153.85,64864.86,51612.9,24242.42,32653.06,76190.48,42105.26,36363.64,78873.24,72727.27,47761.19,100000.0,25000.0,0.0,68600.9,69426.15,69340.85,69216.03,69069.91,68920.45,68777.9,68642.67,68511.57,68385.88,68273.2,68181.14,68109.31,68048.26,67987.11,67920.4,67848.45,67773.62,67697.61,67621.27,67545.05,67469.46,67394.87,67321.03,67247.43,67173.88,67100.5,67027.36,66954.47,66881.82,66809.42,66737.27,66665.36,66593.7,66522.28,66451.11,66380.18,66309.5,66239.06,66168.87,66098.92,66029.22,65959.76,65890.55,65821.59,65752.86,65684.38,65616.15,65548.16,65480.41,65393.53835819055,65306.7819673722,65220.14067464361,65133.61432730629,65047.20277286432,64960.905859024126,64874.72343369412,64788.65534498454,64702.70144120712,64616.86157087484,64531.13558270163,64445.523325602175,64360.024648691564,64274.63940128506,64189.36743289786,64104.20859324481,64019.162732240104,63934.22969999708,63849.40934682792,63764.70152324338,63680.106079952566,63595.62286786263,63511.25173807853,63426.99254190274,63342.84513083505,63258.80935657221,63174.88507100777,63091.07212623173,63007.37037453035,62923.77966838584,62840.29986047612,62756.930803674586,62673.67235104978,62590.524355865215,62507.48667157905,62424.55915184386,62341.7416505064,62259.03402160731,62176.43611938085,62093.94779825472,62011.568912849674,61929.29931797939,61847.13886865017,61765.08742006063,61683.144827601514,61601.31094685544,61519.58563359659,61437.96874379049,61356.46013359377,61275.05965935389,61193.76717760888,61112.58254508711,61031.50561870704,60950.536255576895,60869.67431299454,60788.91964844714,60708.27211961089,60627.73158435087,60547.29790072067,60466.97092696223,60386.75052150555,60306.63654296843,60226.62885015628,60146.72730206179,60066.93175786474,59987.24207693174,59907.658118815954,59828.17974325689,59748.80681018015,59669.53917969712,59590.37671210485,59511.31926788566,59432.366707707,59353.518892421176,59274.775683065076,59196.136940859964,59117.60252721121,59039.17230370807,58960.84613212339,58882.62387441345,58804.50539271764,58726.490549358256,58648.57920684024,58570.77122785094,58493.06647525991,58415.46481211859
108,0.0,0.0,0.0,0.0,0.0,0.0,0.0,0.0,0.0,0.0,0.0,0.0,50000.0,0.0,0.0,0.0,0.0,0.0,100000.0,66666.67,76190.48,0.0,0.0,0.0,72727.27,0.0,33333.33,0.0,70588.24,38095.24,34782.61,42105.26,68571.43,88888.89,50000.0,100000.0,80000.0,0.0,100000.0,100000.0,100000.0,0.0,61538.46,88888.89,73098.56,73909.72,73836.93,73730.41,73605.72,73478.18,73356.53,73241.13,73129.25,73022.0,72925.84,72847.28,72785.98,72733.89,72681.71,72624.78,72563.38,72499.52,72434.66,72369.51,72304.47,72239.97,72176.31,72113.3,72050.5,71987.73,71925.11,71862.7,71800.5,71738.51,71676.73,71615.15,71553.79,71492.63,71431.69,71370.95,71310.43,71250.11,71190.0,71130.11,71070.42,71010.94,70951.67,70892.6,70833.75,70775.11,70716.67,70658.44,70600.42,70542.61,70431.9891678109,70321.541804799,70211.26763893999,70101.16639863612,69991.2378127156,69881.48161043179,69771.89752146267,69662.48527591013,69553.24460429928,69444.17523757782,69335.27690711532,69226.54934470267,69117.99228255128,69009.60545329253,68901.3885899771,68793.3414260742,68685.46369547107,68577.75513247223,68470.21547179886,68362.8444485881,68255.64179839246,68148.60725717916,68041.74056132941,67935.04144763785,67828.50965331185,67722.1449159709,67615.94697364589,67509.91556477855,67404.05042822078,67298.35130323397,67192.81792948839,67087.45004706256,66982.2473964426,66877.20971852154,66772.33675459877,66667.62824637935,66563.08393597337,66458.70356589532,66354.48687906352,66250.43361879936,66146.54352882679,66042.8163532716,65939.25183666084,65835.8497239222,65732.60976038333,65629.53169177126,65526.61526421173,65423.86022422863,65321.26631874331,65218.833295074,65116.56090093514,65014.44888443683,64912.49699408415,64810.70497877655,64709.072587807255,64607.59957086262,64506.28567802156,64405.13065975486,64304.13426692463,64203.29625078365,64102.616362974775,64002.094355530324,63901.72998087146,63801.52299180758,63701.473141535724,63601.58018363995,63501.84387209071,63402.263961244294,63302.8402058422,63203.57236101048,63104.460182259245,63005.503425481955,62906.70184695488,62808.055203336466,62709.563251666805,62611.225749366924,62513.04245423828,62415.01312446214,62317.13751859892,62219.41539558775,62121.84651474566,62024.430635767196,61927.167518723705,61830.05692406276,61733.0986126076,61636.292345556554
109,50000.0,50000.0,50000.0,50000.0,50000.0,50000.0,50000.0,0.0,0.0,0.0,0.0,0.0,50000.0,50000.0,50000.0,0.0,0.0,0.0,0.0,0.0,66666.67,50000.0,0.0,100000.0,100000.0,0.0,100000.0,0.0,88888.89,0.0,69565.22,0.0,32000.0,100000.0,0.0,0.0,0.0,66666.67,0.0,0.0,0.0,0.0,0.0,100000.0,77240.04,78038.23,77976.95,77887.29,77782.33,77674.97,77572.57,77475.43,77381.26,77290.98,77210.04,77143.91,77092.31,77048.46,77004.53,76956.62,76904.93,76851.18,76796.58,76741.74,76686.99,76632.7,76579.11,76526.07,76473.21,76420.37,76367.66,76315.13,76262.77,76210.59,76158.58,76106.75,76055.1,76003.62,75952.32,75901.19,75850.24,75799.47,75748.88,75698.46,75648.21,75598.14,75548.25,75498.54,75449.0,75399.63,75350.44,75301.43,75252.59,75203.93,74965.29779415697,74727.42280046585,74490.30261619038,74253.93484621859,74018.31710303845,73783.44700671389,73549.32218486063,73315.94027262238,73083.29891264677,72851.39575506166,72620.22845745138,72389.79468483305,72160.09210963298,71931.11841166325,71702.87127809816,71475.3484034509,71248.54748955034,71022.46624551772,70797.10238774354,70572.45363986453,70348.5177327406,70125.29240443195,69902.77540017624,69680.96447236577,69459.85738052483,69239.45189128703,69019.74577837273,68800.7368225666,68582.42281169517,68364.8015406045,68147.87081113791,67931.62843211375,67716.07221930327,67501.19999540864,67287.00959004079,67073.49883969767,66860.66558774226,66648.50768438091,66437.02298664144,66226.20935835173,66016.06467011795,65806.58679930316,65597.77363000579,65389.62305303833,65182.13296590605,64975.30127278568,64769.12588450424,64563.60471851806,64358.7356988916,64154.51675627658,63950.94582789101,63748.02085749842,63545.73979538702,63344.10059834905,63143.101229660126,62942.73965905866,62743.013862725355,62543.921823262775,62345.46152967495,62147.630977347064,61950.42816802524,61753.85110979629,61557.89781706769,61362.5663105474,61167.85461722401,60973.76077034668,60780.282809405384,60587.418780111024,60395.16673437574,60203.52473029324,60012.49083211911,59822.06311025135,59632.239641210836,59443.01850762192,59254.39779819302,59066.375607697366,58878.9500369537,58692.11919280713,58505.88118811003,58320.2341417029,58135.17617839546,57950.705428947615,57766.820030050665,57583.5181243084,57400.79786021841,57218.657392153335
110,50000.0,50000.0,50000.0,50000.0,50000.0,50000.0,50000.0,50000.0,50000.0,50000.0,50000.0,50000.0,50000.0,50000.0,50000.0,50000.0,0.0,0.0,0.0,100000.0,0.0,50000.0,50000.0,50000.0,50000.0,0.0,50000.0,0.0,0.0,80000.0,66666.67,50000.0,0.0,100000.0,0.0,100000.0,50000.0,0.0,50000.0,0.0,80000.0,50000.0,50000.0,100000.0,80962.43,81748.95,81698.03,81623.52,81536.29,81447.07,81361.97,81281.25,81202.99,81127.96,81060.7,81005.74,80962.86,80926.42,80889.91,80850.09,80807.14,80762.47,80717.1,80671.52,80626.02,80580.91,80536.37,80492.3,80448.36,80404.46,80360.65,80316.99,80273.48,80230.12,80186.9,80143.82,80100.9,80058.12,80015.48,79973.0,79930.66,79888.46,79846.42,79804.52,79762.76,79721.15,79679.69,79638.38,79597.21,79556.18,79515.3,79474.57,79433.98,79393.54,78176.10603233574,76977.34040299754,75796.95684852872,74634.67349508483,73490.21279112269,72363.30144112132,71253.67034031957,70161.05451045411,69085.19303648318,68025.82900428036,66982.70943928386,65955.58524608667,64944.21114895281,63948.34563324593,62967.75088775597,62002.19274791014,61051.44063985485,60115.26752539495,59193.44984777736,58285.76747830606,57392.00366377568,56511.94497471115,55645.38125440108,54792.1055687126,53951.91415667585,53124.606381826125,52309.98468429219,51507.8545336193,50718.02438231558,49940.30562011082,49174.51252891654,48420.46223847685,47677.974682699314,46946.872556655384,46226.98127424025,45518.12892648199,44820.14624048991,44132.86653903244,43456.125700734876,42789.76212088742,42133.61667285422,41487.53267007418,40851.355828644395,40224.934230477455,39608.11828702357,39000.76070354907,38402.716443962636,37813.84269618091,37233.99883802515,36663.04640364091,36100.84905043253,35547.27252650481,35002.184638603794,34465.45522054922,33936.956102151074,33416.561078602695,32904.14588034326,32399.58814338243,31902.76738007995,31413.56495037345,30931.86403344731,30457.54959983608,29990.50838395555,29530.62885705516,29077.80120058506,28631.917279971614,28192.870618795016,27760.556373362902,27334.8713076738,26915.713768764545,26502.983662435716,26096.582429349248,25696.41302149264,25302.37987900403,24914.38890735263,24532.347454869112,24156.164290620494,23785.749582624354,23421.01487639709,23061.87307383109,22708.23841239587,22360.02644465808,22017.154018115598,21679.539255340824,21347.101534428486,21019.76146974324
111,100000.0,100000.0,100000.0,100000.0,100000.0,100000.0,100000.0,100000.0,100000.0,100000.0,100000.0,100000.0,100000.0,100000.0,100000.0,100000.0,100000.0,100000.0,100000.0,100000.0,100000.0,100000.0,100000.0,100000.0,100000.0,100000.0,100000.0,100000.0,100000.0,100000.0,100000.0,100000.0,100000.0,100000.0,100000.0,100000.0,100000.0,100000.0,100000.0,100000.0,100000.0,100000.0,100000.0,100000.0,84236.1,85012.37,84970.55,84909.36,84837.73,84764.47,84694.58,84628.29,84564.03,84502.41,84447.18,84402.05,84366.83,84336.91,84306.93,84274.23,84238.96,84202.27,84165.02,84127.59,84090.23,84053.18,84016.61,83980.41,83944.33,83908.28,83872.3,83836.45,83800.72,83765.11,83729.62,83694.25,83659.0,83623.87,83588.86,83553.97,83519.2,83484.55,83450.02,83415.61,83381.32,83347.15,83313.11,83279.18,83245.37,83211.68,83178.11,83144.66,83111.33,83078.12,82092.50278468472,81118.57867575083,80156.20894922444,79205.25652691681,78265.58595689919,77337.06339420931,76419.55658178672,75512.93483163434,74617.06900620354,73731.83149999996,72857.09622140764,71992.73857472882,71138.63544243666,70294.66516763862,69460.707536748,68636.64376236072,67822.35646633568,67017.72966307546,66222.64874300561,65437.00045624993,64660.67289649926,63893.5554850718,63135.5389551625,62386.515336279255,61646.377938863814,60915.02133909512,60192.34136387288,59478.235075979435,58772.600759417444,58075.33790492178,57386.34719564305,56705.53049300119,56032.79082270669,55368.0323609478,54711.1604207416,54062.08143844689,53420.70296043716,52786.93362993172,52160.68317398296,51541.86239061806,50930.38313613318,50326.15831253854,49729.101855152156,49139.128720341156,48556.15487340815,47980.097276621585,47410.87387738795,46848.40359656437,46292.60631690985,45743.4028716735,45200.715033318185,44664.46550237792,44134.57789644752,43610.97673930275,43093.58745014971,42582.33633300164,42077.15056618179,41577.95819195086,41084.68810625747,40597.27004861021,40115.634592069866,39639.71313336039,39169.437883097155,38704.74185613117,38245.55886200785,37791.823495538934,37343.471127486315,36900.437895356365,36462.660694303486,36030.07716814154,35602.625700461984,35180.24540585733,34762.8761212487,34350.4583973164,33942.93349003195,33540.24335229078,33142.330625644085,32749.138632128757,32360.611366194327,31976.693486725602,31597.33030916,31222.46779769836,30852.052557608207,30486.031827618284,30124.353472403338,29766.965975158055
112,100000.0,100000.0,100000.0,100000.0,100000.0,100000.0,100000.0,100000.0,100000.0,100000.0,100000.0,100000.0,100000.0,100000.0,100000.0,100000.0,100000.0,100000.0,100000.0,100000.0,100000.0,100000.0,100000.0,100000.0,100000.0,100000.0,100000.0,100000.0,100000.0,100000.0,100000.0,100000.0,100000.0,100000.0,100000.0,100000.0,100000.0,100000.0,100000.0,100000.0,100000.0,100000.0,100000.0,100000.0,87060.49,87827.91,87793.95,87744.26,87686.08,87626.58,87569.83,87515.99,87463.79,87413.76,87368.89,87332.25,87303.65,87279.34,87255.0,87228.44,87199.79,87170.0,87139.74,87109.35,87079.0,87048.91,87019.21,86989.82,86960.51,86931.23,86902.02,86872.9,86843.88,86814.96,86786.14,86757.41,86728.78,86700.25,86671.82,86643.48,86615.24,86587.1,86559.06,86531.12,86503.27,86475.52,86447.87,86420.31,86392.86,86365.5,86338.23,86311.07,86284.0,86257.03,86257.03,86257.03,86257.03,86257.03,86257.03,86257.03,86257.03,86257.03,86257.03,86257.03,86257.03,86257.03,86257.03,86257.03,86257.03,86257.03,86257.03,86257.03,86257.03,86257.03,86257.03,86257.03,86257.03,86257.03,86257.03,86257.03,86257.03,86257.03,86257.03,86257.03,86257.03,86257.03,86257.03,86257.03,86257.03,86257.03,86257.03,86257.03,86257.03,86257.03,86257.03,86257.03,86257.03,86257.03,86257.03,86257.03,86257.03,86257.03,86257.03,86257.03,86257.03,86257.03,86257.03,86257.03,86257.03,86257.03,86257.03,86257.03,86257.03,86257.03,86257.03,86257.03,86257.03,86257.03,86257.03,86257.03,86257.03,86257.03,86257.03,86257.03,86257.03,86257.03,86257.03,86257.03,86257.03,86257.03,86257.03,86257.03,86257.03,86257.03,86257.03,86257.03,86257.03,86257.03,86257.03,86257.03
113,100000.0,100000.0,100000.0,100000.0,100000.0,100000.0,100000.0,100000.0,100000.0,100000.0,100000.0,100000.0,100000.0,100000.0,100000.0,100000.0,100000.0,100000.0,100000.0,100000.0,100000.0,100000.0,100000.0,100000.0,100000.0,100000.0,100000.0,100000.0,100000.0,100000.0,100000.0,100000.0,100000.0,100000.0,100000.0,100000.0,100000.0,100000.0,100000.0,100000.0,100000.0,100000.0,100000.0,100000.0,89457.24,90217.16,90189.86,90149.92,90103.17,90055.35,90009.73,89966.46,89924.51,89884.3,89848.24,89818.79,89795.8,89776.27,89756.7,89735.36,89712.33,89688.39,89664.07,89639.64,89615.25,89591.07,89567.2,89543.57,89520.02,89496.49,89473.01,89449.61,89426.28,89403.04,89379.87,89356.79,89333.78,89310.85,89287.99,89265.22,89242.53,89219.91,89197.37,89174.91,89152.53,89130.23,89108.0,89085.86,89063.79,89041.8,89019.89,88998.06,88976.3,88954.62,88954.62,88954.62,88954.62,88954.62,88954.62,88954.62,88954.62,88954.62,88954.62,88954.62,88954.62,88954.62,88954.62,88954.62,88954.62,88954.62,88954.62,88954.62,88954.62,88954.62,88954.62,88954.62,88954.62,88954.62,88954.62,88954.62,88954.62,88954.62,88954.62,88954.62,88954.62,88954.62,88954.62,88954.62,88954.62,88954.62,88954.62,88954.62,88954.62,88954.62,88954.62,88954.62,88954.62,88954.62,88954.62,88954.62,88954.62,88954.62,88954.62,88954.62,88954.62,88954.62,88954.62,88954.62,88954.62,88954.62,88954.62,88954.62,88954.62,88954.62,88954.62,88954.62,88954.62,88954.62,88954.62,88954.62,88954.62,88954.62,88954.62,88954.62,88954.62,88954.62,88954.62,88954.62,88954.62,88954.62,88954.62,88954.62,88954.62,88954.62,88954.62,88954.62,88954.62,88954.62,88954.62,88954.62
114,100000.0,100000.0,100000.0,100000.0,100000.0,100000.0,100000.0,100000.0,100000.0,100000.0,100000.0,100000.0,100000.0,100000.0,100000.0,100000.0,100000.0,100000.0,100000.0,100000.0,100000.0,100000.0,100000.0,100000.0,100000.0,100000.0,100000.0,100000.0,100000.0,100000.0,100000.0,100000.0,100000.0,100000.0,100000.0,100000.0,100000.0,100000.0,100000.0,100000.0,100000.0,100000.0,100000.0,100000.0,91462.7,92216.33,92194.62,92162.84,92125.64,92087.59,92051.3,92016.87,91983.49,91951.5,91922.81,91899.37,91881.08,91865.54,91849.97,91832.99,91814.67,91795.62,91776.27,91756.83,91737.43,91718.19,91699.2,91680.4,91661.66,91642.94,91624.25,91605.63,91587.08,91568.58,91550.15,91531.78,91513.47,91495.23,91477.05,91458.93,91440.87,91422.88,91404.94,91387.08,91369.27,91351.52,91333.84,91316.22,91298.66,91281.17,91263.73,91246.36,91229.05,91211.8,91211.8,91211.8,91211.8,91211.8,91211.8,91211.8,91211.8,91211.8,91211.8,91211.8,91211.8,91211.8,91211.8,91211.8,91211.8,91211.8,91211.8,91211.8,91211.8,91211.8,91211.8,91211.8,91211.8,91211.8,91211.8,91211.8,91211.8,91211.8,91211.8,91211.8,91211.8,91211.8,91211.8,91211.8,91211.8,91211.8,91211.8,91211.8,91211.8,91211.8,91211.8,91211.8,91211.8,91211.8,91211.8,91211.8,91211.8,91211.8,91211.8,91211.8,91211.8,91211.8,91211.8,91211.8,91211.8,91211.8,91211.8,91211.8,91211.8,91211.8,91211.8,91211.8,91211.8,91211.8,91211.8,91211.8,91211.8,91211.8,91211.8,91211.8,91211.8,91211.8,91211.8,91211.8,91211.8,91211.8,91211.8,91211.8,91211.8,91211.8,91211.8,91211.8,91211.8,91211.8,91211.8,91211.8
115,100000.0,100000.0,100000.0,100000.0,100000.0,100000.0,100000.0,100000.0,100000.0,100000.0,100000.0,100000.0,100000.0,100000.0,100000.0,100000.0,100000.0,100000.0,100000.0,100000.0,100000.0,100000.0,100000.0,100000.0,100000.0,100000.0,100000.0,100000.0,100000.0,100000.0,100000.0,100000.0,100000.0,100000.0,100000.0,100000.0,100000.0,100000.0,100000.0,100000.0,100000.0,100000.0,100000.0,100000.0,93121.08,93869.52,93852.42,93827.39,93798.09,93768.12,93739.54,93712.42,93686.13,93660.93,93638.34,93619.88,93605.48,93593.23,93580.97,93567.6,93553.17,93538.16,93522.92,93507.62,93492.33,93477.18,93462.22,93447.41,93432.66,93417.91,93403.19,93388.53,93373.91,93359.35,93344.83,93330.36,93315.94,93301.57,93287.25,93272.98,93258.76,93244.59,93230.47,93216.39,93202.37,93188.39,93174.46,93160.58,93146.76,93132.98,93119.24,93105.56,93091.93,93078.35,93078.35,93078.35,93078.35,93078.35,93078.35,93078.35,93078.35,93078.35,93078.35,93078.35,93078.35,93078.35,93078.35,93078.35,93078.35,93078.35,93078.35,93078.35,93078.35,93078.35,93078.35,93078.35,93078.35,93078.35,93078.35,93078.35,93078.35,93078.35,93078.35,93078.35,93078.35,93078.35,93078.35,93078.35,93078.35,93078.35,93078.35,93078.35,93078.35,93078.35,93078.35,93078.35,93078.35,93078.35,93078.35,93078.35,93078.35,93078.35,93078.35,93078.35,93078.35,93078.35,93078.35,93078.35,93078.35,93078.35,93078.35,93078.35,93078.35,93078.35,93078.35,93078.35,93078.35,93078.35,93078.35,93078.35,93078.35,93078.35,93078.35,93078.35,93078.35,93078.35,93078.35,93078.35,93078.35,93078.35,93078.35,93078.35,93078.35,93078.35,93078.35,93078.35,93078.35,93078.35,93078.35,93078.35
116,100000.0,100000.0,100000.0,100000.0,100000.0,100000.0,100000.0,100000.0,100000.0,100000.0,100000.0,100000.0,100000.0,100000.0,100000.0,100000.0,100000.0,100000.0,100000.0,100000.0,100000.0,100000.0,100000.0,100000.0,100000.0,100000.0,100000.0,100000.0,100000.0,100000.0,100000.0,100000.0,100000.0,100000.0,100000.0,100000.0,100000.0,100000.0,100000.0,100000.0,100000.0,100000.0,100000.0,100000.0,94479.15,95223.33,95210.0,95190.5,95167.67,95144.32,95122.05,95100.92,95080.44,95060.8,95043.2,95028.82,95017.59,95008.06,94998.5,94988.08,94976.84,94965.15,94953.27,94941.34,94929.44,94917.63,94905.97,94894.44,94882.94,94871.45,94859.98,94848.56,94837.17,94825.82,94814.51,94803.23,94792.0,94780.8,94769.65,94758.53,94747.44,94736.4,94725.4,94714.43,94703.5,94692.61,94681.76,94670.95,94660.17,94649.44,94638.74,94628.08,94617.46,94606.87,94606.87,94606.87,94606.87,94606.87,94606.87,94606.87,94606.87,94606.87,94606.87,94606.87,94606.87,94606.87,94606.87,94606.87,94606.87,94606.87,94606.87,94606.87,94606.87,94606.87,94606.87,94606.87,94606.87,94606.87,94606.87,94606.87,94606.87,94606.87,94606.87,94606.87,94606.87,94606.87,94606.87,94606.87,94606.87,94606.87,94606.87,94606.87,94606.87,94606.87,94606.87,94606.87,94606.87,94606.87,94606.87,94606.87,94606.87,94606.87,94606.87,94606.87,94606.87,94606.87,94606.87,94606.87,94606.87,94606.87,94606.87,94606.87,94606.87,94606.87,94606.87,94606.87,94606.87,94606.87,94606.87,94606.87,94606.87,94606.87,94606.87,94606.87,94606.87,94606.87,94606.87,94606.87,94606.87,94606.87,94606.87,94606.87,94606.87,94606.87,94606.87,94606.87,94606.87,94606.87,94606.87,94606.87
117,100000.0,100000.0,100000.0,100000.0,100000.0,100000.0,100000.0,100000.0,100000.0,100000.0,100000.0,100000.0,100000.0,100000.0,100000.0,100000.0,100000.0,100000.0,100000.0,100000.0,100000.0,100000.0,100000.0,100000.0,100000.0,100000.0,100000.0,100000.0,100000.0,100000.0,100000.0,100000.0,100000.0,100000.0,100000.0,100000.0,100000.0,100000.0,100000.0,100000.0,100000.0,100000.0,100000.0,100000.0,95582.42,96323.14,96312.89,96297.87,96280.3,96262.33,96245.18,96228.92,96213.15,96198.04,96184.49,96173.42,96164.78,96157.44,96150.08,96142.06,96133.41,96124.41,96115.27,96106.09,96096.92,96087.83,96078.86,96069.98,96061.13,96052.28,96043.46,96034.66,96025.9,96017.16,96008.45,95999.77,95991.13,95982.51,95973.92,95965.36,95956.83,95948.33,95939.86,95931.42,95923.01,95914.62,95906.27,95897.95,95889.65,95881.39,95873.15,95864.95,95856.77,95848.62,95848.62,95848.62,95848.62,95848.62,95848.62,95848.62,95848.62,95848.62,95848.62,95848.62,95848.62,95848.62,95848.62,95848.62,95848.62,95848.62,95848.62,95848.62,95848.62,95848.62,95848.62,95848.62,95848.62,95848.62,95848.62,95848.62,95848.62,95848.62,95848.62,95848.62,95848.62,95848.62,95848.62,95848.62,95848.62,95848.62,95848.62,95848.62,95848.62,95848.62,95848.62,95848.62,95848.62,95848.62,95848.62,95848.62,95848.62,95848.62,95848.62,95848.62,95848.62,95848.62,95848.62,95848.62,95848.62,95848.62,95848.62,95848.62,95848.62,95848.62,95848.62,95848.62,95848.62,95848.62,95848.62,95848.62,95848.62,95848.62,95848.62,95848.62,95848.62,95848.62,95848.62,95848.62,95848.62,95848.62,95848.62,95848.62,95848.62,95848.62,95848.62,95848.62,95848.62,95848.62,95848.62,95848.62
118,100000.0,100000.0,100000.0,100000.0,100000.0,100000.0,100000.0,100000.0,100000.0,100000.0,100000.0,100000.0,100000.0,100000.0,100000.0,100000.0,100000.0,100000.0,100000.0,100000.0,100000.0,100000.0,100000.0,100000.0,100000.0,100000.0,100000.0,100000.0,100000.0,100000.0,100000.0,100000.0,100000.0,100000.0,100000.0,100000.0,100000.0,100000.0,100000.0,100000.0,100000.0,100000.0,100000.0,100000.0,96472.89,97210.83,97203.05,97191.66,97178.33,97164.7,97151.69,97139.35,97127.39,97115.93,97105.65,97097.25,97090.7,97085.13,97079.55,97073.46,97066.9,97060.07,97053.14,97046.17,97039.22,97032.33,97025.52,97018.78,97012.07,97005.36,96998.67,96991.99,96985.34,96978.72,96972.11,96965.53,96958.97,96952.43,96945.92,96939.42,96932.95,96926.5,96920.08,96913.68,96907.29,96900.94,96894.6,96888.29,96881.99,96875.72,96869.48,96863.25,96857.05,96850.87,96850.87,96850.87,96850.87,96850.87,96850.87,96850.87,96850.87,96850.87,96850.87,96850.87,96850.87,96850.87,96850.87,96850.87,96850.87,96850.87,96850.87,96850.87,96850.87,96850.87,96850.87,96850.87,96850.87,96850.87,96850.87,96850.87,96850.87,96850.87,96850.87,96850.87,96850.87,96850.87,96850.87,96850.87,96850.87,96850.87,96850.87,96850.87,96850.87,96850.87,96850.87,96850.87,96850.87,96850.87,96850.87,96850.87,96850.87,96850.87,96850.87,96850.87,96850.87,96850.87,96850.87,96850.87,96850.87,96850.87,96850.87,96850.87,96850.87,96850.87,96850.87,96850.87,96850.87,96850.87,96850.87,96850.87,96850.87,96850.87,96850.87,96850.87,96850.87,96850.87,96850.87,96850.87,96850.87,96850.87,96850.87,96850.87,96850.87,96850.87,96850.87,96850.87,96850.87,96850.87,96850.87,96850.87
119,100000.0,100000.0,100000.0,100000.0,100000.0,100000.0,100000.0,100000.0,100000.0,100000.0,100000.0,100000.0,100000.0,100000.0,100000.0,100000.0,100000.0,100000.0,100000.0,100000.0,100000.0,100000.0,100000.0,100000.0,100000.0,100000.0,100000.0,100000.0,100000.0,100000.0,100000.0,100000.0,100000.0,100000.0,100000.0,100000.0,100000.0,100000.0,100000.0,100000.0,100000.0,100000.0,100000.0,100000.0,97187.85,97923.55,97917.75,97909.28,97899.35,97889.2,97879.52,97870.34,97861.43,97852.9,97845.24,97838.99,97834.11,97829.97,97825.81,97821.28,97816.4,97811.31,97806.15,97800.97,97795.79,97790.66,97785.59,97780.58,97775.58,97770.58,97765.6,97760.63,97755.68,97750.75,97745.83,97740.93,97736.05,97731.18,97726.33,97721.49,97716.68,97711.88,97707.09,97702.33,97697.58,97692.84,97688.12,97683.42,97678.74,97674.07,97669.42,97664.79,97660.17,97655.57,97655.57,97655.57,97655.57,97655.57,97655.57,97655.57,97655.57,97655.57,97655.57,97655.57,97655.57,97655.57,97655.57,97655.57,97655.57,97655.57,97655.57,97655.57,97655.57,97655.57,97655.57,97655.57,97655.57,97655.57,97655.57,97655.57,97655.57,97655.57,97655.57,97655.57,97655.57,97655.57,97655.57,97655.57,97655.57,97655.57,97655.57,97655.57,97655.57,97655.57,97655.57,97655.57,97655.57,97655.57,97655.57,97655.57,97655.57,97655.57,97655.57,97655.57,97655.57,97655.57,97655.57,97655.57,97655.57,97655.57,97655.57,97655.57,97655.57,97655.57,97655.57,97655.57,97655.57,97655.57,97655.57,97655.57,97655.57,97655.57,97655.57,97655.57,97655.57,97655.57,97655.57,97655.57,97655.57,97655.57,97655.57,97655.57,97655.57,97655.57,97655.57,97655.57,97655.57,97655.57,97655.57,97655.57
120,100000.0,100000.0,100000.0,100000.0,100000.0,100000.0,100000.0,100000.0,100000.0,100000.0,100000.0,100000.0,100000.0,100000.0,100000.0,100000.0,100000.0,100000.0,100000.0,100000.0,100000.0,100000.0,100000.0,100000.0,100000.0,100000.0,100000.0,100000.0,100000.0,100000.0,100000.0,100000.0,100000.0,100000.0,100000.0,100000.0,100000.0,100000.0,100000.0,100000.0,100000.0,100000.0,100000.0,100000.0,97759.47,98493.38,98489.18,98483.02,98475.82,98468.46,98461.43,98454.77,98448.31,98442.12,98436.56,98432.03,98428.49,98425.48,98422.47,98419.18,98415.63,98411.94,98408.2,98404.44,98400.68,98396.96,98393.28,98389.64,98386.02,98382.39,98378.77,98375.17,98371.58,98368.0,98364.43,98360.88,98357.33,98353.8,98350.28,98346.77,98343.28,98339.8,98336.33,98332.87,98329.42,98325.98,98322.56,98319.15,98315.75,98312.37,98308.99,98305.63,98302.28,98298.94,98298.94,98298.94,98298.94,98298.94,98298.94,98298.94,98298.94,98298.94,98298.94,98298.94,98298.94,98298.94,98298.94,98298.94,98298.94,98298.94,98298.94,98298.94,98298.94,98298.94,98298.94,98298.94,98298.94,98298.94,98298.94,98298.94,98298.94,98298.94,98298.94,98298.94,98298.94,98298.94,98298.94,98298.94,98298.94,98298.94,98298.94,98298.94,98298.94,98298.94,98298.94,98298.94,98298.94,98298.94,98298.94,98298.94,98298.94,98298.94,98298.94,98298.94,98298.94,98298.94,98298.94,98298.94,98298.94,98298.94,98298.94,98298.94,98298.94,98298.94,98298.94,98298.94,98298.94,98298.94,98298.94,98298.94,98298.94,98298.94,98298.94,98298.94,98298.94,98298.94,98298.94,98298.94,98298.94,98298.94,98298.94,98298.94,98298.94,98298.94,98298.94,98298.94,98298.94,98298.94,98298.94,98298.94
121,100000.0,100000.0,100000.0,100000.0,100000.0,100000.0,100000.0,100000.0,100000.0,100000.0,100000.0,100000.0,100000.0,100000.0,100000.0,100000.0,100000.0,100000.0,100000.0,100000.0,100000.0,100000.0,100000.0,100000.0,100000.0,100000.0,100000.0,100000.0,100000.0,100000.0,100000.0,100000.0,100000.0,100000.0,100000.0,100000.0,100000.0,100000.0,100000.0,100000.0,100000.0,100000.0,100000.0,100000.0,98214.96,98947.43,98944.5,98940.2,98935.17,98930.02,98925.12,98920.46,98915.95,98911.62,98907.74,98904.57,98902.1,98900.0,98897.89,98895.6,98893.12,98890.54,98887.93,98885.3,98882.67,98880.07,98877.5,98874.96,98872.43,98869.9,98867.37,98864.85,98862.34,98859.84,98857.35,98854.86,98852.39,98849.92,98847.46,98845.01,98842.57,98840.14,98837.71,98835.3,98832.89,98830.49,98828.1,98825.71,98823.34,98820.97,98818.62,98816.27,98813.93,98811.59,98811.59,98811.59,98811.59,98811.59,98811.59,98811.59,98811.59,98811.59,98811.59,98811.59,98811.59,98811.59,98811.59,98811.59,98811.59,98811.59,98811.59,98811.59,98811.59,98811.59,98811.59,98811.59,98811.59,98811.59,98811.59,98811.59,98811.59,98811.59,98811.59,98811.59,98811.59,98811.59,98811.59,98811.59,98811.59,98811.59,98811.59,98811.59,98811.59,98811.59,98811.59,98811.59,98811.59,98811.59,98811.59,98811.59,98811.59,98811.59,98811.59,98811.59,98811.59,98811.59,98811.59,98811.59,98811.59,98811.59,98811.59,98811.59,98811.59,98811.59,98811.59,98811.59,98811.59,98811.59,98811.59,98811.59,98811.59,98811.59,98811.59,98811.59,98811.59,98811.59,98811.59,98811.59,98811.59,98811.59,98811.59,98811.59,98811.59,98811.59,98811.59,98811.59,98811.59,98811.59,98811.59,98811.59
122,100000.0,100000.0,100000.0,100000.0,100000.0,100000.0,100000.0,100000.0,100000.0,100000.0,100000.0,100000.0,100000.0,100000.0,100000.0,100000.0,100000.0,100000.0,100000.0,100000.0,100000.0,100000.0,100000.0,100000.0,100000.0,100000.0,100000.0,100000.0,100000.0,100000.0,100000.0,100000.0,100000.0,100000.0,100000.0,100000.0,100000.0,100000.0,100000.0,100000.0,100000.0,100000.0,100000.0,100000.0,98576.92,99308.27,99306.34,99303.51,99300.21,99296.82,99293.6,99290.54,99287.57,99284.73,99282.18,99280.1,99278.47,99277.09,99275.71,99274.2,99272.57,99270.88,99269.16,99267.43,99265.71,99264.0,99262.31,99260.64,99258.97,99257.31,99255.65,99253.99,99252.34,99250.7,99249.06,99247.43,99245.8,99244.18,99242.57,99240.96,99239.35,99237.75,99236.16,99234.57,99232.99,99231.41,99229.84,99228.27,99226.71,99225.16,99223.61,99222.06,99220.53,99218.99,99218.99,99218.99,99218.99,99218.99,99218.99,99218.99,99218.99,99218.99,99218.99,99218.99,99218.99,99218.99,99218.99,99218.99,99218.99,99218.99,99218.99,99218.99,99218.99,99218.99,99218.99,99218.99,99218.99,99218.99,99218.99,99218.99,99218.99,99218.99,99218.99,99218.99,99218.99,99218.99,99218.99,99218.99,99218.99,99218.99,99218.99,99218.99,99218.99,99218.99,99218.99,99218.99,99218.99,99218.99,99218.99,99218.99,99218.99,99218.99,99218.99,99218.99,99218.99,99218.99,99218.99,99218.99,99218.99,99218.99,99218.99,99218.99,99218.99,99218.99,99218.99,99218.99,99218.99,99218.99,99218.99,99218.99,99218.99,99218.99,99218.99,99218.99,99218.99,99218.99,99218.99,99218.99,99218.99,99218.99,99218.99,99218.99,99218.99,99218.99,99218.99,99218.99,99218.99,99218.99,99218.99,99218.99
123,100000.0,100000.0,100000.0,100000.0,100000.0,100000.0,100000.0,100000.0,100000.0,100000.0,100000.0,100000.0,100000.0,100000.0,100000.0,100000.0,100000.0,100000.0,100000.0,100000.0,100000.0,100000.0,100000.0,100000.0,100000.0,100000.0,100000.0,100000.0,100000.0,100000.0,100000.0,100000.0,100000.0,100000.0,100000.0,100000.0,100000.0,100000.0,100000.0,100000.0,100000.0,100000.0,100000.0,100000.0,98863.96,99594.4,99593.27,99591.61,99589.68,99587.69,99585.8,99584.01,99582.27,99580.6,99579.11,99577.88,99576.93,99576.12,99575.31,99574.43,99573.47,99572.48,99571.47,99570.46,99569.45,99568.44,99567.45,99566.47,99565.5,99564.52,99563.55,99562.58,99561.61,99560.65,99559.69,99558.73,99557.78,99556.83,99555.88,99554.93,99553.99,99553.06,99552.12,99551.19,99550.26,99549.34,99548.42,99547.5,99546.58,99545.67,99544.76,99543.86,99542.95,99542.06,99542.06,99542.06,99542.06,99542.06,99542.06,99542.06,99542.06,99542.06,99542.06,99542.06,99542.06,99542.06,99542.06,99542.06,99542.06,99542.06,99542.06,99542.06,99542.06,99542.06,99542.06,99542.06,99542.06,99542.06,99542.06,99542.06,99542.06,99542.06,99542.06,99542.06,99542.06,99542.06,99542.06,99542.06,99542.06,99542.06,99542.06,99542.06,99542.06,99542.06,99542.06,99542.06,99542.06,99542.06,99542.06,99542.06,99542.06,99542.06,99542.06,99542.06,99542.06,99542.06,99542.06,99542.06,99542.06,99542.06,99542.06,99542.06,99542.06,99542.06,99542.06,99542.06,99542.06,99542.06,99542.06,99542.06,99542.06,99542.06,99542.06,99542.06,99542.06,99542.06,99542.06,99542.06,99542.06,99542.06,99542.06,99542.06,99542.06,99542.06,99542.06,99542.06,99542.06,99542.06,99542.06,99542.06
124,100000.0,100000.0,100000.0,100000.0,100000.0,100000.0,100000.0,100000.0,100000.0,100000.0,100000.0,100000.0,100000.0,100000.0,100000.0,100000.0,100000.0,100000.0,100000.0,100000.0,100000.0,100000.0,100000.0,100000.0,100000.0,100000.0,100000.0,100000.0,100000.0,100000.0,100000.0,100000.0,100000.0,100000.0,100000.0,100000.0,100000.0,100000.0,100000.0,100000.0,100000.0,100000.0,100000.0,100000.0,99091.18,99820.92,99820.42,99819.69,99818.83,99817.96,99817.12,99816.33,99815.56,99814.83,99814.17,99813.63,99813.21,99812.85,99812.49,99812.1,99811.68,99811.24,99810.79,99810.35,99809.9,99809.46,99809.02,99808.59,99808.16,99807.73,99807.3,99806.87,99806.44,99806.02,99805.59,99805.17,99804.75,99804.33,99803.91,99803.49,99803.08,99802.66,99802.25,99801.84,99801.43,99801.02,99800.62,99800.21,99799.81,99799.4,99799.0,99798.6,99798.2,99797.81,99797.81,99797.81,99797.81,99797.81,99797.81,99797.81,99797.81,99797.81,99797.81,99797.81,99797.81,99797.81,99797.81,99797.81,99797.81,99797.81,99797.81,99797.81,99797.81,99797.81,99797.81,99797.81,99797.81,99797.81,99797.81,99797.81,99797.81,99797.81,99797.81,99797.81,99797.81,99797.81,99797.81,99797.81,99797.81,99797.81,99797.81,99797.81,99797.81,99797.81,99797.81,99797.81,99797.81,99797.81,99797.81,99797.81,99797.81,99797.81,99797.81,99797.81,99797.81,99797.81,99797.81,99797.81,99797.81,99797.81,99797.81,99797.81,99797.81,99797.81,99797.81,99797.81,99797.81,99797.81,99797.81,99797.81,99797.81,99797.81,99797.81,99797.81,99797.81,99797.81,99797.81,99797.81,99797.81,99797.81,99797.81,99797.81,99797.81,99797.81,99797.81,99797.81,99797.81,99797.81,99797.81,99797.81
125,100000.0,100000.0,100000.0,100000.0,100000.0,100000.0,100000.0,100000.0,100000.0,100000.0,100000.0,100000.0,100000.0,100000.0,100000.0,100000.0,100000.0,100000.0,100000.0,100000.0,100000.0,100000.0,100000.0,100000.0,100000.0,100000.0,100000.0,100000.0,100000.0,100000.0,100000.0,100000.0,100000.0,100000.0,100000.0,100000.0,100000.0,100000.0,100000.0,100000.0,100000.0,100000.0,100000.0,100000.0,100000.0,100000.0,100000.0,100000.0,100000.0,100000.0,100000.0,100000.0,100000.0,100000.0,100000.0,100000.0,100000.0,100000.0,100000.0,100000.0,100000.0,100000.0,100000.0,100000.0,100000.0,100000.0,100000.0,100000.0,100000.0,100000.0,100000.0,100000.0,100000.0,100000.0,100000.0,100000.0,100000.0,100000.0,100000.0,100000.0,100000.0,100000.0,100000.0,100000.0,100000.0,100000.0,100000.0,100000.0,100000.0,100000.0,100000.0,100000.0,100000.0,100000.0,100000.0,100000.0,100000.0,100000.0,100000.0,100000.0,100000.0,100000.0,100000.0,100000.0,100000.0,100000.0,100000.0,100000.0,100000.0,100000.0,100000.0,100000.0,100000.0,100000.0,100000.0,100000.0,100000.0,100000.0,100000.0,100000.0,100000.0,100000.0,100000.0,100000.0,100000.0,100000.0,100000.0,100000.0,100000.0,100000.0,100000.0,100000.0,100000.0,100000.0,100000.0,100000.0,100000.0,100000.0,100000.0,100000.0,100000.0,100000.0,100000.0,100000.0,100000.0,100000.0,100000.0,100000.0,100000.0,100000.0,100000.0,100000.0,100000.0,100000.0,100000.0,100000.0,100000.0,100000.0,100000.0,100000.0,100000.0,100000.0,100000.0,100000.0,100000.0,100000.0,100000.0,100000.0,100000.0,100000.0,100000.0,100000.0,100000.0,100000.0,100000.0,100000.0,100000.0,100000.0,100000.0,100000.0
