age,1981,1982,1983,1984,1985,1986,1987,1988,1989,1990,1991,1992,1993,1994,1995,1996,1997,1998,1999,2000,2001,2002,2003,2004,2005,2006,2007,2008,2009,2010,2011,2012,2013,2014,2015,2016,2017,2018,2019,2020,2021,2022,2023,2024,2025,2026,2027,2028,2029,2030,2031,2032,2033,2034,2035,2036,2037,2038,2039,2040,2041,2042,2043,2044,2045,2046,2047,2048,2049,2050,2051,2052,2053,2054,2055,2056,2057,2058,2059,2060,2061,2062,2063,2064,2065,2066,2067,2068,2069,2070,2071,2072,2073,2074,2075,2076,2077,2078,2079,2080,2081,2082,2083,2084,2085,2086,2087,2088,2089,2090,2091,2092,2093,2094,2095,2096,2097,2098,2099,2100,2101,2102,2103,2104,2105,2106,2107,2108,2109,2110,2111,2112,2113,2114,2115,2116,2117,2118,2119,2120,2121,2122,2123,2124,2125,2126,2127,2128,2129,2130,2131,2132,2133,2134,2135,2136,2137,2138,2139,2140,2141,2142,2143,2144,2145,2146,2147,2148,2149,2150,2151,2152,2153,2154,2155,2156,2157,2158,2159,2160
0,1021.96,975.93,841.75,888.91,868.16,771.09,719.51,678.65,715.01,667.78,536.58,569.97,553.16,558.73,603.83,553.99,448.78,490.37,424.64,506.36,525.0,411.65,467.25,405.21,474.77,379.64,421.29,386.5,321.02,342.14,347.04,295.94,322.61,351.76,283.2,330.13,286.78,323.1,251.99,286.74,412.29,329.88,308.99,297.98,261.76,251.09,244.57,238.44,232.69,227.32,222.29,217.58,213.19,209.09,205.25,201.66,198.31,195.16,192.21,189.44,186.82,184.35,182.01,179.78,177.65,175.6,173.62,171.69,169.81,167.95,166.11,164.3,162.5,160.73,158.97,157.23,155.51,153.81,152.13,150.47,148.82,147.2,145.59,144.0,142.42,140.86,139.32,137.8,136.29,134.8,133.33,131.87,130.43,129.01,127.578251322078,126.16239214323926,124.76224612235283,123.37763887531574,122.00839795333394,120.65435282144442,119.31533483727547,117.9911772300428,116.68171507977867,115.38678529679174,114.10622660135456,112.83987950361674,111.58758628374092,110.34919097225922,109.12453933064778,107.91347883211664,106.71585864261316,105.53152960203589,104.36034420565731,103.20215658575239,102.05682249343126,100.92419928067342,99.80414588256133,98.69652279971123,97.60119208089885,96.51801730587803,95.4468635683899,94.38759745936082,93.34008705028653,92.30420187680097,91.27981292242725,90.26679260250901,89.26501474832018,88.274354591351,87.29468874776845,86.32589520304921,85.36785329678304,84.42044370764494,83.48354843853394,82.55705080187703,81.64083540509596,80.73478813623547,79.83879614975095,78.95274785245392,78.07653288961336,77.21004213121142,76.35316765835145,75.50580274981722,74.66784186878094,73.83918064965906,73.01971588511374,72.20934551319874,71.40796860464799,70.61548535030491,69.83179704869171,69.05680609371626,68.29041596251564,67.53253120343437,66.7830574241363,66.0419012798483,65.30897046173438,64.58417368539894,63.86742067951758,63.15862217459403,62.45768989184192,61.76453653218991,61.079075765408824,60.40122221935951,59.730891469359975,59.068000027670514,58.41246533309556,57.76420574070099,57.123140511645396,56.48918980312435,55.8622746584262,55.242316997098264,54.62923960522211,54.02296612579679,53.423421049228814,52.83052970392765,52.24421824700558,51.66441365508077,51.0910437151825,50.52403701575712,49.96332293777409,49.40883164593045
1,70.69,57.7,55.73,69.61,74.03,75.27,59.13,31.47,65.75,38.28,80.12,59.33,49.47,44.59,32.81,27.35,34.98,31.37,32.19,29.53,31.04,42.82,39.61,27.44,53.59,52.73,51.53,21.43,17.22,24.02,31.03,31.35,24.81,10.81,22.07,29.55,11.3,27.27,27.76,28.47,25.33,12.91,34.07,17.18,18.09,18.3,17.81,17.35,16.92,16.52,16.14,15.79,15.47,15.16,14.88,14.61,14.36,14.13,13.92,13.71,13.52,13.34,13.17,13.01,12.85,12.7,12.56,12.42,12.28,12.15,12.02,11.88,11.75,11.63,11.5,11.37,11.25,11.12,11.0,10.88,10.76,10.65,10.53,10.41,10.3,10.19,10.08,9.97,9.86,9.75,9.64,9.54,9.43,9.33,9.150300338933814,8.974061767705496,8.801217624292452,8.631702530610234,8.465452367783353,8.302404251892398,8.142496510188268,7.985668657764535,7.831861374679096,7.6810164835164825,7.533076927382323,7.387986748321647,7.245691066152851,7.10613605770934,6.969268936480983,6.835037932647679,6.703392273497484,6.574282164221901,6.447658769081049,6.323474192931608,6.201681463110538,6.082234511667729,5.965088157940853,5.850198091465837,5.737520855216485,5.627013829166906,5.518635214170546,5.4123440161497145,5.3081000305896175,5.205863827331057,5.105596735656019,5.007260829660519,4.910818913909181,4.816234509366105,4.723471839596722,4.632495817235391,4.543272030713664,4.455766731244132,4.369946820055004,4.285779835870531,4.203233942632564,4.1222779174586135,4.0428811388318255,3.9650135750184323,3.888645772708289,3.8137488458741906,3.7402944648457717,3.6682548455938404,3.5976027392211067,3.5283114216553173,3.4603546835409107,3.3937068203253595,3.328342622536456,3.2642373662468587,3.2013668037222995,3.1397071542499053,3.0792350951431757,3.019927752920203,2.961762694651808,2.9047179194763095,2.8487718502777275,2.793903325524265,2.7400915912639863,2.687316293274657,2.635557469364786,2.5847955418229525,2.535011310012559,2.486185943109214,2.4383009729779985,2.391338287187913,2.3452801221608754,2.3001090564526687,2.2558080041633,2.212360208474282,2.1697492353103867,2.127958967123474,2.0869735967960534,2.046777621662256,2.007355837643975,1.9686933334999392,1.9307754851855556,1.8935879503213815,1.8571166627681375,1.8213478273062083,1.7862679144176166,1.751863655168501
2,38.68,43.28,36.63,59.01,38.27,38.83,41.04,31.38,56.48,25.01,28.75,61.03,34.34,18.57,15.95,16.49,17.16,24.51,21.01,21.56,14.85,38.56,19.38,3.94,11.71,22.95,14.97,18.35,32.15,27.64,10.29,10.36,20.9,10.6,10.77,10.95,11.07,0.0,23.26,15.91,8.08,8.33,16.68,29.11,17.02,13.09,12.75,12.43,12.13,11.85,11.59,11.34,11.11,10.9,10.7,10.51,10.33,10.17,10.02,9.87,9.73,9.61,9.48,9.37,9.26,9.15,9.05,8.94,8.85,8.75,8.65,8.56,8.47,8.37,8.28,8.19,8.1,8.01,7.92,7.84,7.75,7.67,7.58,7.5,7.42,7.34,7.26,7.18,7.1,7.02,6.94,6.87,6.79,6.72,6.636284221072631,6.553611348639521,6.471968390479015,6.391342516222726,6.311721055339215,6.233091495142787,6.155441478827098,6.078758803523251,6.003031418382099,5.928247422680413,5.854395063950673,5.78146273613413,5.709438977756894,5.6383124701287395,5.568072035564346,5.498706635626702,5.4302053693923895,5.362557471738482,5.295752311650777,5.22977939055312,5.164628340657517,5.100288923334823,5.036751027505715,4.974004668051717,4.9120399842460145,4.850847238203823,4.79041681335205,4.730739212918043,4.671805058437138,4.613605088278821,4.556130156191243,4.499371229863858,4.443319389507987,4.3879658264550505,4.333301841772259,4.279318844895568,4.226008352279645,4.173361986064666,4.121371472759715,4.070028641942585,4.01932542497578,3.9692538537385147,3.9198060593745,3.87097427105534,3.822750814759328,3.7751281120654574,3.7280986789624566,3.6816551246726594,3.63579015049053,3.5904965486356533,3.545767201120019,3.5015950786294128,3.4579732394187426,3.414894828221133,3.372353075170601,3.3303412947381585,3.2888528846811664,3.2478813250057783,3.207420176942309,3.1674630819333682,3.128003760634598,3.0890360119278624,3.0505537119467268,3.0125508131140784,2.9750213431917385,2.937959404341911,2.9013591722003227,2.8652148949609155,2.8295208924719346,2.7942715553432813,2.759461344064985,2.7250847881366567,2.69113648520779,2.657611100228768,2.624503364612447,2.591808075406193,2.5595200944742174,2.5276343476901166,2.4961458241394543,2.4650495753322916,2.434340714425517,2.4040144154548715,2.374065912576534,2.344490499318163,2.3152835278392585,2.2864404082007512
3,17.02,32.37,31.05,24.49,46.9,35.26,22.8,25.49,34.46,28.18,34.41,25.61,25.67,18.72,18.61,22.43,13.24,24.1,24.55,7.04,10.82,18.46,19.17,26.97,7.84,11.69,15.22,18.67,18.32,10.74,10.37,10.3,6.91,3.48,3.53,17.84,10.95,18.45,14.97,7.77,3.98,3.99,24.24,8.15,9.48,9.94,9.72,9.48,9.26,9.05,8.85,8.67,8.5,8.34,8.19,8.05,7.92,7.79,7.68,7.57,7.46,7.37,7.27,7.18,7.1,7.02,6.94,6.86,6.79,6.71,6.64,6.56,6.49,6.42,6.35,6.28,6.21,6.15,6.08,6.01,5.95,5.88,5.82,5.75,5.69,5.63,5.57,5.51,5.45,5.39,5.33,5.27,5.21,5.15,5.098480691666865,5.047476769572782,4.996983077923081,4.946994512500366,4.897506020148552,4.8485125982620625,4.800009294280129,4.751991205186161,4.704453477012114,4.657391304347827,4.610799929855252,4.56467464378756,4.519010783513047,4.47380373304381,4.429048922569127,4.384741827993518,4.340877970479422,4.297452915994442,4.254462274863131,4.211901701323253,4.169766893086489,4.128053590903534,4.08675757813354,4.045874680317881,4.005400764758167,3.965331740098487,3.9256635559118256,3.8863922022906263,3.847513709441441,3.8090241472836386,3.7709196250521306,3.7331962909040652,3.6958503315294626,3.6588779717657367,3.6222754742160825,3.5860391388716755,3.5501653027376516,3.5146503394628277,3.4794906589731296,3.444682707108682,3.4102229652645364,3.376107950034982,3.3423342128614273,3.308898339683797,3.275796950595414,3.243026699501342,3.210584273780138,3.178466393948993,3.146669813332222,3.11519131773307,3.084027725108798,3.0531758852490274,3.0226326794572915,2.992395020235782,2.9624598509732447,2.932824145635997,2.903484908462038,2.87443917365822,2.845684005100445,2.8172164960368637,2.7890337687940443,2.761132974486078,2.733511292726595,2.706165931343665,2.6790941260975436,2.65229314040125,2.6257602650439305,2.5994928179169996,2.5734881437430115,2.5477436138072513,2.522256625692006,2.497024603013497,2.4720449951614425,2.4473152770412274,2.4228329488186486,2.3985955356672175,2.37460058751799,2.3508456788118957,2.3273284082545502,2.3040463985735147,2.280997296277988,2.258178771420902,2.235588517363392,2.213224250541632,2.1910837102359957,2.1691646583425275
4,20.66,23.92,35.71,40.52,15.4,9.4,16.08,16.4,19.1,9.38,28.19,12.53,32.03,9.61,15.63,12.46,12.88,9.97,13.8,14.07,17.67,21.53,14.7,15.22,30.59,11.72,15.5,3.8,3.72,3.66,10.75,6.92,13.79,3.45,13.9,10.53,3.56,3.65,3.68,3.75,7.76,19.78,15.5,3.96,7.0,8.03,7.91,7.74,7.57,7.4,7.25,7.1,6.96,6.83,6.71,6.6,6.5,6.4,6.3,6.21,6.13,6.05,5.97,5.9,5.83,5.76,5.7,5.64,5.57,5.51,5.45,5.39,5.33,5.28,5.22,5.16,5.1,5.05,4.99,4.94,4.88,4.83,4.78,4.73,4.67,4.62,4.57,4.52,4.47,4.42,4.38,4.33,4.28,4.23,4.201488439938166,4.173169056958404,4.145040555725388,4.117101649634773,4.089351060754339,4.06178751976554,4.034409765905445,4.007216546909071,3.9802066189521037,3.953378746594004,3.9267317027215,3.900264268492457,3.8739752332801296,3.8478633946177836,3.821927558143699,3.796166537546538,3.7705791545110814,3.745164238664334,3.7199206275219914,3.6948471664352662,3.6699427085380756,3.6452061146945836,3.6206362534470946,3.5962320009643025,3.571992240989886,3.5479158647914493,3.52400177110981,3.5002488661086266,3.476656063324366,3.453222283616609,3.42994645511869,3.4068275131886687,3.3838644003606344,3.3610560662963356,3.33840146773714,3.315899568456312,3.293549339211619,3.2713497576982515,3.249299808502063,3.2273984830531237,3.2056447795795915,3.184037703061888,3.162576265187185,3.1412594843042028,3.1200863853783063,3.0990559999469056,3.0781673660751627,3.0574195283119883,3.0368115376463405,3.016342451463817,2.996011333503541,2.9758172538153325,2.955759288717177,2.935836520752973,2.916048038650568,2.8963929372800767,2.87687031761248,2.857479286678505,2.838218957527777,2.8190884491882526,2.800086886625923,2.7812134007047913,2.762467128147115,2.7438472114939216,2.725352799065788,2.706983044923885,2.6887371088312815,2.6706141562145143,2.6526133581254143,2.6347338912031883,2.6169749376367606,2.5993356851273655,2.5818153268513893,2.5644130614234735,2.5471280928598494,2.5299596305419403,2.5129068891801882,2.495969088778142,2.4791454545967757,2.4624352171190553,2.445837612014737,2.429351880105411,2.4129772673297714,2.3967130247091304,2.3805584083131555,2.364512679225845
5,25.75,34.53,34.22,16.25,21.9,12.36,22.03,19.4,13.11,19.05,12.5,21.95,43.84,9.6,12.82,59.47,25.03,9.7,16.67,10.38,10.56,10.56,14.33,10.97,15.13,11.44,7.78,3.87,7.59,11.15,7.31,17.95,0.0,6.9,3.45,17.31,17.52,3.56,3.64,3.68,3.74,3.85,7.7,7.61,6.97,6.82,6.74,6.65,6.52,6.38,6.25,6.13,6.01,5.9,5.8,5.71,5.62,5.53,5.45,5.38,5.3,5.24,5.17,5.11,5.05,4.99,4.93,4.88,4.83,4.77,4.72,4.67,4.62,4.57,4.52,4.47,4.42,4.37,4.32,4.28,4.23,4.18,4.14,4.09,4.05,4.0,3.96,3.92,3.87,3.83,3.79,3.75,3.71,3.67,3.6423062444183083,3.6148214654301367,3.587544086101779,3.5604725413990415,3.5336052780974527,3.5069407546931464,3.480477441314415,3.454213819633937,3.428148382781664,3.4022796352583593,3.3766060928498005,3.3511262825416166,3.3258387424347804,3.300742021661726,3.2758346803031104,3.251115289305197,3.2265824303978623,3.202234696013225,3.1780706892048864,3.1540890235677805,3.1302883231586303,3.106667222417001,3.083224366086955,3.059958409139291,3.036868016694374,3.013951863945548,2.9912086360831256,2.968637028218948,2.9462357453115215,2.924003502091712,2.9019390229890045,2.880041042058315,2.85830830290736,2.836739558624571,2.8153335717075505,2.794089113992074,2.773004966581621,2.7520799197774446,2.731312773009162,2.7107023347658736,2.690247422527801,2.6699468626984384,2.649799490537219,2.629804150092688,2.60995969413618,2.590264984095996,2.570718889992081,2.551320290371188,2.5320680722425366,2.5129611310139564,2.4939983704285087,2.475178702501592,2.4565010474585165,2.437964333672553,2.41956749760345,2.4013094837364104,2.383189244521535,2.3652057403137157,2.3473579393129906,2.32964481750534,2.3120653586039372,2.2946185539908384,2.2773034026591117,2.260118911155407,2.2430640935229555,2.226137971245001,2.209339573188657,2.19266793554919,2.176122101794718,2.1597011226113336,2.1434040558486354,2.1272299664656713,2.1111779264772923,2.0952470149009095,2.0794363177036526,2.063744927749925,2.048171944749363,2.0327164752051763,2.017377632362885,2.0021545361594435,1.9870463131727474,1.9720520965715194,1.9571710260655755,1.9424022478564669,1.9277449145884926,1.9131981853000835
6,21.83,22.61,17.29,41.08,26.07,6.27,12.41,18.98,9.68,9.81,12.71,15.64,15.67,15.64,16.0,3.21,25.12,28.2,12.96,13.39,10.4,21.09,3.5,10.67,0.0,18.82,11.36,3.87,7.73,3.79,7.43,3.66,0.0,6.92,3.45,3.44,3.46,21.0,10.63,3.64,3.67,3.7,3.75,11.34,7.35,6.09,6.02,5.95,5.87,5.77,5.65,5.54,5.44,5.35,5.26,5.17,5.09,5.02,4.95,4.88,4.81,4.75,4.69,4.64,4.58,4.53,4.48,4.43,4.38,4.33,4.29,4.24,4.19,4.15,4.1,4.06,4.01,3.97,3.93,3.88,3.84,3.8,3.76,3.72,3.67,3.63,3.59,3.56,3.52,3.48,3.44,3.4,3.37,3.33,3.306488368358674,3.2831427417691312,3.259961948144396,3.236944823673072,3.21409021276091,3.191396967972794,3.1688639499751305,3.146490027478646,3.1242740771815942,3.102214983713355,3.0803116395784387,3.058562945100884,3.0369678083690457,3.0155251451807765,2.994233878988991,2.9730929408476188,2.952101269357939,2.9312578106152856,2.910561518156143,2.8900113529056006,2.86960628312519,2.849345284361084,2.829227339392661,2.8092514381814397,2.7894165778203623,2.769721762483449,2.7501660033757993,2.7307483186839465,2.711467733526569,2.6923232799055428,2.6733139966573427,2.6544389294047877,2.635697130509124,2.6170876590224483,2.5986095806404674,2.580261967655591,2.5620438989103533,2.543954459751168,2.5259927419824058,2.5081578438207983,2.490448869850163,2.472864930976447,2.4554051443830924,2.43806863348671,2.4208545278930735,2.403761963353417,2.3867900817210455,2.369938030908254,2.353204964843544,2.3365900434291476,2.320092432498848,2.3037113037761032,2.287445834832457,2.271295209046251,2.255258615561625,2.239335249247808,2.2235243106586937,2.2078250059927056,2.192236547052943,2.176758151207609,2.1613890413507186,2.14612844586308,2.130975598573559,2.1159297387206117,2.100990110914087,2.0861559650973063,2.0714265565094014,2.056801145647927,2.0422789982317315,2.027859385164092,2.0135415824961087,1.9993248713903606,1.9852085380848137,1.9711918738569862,1.9572741749883673,1.9434547427290862,1.9297328832628295,1.91610790767201,1.9025791319031764,1.8891458767326716,1.875807467732531,1.8625632352366224,1.849412514307025,1.8363546447006451,1.8233889708360684,1.810514841760647
7,18.2,18.75,16.16,17.3,20.59,9.8,6.29,6.23,9.45,6.44,16.36,19.04,15.63,3.13,3.13,6.42,12.87,12.58,18.83,3.25,13.41,3.46,7.0,0.0,7.07,0.0,3.73,18.81,11.59,0.0,0.0,11.18,14.63,3.59,3.46,3.44,0.0,3.45,10.45,10.63,3.63,3.63,3.61,3.68,5.17,5.69,5.63,5.58,5.52,5.45,5.36,5.26,5.17,5.08,4.99,4.92,4.84,4.77,4.7,4.64,4.58,4.52,4.47,4.41,4.36,4.31,4.26,4.22,4.17,4.13,4.08,4.04,3.99,3.95,3.9,3.86,3.82,3.78,3.74,3.7,3.66,3.62,3.58,3.54,3.5,3.46,3.42,3.38,3.35,3.31,3.27,3.24,3.2,3.17,3.1506450995089375,3.1314083732049474,3.1122890995581773,3.093286561444182,3.0744000461170233,3.05562884518254,3.0369722545717743,3.018429574514565,3.0000001095133,2.9816831683168314,2.9634780638945455,2.9453841134105945,2.9274006381982858,2.9095269637346264,2.8917624196150222,2.8741063395281317,2.856558061230877,2.8391169265236007,2.8217822812253814,2.804553475149495,2.7874298620790277,2.7704107997426384,2.7534956497904672,2.7366837777701933,2.7199745531032384,2.703367349061114,2.6868615427419136,2.6704565150469515,2.654151650657537,2.6379463380119015,2.6218399692822536,2.6058319403519863,2.5899216507930136,2.574108503843251,2.558391906384234,2.5427712689188695,2.527246005549325,2.511815533955053,2.496479275370951,2.4812366545656497,2.4660870998199416,2.4510300429053338,2.4360649190627353,2.421191166981276,2.40640822877725,2.391715549973194,2.3771125794770875,2.3625987695616835,2.3481735758439637,2.33383645726472,2.3195868760682616,2.3054242977822446,2.2913481911976223,2.2773580283487247,2.263453284493453,2.2496334380935985,2.23589797079528,2.2222463674095043,2.208678115892837,2.1951927073282023,2.181789635905791,2.1684683989040914,2.155228496671031,2.1420694326052363,2.1289907131374064,2.1159918477118005,2.103072348767838,2.090231731721811,2.077469514948708,2.06478521976415,2.052178370406437,2.0396484940187,2.0271951206311676,2.0148177831435388,2.002516017307461,1.990289361709119,1.9781373577519268,1.966059549639327,1.9540554843576956,1.9421247116593494,1.9302667840456587,1.9184812567502623,1.9067676877223854,1.8951256376102592,1.883554669744642,1.8720543501224391
8,17.02,18.26,18.8,19.44,20.84,17.21,16.37,22.1,18.64,12.58,16.11,9.81,12.66,0.0,6.26,12.57,12.87,12.88,9.44,3.15,9.78,10.03,17.21,13.92,10.38,3.52,7.18,7.42,7.5,0.0,19.3,11.36,0.0,3.65,0.0,3.44,3.43,10.27,3.43,17.4,7.06,3.58,3.54,3.55,5.07,5.61,5.55,5.5,5.44,5.39,5.33,5.24,5.15,5.07,4.99,4.91,4.84,4.77,4.7,4.64,4.58,4.52,4.47,4.42,4.37,4.32,4.27,4.22,4.17,4.13,4.08,4.04,3.99,3.95,3.91,3.87,3.82,3.78,3.74,3.7,3.66,3.62,3.58,3.54,3.5,3.46,3.42,3.39,3.35,3.31,3.28,3.24,3.21,3.17,3.1537261369038045,3.137535819113626,3.121428617732028,3.1054041060634106,3.089461859602704,3.073601456024126,3.0578224751699925,3.042124499039587,3.0265071117780873,3.010969899665552,2.995512451105955,2.980134356616287,2.9648352088157055,2.9496146024147443,2.934472134204575,2.919407403046327,2.904420009860461,2.889509557616196,2.874675651320993,2.859917898010089,2.8452359067360904,2.8306292885586135,2.816097656533981,2.8016406257049744,2.7872578130906334,2.7729488376761102,2.7587133204025784,2.7445508841571895,2.730461153763083,2.716443755969449,2.702498319441638,2.688624474751325,2.6748218543667246,2.661090092642852,2.647428825811839,2.633837691973295,2.620316331084723,2.6068643849519795,2.5934814972197846,2.580167313362286,2.5669214806736624,2.5537436482587834,2.540633467023912,2.527590589667458,2.5146146706707766,2.5017053662890163,2.488862334542011,2.4760852352052245,2.463373729800732,2.4507274815882583,2.4381461555562547,2.425629418413025,2.4131769385778963,2.4007883861724353,2.3884634330117076,2.376201752595587,2.364003020100104,2.3518669123688416,2.339793107904374,2.3277812868597505,2.3158311310300213,2.3039423238438097,2.292114550354925,2.2803474972340187,2.268640852760284,2.2569943068131995,2.245407550864313,2.233880277969067,2.22241218275867,2.2110029614320035,2.1996523117475784,2.188359933015525,2.177125526089628,2.1659487933594024,2.1548294387422096,2.1437671676754135,2.1327616871085784,2.1218127054957026,2.1109199327874992,2.100083080423709,2.0893018613254593,2.0785759898876557,2.067905181971419,2.057289154896556,2.046727627434072,2.036220319798721
9,20.96,17.05,21.35,12.55,32.45,6.97,10.34,3.29,22.04,3.1,12.58,6.45,19.59,6.3,12.47,15.67,12.59,25.78,6.44,3.15,9.46,6.49,20.0,17.14,6.92,6.88,10.48,7.14,7.38,7.47,3.85,3.84,3.79,3.73,0.0,7.13,10.3,3.43,0.0,6.86,0.0,3.49,7.01,3.49,5.21,5.81,5.75,5.69,5.64,5.59,5.54,5.48,5.4,5.31,5.23,5.15,5.08,5.01,4.94,4.88,4.81,4.76,4.7,4.64,4.59,4.54,4.49,4.44,4.39,4.34,4.29,4.25,4.2,4.15,4.11,4.06,4.02,3.98,3.93,3.89,3.85,3.8,3.76,3.72,3.68,3.64,3.6,3.56,3.52,3.48,3.45,3.41,3.37,3.33,3.315026028866777,3.3001193910102797,3.28527978365377,3.270506905382,3.255800456135094,3.241160137202451,3.226585651216678,3.2120767021475514,3.197632995296003,3.183254237288134,3.1689401360692564,3.154690400897961,3.1405047423402124,3.1263828722634694,3.112324503830834,3.0983293514952224,3.0843971309935685,3.070527559341048,3.0567203548253303,3.0429752370008587,3.0292919266831517,3.015670145943134,3.0021096181014895,2.988610067723044,2.9751712206111685,2.961792803802211,2.948474545559952,2.9352161753700847,2.922017423934721,2.9088780231669213,2.8957977061852485,2.88277620730835,2.869813262049558,2.8569086071115186,2.8440619803808445,2.83127312092279,2.818541768975953,2.8058676659469945,2.7932505544053927,2.7806901780782076,2.7681862818448804,2.7557386117320486,2.7433469149083898,2.7310109396794844,2.718730435482704,2.7065051528821233,2.6943348435634515,2.6822192603289903,2.670158157092611,2.6581512888747603,2.646198411797477,2.6342992830794483,2.622453661031069,2.6106613050495393,2.5989219756139734,2.587235434280537,2.5756014436776034,2.5640197675009317,2.552490170508868,2.5410124185175658,2.529586278396231,2.5182115180623863,2.5068879064771563,2.495615213640575,2.4843932105869153,2.4732216693800373,2.462100363108758,2.451029065882245,2.4400075528254246,2.4290356000744175,2.418112984771989,2.407239485063026,2.3964148800900262,2.3856389499886164,2.374911475883084,2.364232239881933,2.353601025073456,2.3430176155213314,2.3324817962602356,2.321993353291476,2.311552073578646,2.3011577450432985,2.2908101565606342,2.2805090979552185,2.2702543599967098,2.260045734395609
10,17.43,26.27,14.23,27.49,15.7,9.77,13.95,17.27,26.21,21.95,18.56,9.47,16.14,13.02,22.01,9.37,12.55,3.15,9.68,19.32,3.15,12.53,12.95,6.64,13.64,13.76,6.84,17.39,10.67,7.35,11.18,3.83,0.0,3.77,3.73,0.0,7.11,6.86,10.23,3.4,3.41,3.43,10.27,10.36,7.2,6.21,6.15,6.09,6.04,5.98,5.93,5.88,5.82,5.74,5.66,5.57,5.5,5.42,5.35,5.28,5.21,5.15,5.09,5.03,4.97,4.92,4.86,4.81,4.76,4.7,4.65,4.6,4.55,4.5,4.45,4.4,4.36,4.31,4.26,4.21,4.17,4.12,4.08,4.03,3.99,3.94,3.9,3.86,3.82,3.77,3.73,3.69,3.65,3.61,3.5769195099142226,3.544142155236843,3.511665158165126,3.4794857663509293,3.4476012526674453,3.4160089149780886,3.3847060759074905,3.353690082614602,3.3229583065678696,3.2925081433224763,3.262337012299618,3.2324423565678058,3.2028216426261746,3.173472360189774,3.1443920219768247,3.1155781634979323,3.0870283428472236,3.0587401404954035,3.0307111590847033,3.002939023225713,2.9754213792960695,2.9481558952409963,2.9211402603756653,2.894372185189371,2.867849401151502,2.8415696605192875,2.815530736147306,2.7897304212987404,2.7641665294583624,2.738836894147231,2.713739368739087,2.6888718262784344,2.664232159300282,2.6398182796515446,2.6156281183140746,2.5916596252293185,2.5679107691245795,2.5443795373408715,2.521063935662351,2.4979619881473125,2.475071736960732,2.452391242208345,2.429918581772245,2.4076518511479894,2.3855891632831963,2.3637286484176205,2.342068453924699,2.3206067441545417,2.2993417002783665,2.2782715201343575,2.2573944180749352,2.2367086248154293,2.2162123872841333,2.195903968473737,2.1757816472941207,2.155843718426495,2.1360884921788794,2.116514294342905,2.097119466051931,2.0779023636404568,2.058861358504828,2.039994836965213,2.0213012001288515,2.0027788637545494,1.984426258118417,1.9662418278808433,1.948224031954679,1.9303713433746372,1.9126822491678859,1.8951552502258247,1.8777888611770421,1.8605816102614328,1.843532039205468,1.8266387030986124,1.8099001702708697,1.7933150221714538,1.7768818532485677,1.7605992708302889,1.7444658950065415,1.7284803585121535,1.712641306610984,1.696947396981112,1.681397299601079,1.6659896966371714,1.6507232823317384,1.6355967628925316
11,17.12,9.98,13.16,8.55,15.29,3.15,19.56,6.98,17.21,13.07,15.67,9.29,22.11,12.92,19.52,6.29,18.75,18.86,3.16,6.46,12.86,6.27,15.64,9.67,13.21,16.99,10.26,13.59,6.92,3.54,10.98,18.57,11.43,11.33,0.0,7.45,14.47,7.09,6.82,3.41,3.38,3.38,3.37,6.76,6.7,6.73,6.66,6.6,6.54,6.49,6.44,6.39,6.33,6.27,6.19,6.1,6.02,5.94,5.86,5.79,5.72,5.65,5.58,5.52,5.46,5.39,5.33,5.28,5.22,5.16,5.1,5.05,4.99,4.94,4.88,4.83,4.78,4.73,4.67,4.62,4.57,4.52,4.47,4.42,4.38,4.33,4.28,4.23,4.19,4.14,4.1,4.05,4.01,3.96,3.9111344070679785,3.8628718055936835,3.8152047547854195,3.7681259056693444,3.7216279999564548,3.6757038689235544,3.63034643230803,3.5855486972162676,3.5413037570455326,3.497604790419162,3.4544450601348915,3.4118179121261583,3.3697167744362244,3.3281351562049606,3.287066646668127,3.2465049141690083,3.2064437051822425,3.166876843349698,3.12779822852824,3.0892018358492606,3.0510817147898,3.01343198825514,2.976246851672714,2.939520572097196,2.9032474873266394,2.8674220050295136,2.83203860188252,2.797091822719045,2.762576279688117,2.7284866514237485,2.694817682224524,2.661564181243313,2.6287210216869785,2.596283140025967,2.564245535213649,2.532603267915289,2.501351459746538,2.4704852925213125,2.440000007508966,2.4098909047006165,2.3801533420845353,2.3507827349304713,2.3217745550828104,2.293124330262456,2.264827643377325,2.2368801318413487,2.2092774869018825,2.182015452975411,2.1550898269914525,2.128496457744557,2.1022312452543055,2.0762901401332012,2.050669142962363,2.0253643036749245,2.000371720947039,1.9756875415964013,1.95130795998819,1.9272292174483425,1.9034476016840673,1.8799594462115101,1.8567611297904798,1.833849075866151,1.811219752017656,1.7888696694134814,1.7667953822735825,1.744993487338139,1.7234606233428627,1.7021934705007817,1.681188749990419,1.6604432234502862,1.6399536924796156,1.6197169981452535,1.5997300204946365,1.5799896780747817,1.5604929274572066,1.5412367627687158,1.522218215227978,1.5034343526878164,1.4848822791831549,1.4665591344845343,1.4484620936571457,1.4305883666252988,1.412935197742269,1.3954998653654511,1.3782796814367544,1.3612719910681774
12,14.24,29.38,9.98,23.74,25.69,15.33,34.75,9.8,20.91,24.02,16.32,25.06,15.46,6.32,12.94,16.29,9.44,9.38,15.75,12.64,9.68,12.85,9.41,15.59,16.08,6.58,6.76,10.22,16.92,13.8,3.53,0.0,7.4,3.78,3.75,0.0,7.44,14.44,7.05,6.81,10.18,3.35,9.98,13.32,8.84,7.44,7.36,7.29,7.23,7.17,7.12,7.06,7.01,6.95,6.89,6.8,6.71,6.63,6.54,6.46,6.38,6.31,6.23,6.16,6.09,6.02,5.96,5.89,5.83,5.76,5.7,5.64,5.58,5.51,5.45,5.39,5.34,5.28,5.22,5.16,5.11,5.05,5.0,4.94,4.89,4.83,4.78,4.73,4.68,4.62,4.57,4.52,4.47,4.43,4.376791565806147,4.324222214562489,4.272284270286384,4.220970149190907,4.170272358577489,4.120183495741866,4.070696246893157,4.021803386085939,3.973497774165134,3.925772357723579,3.8786201680721164,3.8320343202220455,3.7860080118798063,3.740534522453733,3.6956072120727366,3.6512195206167775,3.6073649667589787,3.5640371470192487,3.5212297348292667,3.4789364796087026,3.437151205852528,3.3958678122292945,3.355080270690237,3.3147826255890824,3.274968992812427,3.235633558920561,3.1967705802986095,3.1583743823178727,3.1204393585072387,3.082959969734543,3.0459307433977707,3.009346272625962,2.973201215489724,2.937490294221221,2.9022082944435343,2.8673500644092793,2.8329105142483626,2.7988846152247833,2.765267399002351,2.732053956919231,2.6992394392711967,2.666819054603496,2.63478806901122,2.6031418054480753,2.5718756430434593,2.5409850164277366,2.5104654150656236,2.4803123825975737,2.450521516189077,2.421088465887775,2.392008933988298,2.363278674404726,2.334893492050595,2.306849242226345,2.2791418300141237,2.251767209679866,2.224721384082546,2.1980004040905343,2.1716003680049556,2.145517420989981,2.119747754509956,2.094287605773295,2.069133257183049,2.044281035794079,2.019727312776745,1.9954685028870365,1.9715010639430706,1.9478214963078728,1.9244263423783763,1.9013121860805533,1.8784756523706125,1.8559134067421892,1.833622154739451,1.811598641476055,1.7898396511598809,1.7683420066234725,1.7471025688601203,1.7261182365655143,1.7053859456849036,1.6849026689656947,1.664665415515422,1.6446712303650304,1.6249171940374005,1.6054004221210576,1.5861180648490012,1.5670673066825904
13,25.37,21.39,19.62,22.5,13.2,25.77,18.44,9.5,16.32,20.86,10.29,16.33,12.52,6.19,9.51,12.99,13.06,15.71,12.52,18.9,25.29,12.91,9.63,15.62,6.25,6.43,9.84,10.09,10.18,13.49,6.88,3.53,14.49,22.09,11.26,18.54,11.15,14.87,7.17,7.03,10.17,13.46,0.0,6.58,7.98,8.48,8.39,8.3,8.23,8.17,8.11,8.05,7.99,7.93,7.87,7.8,7.71,7.61,7.51,7.42,7.33,7.25,7.16,7.08,7.0,6.92,6.85,6.77,6.7,6.62,6.55,6.48,6.41,6.34,6.27,6.2,6.13,6.07,6.0,5.93,5.87,5.81,5.74,5.68,5.62,5.56,5.49,5.43,5.38,5.32,5.26,5.2,5.14,5.09,5.016166415677286,4.9434038329604535,4.871696716311709,4.801029755545797,4.731387862561131,4.662756168118327,4.595120018665474,4.528464973209457,4.462776800232656,4.398041474654379,4.334245174836365,4.271374279631729,4.2094153654767075,4.148355203524595,4.088180756821255,4.028879177521596,3.970437804146436,3.91284415887914,3.8560859449014893,3.8001510437681856,3.7450275128194415,3.6907035826311034,3.637167654501764,3.584408297976321,3.5324142484054626,3.481174404540551,3.430677826163396,3.3809137317504097,3.3318714961706424,3.283540648417212,3.235910869371638,3.1889719896006086,3.1427139871847047,3.0971269855786194,3.052201251502417,3.00792719286338,2.9642953567080044,2.9212964272036954,2.878921223649749,2.8371606985171764,2.796005935516969,2.755448147696379,2.7154786755628217,2.6760889852349834,2.637270666620753,2.5990154316215848,2.561315112362908,2.5241616594501988,2.4875471402503604,2.451463737198022,2.4159037461264137,2.380859574622448,2.3463237404056647,2.312288869730689,2.278747695812863,2.2456930572767155,2.2131178966269367,2.1810152587415312,2.1493782893868323,2.118200233754052,2.087474435017063,2.0571943329111018,2.027353462332084,1.9979454519562405,1.9689640228797782,1.9404029872782684,1.9122562470854874,1.884517792691416,1.8571817016591299,1.8302421374602984,1.8036933482290294,1.7775296655337867,1.7517455031671236,1.7263353559529735,1.7012937985712373,1.6766154843994259,1.6522951443711011,1.6283275858508783,1.6047076915257463,1.5814304183124706,1.5584907962808439,1.535883927592558,1.5136049854554645,1.4916492130930072,1.4700119227286041,1.4486884945847578
14,27.37,23.1,26.18,17.19,25.03,15.88,20.1,24.66,9.5,32.6,41.73,6.87,19.6,21.91,18.6,22.27,13.03,13.06,12.56,9.4,15.75,18.96,16.14,22.47,9.43,12.49,12.81,9.8,20.09,6.76,10.07,0.0,7.07,3.6,7.32,22.29,22.03,14.8,18.49,7.15,10.51,20.17,9.97,9.79,9.95,10.07,9.95,9.85,9.76,9.68,9.61,9.54,9.48,9.41,9.34,9.27,9.19,9.08,8.97,8.87,8.76,8.66,8.56,8.46,8.37,8.28,8.18,8.09,8.01,7.92,7.83,7.75,7.66,7.58,7.49,7.41,7.33,7.25,7.17,7.09,7.02,6.94,6.86,6.79,6.71,6.64,6.57,6.5,6.42,6.35,6.28,6.22,6.15,6.08,5.975324145105773,5.872450434059875,5.771347840390599,5.67198587179112,5.5743345609230746,5.478364456378492,5.384046613797314,5.2913525871378395,5.2002544200974725,5.110724637681159,5.022736237914997,4.936262683702502,4.851277894821083,4.767756240056302,4.685672529471569,4.605002006810906,4.525720342032524,4.447803623970937,4.371228353125411,4.295971434572568,4.222010171001012,4.149322255865871,4.0778857666612,4.007679158308195,3.938681256657261,3.8708712521019204,3.804228693302701,3.738733481019048,3.6743658620474466,3.611106423263897,3.548936085768966,3.4878360991336304,3.427788035744196,3.36877378524457,3.3107755490742186,3.2537758351001647,3.1977574523414,3.142703505784127,3.088597391286259,3.0354227905696525,2.9831636662985503,2.9318042572427614,2.8813290735241064,2.8317228919447106,2.7829707513957196,2.7350579483450654,2.687970032402916,2.641692801963469,2.5962122999217825,2.551514809464345,2.507586849932115,2.4644151727547845,2.4219867574550458,2.3802888077216404,2.339308747550025,2.299034217449475,2.259453070715494,2.2205533697663937,2.1823233825429473,2.1447515789700287,2.1078266274791684,2.071537391590978,2.035872926556415,2.0008224760558715,1.9663754689550932,1.93252151611695,1.8992504072680965,1.866552107919577,1.8344167563404483,1.8028346605835022,1.771796295562199,1.7412923001779235,1.7113134744966967,1.6818507769745006,1.6528953217303681,1.6244383758664214,1.5964713568340518,1.5689858298454415,1.541973505329652,1.5154262364325088,1.4893360165595297,1.4636949769611527,1.4384953843595418,1.4137296386162466,1.3893902704400192,1.3654699391340932
15,29.41,22.85,20.82,28.59,29.5,15.05,34.5,17.28,24.63,3.16,26.08,13.93,20.61,9.8,25.05,18.65,31.94,19.6,29.4,15.68,21.91,22.1,34.77,19.34,19.34,37.78,15.54,28.64,16.26,16.68,6.74,10.16,34.88,7.06,10.71,25.43,14.7,14.55,29.31,3.69,17.78,17.37,9.96,9.87,11.79,12.47,12.31,12.18,12.07,11.97,11.88,11.79,11.71,11.63,11.55,11.47,11.38,11.27,11.15,11.02,10.89,10.77,10.65,10.53,10.41,10.29,10.18,10.07,9.96,9.85,9.74,9.64,9.53,9.43,9.32,9.22,9.12,9.02,8.92,8.82,8.73,8.63,8.54,8.44,8.35,8.26,8.17,8.08,7.99,7.9,7.82,7.73,7.65,7.56,7.463874848177325,7.368971924504511,7.275275688390752,7.182770796843349,7.0914421019552485,7.001274648424541,6.912253671105487,6.824364592590692,6.737593020824018,6.6519247467438465,6.567345741956313,6.4838421564381195,6.40140031626856,6.320006721390382,6.239648043399116,6.16031112336052,6.081982969655766,6.004650755854037,5.928301818612158,5.85292365560095,5.77850392345794,5.7050304357661,5.632491161058296,5.560874220847107,5.490167887679683,5.4203605832173585,5.351440876339659,5.283397481272435,5.216219255739784,5.149895199139474,5.084414450741572,5.019766287909968,4.955940124346517,4.89292550835751,4.830712121142179,4.769289775102971,4.708648412177296,4.648778102190506,4.589669041229793,4.531311550038783,4.473696072432524,4.416813173732646,4.360653539222404,4.305207972621368,4.2504673945795135,4.196422841190455,4.143065462523581,4.090386521174858,4.038377390836054,3.987029554882169,3.9363346049768073,3.8862842396952937,3.836870263165297,3.7880845837247326,3.739919212596734,3.6923662625814697,3.6454179467645966,3.59906657724213,3.5533045638615333,3.50812441297881,3.4635187262314004,3.4194801993266823,3.376001620845875,3.33307587106315,3.290695920779759,3.248854830172985,3.20754574765973,3.1667619087745504,3.126496635061956,3.086743332982801,3.047495492834574,3.0087466876854156,2.970490572321695,2.9327208822089643,2.895431432466125,2.85861611685264,2.8222689067686186,2.7863838502676206,2.750955071082009,2.7159767676606976,2.681443212219132,2.6473487498013486,2.613687797353965,2.5804548428119385,2.547644444195953,2.51525122872128
16,17.39,22.69,41.24,27.8,38.22,24.64,27.64,42.64,20.17,18.48,31.65,29.45,38.37,13.74,29.43,37.66,18.73,25.68,36.05,19.6,25.09,34.54,19.0,25.29,48.26,12.87,12.53,15.49,31.4,25.93,19.91,10.16,27.25,24.51,10.54,17.67,10.8,18.22,10.76,21.84,22.02,3.53,6.86,3.29,12.51,15.58,15.38,15.21,15.06,14.93,14.81,14.7,14.6,14.5,14.4,14.3,14.2,14.08,13.96,13.81,13.65,13.5,13.34,13.2,13.05,12.9,12.76,12.62,12.48,12.35,12.21,12.08,11.95,11.82,11.69,11.56,11.43,11.31,11.18,11.06,10.94,10.82,10.7,10.59,10.47,10.36,10.24,10.13,10.02,9.91,9.8,9.69,9.59,9.48,9.389517413400013,9.299898444782919,9.211134851280686,9.123218468699973,9.036141210771202,8.949895068404818,8.864472108954633,8.779864475488214,8.696064386064215,8.613064133016628,8.530856082245855,8.449432672516547,8.368786414762145,8.288909891396056,8.209795755629418,8.131436730795352,8.053825609679686,7.9769552538580575,7.90081859303934,7.825408624415346,7.750718412016722,7.676741086075011,7.603469842390785,7.530897941707819,7.459018709093236,7.387825533323568,7.317311866276675,7.24747122232947,7.178297177761396,7.109783370163587,7.041923497853673,6.974711319296181,6.908140652528445,6.842205374592021,6.776899420969509,6.712216785026758,6.6481515174604,6.584697725750648,6.521849573619321,6.459601280493046,6.397947120971569,6.336881424301162,6.276398573853042,6.216493006606766,6.157159212638568,6.098391734614572,6.040185167288843,5.9825341570062305,5.925433401209955,5.868877647953895,5.812861695419536,5.7573803914375175,5.702428633013749,5.6480013658600665,5.594093583929341,5.540700328955046,5.487816689995208,5.4354378029807195,5.383558850267952,5.332175060195642,5.281281706646017,5.230874108610096,5.180947629757148,5.131497678008255,5.08251970511395,5.034009206235879,4.985961719532464,4.938372825748518,4.891238147808769,4.84455335041528,4.798314139648697,4.752516262573306,4.707155506845865,4.662227700328166,4.617728710703292,4.573654445095544,4.530000849693985,4.486763909379591,4.443939647355948,4.40152412478348,4.359513440417166,4.317903730247719,4.2766911671461845,4.235871960511933,4.195442355924013,4.155398634795833
17,32.72,45.86,25.06,34.48,27.94,24.0,24.73,25.29,32.08,31.8,30.94,34.97,42.66,31.39,24.12,45.91,40.92,62.73,38.67,26.27,32.75,59.99,66.37,34.93,31.49,22.38,37.87,43.33,38.51,31.17,28.79,26.52,27.14,27.27,17.44,13.87,27.79,28.43,21.45,21.17,21.53,14.51,13.9,6.78,15.89,18.91,18.65,18.43,18.23,18.06,17.91,17.78,17.65,17.53,17.41,17.29,17.17,17.03,16.9,16.74,16.57,16.38,16.2,16.02,15.84,15.67,15.5,15.33,15.16,14.99,14.83,14.67,14.51,14.35,14.19,14.03,13.88,13.73,13.58,13.43,13.28,13.14,12.99,12.85,12.71,12.57,12.44,12.3,12.16,12.03,11.9,11.77,11.64,11.51,11.40724522871731,11.305407793926484,11.204479506166061,11.104452249085464,11.005317978792297,10.907068723205496,10.80969658141422,10.713193723042501,10.617552387619531,10.5227648839556,10.428823589523596,10.335720949846008,10.243449477887438,10.152001753452502,10.061370422589125,9.971548196997155,9.882527853442266,9.794302233175083,9.706864241355495,9.620206846482114,9.53432307982682,9.449206034874354,9.364848866766922,9.281244791753751,9.198387086645557,9.116269088273887,9.03488419295529,8.954225855960269,8.874287590986963,8.795062969639552,8.716545620911301,8.638729230672215,8.561607541161283,8.485174350483248,8.409423512109864,8.334348934385613,8.259944580037835,8.186204465691224,8.113122661386669,8.040693290104375,7.968910527291261,7.897768600392561,7.827261788387613,7.757384421329793,7.6881308798905525,7.619495594907534,7.55147304693671,7.484057765808527,7.417244330188015,7.351027367138814,7.285401551691103,7.220361606413381,7.155902300988071,7.092018451790911,7.028704921474109,6.965956618553205,6.903768496997638,6.84213555582495,6.7810528386986295,6.720515433529531,6.660518472080868,6.601057129576715,6.542126624314019,6.483722217278069,6.425839211761395,6.36847295298608,6.311618827729426,6.255272263952983,6.199428730434873,6.144083736405404,6.0892328311859405,6.034871603830983,5.980995682773463,5.92760073547319,5.874682468068442,5.822236625030665,5.7702589888222615,5.71874537955742,5.6676916546659895,5.617093708560341,5.566947472305209,5.517248913290485,5.46799403490692,5.419178876224733,5.3707995116750835,5.322852050734392
18,35.65,43.84,37.36,34.37,32.45,32.8,21.67,32.41,33.04,37.59,29.21,34.21,31.78,32.66,45.06,34.38,19.66,44.17,40.59,44.93,49.31,26.19,37.99,44.03,37.56,24.69,46.61,49.09,29.4,28.82,30.07,12.42,19.42,9.9,23.04,23.41,26.48,33.3,40.36,10.22,13.47,17.16,21.05,30.35,23.45,21.3,21.0,20.73,20.5,20.3,20.12,19.96,19.81,19.67,19.53,19.4,19.26,19.11,18.96,18.8,18.63,18.43,18.23,18.03,17.83,17.63,17.44,17.25,17.06,16.87,16.69,16.51,16.33,16.15,15.97,15.8,15.62,15.45,15.28,15.12,14.95,14.79,14.63,14.47,14.31,14.15,14.0,13.84,13.69,13.54,13.39,13.25,13.1,12.96,12.83324669074119,12.70773307294905,12.583447022009706,12.460376531892216,12.338509713988808,12.217834795966427,12.09834012062953,11.980014144794003,11.862845438172089,11.746822682268222,11.631934669285664,11.518170301043824,11.405518587906181,11.293968647718682,11.183509704758528,11.074131088693239,10.965822233549893,10.85857267669447,10.752372057821141,10.647210117951483,10.54307669844344,10.439961740010014,10.337855281747544,10.236747460173454,10.136628508273478,10.037488754558133,9.939318622128477,9.842108627750969,9.745849380941392,9.65053158305773,9.556146026401924,9.462683593330407,9.370135255373333,9.278492072362434,9.187745191567407,9.097885846840716,9.008905357770812,8.920795128843585,8.83354664861204,8.747151488874104,8.661601303858447,8.576887829418286,8.493002882233071,8.409938359017975,8.327686235741112,8.246238566848424,8.165587484496134,8.085725197790717,8.006643992036294,7.928336227989397,7.850794341121019,7.774010840885878,7.69797830999883,7.6226894037183595,7.54813684913708,7.474313444479172,7.401212058404684,7.328825629320656,7.257147164698959,7.186169740400828,7.115886500007979,7.046290654160285,6.977375479899926,6.9091343200219475,6.841560582431176,6.774647739505421,6.708389327464909,6.642778945747883,6.577810256392304,6.513476983423611,6.449772912248453,6.38669188905437,6.324227820215323,6.26237467170306,6.201126468504223,6.140477294043166,6.080421289610406,6.020952653796683,5.9620656419325355,5.90375456553337,5.846013791749946,5.788837742824255,5.732220895550699,5.676157780742555,5.620642982703646,5.565671138705189
19,36.21,38.06,26.51,39.74,20.8,23.33,39.97,21.85,35.08,35.45,51.1,28.66,45.35,21.51,40.86,23.48,26.58,22.16,60.62,39.28,21.92,41.44,22.3,39.52,35.84,26.64,40.84,32.07,26.67,53.01,44.09,34.25,35.13,27.45,18.42,24.52,24.95,15.44,9.21,28.12,22.26,21.63,9.65,26.39,23.56,22.67,22.33,22.03,21.77,21.53,21.33,21.15,20.98,20.83,20.68,20.53,20.39,20.23,20.08,19.91,19.74,19.55,19.34,19.13,18.92,18.72,18.51,18.31,18.11,17.91,17.71,17.52,17.33,17.14,16.95,16.77,16.58,16.4,16.22,16.04,15.87,15.7,15.52,15.35,15.19,15.02,14.86,14.69,14.53,14.37,14.22,14.06,13.91,13.75,13.575864092346999,13.403933516645571,13.234180343624365,13.066576997720325,12.90109625259917,12.73771122673262,12.576395379031608,12.41712250453483,12.25986673015187,12.104602510460246,11.95130462355568,11.799948166954925,11.650508553550482,11.50296150761655,11.357283060865543,11.21344954855457,11.07143760564121,10.931224162987979,10.792786443614865,10.65610195899931,10.52114850542307,10.387904160365336,10.25634727894151,10.126456490387119,9.99821069458623,9.87158905864385,9.746571013501715,9.623136250596946,9.501264718563041,9.38093661997261,9.262132408121396,9.144832783852994,9.029018692423818,8.914671320407736,8.801772092639926,8.690302669199438,8.580244942429958,8.471581033998312,8.364293291990222,8.25836428804283,8.15377681451356,8.05051388168481,7.9485587150040615,7.8478947523589415,7.748505641386776,7.650375236818246,7.553487597854654,7.457826985578428,7.36337786039641,7.270124879515527,7.178052894450428,7.087146948562691,6.9973922746311885,6.9087742924532245,6.8212786064760556,6.7348910034584035,6.649597450161584,6.565384091069878,6.482237246139766,6.400143408577683,6.319089242645897,6.239061581496191,6.160047425030969,6.082033937791455,6.005008446872642,5.928958439864634,5.853871562820071,5.779735618247288,5.7065385631288965,5.634268506965456,5.562913709843918,5.492462580530536,5.42290367458793,5.354225692515991,5.286417477916332,5.219468015679994,5.153366430198086,5.0881019835951005,5.0236640739846,4.960042233746994,4.8972261278291205,4.835205552065374,4.773970431520084,4.713510818850896,4.653816892692871,4.594878956063056
20,41.43,38.77,22.52,33.21,35.54,25.51,37.46,26.04,56.14,37.39,35.38,34.55,19.73,17.75,27.07,24.8,36.35,42.4,40.34,29.74,59.36,45.68,27.98,43.19,43.85,37.47,22.82,36.64,26.25,42.57,24.15,21.39,27.71,25.48,17.52,32.29,26.53,12.05,38.38,20.5,36.27,27.02,29.82,28.0,24.68,23.68,23.3,22.97,22.68,22.42,22.19,21.99,21.81,21.64,21.48,21.32,21.16,21.01,20.84,20.67,20.49,20.31,20.11,19.9,19.68,19.47,19.25,19.04,18.83,18.63,18.42,18.22,18.02,17.83,17.63,17.44,17.25,17.06,16.87,16.69,16.5,16.32,16.15,15.97,15.79,15.62,15.45,15.28,15.11,14.95,14.79,14.62,14.46,14.31,14.13671897492257,13.96553622473346,13.796426341240952,13.629364223923309,13.464325076203176,13.301284401767102,13.1402180009296,12.981101967041273,12.823912682940396,12.668626817447496,12.515221321902372,12.363673426743032,12.213960638126078,12.066060734588001,11.919951763746916,11.77561203904422,11.63302013652572,11.492154891661741,11.352995396205712,11.215520995090836,11.079711283364297,10.945546103158613,10.813005540699661,10.682069923350928,10.552719816693553,10.424936021641733,10.298699571593046,10.173991729613302,10.050793985655462,9.929088053812244,9.808855869601995,9.69007958728743,9.572741577226841,9.456824423257366,9.342310920109963,9.229184070855684,9.117427084382857,9.007023372904829,8.897956549497888,8.790210425668997,8.683769008952977,8.578616500538791,8.47473729292457,8.372115967601026,8.270737292762941,8.170586221048328,8.071647887305017,7.973907606384243,7.877350870960973,7.78196334938063,7.687730883531876,7.594639486745166,7.502675341716743,7.411824798457776,7.322074372268323,7.233410741735838,7.145820746757915,7.059291386588958,6.973809817910523,6.889363352925017,6.805939457472485,6.723525749170196,6.642109995574758,6.561680112366496,6.482224161555799,6.403730349711211,6.326187026208946,6.249582681503633,6.173905945419977,6.09914558546512,6.025290505161425,5.9523297423994626,5.880252467810933,5.8090479831612924,5.738705719761839,5.66921523690104,5.600566220294834,5.53274848055572,5.465751951680367,5.3995666895555505,5.334182870482166,5.2695907897171335,5.2057808600329425,5.14274361029465,5.0804696840540995,5.018949838161179
21,35.59,27.93,36.83,31.67,35.76,49.27,28.05,23.71,57.22,24.42,27.49,27.83,23.79,47.58,41.25,45.16,65.44,39.68,35.81,34.07,41.48,38.08,38.84,30.37,53.65,34.37,17.24,42.71,47.99,19.77,35.58,2.65,15.96,35.75,27.8,34.44,20.35,26.38,26.74,43.64,26.15,38.05,29.23,14.67,22.0,24.49,24.09,23.73,23.41,23.12,22.87,22.65,22.45,22.26,22.08,21.92,21.75,21.59,21.42,21.24,21.06,20.87,20.67,20.47,20.25,20.03,19.81,19.59,19.38,19.17,18.96,18.75,18.55,18.34,18.14,17.94,17.75,17.55,17.36,17.17,16.98,16.8,16.61,16.43,16.25,16.07,15.9,15.72,15.55,15.38,15.21,15.05,14.88,14.72,14.564586022342965,14.410812907760057,14.258663331994681,14.108120153699991,13.959166412507741,13.811785327117502,13.66596029340606,13.521674882556784,13.378912839208727,13.23765807962529,13.097894689882192,12.959606924074615,12.822779202543222,12.687396110118957,12.553442394386348,12.42090296396515,12.28976288681013,12.160007388528813,12.031621850716979,11.90459180931173,11.778902952961968,11.654541121416043,11.531492303926452,11.409742637671377,11.289278406192873,11.17008603785156,11.052152104297631,10.935463318957991,10.820006535539386,10.705768746547314,10.592737081820594,10.480898807081402,10.3702413225006,10.260752161278237,10.15241898823902,10.045229598442617,9.939171915808638,9.83423399175613,9.73040400385743,9.627670254506246,9.526021169599783,9.425445297234793,9.325931306417399,9.227467985786513,9.130044242350777,9.03364910023879,8.938271699462566,8.843901294694033,8.750527254054454,8.658139057916621,8.566726297719708,8.476278674796626,8.38678599921377,8.298238188622998,8.210625267125755,8.123937364149167,8.038164713334014,7.953297651434445,7.869326617229296,7.786242150444921,7.704034890689383,7.622695576397899,7.5422150437894295,7.462584225834263,7.383794151232526,7.305835943403464,7.228700819485387,7.152380089346196,7.076865154604329,7.002147507660067,6.928218730737054,6.855070494933941,6.782694559286042,6.711082769836898,6.640227058719646,6.5701194432480765,6.500752025017301,6.432116989013907,6.364206602735507,6.2970132153195895,6.230529256681564,6.164747236661903,6.0996597441822935,6.035259446410699,5.971539087935231,5.908491489946747
22,29.1,16.78,37.66,53.4,36.68,43.04,31.82,26.22,55.23,21.59,34.37,32.79,33.02,23.82,28.13,41.64,39.62,31.65,23.39,32.97,37.47,35.62,43.88,38.58,32.69,32.75,40.24,42.79,36.64,38.61,13.69,46.38,13.32,21.33,21.82,16.6,31.65,26.17,29.21,50.26,26.2,19.74,19.67,34.41,27.58,25.38,24.96,24.58,24.23,23.91,23.64,23.39,23.16,22.96,22.77,22.59,22.41,22.23,22.06,21.88,21.69,21.49,21.29,21.08,20.87,20.65,20.42,20.2,19.98,19.76,19.54,19.33,19.12,18.91,18.7,18.5,18.29,18.09,17.9,17.7,17.51,17.31,17.13,16.94,16.75,16.57,16.39,16.21,16.03,15.86,15.68,15.51,15.34,15.17,15.01063003811575,14.85293435340691,14.696895356586099,14.542495643151957,14.389717991447869,14.23854536074107,14.088960889321923,13.94094789262318,13.794489861358997,13.649570459683488,13.506173523368647,13.364283058001387,13.223883237199543,13.08495840084659,12.94749305334495,12.811471861887586,12.676879654747827,12.543701419587089,12.41192230178043,12.281527602759665,12.152502778373892,12.024833437267255,11.898505339273733,11.773504393828802,11.649816658397784,11.527428336920702,11.406325778273471,11.286495474745271,11.167924060531895,11.050598310244936,10.93450513743664,10.819631593140237,10.705964864425644,10.593492272970293,10.482201273645023,10.372079453114775,10.263114528454043,10.155294345776825,10.04860687888099,9.943040227906893,9.83858261801005,9.735222398047803,9.632948039279736,9.53174813408178,9.431611394673812,9.332526651860615,9.234482853786073,9.137469064700468,9.04147446374069,8.946488343723304,8.85250010995026,8.759499279027182,8.667475477694046,8.576418441668153,8.486318014499266,8.397164146436749,8.30894689330864,8.221656415412474,8.135282976417768,8.049816942280044,7.9652487801662435,7.881569057391446,7.7987684403667545,7.716837693558229,7.635767678456757,7.555549352558759,7.476173768357582,7.397632072345507,7.319915504026231,7.2430153949377285,7.166923167685372,7.091630334985215,7.017128498717332,6.943409348989088,6.870464663208262,6.798286305165902,6.726866224128822,6.65619645394162,6.586269112138143,6.517076399062278,6.4486105969979866,6.380864069308472,6.313829259584393,6.24749869080103,6.181864964484295,6.116920759885518
23,32.65,44.33,38.94,23.77,33.04,25.65,32.28,27.96,41.25,36.33,33.82,37.26,40.72,51.21,40.13,48.65,18.31,56.33,51.86,44.53,37.07,38.17,45.28,38.39,26.51,26.8,32.54,25.85,39.77,33.52,40.7,38.31,19.23,34.89,15.99,35.32,27.78,48.98,34.88,29.11,35.44,22.77,29.49,32.7,28.14,26.76,26.32,25.91,25.53,25.19,24.87,24.59,24.34,24.11,23.9,23.7,23.5,23.31,23.12,22.93,22.73,22.53,22.32,22.1,21.88,21.65,21.42,21.18,20.95,20.72,20.5,20.27,20.05,19.83,19.61,19.4,19.19,18.98,18.77,18.56,18.36,18.16,17.96,17.76,17.57,17.38,17.19,17.0,16.81,16.63,16.45,16.27,16.09,15.91,15.743123617633808,15.5779975638026,15.414603479707267,15.252923199109977,15.09293874631445,14.934632334167404,14.777986362080977,14.622983414075886,14.469606256845099,14.317837837837835,14.167661283363659,14.019059896716435,13.872017156318005,13.726516713881292,13.582542392592694,13.440078185313542,13.29910825280041,13.15961692194411,13.021588684027142,12.885008192999424,12.749860263772113,12.616129870529324,12.483802145057547,12.352862375092585,12.223296002683854,12.095088622575807,11.968225980606357,11.842693972122092,11.718478640410108,11.595566175146303,11.473942910859929,11.353595325414263,11.23451003850321,11.11667381016367,11.00007353930351,10.88469626224499,10.77052915128344,10.657559513261075,10.54577478815577,10.435162547684618,10.325710493922156,10.217406457933068,10.11023839841925,10.004194400381037,9.899262673792494,9.795431552290598,9.692689491878157,9.591025069640354,9.490426982474732,9.390884045834513,9.292385192485092,9.194919471273584,9.098476045911259,9.003044193768762,8.908613304683968,8.815172879782333,8.722712530309632,8.631221976476928,8.540691046317654,8.451109674556697,8.362467901491332,8.274755871883897,8.187963833866084,8.10208213785472,8.017101235478924,7.933011678518504,7.849804117853518,7.767469302424816,7.685998078205513,7.605381387183235,7.525610266353046,7.446675846720935,7.368569352317761,7.291282099223531,7.214805494601922,7.13913103574492,7.064250309127489,6.99015498947215,6.916836838823368,6.844287705631661,6.772499523847297,6.701464312023514,6.631174172429131,6.561621290170481,6.492797932322547,6.424696447069204
24,28.78,15.29,44.93,39.29,33.65,33.54,33.18,44.75,40.27,46.3,51.08,51.33,37.53,56.34,56.82,35.3,58.27,46.81,35.16,39.7,48.99,44.54,38.74,36.56,14.73,38.24,38.29,47.19,31.53,31.18,27.67,41.23,27.83,39.14,13.47,40.22,19.23,36.62,29.3,38.4,32.37,23.37,41.23,18.41,26.0,28.62,28.15,27.71,27.3,26.91,26.56,26.25,25.96,25.7,25.46,25.23,25.02,24.81,24.6,24.39,24.17,23.96,23.73,23.5,23.26,23.02,22.78,22.53,22.29,22.04,21.8,21.56,21.33,21.09,20.86,20.63,20.41,20.19,19.96,19.75,19.53,19.32,19.11,18.9,18.69,18.49,18.28,18.08,17.89,17.69,17.5,17.3,17.12,16.93,16.72056342415193,16.513717733082533,16.309430875637858,16.107671197160336,15.908407434583856,15.711608711589452,15.517244533820993,15.325284784159997,15.135699718058932,14.948459958932242,14.763536493604375,14.580900667814149,14.400524181774703,14.222379085788392,14.046437775915932,13.872672989699108,13.701057801936404,13.531565620510882,13.364170182269698,13.19884554895455,13.035566103182513,12.874306544476562,12.715041885345222,12.557747447410698,12.402398857584913,12.24897204429285,12.097443233742617,11.947788946241646,11.799985992558463,11.65401147032948,11.509842760510228,11.36745752387048,11.226833697532745,11.087949491553596,10.950783385547256,10.81531412535098,10.681520719731678,10.549382437133282,10.418878802464354,10.289989593925418,10.162694839875565,10.036974815737796,9.912810040942674,9.790181275909749,9.669069519066367,9.549456003903332,9.431322196066986,9.314649790487294,9.199420708541425,9.085617095252424,8.973221316522574,8.862215956400933,8.752583814384703,8.64430790275399,8.537371443939506,8.431757867922862,8.327450809669005,8.224434106590428,8.122691796042737,8.022208112851219,7.922967486867983,7.824954540559346,7.728154086623046,7.632551125634941,7.538130843724822,7.444878610280968,7.352779975683107,7.261820669063417,7.171986596095232,7.083263836809086,6.9956386434357976,6.909097438276221,6.823626811597353,6.739213519554467,6.655844482138962,6.573506781151575,6.492187658200691,6.411874512725401,6.332554900043019,6.254216529420755,6.17684726217124,6.100435109771614,6.024968232005877,5.950434935130229,5.876823670061097,5.80412303058558
25,43.31,42.3,33.46,52.73,54.49,24.29,43.67,28.98,52.34,33.18,34.15,48.91,41.73,45.09,41.19,39.11,41.14,41.36,34.74,42.03,30.02,56.42,34.53,29.09,15.13,38.21,31.88,37.95,38.17,25.66,36.54,36.4,38.93,30.99,39.11,18.92,21.63,36.16,22.88,29.71,47.82,32.18,19.82,32.41,31.53,31.34,30.84,30.36,29.91,29.48,29.08,28.72,28.39,28.08,27.8,27.54,27.3,27.06,26.82,26.59,26.35,26.11,25.87,25.61,25.36,25.09,24.83,24.56,24.29,24.03,23.77,23.51,23.25,22.99,22.74,22.49,22.25,22.0,21.76,21.53,21.29,21.06,20.83,20.6,20.37,20.15,19.93,19.71,19.5,19.28,19.07,18.86,18.66,18.45,18.186704664828543,17.927166751528258,17.671332638871444,17.41914947084554,17.170565145732912,16.925528305346514,16.683988324419133,16.445895300144088,16.211200041865165,15.97985406091371,15.751809560590717,15.527019426291925,15.305437215773809,15.08701714955848,14.871714101475527,14.65948358933883,14.450281765756422,14.244065409071501,14.040791914432715,13.840419284991889,13.642906123227368,13.44821162239117,13.25629555807821,13.06711827991582,12.88064070337189,12.696824301679891,12.515631097879137,12.337023656968656,12.160965078173009,11.987418987318486,11.816349529318122,11.64772136076393,11.481499642624847,11.31765003304892,11.156138680268167,10.996932215604732,10.839997746576794,10.685302850102932,10.5328155658034,10.382504389397042,10.234338266192411,10.088286584671806,9.944319170166827,9.802406278624224,9.662518590460696,9.524627204505368,9.38870363202876,9.25471979085692,9.12264799956957,8.992460971781068,8.864131810502949,8.73763400258694,8.612941413247286,8.490028280661212,8.368869210646478,8.249439171414867,8.131713488400546,8.015667839162244,7.901278248358165,7.788521082792615,7.6773730465333285,7.567811176098463,7.459812835712276,7.3533557126285265,7.248417812520588,7.14497745493737,7.04301326882408,6.942504188106895,6.843429447340671,6.7457685774187315,6.6495014013439055,6.5546080300599,6.46106885834217,6.368864560747424,6.277976087620942,6.188384661160859,6.100071771538623,6.013019173074818,5.927208880469554,5.842623165086657,5.759244551290885,5.677055812837415,5.596039969312858,5.516180282627053,5.437460253554941,5.3598636183277755
26,44.69,30.0,29.34,46.54,55.6,37.46,44.15,51.8,60.66,35.6,40.3,51.42,51.38,31.89,57.77,41.59,23.67,52.54,35.65,54.06,45.48,40.06,38.84,10.3,35.28,27.14,37.8,31.62,28.98,40.89,53.75,48.15,28.29,41.94,47.74,33.49,43.35,27.21,28.1,34.63,32.93,50.35,31.1,22.15,31.29,34.34,33.79,33.28,32.78,32.31,31.87,31.46,31.08,30.73,30.41,30.11,29.82,29.55,29.29,29.02,28.76,28.5,28.23,27.95,27.67,27.38,27.09,26.8,26.51,26.22,25.93,25.65,25.37,25.09,24.82,24.55,24.28,24.01,23.75,23.49,23.23,22.98,22.73,22.48,22.23,21.99,21.75,21.51,21.27,21.04,20.81,20.58,20.36,20.14,19.88445035767959,19.632143298263358,19.38303767771449,19.137092874058933,18.894268780761106,18.654525800183688,18.41782483713037,18.184127292470563,17.95339505684496,17.72559050445103,17.500676486907313,17.27861632719558,17.059373813679866,16.842913194201415,16.62919917024849,16.41819689120024,16.20987194864352,16.00419037076192,15.801118616795883,15.600623571573214,15.402672540108922,15.207233242273608,15.014273807529515,14.823762769733346,14.635669062005045,14.449962011661688,14.266611335215627,14.085587133436151,13.90685988647376,13.730400449046332,13.556180045686363,13.384170266048518,13.214343060276711,13.046670734429995,12.881125945966453,12.717681699284434,12.556311341320335,12.396988557202256,12.2396873659588,12.084382116282315,11.931047482345914,11.779658459673556,11.630190361062526,11.48261881255767,11.336919749476701,11.19306941248594,11.051044343725843,10.91082138298572,10.772377663926939,10.635690610354105,10.500737932533522,10.367497623558384,10.235947955760071,10.106067477164995,9.977835007996404,9.851229637220557,9.726230719136748,9.602817870010572,9.480970964749936,9.360670133623222,9.241895759019114,9.124628472247522,9.008849150381113,8.894538913136904,8.781679119797424,8.670251366170968,8.56023748159038,8.451619525949955,8.34437978677991,8.238500776358,8.133965228857768,8.03075609753298,7.928856551937796,7.828249975182207,7.728919961222299,7.63085031218489,7.534025035726129,7.438428342423607,7.344044643201544,7.25085854678867,7.158854857208347,7.068018571300536,6.97833487627522,6.88978914729686,6.802366945099505,6.716054013632159
27,62.26,59.08,35.69,58.87,41.6,35.6,32.71,37.25,46.87,53.22,66.4,59.43,41.53,53.61,34.36,43.01,44.44,47.61,55.42,47.73,41.36,61.66,50.05,59.54,30.61,35.05,47.56,52.03,45.69,48.9,26.07,51.13,34.22,31.24,50.17,53.1,27.89,35.32,54.69,39.58,57.94,35.65,31.39,38.61,37.62,37.47,36.87,36.31,35.78,35.27,34.79,34.33,33.9,33.51,33.14,32.79,32.47,32.16,31.86,31.57,31.28,30.98,30.69,30.39,30.08,29.77,29.45,29.14,28.82,28.5,28.19,27.88,27.58,27.28,26.98,26.68,26.39,26.1,25.82,25.54,25.26,24.98,24.71,24.44,24.17,23.9,23.64,23.38,23.13,22.88,22.63,22.38,22.13,21.89,21.6537440108268,21.420037902531632,21.188854154574116,20.96016554343955,20.733945139433185,20.510166303509035,20.288802684132953,20.069828214179562,19.85321710786265,19.63894385769872,19.426983231503307,19.21731026941971,19.009900280979778,18.80472884219646,18.601771792687693,18.401005232831338,18.202405520950855,18.005949270531303,17.811613347465432,17.61937486732948,17.42921119268835,17.24109993042991,17.05501892912805,16.87094627643418,16.688860296496905,16.508739547409547,16.330562818685202,16.154309128759046,15.979957722517627,15.807488068854797,15.636879858254026,15.468113000396817,15.301167621796926,15.136024063460125,14.972662878569208,14.811064830194002,14.651210889026077,14.493082231137908,14.33666023576623,14.181926483119312,14.028862752207893,13.877451018699535,13.72767345279613,13.57951241713432,13.432950464708561,13.287970336816633,13.144554961027286,13.002687449169864,12.862351095345577,12.723529373960293,12.586205937778509,12.450364615998359,12.31598941234739,12.183064503198882,12.051574235708514,11.92150312597112,11.792835857197355,11.665557277910038,11.539652400159957,11.41510639776093,11.29190460454392,11.170032512629989,11.049475770721893,10.930220182414116,10.812251704521145,10.695556445423781,10.580120663433311,10.465930765173319,10.35297330397897,10.241234978313585,10.13070263020227,10.02136324368249,9.913203943271336,9.806211992449352,9.700374792160716,9.59567987932962,9.492114925392642,9.38966773484699,9.288326243814373,9.188078518620415,9.088912754389364,8.990817273653995,8.89378052498051,8.797791081608256,8.702837640104166,8.608909019031687
28,34.69,54.06,56.78,49.53,51.0,52.25,53.8,25.42,54.57,63.87,50.65,42.74,52.24,60.78,29.24,64.03,45.72,44.58,34.43,58.41,41.73,44.47,45.41,56.36,69.43,80.87,31.36,41.36,40.22,42.52,54.27,40.65,37.08,40.03,25.52,41.57,27.9,55.71,48.94,41.36,59.69,46.02,54.57,36.24,39.63,40.85,40.19,39.58,39.01,38.46,37.93,37.43,36.96,36.51,36.09,35.7,35.33,34.98,34.64,34.32,33.99,33.67,33.34,33.01,32.68,32.34,32.0,31.65,31.31,30.97,30.63,30.29,29.96,29.63,29.31,28.99,28.67,28.36,28.05,27.74,27.44,27.14,26.84,26.55,26.26,25.97,25.69,25.41,25.13,24.85,24.58,24.31,24.05,23.78,23.531852602259182,23.28629465493912,23.04329913678735,22.80283930852171,22.564888709887907,22.32942115674788,22.09641073819844,21.865831813720042,21.637659010355325,21.41186721991702,21.188431596225083,20.967327552372577,20.748530758020152,20.532017136718725,20.317762863260075,20.105744361055155,19.89593829953968,19.68832159160685,19.482871391066837,19.279565090132763,19.078380316932964,18.879294933049174,18.682287031080396,18.48733493223222,18.29441718393128,18.103512557464608,17.914600045643624,17.727658860492486,17.542668430960603,17.35960840065897,17.17845862562015,16.999199172081628,16.821810314292314,16.646272532341882,16.472566510012822,16.300673132654865,16.13057348508161,15.962248849489091,15.79568070339607,15.6308507176058,15.467740754189103,15.306332864488446,15.146609287142878,14.988552446133568,14.832144948849724,14.677369584174716,14.52420932059216,14.37264730431176,14.222666857414724,14.074251476018507,13.927384828460733,13.782050753502052,13.638233258547743,13.495916517887908,13.35508487095598,13.215722820605455,13.077815031404565,12.94134632794877,12.806301693190857,12.672666266788454,12.5404253434688,12.409564371410564,12.28006895064258,12.15192483145924,12.025117912852487,11.899634240960104,11.775460007530256,11.65258154840201,11.530985342001731,11.410658007855169,11.291586305115064,11.173757131104125,11.057157519873199,10.94177464077451,10.827595797049755,10.714608424432962,10.602800089767912,10.492158489639989,10.38267144902231,10.274326919935985,10.167112980124356,10.061017831741061,9.956029800051805,9.852137332149665,9.749328995683808,9.647593477601468
29,47.35,55.24,45.84,56.82,60.79,51.29,55.19,56.92,38.15,49.36,63.77,55.48,54.54,56.84,53.43,43.91,46.86,48.4,47.24,42.4,36.07,38.7,53.75,54.68,42.73,37.82,39.79,43.41,64.67,42.89,81.56,71.62,32.04,31.36,48.41,48.06,38.69,47.38,75.14,57.37,49.74,50.73,27.93,33.7,41.92,44.65,43.91,43.23,42.6,42.0,41.44,40.89,40.37,39.87,39.4,38.96,38.54,38.14,37.76,37.4,37.04,36.68,36.32,35.96,35.59,35.22,34.85,34.47,34.1,33.72,33.35,32.99,32.63,32.27,31.92,31.57,31.22,30.88,30.55,30.21,29.88,29.55,29.23,28.91,28.59,28.28,27.97,27.67,27.36,27.06,26.77,26.48,26.19,25.9,25.61072091803783,25.32467281627879,25.041819607657736,24.762125608168724,24.485555532363204,24.21207448889851,23.941647976136032,23.67424187778862,23.40982245861654,23.14835636017152,22.889810596588376,22.634152550423554,22.381349968540224,22.131370958039327,21.884183982236017,21.639757856681097,21.39806174522688,21.159065156136958,20.922737938239468,20.689050277123297,20.457972691376757,20.229476028868323,20.00353146306884,19.780110489414863,19.55918492171262,19.34072688858207,19.124708829940758,18.9111034935269,18.6998839314613,18.4910234968477,18.28449584041106,18.080274907173415,17.878334933166823,17.67865044218309,17.48119624255974,17.2859474240019,17.092879354439678,16.901967676920666,16.71318830653712,16.526517427387475,16.341931489571785,16.159407206220745,15.978921550557875,15.80045175299452,15.62397529825731,15.449469922547681,15.276913610733136,15.106284593569884,14.937561344956482,14.77072257921816,14.605747248421478,14.442614539718978,14.28130387272348,14.121794896911737,13.964067489057042,13.808101750690549,13.653878005590938,13.501376797302106,13.350578886678598,13.20146524945845,13.054017073863129,12.908215758224305,12.764042908637098,12.621480336639559,12.480510056918067,12.341114285038344,12.203275435201817,12.066976118027045,11.932199138355914,11.798927493084356,11.667144369017267,11.536833140747408,11.407977368557983,11.280560796348654,11.154567349584712,11.02998113326915,10.906786429937409,10.784967697674485,10.66450956815422,10.54539684470046,10.427614500369893,10.311147676056288,10.195981678615906,10.082101979013858,9.969494210491153,9.858144166752233
30,78.7,47.53,76.11,57.55,51.32,69.52,51.54,47.72,69.84,37.93,59.07,36.85,84.23,68.55,49.77,53.58,48.87,42.01,55.96,68.26,60.84,38.75,50.38,44.01,67.01,65.29,60.93,42.53,89.02,64.42,51.22,47.96,77.58,58.09,51.09,53.89,45.19,38.58,52.84,58.47,60.05,41.04,43.74,60.17,51.66,49.08,48.24,47.47,46.77,46.11,45.49,44.89,44.32,43.77,43.25,42.75,42.27,41.82,41.39,40.98,40.57,40.17,39.77,39.37,38.97,38.56,38.15,37.74,37.33,36.92,36.52,36.12,35.72,35.33,34.95,34.56,34.19,33.81,33.44,33.08,32.72,32.36,32.0,31.65,31.31,30.96,30.63,30.29,29.96,29.63,29.31,28.99,28.67,28.36,28.04066024772549,27.724916330337535,27.412727757955256,27.104054496622602,26.79885696317457,26.497096020161162,26.198732970828576,25.903729554156843,25.612047939953374,25.323650724001766,25.038500923265204,24.756561971143885,24.477797712785858,24.202172400450646,23.929650688925086,23.66019763099078,23.393778672942595,23.130359650157608,22.86990678271397,22.612386671059067,22.357766291726506,22.106012993101285,21.857094491232665,21.610978865694204,21.36763455549038,21.127030355009328,20.88913541002115,20.653919213721263,20.42135160281832,20.191402753666182,19.96404317843943,19.73924372135197,19.51697555491816,19.29721017625613,19.07991940343262,18.86507537184906,18.652650530668303,18.442617639281607,18.2349497638154,18.029620273677356,17.826602838141405,17.62587142297116,17.427400287081387,17.231163979237053,17.037137334789556,16.845295472449692,16.65561379109698,16.468067966624876,16.28263394882157,16.099287958285842,15.918006483377697,15.7387662772033,15.561544354633888,15.386317989358236,15.213064710968302,15.041762302077727,14.872388795472737,14.704922471295145,14.53934185425709,14.375625710887102,14.21375304680721,14.053703104040691,13.895455358350144,13.738989516605539,13.584285514181882,13.431323512386216,13.280083895913572,13.130547270331563,12.982694459593327,12.83650650357844,12.691964655661554,12.549050380308389,12.407745350698796,12.268031446376606,12.129890750925906,11.993305549673524,11.858258327417346,11.72473176618023,11.59270874298922,11.462172327679745,11.33310578072456,11.205492551087136,11.079316274099194,10.954560769362176,10.831210038672326,10.709248263969124
31,46.1,58.49,47.78,76.28,54.81,48.73,41.87,54.66,63.5,56.69,55.45,61.63,107.8,47.94,87.34,66.53,58.54,58.7,69.13,61.05,44.59,68.62,77.31,50.12,62.46,41.22,83.83,50.24,51.96,73.23,63.96,48.42,70.7,68.87,60.8,70.62,65.18,47.93,54.95,69.62,38.83,54.07,55.88,50.96,53.47,54.37,53.41,52.54,51.73,50.99,50.3,49.64,49.01,48.4,47.82,47.25,46.72,46.2,45.71,45.24,44.78,44.33,43.88,43.44,42.99,42.54,42.09,41.63,41.18,40.73,40.29,39.85,39.41,38.98,38.55,38.13,37.71,37.3,36.89,36.49,36.09,35.7,35.3,34.92,34.54,34.16,33.79,33.42,33.05,32.69,32.33,31.98,31.63,31.28,30.931529346284925,30.586940783250814,30.246191062985986,29.909237419376336,29.576037562737923,29.246549674509378,28.920732402003406,28.598544853216804,28.27994659169825,27.964897631473296,27.653358432025893,27.34528989333582,27.040653350971404,26.73941057123688,26.44152374637388,26.146955489816282,25.85566883149802,25.567627213213086,25.28279448402729,25.001134895741068,24.722613098402906,24.447194135872685,24.174843441434483,23.905526833458257,23.639210511109837,23.375861050108725,23.115445398533144,22.857930872671826,22.60328515292202,22.351476279733173,22.102472649595846,21.85624301107525,21.612756460889027,21.371982440028706,21.13389072992436,20.898451448651993,20.665635047183176,20.43541230567649,20.207754329810243,19.982632547156065,19.760018703592905,19.53988485976096,19.322203387555135,19.10694696665753,18.894088581108605,18.68360151591649,18.4754593537041,18.269635971393626,18.066105536927896,17.864842506028317,17.66582161898891,17.46901789750608,17.274406641543667,17.081963426232964,16.891664098807244,16.703484775570452,16.517401838899644,16.333391934280847,16.151431967377928,15.971499101134102,15.793570752905778,15.617624591628271,15.443638535013138,15.271590746776713,15.101459633899527,14.933223843916252,14.766862262235847,14.602354009491544,14.439678438920362,14.278815133771833,14.119743904745546,13.962444787457306,13.80689803993346,13.65308414013317,13.500983783498286,13.350577880530501,13.201847554395512,13.054774138553856,12.909339174418161,12.765524409036473,12.623311792801413,12.482683477184828,12.343621812497712,12.206109345675053,12.070128818085378,11.93566316336468
32,64.05,63.66,85.23,56.95,64.73,49.3,63.31,73.03,54.41,47.41,41.15,55.46,63.99,51.28,54.98,75.64,52.39,48.78,56.27,71.67,55.76,49.69,55.31,76.78,52.69,52.78,78.36,89.45,59.87,70.91,33.31,43.67,56.97,45.21,68.64,74.92,56.37,67.91,59.04,93.5,49.97,85.16,57.94,52.31,58.47,60.63,59.53,58.52,57.59,56.74,55.95,55.21,54.51,53.84,53.19,52.55,51.95,51.36,50.8,50.26,49.74,49.23,48.73,48.23,47.73,47.22,46.72,46.22,45.71,45.21,44.72,44.23,43.75,43.27,42.79,42.33,41.86,41.41,40.95,40.5,40.06,39.62,39.19,38.76,38.34,37.92,37.5,37.09,36.69,36.29,35.89,35.5,35.11,34.72,34.3475975907113,33.97918952342848,33.61473295533511,33.25418550314147,32.89750523815579,32.544650681408186,32.195580798827095,31.8502549964673,31.508633115789195,31.170675428988694,30.836342634377193,30.505595851811126,30.178396618170524,29.854706882886063,29.534489003514096,29.21770574135917,28.904320257143436,28.594296106722574,28.287597236847635,27.984187980972337,27.684033055105346,27.387097553707044,27.093346945630287,26.802747070104733,26.51526413276422,26.230864701716765,25.94951570365671,25.671184420018562,25.395838483172096,25.123445872658273,24.853974911465528,24.587394262345985,24.32367292417119,24.062780228326965,23.80468583514686,23.549359730383923,23.296772221720293,23.046893935314227,22.799695812384154,22.555149105829397,22.313225376887097,22.073896491825042,21.83713461866995,21.602912223970804,21.371202069596986,21.141977209570676,20.91521098693327,20.690877030645385,20.46894925252014,20.249401844189304,20.032209274102005,19.817346284555608,19.604787888758462,19.394509367924147,19.186486268396866,18.98069439880771,18.777109827261384,18.57570887855313,18.3764681314155,18.179364415794645,17.984374810155842,17.79147663881791,17.600647469316204,17.4118651097939,17.22510760642129,17.04035324084271,16.857580527650878,16.67676821188834,16.497895266575657,16.320940890266172,16.145884504626956,15.972705752045734,15.80138449326344,15.631900805032208,15.464234977798457,15.29836751341082,15.134279122852696,14.971950723999067,14.811363439397429,14.652498594072483,14.4953377133544,14.339862520730367,14.186054935719172,14.033897071768608,13.8833712341754,13.734459918027465
33,84.79,75.5,81.41,70.81,69.12,68.05,81.58,89.67,42.07,73.08,55.21,82.25,60.38,78.53,78.06,45.46,63.91,57.15,58.47,73.41,81.4,55.6,60.01,70.6,51.74,78.57,64.49,49.78,63.35,92.33,76.59,72.81,46.66,65.35,87.34,82.64,66.06,84.32,73.29,67.6,57.55,54.95,88.38,83.06,71.44,67.89,66.64,65.47,64.4,63.41,62.5,61.66,60.86,60.11,59.38,58.67,57.99,57.33,56.69,56.07,55.48,54.89,54.32,53.76,53.2,52.63,52.07,51.51,50.95,50.39,49.84,49.29,48.76,48.22,47.69,47.17,46.66,46.15,45.64,45.14,44.65,44.16,43.68,43.2,42.73,42.26,41.8,41.34,40.89,40.44,40.0,39.56,39.13,38.7,38.29906847581281,37.90229059728677,37.50962333270393,37.12102409615435,36.73645074291764,36.355861564892166,35.97921528607173,35.60647105806904,35.23758845568561,34.87252747252749,34.5112485166665,34.153712406346344,33.79988036573322,33.44971402071053,33.103175394717006,32.76022690462812,32.42083135668003,32.08495194243586,31.75255223479364,31.423596184035777,31.098048113919276,30.775872717806607,30.457035054836545,30.14150054613478,29.82923497106369,29.520204463511067,29.214375508217188,28.911714937140015,28.61218992585802,28.315767990010272,28.02241698177343,27.732105086375196,27.444800818643934,27.16047301959399,26.879090853046417,26.60062380228471,26.325041666745168,26.052314558741564,25.782412900223722,25.51530741956971,25.250969148411233,24.989369418491947,24.730479858558283,24.474272391282504,24.22071923021766,23.969792876784034,23.721466117286866,23.475712019964934,23.232503932069736,22.991815476974914,22.753620551315624,22.517893322157587,22.284608224195384,22.05373995697985,21.82526348217416,21.59915402083837,21.375387050742024,21.153938303704678,20.93478376296395,20.717899660570808,20.50326247481189,20.290848927658494,20.080635982242004,19.872600840355478,19.666720939981126,19.462973952843377,19.261337781987326,19.061790559382246,18.86431064354994,18.66887661721766,18.47546728499534,18.284061671076895,18.09463901696533,17.90717877922143,17.721660627235746,17.53806444102371,17.35637030904353,17.176558526036757,16.99860959089116,16.82250420452581,16.648223267798006,16.475747879431935,16.305059333968767,16.136139119737997,15.968968916849802,15.803530595208183
34,83.94,85.07,81.36,49.56,70.89,84.58,59.42,64.43,101.14,69.78,97.32,63.0,74.3,62.75,76.09,61.06,66.99,61.59,71.41,73.02,75.69,73.92,63.09,77.87,70.12,67.71,40.33,91.32,80.16,78.58,94.71,83.07,75.77,61.08,73.61,73.11,56.88,80.12,86.83,90.22,109.5,81.27,75.09,73.85,75.52,76.16,74.74,73.41,72.16,71.02,69.96,68.99,68.08,67.22,66.4,65.61,64.84,64.09,63.37,62.66,61.98,61.32,60.67,60.03,59.4,58.77,58.14,57.51,56.88,56.26,55.65,55.04,54.44,53.84,53.25,52.67,52.09,51.52,50.96,50.4,49.85,49.31,48.77,48.23,47.71,47.18,46.67,46.16,45.65,45.15,44.66,44.17,43.69,43.21,42.75813876871555,42.3110027994616,41.86854267861354,41.43070950928135,40.99745490590592,40.5687309889119,40.144490379416474,39.72468619399343,39.30927203949201,38.89820200790996,38.49143067132015,38.08891307685029,37.690604741715084,37.296461648300436,36.90644023929895,36.52049741289636,36.13859051800833,35.760677349566954,35.386716143856674,35.01666557389888,34.65048474488481,34.28813318965623,33.929570864233334,33.57475814338942,33.223655816271865,32.87622508206887,32.53242754572153,32.19222521368076,31.855580489708522,31.52245617072309,31.19281544268761,30.866621876541775,30.54383942417598,30.22443241444762,29.90836554923896,29.595603899556377,29.28611290167023,28.979858353295217,28.676806409810634,28.376923580520124,28.08017672495061,27.78653304918988,27.495960102262476,27.208425772543514,26.923898284209955,26.642346193729036,26.3637383863834,26.088044072832545,25.81523278571028,25.5452743762577,25.278139010991445,25.013797168406718,24.752219635714845,24.49337750561493,24.23724217309926,23.983785332292133,23.732978973321718,23.48479537922468,23.239207122883094,22.996187063993478,22.75570834606745,22.517744393463794,22.28226890845155,22.049255868303803,21.81867952242188,21.590514389489638,21.364735254657433,21.141317166755655,20.920235435537297,20.70146562894941,20.4849835704331,20.270765336251714,20.05878725284702,19.84902589422299,19.641458079356973,19.43606086963792,19.232811566331414,19.03168770807119,18.832667068376903,18.635727653197847,18.440847698482372,18.24800566777269,18.05718024982487,17.86835035625368,17.6814951192021,17.496593889035175
35,64.23,99.57,90.76,75.81,116.73,71.24,78.84,92.49,93.51,103.58,69.78,89.16,102.08,76.68,67.8,110.72,100.17,62.19,66.36,76.24,68.04,97.63,61.58,80.45,87.93,49.16,77.86,91.56,90.79,101.13,77.92,58.73,76.56,93.64,115.99,112.9,106.73,85.09,77.09,84.02,101.03,72.26,71.65,84.64,85.06,85.34,83.79,82.28,80.86,79.53,78.3,77.16,76.11,75.13,74.2,73.31,72.44,71.6,70.79,69.99,69.22,68.47,67.73,67.01,66.3,65.59,64.88,64.18,63.48,62.79,62.1,61.42,60.75,60.09,59.43,58.78,58.14,57.5,56.87,56.25,55.63,55.03,54.42,53.83,53.24,52.66,52.08,51.51,50.95,50.39,49.84,49.29,48.76,48.22,47.702254349308525,47.190067814311995,46.683380705919305,46.18213397593042,45.68626921015505,45.19572862160512,44.71045504376049,44.23039192390683,43.75548331654512,43.285673876871854,42.820908854329346,42.36113408622514,41.90629599142005,41.45634156408395,41.01121836751853,40.5708745280465,40.13525872896634,39.70432020457192,39.2780087342364,38.85627463655966,38.43906876357849,38.026342495039025,37.61804773273063,37.21413689488066,36.814562910609375,36.419279214444394,36.028239740894065,35.6413989190791,35.25871166742184,34.88013338839256,34.50561996331212,34.135127747210554,33.76861356374071,33.406034700146606,33.047348902285776,32.69251436970506,32.34148975076928,31.99423413784221,31.650707062519263,31.31086849091144,30.974678818979836,30.642098867920275,30.31308987959751,29.987613512028428,29.66563183491375,29.347107325217753,29.032002862795373,28.720281726066325,28.411907587735662,28.106844510560258,27.805056943160753,27.5065097158785,27.211168036676952,26.91899748708707,26.629964018196276,26.344033946680483,26.061173950878697,25.781351066909778,25.50453268483092,25.230686544837358,24.95978073350286,24.69178368006064,24.426664152724143,24.164391255047367,23.904934422324267,23.648263418026815,23.394348330281282,23.143159568382394,22.894667859344885,22.648844244492093,22.405660076081176,22.165087013964573,21.9270970222873,21.691662366219713,21.45875560872535,21.22834960736349,21.00041751112603,20.77493275730831,20.551869068413573,20.331200449090645,20.112901183104473,19.896945830339238,19.6833092238336,19.471966466847803,19.262892929962263,19.05606424820732
36,103.94,92.14,112.72,80.29,89.96,93.81,92.37,85.2,113.15,102.04,103.58,64.11,97.18,88.72,96.98,65.51,73.91,80.57,71.64,78.2,80.88,75.24,99.95,98.18,95.17,107.99,105.36,104.13,114.02,81.35,94.34,56.01,107.52,70.01,81.2,95.5,121.05,135.03,99.06,111.31,103.17,88.86,111.68,120.6,101.03,95.3,93.67,92.01,90.4,88.87,87.45,86.13,84.92,83.78,82.72,81.71,80.74,79.8,78.88,77.98,77.11,76.26,75.43,74.62,73.82,73.02,72.24,71.45,70.67,69.9,69.14,68.38,67.63,66.89,66.16,65.44,64.72,64.01,63.31,62.62,61.94,61.26,60.59,59.93,59.27,58.62,57.98,57.35,56.72,56.1,55.49,54.88,54.28,53.69,53.0921286931172,52.50091505245892,51.91628494080022,51.338165046479936,50.76648287420757,50.20116673597242,49.642145742054055,49.089349792132886,48.54270956649964,48.002156517362835,47.46762286025298,46.939041565522515,46.41634634994038,45.89947166838026,45.388352705601264,44.88292536812026,44.38312627617463,43.88889275577455,43.40016283084377,42.91687521544793,42.4389693061094,41.9663851742077,41.49906355846454,41.03694585751257,40.57997412254686,40.12809105005818,39.681239974647305,39.2393648619192,38.802410301456426,38.37032149987076,37.94304427393222,37.520525043774505,37.10271082617626,36.68954922791699,36.28098843920708,35.8769772271909,35.47746492952235,35.08240144801179,34.69173724234388,34.30542332386531,33.92341124944165,33.54565311538268,33.17210155143538,32.802709714843736,32.437431284474755,32.07622045500987,31.71903193120102,31.3658209221907,31.01654313589526,30.67115477345078,30.329612523720712,29.99187355786477,29.657895523968254,29.327636541731188,29.001055197216598,28.678110537657275,28.358762066320374,28.042969737429164,27.730693951141376,27.42189554858344,27.11653580694002,26.814576434598262,26.51597956634604,26.220707758623767,25.92872398482902,25.639991630673443,25.354474489591404,25.072136758199743,24.79294303180807,24.51685829997909,24.243847942138363,23.973877723232906,23.706913789438207,23.442922663912988,23.18187124260127,22.9237267900812,22.668456935460046,22.416029668314955,22.16641333467892,21.919576633071383,21.67548861057312,21.43411865894476,21.195436510788603,20.959412235753096,20.72601623677964,20.495219246391162
37,98.25,117.2,95.61,141.19,117.85,93.07,126.48,113.69,115.33,77.22,78.65,86.23,111.34,113.06,88.65,97.23,85.84,128.21,85.41,90.65,66.17,95.06,101.8,104.52,112.34,104.75,102.38,86.98,90.37,85.18,83.81,82.09,87.01,68.24,120.33,93.02,124.22,118.21,118.0,101.88,105.29,102.12,116.9,123.83,110.17,105.98,104.31,102.55,100.78,99.06,97.43,95.91,94.5,93.19,91.97,90.82,89.72,88.66,87.64,86.64,85.66,84.71,83.77,82.86,81.96,81.08,80.2,79.33,78.46,77.6,76.75,75.91,75.08,74.26,73.45,72.65,71.85,71.07,70.29,69.52,68.76,68.01,67.27,66.53,65.8,65.08,64.37,63.67,62.97,62.28,61.6,60.93,60.26,59.6,58.92670047672386,58.261007199220266,57.60283423994471,56.95209664207375,56.30871040853877,55.67259249118368,55.043660780045066,54.42183409275349,53.80703216405443,53.19917563544769,52.598186044943816,52.00398581693626,51.416498252187885,50.83564751793073,50.26135863807743,49.693557483543394,49.1321707626782,48.57712601180516,48.02835158586769,47.48577664918138,46.94933116629059,46.41894589292822,45.89455236707773,45.37608290013602,44.86347056817629,44.3566492033094,43.85555338514303,43.360118432337195,42.870280394255154,42.38597604270874,41.90714286379683,41.43371904983609,40.96564349138287,40.502855769345146,40.04529614718369,39.5929055632013,39.14562562291908,38.70339859153891,38.2661673864911,37.833875570066105,37.406467342129616,36.98388753291988,36.56608159592636,36.15299560084896,35.74457622663661,35.34077075460469,34.941527061630076,34.5467936134231,34.156519457875504,33.77065421848356,33.3891480878455,33.01195182123236,32.6390167302315,32.27029467646192,31.90573806536054,31.54529984003872,31.18893347520817,30.836592971175467,30.48823284790444,30.143808139145616,29.803274386631955,29.46658763434022,29.133704422817136,28.80458178356964,28.47917723351853,28.157448769514758,27.839354862917666,27.524854454234482,27.213906947820366,26.906472206638337,26.602510547078403,26.30198273383517,26.00484997484342,25.711073916270774,25.420616637567033,25.133440646569394,24.849508874662945,24.568784671995882,24.29123180274875,24.016814440457125,23.745497163387135,23.47724494996325,23.212023174247687,22.949797601470912,22.69053438361262,22.434200055032633
38,117.62,123.8,143.65,132.98,110.51,120.97,93.39,100.35,134.44,133.28,127.71,128.2,88.93,105.5,94.07,93.95,122.91,101.04,108.7,102.46,90.39,115.69,85.45,106.36,96.97,116.94,89.33,96.84,89.11,92.6,118.73,137.68,81.98,83.63,97.01,94.66,110.58,101.02,117.85,112.46,160.91,123.91,97.52,86.02,109.23,117.38,115.68,113.88,112.0,110.1,108.27,106.53,104.9,103.39,101.99,100.67,99.42,98.23,97.09,95.97,94.88,93.81,92.77,91.75,90.75,89.76,88.79,87.82,86.86,85.91,84.97,84.04,83.12,82.21,81.32,80.43,79.55,78.68,77.82,76.97,76.12,75.29,74.47,73.65,72.85,72.05,71.26,70.48,69.71,68.95,68.2,67.45,66.71,65.98,65.24144346721421,64.51115407222959,63.789039275661,63.075007573976116,62.36896848790044,61.67083255095213,60.980511298105135,60.29791725457933,59.62296392475595,58.95556578121731,58.295638253909026,57.64309771942371,56.99786149040446,56.35984780506712,55.72897581683971,55.10516558411785,54.488338060134936,53.87841508294559,53.27531936552131,52.67897448595697,52.08930487778693,51.50623582040954,50.929693429618865,50.35960464824235,49.79589723688332,49.23849976476707,48.68734160068947,48.14235290406682,47.60346461608596,47.07060845095339,46.543716887242354,46.022723159336856,45.50756124897129,44.99816587686494,44.49447249445001,43.996417275692295,43.50393710900343,43.01696958924355,42.53545300981368,42.059326354836394,41.588529291424244,41.12300216203451,40.66268597690971,40.207522406602585,39.757453774584896,39.312423049938815,38.87237384013022,38.437250383862875,38.00699754401254,37.58156080064025,37.16088624408373,36.744920568126204,36.33361106324163,35.92690560991554,35.52475267204071,35.12710129038665,34.73390107614228,34.34510220453089,33.96065540849645,33.580511972460805,33.20462372615052,32.83294303849301,32.46542281158088,32.10201647470386,31.742677978447578,31.38736178885834,31.036022881673247,30.688616736614915,30.345099331750014,30.005427137911006,29.6695571131803,29.33744669743613,29.009053806959525,28.684336829101625,28.363254617010675,28.04576648441807,27.731832200482764,27.421411984693346,27.114466501827234,26.810956856966282,26.510844590568123,26.214091673592787,25.920660502683763,25.630513895403077,25.343615085519676,25.059927718350547
39,139.44,140.28,152.65,147.3,136.28,98.02,113.29,144.9,120.84,166.98,109.11,139.54,93.09,148.75,85.99,126.29,112.35,94.82,101.26,138.44,104.8,118.97,122.67,115.95,108.43,106.53,123.75,126.16,106.61,101.51,163.34,90.48,119.41,84.76,126.37,141.87,144.54,175.95,181.08,154.32,157.24,125.97,143.98,139.4,131.16,129.51,127.79,125.95,124.01,121.99,119.97,118.01,116.16,114.42,112.81,111.3,109.88,108.53,107.24,106.0,104.79,103.6,102.44,101.31,100.2,99.1,98.02,96.95,95.89,94.84,93.81,92.78,91.77,90.76,89.77,88.79,87.82,86.86,85.91,84.97,84.04,83.12,82.21,81.31,80.42,79.54,78.67,77.81,76.96,76.12,75.29,74.46,73.65,72.84,72.03756398395052,71.24396793989244,70.45911448298355,69.68290730121392,68.9152511435872,68.15605180843194,67.40521613184188,66.66265197624345,65.92826821908929,65.20197474167622,64.48368241808659,63.7733031042512,63.07074962713298,62.37593577402959,61.68877628199404,61.0091868273717,60.33708401545278,59.67238537023858,59.01500932432062,58.364875208871275,57.721903243744535,57.086014527686004,56.4571310286506,55.835175574227016,55.22007184216763,54.61174435102272,54.01011845087792,53.41512031419364,52.82667692674546,52.24471607866432,51.66916635557536,51.09995712983449,50.53701855186135,49.98028154156791,49.42967777988138,48.88513970036055,48.34660048090449,47.81399403555258,47.287255006374906,46.7663187554519,46.251121356942505,45.74159958923951,45.23769092721151,44.73933353453017,44.2464662560821,43.759028610464334,43.27696078256241,42.80020361621028,42.32869860693106,41.862387894757745,41.401214257132985,40.945121101887175,40.4940524602938,40.04795298020131,39.60676791924072,39.170443138107935,38.73892509392018,38.31216083364555,37.890097987604946,37.47268476304566,37.0598699377857,36.65160285392808,36.247833411644535,35.84851206302749,35.45358980600996,35.06301817835226,34.6767492516951,34.294735625678115,33.916930422123215,33.54328727928198,33.173760346146466,32.80830427682272,32.44687422496615,32.08942583827834,31.735915253064398,31.38629908885033,31.04053444305963,30.698578885748603,30.360390454399607,30.025927648771724,29.695149425808104,29.368015194599433,29.04448481140291,28.724518574716036,28.40807722040475,28.09512191688515
40,151.24,183.38,153.55,121.18,141.0,149.15,116.32,127.3,139.02,129.46,113.41,121.19,130.5,153.76,154.53,127.65,142.56,104.48,125.58,129.27,138.45,95.09,111.72,96.54,141.5,108.36,125.51,137.9,128.43,106.46,103.79,129.13,104.36,124.94,147.95,147.57,131.84,144.31,169.43,152.56,159.61,150.86,159.61,156.19,145.23,142.37,140.64,138.76,136.77,134.67,132.51,130.36,128.27,126.3,124.46,122.73,121.11,119.59,118.14,116.75,115.4,114.09,112.8,111.55,110.31,109.1,107.91,106.73,105.56,104.41,103.27,102.14,101.02,99.92,98.82,97.74,96.67,95.62,94.57,93.54,92.51,91.5,90.5,89.51,88.53,87.57,86.61,85.66,84.72,83.8,82.88,81.98,81.08,80.19,79.29951966221047,78.41892777973945,77.54811454494215,76.68697136954721,75.83539087111585,74.99326685965168,74.16049432435898,73.3369694205481,72.5225894566864,71.71725288159274,70.92085927177435,70.13330931890425,69.3545048174378,68.58434865236663,67.82274478710869,67.06959825153271,66.32481513011568,65.58830255023173,64.85996867057128,64.13972266968852,63.427474734676295,62.72313604996659,62.0266187862555,61.33783608955109,60.65670207034294,59.98313179289191,59.31704126463891,58.658347425731186,58.00696813866496,57.36282217804313,56.72582922044662,56.09590983441826,55.47298547055789,54.856978451727414,54.24781196336469,53.64541004390492,53.0496975753084,52.46060027369358,51.87804468007393,51.30195815119786,50.73226885049026,50.16890573909465,49.611798567014844,49.06087786435489,48.516074932656416,47.97732183633201,47.444551394193915,46.91769717107665,46.39669346955267,45.88147532174018,45.371978481201644,44.86813941493254,44.36989529543888,43.87718399290281,43.389944067435124,42.90811476141395,42.43163599190833,41.96044834318608,41.4944930593048,41.0337120367851,40.57804781736529,40.12744358083646,39.68184313795713,39.24119092344661,38.80543198905611,38.37451199671688,37.94837721176433,37.52697449623751,37.11025130225286,36.698155665451715,36.290636198520374,35.887642084782314,35.48912307186142,35.09502946541567,34.70531212294034,34.319922447640096,33.93881238236905,33.5619344036382,33.189241515689304,32.82068724463469,32.45622563266205,32.095811232303575,31.73939910076884,31.386944794340494,31.038404362832257,30.693734344108442
41,150.3,162.18,164.07,118.84,182.24,144.85,130.87,150.57,100.13,155.88,135.36,143.21,148.37,160.03,153.77,106.04,119.54,139.91,130.65,135.91,134.49,136.11,141.32,102.02,119.68,138.95,115.3,134.95,142.59,152.73,144.15,136.5,100.06,140.53,98.02,171.75,141.04,131.57,206.32,157.6,186.66,178.36,146.03,150.04,153.52,155.97,154.24,152.33,150.28,148.11,145.86,143.56,141.26,139.05,136.96,135.0,133.16,131.43,129.8,128.24,126.74,125.29,123.87,122.48,121.12,119.79,118.47,117.18,115.89,114.63,113.37,112.13,110.91,109.7,108.5,107.31,106.14,104.98,103.83,102.69,101.57,100.46,99.36,98.27,97.2,96.14,95.09,94.05,93.02,92.0,90.99,90.0,89.02,88.04,87.07582590764395,86.12221101202086,85.1790396736041,84.24619751929858,83.32357142857141,82.41104951973443,81.50852113637687,80.61587683394671,79.733008366479,78.85980867346936,77.9961718668915,77.14199321835666,76.29716914641384,75.46159720398903,74.63517606596206,73.81780551687945,73.00938643880183,72.20982079928451,71.4190116394896,70.63686306242836,69.8632802213323,69.09816930815171,68.34143754217996,67.59299315880264,66.85274539836968,66.1206044951895,65.39648166664357,64.68028910242032,63.97193995386677,63.271348323457005,62.578429254375756,61.89309872021622,61.21527361479064,60.544871742052464,59.88181180612894,59.22601340146276,58.57739700306176,57.93588395685541,57.30139647015678,56.67385760222916,56.05319125495581,55.43932216361201,54.83217588773815,54.23167880211266,53.63775808782402,53.050341723440305,52.469358476275644,51.894737893752165,51.326410294856615,50.76430676169058,50.20835913111314,49.65849998647516,49.114662649444,48.57678117191785,48.04479032802857,47.518625606232064,46.9982232014854,46.48352000750949,45.97445360913654,45.47096227474131,44.97298494875533,44.48046124426296,43.99333143567861,43.511536451504206,43.03501786716588,42.56371789792915,42.09757939189172,41.63654582305296,41.18056128445933,40.729570481424844,40.2835187248258,39.84235192446894,39.40601658253226,38.97445978707757,38.54762920563421,38.12547307885298,37.707940214229524,37.294979979896596,36.88654229848412,36.48257764104666,36.08303702105727,35.68787198846722,35.297034623830704,34.91047753249389,34.52815383884772,34.15001718064348
42,209.34,181.18,214.7,218.45,180.32,179.73,181.51,169.11,145.22,116.21,178.57,114.75,143.02,163.53,145.19,145.18,178.01,177.88,166.91,196.06,146.0,144.95,153.59,136.27,142.0,185.27,150.45,134.26,156.7,125.48,150.03,161.71,128.84,144.54,120.68,151.12,156.2,165.24,178.86,140.71,174.81,157.33,154.32,180.65,171.81,170.32,168.65,166.72,164.61,162.38,160.04,157.63,155.17,152.74,150.4,148.19,146.11,144.15,142.31,140.56,138.89,137.28,135.72,134.19,132.7,131.23,129.79,128.36,126.96,125.57,124.2,122.84,121.5,120.17,118.86,117.56,116.27,115.0,113.74,112.5,111.27,110.05,108.85,107.66,106.48,105.32,104.17,103.03,101.9,100.79,99.68,98.59,97.52,96.45,95.40143519801822,94.3642699620702,93.33838036075413,92.3236438099996,91.31993905841983,90.32714617282336,89.34514652388312,88.3738227719614,87.41305885308888,86.46273996509603,85.52275255389537,84.59298429991287,83.67332410466676,82.7636620774924,81.8638895224113,80.97389892514302,80.09358394025826,79.22283937847153,78.36156119407215,77.50964647249158,76.6669934180063,75.83350134157405,75.00907064880253,74.19360282804878,73.38700043864797,72.58916709927018,71.80000747640374,71.01942727296377,70.24733321702458,69.48363305067457,68.72823551899229,67.98105035914232,67.24198828958973,66.51096099943177,65.7878811378456,65.0726623036506,64.3652190349844,63.66546679909086,62.973321982219254,62.288701879633244,61.61152468572843,60.94170948425734,60.279176238660746,59.62384578250401,58.97563981001751,58.33448086673975,57.70029234026237,57.07299845107566,56.45252424351363,55.83879557679748,55.231739116176584,54.63128232416556,54.03735345187682,53.44988153044719,52.86879636255789,52.29402851404654,51.72550930561044,51.163170804600135,50.606945816902,50.05676787890922,49.51257124958008,48.97429090258241,48.441862518523685,47.91522247726537,47.39430785032097,46.879056393336676,46.369406538653706,45.86529738795163,45.366668704971495,44.87346090831829,44.38561506434144,43.9030728800928,43.42577669636127,42.95366948078299,42.48669482102655,42.02479691805227,41.567920579444674,41.11601121281762,40.669014819290936,40.226877987038115,39.78954788490412,39.35697225609252,38.92909941192132,38.50587822564667,38.08725812635367,37.67318909291365
43,206.03,213.49,242.32,239.75,229.18,158.23,170.78,208.79,184.55,181.56,183.75,175.72,208.66,220.31,142.36,195.85,209.35,206.78,183.63,169.6,180.21,169.34,155.31,188.12,148.16,151.3,154.52,152.6,151.02,130.15,115.7,127.75,158.97,153.74,160.1,179.2,171.26,180.12,180.02,236.36,180.97,200.73,215.23,183.62,183.45,185.47,183.9,182.01,179.87,177.57,175.14,172.63,170.05,167.45,164.88,162.41,160.07,157.87,155.8,153.84,151.98,150.19,148.47,146.79,145.15,143.54,141.96,140.4,138.87,137.35,135.85,134.36,132.89,131.44,130.0,128.58,127.17,125.78,124.41,123.05,121.7,120.37,119.06,117.76,116.47,115.19,113.93,112.69,111.46,110.24,109.03,107.84,106.66,105.5,104.34282681724555,103.19834604941894,102.06641848019619,100.94690642024287,99.83967369046536,98.74458560544582,97.6615089570589,96.59031199826796,95.53086442709943,94.48303737079243,93.44670337012259,92.42173636389782,91.40801167362385,90.40540598833833,89.413797349611,88.43306513670854,87.46309005192204,86.50375410605548,85.55494060407338,84.61653413090576,83.688420537409,82.77048692648042,81.86262163932544,80.96471424187519,80.07665551135315,79.19833742298913,78.32965313687899,77.47049698498843,76.62076445829945,75.78035219409766,74.94915796339912,74.12708065851501,73.31402028075286,72.50987792825235,71.71455578395498,70.92795710370532,70.1499862044829,69.38054845276326,68.61955025300655,67.86689903627243,67.12250324895984,66.38627234167033,65.65811675819342,64.93794792461293,64.22567823853268,63.521221058420394,62.82449069306854,62.13540239117067,61.45387233101221,60.77981761027417,60.1131562359489,59.45380711436628,58.8016900413293,58.156725692358066,57.5188356130405,56.88794220948911,56.263968738902335,55.64683930022943,55.03647882493776,54.43281306788135,53.83576859826962,53.24527279073509,52.66125381649923,52.083640634634996,51.512362983425334,50.947351371816495,50.388537070964986,49.83585210587732,49.28922924714142,48.74860200274874,48.21390461000608,47.68507202753613,47.16203992736572,46.64474468710086,46.13312338218768,45.62711377825811,45.12665432355966,44.63168414146817,44.14214302308264,43.65797141990138,43.17911043657844,42.70550182375948,42.23708797099621,41.773811899738604,41.31561725640395,40.86244830552189
44,251.77,236.79,240.78,222.9,188.19,243.64,191.02,213.49,248.49,184.57,210.27,205.48,198.66,187.84,199.48,188.06,208.02,200.69,180.99,186.49,199.02,162.19,166.91,173.14,175.42,133.66,148.81,161.33,206.39,184.61,149.31,175.69,139.84,163.69,181.12,188.86,187.21,188.52,191.73,155.74,245.43,205.23,172.53,163.54,190.57,201.45,200.07,198.28,196.16,193.81,191.3,188.69,186.0,183.25,180.5,177.8,175.2,172.74,170.42,168.23,166.16,164.17,162.27,160.42,158.62,156.86,155.13,153.42,151.74,150.09,148.44,146.82,145.22,143.63,142.06,140.51,138.97,137.45,135.95,134.46,132.99,131.54,130.1,128.68,127.27,125.88,124.5,123.14,121.8,120.46,119.15,117.84,116.56,115.28,114.02439703194236,112.78246979960119,111.55406935004143,110.33904835268872,109.13726108165913,107.94856339828115,106.77281273380822,105.6098680723194,104.45958993380638,103.32184035744473,102.19648288504722,101.08338254469749,99.98240583456192,98.89342070687785,97.81629655211616,96.75090418331634,95.69711582059224,94.65480507580659,93.62384693741224,92.60411775545883,91.59549522676251,90.59785838023724,89.61108756238599,88.6350644229498,87.66967190071318,86.71479420946427,85.77031682410767,84.83612646692868,83.91211109400719,82.99815988177942,82.09416321374606,81.20001266732527,80.31560100084877,79.44082214069958,78.57557116858992,77.71974430897762,76.8732389166196,76.0359534642609,75.20778753045782,74.38864178753371,73.57841798966587,72.77701896110229,71.98434858450663,71.20031178943027,70.42481454090982,69.65776382818885,68.89906765356243,68.14863502134334,67.40637592694817,66.67220134610253,65.94602322416375,65.22775446555984,64.51730892334358,63.81460138886021,63.119547581527904,62.43206413872932,61.75206860581334,61.079479426205786,60.41421593162772,59.75619833242034,59.10534770797526,58.46158599726905,57.82483598950078,57.195021314831585,56.57206643522521,55.9558966353881,55.346438013808296,54.74361747389195,54.14736271519634,53.55760222475832,52.97426526851737,52.397281882831884,51.82658286608798,51.2620997703997,50.70376489339952,50.151511270118384,49.60527266495412,49.064983563727324,48.53057916582382,48.00199537642268,47.47916879880882,46.96203672676949,46.45053713707341,45.94460868203194,45.44419068214118,44.94922311880432
45,276.8,302.52,267.64,281.62,240.83,258.85,267.84,266.67,300.66,232.14,200.38,233.98,183.98,218.48,220.17,259.45,200.41,193.35,186.34,169.67,144.8,231.4,222.59,210.4,183.13,200.38,169.86,186.5,193.94,152.39,196.62,192.47,182.69,166.45,203.63,203.68,154.66,209.34,193.78,215.65,198.09,241.04,212.74,189.41,209.11,218.36,217.25,215.63,213.6,211.26,208.69,205.98,203.17,200.3,197.4,194.5,191.66,188.94,186.35,183.91,181.6,179.4,177.29,175.26,173.28,171.35,169.46,167.6,165.77,163.95,162.16,160.39,158.64,156.9,155.19,153.49,151.81,150.15,148.51,146.89,145.28,143.69,142.12,140.57,139.03,137.51,136.01,134.52,133.05,131.6,130.16,128.74,127.33,125.94,124.56795045358152,123.21084865972638,121.86853177059336,120.54083871248211,119.22761016650496,117.92868854946896,116.64391799496661,115.37314433467229,114.11621507984252,112.87297940301792,111.64328811992426,110.42699367157101,109.22395010654452,108.03401306349451,106.85703975381104,105.69288894449043,104.5414209411877,103.4024975714537,102.2759821681549,101.16173955307373,100.05963602068769,98.96953932212502,97.89131864929536,96.82484461919313,95.76998925837209,94.72662598758876,93.6946296066135,92.6738762792068,91.66424351825928,90.66561017109382,89.67785640492735,88.70086369249158,87.7345147978099,86.77869376212956,85.83328589000699,84.8981777355446,83.97325708877781,83.05841296221008,82.15353557749482,81.25851635226238,80.37324788709037,79.49762395261634,78.63153947679028,77.77489053226655,76.92757432393287,76.0894891765752,75.26053452267705,74.44061089035172,73.62961989140602,72.82746420953396,72.03404758863908,71.24927482128415,70.47305173726646,69.70528519231773,68.94588305692716,68.19475420528606,67.45180850435321,66.71695680303907,65.99011092150793,65.2711836405967,64.56008869134882,63.856740744662304,63.16105540105045,62.47294918051429,61.79233951252517,61.11914472611659,60.45328404008392,59.79467755329097,59.143246235082046,58.498911915798566,57.86159727739897,57.23122584418074,56.60772197360362,55.991010847212756,55.381018461660666,54.77767161982713,54.18089792203577,53.59062575736628,53.0067842950614,52.42930347602741,51.85811400442727,51.293147339365404,50.73433568666291,50.18161199072255,49.63490992648228,49.09416389145646
46,279.82,411.69,263.95,325.36,238.73,268.93,315.88,279.17,263.6,213.77,248.99,266.3,239.33,230.08,224.52,235.22,206.08,224.99,264.87,288.29,230.07,242.2,207.51,275.01,202.5,221.36,232.4,191.6,205.37,205.66,220.11,179.66,189.91,196.81,166.35,231.04,185.94,172.94,228.4,290.45,239.18,227.81,214.21,196.57,224.42,236.29,235.52,234.17,232.31,230.04,227.46,224.68,221.76,218.76,215.72,212.65,209.61,206.63,203.78,201.07,198.5,196.06,193.73,191.49,189.32,187.21,185.14,183.11,181.1,179.12,177.16,175.23,173.31,171.42,169.54,167.69,165.86,164.04,162.25,160.48,158.72,156.99,155.27,153.58,151.9,150.24,148.59,146.97,145.36,143.77,142.2,140.65,139.11,137.59,136.0730279898509,134.57278106204484,133.0890748174119,131.62172688983975,130.17055692385838,128.73538655247228,127.31603937523683,125.9123409365765,124.52411870434206,123.1512020486042,121.79342222068104,120.45061233239669,119.12260733556867,117.80924400172145,116.51036090202354,115.22579838744588,113.95539856913902,112.69900529902661,111.4564641506127,110.227622400001,109.01232900712299,107.81043459717336,106.62179144224987,105.44625344319581,104.28367611164254,103.13391655225001,101.99683344514328,100.87228702854235,99.76013908158382,98.66025290733172,97.57249331597586,96.49672660821516,95.43282055882442,94.38064440040216,93.3400688072977,92.3109658797153,91.29320912799382,90.28667345705949,89.29123515105012,88.30677185810887,87.3331625753458,86.37028763396488,85.41802868455538,84.4762686825452,83.54489187381449,82.62378378046826,81.71283118676536,80.81192212520301,79.92094586275456,79.03979288725897,78.16835489396038,77.30652477219616,76.45419659223163,75.61126559223997,74.77762816542568,73.95318184729001,73.13782530303675,72.33145831511699,71.53398177091103,70.74529765054625,69.9653090148493,69.19391999343088,68.43103577290228,67.67656258522145,66.93040769616785,66.1924793939442,65.46268697790389,64.74094074740289,64.02715199077427,63.3212329744245,62.62309693204982,61.932658053971664,61.249831476589506,60.5745332719501,59.90668043743165,59.246190885541765,58.59298343382785,57.946977794898814,57.30809456655669,56.67625522203714,56.05138210035753,55.43339839677141,54.82222815332824,54.217796249537216,53.62002839313403,53.02885111094938
47,344.55,338.33,316.48,311.9,292.53,246.35,235.68,296.01,309.87,290.01,298.13,252.52,250.95,236.74,268.55,256.18,229.69,301.9,255.65,276.98,291.16,215.72,236.76,244.9,214.79,223.06,244.18,230.1,218.16,181.88,224.34,210.58,167.62,213.63,211.1,212.67,200.56,255.92,256.4,234.12,301.82,301.24,232.69,197.73,238.98,255.26,254.83,253.82,252.22,250.1,247.59,244.78,241.77,238.65,235.46,232.24,229.01,225.82,222.71,219.73,216.89,214.19,211.62,209.15,206.77,204.45,202.19,199.97,197.78,195.61,193.48,191.36,189.27,187.2,185.16,183.13,181.13,179.15,177.19,175.26,173.34,171.45,169.57,167.72,165.88,164.07,162.28,160.5,158.75,157.01,155.3,153.6,151.92,150.26,148.60150276658544,146.96131122379543,145.33922332226715,143.73503924276096,142.14856137154538,140.5795942760538,139.02794468080972,137.49342144361796,135.97583553201844,134.47500000000005,132.99072996497128,131.52284258498534,130.07115703621645,128.63549449068472,127.21567809422716,125.81153294471144,124.42288607049043,123.04956640909445,121.69140478615857,120.34823389458282,119.01988827392199,117.7062042900034,116.40702011476915,115.12217570634125,113.85151278930655,112.59487483521946,111.35210704331962,110.12305632146267,108.90757126726129,107.70550214943451,106.5167008893629,105.34102104284715,104.17831778206833,103.02844787774687,101.89126968149877,100.76664310838642,99.65442961966201,98.55449220570145,97.46669536912663,96.39090510811401,95.32698889988738,94.27481568439289,93.23425584815415,92.2051812083057,91.18746499680256,90.18098184480414,89.18560776723048,88.20122014748907,87.22769772236994,86.26492056710792,85.31277008060935,84.37112897084214,83.4398812403869,82.51891217214771,81.60810831522048,80.70735747091734,79.81654867894532,78.9355722037375,78.06431952093506,77.20268330401865,76.3505574110871,75.50783687178225,74.67441787435799,73.8501977528921,73.03507497463914,72.22894912752305,71.43172090776771,70.64329210766407,69.8635656034723,69.09244534345741,68.32983633605711,67.57564463817997,66.829777343633,66.09214257167689,65.36264945570746,64.6412081320622,63.92772972895027,63.222126355504656,62.52431109095528,61.83419797392147,61.15170199182273,60.476739070406325,59.80922606339047,59.149080742221834,58.49622178594612,57.85056877119039
48,338.21,287.63,329.72,361.42,340.08,361.31,369.05,264.17,313.78,330.81,313.23,308.06,249.28,251.08,263.16,312.67,285.3,282.83,251.3,243.77,273.92,309.31,282.05,239.37,301.21,270.1,240.88,231.56,240.32,230.65,236.28,184.48,222.06,224.63,275.9,218.27,210.06,215.54,253.09,235.87,264.93,292.19,246.63,247.39,265.05,275.3,275.17,274.49,273.21,271.34,268.96,266.19,263.14,259.91,256.58,253.2,249.8,246.41,243.07,239.83,236.71,233.74,230.91,228.19,225.58,223.04,220.57,218.14,215.75,213.39,211.06,208.75,206.47,204.22,201.98,199.78,197.59,195.43,193.3,191.18,189.1,187.03,184.98,182.96,180.96,178.98,177.03,175.09,173.18,171.29,169.41,167.56,165.73,163.92,162.11992412833789,160.3396156623843,158.57885752777332,156.8374350339258,155.11513584787198,153.4117499683616,151.72706970025823,150.06088962921484,148.4130065966276,146.78321967486445,145.17133014276587,143.5771414614147,142.00045925017196,140.44109126297593,138.8988473649014,137.37353950897634,135.86498171325326,134.37299003813223,132.897382563933,131.43797936871348,129.99460250633157,128.5670759847482,127.15522574456826,125.75887963781774,124.37786740695334,123.01202066410289,121.66117287053376,120.3251593163466,119.00381710039215,117.69698511040859,116.40450400337699,115.1262161860925,113.8619657959489,112.61159868193413,111.37496238583454,110.15190612364556,108.94228076718653,107.74593882591732,106.5627344289547,105.39252330728621,104.2351627761794,103.090511717784,101.95843056392552,100.83878127908744,99.7314273435805,98.63623373689676,97.55306692124637,96.48179482527533,95.42228682796181,94.37441374268951,93.3380478014958,92.31306263949291,91.29933327946007,90.29673611660506,89.30514890349293,88.32445073514027,87.35452203427317,86.39524453674713,85.44650127712691,84.508176574425,83.58015601799634,82.6623264535884,81.75457596954399,80.85679388315586,79.9688707271711,79.09069823644363,78.22216933473345,77.36317812165073,76.5136198597432,75.67339096172559,74.84238897784897,74.02051258340914,73.20766156639196,72.40373681525442,71.60864030683987,70.82227509442606,70.04454529590427,69.27535608208838,68.51461366515227,67.76222528719417,67.01809920892667,66.28214469849081,65.55427202039314,64.83439242456419,64.12241813553703,63.41826234174489
49,460.69,397.22,388.67,392.25,349.17,348.6,278.1,397.65,360.48,300.15,355.64,339.92,376.27,295.57,339.14,326.65,310.9,323.03,356.62,272.7,304.56,294.96,283.53,227.3,294.56,256.01,338.18,274.26,232.11,253.07,237.99,224.54,238.05,233.49,262.49,242.37,249.37,234.38,217.52,318.5,280.14,239.19,265.23,294.06,292.36,296.34,296.51,296.11,295.14,293.57,291.41,288.75,285.72,282.43,278.97,275.43,271.85,268.28,264.73,261.25,257.86,254.61,251.5,248.52,245.66,242.88,240.18,237.54,234.94,232.37,229.83,227.32,224.83,222.38,219.95,217.54,215.17,212.82,210.49,208.19,205.91,203.66,201.44,199.24,197.06,194.91,192.78,190.67,188.58,186.52,184.49,182.47,180.47,178.5,176.53776302094002,174.5970967643562,172.67776410493025,170.7795305240446,168.90216408112707,167.04543538531058,165.20911756740452,163.39298625217413,161.5968195309245,159.82039793438636,158.06350440589935,156.32592427489058,154.60744523064454,152.9078572963613,151.22695280349998,149.56452636640427,147.92037485720678,146.29429738100947,144.68609525133655,143.09557196585777,141.52253318237797,139.96678669509112,138.428142411095,136.9064123271643,135.4014105067789,133.9129530574048,132.4408581080246,130.98494578691535,129.54503819967024,128.12095940746224,126.71253540554649,125.31959410199909,123.94196529668969,122.57948066048502,121.23197371468126,119.89927981066238,118.58123610978203,117.27768156346687,115.98845689353827,114.71340457275058,113.45236880554319,112.20519550900433,110.97173229404399,109.75182844677387,108.54533491009204,107.35210426547002,106.17199071494,105.00485006328023,103.85053970039611,102.70891858389498,101.57984722185252,100.4631876557686,99.3588034437104,98.26655964364092,97.18632279693081,96.11796091205129,95.06134344844642,94.01634130058278,92.9828267821742,91.96067361058032,90.94975689137615,89.9499531030917,88.96114008211917,87.98319700778602,87.0160043875922,86.05944404260968,85.11339909304246,84.17775394394522,83.25239427109916,82.33720700704296,81.43208032725734,80.53690363650145,79.65156755529958,78.77596390657632,77.90998570243863,77.0535271311033,76.20648354396799,75.36875144282457,74.54022846721286,73.72081338191347,72.91040606457805,72.10890749349575,71.31621973549377,70.53224593397135,69.75689029706496,68.99005808594379
50,519.71,525.47,474.36,504.14,404.12,449.52,383.97,357.57,398.21,364.42,396.81,356.12,372.81,347.24,382.51,358.84,361.66,317.24,395.06,277.7,347.98,322.94,298.12,300.7,327.8,336.46,304.26,309.47,318.32,273.39,300.36,284.28,288.3,305.39,265.83,286.45,266.22,282.89,273.05,332.45,338.52,303.09,321.5,361.17,325.18,318.18,318.73,318.61,317.9,316.61,314.72,312.26,309.31,306.01,302.47,298.78,295.02,291.25,287.5,283.8,280.16,276.63,273.24,269.99,266.86,263.84,260.9,258.02,255.2,252.41,249.65,246.92,244.22,241.55,238.91,236.3,233.72,231.17,228.64,226.14,223.67,221.23,218.81,216.42,214.05,211.72,209.4,207.11,204.85,202.61,200.4,198.21,196.04,193.9,191.7558321555505,189.63537475847164,187.5383656159897,185.46454543468792,183.413657788445,181.38544908672839,179.37966854323793,177.39606814489642,175.43440262118284,173.49442941380508,171.57590864670763,169.6786030964112,167.80227816268024,165.94670183951473,164.11164468646297,162.29687980025133,160.50218278672793,158.72733173311647,156.97210718057693,155.23629209706957,153.51967185051925,151.82203418227624,150.14316918087061,148.48286925605697,146.840929113146,145.21714572761996,143.61131832002894,142.02324833116452,140.45273939750825,138.89959732695135,137.36363007478303,135.84464771994445,134.34246244154488,132.8568884956381,131.3877421922551,129.93484187269112,128.49800788704357,127.07706257199862,125.67183022886312,124.28213710183967,122.90781135654193,121.54868305874737,120.20458415338507,118.87534844375581,117.56081157098205,116.26081099368506,114.9751859678868,113.70377752713412,112.44642846284262,111.202983304858,109.97328830223225,108.75719140421255,107.55454224144022,106.36519210735779,105.18899393982147,104.0258023029171,102.87547336897704,101.73786490079611,100.612836234044,99.50024825987227,98.39996340771361,97.3118456282715,96.23576037669761,95.17157459595568,94.11915670036889,93.07837655934964,92.04910548130879,91.03121619774322,90.02458284749912,89.02908096120933,88.04458744590289,87.07098056978465,86.1081399471832,85.15594652366538,84.21428256131516,83.28303162417562,82.3620785638516,81.45130950527174,80.55061183260796,79.65987417535054,78.77898639453733,77.9078395691351,77.04632598257156,76.1943391094163,75.35177360220902,74.51852527843339
51,519.99,522.59,419.71,387.77,385.26,433.75,506.22,454.0,429.68,426.11,400.19,436.65,356.43,444.8,367.57,400.03,404.03,378.28,353.74,367.31,381.48,372.01,362.55,342.03,315.17,327.86,344.42,326.25,299.51,300.82,335.26,325.31,323.56,302.36,324.1,324.35,284.17,319.32,320.97,307.49,332.47,310.69,333.83,393.38,349.15,340.57,341.63,341.86,341.4,340.34,338.71,336.47,333.68,330.43,326.85,323.06,319.14,315.17,311.21,307.28,303.41,299.63,295.96,292.43,289.03,285.74,282.55,279.43,276.37,273.35,270.36,267.41,264.49,261.6,258.74,255.91,253.12,250.35,247.62,244.91,242.24,239.59,236.97,234.38,231.82,229.29,226.78,224.3,221.85,219.43,217.03,214.66,212.31,209.99,207.66001843225186,205.35588959132897,203.0773266236814,200.82404585859376,198.59576677286998,196.39221195590918,194.21310707516935,192.0581808420142,189.92716497793907,187.81979418117135,185.73580609364151,183.6749412683211,181.6369431369224,179.621557977957,177.62853488514855,175.65762573619617,173.70858516188434,171.78117051553545,169.8751418428015,167.99026185179085,166.12629588352635,164.28301188273159,162.46018036894083,160.65757440792996,158.874969583464,157.11214396935847,155.3688781018505,153.6449549522766,151.94015990005363,150.25428070595947,148.5871074857102,146.93843268383048,145.30805104781388,143.69575960256975,142.1013576251539,140.52464661977936,138.9654302931047,137.4235145297963,135.89870736836198,134.39081897725248,132.8996616312285,131.42504968798963,129.96679956506281,128.5247297169471,127.09866061251213,125.6884147126472,124.29381644815864,122.91469219791205,121.55087026721738,120.20218086645369,118.86845608993117,117.54952989498749,116.24523808131646,114.95541827052563,113.6799098859211,112.41855413251633,111.17119397726293,109.93767412950075,108.71784102162496,107.51154278996744,106.31862925589063,105.13895190709079,103.97236387910907,102.8187199370474,101.67787645748751,100.54969141061042,99.43402434251439,98.33073635772902,97.23969010192344,96.16074974480631,95.09378096321556,94.03865092439574,92.99522826946101,91.96338309704149,90.94298694711115,89.93391278499519,88.9360349855547,87.94922931754694,86.97337292815916,86.00834432771391,85.05402337454419,84.11029126003632,83.17703049383881,82.2541248892354,81.34145954868025,80.43892084949383
52,547.77,626.96,594.26,617.82,540.93,519.67,477.33,405.77,444.41,491.84,420.71,494.38,490.41,501.11,439.41,459.77,434.24,417.52,437.09,428.51,402.59,382.07,405.41,380.78,386.69,397.15,322.29,358.7,343.19,360.35,316.87,309.94,333.22,301.88,281.52,303.38,357.15,353.68,252.28,328.46,400.19,386.99,372.87,315.86,346.75,363.55,365.15,365.87,365.73,364.89,363.45,361.43,358.84,355.71,352.15,348.29,344.23,340.08,335.91,331.75,327.65,323.62,319.69,315.88,312.2,308.64,305.18,301.81,298.51,295.24,292.02,288.83,285.67,282.55,279.46,276.41,273.39,270.41,267.45,264.53,261.64,258.78,255.95,253.16,250.39,247.65,244.95,242.27,239.63,237.01,234.42,231.86,229.32,226.82,224.29817300935775,221.8043841607256,219.3383217208204,216.89967742226764,214.4881464250669,212.10342727848564,209.7452218833767,207.41323545491474,205.10717648574695,202.82675670955356,200.57169106501348,198.3416976601704,196.13649773719527,193.95581563754047,191.79937876748147,189.6669175640415,187.5581654612952,185.47285885704673,183.41073707987857,181.3715423565666,179.3550197798573,177.36091727660354,175.38898557625433,173.4389781796951,171.51065132843434,169.6037639741328,167.71807774847156,165.853356933355,164.00936843144532,162.18588173702418,160.38266890717875,158.59950453330802,156.83616571294567,155.09243202189663,153.36808548668293,151.66291055729644,149.97669408025408,148.30922527195287,146.66029569232123,145.02969921876303,143.4172320203916,141.82269253255004,140.24588143161478,138.68660161007935,137.1446581519154,135.61985830820717,134.1120114730572,132.62092915975998,131.1464249772402,129.6883146067533,128.24641577884475,126.82054825056585,125.41053378294252,124.01619611869477,122.63736096020386,121.27385594772447,119.92551063783895,118.59215648215138,117.27362680621822,115.96975678871348,114.68038344082532,113.40534558588185,112.14448383920347,110.89764058817912,109.66465997256402,108.44538786499672,107.23967185173238,106.04736121359062,104.86830690711491,103.70236154594166,102.5493793823763,101.40921628917425,100.28172974152449,99.16677879923338,98.06422408910662,96.97392778752696,95.89575360322584,94.82956676024642,93.775233981096,92.73262347008585,91.7016048968563,90.68204938008483,89.67382947137551,88.67681913932734,87.69089375377996,86.71593007023431
53,677.25,656.26,650.79,508.62,558.08,544.3,529.66,514.1,509.85,524.49,466.42,438.94,519.89,456.45,478.59,463.97,500.35,391.33,373.93,385.49,349.66,457.98,370.83,429.55,362.32,383.87,385.73,362.78,403.98,317.08,463.93,404.82,299.72,306.46,392.44,328.98,331.42,350.72,353.65,322.04,419.54,302.46,408.75,350.6,372.56,387.5,389.46,390.7,391.02,390.46,389.2,387.34,384.93,381.95,378.47,374.6,370.45,366.14,361.76,357.37,353.03,348.75,344.56,340.47,336.51,332.67,328.94,325.3,321.74,318.22,314.75,311.31,307.91,304.54,301.22,297.93,294.67,291.45,288.27,285.12,282.01,278.93,275.88,272.86,269.88,266.93,264.02,261.13,258.28,255.46,252.67,249.91,247.18,244.48,241.75227419182434,239.05498231724073,236.38778481707828,233.75034592071452,231.1423336038055,228.56341954648772,226.0132790920463,223.49159120604423,220.99803843590774,218.5323068709625,216.09408610291567,213.68306918677914,211.2989526022284,208.94143621539274,206.61022324107168,204.30502020537304,202.02553690876783,199.77148638955728,197.54258488774772,195.338551809328,193.1591096909463,191.00398416498007,188.87290392499645,186.76560069159785,184.6818091786483,182.62126705987717,180.58371493585489,178.56889630133767,176.57655751297628,174.60644775738498,172.6583190195672,170.73192605169294,168.82702634222488,166.943380085389,165.0807501509854,163.23890205453645,161.41760392776771,159.61662648941837,157.83574301637714,156.07472931514042,154.3333636935888,152.6114269330785,150.90870226084408,149.22497532270924,147.56003415610206,145.91366916337103,144.28567308539928,142.67584097551284,141.0839701736801,139.50986028099916,137.95331313446994,136.41413278204752,134.89212545797403,133.38709955838556,131.8988656171916,130.42723628222308,128.97202629164698,127.53305245064386,126.11013360834578,124.70309063503112,123.31174639957446,121.93592574714755,120.5754554771693,119.23016432150172,117.89988292288922,116.58444381363834,115.28368139453548,113.99743191399976,112.7255334474685,111.46782587701271,110.2241508711801,108.99435186506277,107.77827404058752,106.57576430702592,105.38667128172192,104.21084527103443,103.04813825149255,101.89840385116104,100.76149733121373,99.63727556771252,98.52559703358965,97.42632178083099,96.33931142285816,95.26442911710716,94.20153954780147,93.15050890891723
54,692.94,718.44,687.32,739.94,640.38,608.73,630.92,595.57,612.06,567.19,523.84,553.75,522.65,566.68,489.67,550.09,501.86,485.03,452.49,444.78,462.58,449.38,406.55,403.4,453.46,417.23,476.17,409.7,441.24,452.9,380.38,353.58,392.52,315.32,359.01,341.7,383.36,411.09,362.49,375.31,420.7,431.55,380.19,429.3,412.0,413.04,415.01,416.58,417.39,417.26,416.25,414.53,412.24,409.4,406.03,402.2,398.0,393.56,388.99,384.38,379.78,375.24,370.79,366.43,362.18,358.05,354.03,350.12,346.28,342.49,338.75,335.05,331.39,327.77,324.19,320.65,317.15,313.69,310.26,306.87,303.52,300.2,296.93,293.68,290.47,287.3,284.16,281.06,277.99,274.95,271.95,268.98,266.04,263.13,260.19505818754624,257.292852602214,254.42301810539595,251.5851936312265,248.7790221411548,246.00415057902418,243.26022982665256,240.54691465990854,237.86386370527734,235.21073939691104,232.5872079341582,229.9929392395668,227.42760691735594,224.89088821235063,222.38246396937458,219.9020185930959,217.44924000832083,215.02381962073025,212.62545227805404,210.25383623167863,207.90867309868295,205.58966782429727,203.2965286447814,201.0289670507166,198.78669775070696,196.56943863548574,194.37691074242207,192.20883822042333,190.06494829522939,187.9449712350936,185.84864031684677,183.7756917923395,181.72586485525918,179.6989016083165,177.69454703079867,175.71254894648402,173.75265799191453,171.81462758502272,169.89821389410776,168.00317580715821,166.12927490151674,164.2762754138829,162.44394421065115,160.632050758579,158.84036709578288,157.06866780305714,155.31672997551334,153.58433319453542,151.87125950004798,150.177293363094,148.50222165871793,146.84583363915175,145.2079209072999,143.58827739051995,141.98669931469564,140.40298517859944,138.83693572854054,137.28835393329618,135.75704495932217,134.24281614624013,132.74547698259803,131.26483908190124,129.80071615891077,128.3529240062059,126.92128047100843,125.5056054322651,124.10572077798594,122.72145038283516,121.3526200859722,119.99905766913969,118.6605928349961,117.33705718568973,116.02828420167211,114.73410922074726,113.454369417355,112.18890378208509,110.93755310142005,109.70015993770376,108.47656860933364,107.26662517117363,106.07017739518578,104.88707475127775,103.71716838836403,102.56031111563833,101.41635738405488,100.28516326801636
55,736.62,757.04,773.6,708.51,701.81,697.45,619.48,670.15,702.29,513.78,622.03,553.35,528.24,582.97,506.06,548.4,552.65,579.46,588.28,534.35,556.66,484.45,469.42,512.47,490.02,433.22,459.83,423.53,402.06,425.13,425.99,394.49,451.14,407.9,443.13,439.36,368.93,374.44,415.69,425.96,487.46,461.69,434.23,427.21,431.8,440.85,442.49,444.04,445.16,445.49,444.86,443.36,441.17,438.41,435.14,431.37,427.17,422.64,417.91,413.08,408.23,403.42,398.68,394.03,389.49,385.06,380.75,376.54,372.41,368.34,364.32,360.34,356.4,352.51,348.66,344.85,341.09,337.36,333.68,330.03,326.43,322.86,319.34,315.85,312.4,308.99,305.61,302.27,298.97,295.71,292.48,289.28,286.12,283.0,279.85062941922445,276.73630666549855,273.6566417084498,270.61124885816554,267.59974671689054,264.62175813126095,261.67691014507125,258.7648339525654,255.88516485224923,253.0375422012154,250.2216093699777,247.43701369780769,244.68340644856798,241.9604427670377,239.26778163572342,236.60508583215108,233.9720218866329,231.36826004050448,228.79347420482677,226.2473419195472,223.72954431311578,221.23976606255027,218.7776953539458,216.34302384342425,213.9354466185179,211.55466215998274,209.2003723040373,206.87228220502095,204.57010029846833,202.29353826459447,200.04231099218632,197.81613654289603,195.6147361159318,193.43783401314138,191.28515760448437,189.1564372938887,187.05140648548695,184.96980155022874,182.9113617928641,180.8758294192951,178.86294950428973,176.87246995955635,174.9041415021721,172.95771762336383,171.03295455763555,169.12961125223995,167.24744933698975,165.38623309440436,163.5457294301895,161.7257078440449,159.9259404007971,158.14620170185313,156.38626885697252,154.64592145635274,152.92494154302562,151.22311358556124,149.54022445107483,147.87606337853495,146.23042195236798,144.60309407635668,142.9938759478295,141.40256603213635,139.8289650374092,138.27287588960314,136.73410370781534,135.21245577987858,133.7077415382264,132.219772536027,130.74836242358248,129.2933269249909,127.85448381506808,126.43165289652595,125.02465597740529,123.63331684875928,122.25746126258548,120.89691691000351,119.55151339967549,118.22108223646654,116.90545680034295,115.60447232550504,114.3179658797523,113.0457763440781,111.78774439249162,110.54371247206417,109.31352478319762,108.09702726011253
56,880.25,842.86,955.35,937.68,763.91,730.1,735.24,697.67,697.46,688.49,726.44,694.78,649.73,731.28,596.11,616.55,615.68,547.94,578.1,475.19,538.44,548.78,578.09,557.39,527.41,503.69,550.77,524.7,445.23,494.03,475.56,476.93,506.64,446.44,441.82,420.79,480.33,460.37,429.01,406.9,482.07,480.77,529.57,511.94,475.34,471.48,472.62,473.83,474.9,475.5,475.3,474.15,472.13,469.44,466.2,462.48,458.29,453.71,448.85,443.82,438.72,433.63,428.59,423.64,418.79,414.04,409.41,404.89,400.45,396.07,391.75,387.47,383.24,379.05,374.92,370.82,366.77,362.77,358.81,354.89,351.01,347.18,343.39,339.64,335.93,332.26,328.63,325.04,321.49,317.98,314.51,311.07,307.67,304.31,300.9343259324288,297.596097809488,294.2949002478375,291.0303224719344,287.8019582629193,284.6094059080695,281.45226815081304,278.3301521412971,275.24266938750486,272.1894357069144,269.1700711786943,266.1842000964288,263.2314509213682,260.3114562361972,257.4238526993163,254.5682809996306,251.74438581183978,248.95181575222406,246.1902233349208,243.45926492868622,240.7586007141362,238.08789464146219,235.44681438861542,232.8350313199555,230.25222044535758,227.69806037977287,225.17223330323824,222.6744249213289,220.20432442605022,217.76162445716304,215.3460210639383,212.9572136673356,210.59490502260147,208.25880118228264,205.9486114596495,203.6640483925251,201.40482770751566,199.170668284638,196.9612921223388,194.7764243029024,192.61579295824217,190.47912923607137,188.36616726644914,186.27664412869774,184.21029981868676,182.1668772164803,180.14612205434267,178.14778288509962,176.1716110508499,174.21736065202438,172.28478851678815,170.3736541707821,168.48371980720003,166.61475025719807,164.76651296063184,162.93877793711852,161.13131775741996,159.34390751514303,157.57632479875406,155.8283496639036,154.09976460605847,152.39035453343683,150.69990674024402,149.02821088020514,147.375058940391,145.7402452153348,144.12356628143556,142.52482097164582,140.94381035043978,139.38033768905944,137.83420844103514,136.3052302179777,134.79321276563914,133.29796794023883,131.81930968505236,130.35705400726007,128.9110189550525,127.48102459498958,126.06689298961115,124.66844817529581,123.28551614036533,121.91792480343207,120.56550399198639,119.2280854212217,117.90550267309453,116.5975911756166
57,929.43,1005.48,925.47,856.61,884.41,895.2,959.63,891.74,802.56,910.57,777.62,779.17,714.61,736.56,721.7,762.63,753.26,679.45,623.36,723.39,707.22,624.65,569.78,586.2,654.55,586.57,546.54,543.37,519.85,494.42,542.53,441.41,489.2,546.37,475.95,505.43,472.59,472.54,510.22,463.48,540.16,491.73,527.01,506.95,500.18,505.3,505.83,506.51,507.21,507.75,507.79,507.01,505.29,502.73,499.51,495.78,491.59,486.97,482.01,476.8,471.47,466.09,460.73,455.45,450.27,445.2,440.23,435.37,430.6,425.89,421.24,416.65,412.1,407.6,403.15,398.75,394.39,390.09,385.83,381.61,377.45,373.33,369.25,365.22,361.23,357.28,353.38,349.52,345.71,341.93,338.2,334.5,330.85,327.24,323.6194090033652,320.03887631000913,316.4979587139294,312.9962179127653,309.53322045354366,306.108537679025,302.7217456746438,299.37242521603486,296.0601617171414,292.78454517889634,289.54517013847186,286.3416356190902,283.17354508039034,280.0405063693427,276.9421316717083,273.8780374640337,270.84784446617806,267.8511775943648,264.8876659147529,261.9569425975223,259.0586448714663,256.1924139790875,253.35789513218978,250.55473746796184,247.78259400554683,245.04112160309208,242.32998091527446,239.64883635129536,236.99735603334062,234.3752117555,231.7820789431411,229.21763661273275,226.6815673321131,224.17355718119725,221.6932957131193,219.24047591580472,216.8147941739679,214.41595023152965,212.04364715445118,209.69759129397872,207.37749225029523,205.08306283657404,202.81401904343022,200.57008000376527,198.35096795800087,196.15640821969708,193.98612914155123,191.83986208177268,189.71734137082984,187.61830427856512,185.54249098167335,183.48964453154062,181.4595108224384,179.4518385600699,177.46637923046424,175.50288706921503,173.56111903105892,171.640834759791,169.74179655851313,167.86376936021105,166.00652069865757,164.16982067963724,162.35344195248945,160.55715968196674,158.780751520404,157.02399758019598,155.28668040657888,153.56858495071359,151.8694985430663,150.18921086708394,148.5275139331607,146.88420205289256,145.25907181361683,143.6519220532333,142.06255383530387,140.49077042442795,138.93637726188985,137.39918194157616,135.8789941861592,134.37562582354397,132.88889076357611,131.4186049750069,129.96458646271375,128.5266552451723,127.104633332178,125.69834470281407
58,1065.17,1043.46,948.28,1035.24,1125.79,960.94,929.56,887.11,1035.03,849.64,824.9,842.6,828.61,679.59,779.07,750.97,680.18,692.69,764.78,696.39,703.37,626.93,668.11,599.93,577.04,590.24,538.94,614.45,578.9,539.98,505.07,612.03,450.98,554.99,504.05,514.26,545.56,489.31,486.49,543.94,573.26,547.64,546.3,529.04,533.95,542.59,542.46,542.51,542.65,542.79,542.73,542.16,540.77,538.46,535.32,531.55,527.3,522.62,517.57,512.2,506.64,500.98,495.31,489.69,484.15,478.72,473.39,468.17,463.04,457.98,452.98,448.04,443.15,438.31,433.53,428.79,424.11,419.48,414.9,410.37,405.89,401.46,397.08,392.74,388.46,384.21,380.02,375.87,371.77,367.71,363.69,359.72,355.79,351.91,348.0497481370847,344.2318410340374,340.4558141930087,336.7212082114256,333.0275687260991,329.37444635794503,325.7613966573115,322.18798004990543,318.6537617833129,315.158311874106,311.7012050555295,308.28202072576175,304.9003428967432,301.5557601435658,298.2478655544179,294.9762566810782,291.7405354899529,288.5403083136493,285.3751858030815,282.24478288010073,279.1487186906459,276.0866165584076,273.05810393900043,270.0628123746384,267.1003774493071,264.17043874442777,261.272639795008,258.40662804627254,255.57205481077116,252.76857522595583,249.99584821222376,247.2535364314209,244.54130624580017,241.85882767743016,239.20577436804905,236.58182353935885,233.98665595375542,231.4199558754888,228.88141103225007,226.3707125771794,223.88755505129058,221.43163634630835,219.00265766791267,216.60032349938675,214.22434156566342,211.87442279776639,209.55028129764082,207.2516343033706,204.97820215477626,202.72970825939103,200.50587905880965,198.3064439954064,196.13113547941828,193.97968885638934,191.8518423749719,189.74733715508125,187.66591715639942,185.60732914722462,183.5713226736623,181.55765002915427,179.56606622434177,177.59632895725957,175.64819858385678,173.72143808884087,171.81581305684185,169.93109164389256,168.06704454922186,166.22344498735717,164.40006866053312,162.59669373140287,160.81310079604862,159.04907285728834,157.30439529827524,155.57885585638687,153.87224459740062,152.18435388995246,150.51497838027598,148.86391496721834,147.23096277753044,145.61592314142808,144.01859956842125,142.43879772340847,140.87632540303338,139.33099251230072,137.80261104144896,136.2909950430762
59,1063.66,1072.76,1117.41,1201.73,1171.2,1101.14,1058.43,1047.31,1020.29,1073.7,984.4,883.92,901.54,883.24,746.52,862.27,797.3,792.49,773.78,736.13,772.77,705.96,798.53,679.91,639.9,682.25,597.37,671.37,650.2,577.78,591.57,533.45,587.15,541.76,553.5,566.53,570.89,610.11,621.53,576.79,618.95,590.94,635.97,576.66,575.47,583.62,582.81,582.17,581.65,581.21,580.73,580.02,578.79,576.75,573.79,570.05,565.71,560.92,555.74,550.23,544.45,538.51,532.52,526.54,520.63,514.81,509.1,503.49,497.98,492.54,487.16,481.85,476.59,471.39,466.24,461.15,456.12,451.14,446.22,441.35,436.53,431.76,427.05,422.39,417.78,413.22,408.7,404.24,399.83,395.46,391.15,386.88,382.65,378.47,374.3368318281895,370.2488008644442,366.205414177563,362.2061842195124,358.2506287666389,354.3382708615226,350.468638755466,346.64126585161137,342.85569064867855,339.11145668531753,335.40811248506895,331.74521150192544,328.1223120664872,324.53897733270617,320.9947752252116,317.48927838721033,314.0220641289571,310.5927143767863,307.2008156227018,303.84595887451576,300.52773960653303,297.24575771077406,293.99961744872985,290.7889274036442,287.6133004333172,284.4723536234237,281.3657082413423,278.2929896904874,275.25382746514134,272.24785510577874,269.2747101548794,266.3340341132231,263.42547239666254,260.5486742933675,257.70329292153684,254.88898518757094,252.10541174470268,249.3522369520787,246.6291288342884,243.93575904133456,241.27180280904113,238.63693891989357,236.0308496643066,233.45322080231512,230.90374152568344,228.3821044204283,225.88800542975102,223.42114381737485,220.9812221312822,218.56794616784836,216.18102493636647,213.82017062396025,211.4850985608798,209.17552718617628,206.89117801375153,204.63177559877855,202.3970475044885,200.18672426932068,198.0005393744308,195.8382292115547,193.69953305122246,191.58419301132005,189.4919540259939,187.42256381489543,185.37577285276143,183.35133433932626,181.349004169563,179.36854090424956,177.40970574085605,175.4722624847502,173.55597752071725,171.66061978479075,169.78596073639125,167.93177433076877,166.09783699174693,164.28392758476392,162.48982739020852,160.71532007704712,158.96019167673853,157.22423055743397,155.50722739845864,153.80897516507207,152.129269083504,150.4679066162629,148.82468743771426,147.19941340992548
60,1215.71,1291.63,1177.34,1227.54,1227.38,1177.79,1110.99,1189.99,1221.77,1035.4,1014.37,1150.95,1085.64,921.93,1038.16,968.49,846.98,795.66,814.79,898.16,961.87,943.4,829.7,832.02,757.03,755.22,696.92,749.67,724.41,704.85,687.18,661.21,625.52,650.82,577.91,637.67,612.08,647.04,635.51,660.05,677.74,638.11,671.37,619.55,620.15,628.66,627.17,625.81,624.57,623.44,622.35,621.19,619.78,617.84,615.1,611.47,607.1,602.16,596.81,591.11,585.11,578.91,572.59,566.24,559.93,553.7,547.57,541.55,535.62,529.78,524.0,518.28,512.62,507.03,501.5,496.02,490.61,485.26,479.96,474.72,469.54,464.42,459.35,454.33,449.37,444.47,439.62,434.82,430.07,425.38,420.73,416.14,411.6,407.1,402.6207063219461,398.19069800830937,393.80943277556923,389.4763743069138,385.1909921865888,380.95276183496827,376.76116444434047,372.61568691539975,368.5158217944371,364.46106721122254,360.4509268175698,356.48490972657834,352.5625304525427,348.68330885152386,344.84677006257385,341.0524444496075,337.2998675439136,333.5885799872988,329.91812747585664,326.2880607043558,322.69793531123986,319.1473118242325,315.635755606541,312.16283680365194,308.72813029071165,305.33121562048666,301.9716769718957,298.64910309910874,295.36308728120576,292.1132272723893,288.8991252527451,285.7203877795445,282.57662573908266,279.4674542990461,276.39249286140534,273.3513650158252,270.34369849358797,267.3691251220231,264.42728077943923,261.51780535055116,258.6403426823977,255.79454054074463,252.980050566967,250.19652823540625,247.4436328111962,244.7210273085534,242.028378449526,239.36535662319682,236.7316358453353,234.1268937184933,231.55081139253983,229.00307352563033,226.48336824560505,223.99138711181263,221.5268250773531,219.0893804517369,216.6787548639545,214.2946532259523,211.93678369651045,209.6048576455184,207.298589618643,205.01769730238584,202.76190148952475,200.53092604493565,198.32449787179053,196.1423468781272,193.9842059437871,191.84981088771656,189.73890043562812,187.65121618801768,185.58650258853322,183.544506892692,181.52497913694165,179.52767210806184,177.55234131290248,175.59874494845502,173.66664387225305,171.75580157309847,169.86598414210985,167.9969602440893,166.14850108920444,164.32038040498185,162.51237440860885,160.72426177953977,158.955823632404,157.20684349021167
61,1354.51,1316.32,1256.92,1278.12,1296.11,1286.34,1304.36,1212.43,1337.32,1256.94,1275.89,1079.18,1094.38,1157.85,1034.5,873.72,1055.48,921.51,1050.77,905.71,950.68,909.89,944.91,835.27,890.75,788.54,803.97,716.0,827.19,784.15,718.17,758.16,707.47,663.63,635.28,647.34,653.89,714.75,720.76,659.17,747.89,659.4,737.39,690.83,674.78,678.27,675.86,673.77,671.79,669.9,668.09,666.29,664.39,662.23,659.52,656.04,651.71,646.67,641.11,635.17,628.93,622.44,615.78,609.05,602.33,595.67,589.09,582.62,576.25,569.96,563.74,557.59,551.51,545.49,539.54,533.66,527.83,522.07,516.38,510.74,505.17,499.66,494.2,488.81,483.48,478.2,472.98,467.82,462.71,457.66,452.67,447.73,442.84,438.01,433.16547684318874,428.3745355786103,423.6365835743208,418.95103475306513,414.31730951977994,409.73483468989866,405.2030434184495,400.72137512993766,396.2892754490029,391.90619613184435,387.5715949984032,383.2849358652966,379.04568847949184,374.8533284527154,370.70733719658665,366.60720185846947,362.55241525803314,358.5424758245147,354.57688753467596,350.65515985144543,346.77680766324045,342.94135122395903,339.1483160936365,335.3972330797574,331.6876381792179,328.0190725209287,324.3910823090537,320.80321876687594,317.25503808128497,313.74610134787747,310.27597451666577,306.84422833838636,303.4504383114025,300.0941846291941,296.7750521284281,293.49263023760363,290.2465129262648,287.0362986547756,283.8615903246496,280.7219952294303,277.617125006113,274.54659558710546,271.51002715271943,268.5070440841872,265.5372749171984,262.6003522959502,259.6959129277063,256.82359753785784,253.98305082548202,251.17392141939172,248.39586183467148,245.64852842969407,242.9315813636128,240.2446845543235,237.58750563689188,234.95971592244027,232.36099035748958,229.79100748375052,227.24944939835973,224.7360017145558,222.25035352279002,219.79219735226735,217.3612291329128,214.95714815775844,212.5796570457465,210.2284617049435,207.90327129616196,205.60379819698372,203.3297579661816,201.08086930853452,198.8568540400317,196.6574370534616,194.4823462843818,192.3313126774649,190.20407015321686,188.1003555750634,186.01990871680027,183.96247223040396,181.92779161419784,179.91561518137095,177.92569402884456,175.9577820064833,174.01163568664688,172.0870143340783,170.1836798761254,168.30139687329157
62,1433.2,1359.15,1462.36,1408.46,1426.44,1443.79,1328.76,1551.61,1295.4,1348.3,1305.96,1207.0,1178.43,1210.06,1098.73,1149.67,1138.13,1177.92,1083.52,1042.47,947.79,990.24,1156.2,895.47,877.83,897.34,893.09,867.69,798.52,834.48,741.71,713.71,755.83,720.26,717.9,754.43,723.05,740.12,812.09,809.34,830.08,781.74,756.85,696.29,719.24,733.52,729.53,726.48,723.73,721.05,718.45,715.9,713.33,710.64,707.67,704.15,699.88,694.81,689.07,682.86,676.31,669.5,662.49,655.37,648.2,641.08,634.03,627.07,620.22,613.45,606.76,600.14,593.6,587.12,580.72,574.38,568.12,561.92,555.79,549.73,543.73,537.8,531.93,526.13,520.39,514.71,509.09,503.54,498.04,492.61,487.23,481.91,476.65,471.45,466.2005354529375,461.0095222326984,455.8763095000252,450.8002536625746,445.7807182942249,440.8170740552821,435.90869861357453,431.05497656642615,426.25529936349835,421.5090652304913,416.8156790936943,412.17455250537716,407.5851035700111,403.04675687131225,398.55894340009695,394.1211004829403,389.73267171162956,385.3931068734025,381.10186188196286,376.85839870926407,372.6621853180518,368.5126955951587,364.4094092855411,360.3518119270504,356.3393947859309,352.3716547930357,348.4480944807528,344.56822192063356,340.7315506617159,336.9375996695337,333.1858932658057,329.47596106879604,325.8073379343386,322.1795638975179,318.59218411499995,315.0447488080047,311.53681320591363,308.0679374905053,304.6376867408116,301.24563087858866,297.89134461439386,294.5744073942645,291.29440334698876,288.05092123196545,284.84355438764277,281.6719006805324,278.5355624547902,275.4341464823593,272.3672639136679,269.33453022887585,266.33556518966446,263.3699927915629,260.4374412168054,257.5375427877137,254.66993392059797,251.83425508017177,249.03015073447395,246.25726931029268,243.51526314908617,240.8037884633937,238.12250529373216,235.47107746597283,232.8491725491922,230.25646181399264,227.69262019128695,225.15732623154162,222.65026206447436,220.17111335919995,217.71956928482004,215.29532247145195,212.8980689716911,210.5275082225025,208.1833430075371,205.8652794198671,203.5730268251366,201.30629782512224,199.06480822170008,196.84827698121305,194.6564261992357,192.48898106573105,190.3456698305953,188.2262237695866,186.13037715063248,184.05786720051347,182.00843407191653,179.9818208108562
63,1680.93,1525.5,1540.76,1686.03,1539.02,1573.01,1561.24,1453.23,1654.57,1545.13,1404.66,1378.93,1484.98,1223.14,1304.22,1238.9,1206.16,1100.55,1145.36,1068.8,1014.59,1014.04,944.23,926.05,904.56,1065.78,1036.47,978.58,864.93,867.87,893.85,870.35,776.22,793.96,811.92,841.08,932.68,854.49,732.01,834.18,968.79,802.24,819.85,864.09,808.03,795.92,789.39,784.7,780.93,777.44,774.01,770.63,767.27,763.87,760.33,756.49,752.11,747.0,741.15,734.68,727.79,720.6,713.2,705.65,698.02,690.4,682.84,675.36,667.98,660.7,653.49,646.37,639.32,632.35,625.45,618.63,611.88,605.21,598.61,592.08,585.62,579.23,572.92,566.67,560.48,554.37,548.32,542.34,536.42,530.57,524.78,519.05,513.39,507.79,502.09705495980046,496.4679347748181,490.90192389060536,485.39831477495227,479.95640782794806,474.57551129304954,469.2549411691481,463.99402112362134,458.79208240636035,453.6484637647602,448.5625113596642,443.53357868224936,438.56102647184537,433.64422263467304,428.7825421634955,423.9753670581688,419.22208624708435,414.5220955094912,409.8747973986897,405.2796011660863,400.7359226860995,396.24318438190755,391.8008151520294,387.4082502977276,383.0649314512264,378.7703065047335,374.5238295402581,370.3249607602156,366.1731664188108,362.0679187541893,358.00869592135086,353.9949819258138,350.0262665580238,346.1020453284977,342.2218194036945,338.38509554260565,334.59138603405535,330.8402086347051,327.13108650775206,323.4635481623151,319.83712739350125,316.25136322314245,312.7057998411981,309.1999865478138,305.7334776960303,302.3058326351339,298.9166156546428,295.5653959289209,292.25174746241277,288.9752490354926,285.7354841509201,282.53204098089714,279.36451231471693,276.23249550700143,273.1355924265183,270.0734094055717,267.0455571899604,264.05165088949775,261.09130992908524,258.16415800033525,255.26982301373585,252.40793705135243,249.578136320059,246.780061105294,244.01335572533472,241.27766848608425,238.57265163636532,235.8979613237154,233.2532575506773,230.6382041315798,228.05246864980307,225.49572241552283,222.96764042392854,220.46790131390983,217.99618732720623,215.55218426801477,213.13558146305056,210.74607172205504,208.38335129874693,206.04711985221124,203.73708040872074,201.4529393239858,199.19440624582728,196.9611940772681,194.75301894003817,192.56960013848916
64,1770.29,1763.78,1642.73,1746.16,1727.06,1578.36,1735.41,1649.86,1630.82,1652.8,1542.32,1394.85,1440.45,1552.95,1466.04,1470.41,1301.97,1381.57,1232.77,1162.3,1148.1,1220.17,1316.49,1133.99,1199.04,1184.15,1109.23,1036.22,1000.68,1026.84,906.98,889.06,927.93,913.65,852.33,952.81,828.48,891.77,924.04,889.4,875.61,928.02,900.35,872.88,864.91,866.85,857.01,849.7,844.24,839.68,835.39,831.13,826.9,822.67,818.37,813.91,809.14,803.84,797.86,791.18,783.94,776.33,768.47,760.45,752.32,744.17,736.05,728.01,720.06,712.21,704.45,696.77,689.17,681.66,674.23,666.88,659.6,652.41,645.3,638.26,631.3,624.42,617.61,610.87,604.21,597.62,591.1,584.65,578.28,571.97,565.73,559.56,553.45,547.41,541.2959611034322,535.2502100927794,529.2719842585723,523.3605294100665,517.5150997800972,511.7349579309957,506.0193746615567,500.3676289150455,494.77900768823196,489.2528059414406,483.7883265096054,478.3848800143182,473.0417847768591,467.7583667321987,462.5339593439601,457.3679035203316,452.2595475309178,447.2082469245201,442.2133644478346,437.27426996505903,432.390340378397,427.5609595494503,422.78551822148916,418.0634139425908,413.39405098963607,408.7768402931556,404.2111993630147,399.69655221492866,395.2323292977987,390.8179674218596,386.45290968762964,382.13660541565434,377.86851007703484,373.648085224732,369.4747984256379,365.3481231934063,361.2675389220328,357.2325308201775,353.2425898462203,349.29721264404253,345.39590147952526,341.5381641777571,337.7235140609431,333.9514698870073,330.2215557888813,326.5333012144702,322.8862408672899,319.2799146477668,315.7138675951932,312.1876498303316,308.7008164986593,305.2529277142472,301.8435485042655,298.47224875410905,295.13860315313593,291.84219114101165,288.58259685465276,285.35940907576327,282.1722211789568,279.0206310804583,275.9042411873785,272.8226583475552,269.77549379995475,266.7623631256271,263.78288619920914,260.8366871409697,257.92339426938935,255.04264005427117,252.19406107037398,249.3772979515642,246.5919953454795,243.8378018686988,241.11437006241314,238.42135634859162,235.7584209866367,233.1252280305239,230.52144528642012,227.94674427077516,225.40080016888166,222.88329179389757,220.39390154632633,217.93231537394993,215.49822273220897,213.09131654502576,210.71129316606462,208.35785234042493
65,1879.57,1910.2,2163.67,1739.47,1822.05,1844.26,1790.83,1914.22,1912.98,1727.31,1734.74,1819.79,1716.45,1667.16,1532.92,1472.68,1519.08,1577.68,1427.76,1368.05,1351.11,1358.75,1356.87,1204.08,1362.54,1227.69,1289.7,1098.76,1194.74,1027.63,965.71,986.16,1039.9,895.98,967.09,937.9,982.29,1105.05,995.17,1022.53,1019.16,1095.89,962.13,971.07,949.78,947.1,933.82,923.09,914.94,908.63,903.21,898.04,892.88,887.73,882.56,877.29,871.85,866.09,859.82,852.9,845.35,837.3,828.94,820.38,811.7,802.96,794.24,785.59,777.02,768.55,760.17,751.89,743.7,735.59,727.57,719.64,711.8,704.04,696.36,688.77,681.26,673.83,666.49,659.22,652.03,644.92,637.89,630.93,624.05,617.25,610.51,603.86,597.27,590.75,584.2287060929099,577.7794008006698,571.4012894403928,565.093586101703,558.8555135498947,552.6863031301626,546.5851946728882,540.5514363999708,534.5842848321943,528.6830046976157,522.8468688409646,517.0751581340432,511.36716138711614,505.7221752612765,500.13950418178143,494.6184602523431,489.15836317036604,483.7585401431209,478.4183258048422,473.1370621347425,467.91409837593113,462.7487909552278,457.64050340386143,452.5886062790451,447.59247708641544,442.6515002033296,437.7650668030074,432.932574779513,428.15342867356213,423.42703959915053,418.7528251709912,414.13020943275274,409.5586227860904,405.03750192046004,400.5662897437069,396.1444353134211,391.7713937690503,387.44662626476196,383.1695999030472,378.9397876690566,374.7566683656623,370.619726549235,366.52845246613225,362.48234198988587,358.48089655908365,354.5236231159369,350.6100340455256,346.7396471157148,342.9119854177338,339.1265773074116,335.3829563470609,331.6806612480038,328.0192358137317,324.39822888369287,320.8171942777004,317.275690740954,313.77328188966874,310.3095361573035,306.88402674138376,303.49633155091084,300.146033154352,296.83271872820427,293.5559800061269,290.31541322863416,287.1106190933447,283.94120270577923,280.8067735307017,277.7069453439977,274.64133618508373,271.6095683098423,268.6112681440761,265.64606623747653,262.7135972180996,259.8134997473453,256.9454164754331,254.10899399736968,251.3038828094021,248.52973726595218,245.78621553702595,243.0729795660935,240.38969502843355,237.73603128993813,235.11166136637172,232.51626188308038,229.94951303514554,227.41109854797764
66,2078.07,2084.0,2078.3,1985.45,2065.83,2061.89,2087.87,1981.41,1895.01,1936.07,1918.29,1825.13,1899.95,1790.55,1858.37,1714.69,1740.44,1690.61,1626.01,1436.09,1359.12,1378.91,1474.66,1349.12,1429.3,1238.59,1244.99,1318.67,1110.31,1193.76,1147.69,1147.55,1203.97,1051.52,1124.7,1100.53,1116.15,1011.94,1086.6,1110.38,1092.5,1126.5,1068.15,1066.49,1040.48,1036.96,1020.66,1006.39,994.74,985.67,978.44,972.08,965.94,959.81,953.66,947.47,941.17,934.68,927.86,920.55,912.65,904.18,895.28,886.12,876.82,867.45,858.07,848.74,839.49,830.34,821.3,812.35,803.5,794.74,786.08,777.52,769.04,760.66,752.37,744.17,736.06,728.04,720.1,712.25,704.49,696.81,689.21,681.7,674.27,666.92,659.64,652.45,645.34,638.3,631.2979968412034,624.372804035275,617.5235789904344,610.749488357938,604.0497079306849,597.4234225429349,590.8698259711274,584.3881208357875,577.9775185045085,571.6372389959984,565.3665108851793,559.1645712093281,553.0306653752456,546.9640470674454,540.9639781573492,535.029728613478,529.1605764126293,523.355807452028,517.6147154624406,511.93660192224377,506.32077597243466,500.76655433257355,495.27326121764895,489.84022825585436,484.4667944072672,479.1523058834199,473.89611606775264,468.6975854369398,463.5560814830783,458.4709786367303,453.4416581908099,448.46750822530464,443.5479235328227,438.6823055449573,433.87006225945834,429.1106081682034,424.40336418595854,419.74775757992063,415.14322190003276,410.5891969100641,406.08512851944516,401.63046871585203,397.22467549852894,392.8672128123427,388.557550482561,384.29516415034544,380.0795352089527,375.9101507406353,371.7865034542345,367.70809162345813,363.67441902583556,359.6849948823412,355.7393337976821,351.83695570123905,347.9773857886565,344.1601544640725,340.3847972829831,336.6508548957329,332.9578729916259,329.30540224364916,325.69299825380295,322.1202214990308,318.5866372777422,315.0918156569226,311.63533141982293,308.2167640142233,304.8356975012644,301.4917205048398,298.1844261615437,294.91341207116756,291.67828024774,288.47863707110355,285.3140932390227,282.1842637198173,279.0887677055154,276.02722856552066,272.9992738007867,270.0045349984958,267.04264778723325,264.1132517926545,261.215990593638,258.3505116789195,255.51646640420145,252.71350994973372,249.9413012783588,247.19950309401784
67,2157.92,2316.64,2299.69,2277.69,2182.0,2250.14,2127.9,2284.7,2218.38,2218.25,2035.52,2051.49,2056.34,1947.87,1930.87,1851.01,1791.75,1788.99,1700.03,1625.24,1621.8,1588.65,1690.44,1532.89,1436.69,1498.06,1465.43,1392.44,1286.33,1414.48,1369.12,1281.18,1109.53,1149.17,1216.96,1167.8,1088.99,1228.36,1175.78,1216.51,1289.51,1262.47,1189.83,1117.68,1130.17,1136.81,1118.06,1100.67,1085.38,1072.73,1062.68,1054.45,1047.06,1039.88,1032.69,1025.46,1018.17,1010.76,1003.14,995.19,986.79,977.84,968.4,958.61,948.61,938.52,928.41,918.34,908.34,898.45,888.67,878.99,869.41,859.94,850.58,841.31,832.15,823.08,814.11,805.24,796.47,787.79,779.21,770.71,762.31,754.01,745.79,737.66,729.62,721.67,713.8,706.02,698.32,690.71,683.145533440499,675.6639108449333,668.2642249289219,660.9455783444135,653.7070835708669,646.5478628076221,639.4670478674517,632.4637800712763,625.5372101440352,618.6864981116943,611.9108131993855,605.2093337306593,598.5812470278413,592.0257493134799,585.5420456128741,579.129349657668,572.7868837905007,566.5138788707022,560.3095741810196,554.1732173353671,548.1040641875851,542.1013787411986,536.1644330601642,530.2925071805947,524.4848890234497,518.7408743081836,513.0597664673377,507.44087656206983,501.88352319860655,496.38703244561265,490.9507377524638,485.5739798684156,480.2561067626571,474.99647354523984,469.79444238887334,464.64938245157674,459.5606698001778,454.527687334649,449.54982471327344,444.62647827862924,439.757050984385,434.94095232289726,430.1775982536003,425.4664111321805,420.80681964052656,416.19825871744627,411.6401694901429,407.13199920644126,402.67320116775653,398.2632346627968,393.90156490199206,389.587662952641,385.3210056747683,381.10107565768425,376.9273611572392,372.79935603376487,368.71655969069616,364.67847701386427,360.684618311455,356.73449925462444,352.82764081876576,348.963569225418,345.1418158848122,341.36191733904604,337.6234152058811,333.9258561231554,330.2687916938053,326.6517784314889,323.07437770680474,319.5361556941008,316.0366833188644,312.5755362056893,309.15229462681236,305.76654345121403,302.4178720942756,299.1058744679887,295.83014893170946,292.59029824345225,289.3859295117167,286.2166541478426,283.08208781888595,279.98185040101197,276.91556593339794,273.8828625726409,270.88337254766486,267.916732115122
68,2432.22,2532.32,2434.3,2308.44,2577.03,2395.2,2307.09,2357.74,2545.99,2444.52,2277.0,2197.05,2340.83,2263.58,2106.79,2255.69,1857.86,1888.12,1816.2,1941.22,1643.53,1646.24,1669.69,1680.78,1733.12,1646.37,1638.31,1450.55,1473.66,1525.33,1321.92,1372.74,1337.5,1203.73,1303.88,1196.01,1233.34,1308.8,1291.71,1270.19,1413.0,1441.66,1272.47,1427.88,1287.72,1247.2,1226.57,1206.61,1188.09,1171.72,1158.02,1146.9,1137.58,1129.07,1120.76,1112.42,1104.02,1095.55,1086.94,1078.11,1068.97,1059.4,1049.35,1038.88,1028.13,1017.25,1006.32,995.42,984.6,973.89,963.28,952.8,942.42,932.16,922.01,911.97,902.04,892.21,882.5,872.88,863.38,853.97,844.67,835.47,826.37,817.36,808.46,799.65,790.93,782.32,773.79,765.36,757.02,748.77,740.5910280475426,732.5013967233143,724.5001301408713,716.5862630735825,708.7588408381896,701.0169191796406,693.3595641571793,685.7858520316806,678.294869154216,670.8857118558359,663.5574863385565,656.3093085675371,649.1403041644353,642.0496083019267,635.0363655993776,628.0997300196565,621.2388647670731,614.4529421864324,607.7411436631907,601.1026595247027,594.5366889425479,588.0424398359224,581.6191287760875,575.2659808918609,568.9822297761413,562.7671173934527,556.6198939885002,550.5398179957231,544.5261559498371,538.5781823973534,532.6951798090641,526.8764384934832,521.1212565112338,515.4289395903706,509.7988010426264,504.23016168057393,498.72234973569294,493.2747007773321,487.88655763255525,482.5572703068642,477.2861959057875,472.07269855732466,466.9161493352388,461.8159261831863,456.77141383967586,451.7820037638461,446.8470940620559,441.9660894152743,437.13840100726543,432.3634464535567,427.6406497311834,422.96944110920066,418.34925707995444,413.77954029110293,409.2597394783813,404.78930939909964,400.3677107663688,395.9944101840436,391.6688800823766,387.39059865437576,383.1590497928565,378.9737230281811,374.8341134666791,370.73972172973964,366.6900538935691,362.68462142960743,358.72294114559446,354.80453512728064,350.9289306807741,347.0956602755176,343.3042614878884,339.554276945414,335.8452542715977,332.17674603134594,328.54830967699286,324.95950749491374,321.4099065527215,317.89907864704065,314.42660025185097,310.9920524673959,307.595020969649,304.23509596033193,300.9118721174794,297.6249485465426,294.3739287320285,291.1584204896658
69,3099.61,2752.43,2657.54,2582.23,2741.86,2719.16,2783.02,2559.68,2782.92,2491.49,2531.44,2402.32,2556.44,2274.27,2264.22,2382.61,2306.18,2232.21,2192.01,2061.26,1985.63,2021.05,1885.27,1719.14,1676.41,1694.57,1902.3,1729.23,1595.88,1576.19,1555.19,1467.42,1407.15,1604.59,1436.22,1415.87,1458.01,1329.83,1429.65,1548.78,1439.82,1502.87,1485.36,1430.63,1380.03,1368.81,1346.88,1324.91,1303.7,1284.0,1266.49,1251.66,1239.39,1228.88,1219.16,1209.61,1200.02,1190.36,1180.61,1170.71,1160.59,1150.16,1139.35,1128.13,1116.57,1104.82,1092.99,1081.17,1069.43,1057.79,1046.28,1034.89,1023.63,1012.49,1001.47,990.57,979.78,969.12,958.57,948.13,937.81,927.6,917.49,907.5,897.62,887.84,878.17,868.61,859.15,849.79,840.53,831.37,822.32,813.36,804.472540537028,795.6821929749435,786.9878961869608,778.3886006410632,769.8832682733085,761.4708723625193,753.1503974063426,744.9208389986632,736.7812037083565,728.7305089593674,720.7677829120976,712.8920643460905,705.1024025439974,697.397857176812,689.7774981903576,682.2404056930169,674.785669844686,667.4123907469444,660.1196783344226,652.9066522673584,645.7724418253267,638.7161858021302,631.7370324018393,624.8341391359673,618.0066727217695,611.2538089816533,604.5747327436876,597.9686377431999,591.4347265254471,584.9722103493518,578.5803090922885,572.2582511559116,566.0052733730116,559.8206209153901,553.7035472027395,547.653313812521,541.6691903908245,535.7504545642048,529.8963918524803,524.1062955824842,518.3794668027583,512.7152141991799,507.1128540115086,501.5717099508475,496.09111311800376,490.6704019227434,485.30892200392685,480.0060261505181,474.76107422345626,469.5734330783814,464.44247648920475,459.36758507251324,454.3481462128013,449.3835539885183,444.47320909892545,439.61651879175054,434.81289679163416,430.06176322935784,425.36254457184424,420.71467355292407,416.11758910485787,411.570736290607,407.0735662368444,402.62553606769734,398.2261088392142,393.8747534745471,389.5709446998432,385.3141629808361,381.1038944601304,376.9396308951712,372.8208695968919,368.7471133690317,364.7178704481169,360.7326544440976,356.790984281633,352.8923841420184,349.0363834057469,345.22251659569855,341.45032332095,337.7193482211988,334.02914091179423,330.37925592936955,326.76925267806735,323.19869537635344,319.66715300441143,316.1741992521118
70,3006.04,3030.64,3156.96,2853.35,3183.77,2913.48,3036.53,2664.38,2801.67,2728.77,2702.05,2713.05,2839.73,2630.45,2728.49,2408.04,2368.43,2487.95,2320.74,2253.31,2100.12,2103.1,1830.8,2050.68,1784.47,1714.6,1972.85,1779.99,1803.48,1749.38,1664.65,1769.58,1780.13,1511.52,1616.62,1700.91,1607.47,1644.49,1499.13,1629.41,1727.43,1621.71,1506.37,1621.09,1526.91,1502.66,1479.87,1456.47,1433.13,1410.61,1389.66,1370.94,1354.9,1341.37,1329.56,1318.51,1307.62,1296.67,1285.64,1274.51,1263.22,1251.71,1239.92,1227.79,1215.32,1202.61,1189.77,1176.93,1164.16,1151.5,1138.98,1126.59,1114.33,1102.21,1090.22,1078.35,1066.62,1055.01,1043.53,1032.17,1020.94,1009.83,998.84,987.96,977.21,966.57,956.05,945.64,935.34,925.16,915.08,905.12,895.26,885.51,875.863091649996,866.3212784888814,856.883415590393,847.5483705013045,838.3150231055424,829.1822654897836,820.1490018105156,811.2141481625464,802.3766324489457,793.6353942524038,784.9893847079919,776.4375663773079,767.9789131239941,759.6124099906101,751.3370530768486,743.1518494190758,735.0558168711862,727.0479839867538,719.1273899024687,711.2930842228416,703.544126906166,695.8795881517225,688.2985482882108,680.800097663399,673.383336534973,666.0473749625767,658.7913327010272,651.6143390946944,644.5155329730301,637.4940625472362,630.5490853080578,623.6797679246905,616.8852861447882,610.1648246955616,603.5175771859521,596.9427460098735,590.4395422505066,584.0071855856368,577.6449041940225,571.3519346627846,565.1275218958036,558.9709190231159,552.8813873112963,546.8581960748166,540.9006225883712,535.0079520001565,529.1794772460952,523.414498964996,517.7123254146369,512.0722723887621,506.49366313498444,500.9758282735815,495.51810571717607,490.1198405912925,484.78038515577765,479.4990987270785,474.2753476013661,469.1085049784972,463.99795088680435,458.9430721087052,453.94326210712205,448.9979209527034,444.10645525183827,439.26827807545453,434.4828088885928,429.7494734807481,425.0677038969702,420.43693836971397,415.85662125143307,411.3262029479076,406.8451398522976,402.412894279916,398.02893440371116,393.6927341904529,389.40377333761353,385.1615372109367,380.96551678268565,376.8152085705656,372.71011457730987,368.64974223092554,364.63360432558926,360.6612189631873,356.73210949549235,352.8458044669703,349.00183755821007,345.19974752996984
71,3146.83,3130.6,3097.54,2969.79,3387.73,3254.34,2992.85,3078.79,2886.02,2728.6,2880.89,2915.01,3014.68,2985.0,2929.39,2914.19,2696.38,2737.58,2879.44,2574.91,2193.08,2287.86,2391.02,2161.57,2203.86,2252.26,2038.68,2004.38,1918.15,2004.26,1835.47,1851.61,1849.61,1772.26,1779.67,1793.01,1641.37,1780.12,1602.24,1678.08,1812.01,1647.1,1713.33,1615.4,1634.38,1650.46,1626.81,1602.42,1577.5,1552.7,1528.81,1506.53,1486.51,1469.15,1454.27,1441.04,1428.54,1416.17,1403.74,1391.23,1378.6,1365.81,1352.81,1339.55,1326.01,1312.22,1298.28,1284.29,1270.37,1256.56,1242.9,1229.39,1216.02,1202.8,1189.72,1176.78,1163.98,1151.32,1138.8,1126.41,1114.16,1102.04,1090.05,1078.19,1066.45,1054.85,1043.37,1032.02,1020.78,1009.67,998.68,987.81,977.06,966.42,955.9358747383707,945.5654856188966,935.3075987847026,925.1609937643051,915.1244633264018,905.1968133362369,895.3768626135235,885.6634427919089,876.0553981799635,866.5515856236782,857.1508743704528,847.8521459345608,838.6542939640726,829.5562241092243,820.5568538922116,811.6551125783994,802.8499410489261,794.1402916746906,785.5251281917078,777.003425577814,768.5741699307115,760.2363583473355,751.9889988045297,743.8311100410172,735.7617214406499,727.7798729169277,719.884614798766,712.0750077175074,704.3501224951549,696.7090400338201,689.1508512063702,681.6746567482611,674.2795671505428,666.9647025540283,659.7291926446082,652.5721765497018,645.4928027358308,638.4902289073063,631.5636219060124,624.7121576122779,617.9350208468242,611.2314052737756,604.6005133047229,598.0415560038267,591.5537529939513,585.136332363816,578.7885305761537,572.5095923768669,566.2987707051678,560.1553266046943,554.0785291355893,548.0676552875348,542.1219898937288,536.2408255457957,530.4234625096193,524.6692086420898,518.9773793087527,513.3472973023527,507.77829276225964,502.26970309476957,496.82087289426994,491.4311538652602,486.09990474521885,480.82649122830605,475.6102858898949,470.45066811192163,465.3470240090445,460.29874635560475,455.3052345133798,450.3658943601195,445.48013821885877,440.64738478799603,435.86705907213053,431.1385923136506,426.461421925063,421.8349914220572,417.25875035729536,412.73215425492083,408.25466454577713,403.82574850332935,399.4448791802813,395.11153534587964,390.8252014238987,386.5853674312975,382.391528917543,378.2431869045906
72,3798.21,3667.25,3739.09,3409.85,3520.62,3626.39,3466.05,3325.35,3741.7,3384.34,3149.7,3279.48,3206.14,3114.33,3192.05,2937.88,3137.07,2802.96,3024.57,2761.07,2627.37,2679.67,2642.51,2343.32,2225.7,2334.77,2232.81,2239.13,2327.81,2261.84,1993.88,2098.48,2107.35,1934.24,2122.66,1884.39,1888.11,1987.0,1897.78,1922.93,1979.95,1913.15,2011.94,1836.73,1815.1,1814.48,1789.65,1764.25,1738.18,1711.65,1685.32,1659.97,1636.28,1614.86,1596.07,1579.7,1564.92,1550.83,1536.86,1522.81,1508.68,1494.42,1480.01,1465.4,1450.58,1435.54,1420.34,1405.07,1389.86,1374.76,1359.83,1345.05,1330.44,1315.98,1301.67,1287.53,1273.53,1259.69,1245.99,1232.45,1219.05,1205.79,1192.68,1179.71,1166.88,1154.19,1141.63,1129.22,1116.93,1104.78,1092.76,1080.87,1069.11,1057.48,1046.023560068374,1034.691235974312,1023.4816830818509,1012.3935713224355,1001.4255850370969,990.5764228203449,979.8447973657488,969.2294353131929,958.7290770977851,948.3424768004046,938.0684019998662,927.9056336266887,917.852965818445,907.9092057766818,898.0731736253873,888.343702270994,878.7196372638961,869.1998366614696,859.7831708925744,850.4685226235256,841.2547866255161,832.1408696434758,823.1256902663513,814.208178798792,805.3872771342244,796.6619386293032,788.0311279797219,779.4938210973684,771.0490049888126,762.6956776351092,754.4328478729033,746.2595352768244,738.1747700431538,730.1775928747523,722.2670548672355,714.4422173963814,706.7021520067576,699.0459403015562,691.4726738336213,683.981453997657,676.5713919236032,669.2416083711678,661.9912336254998,654.8194073939933,647.7252787042099,640.7080058029063,633.7667560561566,626.9007058505557,620.1090404954939,613.3909541264893,606.7456496095691,600.1723384466843,593.6702406821516,587.2385848101077,580.8766076829659,574.5835544208647,568.3586783220991,562.2012407745185,556.1105111678887,550.0857668072003,544.1262928269178,538.2313821061573,532.4003351847828,526.632460180412,520.9270727063214,515.28349579024,509.70105979402337,504.1791023341978,498.7169682033652,493.3140092924596,487.9695845138457,482.68305972525076,477.4538076545206,472.28120782519034,467.1646464828623,462.10351652238063,457.09721741579534,452.14515514110695,447.24674211178274,442.4013971070365,437.6085452028641,432.867617703826,428.1780520755683,423.5392918780758,418.95078669964727,414.4119920915867
73,3933.53,4112.33,3670.41,3733.99,4006.35,3634.95,3667.02,3596.44,3652.27,3764.47,3641.77,3689.2,3645.18,3288.86,3322.61,3249.04,3201.41,3415.97,3339.12,3094.1,3199.2,3029.33,2816.05,2920.33,2611.06,2517.62,2623.76,2384.33,2461.3,2284.61,2299.78,2418.23,2288.48,2146.96,2344.84,2328.62,2111.91,2125.61,2046.46,2251.06,2076.28,2135.27,2227.51,2014.79,1991.59,1997.25,1970.96,1944.22,1916.98,1889.14,1860.91,1832.95,1806.04,1780.83,1757.9,1737.56,1719.56,1703.08,1687.24,1671.5,1655.69,1639.79,1623.77,1607.6,1591.26,1574.76,1558.11,1541.4,1524.73,1508.19,1491.81,1475.61,1459.59,1443.74,1428.06,1412.55,1397.2,1382.02,1367.01,1352.15,1337.46,1322.93,1308.55,1294.33,1280.26,1266.34,1252.58,1238.96,1225.49,1212.16,1198.98,1185.94,1173.05,1160.29,1147.795181443555,1135.4349158788266,1123.207754344591,1111.1122634830585,1099.1470253718437,1087.3106373577464,1075.6017118923216,1064.0188763692233,1052.5607729632939,1041.2260584713931,1030.0134041549356,1018.9214955841285,1007.9490324838819,997.0947285813833,986.3573114553095,975.7355223866656,965.2281162112273,954.8338611735744,944.5515387826952,934.3799436691454,924.3178834437473,914.3641785578079,904.5176621648436,894.7771799837946,885.1415901637109,875.6097631498967,866.1805815514948,856.8529400104992,847.6257450721756,838.4979150568793,829.4683799332525,820.5360811927874,811.6999717257402,802.9590156983812,794.3121884315661,785.7584762806168,777.2968765164933,768.9263972082472,760.6460571067399,752.4548855296136,744.3519222475005,736.3362173714579,728.4068312416152,720.5628343170198,712.8033070666695,705.1273398617192,697.5340328688461,690.0224959447655,682.5918485318817,675.241219555062,667.9697473195234,660.7765794098183,653.6608725899079,646.6217927043117,639.6585145803225,632.7702219312727,625.9561072608432,619.2153717684035,612.54722525537,605.9508860325726,599.4255808286201,592.9705446992515,586.5850209376631,580.2682609858024,574.0195243466162,567.8380784972443,561.7231988031476,555.6741684331616,549.6902782754635,543.7708268544449,537.9151202484807,532.1224720085811,526.3922030779223,520.7236417122415,515.1161234010902,509.56899078993627,504.0815936031029,498.65328856753905,493.28343933741047,487.97141641950196,482.7165970994242,477.518365368614,472.3761118521216,467.2892337371752,462.2571347025148,457.27922484848693
74,4439.46,4034.36,4244.82,3932.15,4219.25,4323.67,3981.79,3966.55,4162.22,3928.62,3806.97,3980.42,4008.2,3745.89,3595.03,3672.53,3576.22,3524.95,3473.21,3394.57,3362.56,3258.16,3314.59,2993.65,3132.86,3053.32,2748.11,2947.03,2305.73,2534.78,2571.52,2694.63,2558.58,2304.71,2610.33,2266.43,2414.04,2394.02,2273.31,2498.78,2401.04,2403.73,2441.09,2206.07,2194.7,2201.43,2173.68,2145.32,2116.56,2087.36,2057.62,2027.58,1997.89,1969.31,1942.47,1917.89,1895.85,1876.05,1857.7,1839.94,1822.27,1804.52,1786.68,1768.73,1750.65,1732.45,1714.14,1695.78,1677.46,1659.28,1641.27,1623.47,1605.85,1588.42,1571.18,1554.13,1537.26,1520.57,1504.06,1487.73,1471.57,1455.59,1439.78,1424.15,1408.68,1393.37,1378.24,1363.26,1348.45,1333.8,1319.3,1304.96,1290.78,1276.75,1263.0544483821652,1249.5058073843554,1236.1025011131067,1222.8429705793849,1209.7256735172534,1196.7490842044863,1183.9116932851057,1171.2120075938237,1158.6485499823657,1146.219859147658,1133.9244894618591,1121.761010804211,1109.7280083946998,1097.824082629494,1086.0478489181532,1074.3979375225808,1062.8729933977047,1051.471676033866,1040.1926593009011,1029.0346312938925,1017.9962941805774,1007.0763640503916,996.2735707651333,985.5866578112282,975.0143821535796,964.5555140909864,954.2088371131128,943.9731477589896,933.8472554770369,923.8299824865853,913.9201636408845,904.1166462915807,894.418290154647,884.8239671777538,875.3325614090596,865.9429688674113,856.654097413936,847.4648666250093,838.3742076665881,829.3810631698902,820.4843871084075,811.6831446762394,802.9763121677295,794.3628768583959,785.8418368871362,777.4122011396978,769.0729891333981,760.8232309030797,752.6619668882914,744.5882478216772,736.6011346185638,728.6996982677324,720.8830197233608,713.1501897981274,705.5003090574585,697.932487714913,690.4458455286876,683.0395116992318,675.712624767963,668.4643325170664,661.2937918703706,654.2001687952858,647.1826382057953,640.2403838664853,633.3725982976067,626.5784826811532,619.8572467679484,613.2081087857283,606.6302953482113,600.123041365142,593.6855899533008,587.3171923484681,581.0171078183328,574.7846035763348,568.6189546964315,562.5194440287798,556.485362116321,550.516007112261,544.6106846984367,538.7687080045563,532.9893975283076,527.272081056322,521.6160935859872,516.0207772480978,510.4854812303367,505.00956170157593
75,4584.71,4841.9,4357.43,4550.39,4583.56,4459.52,4456.37,4574.42,4862.59,4032.36,4083.58,4446.61,4308.62,4032.19,4478.93,4095.13,4038.17,3855.57,3822.37,3807.79,3528.9,3672.47,3614.68,3569.88,3340.58,3189.91,3138.54,3231.61,2971.39,2841.36,2828.78,2763.95,2843.07,2498.47,2827.34,2711.77,2781.97,2649.27,2758.45,2861.48,2785.94,2736.33,2608.35,2463.0,2425.37,2430.12,2400.96,2370.96,2340.39,2309.47,2278.18,2246.42,2214.44,2182.89,2152.49,2123.87,2097.5,2073.58,2051.81,2031.38,2011.5,1991.69,1971.8,1951.83,1931.78,1911.63,1891.4,1871.16,1850.96,1830.91,1811.07,1791.43,1772.01,1752.8,1733.79,1714.98,1696.38,1677.98,1659.78,1641.77,1623.96,1606.33,1588.9,1571.66,1554.6,1537.72,1521.03,1504.52,1488.18,1472.02,1456.03,1440.22,1424.58,1409.1,1393.9069373527589,1378.8776878859896,1364.0104853489554,1349.3035825348184,1334.7552510753064,1320.3637812375937,1306.127481723371,1292.0446794700842,1278.1137194543128,1264.3329644972707,1250.7007950724044,1237.2156091150634,1223.8758218342248,1210.6798655262473,1197.6261893906333,1184.7132593477772,1171.939557858679,1159.3035837466027,1146.8038520206549,1134.4388937012684,1122.2072556475673,1110.1075003865908,1098.1382059443613,1086.297965678772,1074.5853881142782,1062.9990967783685,1051.5377300398018,1040.199940948586,1028.9843970776835,1017.8897803664248,1006.914786965606,996.058127084262,985.3185248380872,974.6947180994937,964.1854583492837,953.7895105299242,943.5056529004,933.3326768926348,923.2693869694591,913.314600484109,903.467147541241,893.7258708594454,884.0896256352399,874.5572794085335,865.1277119295366,855.7998150271096,846.5724924785295,837.4446598806604,828.4152445225137,819.4831852591825,810.647432387134,801.9069475208486,793.2607034707868,784.7076841226735,776.246884318084,767.877309736315,759.5979767775337,751.407912447182,743.3061542416305,735.2917500350638,727.3637579675866,719.5212463345341,711.7632934769784,704.0889876734142,696.4974270326117,688.9877193876264,681.5589821909506,674.2103424107952,666.9409364284908,659.7499099369943,652.6364178404898,645.5996241550724,638.6387019105026,631.7528330530198,624.9412083492042,618.2030272908747,611.5374980010129,604.9438371407003,598.4212698170603,591.9690294921918,585.586357893085,579.2725049225085,573.0267285708571,566.8482948289504,560.7364776017713,554.6905586231346
76,4848.91,5371.7,5193.27,4653.81,5159.08,4608.85,4872.93,5120.06,4937.21,4581.64,4743.55,4614.14,4939.66,4392.07,4385.72,4288.53,4278.12,4272.5,4264.37,4279.34,4084.6,4010.17,4090.77,3901.65,3684.73,3546.71,3449.74,3514.51,2991.65,3340.32,3113.34,3137.68,2980.91,3127.21,3174.94,3079.7,3232.38,2971.03,2893.5,2904.76,3062.31,2908.36,2782.35,2775.08,2700.82,2688.48,2656.5,2624.91,2592.51,2559.57,2526.34,2492.8,2458.86,2424.78,2391.2,2358.83,2328.26,2299.9,2273.9,2249.92,2227.18,2204.94,2182.76,2160.52,2138.21,2115.84,2093.43,2071.02,2048.69,2026.52,2004.57,1982.86,1961.39,1940.14,1919.12,1898.32,1877.75,1857.4,1837.27,1817.36,1797.65,1778.16,1758.88,1739.81,1720.94,1702.28,1683.81,1665.55,1647.48,1629.6,1611.92,1594.43,1577.12,1560.0,1543.0919344092447,1526.36712694799,1509.823591372343,1493.4593629663216,1477.2724983085252,1461.261075041333,1445.4231916426047,1429.756967199853,1414.2605411868697,1398.9320732427639,1383.7697429534048,1368.7717496352261,1353.9363121213764,1339.2616685501882,1324.7460761559375,1310.3878110618732,1296.1851680754883,1282.136460486011,1268.24001986409,1254.4941958636523,1240.8973560259058,1227.4478855854693,1214.144187278602,1200.9846811535115,1187.9678043827194,1175.0920110774573,1162.3557721040788,1149.757574902458,1137.2959233063561,1124.9693373657392,1112.7763531710157,1100.7155226791842,1088.7854135418622,1076.9846089351804,1065.3117073915203,1053.7653226330744,1042.3440834072132,1031.0466333236332,1019.8716306932719,1008.817748368969,997.8836735878533,987.0681078154382,976.3697665914086,965.7873793770765,955.3196894044924,944.9654535271903,934.723442072552,924.5924386957704,914.5712402353957,904.658656570448,894.8535104790776,885.1546374987582,875.5608857879954,866.0711159895317,856.6842010950382,847.3990263112698,838.2144889276717,829.1294981854212,820.1429751478897,811.2538525725065,802.4610747840137,793.7635975490931,785.1603879523533,776.6504242736601,768.2326958667966,759.9062030394385,751.6699569344304,743.5229794123485,735.4643029353372,727.4929704522026,719.6080352847544,711.8085610153767,704.0936213758195,696.4623001371946,688.9136910011638,681.4468974923067,674.0610328516549,666.7552199313805,659.5285910906251,652.3802880924593,645.3094620019573,638.3152730853776,631.3968907104363,624.5534932476601,617.7842679728095,611.0884109703601
77,5576.78,6223.09,5420.85,5409.48,5594.64,5310.86,5638.77,4953.23,5670.18,5331.73,5093.47,5055.81,5536.61,4778.28,4816.21,4643.56,4657.96,4809.45,4620.52,4555.61,4497.29,4356.47,4394.26,4127.8,4238.14,3982.43,3703.93,3887.94,3472.8,3401.65,3561.09,3545.21,3511.34,3478.02,3282.15,3407.61,3502.08,3622.7,3224.96,3425.5,3331.93,3246.37,3053.13,3051.97,2961.59,2985.18,2945.86,2911.21,2877.0,2842.01,2806.51,2770.77,2734.78,2698.46,2662.08,2626.28,2591.75,2559.0,2528.42,2500.09,2473.64,2448.34,2423.46,2398.65,2373.79,2348.9,2323.99,2299.12,2274.35,2249.77,2225.43,2201.35,2177.54,2153.97,2130.66,2107.6,2084.79,2062.22,2039.89,2017.8,1995.95,1974.33,1952.94,1931.78,1910.85,1890.15,1869.67,1849.4,1829.36,1809.53,1789.91,1770.5,1751.3,1732.31,1713.5269443825628,1694.94754929836,1676.5696065011066,1658.3909316880447,1640.4093642403302,1622.6227669662333,1605.0290258471223,1587.6260497862052,1570.4117703599902,1553.3841415724462,1536.541139611827,1519.8807626101304,1503.4010304051674,1487.0999843052127,1470.9756868562024,1455.0262216114609,1439.2496929039214,1423.6442256208175,1408.207964980817,1392.9390763135734,1377.8357448416662,1362.8961754649067,1348.1185925469822,1333.501239704413,1319.0423795977981,1304.740293725326,1290.5932822185205,1276.599663640205,1262.7577747846562,1249.0659704799236,1235.5226233922933,1222.126123832873,1208.874879566272,1195.7673156213566,1182.8018741040592,1169.9770140122132,1157.2912110523996,1144.7429574587768,1132.3307618138763,1120.0531488713398,1107.9086593805812,1095.8958499133464,1084.0132926921553,1072.2595754206059,1060.6333011155132,1049.1330879408742,1037.7575690436288,1026.5053923912035,1015.3752206108159,1004.3657308305222,993.4756145219875,982.7035773449613,972.0483389934393,961.5086330434932,951.0832068027499,940.770821161504,930.5702504454435,920.4802822699729,910.4997173961159,900.62736958798,890.8620654717668,881.2026443963118,871.6479582951355,862.1968715499899,852.8482608558855,843.6010150875816,834.454035167523,825.4062339352109,816.4565360179879,807.6038777032255,798.8472068118967,790.1854825735201,781.617675502459,773.1427672755626,764.759750611134,756.4676291492095,748.2654173331371,740.152140292438,732.1268337269399,724.1885437921642,716.336326985958,708.5692500363542,700.8863897906484,693.2868331056771,685.7696767392872,678.3340272429812
78,6060.15,6403.5,5972.83,5868.46,5740.42,5859.43,5960.27,5546.83,6008.41,5538.69,5885.01,5393.55,5932.68,5312.91,5387.64,5380.82,5291.41,5142.32,5480.07,5220.64,4849.68,4721.68,4811.62,4543.96,4900.45,4593.91,4316.93,4472.57,4187.64,4040.53,3852.94,4038.71,3928.03,3865.51,3939.3,3853.0,3950.63,3877.73,3704.74,3939.28,4026.66,3888.22,3748.37,3458.07,3389.49,3332.51,3278.65,3236.25,3198.72,3161.66,3123.83,3085.53,3047.03,3008.34,2969.41,2930.49,2892.22,2855.26,2820.09,2787.01,2756.06,2726.84,2698.64,2670.83,2643.08,2615.32,2587.57,2559.89,2532.33,2505.0,2477.93,2451.16,2424.67,2398.47,2372.54,2346.9,2321.52,2296.42,2271.58,2247.02,2222.71,2198.66,2174.87,2151.34,2128.06,2105.02,2082.24,2059.69,2037.39,2015.33,1993.5,1971.91,1950.55,1929.42,1908.4889044440883,1887.7848775208074,1867.3054559016712,1847.048202981336,1827.0107085876957,1807.1905886951251,1787.5854851408333,1768.1930653442912,1749.0110220297088,1730.0370729515157,1711.2689606228273,1692.70445204685,1674.3413384512046,1656.1774350251308,1638.2105806595412,1620.438637689897,1602.8594916418729,1585.4710509797796,1568.2712468577172,1551.2580328734277,1534.4293848248174,1517.783300469121,1501.317799284679,1485.0309222352969,1468.9207315371643,1452.9853104283004,1437.2227629405006,1421.6312136737574,1406.2088075731301,1390.9537097080317,1375.8641050539136,1360.938198276316,1346.1742135172628,1331.570394183974,1317.1250027398676,1302.8363204978316,1288.7026474157383,1274.7223018941745,1260.8936205763698,1247.2149581502917,1233.6846871528903,1220.3011977764652,1207.0628976771334,1193.9682117853752,1181.0155821186354,1168.2034675959571,1155.5303438546264,1142.9947030688063,1130.5950537701392,1118.3299206702936,1106.1978444854376,1094.197381762615,1082.327104708007,1070.5856010170548,1058.971473706427,1047.4833409478085,1036.1198359034925,1024.8796065637575,1013.7613155860067,1002.7636401356552,991.8852717287384,981.1249160762337,970.4812929300665,959.95313593079,949.5391924569146,939.2382234758742,929.0490033966078,918.9703199237407,909.0009739133487,899.1397792302848,889.3855626070557,879.7371635042286,870.1934339723517,860.7532385153739,851.4154539555445,842.1789692997809,833.0426856074832,824.0055158597851,815.066384830222,806.2242289568026,797.4779962154678,788.8266459949233,780.2691489728289,771.8044869933324,763.4316529459301,755.1496506456434
79,7044.19,7145.62,6661.68,6636.92,6529.0,6513.75,6167.52,6467.42,6230.47,6450.29,5930.34,6362.24,6740.49,5855.67,6117.07,5966.45,5691.62,5394.4,5745.2,5385.12,5232.49,5244.02,5495.41,5167.99,4840.91,4922.36,4643.56,5154.61,4932.93,4410.72,4298.01,4777.44,4414.52,4332.16,4157.1,4148.37,4146.33,4136.76,3949.72,4447.85,4077.04,4237.03,4224.48,4074.77,3833.04,3742.86,3668.18,3610.57,3564.86,3524.15,3483.95,3442.99,3401.59,3360.04,3318.35,3276.5,3234.75,3193.72,3154.03,3116.12,3080.21,3046.29,3013.94,2982.49,2951.38,2920.35,2889.37,2858.48,2827.75,2797.27,2767.09,2737.24,2707.7,2678.48,2649.57,2620.97,2592.67,2564.68,2536.98,2509.58,2482.46,2455.64,2429.11,2402.86,2376.89,2351.19,2325.77,2300.62,2275.74,2251.13,2226.78,2202.69,2178.86,2155.28,2131.8748779443017,2108.7239222792546,2085.824372901579,2063.1734996811565,2040.7686021355385,2018.607009107988,1996.6860784490198,1975.0031967013986,1953.5557787885566,1932.341267706395,1911.3571342184348,1890.600876554274,1870.0700201113232,1849.7621171597775,1829.674746550793,1809.8055134278347,1790.1520489411537,1770.71200996537,1751.483078820122,1732.4629629937444,1713.6493948699529,1695.0401314574938,1676.63295412273,1658.4256683251315,1640.4161033556368,1622.6021120778578,1604.981570672093,1587.552378382123,1570.3124572647519,1553.2597519420722,1536.3922293564185,1519.7078785279814,1503.2047103150562,1486.880757176891,1470.7340729391149,1454.7627325617095,1438.964831909503,1423.3384875251538,1407.8818364046037,1392.593035774964,1377.4702628748169,1362.5117147369044,1347.7156079731728,1333.0801785621534,1318.6036816386543,1304.284391285732,1290.120600328926,1276.1106201327248,1262.2527803992425,1248.5454289690854,1234.986931624376,1221.5756718939183,1208.3100508604798,1195.1884869701657,1182.2094158438608,1169.3712900907237,1156.672579123702,1144.111768977053,1131.6873621258462,1119.397877307425,1107.2418493448079,1095.217828972006,1083.3243826612404,1071.5600924520331,1059.9235557821548,1048.4133853204094,1037.028208801232,1025.7666688610875,1014.6274228766395,1003.6091428046831,992.7105150238109,981.9302401778012,971.2670330207068,960.7196222636238,950.2867504231277,939.9671736713525,929.7596616876995,919.662997512156,909.675977400207,899.7974106793222,890.0261196070018,880.3609392303632,870.8007172472538,861.3443138688708,851.9906016838727,842.7384655239682
80,7857.21,8109.98,7376.08,7262.1,7294.85,7444.05,6964.88,6664.87,7418.0,6939.14,6681.2,6499.01,7109.24,6824.07,6491.67,6157.13,6470.43,6330.36,6441.08,6356.85,6147.08,6155.33,5848.32,5329.7,5857.77,5705.22,5751.68,5602.68,4999.15,4964.11,4732.14,4973.82,4545.04,4809.11,4818.2,4884.28,4402.87,4651.9,4418.64,4986.72,4997.9,4568.02,4550.66,4399.57,4269.83,4224.86,4127.71,4048.36,3986.76,3937.42,3893.19,3849.48,3805.04,3760.18,3715.22,3670.18,3625.05,3580.12,3535.97,3493.19,3452.15,3413.03,3375.73,3339.83,3304.72,3269.93,3235.25,3200.7,3166.34,3132.26,3098.53,3065.16,3032.14,2999.48,2967.15,2935.18,2903.54,2872.23,2841.26,2810.62,2780.3,2750.31,2720.64,2691.28,2662.23,2633.49,2605.06,2576.93,2549.11,2521.57,2494.34,2467.39,2440.73,2414.35,2388.164123788106,2362.2622578120863,2336.641321716203,2311.298268554044,2286.230084426175,2261.433788121707,2236.906430763764,2212.6450954587876,2188.646896949649,2164.908981272523,2141.428525417481,2118.2027369927705,2095.2288538927273,2072.5041439693014,2050.025904707132,2027.791462902159,2005.7981743437101,1984.043423500043,1962.5246232072955,1941.239214361809,1920.1846656157893,1899.3584730762682,1878.7581600073315,1858.381276535574,1838.225399358751,1818.2881314575902,1798.5671018107266,1779.059965112733,1759.7644014952052,1740.6781162508737,1721.7988395607094,1703.1243262239852,1684.6523553912696,1666.3807303003127,1648.3072780147993,1630.4298491659333,1612.7463176968272,1595.254580609662,1577.9525577155905,1560.8381913873523,1543.9094463145723,1527.1643092617144,1510.6007888286579,1494.2169152138727,1478.0107399801623,1461.9803358229478,1446.1237963410651,1430.439235810048,1414.9247889578692,1399.5786107431152,1384.398876135567,1369.383779899159,1354.5315363772938,1339.8403792804843,1325.3085614762983,1310.9343547815847,1296.7160497569487,1282.6519555034595,1268.740399461561,1254.979727212165,1241.3683022798998,1227.904505938495,1214.5867370182752,1201.413411715743,1188.3829634052256,1175.4938424525662,1162.744516030835,1150.1334679380388,1137.6591984168087,1125.320223976042,1113.11507721448,1101.042306646198,1089.10047652799,1077.2881666886224,1065.603972359943,1054.04650400982,1042.6143871768913,1031.3062623071112,1020.1207845920636,1009.0566238090338,998.1124641628121,987.2870041292147,976.5789563003003,965.9870472312671,955.5100172890088,945.1466205023148
81,8532.22,8562.77,8427.33,7591.51,8147.98,8006.99,7001.78,7784.88,8016.73,7378.35,7247.74,7701.38,7726.96,6791.9,7393.36,7272.9,7512.8,6712.71,7421.81,6415.66,6580.31,6545.68,6446.21,6642.51,6086.1,6419.32,5960.71,5801.38,5816.19,5763.94,5621.36,5871.46,5296.61,5005.57,5181.83,4918.48,5335.79,5701.02,5385.66,5736.36,5499.29,5336.84,5130.49,4954.64,4825.82,4783.59,4666.57,4563.74,4479.5,4413.61,4360.25,4312.09,4264.47,4216.12,4167.38,4118.58,4069.77,4020.95,3972.41,3924.73,3878.43,3833.83,3791.04,3749.89,3709.98,3670.75,3631.83,3593.09,3554.59,3516.41,3478.62,3441.23,3404.23,3367.62,3331.4,3295.57,3260.11,3225.03,3190.31,3155.97,3121.99,3088.37,3055.1,3022.19,2989.63,2957.41,2925.54,2894.0,2862.8,2831.93,2801.38,2771.17,2741.27,2711.69,2682.3372303142187,2653.3021905637274,2624.581441471318,2596.1715809883412,2568.069243891726,2540.271101385358,2512.773860705778,2485.5742647321426,2458.66909160041,2432.0551543217034,2405.7293004048024,2379.688411482721,2353.9294029433327,2328.4492235639846,2303.244855150077,2278.3133121775463,2253.651641439226,2229.256921695026,2205.1262633259107,2181.2568079916086,2157.6457282920414,2134.2902274324056,2111.1875388918875,2088.3349260959612,2065.729682092234,2043.3691292297995,2021.250618842064,1999.371530933006,1977.729273866828,1956.3212840609724,1935.145025682458,1914.1979903475037,1893.4776968244034,1872.9816907396187,1852.7075442870503,1832.6528559404594,1812.8152501689997,1793.1923771558297,1773.7819125197714,1754.5815570399793,1735.5890363835938,1716.8021008363394,1698.2185250360399,1679.8361077090185,1661.6526714093523,1643.666062260946,1625.8741497024014,1608.274826234645,1590.8660071712914,1573.6456303917046,1556.611656096736,1539.7620665671031,1523.094865924387,1506.6080798946143,1490.2997555743996,1474.1679611996178,1458.210785916584,1442.4263395557052,1426.812752407586,1411.368175001557,1396.0907778865983,1380.9787514146385,1366.0303055261957,1351.24366953834,1336.6170919349531,1322.1488401592542,1307.8372004085757,1293.6804774313584,1279.676994326345,1265.8250923439452,1252.1231306897535,1238.5694863301933,1225.1625538002631,1211.9007450133656,1198.7824890731938,1185.806232087656,1172.9704369848114,1160.2735833308004,1147.7141671497452,1135.2907007456008,1123.0017125259315,1110.845746827599,1098.8213637443334,1086.9271389561743,1075.1616635607545,1063.5235439064136
82,9831.92,9436.87,9428.48,8751.63,8749.79,9106.75,8155.17,8418.8,8937.96,8787.54,8116.33,8060.94,8312.18,7650.22,7780.38,7732.13,7650.88,7352.32,8159.9,7350.98,7398.72,7359.07,7307.5,7605.09,6922.35,6832.89,6729.28,6769.58,6260.33,6457.04,6116.28,6312.41,6302.55,5863.36,6449.62,5728.42,5839.46,5926.54,5978.17,6183.85,6341.81,5888.6,6122.7,5901.05,5547.6,5423.15,5290.91,5167.29,5058.62,4969.24,4898.68,4840.88,4788.34,4736.32,4683.58,4630.47,4577.34,4524.26,4471.26,4418.64,4366.93,4316.61,4267.93,4220.93,4175.41,4130.95,4087.08,4043.55,4000.32,3957.45,3915.02,3873.03,3831.48,3790.37,3749.69,3709.44,3669.62,3630.21,3591.22,3552.64,3514.46,3476.69,3439.32,3402.34,3365.76,3329.56,3293.74,3258.3,3223.23,3188.54,3154.22,3120.25,3086.65,3053.41,3020.441573204471,2987.8291147084406,2955.5687810336917,2923.656770200996,2892.0893212820424,2860.862713956194,2829.973268072044,2799.417343213693,2769.1913382717185,2739.2916910187705,2709.714877689754,2680.4574125665404,2651.5158475671687,2622.8867718394727,2594.5668113591078,2566.552628531908,2538.84092180054,2511.4284252554066,2484.3119082497496,2457.488175018905,2430.954064303676,2404.7064489777654,2378.7422356792367,2353.058364445952,2327.6518083549445,2302.5195731656872,2277.658696967212,2253.0662498290408,2228.7393334558824,2204.6750808460606,2180.870655953629,2157.3232533541336,2134.030097913987,2110.9884444634076,2088.195577472896,2065.6488107331975,2043.3454870387284,2021.2829778744135,1999.4586831059087,1977.8700306731655,1956.5144762873088,1935.3895031307818,1914.4926215607331,1893.821368815604,1873.3733087248838,1853.1460314220014,1833.1371530603137,1813.344315532162,1793.765186190963,1774.3974575762975,1755.2388471419713,1736.2870969870073,1717.5399735895476,1698.9952675436243,1680.6507932987763,1662.5043889024723,1644.553915745321,1626.7972583090286,1609.2323239170773,1591.8570424880984,1574.6693662919056,1557.667269708166,1540.8487489876716,1524.211822016193,1507.754528080881,1491.4749276391906,1475.3711020902997,1459.4411535489958,1443.6832046220052,1428.095398186736,1412.6758971724107,1397.4228843435612,1382.3345620858634,1367.4091521942808,1352.6448956634993,1338.0400524806225,1323.5929014201054,1309.3017398409038,1295.164883485811,1281.1806662829651,1267.3474401494957,1253.6635747972928,1240.1274575408727,1226.7374931073177,1213.492103448268,1200.389727553944
83,10043.59,10360.47,9946.65,9475.76,9672.38,10026.32,9289.54,9367.65,10072.82,9245.09,9191.03,9029.2,9363.83,8268.08,8708.22,8753.18,8618.95,8422.82,8093.31,8560.11,8200.93,8114.11,8148.78,8024.66,7708.8,7426.36,7446.03,7851.37,6966.57,7145.98,6846.38,7249.96,7025.35,6707.69,7018.17,6546.1,6785.37,6251.5,6257.52,7164.91,6813.4,6433.98,6985.7,6573.93,6280.42,6147.01,6005.54,5865.99,5735.69,5621.0,5526.17,5450.53,5387.82,5330.35,5273.39,5215.71,5157.67,5099.66,5041.74,4984.0,4926.71,4870.39,4815.47,4762.11,4710.29,4659.77,4610.16,4561.1,4512.44,4464.22,4416.47,4369.23,4322.48,4276.22,4230.44,4185.14,4140.32,4095.97,4052.08,4008.65,3965.68,3923.16,3881.08,3839.45,3798.26,3757.5,3717.16,3677.26,3637.77,3598.7,3560.04,3521.79,3483.94,3446.49,3409.3956278714236,3372.700500320262,3336.4003203002662,3300.490837014048,3264.9678454153036,3229.827185716401,3195.06474290126,3160.67644624348,3126.6582688296526,3093.006227087806,3059.7163803209214,3026.7848302454754,2994.2077205349424,2961.9812363682163,2930.1016039828905,2898.5650902333423,2867.3680021535815,2836.5066865247945,2805.9775294475526,2775.776955918614,2745.9014294122926,2716.3474514663217,2687.111561272182,2658.1903352698346,2629.5803867468203,2601.2783654416685,2573.28095715158,2545.584883344327,2518.186900774335,2491.0838011028923,2464.272410522453,2437.749589384976,2411.5122318342706,2385.557265442297,2359.881650849379,2334.482381408294,2309.356482832188,2284.501012846284,2259.9130608433393,2235.589747542807,2211.5282246536694,2187.7256745409018,2164.1793098955204,2140.886373408187,2117.844137446324,2095.0499037347054,2072.501003039484,2050.1947948556235,2028.1286670976885,2006.3000357939693,1984.7063447838932,1963.3450654186956,1942.2136962653121,1921.3097628134574,1900.6308171858566,1880.1744378515973,1859.9382293425624,1839.9198219729203,1820.11687156163,1800.527059157936,1781.148090769815,1761.9776970953465,1743.013633256976,1724.2536785386346,1705.6956361256932,1687.3373328477105,1669.1766189239527,1651.2113677116515,1633.4394754569716,1615.8588610486584,1598.4674657743371,1581.2632530794342,1564.2442083286962,1547.4083385702709,1530.7536723023322,1514.278259242214,1497.9801700980288,1481.8574963427461,1465.9083499907015,1450.130863376511,1434.523188936364,1419.083498991673,1403.8099855350495,1388.7008600185825,1373.7543531443994,1358.968714657478
84,10610.59,11799.97,10962.86,10412.54,11073.56,10053.61,10405.75,10155.56,10780.62,9692.54,10262.17,9638.46,10105.8,9300.38,9863.49,9827.65,8896.48,9075.49,9324.21,9402.62,9232.49,8732.32,8378.42,8562.39,8623.0,8197.66,8630.84,8362.61,8078.66,7792.81,7309.66,7907.08,7506.99,7902.45,7627.85,7563.76,7716.38,7380.88,7239.48,7892.61,7520.58,7250.78,7812.33,7409.57,7044.83,6957.59,6814.49,6665.32,6518.46,6381.36,6260.42,6159.8,6078.64,6010.45,5947.46,5884.93,5821.67,5758.06,5694.5,5631.1,5567.94,5505.33,5443.74,5383.51,5324.77,5267.43,5211.2,5155.78,5100.91,5046.56,4992.75,4939.5,4886.81,4834.66,4783.06,4731.99,4681.46,4631.45,4581.96,4532.99,4484.53,4436.57,4389.12,4342.16,4295.7,4249.72,4204.22,4159.19,4114.64,4070.56,4026.94,3983.77,3941.06,3898.8,3856.9399703951835,3815.5293770472967,3774.5633945190198,3734.037249182038,3693.946218660789,3654.2856312821746,3615.0508655311933,3576.2373495124043,3537.8405604171853,3499.8560239967014,3462.279314040536,3425.1060518609215,3388.3319057825042,3351.952590637588,3315.9638672667993,3280.361542025112,3245.141466293176,3210.2995359938914,3175.831691114177,3141.733915231866,3108.0022350476906,3074.6327199222847,3041.6214814181594,3008.9646728465964,2976.658488819407,2944.699164805503,2913.0829766922284,2881.8062403513995,2850.8653112100087,2820.2565838255327,2789.9764914658026,2760.0215056933853,2730.388135954426,2701.0729291719053,2672.0724693432644,2643.38337714235,2615.0023095256324,2586.925959342652,2559.151054950646,2531.67435983332,2504.492672223702,2477.602824731056,2451.001683971792,2424.6861502043466,2398.653156967981,2372.8996707254537,2347.4226905095343,2322.219247573311,2297.286405044252,2272.6212575819836,2248.2209310397357,2224.0825821294316,2200.20339809037,2176.580596361458,2153.211424256975,2130.093158645806,2107.223105634128,2084.598600251498,2062.217006140313,2040.0757152486053,2018.1721475261336,1996.5037506237381,1975.067999595925,1953.8623966066436,1932.8844706382195,1912.1317772034176,1891.6018980605927,1871.2924409319012,1851.201039224535,1831.3253517549529,1811.6630624760692,1792.2118802073708,1772.969538367937,1753.93379471232,1735.1024310692642,1716.4732530832305,1698.044089958695,1679.8127942071933,1661.7772413970818,1643.935329905984,1626.2849806758957,1608.8241369709194,1591.5507641376,1574.4628493678329,1557.5584014643184,1540.8354506085357
85,11577.75,13261.48,12067.75,11983.5,11795.48,11367.25,10880.59,10856.5,10937.22,11025.86,10947.54,10956.97,11388.45,9921.92,10681.38,10088.25,11063.24,9787.82,10402.24,9939.74,9919.09,10241.09,10481.52,8544.49,8810.56,9067.7,9555.04,9197.42,9047.49,8432.3,8607.01,8878.88,8967.91,8464.6,8799.22,8549.62,8408.48,8252.06,7778.88,8548.96,8258.11,8861.07,8380.99,8117.63,7899.33,7858.28,7720.94,7570.15,7413.32,7259.1,7115.06,6987.61,6880.82,6793.61,6719.32,6650.12,6581.3,6511.71,6441.79,6371.93,6302.27,6232.94,6164.23,6096.57,6030.25,5965.32,5901.63,5838.92,5776.95,5715.61,5654.88,5594.78,5535.3,5476.44,5418.18,5360.53,5303.47,5247.0,5191.11,5135.81,5081.08,5026.91,4973.31,4920.26,4867.77,4815.82,4764.41,4713.54,4663.2,4613.38,4564.08,4515.29,4467.02,4419.25,4371.906217553664,4325.069632875347,4278.734812314368,4232.89638043118,4187.549019373756,4142.6874682606485,4098.306522570657,4054.4010335390362,4010.965907560177,3967.996105596676,3925.4866425947457,3883.4325869058825,3841.8290597147334,3800.6712344730863,3759.954336339932,3719.673641627517,3679.8244772533394,3640.402220198005,3601.4022969689017,3562.8201830696125,3524.651402475017,3486.8915271120136,3449.5361763458054,3412.5810164716904,3376.021760212295,3339.8541662201947,3304.0740385858626,3268.677226350891,3233.6596230264236,3199.017166116752,3164.7458366480128,3130.8416587019324,3097.3006989545747,3064.1190662200174,3031.2929109989295,2998.818425031977,2966.691840858015,2934.9094313770165,2903.467509417676,2872.3624273096534,2841.5905764603963,2811.148386936495,2781.032327049525,2751.238902946326,2721.7646582036687,2692.606173427265,2663.760065855074,2635.2229889648593,2606.991632085946,2579.0627200151425,2551.4330126367745,2524.099304546787,2497.0584246808794,2470.307235946618,2443.842634859495,2417.6615511828827,2391.760947571846,2366.1378192207712,2340.7891935147723,2315.712129684823,2290.9037184665985,2266.361081762953,2242.08137231003,2218.0617733469408,2194.299498288985,2170.7917904043666,2147.5359224943822,2124.529196577028,2101.7689435739994,2079.252523001044,2056.9773226616294,2034.9407583438967,2013.1402735208574,1991.573339053803,1970.2374528988926,1949.1301398168835,1928.24895108597,1907.5914642177024,1887.155282675945,1866.9380355988471,1846.937377523793,1827.1509881152974,1807.5765718958169,1788.211857979444,1769.054599808456,1750.1025748926845
86,13997.47,14358.54,14072.1,12444.35,12939.36,12630.63,11210.06,11769.79,12929.85,12009.8,11858.27,11619.13,12920.56,11288.66,11787.36,11600.72,11402.61,11494.82,11398.19,10640.66,10835.63,11133.0,11513.57,9971.04,9622.72,9743.66,10192.79,10447.6,9880.97,9565.78,9554.1,9635.79,9434.05,9544.32,9618.3,9810.32,9859.24,9454.95,9594.68,10139.1,9558.49,9334.72,9753.73,9099.53,8870.11,8856.41,8728.87,8584.24,8425.83,8261.34,8099.67,7948.53,7814.28,7700.86,7607.0,7525.86,7449.63,7373.67,7296.91,7219.8,7142.75,7065.95,6989.55,6913.85,6839.22,6765.88,6693.82,6622.87,6552.82,6483.51,6414.91,6347.01,6279.8,6213.28,6147.44,6082.28,6017.79,5953.95,5890.78,5828.25,5766.37,5705.12,5644.5,5584.51,5525.14,5466.38,5408.22,5350.67,5293.71,5237.35,5181.56,5126.36,5071.72,5017.65,4964.026766555474,4910.976600416369,4858.493377257175,4806.57103820257,4755.203589127957,4704.385099967482,4654.109704029443,4604.371597319009,4555.165037868195,4506.484345072972,4458.323899037488,4410.678139925275,4363.541567317405,4316.908739577496,4270.774273223511,4225.1328423062605,4179.979177794563,4135.308066966957,4091.1143528099315,4047.392933422574,4004.1387614275877,3961.346843388604,3919.012239233719,3877.1300616851886,3835.6954756952264,3794.703697887823,3754.1499960065353,3714.029688368174,3674.3381433223326,3635.070778716691,3596.223061368032,3557.7905065389136,3519.7686774199333,3482.153184617522,3444.9396856472185,3408.123884432353,3371.7015308080904,3335.6684200307773,3300.020392292525,3264.753332240987,3229.8631685042674,3195.345873220902,3161.1974615748672,3127.4139913355575,3093.9915624026785,3060.9263163560004,3028.2144360099323,2995.852144972845,2963.835707211111,2932.161426617805,2900.825646586005,2869.8247495866635,2839.1551567509805,2808.81332745725,2778.795758922113,2749.098985796179,2719.719579763981,2690.654149148189,2661.899338518062,2633.4518283020884,2605.3083344047545,2577.465607827422,2549.9204342932444,2522.6696338761017,2495.7100606334975,2469.0386022433745,2442.652179644819,2416.547746682601,2390.7222897555125,2365.172827468468,2339.8964102883156,2314.890120203336,2290.1510703863723,2265.676404861563,2241.4632981746386,2217.508955066739,2193.8106101517146,2170.3655275968845,2147.1710008071964,2124.224352112768,2101.5229324597653,2079.064121104586,2056.8453253113107,2034.8639800523847,2013.1175477125034,1991.6035177956583
87,15473.65,15145.21,14565.99,13653.42,14614.0,14404.92,13506.18,12853.09,14064.74,12682.48,13127.44,12119.19,14606.21,12211.15,13145.89,12731.16,12629.55,12594.01,13395.41,12078.23,11828.61,11659.5,12604.43,12825.17,12047.35,11278.18,11151.55,11284.84,11182.39,10623.22,10208.49,10891.57,11355.17,11010.57,10715.31,10575.2,11149.27,10629.05,10277.64,11399.66,10880.61,11058.15,10287.31,9956.8,9920.76,9962.17,9844.95,9710.72,9558.77,9392.66,9220.41,9051.14,8892.62,8751.19,8630.59,8529.31,8440.44,8356.2,8272.11,8187.17,8101.86,8016.62,7931.66,7847.18,7763.47,7680.84,7599.46,7519.25,7440.06,7361.73,7284.2,7207.46,7131.49,7056.3,6981.86,6908.19,6835.26,6763.07,6691.62,6620.89,6550.89,6481.6,6413.01,6345.13,6277.94,6211.44,6145.63,6080.48,6016.01,5952.19,5889.03,5826.52,5764.66,5703.43,5642.624419760676,5582.467101810577,5522.951134876201,5464.069681366719,5405.815976588436,5348.183327967611,5291.1651142815745,5234.754784898035,5178.9458590224995,5123.731924953718,5069.106639347063,5015.063726485765,4961.596977559916,4908.700249953158,4856.367466536983,4804.592614972545,4753.369747019931,4702.69297785478,4652.556485392199,4602.954509617884,4553.881351926366,4505.3313744663255,4457.2989994928685,4409.77870872673,4362.7650427202825,4316.252600230334,4270.236037597585,4224.71006813272,4179.669461509035,4135.109043161542,4091.023693692483,4047.408348283177,4004.2579961121423,3961.567679779417,3919.3324947370234,3877.547588725496,3836.208161216427,3795.309462860947,3754.846794944087,3714.81550884496,3675.211005502698,3636.0287348880775,3597.2641954807864,3558.912933752255,3520.9705436540085,3483.4326661114683,3446.294988523153,3409.5532442652193,3373.203212201283,3337.240716197465,3301.661624642614,3266.461849973633,3231.637348205879,3197.1841184685572,3163.0982025450803,3129.375684418319,3096.0126898207013,3063.0053857891166,3030.349980224556,2998.04272145645,2966.0798978116536,2934.4578371880225,2903.1729066325406,2872.2215119239395,2841.6000971597705,2811.30514434788,2781.3331730022387,2751.68073974308,2722.344437901302,2693.320897127086,2664.606783002689,2636.1987966593624,2608.093674398358,2580.28818731597,2552.779140932579,2525.5633748256487,2498.6377622666346,2471.999209861764,2445.644657196649,2419.571076484683,2393.7754722191908,2368.2548808292813,2343.0063703393766,2318.027040032365,2293.314020116348,2268.8644713949375
88,17092.11,17821.26,16556.0,15019.06,16090.61,15720.76,15537.26,14364.68,14875.14,14043.6,13623.17,12978.16,14311.42,14009.01,13275.72,13760.05,13215.76,13785.36,14118.03,13228.7,13442.12,13646.85,13309.26,13521.5,12920.87,12506.1,12200.14,12289.02,11598.13,11149.63,12191.52,12283.16,11901.29,11617.89,12858.07,11979.72,12731.81,11969.46,11998.9,12778.07,11697.91,11422.48,11288.91,11956.8,11297.84,11190.7,11079.74,10956.43,10815.3,10655.81,10481.79,10301.56,10124.41,9958.17,9809.04,9680.55,9570.95,9473.29,9379.91,9286.54,9192.27,9097.61,9003.03,8908.79,8815.11,8722.26,8630.51,8539.96,8450.5,8362.02,8274.44,8187.73,8101.89,8016.91,7932.78,7849.5,7767.05,7685.44,7604.64,7524.66,7445.49,7367.11,7289.53,7212.74,7136.72,7061.47,6986.98,6913.25,6840.27,6768.03,6696.53,6625.75,6555.7,6486.36,6417.483367468717,6349.338114402782,6281.916474511905,6215.210763973611,6149.213380557538,6083.916802759033,6019.313588941957,5955.396376490581,5892.157880970493,5829.59089529842,5767.688288920856,5706.443007001416,5645.84806961682,5585.896570961419,5526.581678560155,5467.896632489893,5409.834744609009,5352.389397795173,5295.554045191206,5239.322209458964,5183.687482041137,5128.643522430885,5074.184057449229,5020.302880530121,4966.993851013101,4914.250893443468,4862.067996879874,4810.439214209286,4759.358661469202,4708.820517177089,4658.819021666915,4609.348476432747,4560.403243479304,4511.977744679424,4464.066461138331,4416.66393256467,4369.76475664822,4323.363588444202,4277.455139764142,4232.034178573184,4187.095528393821,4142.634067715943,4098.64472941316,4055.1225001653124,4012.0624198871255,3969.45958116292,3927.3091286873346,3885.606258711979,3844.346218497967,3803.524305774266,3763.135868201788,3723.1763028431856,3683.6410556382652,3644.525620884976,3605.8255407259135,3567.5364046402674,3529.6538489411723,3492.173556278393,3455.091255146286,3418.4027193969973,3382.103767758814,3346.190263359646,3310.658113255554,3275.5032679642945,3240.7217210038125,3206.309508435635,3172.262708413114,3138.5774407344684,3105.249866400567,3072.276187177415,3039.6526451632762,3007.375522360402,2975.4411402513006,2943.8458593795094,2912.5860789348194,2881.6582363428997,2851.058806859286,2820.7843031676744,2790.831274982484,2761.1963086556416,2731.8760267875355,2702.867087842107,2674.1661857660283,2645.7700496119155,2617.6754431655586,2589.8791645770934
89,17627.93,18970.1,17963.42,17193.96,16899.67,17694.47,17493.4,15705.96,15717.59,14790.42,15417.71,15116.99,16134.21,14038.51,14921.0,15620.53,14241.09,14735.11,15680.04,14681.11,13429.26,15162.21,14731.43,13580.11,14360.15,13891.61,13977.09,13289.24,12836.18,13074.82,13064.82,13685.52,12565.45,12740.86,13944.28,13344.87,13732.98,13606.41,12717.29,14090.14,13524.15,13460.98,12869.99,12425.81,12444.93,12566.21,12449.59,12332.91,12203.06,12054.57,11887.12,11704.84,11516.27,11330.85,11156.4,10998.93,10861.69,10742.7,10635.01,10531.2,10427.24,10322.35,10217.08,10111.92,10007.16,9903.05,9799.86,9697.79,9596.87,9497.02,9398.17,9300.29,9203.38,9107.43,9012.43,8918.37,8825.24,8733.04,8641.76,8551.39,8461.91,8373.33,8285.63,8198.81,8112.86,8027.77,7943.54,7860.14,7777.59,7695.87,7614.97,7534.88,7455.61,7377.13,7299.218240464157,7222.129326977384,7145.854569251789,7070.385368779838,6995.713217865036,6921.829698662851,6848.726482231762,6776.395327594336,6704.82808080821,6634.016674046895,6563.953124690287,6494.629534424776,6426.038088352864,6358.171054112188,6291.020781003846,6224.579699129926,6158.840318540143,6093.795228387502,6029.437096092857,5965.758666518311,5902.752761149334,5840.412277285528,5778.730187239934,5717.699537546794,5657.313448177684,5597.565111765921,5538.447792839167,5479.95482706013,5422.079620475294,5364.815648771574,5308.156456540827,5252.0956565521265,5196.626929031731,5141.744020950648,5087.440745319723,5033.710980492182,4980.548669473528,4927.947819238738,4875.902500056656,4824.406844821541,4773.455048391655,4723.041366934849,4673.160117281059,4623.805676281633,4574.972480175435,4526.655023961633,4478.847860779119,4431.545601292484,4384.742913084466,4338.434520054829,4292.6152018255825,4247.279793152489,4202.423183342775,4158.040315679002,4114.12618684902,4070.6758463819424,4027.6843960900715,3985.1469895167243,3943.0588313898893,3901.4151770816516,3860.211332073326,3819.442651426241,3779.104539258113,3739.1924482249483,3699.701879008418,3660.628379808647,3621.9675458423576,3583.715018846318,3545.866486586029,3508.417682369607,3471.364384566792,3434.702416133044,3398.4276441386596,3362.535979302864,3327.0233755328254,3291.8858294675347,3257.1193800265023,3222.720107963226,3188.684135423369,3155.0076255076074,3121.6867818390942,3088.7178481354904,3056.0971077855174,3023.82088342998,2991.885536547214,2960.2874670429173
90,18351.07,19309.49,18124.98,18479.82,17914.27,18844.9,17388.45,17191.0,19816.91,18186.56,17497.2,16747.99,17797.24,16742.23,16050.12,16551.72,16818.98,16380.32,17231.3,14942.33,16602.63,17193.82,17210.52,15763.71,15541.59,15031.5,15854.41,15412.92,15084.96,14662.91,14409.33,15242.5,14985.46,14432.35,16318.71,14738.63,14827.74,15080.83,14907.18,15803.29,15096.16,15457.28,15827.81,14854.92,14267.73,14121.65,13980.23,13857.74,13734.63,13597.49,13440.94,13264.92,13073.82,12876.41,12682.2,12498.91,12332.32,12185.31,12055.69,11936.58,11820.89,11704.9,11587.99,11470.74,11353.65,11237.06,11121.24,11006.43,10892.77,10780.26,10668.86,10558.53,10449.29,10341.1,10233.97,10127.89,10022.84,9918.82,9815.82,9713.83,9612.85,9512.86,9413.85,9315.82,9218.76,9122.65,9027.5,8933.29,8840.02,8747.67,8656.24,8565.72,8476.11,8387.38,8300.580946647888,8214.680156598837,8129.668333933934,8045.536278935579,7962.2748870919195,7879.875148111585,7798.328144948629,7717.625052837545,7637.757138338281,7558.715758391135,7480.492359381428,7403.078476213858,7326.465731396435,7250.645834133894,7175.6105794304885,7101.351847202073,7027.861601397375,6955.1318891283545,6883.154839809565,6811.922664306431,6741.427654092325,6671.662180414376,6602.61869346791,6534.289721579434,6466.6678703980715,6399.745822095376,6333.516334573406,6267.972240681022,6203.1064474382665,6138.91193526879,6075.381757240216,6012.509038312358,5950.286974593231,5888.708832602753,5827.7679485440685,5767.4577275824095,5707.7716431314275,5648.703236146906,5590.246114427781,5532.393951924395,5475.140488053915,5418.479527022831,5362.404937156463,5306.910650235413,5251.990660838883,5197.639025694781,5143.849863036561,5090.61735196672,5037.935731826874,4985.799301574358,4934.202419165276,4883.139500943944,4832.605021038629,4782.593510763571,4733.099558027172,4684.117806746312,4635.64295626674,4587.6697607894475,4540.1930288029835,4493.207622521647,4446.708457329493,4400.690501230089,4355.148774301964,4310.078348159711,4265.474345420632,4221.331939176939,4177.646352473393,4134.4128577903575,4091.6267765322054,4049.2834785210093,4007.378381495482,3965.9069506150972,3924.864697969342,3884.2471820920528,3844.0500074807683,3804.268824121065,3764.8993270158117,3725.9372557192955,3687.3783938761694,3649.2185687651718,3611.4536508475667,3574.079553320258,3537.09223167353,3500.4876832533596,3464.261946828264,3428.411102160628
91,18757.56,20728.04,19474.16,20295.91,21857.14,20697.25,18326.69,18676.92,20636.78,18857.04,18922.69,18152.99,19789.86,17361.94,18009.76,18331.81,18228.42,18196.93,18124.49,18417.89,17587.15,17332.98,19487.02,17928.63,18080.1,16847.01,17128.54,17680.07,17190.0,15853.62,16020.23,17064.51,16531.4,15639.75,16893.09,15934.25,17058.49,16552.42,16332.34,17595.65,16264.44,17670.09,16889.12,16212.17,16108.05,16168.34,15989.39,15848.08,15725.66,15601.66,15462.24,15302.07,15121.35,14924.84,14721.63,14521.46,14332.03,14158.96,14004.81,13867.14,13739.09,13613.9,13488.13,13361.32,13234.11,13107.03,12980.46,12854.7,12729.96,12606.34,12483.83,12362.43,12242.13,12122.91,12004.78,11887.71,11771.71,11656.77,11542.87,11430.01,11318.19,11207.38,11097.59,10988.81,10881.03,10774.25,10668.44,10563.61,10459.76,10356.86,10254.91,10153.91,10053.85,9954.72,9856.39980440986,9759.050691970317,9662.663071544168,9567.227446723395,9472.734414893552,9379.174666307375,9286.538983167577,9194.818238718664,9104.003396347749,9014.085508694236,8925.05571676829,8836.905249078034,8749.625420765346,8663.207632750204,8577.643370883474,8492.924205108071,8409.041788628405,8325.98785708803,8243.754227755411,8162.3327987177345,8081.715548082686,8001.894533188109,7922.861889819464,7844.609831435027,7767.130648398738,7690.416707220612,7614.460449804672,7539.254392704304,7464.79112638496,7391.063314494149,7318.063693138635,7245.7850701687785,7174.220324469945,7103.362405260903,7033.204331399168,6963.739190693194,6894.9601392213635,6826.860400657702,6759.433265604255,6692.672090930061,6626.570299116639,6561.121377609961,6496.318878178812,6432.156416279487,6368.627670426769,6305.726381571118,6243.446352482006,6181.781447137349,6120.725590118966,6060.272766014013,6000.417018822319,5941.152451369593,5882.473224726403,5824.373557632919,5766.847725929315,5709.890061991815,5653.494954174294,5597.65684625541,5542.370236891177,5487.629679072966,5433.4297795908415,5379.765198502206,5326.630648605698,5274.020894920277,5221.930754169454,5170.3550942706215,5119.288833829428,5068.726941639139,5018.664436184946,4969.096385153176,4920.017904945344,4871.4241601970025,4823.310363301349,4775.671773937536,4728.50369860364,4681.801490154242,4635.560547342573,4589.7763143671955,4544.44428042314,4499.559979257493,4455.118988729366,4411.116930374213,4367.549468972449,4324.412312122335,4281.701209817069,4239.411954026073
92,20212.36,21686.43,20203.81,20263.03,23871.67,21515.08,19488.37,21413.5,22512.01,19976.84,19299.58,18707.25,21918.69,17962.66,20769.17,20383.65,20560.68,19975.89,20817.24,19274.96,18799.02,20065.21,18850.8,18967.85,19571.79,18062.87,19904.78,19975.39,17949.26,18883.56,17252.4,18911.08,17890.22,17600.65,20267.85,17336.03,18515.03,18081.52,18490.6,19362.54,18468.38,19807.97,19281.38,18085.18,18005.93,18068.76,17830.82,17642.33,17492.59,17362.18,17230.28,17083.11,16915.55,16728.09,16525.66,16317.35,16112.66,15918.94,15741.29,15581.74,15437.61,15302.3,15169.59,15036.46,14902.59,14768.58,14634.92,14501.96,14369.94,14238.98,14109.11,13980.32,13852.61,13725.98,13600.41,13475.89,13352.43,13230.01,13108.62,12988.26,12868.93,12750.6,12633.29,12516.98,12401.65,12287.32,12173.96,12061.58,11950.16,11839.7,11730.19,11621.63,11514.01,11407.31,11301.25861687928,11196.193171360135,11092.10449738621,10988.983514116064,10886.821225130949,10785.608717649944,10685.337161752395,10585.997809607581,10487.581994711538,10390.08113113098,10293.486712754262,10197.790312549276,10102.98358182828,10009.05824951954,9916.006121445753,9823.819079609173,9732.489081483385,9642.008159311672,9552.368419411883,9463.562041487787,9375.581277946818,9288.418453224165,9202.065963113137,9116.51627410177,9031.761922715594,8947.7955148665,8864.60972520768,8782.197296494543,8700.551038951591,8619.663829645171,8539.528611862055,8460.138394493812,8381.486251426886,8303.565320938356,8226.368805097307,8149.889969171773,8074.1221410411845,7999.0587106142875,7924.693129252469,7851.018909198443,7778.029623010252,7705.718903000525,7634.080440680951,7563.107986211928,7492.7953478573,7423.136391444195,7354.125039827872,7285.755272361532,7218.0211243710755,7150.916686634735,7084.436104867549,7018.573579210618,6953.323363725125,6888.679765891046,6824.637146110531,6761.1899172158965,6698.332543982188,6636.059542644288,6574.365480418497,6513.244975028577,6452.692694236186,6392.703355375691,6333.271724893303,6274.3926178904885,6216.060897671635,6158.271475295923,6101.019309133347,6044.299404424892,5988.106812846771,5932.436632078738,5877.284005376389,5822.644121147465,5768.512212532076,5714.883556986834,5661.753475872854,5609.117334047581,5556.9705394604125,5505.3085427520855,5454.126836857779,5403.420956613919,5353.186478368619,5303.419019595768,5254.114238512685,5205.267833701338,5156.875543733078,5108.933146796877
93,22097.51,23222.35,24853.97,23815.79,22736.45,23954.29,22699.66,23123.67,24219.05,23457.48,21803.03,21400.82,22926.85,23215.49,22017.99,22708.08,20954.58,22798.75,22184.42,20591.68,20357.51,20559.88,21825.02,22085.69,21741.58,22188.86,21274.85,21439.56,20872.87,20862.89,20147.42,20172.75,19845.31,18154.75,21434.18,19447.69,20601.74,20127.45,18657.66,22295.45,21177.13,21947.26,21161.94,19862.56,20066.22,20177.09,19874.97,19627.13,19430.19,19272.75,19134.9,18995.73,18841.58,18667.64,18474.69,18267.8,18055.94,17848.29,17651.72,17470.75,17306.82,17157.03,17015.14,16875.55,16735.72,16595.45,16455.3,16315.7,16176.94,16039.18,15902.47,15766.81,15632.2,15498.63,15366.09,15234.59,15104.1,14974.63,14846.17,14718.72,14592.26,14466.8,14342.32,14218.82,14096.29,13974.74,13854.14,13734.5,13615.81,13498.06,13381.25,13265.38,13150.42,13036.39,12922.795955030706,12810.19172450026,12698.568683549649,12587.918282473522,12478.232046065352,12369.501572968271,12261.71853503158,12154.874676672847,12048.961814245587,11943.971835412432,11839.896698523784,11736.728432001846,11634.45913373007,11533.080970447878,11432.586177150686,11332.967056495154,11234.215978209597,11136.325378509566,11039.287759518485,10943.095688693378,10847.741798255556,10753.218784626297,10659.519407867432,10566.636491126803,10474.56292008856,10383.29164242824,10292.815667272595,10203.12806466414,10114.22196503035,10026.090558657494,9938.72709516903,9852.124883008595,9766.277288927444,9681.177737476388,9596.819710502155,9513.196746648127,9430.30244085945,9348.130443892418,9266.674461828185,9185.928255590667,9105.885640468668,9026.540485642166,8947.886713712729,8869.918300238016,8792.629273270335,8716.013712899234,8640.065750798065,8564.779569774499,8490.149403324964,8416.169535192963,8342.834298931244,8270.138077467775,8198.075302675508,8126.640454945899,8055.828062766132,7985.632702300024,7916.048996972604,7847.071617058284,7778.69527927264,7710.914746367738,7643.72482673099,7577.120373987509,7511.09628660592,7445.647507507609,7380.769023679392,7316.455865789531,7252.703107807117,7189.505866624767,7126.859301684597,7064.758614607469,7003.19904882546,6942.175889217532,6881.684461748384,6821.720133110445,6762.27831036899,6703.354440610342,6644.94401059315,6587.042546402699,6529.645613108227,6472.74881442324,6416.347792368781,6360.4382269396265,6305.015835773406,6250.076373822593,6195.615633029358,6141.629442003254
94,21076.29,24915.12,24406.78,27650.41,25291.62,25822.57,26170.07,23524.77,28924.35,24211.68,23794.81,21015.86,24063.95,24802.4,24764.83,24114.81,25896.34,24470.48,23077.36,24405.62,22251.21,22939.21,23048.7,24076.5,23186.6,23435.42,23917.02,23077.29,22912.06,22480.96,21763.01,22899.84,22410.02,19803.93,23420.51,21822.85,21916.02,22672.6,21950.72,23414.48,22856.24,21780.04,22473.7,22871.03,22553.55,22488.75,22128.24,21816.47,21560.62,21356.59,21192.43,21047.98,20902.38,20742.28,20563.23,20366.28,20156.61,19942.99,19734.14,19536.37,19353.51,19186.41,19031.96,18884.4,18738.82,18593.18,18447.39,18301.96,18157.25,18013.46,17870.67,17728.88,17588.09,17448.3,17309.5,17171.69,17034.86,16899.0,16764.11,16630.19,16497.23,16365.23,16234.18,16104.07,15974.9,15846.67,15719.37,15592.99,15467.53,15342.99,15219.36,15096.63,14974.81,14853.88,14733.267110939962,14613.633593532815,14494.971495321384,14377.272928422122,14260.53006900077,14144.735156752273,14029.880494384934,13915.958447108746,13802.961442127878,13690.881968137288,13579.712574823421,13469.445872368953,13360.074530961576,13251.591280306751,13143.98890914443,13037.260264769693,12931.398252557296,12826.395835490048,12722.246033691052,12618.941923959717,12516.476639311559,12414.843368521715,12314.035355672195,12214.045899702773,12114.868353965563,12016.496125783175,11918.922676010492,11822.141518599985,11726.146220170553,11630.930399579891,11536.487727500305,11442.811925997972,11349.896768115637,11257.736077458678,11166.323727784538,11075.653642595502,10985.719794734756,10896.516205985758,10808.036946674827,10720.276135276992,10633.22793802502,10546.886568521622,10461.246287354825,10376.301401716428,10292.04626502361,10208.47527654356,10125.582881021186,10043.36356830984,9961.811873005032,9880.922374081132,9800.689694531016,9721.10850100863,9642.173503474467,9563.87945484393,9486.221150638517,9409.193428639894,9332.791168546706,9257.009291634251,9181.842760416845,9107.286578312986,9033.335789313207,8959.985477650633,8887.230767474206,8815.066822524583,8743.48884581264,8672.492079300613,8602.0718035858,8532.22333758686,8462.942038232628,8394.223300153495,8326.062555375256,8258.455273015468,8191.396958982267,8124.883155675626,8058.909441691046,7993.471431525651,7928.564775286663,7864.185158402256,7800.328301334745,7736.9899592961165,7674.165921965856,7611.85201321108,7550.0440908089295,7488.738046171225,7427.9298040713475,7367.615322373353
95,28365.95,25939.27,24665.05,25930.37,24547.09,29295.09,25073.46,27064.04,28257.21,27038.16,25606.97,25007.61,26609.84,24457.08,24391.12,23106.27,24061.66,26463.1,27416.85,25639.52,25486.82,25715.83,26601.95,25679.52,26293.07,24372.66,24690.34,24998.35,23845.45,23477.73,23664.79,23945.36,24464.66,22278.21,25721.99,23063.41,24949.24,25880.36,23554.07,25292.69,25893.35,25245.65,25797.09,23524.67,24593.6,24973.5,24579.92,24210.98,23892.4,23630.74,23421.3,23251.72,23101.76,22950.84,22786.1,22603.45,22404.26,22193.75,21980.36,21772.28,21575.12,21391.99,21223.11,21065.25,20913.17,20762.75,20612.44,20462.27,20312.66,20163.88,20016.03,19869.13,19723.16,19578.14,19434.04,19290.87,19148.63,19007.31,18866.91,18727.42,18588.84,18451.16,18314.38,18178.51,18043.52,17909.43,17776.22,17643.89,17512.43,17381.85,17252.14,17123.3,16995.31,16868.18,16741.424386487928,16615.621275590653,16490.76350974563,16366.843985175683,16243.855651484835,16121.791511257172,16000.644619658724,15880.408084042347,15761.075063555558,15642.63876875133,15525.092461201803,15408.429453114904,15292.643106953845,15177.726835059482,15063.674099275504,14950.478410576452,14838.133328698528,14726.632461773163,14615.969465963371,14506.138045102798,14397.131950337518,14288.944979770495,14181.570978108724,14075.003836313039,13969.237491250524,13864.265925349562,13760.083166257462,13656.683286500662,13554.060403147481,13452.208677473423,13351.12231462897,13250.79556330989,13151.222715430013,13052.398105796477,12954.3161117874,12856.971153031986,12760.357691093024,12664.470229151784,12569.30331169528,12474.851524205862,12381.109492853178,12288.071884188419,12195.73340484087,12104.088801216752,12013.132859200316,11922.860403857181,11833.266299139916,11744.345447595813,11656.09279007688,11568.503305451994,11481.572010321222,11395.293958732298,11309.66424189921,11224.677987922942,11140.330361514245,11056.61656371858,10973.531831643048,10891.071438185414,10809.230691765175,10728.004936056604,10647.389549723854,10567.379946158011,10487.971573216153,10409.15991296234,10330.940481410576,10253.308828269699,10176.260536690164,10099.791223012766,10023.896536519213,9948.572159184609,9873.813805431771,9799.617221887402,9725.978187140097,9652.892511500166,9580.356036761264,9508.3646359638,9436.914213160151,9366.000703181606,9295.62007140709,9225.768313533606,9156.44145534842,9087.635552502943,9019.34669028831,8951.570983412668,8884.304575780112,8817.543640271297
96,28795.94,29423.08,25024.25,26356.25,28530.2,31970.94,24989.52,28244.13,28037.38,28571.43,26216.74,26209.98,30914.74,27127.25,27864.16,27216.9,26966.29,27065.03,28818.08,27507.16,27165.08,26731.38,27543.15,27875.07,25628.32,26461.82,29784.12,28455.65,24584.31,28917.2,23778.24,26566.13,26088.51,24416.65,24426.94,26303.21,26093.13,26212.98,25126.25,28465.16,27496.76,26689.89,28418.3,25143.32,26899.37,27578.03,27192.44,26792.78,26419.21,26096.96,25832.02,25619.15,25445.72,25291.64,25136.83,24969.01,24784.56,24585.14,24375.94,24165.0,23959.81,23765.25,23583.62,23414.54,23254.72,23099.55,22945.73,22792.18,22639.03,22486.59,22335.0,22184.28,22034.42,21885.43,21737.29,21590.02,21443.6,21298.04,21153.33,21009.46,20866.43,20724.25,20582.91,20442.4,20302.72,20163.87,20025.85,19888.65,19752.27,19616.71,19481.96,19348.02,19214.88,19082.56,18950.662387223416,18819.67644354449,18689.595867556192,18560.414401406484,18432.125830497254,18304.72398318535,18178.20273048569,18052.555985776395,17927.77770450598,17803.86188390258,17680.802562685156,17558.593820776718,17437.229779019526,17316.704598892255,17197.012482229125,17078.147670940958,16960.104446738173,16842.877130855697,16726.46008377977,16610.847704976644,16496.034432623153,16382.014743339152,16268.783151921793,16156.334211081656,16044.66251118068,15933.76267997194,15823.629382341174,15714.25732005015,15605.64123148176,15497.775891386918,15390.65611063316,15284.27673595503,15178.632649706165,15073.718769613088,14969.53004853072,14866.061474199572,14763.308069004628,14661.26488973586,14559.927027350452,14459.289606736615,14359.34778647907,14260.096758626132,14161.531748458425,14063.648014259164,13966.44084708605,13869.905570544748,13774.03754056389,13678.832145171687,13584.284804274044,13490.390969434222,13397.146123654036,13304.54578115654,13212.585487170232,13121.260817714756,13030.567379388058,12940.500809155046,12851.056774137676,12762.23097140654,12674.019127773823,12586.416999587766,12499.420372528491,12413.025061405271,12327.226909955189,12242.021790643192,12157.40560446352,12073.37428074252,11989.923776942813,11907.050078468816,11824.74919847361,11743.017177667152,11661.850084125786,11581.244013103105,11501.195086842088,11421.699454388568,11342.753291405957,11264.352799991273,11186.494208492433,11109.173771326812,11032.387768801036,10956.132506932061,10880.404317269444,10805.199556718875,10730.51460736691,10656.345876306928,10582.689795466282,10509.542821434645
97,26734.47,28764.04,33695.65,27751.83,29186.16,34688.35,27191.87,26979.47,35886.0,26063.17,25466.73,31240.29,33485.42,31823.55,28990.63,28295.38,30743.41,31912.14,30669.03,26747.72,32141.33,30126.44,32613.42,29050.57,28781.2,31213.05,29614.66,28930.34,27913.88,25818.31,27387.23,29127.86,28085.67,26262.63,29917.04,27781.72,27199.14,29260.54,29527.71,32012.31,28604.92,27065.24,28970.4,27272.73,29437.15,30247.53,29906.52,29517.85,29116.55,28742.37,28419.91,28154.53,27940.54,27765.14,27608.6,27451.57,27282.52,27098.32,26900.9,26695.36,26489.22,26289.19,26099.29,25921.06,25753.51,25593.4,25436.83,25281.33,25126.26,24971.78,24818.04,24665.09,24512.93,24361.54,24210.93,24061.1,23912.04,23763.75,23616.24,23469.49,23323.51,23178.3,23033.84,22890.15,22747.22,22605.04,22463.61,22322.94,22183.02,22043.84,21905.41,21767.73,21630.78,21494.57,21358.939952685407,21224.16572661937,21090.241921597255,20957.163171489556,20824.924144026863,20693.519540586218,20562.944095978804,20433.19257823898,20304.25978841463,20176.140560358872,20048.829760523033,19922.322287750983,19796.613073074706,19671.697079511225,19547.569301860756,19424.224766506166,19301.658531213692,19179.865684934906,19058.841347609934,18938.58066997192,18819.07883335274,18700.3310494899,18582.332560334693,18465.07863786154,18348.564583878568,18232.78572983932,18117.73743665574,18003.415094512264,17889.8141226811,17776.92996933872,17664.75811138345,17553.29405425424,17442.53333175058,17332.471505853544,17223.10416654795,17114.426931645692,17006.43544661011,16899.125384381543,16792.49244520393,16686.532356452542,16581.240872462764,16476.613774359997,16372.646869890603,16269.335993253926,16166.677004935385,16064.665791540601,15963.29826563058,15862.570365557935,15762.478055304151,15663.017324317854,15564.184187354122,15465.9746843148,15368.38488008983,15271.410864399566,15175.048751638107,15079.294680717594,14984.144814913514,14889.595341710958,14795.642472651869,14702.282443183238,14609.51151250626,14517.325963426454,14425.722102204718,14334.69625840932,14244.244784768844,14154.36405702603,14065.050473792571,13976.300456404802,13888.110448780311,13800.476917275453,13713.39635054376,13626.865259395252,13540.880176656618,13455.437657032304,13370.534276966462,13286.166634505767,13202.331349163116,13119.025061782168,13036.244434402746,12953.986150127106,12872.246912987013,12791.02344781169,12710.312500096581,12630.110835872947,12550.415241578296,12471.222523927603
98,25404.16,26984.95,33724.65,28976.38,33070.13,31913.94,30863.66,34345.19,37654.57,29387.76,34103.48,28238.43,30830.04,28511.02,33932.58,34922.23,32742.7,31032.84,37209.3,28094.22,32020.22,31756.76,29870.9,29703.35,34878.59,31289.64,32482.44,37678.6,30508.47,30550.86,29857.16,31066.81,30287.37,30188.68,33146.54,30688.02,29522.83,30918.37,30709.43,35192.54,29621.47,35723.06,30992.2,31623.38,32382.11,32945.12,32663.52,32322.26,31935.05,31536.7,31166.2,30847.24,30584.53,30371.96,30196.72,30039.65,29882.34,29714.13,29532.44,29339.41,29140.01,28941.11,28748.51,28565.4,28392.48,28228.28,28069.72,27913.68,27758.48,27603.84,27449.84,27296.53,27143.91,26991.98,26840.73,26690.17,26540.29,26391.09,26242.57,26094.74,25947.58,25801.1,25655.3,25510.17,25365.72,25221.94,25078.83,24936.4,24794.63,24653.53,24513.09,24373.32,24234.21,24095.77,23958.008040017256,23821.033701995475,23684.842482889304,23549.42990539851,23414.791517820773,23280.922893905357,23147.819632707582,23015.47735844414,22883.89172034925,22753.05839253162,22622.97307383224,22493.63148768297,22365.02938196596,22237.162528873847,22110.026724770785,21983.617790054224,21857.931569017524,21732.963929713344,21608.71076381777,21485.167986495286,21362.331536264475,21240.19737486449,21118.761487122294,20998.01988082069,20877.96858656703,20758.603657662763,20639.92116997365,20521.917221800803,20404.587933752366,20287.92944861601,20171.937931232133,20056.60956836775,19941.940568591144,19827.927162147254,19714.565600833692,19601.852157877554,19489.78312781289,19378.354826358896,19267.56359029878,19157.405777359345,19047.877766091235,18938.9759557499,18830.6967661772,18723.03663768372,18615.992030931746,18509.559426818894,18403.73532636244,18298.51625058427,18193.898740396522,18089.87935648787,17986.45467921044,17883.62130846741,17781.37586360121,17679.7149832824,17578.63532539916,17478.13356694741,17378.20640392158,17278.850551205986,17180.062742466813,17081.839730044765,16984.178284848284,16887.075196247377,16790.527271968094,16694.531337987562,16599.084238429656,16504.18283546122,16409.824009188942,16316.004657556778,16222.72169624396,16129.972058563602,16037.752695361904,15946.060574917878,15854.892682843698,15764.246021985604,15674.117612325363,15584.504490882306,15495.40371161591,15406.812345328963,15318.727479571242,15231.1462185438,15144.065683003731,15057.483010169535,14971.395353627004,14885.799883235637,14800.693785035603,14716.07426115523
99,28503.56,28295.82,26259.54,34029.39,30721.97,33926.13,29242.82,28928.34,37294.81,34300.13,25335.48,37297.81,33985.68,33429.39,31007.75,31454.78,34575.26,32848.08,35042.74,33439.6,32280.7,35066.51,37896.03,30751.03,32191.41,30351.08,33884.3,32410.26,33832.41,32097.51,31171.3,32839.84,30518.19,31824.88,34177.22,30069.24,35131.74,28549.42,33478.89,37451.81,33072.45,31335.31,36721.31,31061.68,34474.34,35646.97,35424.21,35144.53,34807.15,34426.02,34035.34,33672.95,33361.38,33104.62,32896.23,32723.49,32568.02,32412.58,32247.48,32070.7,31884.56,31693.8,31504.53,31321.63,31147.32,30981.6,30822.61,30667.56,30514.15,30361.43,30209.27,30057.7,29906.72,29756.33,29606.52,29457.3,29308.67,29160.62,29013.16,28866.28,28719.99,28574.28,28429.16,28284.62,28140.66,27997.29,27854.49,27712.28,27570.65,27429.59,27289.12,27149.22,27009.9,26871.15,26733.0102041738,26595.5805604323,26458.85741801013,26322.837144909852,26187.516127805477,26052.890771946484,25918.95750106232,25785.7127572674,25653.153000966606,25521.27471076124,25390.074383355495,25259.548533463367,25129.693693716104,25000.50641457007,24871.98326421512,24744.12082848344,24616.91571075883,24490.364531886502,24364.463930083304,24239.210560848394,24114.601096874434,23990.632227959162,23867.30066091749,23744.603119494004,23622.53634427593,23501.097092606564,23380.28213849911,23260.08827255101,23140.512301858664,23021.551049932623,22903.2013566132,22785.460077986532,22668.324086301058,22551.790269884426,22435.855533060836,22320.516796068812,22205.77099497938,22091.61508161468,21978.046023466988,21865.06080361817,21752.656420659518,21640.829888612046,21529.578236847145,21418.89851000768,21308.787767929476,21199.243085563234,21090.261552896794,20981.840274877864,20873.976371337092,20766.66697691157,20659.909240968693,20553.700327530478,20448.03741519818,20342.91769707737,20238.33838070336,20134.296687967024,20030.789855041006,19927.815132306292,19825.369784279163,19723.45108953855,19622.056340653704,19521.182844112318,19420.82792024893,19320.988903173777,19221.663140701952,19122.84799428296,19024.540838930632,18926.73906315337,18829.440068884804,18732.64127141475,18636.34009932056,18540.533994398822,18445.220411597376,18350.39681894774,18256.060697497807,18162.209541244985,18068.840857069565,17975.952164668543,17883.540996489697,17791.60489766607,17700.14142595071,17609.148151651854,17518.62265756833,17428.56253892537,17338.965403310725,17249.828870611123
100,29629.63,33705.08,37752.81,37068.97,40776.7,27518.43,32898.7,30769.23,38721.46,33628.32,37534.5,37718.63,43514.64,34636.87,37333.33,33184.43,38145.0,35781.34,38230.09,29030.59,36693.33,32403.24,34914.61,38424.59,36510.07,39333.6,39948.34,34648.11,34418.26,35378.49,28091.15,34757.63,33749.58,34530.64,40417.21,36239.78,30534.35,36697.25,35036.5,43782.23,35300.86,40000.0,36748.26,36265.39,37567.57,38322.77,38162.32,37943.01,37668.75,37339.42,36969.0,36590.76,36240.94,35940.71,35693.28,35491.92,35324.16,35172.6,35021.33,34861.73,34692.34,34515.59,34335.92,34158.59,33987.44,33823.82,33667.05,33515.05,33365.52,33216.95,33068.91,32921.35,32774.27,32627.69,32481.59,32335.98,32190.85,32046.22,31902.07,31758.4,31615.23,31472.54,31330.34,31188.63,31047.4,30906.66,30766.41,30626.65,30487.37,30348.58,30210.27,30072.46,29935.12,29798.28,29664.30240623195,29530.927196079054,29398.15166113307,29265.973105163168,29134.388844061174,29003.39620578708,28872.99253031478,28743.175169578037,28613.94148741673,28485.28885952331,28357.214673389517,28229.71632825333,28102.791235046137,27976.43681634018,27850.650506296202,27725.42975061136,27600.772006467334,27476.674742478706,27353.135438641548,27230.15158628226,27107.720688006608,26985.84025764903,26864.50782022214,26743.72091186648,26623.47707980046,26503.773882270587,26384.608888501847,26265.97967864837,26147.883843744283,26030.318985654776,25913.282717027432,25796.77266124372,25680.78645237076,25565.321735113266,25450.376164765697,25335.947407164684,25222.033138641607,25108.63104597541,24995.738826345634,24883.354187285648,24771.474846636098,24660.098532498563,24549.222983189436,24438.845947193968,24328.965183120567,24219.57845965528,24110.683555516476,24002.278259409755,23894.360369983016,23786.92769578179,23679.978055204698,23573.509276459197,23467.51919751743,23362.00566607236,23256.966539494053,23152.399684786145,23048.30297854257,22944.674306904402,22841.511565516957,22738.81265948704,22636.575503340428,22534.798020979484,22433.478145641046,22332.613819854418,22232.20299539961,22132.243633265738,22032.733703609625,21933.67118571457,21835.054067949324,21736.88034772725,21639.148031465622,21541.855134545178,21444.999681269812,21348.579704826436,21252.593247245055,21157.03835935901,21061.91310076538,20967.215539785608,20872.94375342624,20779.095827339905,20685.669855786422,20592.663941594106,20500.07619612125,20407.904739217764,20316.147699186997,20224.80321274773
101,36363.64,35320.09,40677.97,45255.47,33388.98,39370.08,30344.83,35045.32,48128.34,45103.86,39087.95,41498.56,42260.44,23989.57,41623.31,38736.84,38802.89,44353.18,38510.45,34275.3,40331.08,39312.04,42105.26,40558.41,40283.24,41068.92,39735.1,39533.29,41791.04,33451.12,45850.75,37029.06,30990.59,33751.88,36381.81,32644.18,39957.94,41710.6,32019.7,42209.81,32699.62,38668.49,39539.35,34396.14,41230.73,42005.66,41854.79,41648.58,41390.7,41081.03,40732.73,40377.07,40048.14,39765.84,39533.18,39343.84,39186.11,39043.6,38901.36,38751.29,38592.01,38425.82,38256.87,38090.13,37929.2,37775.36,37627.94,37485.02,37344.42,37204.72,37065.52,36926.77,36788.48,36650.64,36513.27,36376.35,36239.89,36103.89,35968.35,35833.27,35698.64,35564.47,35430.77,35297.51,35164.72,35032.39,34900.51,34769.09,34638.13,34507.63,34377.58,34247.99,34118.86,33990.18,33862.19550435253,33734.69291351186,33607.670412943815,33481.126194946526,33355.05845862476,33229.465409864235,33104.34526130613,32979.69623232164,32855.51654898662,32731.80444405634,32608.55815694035,32485.775933677418,32363.456026910568,32241.596695862212,32120.196206309374,31999.252830559017,31878.76484742345,31758.730542195826,31639.148206625763,31520.016138895007,31401.332643593232,31283.096031693887,31165.3046205302,31047.956733771196,30931.050701397835,30814.584859679297,30698.55755114924,30582.967124582254,30467.811934970345,30353.090343499538,30238.80071752654,30124.94143055551,30011.510862214913,29898.50739823446,29785.92943042213,29673.775356641298,29562.04358078792,29450.732512767812,29339.840568474046,29229.366169764377,29119.30774443881,29009.66372621721,28900.432554717012,28791.612675431017,28683.20253970528,28575.200604717043,28467.605333452815,28360.415194686466,28253.628662957453,28147.244218549113,28041.260347467018,27935.675541417448,27830.488297785916,27725.69711961578,27621.300515586954,27517.296999994665,27413.685092728334,27310.46331925048,27207.630210575768,27105.184303250084,27003.124139329706,26901.448266360567,26800.15523735758,26699.24361078405,26598.711950531142,26498.558825897468,26398.7828115687,26299.382487597315,26200.356439382358,26101.703257649333,26003.42153843013,25905.509883043058,25807.966898072933,25710.791195351252,25613.981391936428,25517.536110094123,25421.45397727763,25325.733626108344,25230.3736943563,25135.372824920792,25040.729665811054,24946.442870127023,24852.511096040165,24758.933006774387,24665.70727058701,24572.832560749808
102,44635.19,29149.8,43243.24,36491.23,46302.25,38968.48,21768.71,37254.9,52582.16,49462.37,32653.06,46783.63,41025.64,28752.64,43202.98,32352.94,45051.19,46357.62,57443.08,35474.01,34224.6,41257.86,40326.98,41600.0,41176.47,41184.04,47457.63,35016.84,37149.03,39461.88,42676.31,41835.65,44003.61,39427.66,48326.53,43670.89,34224.6,36856.37,47354.26,38431.37,38213.91,36177.97,39238.65,42352.94,45306.32,46103.19,45962.98,45771.35,45531.68,45243.89,44920.2,44589.67,44283.98,44021.63,43805.41,43629.45,43482.86,43350.42,43218.23,43078.76,42930.73,42776.29,42619.28,42464.32,42314.76,42171.78,42034.78,41901.96,41771.29,41641.46,41512.09,41383.15,41254.63,41126.53,40998.87,40871.62,40744.81,40618.41,40492.45,40366.91,40241.8,40117.11,39992.85,39869.01,39745.6,39622.61,39500.05,39377.92,39256.21,39134.93,39014.07,38893.64,38773.63,38654.05,38535.147187353665,38416.610128848355,38298.43769939638,38180.628777370905,38063.18224459529,37946.0969863325,37829.371891274524,37713.00585153181,37596.997762622756,37481.34652346323,37366.05103635614,37251.110206980964,37136.52294438341,37022.28816096505,36908.404772472975,36794.87169798953,36681.68785992206,36568.852183992625,36456.3635992279,36344.22103794892,36232.42343576098,36120.96973154357,36009.85886744022,35899.08978884855,35788.66144441019,35678.572786000834,35568.822768720296,35459.41035088258,35350.33449400598,35241.594162803274,35133.18832517182,35025.11595218382,34917.37601807656,34809.96750024261,34702.88937922019,34596.14063868346,34489.72026543284,34383.627249385485,34277.86058356559,34172.419264094926,34067.30229018324,33962.50866411881,33858.03739125893,33753.8874800205,33650.05794187061,33546.547791317156,33443.356045899476,33340.481726179016,33237.923855730085,33135.68146113052,33033.753571952504,32932.139220753306,32830.83744306614,32729.847277390996,32629.167765185495,32528.797950855824,32428.736881747638,32328.983608137034,32229.537183221535,32130.396663111096,32031.561106819154,31933.029576253688,31834.80113620833,31736.874854353464,31639.249801227397,31541.92505022754,31444.899677601585,31348.17276243878,31251.743386661146,31155.610635014793,31059.77359506122,30964.231357168646,30868.983014503407,30774.02766302131,30679.364401459075,30584.99233132579,30490.910556894356,30397.118185192998,30303.61432599681,30210.398091819246,30117.468597903786,30024.824962215454,29932.46630543249,29840.391750938,29748.600424811626,29657.091455821253
103,42477.88,22222.22,41450.78,43113.77,55944.06,43243.24,37383.18,36529.68,47257.38,40930.23,42307.69,34509.8,27272.73,52244.9,58044.16,40909.09,44155.84,61162.08,47368.42,21476.51,37163.81,35010.94,41441.44,37530.86,33410.67,50612.24,53465.35,32951.95,31833.91,44000.0,44848.48,36363.64,47058.82,29918.7,40597.01,49861.5,46731.57,47696.48,39402.99,49367.09,40677.97,56565.66,39360.39,34993.92,49732.42,50553.12,50424.49,50248.68,50028.8,49764.77,49467.81,49164.57,48884.11,48643.42,48445.05,48283.62,48149.13,48027.63,47906.35,47778.4,47642.59,47500.9,47356.86,47214.69,47077.48,46946.31,46820.62,46698.76,46578.88,46459.77,46341.09,46222.79,46104.88,45987.36,45870.23,45753.49,45637.15,45521.19,45405.63,45290.45,45175.67,45061.27,44947.27,44833.66,44720.44,44607.61,44495.17,44383.12,44271.46,44160.19,44049.31,43938.82,43828.72,43719.01,43609.34143794085,43499.947978028424,43390.828930172625,43281.98360601439,43173.41131892145,43065.11138398389,42957.08311800991,42849.3258395215,42741.8388687501,42634.62152763236,42527.67313980584,42420.993030604724,42314.58052705564,42208.434957873294,42102.55565345635,41996.94194588315,41891.593168907486,41786.508657954444,41681.68775011617,41577.129784147735,41472.8341004629,41368.800041129994,41265.02694986779,41161.514172041294,41058.26105465768,40955.26694636214,40852.53119743378,40750.05315978153,40647.832186940024,40545.86763406558,40444.15885793207,40342.70521692689,40241.50607104695,40140.56078189456,40039.868712673444,39939.429228184745,39839.24169482298,39739.30548057206,39639.61995500128,39540.1844892614,39440.998456080626,39342.06122976064,39243.37218617271,39144.93070275372,39046.73615850223,38948.78793397459,38851.085411281005,38753.62797408166,38656.41500758281,38559.44589853291,38462.720035218765,38366.23680746163,38269.99560661342,38173.99582555278,38078.23685868138,37982.71810191998,37887.43895270466,37792.39880998306,37697.59707421052,37603.03314734635,37508.70643285002,37414.61633567743,37320.76226227712,37227.143620586576,37133.759820028434,37040.610271506805,36947.694387403535,36855.011581574494,36762.56126934591,36670.342867510626,36578.355794324474,36486.59946950258,36395.073314215704,36303.77675108659,36212.709204186314,36121.8700990307,36031.25886257662,35940.874923218435,35850.71771078436,35760.786656532895,35671.081193149206,35581.600754741565,35492.34477683778,35403.31269638162,35314.50395172929,35225.91798264585
104,54545.45,48000.0,58823.53,40336.13,34408.6,39506.17,39344.26,35000.0,55172.41,32786.89,44137.93,42105.26,15384.62,29090.91,24806.2,45977.01,31683.17,46560.85,50000.0,68571.43,40000.0,50793.65,55598.46,51118.21,59607.84,39298.25,44800.0,33644.86,56939.5,44094.49,17021.28,40793.2,60453.4,44012.94,40201.01,45714.29,28205.13,39895.01,35348.84,53746.77,46933.33,40540.54,43589.74,39913.23,54414.69,55260.61,55144.22,54985.14,54786.2,54547.31,54278.61,54004.24,53750.49,53532.71,53353.23,53207.17,53085.48,52975.54,52865.81,52750.04,52627.17,52498.96,52368.63,52240.0,52115.85,51997.17,51883.44,51773.19,51664.72,51556.95,51449.56,51342.53,51235.84,51129.51,51023.54,50917.91,50812.64,50707.73,50603.16,50498.95,50395.1,50291.59,50188.45,50085.65,49983.21,49881.12,49779.38,49678.0,49576.97,49476.29,49375.97,49276.0,49176.38,49077.12,48976.957191540714,48876.99880803949,48777.244432279986,48677.693647897315,48578.34603937639,48479.20119205016,48380.258692097865,48281.518126543335,48182.979083253245,48084.64115093542,47986.50391913708,47888.56697824317,47790.82991947461,47693.29233488662,47595.953817367,47498.813960634456,47401.87235923685,47305.12860854957,47208.58230477379,47112.23304493483,47016.08042688044,46920.12404927914,46824.36351161854,46728.798414203644,46633.42835815523,46538.252945408145,46443.27177870968,46348.48446161785,46253.89059849981,46159.48979453017,46065.281655689345,45971.2657887619,45877.44180133495,45783.809301796486,45690.36789933373,45597.11720393157,45504.05682637084,45411.18637822677,45318.50547186731,45226.013720451585,45133.71073792819,45041.59613903362,44949.66953929071,44857.930555006955,44766.37880327292,44675.013901960694,44583.835469722246,44492.84312598785,44402.03649096449,44311.41518563429,44220.97883175291,44130.72705184799,44040.659469217564,43950.77570792847,43861.07539281482,43771.5581494764,43682.22360427712,43593.07138434344,43504.10111756287,43415.31243258233,43326.70495880667,43238.278326397085,43150.032166269586,43061.96611009346,42974.07979028974,42886.37284002964,42798.84489323306,42711.49558456703,42624.32454944421,42537.331424021344,42450.51584519778,42363.877450613894,42277.415878649634,42191.130768422976,42105.02175978843,42019.088493335556,41933.33061038741,41847.747752999116,41762.33956395631,41677.1056867737,41592.045765693525,41507.15944568414,41422.446372438455,41337.90619237251,41253.538552624,41169.34310105075
105,0.0,0.0,51612.9,45714.29,75675.68,29629.63,46153.85,63492.06,45714.29,81355.93,25806.45,23880.6,28235.29,33613.45,45977.01,27272.73,60000.0,67605.63,51948.05,70000.0,43243.24,49122.81,40677.97,15841.58,37583.89,27586.21,50000.0,36601.31,43076.92,37209.3,43153.53,49122.81,61538.46,44444.44,58947.37,30188.68,58757.06,42105.26,52401.75,50261.78,45814.98,65573.77,74074.07,32941.18,59232.46,60104.31,60000.53,59858.67,59681.27,59468.24,59228.64,58983.97,58757.69,58563.49,58403.44,58273.19,58164.68,58066.64,57968.79,57865.56,57755.98,57641.66,57525.44,57410.73,57300.03,57194.19,57092.78,56994.46,56897.74,56801.64,56705.87,56610.43,56515.29,56420.47,56325.97,56231.78,56137.91,56044.35,55951.11,55858.18,55765.57,55673.27,55581.29,55489.62,55398.27,55307.24,55216.52,55126.11,55036.02,54946.24,54856.78,54767.63,54678.8,54590.28,54499.02781516706,54407.92816593636,54316.98079733199,54226.18545480424,54135.54188422891,54045.04983190657,53954.70904456188,53864.51926934289,53774.48025382028,53684.5917459867,53594.85349425606,53505.26524746281,53415.82675486126,53326.53776612481,53237.398031345365,53148.407301032545,53059.565326113014,52970.87185792977,52882.32664824149,52793.92944922179,52705.680013458536,52617.57809395319,52529.62344412009,52441.815817785726,52354.154969188145,52266.64065297616,52179.272624208716,52092.05063835422,52004.97445128982,51918.04381930072,51831.258499079544,51744.61824772561,51658.12282274424,51571.77198204615,51485.56548394671,51399.50308716527,51313.584550824526,51227.8096344498,51142.178097968404,51056.689701708936,50971.34420640064,50886.14137317271,50801.08096355363,50716.16273947052,50631.38646324846,50546.7518976098,50462.258805673555,50377.90695095467,50293.69609736342,50209.62600920471,50125.69645117744,50041.90718837382,49958.25798627875,49874.74861076912,49791.37882811319,49708.148404969914,49625.05710838828,49542.10470580673,49459.29096505238,49376.61565434048,49294.07854227373,49211.679397841624,49129.4179904198,49047.29408976942,48965.30746603649,48883.45788975124,48801.745131827505,48720.16896356202,48638.729156633846,48557.425483103674,48476.25771541323,48395.22562638463,48314.32898921971,48233.56757749946,48152.94116518331,48072.44952660854,47992.09243648967,47911.869669917774,47831.7810023599,47751.826209658415,47672.00506803037,47592.317354066916,47512.76284473263,47433.34131736491,47354.05254967336,47274.89631973918
106,0.0,42105.26,53333.33,69565.22,0.0,28571.43,0.0,80000.0,23529.41,43243.24,77419.35,25000.0,0.0,40677.97,40677.97,35294.12,45714.29,60377.36,100000.0,28571.43,26666.67,51063.83,50000.0,41558.44,57142.86,77777.78,52631.58,42553.19,43478.26,67605.63,25806.45,59459.46,52032.52,47058.82,19047.62,51612.9,70400.0,35164.84,58536.59,86274.51,54237.29,49484.54,52459.02,12307.69,64050.22,64948.02,64856.84,64732.2,64576.34,64389.17,64178.66,63963.7,63764.89,63594.27,63453.65,63339.21,63243.88,63157.74,63071.77,62981.07,62884.8,62784.36,62682.25,62581.47,62484.2,62391.21,62302.12,62215.74,62130.75,62046.32,61962.18,61878.32,61794.74,61711.44,61628.41,61545.65,61463.18,61380.98,61299.05,61217.41,61136.04,61054.95,60974.14,60893.6,60813.34,60733.35,60653.65,60574.22,60495.06,60416.19,60337.59,60259.26,60181.21,60103.44,60026.02714425812,59948.71399579146,59871.500426177685,59794.38630715984,59717.37151064619,59640.455908709955,59563.639373589154,59486.92177768634,59410.30299356842,59333.78289396641,59257.361351775304,59181.03824005376,59104.813432023926,59028.686801071286,58952.65822074437,58876.727564754576,58800.89470697598,58725.159521445086,58649.521882360656,58573.981664083476,58498.538741136144,58423.19298820289,58347.94428012935,58272.79249192234,58197.737498749666,58122.77917593995,58047.91739898235,57973.15204352642,57898.48298538186,57823.91010051835,57749.43326506529,57675.05235531163,57600.76724770569,57526.57781885489,57452.483945525586,57378.48550464288,57304.582373290345,57230.774428709934,57157.06154830166,57083.443609623464,57009.92049039099,56936.49206847739,56863.1582219131,56789.91882888567,56716.77376773952,56643.722916975785,56570.76615525208,56497.903361382305,56425.134414336455,56352.4591932404,56279.87757737571,56207.38944617942,56134.994679243864,56062.69315631647,55990.48475729951,55918.36936225,55846.346851379385,55774.417105053435,55702.58000379199,55630.835428268794,55559.183259311256,55487.62337790031,55416.15566517017,55344.780002408144,55273.49627105445,55202.30435270201,55131.20412909626,55060.19548213491,54989.27829386785,54918.452446496834,54847.71782237535,54777.07430400843,54706.521774052424,54636.060115314845,54565.689210754106,54495.408943479415,54425.219196750506,54355.11985397747,54285.11079872059,54215.1919146901,54145.36308574602,54075.62419589797,54005.97512930496,53936.41577027518,53866.94600326587,53797.56571288304
107,100000.0,0.0,47058.82,0.0,72727.27,100000.0,40000.0,42105.26,0.0,38095.24,44444.44,69565.22,66666.67,66666.67,48484.85,19047.62,81632.65,0.0,0.0,0.0,42105.26,84210.53,0.0,22222.22,55813.95,27586.21,76190.48,37209.3,40677.97,100000.0,25806.45,42105.26,50000.0,59259.26,80000.0,78431.37,26229.51,91428.57,42666.67,60377.36,35555.56,32000.0,78048.78,39024.39,68732.49,69655.5,69576.56,69468.67,69333.74,69171.71,68989.47,68803.38,68631.27,68483.56,68361.82,68262.76,68180.23,68105.66,68031.23,67952.71,67869.37,67782.42,67694.02,67606.77,67522.57,67442.07,67364.94,67290.16,67216.59,67143.5,67070.66,66998.07,66925.71,66853.59,66781.71,66710.07,66638.67,66567.51,66496.59,66425.91,66355.47,66285.27,66215.31,66145.59,66076.11,66006.87,65937.86,65869.1,65800.58,65732.29,65664.25,65596.44,65528.88,65461.55,65374.70337940169,65287.971976599314,65201.355638735564,65114.85421315592,65028.4675474084,64942.19548924328,64856.03788661279,64769.99458767091,64684.065440773076,64598.25029447589,64512.548997536855,64426.961398914165,64341.48734776638,64256.12669345216,64170.879285530056,64085.74497375818,64000.72360809396,63915.815038693916,63831.01911591334,63746.33569030604,63661.76461262412,63577.30573381768,63492.95890503456,63408.72397762007,63324.600803116766,63240.58923326411,63156.689119998315,63072.900315451974,62989.22267195391,62905.6560420288,62822.20027839702,62738.85523397432,62655.62076187157,62572.49671539455,62489.482948043624,62406.579313513525,62323.7856656931,62241.101858665024,62158.52774670555,62076.06318428429,61993.7080260639,61911.462126899845,61829.325341840195,61747.297526125294,61665.37853518751,61583.56822465108,61501.866450331705,61420.273068236405,61338.78793456326,61257.41090570107,61176.14183822921,61094.980588917315,61013.927014725035,60932.98097280178,60852.142320486506,60771.41091530741,60690.786614981705,60610.26927741539,60529.85876070295,60449.55492312715,60369.357623158765,60289.266719456326,60209.28207086589,60129.40353642078,60049.63097534134,59969.96424703466,59890.40321109437,59810.9477273004,59731.59765561865,59652.35285620084,59573.21318938423,59494.17851569134,59415.248695829745,59336.42359069183,59257.703061354514,59179.08696907902,59100.575175310645,59022.16754167851,58943.86392999528,58865.66420225698,58787.568220642715,58709.57584751443,58631.68694541669,58553.90137707638,58476.219005402534,58398.63969348606
108,80000.0,50000.0,0.0,100000.0,0.0,0.0,0.0,44444.44,72727.27,66666.67,0.0,66666.67,61538.46,57142.86,0.0,100000.0,40000.0,100000.0,66666.67,0.0,0.0,0.0,66666.67,0.0,66666.67,38095.24,0.0,36363.64,91428.57,33333.33,0.0,64000.0,72727.27,71111.11,42105.26,0.0,47058.82,47058.82,0.0,100000.0,29629.63,50000.0,0.0,64000.0,73158.59,74105.43,74038.07,73946.0,73830.85,73692.59,73537.07,73378.27,73231.4,73105.35,73001.47,72916.93,72846.5,72782.87,72719.36,72652.35,72581.24,72507.03,72431.6,72357.15,72285.29,72216.6,72150.78,72086.97,72024.18,71961.81,71899.65,71837.7,71775.96,71714.41,71653.08,71591.94,71531.01,71470.29,71409.77,71349.45,71289.34,71229.44,71169.74,71110.24,71050.95,70991.86,70932.98,70874.3,70815.82,70757.55,70699.49,70641.63,70583.97,70526.51,70415.9144148977,70305.49225938159,70195.24326148944,70085.16714968548,69975.2636528598,69865.53250032758,69755.97342182849,69646.58614752599,69537.37040800673,69428.32593427977,69319.45245777605,69210.74971034762,69102.21742426704,68993.85533222673,68885.66316733822,68777.64066313163,68669.7875535549,68562.10357297318,68454.58845616822,68347.24193833758,68240.06375509418,68133.05364246543,68026.21133689275,67919.53657523084,67813.02909474705,67706.68863312075,67600.51492844263,67494.5077192141,67388.66674434667,67282.99174316123,67177.4824553875,67072.13862116326,66966.95998103391,66861.9462759516,66757.09724727477,66652.4126367674,66547.89218659849,66443.53563934128,66339.34273797272,66235.31322587284,66131.44684682404,66027.74334501052,65924.20246501766,65820.82395183132,65717.60755083732,65614.5530078207,65511.66006896514,65408.92848085239,65306.357990461554,65203.94834516853,65101.69929274535,64999.610581359586,64897.681959573725,64795.91317634453,64694.30398102244,64592.85412335095,64491.563353465994,64390.43142189532,64289.4580795579,64188.643077763285,64087.98616821101,63987.48710298999,63887.145634577886,63786.96151584052,63686.93450003126,63587.0643407904,63487.35079214454,63387.79360850605,63288.39254467239,63189.147355825495,63090.057797531284,62991.123625738925,62892.34459678032,62793.72046736945,62695.25099460186,62596.93593595394,62498.77504928242,62400.76809282375,62302.91482519348,62205.21500538572,62107.668392772466,62010.27474710308,61913.03382850368,61815.94539747651,61719.00921489942,61622.2250420252
109,0.0,50000.0,50000.0,50000.0,0.0,0.0,0.0,0.0,0.0,100000.0,72727.27,0.0,0.0,66666.67,0.0,72727.27,0.0,0.0,0.0,0.0,80000.0,0.0,66666.67,0.0,0.0,0.0,0.0,44444.44,0.0,57142.86,80000.0,0.0,80000.0,0.0,100000.0,50000.0,0.0,88888.89,47058.82,0.0,94117.65,0.0,0.0,61538.46,77234.18,78202.97,78146.27,78068.77,77971.84,77855.45,77724.55,77590.87,77467.24,77361.14,77273.7,77202.54,77143.25,77089.69,77036.23,76979.83,76919.96,76857.5,76794.0,76731.33,76670.85,76613.02,76557.62,76503.9,76451.06,76398.55,76346.23,76294.08,76242.11,76190.3,76138.67,76087.21,76035.93,75984.81,75933.87,75883.1,75832.5,75782.07,75731.82,75681.73,75631.82,75582.09,75532.52,75483.13,75433.91,75384.86,75335.98,75287.27,75238.74,75190.38,74951.79079013325,74713.95865598635,74476.88119525602,74240.55601326178,74004.98072292181,73770.15294472882,73536.07030672603,73302.73044448317,73070.13100107266,72838.26962704575,72607.14398040879,72376.75172659963,72147.09053846398,71918.1580962319,71689.95208749446,71462.47020718023,71235.71015753216,71009.66964808424,70784.34639563844,70559.73812424162,70335.84256516254,70112.65745686898,69890.18054500481,69668.40958236734,69447.34232888451,69226.97655159232,69007.3100246123,68788.34052912894,68570.06585336736,68352.48379257093,68135.59214897903,67919.38873180481,67703.87135721308,67489.03784829828,67274.88603506242,67061.41375439324,66848.61885004235,66636.49917260336,66425.05257949028,66214.27693491582,66004.17010986984,65794.72998209785,65585.95443607954,65377.8413630074,65170.38866076552,64963.59423390825,64757.455993639036,64551.97185778943,64347.13975079794,64142.957603689116,63939.42335405265,63736.53494602254,63534.29033025631,63332.687463914364,63131.724310639256,62931.39884053522,62731.7090301476,62532.65286244245,62334.228326786135,62136.43341892502,61939.26614096527,61742.7245013526,61546.80651485223,61351.51020252875,61156.83359172623,60962.77471604822,60769.33161533791,60576.50233565832,60384.2849292726,60192.67745462433,60001.67797631789,59811.28456509895,59621.49529783493,59432.308257495664,59243.72153313394,59055.733219866255,58868.34141885355,58681.54423728204,58495.33978834411,58309.726191219204,58124.7015710549,57940.26405894791,57756.41179192525,57573.14291292538,57390.45557077947,57208.347920192726
110,50000.0,50000.0,50000.0,50000.0,50000.0,0.0,0.0,80000.0,50000.0,50000.0,0.0,0.0,0.0,0.0,50000.0,100000.0,50000.0,100000.0,80000.0,100000.0,0.0,80000.0,72727.27,72727.27,80000.0,100000.0,0.0,100000.0,0.0,100000.0,0.0,100000.0,0.0,0.0,100000.0,50000.0,50000.0,0.0,0.0,50000.0,100000.0,0.0,0.0,100000.0,80897.35,81885.86,81838.74,81774.33,81693.78,81597.06,81488.27,81377.18,81274.44,81186.27,81113.6,81054.46,81005.2,80960.68,80916.26,80869.38,80819.63,80767.72,80714.96,80662.87,80612.61,80564.56,80518.51,80473.87,80429.96,80386.32,80342.84,80299.51,80256.31,80213.26,80170.35,80127.59,80084.97,80042.49,80000.15,79957.96,79915.91,79874.0,79832.24,79790.62,79749.14,79707.81,79666.62,79625.57,79584.67,79543.9,79503.28,79462.81,79422.47,79382.28,78165.0186950798,76966.42308084591,75786.20693444107,74624.0884219976,73479.79003133609,72353.03850569576,71243.56477848126,70151.10390900988,69075.39501924411,68016.18123149447,66973.2096070773,65946.23108591356,64935.000427053565,63939.2761501138,62958.82047761182,61993.399278185265,61042.782010681694,60106.74166910569,59185.05472841014,58277.50109111882,57383.8640347674,56503.930160150485,55637.489340362175,54784.33467061808,53944.26241884675,53117.071977038795,52302.56581334192,51500.5494248907,50710.831291359515,49933.22282922781,49167.53834674661,48413.59499959564,47671.21274722035,46940.214309838484,46220.42512610594,45511.6733114318,44813.78961693253,44126.60738901558,43449.96252958279,42783.69345684396,42127.641066731405,41481.648694906115,40845.56207934653,40219.229323511034,39602.500860065265,38995.22941516564,38397.269973290604,37808.479742611155,37228.7181208923,36657.84666191753,36095.729042428,35542.23102956881,34997.22044883431,34460.56715250511,33932.142988568914,33411.82177011809,32899.47924521637,32394.99306722769,31898.24276559999,31409.109717097024,30927.477117471317,30453.22995357148,29986.25497587722,29526.440671455548,29073.67723733165,28627.85655426808,28188.872160946084,27756.619228542757,27330.99453569809,26911.89644386587,26499.224873042538,26092.881277868226,25692.76862409429,25298.791365411646,24910.855420634485,24528.868151233804,24152.738339215477,23782.376165337504,23417.693187661353,23058.60232043212,22705.017813282597,22356.85523075621,22014.031432143944,21676.464551630484,21344.073978744767,21016.78033911033
111,100000.0,100000.0,100000.0,100000.0,100000.0,100000.0,100000.0,100000.0,100000.0,100000.0,100000.0,100000.0,100000.0,100000.0,100000.0,100000.0,100000.0,100000.0,100000.0,100000.0,100000.0,100000.0,100000.0,100000.0,100000.0,100000.0,100000.0,100000.0,100000.0,100000.0,100000.0,100000.0,100000.0,100000.0,100000.0,100000.0,100000.0,100000.0,100000.0,100000.0,100000.0,100000.0,100000.0,100000.0,84118.93,85124.8,85086.1,85033.21,84967.06,84887.64,84798.3,84707.07,84622.71,84550.3,84490.62,84442.06,84401.6,84365.05,84328.56,84290.07,84249.22,84206.59,84163.26,84120.49,84079.21,84039.75,84001.94,83965.28,83929.22,83893.39,83857.68,83822.09,83786.62,83751.27,83716.03,83680.91,83645.91,83611.03,83576.26,83541.62,83507.09,83472.67,83438.38,83404.2,83370.14,83336.19,83302.37,83268.66,83235.07,83201.6,83168.24,83135.0,83101.88,83068.88,82083.37240564232,81109.5566171515,80147.29392598258,79196.44726919278,78256.88120991839,77328.46191808344,76411.05715133723,75504.53623621784,74608.77004953942,73723.63099999996,72848.99301000753,71984.7314977219,71130.7233593095,70286.84695140854,69452.98207380253,68629.00995229902,67814.81322181175,67010.2759096433,66215.2834189662,65429.72251249993,64653.481296381644,63886.44920422816,63128.516981387154,62379.576669375056,61639.52159049972,60908.24633266535,60185.6467343579,59471.619869808404,58766.06403433247,58068.87872984366,57379.96465053867,56699.223668752464,56026.55882098107,55361.87429407033,54705.07541156846,54056.068620240476,53414.7614767426,52781.06263445493,52154.88183047005,51536.12987273623,50924.718627353046,50320.561006017786,49723.57095362067,49133.6634359874,48550.75442776699,47974.76090046339,47405.60081060904,46843.193088078726,46287.457624542134,45738.31526205337,45195.687781775814,44659.49789284076,44129.66922133832,43606.126299438794,43088.79455464318,42577.60029916123,42072.4707194155,41573.33386566984,41080.118641781126,40592.75479507235,40111.172906326006,39635.30437989616,39165.08143393774,38700.437090751904,38241.3051672458,37787.62026550558,37339.31776348123,36896.33380578197,36458.60529458073,36026.06988062669,35598.66595436431,35176.33263715782,34759.00977261973,34346.6379180423,33939.15833593063,33536.51298563618,33138.644515089574,32745.496252631478,32357.01219894038,31973.137019056172,31593.816034498315,31218.99521547755,30848.62117319999,30482.641152262524,30121.00302313842,29763.655274752095
112,100000.0,100000.0,100000.0,100000.0,100000.0,100000.0,100000.0,100000.0,100000.0,100000.0,100000.0,100000.0,100000.0,100000.0,100000.0,100000.0,100000.0,100000.0,100000.0,100000.0,100000.0,100000.0,100000.0,100000.0,100000.0,100000.0,100000.0,100000.0,100000.0,100000.0,100000.0,100000.0,100000.0,100000.0,100000.0,100000.0,100000.0,100000.0,100000.0,100000.0,100000.0,100000.0,100000.0,100000.0,86898.39,87919.22,87887.79,87844.84,87791.12,87726.61,87654.06,87579.97,87511.45,87452.64,87404.18,87364.74,87331.88,87302.19,87272.56,87241.3,87208.12,87173.5,87138.31,87103.58,87070.05,87038.01,87007.3,86977.53,86948.24,86919.14,86890.14,86861.24,86832.43,86803.72,86775.1,86746.58,86718.16,86689.83,86661.59,86633.45,86605.41,86577.46,86549.61,86521.85,86494.19,86466.62,86439.15,86411.77,86384.49,86357.31,86330.22,86303.22,86276.32,86249.52,86249.52,86249.52,86249.52,86249.52,86249.52,86249.52,86249.52,86249.52,86249.52,86249.52,86249.52,86249.52,86249.52,86249.52,86249.52,86249.52,86249.52,86249.52,86249.52,86249.52,86249.52,86249.52,86249.52,86249.52,86249.52,86249.52,86249.52,86249.52,86249.52,86249.52,86249.52,86249.52,86249.52,86249.52,86249.52,86249.52,86249.52,86249.52,86249.52,86249.52,86249.52,86249.52,86249.52,86249.52,86249.52,86249.52,86249.52,86249.52,86249.52,86249.52,86249.52,86249.52,86249.52,86249.52,86249.52,86249.52,86249.52,86249.52,86249.52,86249.52,86249.52,86249.52,86249.52,86249.52,86249.52,86249.52,86249.52,86249.52,86249.52,86249.52,86249.52,86249.52,86249.52,86249.52,86249.52,86249.52,86249.52,86249.52,86249.52,86249.52,86249.52,86249.52,86249.52,86249.52,86249.52,86249.52
113,100000.0,100000.0,100000.0,100000.0,100000.0,100000.0,100000.0,100000.0,100000.0,100000.0,100000.0,100000.0,100000.0,100000.0,100000.0,100000.0,100000.0,100000.0,100000.0,100000.0,100000.0,100000.0,100000.0,100000.0,100000.0,100000.0,100000.0,100000.0,100000.0,100000.0,100000.0,100000.0,100000.0,100000.0,100000.0,100000.0,100000.0,100000.0,100000.0,100000.0,100000.0,100000.0,100000.0,100000.0,89257.01,90290.54,90265.29,90230.76,90187.59,90135.74,90077.43,90017.89,89962.82,89915.55,89876.6,89844.9,89818.49,89794.63,89770.82,89745.7,89719.03,89691.21,89662.92,89635.0,89608.06,89582.3,89557.62,89533.7,89510.16,89486.77,89463.46,89440.23,89417.08,89394.0,89371.01,89348.08,89325.24,89302.47,89279.77,89257.16,89234.62,89212.16,89189.77,89167.46,89145.23,89123.07,89101.0,89078.99,89057.07,89035.22,89013.45,88991.75,88970.13,88948.59,88948.59,88948.59,88948.59,88948.59,88948.59,88948.59,88948.59,88948.59,88948.59,88948.59,88948.59,88948.59,88948.59,88948.59,88948.59,88948.59,88948.59,88948.59,88948.59,88948.59,88948.59,88948.59,88948.59,88948.59,88948.59,88948.59,88948.59,88948.59,88948.59,88948.59,88948.59,88948.59,88948.59,88948.59,88948.59,88948.59,88948.59,88948.59,88948.59,88948.59,88948.59,88948.59,88948.59,88948.59,88948.59,88948.59,88948.59,88948.59,88948.59,88948.59,88948.59,88948.59,88948.59,88948.59,88948.59,88948.59,88948.59,88948.59,88948.59,88948.59,88948.59,88948.59,88948.59,88948.59,88948.59,88948.59,88948.59,88948.59,88948.59,88948.59,88948.59,88948.59,88948.59,88948.59,88948.59,88948.59,88948.59,88948.59,88948.59,88948.59,88948.59,88948.59,88948.59,88948.59,88948.59,88948.59
114,100000.0,100000.0,100000.0,100000.0,100000.0,100000.0,100000.0,100000.0,100000.0,100000.0,100000.0,100000.0,100000.0,100000.0,100000.0,100000.0,100000.0,100000.0,100000.0,100000.0,100000.0,100000.0,100000.0,100000.0,100000.0,100000.0,100000.0,100000.0,100000.0,100000.0,100000.0,100000.0,100000.0,100000.0,100000.0,100000.0,100000.0,100000.0,100000.0,100000.0,100000.0,100000.0,100000.0,100000.0,91230.57,92274.72,92254.63,92227.16,92192.81,92151.56,92105.16,92057.78,92013.97,91976.36,91945.37,91920.15,91899.14,91880.15,91861.21,91841.22,91820.0,91797.86,91775.36,91753.15,91731.71,91711.22,91691.58,91672.54,91653.81,91635.2,91616.66,91598.18,91579.76,91561.4,91543.1,91524.86,91506.68,91488.56,91470.51,91452.51,91434.58,91416.71,91398.9,91381.15,91363.46,91345.83,91328.26,91310.76,91293.31,91275.93,91258.61,91241.34,91224.14,91207.0,91207.0,91207.0,91207.0,91207.0,91207.0,91207.0,91207.0,91207.0,91207.0,91207.0,91207.0,91207.0,91207.0,91207.0,91207.0,91207.0,91207.0,91207.0,91207.0,91207.0,91207.0,91207.0,91207.0,91207.0,91207.0,91207.0,91207.0,91207.0,91207.0,91207.0,91207.0,91207.0,91207.0,91207.0,91207.0,91207.0,91207.0,91207.0,91207.0,91207.0,91207.0,91207.0,91207.0,91207.0,91207.0,91207.0,91207.0,91207.0,91207.0,91207.0,91207.0,91207.0,91207.0,91207.0,91207.0,91207.0,91207.0,91207.0,91207.0,91207.0,91207.0,91207.0,91207.0,91207.0,91207.0,91207.0,91207.0,91207.0,91207.0,91207.0,91207.0,91207.0,91207.0,91207.0,91207.0,91207.0,91207.0,91207.0,91207.0,91207.0,91207.0,91207.0,91207.0,91207.0,91207.0,91207.0
115,100000.0,100000.0,100000.0,100000.0,100000.0,100000.0,100000.0,100000.0,100000.0,100000.0,100000.0,100000.0,100000.0,100000.0,100000.0,100000.0,100000.0,100000.0,100000.0,100000.0,100000.0,100000.0,100000.0,100000.0,100000.0,100000.0,100000.0,100000.0,100000.0,100000.0,100000.0,100000.0,100000.0,100000.0,100000.0,100000.0,100000.0,100000.0,100000.0,100000.0,100000.0,100000.0,100000.0,100000.0,92862.56,93915.51,93899.68,93878.05,93850.99,93818.5,93781.96,93744.65,93710.14,93680.52,93656.11,93636.24,93619.7,93604.74,93589.82,93574.08,93557.37,93539.93,93522.2,93504.71,93487.83,93471.69,93456.22,93441.23,93426.47,93411.82,93397.21,93382.66,93368.15,93353.69,93339.27,93324.91,93310.59,93296.32,93282.1,93267.93,93253.81,93239.73,93225.7,93211.72,93197.79,93183.91,93170.07,93156.28,93142.54,93128.85,93115.21,93101.61,93088.06,93074.56,93074.56,93074.56,93074.56,93074.56,93074.56,93074.56,93074.56,93074.56,93074.56,93074.56,93074.56,93074.56,93074.56,93074.56,93074.56,93074.56,93074.56,93074.56,93074.56,93074.56,93074.56,93074.56,93074.56,93074.56,93074.56,93074.56,93074.56,93074.56,93074.56,93074.56,93074.56,93074.56,93074.56,93074.56,93074.56,93074.56,93074.56,93074.56,93074.56,93074.56,93074.56,93074.56,93074.56,93074.56,93074.56,93074.56,93074.56,93074.56,93074.56,93074.56,93074.56,93074.56,93074.56,93074.56,93074.56,93074.56,93074.56,93074.56,93074.56,93074.56,93074.56,93074.56,93074.56,93074.56,93074.56,93074.56,93074.56,93074.56,93074.56,93074.56,93074.56,93074.56,93074.56,93074.56,93074.56,93074.56,93074.56,93074.56,93074.56,93074.56,93074.56,93074.56,93074.56,93074.56,93074.56,93074.56
116,100000.0,100000.0,100000.0,100000.0,100000.0,100000.0,100000.0,100000.0,100000.0,100000.0,100000.0,100000.0,100000.0,100000.0,100000.0,100000.0,100000.0,100000.0,100000.0,100000.0,100000.0,100000.0,100000.0,100000.0,100000.0,100000.0,100000.0,100000.0,100000.0,100000.0,100000.0,100000.0,100000.0,100000.0,100000.0,100000.0,100000.0,100000.0,100000.0,100000.0,100000.0,100000.0,100000.0,100000.0,94199.02,95259.16,95246.83,95229.97,95208.89,95183.58,95155.1,95126.03,95099.14,95076.06,95057.04,95041.57,95028.67,95017.02,95005.4,94993.13,94980.11,94966.52,94952.71,94939.08,94925.93,94913.35,94901.3,94889.62,94878.12,94866.7,94855.32,94843.98,94832.67,94821.41,94810.18,94798.99,94787.83,94776.71,94765.63,94754.59,94743.58,94732.62,94721.69,94710.79,94699.94,94689.12,94678.34,94667.6,94656.89,94646.22,94635.59,94625.0,94614.44,94603.92,94603.92,94603.92,94603.92,94603.92,94603.92,94603.92,94603.92,94603.92,94603.92,94603.92,94603.92,94603.92,94603.92,94603.92,94603.92,94603.92,94603.92,94603.92,94603.92,94603.92,94603.92,94603.92,94603.92,94603.92,94603.92,94603.92,94603.92,94603.92,94603.92,94603.92,94603.92,94603.92,94603.92,94603.92,94603.92,94603.92,94603.92,94603.92,94603.92,94603.92,94603.92,94603.92,94603.92,94603.92,94603.92,94603.92,94603.92,94603.92,94603.92,94603.92,94603.92,94603.92,94603.92,94603.92,94603.92,94603.92,94603.92,94603.92,94603.92,94603.92,94603.92,94603.92,94603.92,94603.92,94603.92,94603.92,94603.92,94603.92,94603.92,94603.92,94603.92,94603.92,94603.92,94603.92,94603.92,94603.92,94603.92,94603.92,94603.92,94603.92,94603.92,94603.92,94603.92,94603.92,94603.92,94603.92
117,100000.0,100000.0,100000.0,100000.0,100000.0,100000.0,100000.0,100000.0,100000.0,100000.0,100000.0,100000.0,100000.0,100000.0,100000.0,100000.0,100000.0,100000.0,100000.0,100000.0,100000.0,100000.0,100000.0,100000.0,100000.0,100000.0,100000.0,100000.0,100000.0,100000.0,100000.0,100000.0,100000.0,100000.0,100000.0,100000.0,100000.0,100000.0,100000.0,100000.0,100000.0,100000.0,100000.0,100000.0,95284.74,96350.73,96341.23,96328.26,96312.03,96292.54,96270.63,96248.25,96227.55,96209.79,96195.15,96183.23,96173.31,96164.34,96155.39,96145.95,96135.92,96125.47,96114.83,96104.34,96094.22,96084.54,96075.26,96066.27,96057.42,96048.63,96039.87,96031.14,96022.44,96013.76,96005.12,95996.5,95987.92,95979.36,95970.83,95962.33,95953.86,95945.42,95937.0,95928.62,95920.26,95911.94,95903.64,95895.37,95887.13,95878.91,95870.73,95862.58,95854.45,95846.35,95846.35,95846.35,95846.35,95846.35,95846.35,95846.35,95846.35,95846.35,95846.35,95846.35,95846.35,95846.35,95846.35,95846.35,95846.35,95846.35,95846.35,95846.35,95846.35,95846.35,95846.35,95846.35,95846.35,95846.35,95846.35,95846.35,95846.35,95846.35,95846.35,95846.35,95846.35,95846.35,95846.35,95846.35,95846.35,95846.35,95846.35,95846.35,95846.35,95846.35,95846.35,95846.35,95846.35,95846.35,95846.35,95846.35,95846.35,95846.35,95846.35,95846.35,95846.35,95846.35,95846.35,95846.35,95846.35,95846.35,95846.35,95846.35,95846.35,95846.35,95846.35,95846.35,95846.35,95846.35,95846.35,95846.35,95846.35,95846.35,95846.35,95846.35,95846.35,95846.35,95846.35,95846.35,95846.35,95846.35,95846.35,95846.35,95846.35,95846.35,95846.35,95846.35,95846.35,95846.35,95846.35,95846.35
118,100000.0,100000.0,100000.0,100000.0,100000.0,100000.0,100000.0,100000.0,100000.0,100000.0,100000.0,100000.0,100000.0,100000.0,100000.0,100000.0,100000.0,100000.0,100000.0,100000.0,100000.0,100000.0,100000.0,100000.0,100000.0,100000.0,100000.0,100000.0,100000.0,100000.0,100000.0,100000.0,100000.0,100000.0,100000.0,100000.0,100000.0,100000.0,100000.0,100000.0,100000.0,100000.0,100000.0,100000.0,96161.05,97231.75,97224.55,97214.71,97202.4,97187.62,97170.99,97154.01,97138.31,97124.84,97113.73,97104.7,97097.17,97090.36,97083.57,97076.41,97068.81,97060.88,97052.81,97044.85,97037.17,97029.83,97022.79,97015.97,97009.26,97002.59,96995.94,96989.32,96982.72,96976.14,96969.58,96963.05,96956.53,96950.04,96943.57,96937.12,96930.7,96924.29,96917.91,96911.55,96905.21,96898.9,96892.6,96886.33,96880.08,96873.85,96867.64,96861.45,96855.29,96849.15,96849.15,96849.15,96849.15,96849.15,96849.15,96849.15,96849.15,96849.15,96849.15,96849.15,96849.15,96849.15,96849.15,96849.15,96849.15,96849.15,96849.15,96849.15,96849.15,96849.15,96849.15,96849.15,96849.15,96849.15,96849.15,96849.15,96849.15,96849.15,96849.15,96849.15,96849.15,96849.15,96849.15,96849.15,96849.15,96849.15,96849.15,96849.15,96849.15,96849.15,96849.15,96849.15,96849.15,96849.15,96849.15,96849.15,96849.15,96849.15,96849.15,96849.15,96849.15,96849.15,96849.15,96849.15,96849.15,96849.15,96849.15,96849.15,96849.15,96849.15,96849.15,96849.15,96849.15,96849.15,96849.15,96849.15,96849.15,96849.15,96849.15,96849.15,96849.15,96849.15,96849.15,96849.15,96849.15,96849.15,96849.15,96849.15,96849.15,96849.15,96849.15,96849.15,96849.15,96849.15,96849.15,96849.15
119,100000.0,100000.0,100000.0,100000.0,100000.0,100000.0,100000.0,100000.0,100000.0,100000.0,100000.0,100000.0,100000.0,100000.0,100000.0,100000.0,100000.0,100000.0,100000.0,100000.0,100000.0,100000.0,100000.0,100000.0,100000.0,100000.0,100000.0,100000.0,100000.0,100000.0,100000.0,100000.0,100000.0,100000.0,100000.0,100000.0,100000.0,100000.0,100000.0,100000.0,100000.0,100000.0,100000.0,100000.0,96864.63,97939.12,97933.76,97926.44,97917.27,97906.27,97893.89,97881.25,97869.56,97859.53,97851.26,97844.53,97838.93,97833.87,97828.81,97823.48,97817.82,97811.91,97805.91,97799.98,97794.26,97788.8,97783.56,97778.48,97773.48,97768.52,97763.57,97758.64,97753.73,97748.83,97743.95,97739.08,97734.23,97729.4,97724.58,97719.78,97715.0,97710.23,97705.48,97700.75,97696.03,97691.32,97686.64,97681.97,97677.31,97672.68,97668.05,97663.45,97658.86,97654.29,97654.29,97654.29,97654.29,97654.29,97654.29,97654.29,97654.29,97654.29,97654.29,97654.29,97654.29,97654.29,97654.29,97654.29,97654.29,97654.29,97654.29,97654.29,97654.29,97654.29,97654.29,97654.29,97654.29,97654.29,97654.29,97654.29,97654.29,97654.29,97654.29,97654.29,97654.29,97654.29,97654.29,97654.29,97654.29,97654.29,97654.29,97654.29,97654.29,97654.29,97654.29,97654.29,97654.29,97654.29,97654.29,97654.29,97654.29,97654.29,97654.29,97654.29,97654.29,97654.29,97654.29,97654.29,97654.29,97654.29,97654.29,97654.29,97654.29,97654.29,97654.29,97654.29,97654.29,97654.29,97654.29,97654.29,97654.29,97654.29,97654.29,97654.29,97654.29,97654.29,97654.29,97654.29,97654.29,97654.29,97654.29,97654.29,97654.29,97654.29,97654.29,97654.29,97654.29,97654.29,97654.29,97654.29
120,100000.0,100000.0,100000.0,100000.0,100000.0,100000.0,100000.0,100000.0,100000.0,100000.0,100000.0,100000.0,100000.0,100000.0,100000.0,100000.0,100000.0,100000.0,100000.0,100000.0,100000.0,100000.0,100000.0,100000.0,100000.0,100000.0,100000.0,100000.0,100000.0,100000.0,100000.0,100000.0,100000.0,100000.0,100000.0,100000.0,100000.0,100000.0,100000.0,100000.0,100000.0,100000.0,100000.0,100000.0,97427.16,98504.68,98500.79,98495.47,98488.82,98480.84,98471.86,98462.69,98454.21,98446.93,98440.93,98436.05,98431.98,98428.31,98424.64,98420.77,98416.66,98412.38,98408.02,98403.72,98399.57,98395.61,98391.81,98388.12,98384.5,98380.89,98377.3,98373.73,98370.16,98366.61,98363.07,98359.54,98356.02,98352.51,98349.02,98345.53,98342.06,98338.6,98335.15,98331.72,98328.3,98324.88,98321.48,98318.09,98314.72,98311.35,98308.0,98304.66,98301.33,98298.01,98298.01,98298.01,98298.01,98298.01,98298.01,98298.01,98298.01,98298.01,98298.01,98298.01,98298.01,98298.01,98298.01,98298.01,98298.01,98298.01,98298.01,98298.01,98298.01,98298.01,98298.01,98298.01,98298.01,98298.01,98298.01,98298.01,98298.01,98298.01,98298.01,98298.01,98298.01,98298.01,98298.01,98298.01,98298.01,98298.01,98298.01,98298.01,98298.01,98298.01,98298.01,98298.01,98298.01,98298.01,98298.01,98298.01,98298.01,98298.01,98298.01,98298.01,98298.01,98298.01,98298.01,98298.01,98298.01,98298.01,98298.01,98298.01,98298.01,98298.01,98298.01,98298.01,98298.01,98298.01,98298.01,98298.01,98298.01,98298.01,98298.01,98298.01,98298.01,98298.01,98298.01,98298.01,98298.01,98298.01,98298.01,98298.01,98298.01,98298.01,98298.01,98298.01,98298.01,98298.01,98298.01,98298.01
121,100000.0,100000.0,100000.0,100000.0,100000.0,100000.0,100000.0,100000.0,100000.0,100000.0,100000.0,100000.0,100000.0,100000.0,100000.0,100000.0,100000.0,100000.0,100000.0,100000.0,100000.0,100000.0,100000.0,100000.0,100000.0,100000.0,100000.0,100000.0,100000.0,100000.0,100000.0,100000.0,100000.0,100000.0,100000.0,100000.0,100000.0,100000.0,100000.0,100000.0,100000.0,100000.0,100000.0,100000.0,97875.39,98955.33,98952.61,98948.9,98944.25,98938.67,98932.4,98925.99,98920.07,98914.98,98910.79,98907.38,98904.54,98901.97,98899.41,98896.71,98893.84,98890.85,98887.8,98884.8,98881.9,98879.13,98876.47,98873.9,98871.37,98868.85,98866.34,98863.84,98861.35,98858.87,98856.39,98853.93,98851.47,98849.02,98846.58,98844.15,98841.72,98839.3,98836.89,98834.49,98832.1,98829.72,98827.34,98824.98,98822.62,98820.27,98817.92,98815.59,98813.26,98810.95,98810.95,98810.95,98810.95,98810.95,98810.95,98810.95,98810.95,98810.95,98810.95,98810.95,98810.95,98810.95,98810.95,98810.95,98810.95,98810.95,98810.95,98810.95,98810.95,98810.95,98810.95,98810.95,98810.95,98810.95,98810.95,98810.95,98810.95,98810.95,98810.95,98810.95,98810.95,98810.95,98810.95,98810.95,98810.95,98810.95,98810.95,98810.95,98810.95,98810.95,98810.95,98810.95,98810.95,98810.95,98810.95,98810.95,98810.95,98810.95,98810.95,98810.95,98810.95,98810.95,98810.95,98810.95,98810.95,98810.95,98810.95,98810.95,98810.95,98810.95,98810.95,98810.95,98810.95,98810.95,98810.95,98810.95,98810.95,98810.95,98810.95,98810.95,98810.95,98810.95,98810.95,98810.95,98810.95,98810.95,98810.95,98810.95,98810.95,98810.95,98810.95,98810.95,98810.95,98810.95,98810.95,98810.95
122,100000.0,100000.0,100000.0,100000.0,100000.0,100000.0,100000.0,100000.0,100000.0,100000.0,100000.0,100000.0,100000.0,100000.0,100000.0,100000.0,100000.0,100000.0,100000.0,100000.0,100000.0,100000.0,100000.0,100000.0,100000.0,100000.0,100000.0,100000.0,100000.0,100000.0,100000.0,100000.0,100000.0,100000.0,100000.0,100000.0,100000.0,100000.0,100000.0,100000.0,100000.0,100000.0,100000.0,100000.0,98231.6,99313.46,99311.67,99309.23,99306.18,99302.51,99298.39,99294.18,99290.28,99286.94,99284.19,99281.94,99280.08,99278.39,99276.71,99274.93,99273.04,99271.08,99269.08,99267.1,99265.2,99263.38,99261.63,99259.94,99258.27,99256.62,99254.97,99253.33,99251.69,99250.06,99248.44,99246.81,99245.2,99243.59,99241.98,99240.39,99238.79,99237.2,99235.62,99234.04,99232.47,99230.9,99229.34,99227.79,99226.24,99224.69,99223.15,99221.62,99220.09,99218.57,99218.57,99218.57,99218.57,99218.57,99218.57,99218.57,99218.57,99218.57,99218.57,99218.57,99218.57,99218.57,99218.57,99218.57,99218.57,99218.57,99218.57,99218.57,99218.57,99218.57,99218.57,99218.57,99218.57,99218.57,99218.57,99218.57,99218.57,99218.57,99218.57,99218.57,99218.57,99218.57,99218.57,99218.57,99218.57,99218.57,99218.57,99218.57,99218.57,99218.57,99218.57,99218.57,99218.57,99218.57,99218.57,99218.57,99218.57,99218.57,99218.57,99218.57,99218.57,99218.57,99218.57,99218.57,99218.57,99218.57,99218.57,99218.57,99218.57,99218.57,99218.57,99218.57,99218.57,99218.57,99218.57,99218.57,99218.57,99218.57,99218.57,99218.57,99218.57,99218.57,99218.57,99218.57,99218.57,99218.57,99218.57,99218.57,99218.57,99218.57,99218.57,99218.57,99218.57,99218.57,99218.57,99218.57
123,100000.0,100000.0,100000.0,100000.0,100000.0,100000.0,100000.0,100000.0,100000.0,100000.0,100000.0,100000.0,100000.0,100000.0,100000.0,100000.0,100000.0,100000.0,100000.0,100000.0,100000.0,100000.0,100000.0,100000.0,100000.0,100000.0,100000.0,100000.0,100000.0,100000.0,100000.0,100000.0,100000.0,100000.0,100000.0,100000.0,100000.0,100000.0,100000.0,100000.0,100000.0,100000.0,100000.0,100000.0,98514.07,99597.44,99596.4,99594.97,99593.18,99591.03,99588.61,99586.14,99583.86,99581.9,99580.28,99578.97,99577.87,99576.88,99575.9,99574.85,99573.75,99572.6,99571.42,99570.26,99569.15,99568.08,99567.06,99566.06,99565.09,99564.12,99563.15,99562.19,99561.23,99560.27,99559.32,99558.37,99557.42,99556.48,99555.54,99554.6,99553.66,99552.73,99551.81,99550.88,99549.96,99549.04,99548.12,99547.21,99546.3,99545.4,99544.5,99543.6,99542.7,99541.81,99541.81,99541.81,99541.81,99541.81,99541.81,99541.81,99541.81,99541.81,99541.81,99541.81,99541.81,99541.81,99541.81,99541.81,99541.81,99541.81,99541.81,99541.81,99541.81,99541.81,99541.81,99541.81,99541.81,99541.81,99541.81,99541.81,99541.81,99541.81,99541.81,99541.81,99541.81,99541.81,99541.81,99541.81,99541.81,99541.81,99541.81,99541.81,99541.81,99541.81,99541.81,99541.81,99541.81,99541.81,99541.81,99541.81,99541.81,99541.81,99541.81,99541.81,99541.81,99541.81,99541.81,99541.81,99541.81,99541.81,99541.81,99541.81,99541.81,99541.81,99541.81,99541.81,99541.81,99541.81,99541.81,99541.81,99541.81,99541.81,99541.81,99541.81,99541.81,99541.81,99541.81,99541.81,99541.81,99541.81,99541.81,99541.81,99541.81,99541.81,99541.81,99541.81,99541.81,99541.81,99541.81,99541.81
124,100000.0,100000.0,100000.0,100000.0,100000.0,100000.0,100000.0,100000.0,100000.0,100000.0,100000.0,100000.0,100000.0,100000.0,100000.0,100000.0,100000.0,100000.0,100000.0,100000.0,100000.0,100000.0,100000.0,100000.0,100000.0,100000.0,100000.0,100000.0,100000.0,100000.0,100000.0,100000.0,100000.0,100000.0,100000.0,100000.0,100000.0,100000.0,100000.0,100000.0,100000.0,100000.0,100000.0,100000.0,98737.68,99822.26,99821.8,99821.17,99820.38,99819.43,99818.36,99817.27,99816.26,99815.4,99814.68,99814.1,99813.62,99813.18,99812.75,99812.29,99811.8,99811.29,99810.77,99810.26,99809.77,99809.3,99808.85,99808.41,99807.98,99807.55,99807.12,99806.7,99806.27,99805.85,99805.43,99805.01,99804.59,99804.17,99803.76,99803.35,99802.93,99802.52,99802.11,99801.7,99801.3,99800.89,99800.49,99800.08,99799.68,99799.28,99798.88,99798.49,99798.09,99797.7,99797.7,99797.7,99797.7,99797.7,99797.7,99797.7,99797.7,99797.7,99797.7,99797.7,99797.7,99797.7,99797.7,99797.7,99797.7,99797.7,99797.7,99797.7,99797.7,99797.7,99797.7,99797.7,99797.7,99797.7,99797.7,99797.7,99797.7,99797.7,99797.7,99797.7,99797.7,99797.7,99797.7,99797.7,99797.7,99797.7,99797.7,99797.7,99797.7,99797.7,99797.7,99797.7,99797.7,99797.7,99797.7,99797.7,99797.7,99797.7,99797.7,99797.7,99797.7,99797.7,99797.7,99797.7,99797.7,99797.7,99797.7,99797.7,99797.7,99797.7,99797.7,99797.7,99797.7,99797.7,99797.7,99797.7,99797.7,99797.7,99797.7,99797.7,99797.7,99797.7,99797.7,99797.7,99797.7,99797.7,99797.7,99797.7,99797.7,99797.7,99797.7,99797.7,99797.7,99797.7,99797.7,99797.7
125,100000.0,100000.0,100000.0,100000.0,100000.0,100000.0,100000.0,100000.0,100000.0,100000.0,100000.0,100000.0,100000.0,100000.0,100000.0,100000.0,100000.0,100000.0,100000.0,100000.0,100000.0,100000.0,100000.0,100000.0,100000.0,100000.0,100000.0,100000.0,100000.0,100000.0,100000.0,100000.0,100000.0,100000.0,100000.0,100000.0,100000.0,100000.0,100000.0,100000.0,100000.0,100000.0,100000.0,100000.0,100000.0,100000.0,100000.0,100000.0,100000.0,100000.0,100000.0,100000.0,100000.0,100000.0,100000.0,100000.0,100000.0,100000.0,100000.0,100000.0,100000.0,100000.0,100000.0,100000.0,100000.0,100000.0,100000.0,100000.0,100000.0,100000.0,100000.0,100000.0,100000.0,100000.0,100000.0,100000.0,100000.0,100000.0,100000.0,100000.0,100000.0,100000.0,100000.0,100000.0,100000.0,100000.0,100000.0,100000.0,100000.0,100000.0,100000.0,100000.0,100000.0,100000.0,100000.0,100000.0,100000.0,100000.0,100000.0,100000.0,100000.0,100000.0,100000.0,100000.0,100000.0,100000.0,100000.0,100000.0,100000.0,100000.0,100000.0,100000.0,100000.0,100000.0,100000.0,100000.0,100000.0,100000.0,100000.0,100000.0,100000.0,100000.0,100000.0,100000.0,100000.0,100000.0,100000.0,100000.0,100000.0,100000.0,100000.0,100000.0,100000.0,100000.0,100000.0,100000.0,100000.0,100000.0,100000.0,100000.0,100000.0,100000.0,100000.0,100000.0,100000.0,100000.0,100000.0,100000.0,100000.0,100000.0,100000.0,100000.0,100000.0,100000.0,100000.0,100000.0,100000.0,100000.0,100000.0,100000.0,100000.0,100000.0,100000.0,100000.0,100000.0,100000.0,100000.0,100000.0,100000.0,100000.0,100000.0,100000.0,100000.0,100000.0,100000.0,100000.0,100000.0,100000.0,100000.0,100000.0
