age,1981,1982,1983,1984,1985,1986,1987,1988,1989,1990,1991,1992,1993,1994,1995,1996,1997,1998,1999,2000,2001,2002,2003,2004,2005,2006,2007,2008,2009,2010,2011,2012,2013,2014,2015,2016,2017,2018,2019,2020,2021,2022,2023,2024,2025,2026,2027,2028,2029,2030,2031,2032,2033,2034,2035,2036,2037,2038,2039,2040,2041,2042,2043,2044,2045,2046,2047,2048,2049,2050,2051,2052,2053,2054,2055,2056,2057,2058,2059,2060,2061,2062,2063,2064,2065,2066,2067,2068,2069,2070,2071,2072,2073,2074,2075,2076,2077,2078,2079,2080,2081,2082,2083,2084,2085,2086,2087,2088,2089,2090,2091,2092,2093,2094,2095,2096,2097,2098,2099,2100,2101,2102,2103,2104,2105,2106,2107,2108,2109,2110,2111,2112,2113,2114,2115,2116,2117,2118,2119,2120,2121,2122,2123,2124,2125,2126,2127,2128,2129,2130,2131,2132,2133,2134,2135,2136,2137,2138,2139,2140,2141,2142,2143,2144,2145,2146,2147,2148,2149,2150
0,1096.69,993.54,1041.97,781.23,771.61,765.87,800.61,601.82,728.29,561.64,536.03,567.84,471.61,486.81,537.57,517.36,509.2,515.28,561.41,442.7,483.22,431.3,354.59,482.77,347.68,366.9,408.18,347.24,434.25,367.54,315.15,340.48,376.45,277.02,275.36,247.56,278.67,300.11,237.52,235.87,230.57,225.52,220.71,216.13,211.76,207.59,203.62,199.83,196.21,192.77,189.48,186.34,183.35,180.49,177.77,175.17,172.68,170.3,168.03,165.85,163.76,161.75,159.81,157.89,156.0,154.13,152.28,150.45,148.65,146.87,145.11,143.37,141.65,139.95,138.27,136.61,134.98,133.36,131.76,130.18,128.62,127.08,125.55,124.05,122.56,121.09,119.64,118.2,116.78267617693356,115.38233451152135,113.9987719543012,112.63178768881605,111.28118336261436,109.9467630102501,108.62833297628248,107.3257018382758,106.03868063779996,104.76708249542958,103.51072291874473,102.2694194943302,101.04299204177588,99.83126245967637,98.63405495663153,97.45119558924547,96.2825127241275,95.12783649889099,93.98699943815474,92.85983583754158,91.7461819176787,90.64587597819806,89.55875832073617,88.48467094093337,87.42345791343476,86.37496508388944,85.33904006895057,84.31553248727587,83.30429357452671,82.30517649136885,81.31803609247196,80.34272892650947,79.37911331315892,78.42704918910148,77.48639833902259,76.55702393361075,75.6387910146588,74.73156613316301,73.83521743402322,72.94961466374295,72.07462911652928,71.21013361889271,70.35600252964728,69.5121117014104,68.67833846520284,67.85456163814878,67.04066146957567,66.2365196487142,65.44201927389824,64.65704484486494,63.881482247354555,63.1152187146104,62.35814285817894,61.61014459090958,60.8711151654548,60.14094711267001,59.419534280113545,58.70677175504664,58.00255589523339,57.30678429814067,56.61935577783821,55.940170372698454,55.26912929919657,54.60613497501043,53.95109097282055,53.30390202031008,52.66447399246477,52.032713880772924,51.408529793225384,50.791830946615505,50.18252763573911,49.58053121799442,48.98575413648215,48.39810986610536,47.81751291356944,47.24387883278217,46.67712415555359,46.117166430096,45.563924205624026,45.01731697845442,44.47726522280615,43.943690367700405
1,94.8,80.36,93.66,92.87,92.98,94.89,72.26,48.68,84.94,43.02,54.02,74.87,32.42,61.55,40.05,58.9,48.06,41.39,42.21,12.42,25.61,32.51,26.87,52.9,12.85,43.67,24.45,29.73,17.31,29.19,34.46,16.9,34.42,5.92,18.14,6.06,18.18,43.38,27.47,27.29,26.68,26.09,25.54,25.01,24.51,24.03,23.57,23.13,22.72,22.32,21.94,21.58,21.23,20.9,20.59,20.29,20.0,19.72,19.46,19.21,18.97,18.73,18.51,18.29,18.07,17.85,17.63,17.42,17.21,17.01,16.8,16.6,16.4,16.21,16.01,15.82,15.63,15.44,15.26,15.07,14.89,14.71,14.54,14.36,14.19,14.02,13.85,13.69,13.525732336980045,13.363435594220238,13.20308612993251,13.044660572417756,12.888135847074748,12.733489158394192,12.58069796294984,12.429740014413307,12.280593300533324,12.133236115159457,11.987646977215414,11.843804675713873,11.701688251750557,11.561277016510163,11.422550488245596,11.285488473304666,11.150071003109332,11.016278334155691,10.884090984025848,10.753489695376052,10.6244554359367,10.496969398512324,10.371013027990507,10.246567949318145,10.123616048528135,10.002139400715656,9.882120315053005,9.763541307780681,9.646385084201473,9.530634592698236,9.41627296171315,9.303283517753629,9.191649821404209,9.08135558629984,8.972384747548425,8.864721431120747,8.758349948448682,8.653254800026385,8.549420673609696,8.446832437914077,8.345475147116073,8.245334030950067,8.146394499209757,8.048642135446078,7.952062695166615,7.85664210673589,7.762366465973593,7.669222036154572,7.577195244407658,7.486272682615949,7.396441100214447,7.307687409591835,7.219998677087507,7.133362125692467,7.047765130547833,6.963195219845147,6.8796400694245845,6.797087505475853,6.715525497335813,6.634942161089668,6.555325753268888,6.476664674452393,6.3989474602635905,6.322162786772153,6.246299465092242,6.171346440482204,6.097292791444286,6.024127726123431,5.951840582307301,5.88042082832655,5.809858054952178,5.74014198079729,5.671262446915326,5.603209414999471,5.535972970083539,5.4695433124393045,5.403910762077988,5.339065756049364,5.274998843940281,5.21170068967525,5.149162069715854,5.087373871260156
2,42.24,61.75,34.6,35.12,40.39,52.08,38.77,27.45,16.08,15.86,37.78,43.14,26.67,21.52,22.3,56.87,29.26,11.92,29.34,17.95,30.79,12.65,12.9,13.32,13.17,0.0,24.83,6.06,17.73,0.0,17.46,11.43,28.01,11.39,23.47,12.0,23.95,11.97,9.65,9.56,9.33,9.11,8.91,8.71,8.52,8.34,8.17,8.01,7.86,7.71,7.58,7.45,7.32,7.2,7.09,6.98,6.88,6.79,6.69,6.61,6.52,6.44,6.36,6.29,6.21,6.14,6.06,5.99,5.92,5.85,5.78,5.71,5.64,5.57,5.51,5.44,5.37,5.31,5.25,5.18,5.12,5.06,5.0,4.94,4.88,4.82,4.76,4.71,4.653481382287736,4.597640956140244,4.542470582745259,4.487962222184831,4.43410793058261,4.380899861054754,4.328330259906293,4.276391464729324,4.225075907255728,4.174376108602635,4.124284682125147,4.074794325809079,4.025897828927312,3.977588065383441,3.92985799561359,3.882700661831877,3.836109193735859,3.7900768008992687,3.7445967746738376,3.6996624881892894,3.6552673915988088,3.6114050158826685,3.5680689680936917,3.5252529342099783,3.4829506743803664,3.4411560219735255,3.399862888332493,3.359065254216511,3.31875717455556,3.2789327746467323,3.239586252056046,3.200711870913003,3.1623039676160305,3.1243569432252247,3.0868652682168896,3.0498234796308084,3.0132261772666236,2.977068029389277,2.9413437651217484,2.906048179199597,2.871176128167333,2.836722528476599,2.802682359338895,2.769050660823765,2.7358225310060718,2.7029931269169096,2.670557665494505,2.6385114178787825,2.606849715116798,2.575567941506399,2.5446615403016577,2.5141260051547136,2.48395688772303,2.4541497891112263,2.42470036747834,2.3956043294796587,2.366857435021258,2.3384554953581884,2.3103943702417493,2.2826699707722162,2.2552782555952104,2.2282152337544177,2.201476960887964,2.175059539228413,2.1489591195045823,2.1231718980888203,2.0976941160461005,2.0725220610358353,2.0476520644591547,2.023080500508,1.9988037899687516,1.9748183935658798,1.951120815765573,1.9277076038248304,1.9045753439878348,1.881720666240488,1.8591402386049665,1.836830770943352,1.8147890121049097,1.7930117499260885,1.7714958093287054,1.7502380551726693
3,25.4,24.21,33.73,40.32,40.89,34.5,28.77,32.94,43.64,42.79,26.24,10.79,16.19,16.0,32.23,11.11,22.72,11.66,11.84,0.0,5.94,12.19,0.0,0.0,13.27,6.55,6.35,18.53,12.04,23.5,17.14,11.56,0.0,11.14,5.65,5.82,5.94,17.76,8.69,8.59,8.36,8.14,7.94,7.75,7.56,7.39,7.23,7.07,6.93,6.79,6.66,6.54,6.42,6.31,6.21,6.11,6.02,5.93,5.85,5.77,5.7,5.63,5.56,5.49,5.43,5.36,5.3,5.23,5.17,5.11,5.05,4.99,4.93,4.87,4.81,4.75,4.7,4.64,4.58,4.53,4.47,4.42,4.37,4.31,4.26,4.21,4.16,4.11,4.060680871206685,4.011953550716901,3.963810937939322,3.916246017360953,3.869251856247712,3.8228216057941395,3.7769484999736904,3.731625853239318,3.6868470616731845,3.6426055972381235,3.5988950146758825,3.555708942309466,3.5130410866419655,3.470885230057143,3.429235228520018,3.3880850115768673,3.3474285835049327,3.30726001871359,3.267573461744354,3.228363130719993,3.1896233104462923,3.1513483558611726,3.11353268743586,3.076170794624012,3.039257233562299,3.0027866224715773,2.9667536485551316,2.9311530588010197,2.8959796645808966,2.8612283416500204,2.8268940232490043,2.7929717070020623,2.7594564491684737,2.726343363492874,2.6936276269537913,2.6613044694162835,2.6293691805301793,2.597817107430664,2.5666436501394534,2.535844266163619,2.5054144658967616,2.475349816068131,2.445645933994093,2.4162984910272476,2.3873032102570186,2.358655866509649,2.330352282899082,2.302388335425791,2.274759948377948,2.2474630954811334,2.220493798748627,2.193848127331701,2.1675221986693294,2.141512173889356,2.115814264706739,2.090424724225895,2.0653398526892324,2.0405559940280322,2.0160695370121524,1.9918769129506178,1.9679745945419078,1.944359098173375,1.9210269839212424,1.8979748509517773,1.8751993386709953,1.8526971278743705,1.8304649395971269,1.8084995328148237,1.7867977067427707,1.7653562985366131,1.744172184442039,1.7232422751959517,1.702563520625296,1.682132907347647,1.6619474587712062,1.6420042316456844,1.62230031951142,1.6028328515496735,1.5835989902832117,1.564595931576309,1.5458209069341617,1.5272711789040583
4,31.44,38.32,36.37,11.25,5.75,23.22,11.45,22.83,43.7,21.77,26.53,26.28,16.16,10.78,5.33,16.03,27.65,5.66,17.33,29.26,11.56,11.76,36.17,24.81,0.0,13.15,26.1,31.7,6.16,11.97,5.86,11.36,0.0,0.0,0.0,16.8,11.52,17.63,9.18,9.05,8.79,8.55,8.31,8.1,7.89,7.7,7.52,7.35,7.19,7.04,6.89,6.76,6.63,6.52,6.4,6.3,6.2,6.11,6.02,5.94,5.86,5.79,5.72,5.65,5.59,5.52,5.45,5.39,5.32,5.26,5.19,5.13,5.07,5.01,4.95,4.89,4.83,4.77,4.72,4.66,4.6,4.55,4.49,4.44,4.39,4.33,4.28,4.23,4.1792408488132775,4.1290907867398605,4.079542506465048,4.030588785657439,3.982222490718211,3.934436573031846,3.887224068966133,3.840578096122906,3.794491858337062,3.7489586394277867,3.7039718019487995,3.6595247921873764,3.615611128916552,3.5722244158926704,3.5293583281080845,3.48700661928968,3.445163116899862,3.4038217221365508,3.3629764111829386,3.3226212302084703,3.2827502991181094,3.243357806553317,3.204438012391563,3.1659852427473054,3.127993896220766,3.090458432650139,3.0533733843593795,3.016733346160168,2.980532977851423,2.9447670042192975,2.9094302112879142,2.8745174500686335,2.8400236328107855,2.8059437317519187,2.7722727803675533,2.7390058708716722,2.706138156716229,2.673664846342377,2.641581206929733,2.6098825631466203,2.578564295900317,2.547621839837545,2.5170506858439814,2.4868463772949903,2.457004515054647,2.4275207474776965,2.398390777908085,2.369610360929692,2.341175302366334,2.313081459281762,2.285324734980646,2.257901086507098,2.230806514646641,2.2040370726744865,2.1775888588570087,2.151458017701501,2.1256407412059266,2.1001332663594123,2.0749318763920024,2.0500328982751506,2.025432702721717,2.001127704185971,1.9771143621133458,1.9533891746916632,1.9299486863496633,1.9067894790087216,1.883908177081868,1.861301447473786,1.8389659945817936,1.816898562795356,1.7950959364960812,1.773554938807968,1.7522724278481423,1.7312453042253837,1.7104705035415975,1.6899449963918172,1.669665790863711,1.6496299337873377,1.6298345044863742,1.6102766160278683,1.5909534202212592,1.5718620988700942
5,0.0,31.51,19.18,24.38,28.15,22.97,17.41,11.4,17.05,5.44,10.8,5.32,31.56,10.76,21.58,10.62,26.64,16.54,16.87,5.72,17.32,5.73,11.66,23.91,0.0,6.34,13.07,13.02,12.65,18.43,0.0,11.66,5.66,11.43,5.61,16.51,22.25,5.72,7.86,7.74,7.51,7.29,7.09,6.9,6.72,6.55,6.39,6.24,6.1,5.97,5.85,5.73,5.62,5.52,5.42,5.33,5.25,5.17,5.1,5.03,4.96,4.9,4.84,4.78,4.72,4.67,4.61,4.56,4.5,4.45,4.39,4.34,4.29,4.24,4.19,4.14,4.09,4.04,3.99,3.94,3.89,3.85,3.8,3.76,3.71,3.67,3.62,3.58,3.5370406910265793,3.494596876930041,3.4526623716002116,3.4112310659506986,3.370296920216516,3.3298539683554416,3.289896318048017,3.250418146296191,3.2114136972226373,3.172877288672793,3.1348033034121436,3.0971861935275786,3.060020476026034,3.023300733934832,2.9870216185023604,2.9511778392950148,2.9157641741002567,2.880775462324574,2.8462066038931417,2.8120525614505025,2.778308355959206,2.744969072201508,2.7120298488763153,2.679485887401898,2.6473324431131773,2.615564831863761,2.5841784223235647,2.553168640380174,2.5225309680385015,2.492260939019428,2.4623541431611646,2.4328062198172096,2.403612864458392,2.374769820970488,2.346272887155924,2.318117909232076,2.2903007829316095,2.2628174568034987,2.235663923410308,2.208836224829894,2.1823304537557378,2.1561427446942365,2.130269281667074,2.1047062949102044,2.079450058673175,2.0544968901187812,2.029843154824769,2.005485259081458,1.9814196531927546,1.9576428281751395,1.9341513212593635,1.9109417070877275,1.8880106032157857,1.865354667911663,1.8429705990557148,1.8208551352408693,1.7990050524716061,1.7774171663646368,1.7560883299482248,1.7350154358628653,1.7141954130602661,1.6936252268033472,1.6733018786662401,1.6532224065342902,1.6333838846040538,1.6137834222829612,1.5944181608882946,1.5752852802492285,1.5563819910044514,1.5377055368028443,1.5192531987048408,1.5010222841790284,1.483010138105547,1.4652141350737102,1.4476316815826846,1.4302602138408111,1.4130972010666236,1.396140142187829,1.3793865658413087,1.3628340292727772,1.3464801216378035,1.3303224573997705
6,29.31,37.09,31.66,19.19,12.14,11.23,17.11,28.69,16.91,39.44,37.41,26.98,26.58,0.0,0.0,10.75,10.6,5.31,21.91,5.59,0.0,22.95,11.36,5.79,5.95,12.28,12.6,19.49,6.5,0.0,6.13,11.89,11.62,5.62,0.0,11.17,10.96,0.0,6.77,6.67,6.47,6.28,6.1,5.94,5.78,5.64,5.5,5.37,5.25,5.14,5.04,4.94,4.84,4.75,4.67,4.6,4.52,4.45,4.39,4.33,4.27,4.22,4.17,4.12,4.07,4.02,3.97,3.93,3.88,3.83,3.79,3.74,3.7,3.65,3.61,3.56,3.52,3.48,3.44,3.4,3.36,3.32,3.28,3.24,3.2,3.16,3.12,3.08,3.043040562281235,3.0065246256495217,2.9704468664177996,2.934802027819655,2.899584915015236,2.864790395091262,2.8304133970610152,2.796448911864344,2.762891989371218,2.729737738381725,2.696981327624889,2.664617983761035,2.6326429893841645,2.601051684020764,2.569839466127441,2.539001784101582,2.5085341452706937,2.4784321089006918,2.4486912881935337,2.4193073482895873,2.3902760082652623,2.3615930351401166,2.333254249869749,2.3052555213529065,2.277592770426747,2.250261965871575,2.223259122413213,2.1965803067158935,2.1702216293917354,2.1441792489960045,2.118449371028299,2.093028244936104,2.06791216611242,2.043097473898135,2.0185805515820197,1.994357826400734,1.9704257685400046,1.9467808901358155,1.9234197442755878,1.9003389269958133,1.8775350742856067,1.8550048630855234,1.832745008291108,1.8107522677469778,1.7890234352551098,1.767555343571289,1.7463448654039233,1.7253889074211517,1.704684417242551,1.6842283774462437,1.664017804570082,1.6440497551045419,1.6243213185010132,1.6048296191694313,1.5855718174770927,1.5665451047545769,1.5477467092886399,1.5291738903293206,1.5108239430840196,1.4926941907269728,1.4747819923897785,1.4570847381673162,1.4395998471201192,1.42232477226845,1.4052569945994062,1.388394028061002,1.37173341356927,1.355272725001159,1.3390095612040058,1.3229415529872468,1.3070663581283388,1.291381663370391,1.2758851824245325,1.2605746569687297,1.2454478546501537,1.2305025730804429,1.2157366318451786,1.201147879495594,1.1867341905521285,1.172493464505609,1.158423623819623,1.144522620922224
7,22.58,0.0,12.37,6.31,25.46,0.0,5.56,16.87,5.67,11.16,0.0,0.0,0.0,10.62,10.5,5.34,0.0,5.28,0.0,21.79,16.72,5.64,11.4,11.26,5.77,11.81,6.11,6.29,12.96,6.49,6.31,6.11,0.0,0.0,5.6,0.0,5.55,16.34,5.78,5.7,5.53,5.38,5.23,5.09,4.97,4.84,4.73,4.62,4.52,4.42,4.33,4.25,4.17,4.1,4.03,3.96,3.9,3.84,3.79,3.74,3.69,3.64,3.6,3.55,3.51,3.47,3.43,3.39,3.35,3.31,3.27,3.23,3.19,3.15,3.11,3.07,3.04,3.0,2.97,2.93,2.89,2.86,2.83,2.79,2.76,2.72,2.69,2.66,2.6280804417157553,2.5965439074482948,2.5653858007422055,2.53460158214648,2.504186763514079,2.4741369137023708,2.4444476528726904,2.4151146534404133,2.3861336419751034,2.35750039350007,2.329210735292663,2.3012605449841255,2.273645749609523,2.2463623227575185,2.2194062893207414,2.1927737216954966,2.166460736931539,2.1404635005323738,2.1147782245551023,2.0894011647602064,2.064328623461768,2.039556945727176,2.015082522227342,1.9909017854364133,1.9670112115319156,1.9434073184946066,1.920086666108476,1.8970458559607468,1.8742815304918001,1.8517903710950303,1.829569100967062,1.8076144803573873,1.7859233103686554,1.764492429156381,1.7433187147791647,1.722399079498252,1.701730475477973,1.6813098909854491,1.6611343484904482,1.6412009084656745,1.6215066655864785,1.602048749680928,1.582824324779736,1.5638305891162598,1.5450647751265014,1.526524146598887,1.5082060024745612,1.4901076720970197,1.4722265190124018,1.454559935269052,1.4371053480680316,1.4198602131126072,1.4028220165083949,1.385988274763363,1.369356535737902,1.352924373894462,1.336689395997989,1.3206492344654133,1.304801552116015,1.2891440402712797,1.2736744149546015,1.2583904235417998,1.24328983716053,1.228370455440652,1.213630104614082,1.199066634664573,1.1846779250281558,1.1704618779426237,1.1564164203476799,1.142539506735159,1.128829114398658,1.1152832443836103,1.1018999233874331,1.0886771999592337,1.0756131473500286,1.062705861612598,1.049953461601485,1.0373540889729955,1.0249059072351256,1.012607101747561,1.0004558806717503,0.9884504721206845
8,10.56,22.61,17.69,6.19,18.92,19.06,17.98,11.0,5.57,11.25,11.12,0.0,26.66,16.14,10.61,5.23,0.0,5.34,10.54,15.76,10.84,16.58,5.61,5.65,5.6,5.74,0.0,0.0,0.0,6.47,6.48,12.58,6.08,11.81,5.76,5.58,0.0,11.02,3.81,3.76,3.65,3.56,3.46,3.37,3.29,3.21,3.14,3.07,3.01,2.94,2.89,2.83,2.78,2.73,2.69,2.64,2.6,2.56,2.53,2.49,2.46,2.43,2.4,2.37,2.34,2.32,2.29,2.26,2.23,2.21,2.18,2.15,2.13,2.1,2.08,2.05,2.03,2.0,1.98,1.96,1.93,1.91,1.89,1.86,1.84,1.82,1.8,1.78,1.7586402678484785,1.737536845759051,1.7166866589261844,1.696086667636855,1.6757338707797953,1.6556253016343976,1.6357580292744112,1.6161291592697935,1.5967358294756093,1.577575214944981,1.5586445230161399,1.5399409940142723,1.5214619019533737,1.503204554536246,1.4851662910489494,1.4673444816589494,1.4497365295206697,1.4323398686699405,1.415151964024,1.398170309275941,1.381392431105815,1.3648158828639785,1.3484382494840457,1.3322571439736366,1.3162702081162279,1.3004751124711522,1.2848695535661987,1.2694512588105624,1.2542179794763446,1.2391674963133525,1.2242976160398493,1.2096061713425539,1.195091020876641,1.1807500492657408,1.1665811664000896,1.1525823074365291,1.1387514320966563,1.1250865246668238,1.1115855932962895,1.0982466699972162,1.0850678120483734,1.072047097784034,1.0591826294013769,1.046472532960486,1.0339149548751,1.021508066123713,1.0092500573366232,0.9971391423051843,0.9851735565781041,0.9733515560577463,0.9616714177019778,0.9501314388223207,0.9387299377858019,0.9274652526112526,0.9163357423730084,0.905339784393509,0.8944757763488488,0.8837421341632264,0.8731372948163445,0.86265971143046,0.8523078581833342,0.8420802246934318,0.8319753223365721,0.8219916765255781,0.8121278337287771,0.8023823551533498,0.7927538216582809,0.7832408288414089,0.773841990548676,0.7645559374704284,0.7553813157377155,0.7463167876241402,0.7373610336514099,0.7285127469745344,0.7197706389966275,0.7111334351578066,0.7025998763388919,0.6941687195632577,0.685838735891281,0.6776087104203423,0.6694774450922257,0.6614437530783177
9,9.99,21.15,0.0,11.82,6.19,6.27,25.22,5.93,21.81,16.61,16.62,16.64,22.2,0.0,0.0,5.29,15.68,15.93,5.34,10.5,10.44,5.39,5.48,0.0,5.64,16.72,0.0,11.68,6.05,0.0,0.0,0.0,0.0,0.0,5.88,5.75,5.56,5.6,4.08,4.03,3.93,3.82,3.73,3.63,3.55,3.47,3.39,3.32,3.25,3.18,3.12,3.06,3.01,2.96,2.91,2.86,2.82,2.78,2.74,2.7,2.67,2.64,2.6,2.57,2.54,2.51,2.48,2.45,2.42,2.39,2.36,2.34,2.31,2.28,2.25,2.23,2.2,2.17,2.15,2.12,2.1,2.07,2.05,2.02,2.0,1.97,1.95,1.93,1.906840275116963,1.88395846035661,1.8613512212497623,1.8390152626223337,1.8169473293972693,1.7951442057926075,1.7736027137175938,1.7523197135746262,1.7312921034573132,1.710516819952412,1.6899908349320698,1.6697111555538209,1.6496748282702913,1.629878930809792,1.6103205801957254,1.590996924727178,1.571905148790566,1.5530424696518716,1.5344061382585832,1.5159934392396972,1.4978016876979532,1.479828233219539,1.4620704558643862,1.444525768571993,1.4271916139536611,1.4100654650944362,1.3931448263550494,1.3764272317680355,1.3599102450377323,1.3435914587383413,1.3274684951158668,1.3115390028803555,1.2958006620175377,1.280251178175245,1.2648882858711716,1.2497097444831722,1.2347133430609036,1.2198968955141845,1.2052582430188132,1.1907952516107496,1.1765058129880528,1.162387845312824,1.1484392916073236,1.1346581173481498,1.121042315277883,1.107589900593441,1.0942989117480206,1.0811674136588594,1.068193491291711,1.0553752536705485,1.042710833075623,1.030198383439583,1.0178360811494154,1.005622125046444,0.9935547340205101,0.9816321502177321,0.9698526358327451,0.9582144731086994,0.9467159675450252,0.9353554422838455,0.9241312413177408,0.9130417294897476,0.9020852908894779,0.891260327249238,0.8805652619537312,0.8699985360303547,0.8595586097530818,0.8492439610385791,0.8390530870500887,0.8289845017916064,0.819036738513703,0.809208347307703,0.7994978959076247,0.7899039680862994,0.7804251668631336,0.7710601096924656,0.7618074324732678,0.7526657863413855,0.743633838471476,0.7347102736808914,0.7258937896180334,0.7171831031778796
10,42.07,15.04,10.66,11.43,17.79,12.34,12.49,0.0,17.74,5.47,0.0,5.53,11.07,5.54,0.0,5.37,5.29,5.22,15.88,21.28,15.71,20.75,16.04,5.44,11.12,11.24,16.63,22.72,0.0,6.03,0.0,0.0,19.26,6.23,0.0,0.0,0.0,5.53,4.68,4.62,4.5,4.39,4.28,4.17,4.08,3.99,3.9,3.82,3.74,3.66,3.6,3.53,3.47,3.41,3.35,3.3,3.25,3.2,3.16,3.12,3.08,3.04,3.0,2.97,2.93,2.9,2.86,2.83,2.79,2.76,2.73,2.69,2.66,2.63,2.6,2.57,2.54,2.51,2.48,2.45,2.42,2.39,2.36,2.33,2.3,2.27,2.25,2.22,2.193360324385299,2.167040317848186,2.141036143341077,2.1153440115095217,2.089960177992591,2.0648809443227494,2.0401026534265028,2.0156216959234885,1.991434502927516,1.9675375505459158,1.9439273544803188,1.9206004754258776,1.8975535127721754,1.8747831073028343,1.8522859420953883,1.8300587371220587,1.808098252849238,1.7864012884377483,1.7649646835425805,1.7437853129136733,1.7228600890955243,1.702185963327061,1.6817599228420275,1.6615789899691158,1.641640223931707,1.6219407190481283,1.6024776038317847,1.5832480418910284,1.5642492301294189,1.5454784005454612,1.526932817532998,1.5086097769813378,1.4905066098747348,1.4726206768931702,1.4549493711119592,1.4374901180017547,1.4202403727289334,1.4031976210554673,1.3863593793389237,1.3697231936325946,1.3532866387856266,1.3370473202427615,1.3210028695449827,1.305150950628612,1.2894892517264716,1.274015489867238,1.2587274108754427,1.24362278667186,1.2286994143736365,1.2139551207936434,1.199387757041254,1.1849951985223448,1.170775348538774,1.1567261346889037,1.142845508867597,1.129131449065961,1.1155819557718623,1.1021950546695414,1.0889687939400001,1.0759012460607413,1.0629905078057702,1.0502346957462425,1.0376319525495559,1.0251804397803879,1.0128783432999189,1.0007238714660887,0.9887152506342477,0.9768507323561175,0.96512858618083,0.9535471041542768,0.9421045990193707,0.9307994024163039,0.9196298666822884,0.9085943639516861,0.8976912861560092,0.8869190432241785,0.8762760666820054,0.8657608051528398,0.8553717243575706,0.8451073116139766,0.8349660713373757,0.8249465241407535
11,14.13,14.08,20.13,21.37,34.12,17.66,0.0,6.19,12.44,23.57,10.93,5.43,5.51,5.52,22.09,5.32,5.36,15.85,31.26,21.09,10.62,5.2,5.15,15.94,5.41,0.0,22.42,16.57,11.34,5.79,18.07,0.0,12.82,6.39,12.41,5.99,11.64,0.0,4.85,4.8,4.67,4.55,4.44,4.33,4.23,4.14,4.05,3.96,3.88,3.81,3.73,3.67,3.6,3.54,3.48,3.43,3.38,3.33,3.28,3.24,3.2,3.16,3.12,3.08,3.05,3.01,2.97,2.94,2.9,2.87,2.83,2.8,2.77,2.73,2.7,2.67,2.63,2.6,2.57,2.54,2.51,2.48,2.45,2.42,2.39,2.36,2.34,2.31,2.2822803714570474,2.2548933701330145,2.227835003595722,2.201101328775827,2.1746884502646546,2.1485925186120354,2.1228097303263027,2.097336327023208,2.072168597979174,2.047302873322625,2.0227355308426556,1.9984629891803638,1.9744817120842655,1.9507882024527143,1.9273790091425664,1.904250720160513,1.881399964365249,1.8588234106163877,1.8365177711787963,1.814479792360677,1.7927062638754847,1.7711940128843437,1.7499399031449638,1.7289408375648911,1.7081937556482578,1.6876956343468636,1.6674434846558455,1.647434356720176,1.6276653338770788,1.6081335343581982,1.588836111289596,1.5697702543939203,1.5509331831817383,1.5323221520580357,1.513934449471133,1.4957673962105216,1.4778183428536091,1.460084674872224,1.4425638075261118,1.4252531867140221,1.408150289824787,1.3912526248862438,1.3745577280119794,1.358063166805667,1.3417665369567313,1.3256654639425163,1.309757601326117,1.2940406290542137,1.2785122585635726,1.2631702251212942,1.248012293782398,1.2330362542833218,1.218239925297338,1.2036211501791387,1.1891777969648325,1.1749077617762815,1.1608089645656812,1.1468793508177304,1.1331168906985447,1.119519577353492,1.1060854294604419,1.0928124895275986,1.0796988230424178,1.066742518471607,1.0539416872611254,1.0412944646872664,1.0287990064523251,1.0164534920889317,1.004256122406801,0.992205118641649,0.9802987258595266,0.9685352078503198,0.9569128513831652,0.945429960248868,0.9340848637707347,0.9228759057404897,0.9118014546312752,0.9008598950868179,0.8900496321768464,0.8793690922481736,0.8688167169671134,0.8583909684259812
12,18.25,18.92,18.88,0.0,21.25,22.58,11.7,12.14,36.82,18.58,28.74,10.9,10.83,5.49,11.02,11.01,0.0,21.43,0.0,5.21,5.26,5.29,10.34,5.12,15.87,16.15,5.52,16.78,22.06,5.65,17.36,6.0,0.0,0.0,12.73,12.35,11.94,5.79,6.35,6.28,6.11,5.95,5.81,5.67,5.53,5.41,5.29,5.18,5.07,4.97,4.88,4.79,4.71,4.63,4.55,4.48,4.41,4.35,4.29,4.23,4.18,4.12,4.07,4.03,3.98,3.93,3.88,3.84,3.79,3.74,3.7,3.66,3.61,3.57,3.53,3.48,3.44,3.4,3.36,3.32,3.28,3.24,3.2,3.16,3.12,3.09,3.05,3.01,2.9738805597722138,2.938194540213874,2.9029367394943684,2.8681020190797004,2.8336853037324827,2.7996815757577025,2.766085881715998,2.732893323792302,2.7000990655500803,2.6676983280951716,2.6356863871986707,2.604058580010205,2.572810296426576,2.5419369819688837,2.5114341377825187,2.4812973177600512,2.4515221304593053,2.4221042362262417,2.393039348153997,2.364323230164806,2.3359516970099987,2.307920614270004,2.2802258954772276,2.252863506911253,2.225829458008443,2.1991198109523364,2.172730672042293,2.1466581955296493,2.1208985826586835,2.095448076871411,2.0703029714799093,2.045459601034952,2.0209143442031365,1.9966636247259186,1.972703907583455,1.949031701871724,1.9256435560073246,1.902536062522676,1.8797058532708204,1.8571496013435016,1.8348640191530843,1.812845859391596,1.7910919121536069,1.7695990078133494,1.748364013188559,1.7273838334585543,1.706655412164236,1.6861757273719296,1.6659417945505037,1.6459506646532909,1.6261994241180875,1.6066851939081144,1.5874051314300957,1.5683564257390619,1.5495363004154672,1.5309420135651908,1.5125708539833773,1.4944201449905965,1.4764872415557233,1.4587695293368992,1.4412644265996104,1.4239693822986097,1.4068818741598368,1.3899994144346555,1.3733195412684984,1.3568398225370244,1.3405578587232378,1.3244712752451713,1.3085777291691636,1.2928749015375423,1.2773605059999809,1.2620322811411806,1.2468879923989518,1.2319254320642115,1.2171424211990642,1.2025368038825641,1.1881064510468735,1.1738492614363014,1.159763154894028,1.1458460800344197,1.1320960084887934,1.1185109358644552
13,27.48,18.32,18.97,28.25,20.04,21.1,22.42,5.79,24.09,12.21,12.32,0.0,5.44,10.82,5.49,0.0,5.5,5.32,5.35,21.14,10.39,21.0,15.82,0.0,30.6,15.8,10.71,5.51,16.77,0.0,16.92,23.08,11.97,12.39,0.0,0.0,6.15,5.93,7.9,7.8,7.6,7.4,7.21,7.04,6.87,6.72,6.57,6.43,6.3,6.17,6.05,5.94,5.84,5.74,5.64,5.55,5.47,5.39,5.32,5.24,5.18,5.11,5.05,4.99,4.93,4.87,4.81,4.76,4.7,4.64,4.59,4.53,4.48,4.42,4.37,4.32,4.27,4.21,4.16,4.11,4.07,4.02,3.97,3.92,3.87,3.83,3.78,3.74,3.695120828625898,3.6507801869916214,3.606971614254131,3.563688724661542,3.520925212559203,3.478674843378756,3.436931461647861,3.395688983981687,3.3549413990829136,3.3146827687429443,3.2749072258394767,3.235608974336503,3.196782286280663,3.1584215038036745,3.1205210361186895,3.083075360521507,3.0460790193869265,3.0095266201687507,2.973412837402215,2.9377324066966928,2.902480128740561,2.8676508652963357,2.8332395422043195,2.7992411433753093,2.7656507127930245,2.7324633575177586,2.6996742396766495,2.6672785804685466,2.635271658161576,2.603648809094359,2.572405425673578,2.541536952369119,2.511038890720145,2.4809067973326666,2.451136280875896,2.42172300108103,2.392662671744901,2.363951058727539,2.3355839769485307,2.3075572923894483,2.27986692009142,2.252508825156344,2.2254790197432412,2.1987735640694748,2.1723885674119616,2.146320184102312,2.120564614528045,2.095118106133805,2.069976948415282,2.0451374789265073,2.0205960762713424,1.9963491651095595,1.9723932111507607,1.9487247231568114,1.9253402519406253,1.9022363883637319,1.8794097653387063,1.8568570578291728,1.8345749768425101,1.8125602764383588,1.7908097477213305,1.769320220843437,1.7480885630016612,1.7271116814416012,1.7063865174501802,1.685910052362937,1.6656792995543037,1.6456913124473294,1.6259431765039554,1.6064320152323093,1.5871549841794113,1.5681092729336057,1.549292108128207,1.5307007444305616,1.5123324745542008,1.4941846202479028,1.4762545363005553,1.4585396115423686,1.4410372618363698,1.4237449380881253,1.4066601182360172,1.389780314259753
14,17.98,9.18,27.49,33.3,18.85,14.97,21.0,16.7,5.76,18.0,25.21,24.55,17.16,5.43,5.4,21.91,21.99,5.5,21.21,10.7,10.57,5.2,5.25,0.0,20.54,15.24,31.41,10.65,11.01,16.76,10.99,11.25,17.28,5.95,18.52,6.33,25.24,12.22,9.69,9.57,9.32,9.07,8.84,8.63,8.42,8.23,8.04,7.87,7.71,7.56,7.41,7.27,7.14,7.02,6.91,6.8,6.69,6.6,6.5,6.42,6.34,6.26,6.18,6.11,6.03,5.96,5.89,5.82,5.75,5.68,5.61,5.54,5.48,5.41,5.35,5.28,5.22,5.16,5.1,5.03,4.97,4.91,4.86,4.8,4.74,4.68,4.63,4.57,4.515161213372622,4.460980464196197,4.407449854805662,4.3545615864607345,4.302307949147481,4.250681329737069,4.19967420382701,4.1492791388007015,4.099488789748044,4.050295901505135,4.001693304574892,3.9536739151270552,3.906230737037871,3.859356854751193,3.8130454383776957,3.767289738595659,3.7220830866509704,3.6774188943571207,3.633290654095209,3.5896919337147226,3.5466163795930714,3.504057713576052,3.462009735017541,3.42046631466043,3.3794213997358464,3.3388690068242477,3.2988032259347957,3.2592182205053577,3.2201082192437585,3.181467523266684,3.143290501000467,3.1055715892009275,3.0683052909136883,3.0314861744543316,2.9951088744282415,2.959168089690918,2.9236585813082927,2.8885751756162534,2.8539127581015915,2.8196662785012117,2.785830745702922,2.7524012277454286,2.7193728538580264,2.6867408093613796,2.654500338727054,2.6226467445576738,2.5911753835075455,2.5600816693421917,2.5293610698788207,2.499009109026011,2.4690213627043387,2.4393934608860675,2.410121084535614,2.381199969688924,2.352625899294728,2.3243947103534395,2.296502287798099,2.268944567553902,2.2417175314389857,2.214817213283484,2.188239691790629,2.161981093596279,2.136037592249075,2.110405406170756,2.0850808006958417,2.060060083992266,2.0353396091010576,2.0109157749561852,1.9867850202655002,1.9629438296297927,1.9393887274237347,1.9161162818752522,1.8931230999663096,1.8704058304924385,1.8479611640627382,1.8257858290205036,1.803876592463067,1.782230262281487,1.7608436841010147,1.7397137402612552,1.7188373508360089,1.698211474653113
15,17.73,31.14,22.76,28.04,19.29,9.61,25.14,5.3,16.83,11.59,36.12,12.58,24.5,22.87,32.56,26.92,38.3,38.44,11.0,10.63,21.45,21.14,10.41,41.94,10.51,5.12,30.31,15.63,10.59,16.49,11.16,21.9,11.21,22.96,11.88,0.0,12.62,37.66,11.6,11.47,11.16,10.86,10.59,10.33,10.08,9.85,9.63,9.43,9.23,9.05,8.87,8.71,8.55,8.41,8.27,8.14,8.01,7.9,7.79,7.68,7.59,7.49,7.4,7.31,7.22,7.14,7.05,6.97,6.88,6.8,6.72,6.64,6.56,6.48,6.4,6.33,6.25,6.17,6.1,6.03,5.96,5.88,5.81,5.74,5.67,5.61,5.54,5.47,5.404361722992063,5.339511063611472,5.275438572654052,5.2121349121069604,5.149590857207789,5.087797294385459,5.026745217142029,4.966425729141338,4.9068300411203625,4.847949466771016,4.789775425828799,4.732299442013694,4.67551313788243,4.619408238946673,4.563976569554823,4.509210049803378,4.455100699655123,4.401640633791387,4.348822062641587,4.296637286205943,4.24507870229186,4.194138795188891,4.143810142875583,4.094085409812633,4.04495735003153,3.996418804045913,3.9484626978220194,3.901082042778682,3.854269934757786,3.8080195509356143,3.7623241508524017,3.7171770764123333,3.672571746735796,3.6285016622775785,3.584960400708673,3.541941615886724,3.4994390388855807,3.4574464759361954,3.415957806367527,3.3749669846656407,3.3344680363555037,3.2944550600600944,3.2549222244117457,3.2158637680521474,3.1772739975732507,3.1391472916354615,3.101478091701697,3.064260908214686,3.0274903175083128,2.991160961807625,2.9552675451106305,2.9198048373064998,2.884767670057364,2.8501509378278667,2.8159495937669665,2.782158655885232,2.748773197788898,2.7157883538276133,2.6831993180648896,2.651001341189455,2.619189729485704,2.5877598479223445,2.5567071150046528,2.5260270068926705,2.4957150501943572,2.465766828142891,2.4361779754489157,2.406944182418743,2.378061185688406,2.3495247764600564,2.321330797413312,2.2934751375575138,2.26595373943857,2.2387625898730144,2.2118977271548457,2.185355236937336,2.1591312481148317,2.1332219420886966,2.1076235404127197,2.0823323140590606,2.057344576211404,2.0326566843240563
16,21.63,39.13,13.29,18.44,18.8,38.39,43.08,19.92,26.36,11.14,40.26,18.04,31.41,12.24,28.56,32.49,26.92,27.34,33.0,16.49,26.62,5.38,10.58,36.39,10.48,5.25,30.52,10.04,20.71,15.85,27.38,5.58,10.93,5.59,17.15,29.59,6.13,6.28,13.73,13.57,13.2,12.86,12.54,12.23,11.94,11.67,11.41,11.17,10.94,10.72,10.51,10.32,10.14,9.96,9.8,9.65,9.5,9.36,9.23,9.11,8.99,8.88,8.77,8.67,8.56,8.46,8.36,8.26,8.16,8.06,7.97,7.87,7.78,7.68,7.59,7.5,7.41,7.32,7.23,7.15,7.06,6.97,6.89,6.81,6.73,6.65,6.57,6.49,6.412122376315095,6.335179229071614,6.259159342774924,6.184051641638249,6.109845180128754,6.036529145068415,5.964092851432281,5.892525744449342,5.8218173954007915,5.751957499519149,5.68293587598827,5.614742468993779,5.547367338269145,5.4808006664487365,5.415032753815647,5.350054016200816,5.28585498288217,5.222426299735916,5.1597587229339394,5.097843121044677,5.036670470831362,4.97623185620161,4.916518471358704,4.8575216144989986,4.799232686761475,4.741643194328624,4.684744744224687,4.628529046416544,4.572987906460659,4.5181132318056925,4.463897025489891,4.410331385090652,4.357408505875829,4.3051206755515565,4.253460273211818,4.202419771439309,4.151991731053268,4.102168803210344,4.05294372730373,4.004309328862285,3.9562585216514123,3.908784303471316,3.8618797540561314,3.815538038225228,3.7697524037823436,3.724516176263406,3.679822765239144,3.6356656569620416,3.5920384143663404,3.5489346812697775,3.506348176070974,3.4642726917494393,3.422702096916004,3.3816303326615116,3.3410514146576937,3.3009594268545586,3.2613485288334334,3.2222129474034875,3.1835469776521657,3.145344986096493,3.1076014043804663,3.0703107324263574,3.03346753528341,2.9970664441782726,2.96110215441413,2.925569423269832,2.8904630731512007,2.855777987389288,2.8215091123412464,2.7876514521381544,2.7542000728867557,2.7211501005685914,2.6884967168382565,2.6562351642755777,2.624360740083001,2.5928688002873357,2.561754754487574,2.5310140669053314,2.5006422605865817,2.4706349058468757,2.4409876318261245,2.41169611598425
17,34.42,21.31,34.66,26.96,32.46,18.66,23.89,28.43,34.71,31.38,5.53,28.8,24.09,50.36,12.27,22.89,32.64,16.22,16.46,22.05,5.51,16.0,26.94,10.58,41.61,31.34,15.66,15.13,4.98,25.81,5.25,16.39,16.68,5.43,22.26,22.79,5.9,0.0,16.31,16.12,15.7,15.3,14.91,14.55,14.21,13.89,13.59,13.3,13.03,12.77,12.53,12.3,12.09,11.88,11.69,11.51,11.33,11.17,11.01,10.87,10.73,10.59,10.47,10.34,10.22,10.09,9.97,9.85,9.73,9.62,9.5,9.39,9.28,9.16,9.05,8.95,8.84,8.73,8.63,8.52,8.42,8.32,8.22,8.12,8.03,7.93,7.83,7.74,7.647123228220329,7.555360900677335,7.464699645641923,7.375126253099866,7.286627668151194,7.199190997610799,7.112803499007428,7.027452582783884,6.943125813397124,6.859810901617558,6.777495705629143,6.696168233229587,6.6158166308293405,6.536429188952101,6.457994341134711,6.380500656226449,6.303936842789438,6.228291741397935,6.153554331238935,6.079713720211265,6.006759147125789,5.934679981705398,5.8634657201846165,5.793105984209492,5.723590520837606,5.654909199237755,5.587052011790071,5.520009069685599,5.453770602926307,5.388326959224984,5.323668599604832,5.259786103899977,5.196670161954654,5.134311574723311,5.072701256470813,5.011830228171832,4.95168961861095,4.89227066438266,4.833564706591058,4.775563188649647,4.718257659581635,4.6616397674193335,4.605701261404355,4.550433988687311,4.495829896528015,4.44188102789508,4.388579518165612,4.335917601725813,4.283887603170185,4.23248194170192,4.1816931234322,4.131513747980803,4.081936502975593,4.03295416295243,3.9845595893551526,3.936745729435494,3.8895056162530723,3.8428323642749858,3.796719171576022,3.751159317638449,3.7061461644521185,3.661673151013961,3.617733795528187,3.57432169540629,3.5314305228666356,3.4890540293348726,3.447186036643121,3.405820444730679,3.3649512239433172,3.324572419433683,3.284678146760895,3.2452625896903395,3.2063200067942814,3.167844720450848,3.1298311245447414,3.0922736789667296,3.055166909613647,3.018505409488498,2.982283836500253,2.946496909063441,2.911139413798864,2.8762061978328846
18,47.94,30.12,42.71,8.86,27.3,50.94,32.71,42.85,47.49,29.69,31.32,55.69,40.67,30.47,31.94,24.97,17.59,28.0,21.74,66.46,22.21,32.74,26.47,32.02,31.43,25.61,20.54,30.58,19.72,14.68,15.13,20.35,0.0,21.81,5.34,21.95,16.83,40.55,19.04,18.83,18.35,17.88,17.45,17.03,16.64,16.27,15.92,15.59,15.28,14.98,14.7,14.43,14.18,13.94,13.72,13.5,13.3,13.11,12.93,12.76,12.6,12.44,12.29,12.14,12.0,11.85,11.71,11.57,11.43,11.29,11.16,11.02,10.89,10.76,10.63,10.5,10.38,10.25,10.13,10.01,9.89,9.77,9.65,9.54,9.42,9.31,9.2,9.09,8.98092422184404,8.873157251218103,8.766683386460516,8.661487112723638,8.55755310081353,8.454866204869283,8.353411462363011,8.25317408945852,8.154139481011304,8.05629320360652,7.959621001360686,7.864108786638979,7.769742640055243,7.676508812792663,7.584393717321069,7.493383932038291,7.403466193147799,7.314627399300057,7.226854604630495,7.140135017599188,7.05445600215118,6.969805071914814,6.886169892522396,6.803538276968861,6.721898182130757,6.641237712247261,6.561545113118489,6.482808772105514,6.405017213489001,6.32815910311057,6.252223240250434,6.177198557627403,6.103074124879891,6.029839138122896,5.9574829257496775,5.885994943790412,5.815364774751859,5.745582125296692,5.676636826243494,5.608518830246091,5.541218211793547,5.474725162568826,5.40902999144879,5.344123125664534,5.27999510732038,5.216636591073205,5.154038341811773,5.092191239298071,5.031086268884631,4.970714527316204,4.91106721460741,4.852135641004756,4.793911215383275,4.736385455689551,4.679549976178022,4.623396494372999,4.5679168287479905,4.513102892924028,4.45894669915067,4.405440354824997,4.352576061331274,4.300346116361623,4.248742908114346,4.197758915293923,4.147386708271347,4.0976189467634585,4.048448377512263,3.999867834284944,3.951870237873854,3.9044485926155112,3.8575959887112687,3.8113055964256404,3.7655706718879736,3.7203845478097692,3.6757406404466915,3.631632443796892,3.5880535272803376,3.544997542700826,3.502458214963298,3.4604293432341735,3.41890480210169,3.377878541575899
19,26.91,35.4,47.38,39.63,40.88,37.08,33.14,52.2,19.38,28.89,39.9,15.8,61.76,11.72,30.78,64.43,38.22,30.69,21.58,37.48,21.68,10.8,5.3,25.77,20.66,20.18,39.41,34.07,4.84,18.71,18.49,32.71,24.41,25.78,36.59,31.06,36.85,32.37,21.62,21.4,20.86,20.34,19.85,19.39,18.96,18.54,18.15,17.78,17.43,17.1,16.78,16.48,16.2,15.93,15.67,15.43,15.2,14.99,14.78,14.59,14.4,14.22,14.05,13.88,13.71,13.55,13.39,13.23,13.07,12.91,12.76,12.6,12.45,12.3,12.16,12.01,11.87,11.72,11.58,11.44,11.31,11.17,11.04,10.9,10.77,10.64,10.52,10.39,10.265325244959408,10.142146462166707,10.020445703253985,9.900205233364591,9.781407532373226,9.66403529122573,9.548071405838776,9.433498978319921,9.320301314527486,9.208461919190293,9.097964497127734,8.988792944709314,8.880931354734914,8.774364011554535,8.669075383747902,8.565050130224794,8.462273094124722,8.360729295496538,8.260403941058954,8.161282409559766,8.063350256656113,7.966593212474354,7.87099717794986,7.776548221166838,7.683232581018509,7.5910366586666695,7.499947018761747,7.409950387002678,7.3210336513569665,7.233183851080105,7.14638818769616,7.060634010356993,6.975908824382712,6.892200282721224,6.809496187168294,6.727784485927424,6.647053272389781,6.567290779033876,6.488485385966023,6.410625606279552,6.333700095815336,6.257697644621337,6.182607174512473,6.10841774639101,6.035118546825849,5.9626988929327895,5.891148234814649,5.820456142140566,5.750612313906501,5.681606573554998,5.61342886287484,5.546069246881326,5.479517911376131,5.413765154406858,5.3488013972476205,5.284617170978325,5.221203121364944,5.158550008859501,5.0966487012796895,5.035490178689135,4.97506552851713,4.91536594555864,4.856382728314105,4.798107281429573,4.740531112036503,4.683645830971832,4.627443146677653,4.571914868861404,4.517052906055746,4.462849263178429,4.409296039092161,4.356385431484878,4.304109728329274,4.252461311543013,4.2014326545485865,4.151016321053257,4.101204962608924,4.051991319832194,4.00336822118431,3.955328581751092,3.907865398362676,3.860971755693837
20,55.65,53.01,20.85,38.05,22.08,32.74,24.08,29.35,62.88,49.69,24.04,50.24,42.43,50.88,41.15,55.1,31.73,56.78,16.92,36.64,47.07,21.3,21.31,15.63,35.49,25.01,34.63,43.21,18.94,14.11,9.05,35.81,9.25,19.25,20.15,25.53,15.2,15.4,23.86,23.64,23.06,22.5,21.98,21.48,21.0,20.56,20.13,19.73,19.34,18.98,18.64,18.31,18.0,17.71,17.43,17.16,16.91,16.67,16.44,16.22,16.02,15.82,15.63,15.44,15.26,15.07,14.89,14.71,14.54,14.36,14.19,14.02,13.85,13.69,13.52,13.36,13.2,13.04,12.88,12.73,12.58,12.43,12.28,12.13,11.98,11.84,11.7,11.56,11.421286188648796,11.284236794455719,11.148831849023853,11.015051622086805,10.882876620228433,10.752287585602588,10.623265486971192,10.495791527385895,10.369847130105049,10.245413943714837,10.12247383700815,10.001008895143798,9.881001419646497,9.76243392328578,9.64528912879574,9.529549967594741,9.41519957338407,9.302221282147938,9.190598633433746,9.080315361390179,8.971355394767224,8.863702856916152,8.757342060668442,8.6522575070555,8.548433882748128,8.44585606005651,8.344509090528868,8.24437820623172,8.145448814628809,8.047706501141624,7.9511370214677966,7.855726304141622,7.76146044669326,7.668325710527636,7.576308524765264,7.485395479840886,7.395573328783742,7.306828982096486,7.219149506474914,7.132522124807965,7.0469342148974405,6.962373304336931,6.878827069231539,6.7962833354781464,6.714730073644333,6.6341554002486465,6.5545475739197885,6.475894991555798,6.3981861947254135,6.321409855585072,6.245554787121105,6.170609935468088,6.0965643799088465,6.023407327753378,5.951128120740197,5.879716222233628,5.809161228746245,5.739452857136157,5.670580947167554,5.602535465351519,5.53530649342358,5.468884233464801,5.403259007901785,5.338421251825038,5.2743615168297815,5.2110704658948785,5.148538878503906,5.08675763912272,5.025717744881079,4.965410301731834,4.905826519329836,4.846957716153032,4.788795310540553,4.731330829654621,4.674555895397561,4.618462237214517,4.563041678010463,4.508286141831831,4.454187648745429,4.400738316118713,4.34793035221842,4.295756063892209
21,33.98,41.34,26.06,21.21,25.83,36.16,9.45,38.62,29.39,29.16,24.77,29.25,61.0,32.26,51.61,41.41,37.1,19.29,24.8,22.7,53.74,21.07,37.92,21.32,31.58,35.05,45.13,29.63,33.83,37.93,18.76,18.16,18.02,32.79,29.0,35.37,35.89,25.41,25.39,25.17,24.57,23.99,23.45,22.93,22.44,21.97,21.53,21.11,20.71,20.32,19.96,19.62,19.29,18.98,18.69,18.4,18.14,17.88,17.64,17.41,17.19,16.98,16.77,16.57,16.37,16.17,15.98,15.79,15.6,15.41,15.23,15.04,14.86,14.69,14.51,14.34,14.16,13.99,13.83,13.66,13.5,13.33,13.17,13.02,12.86,12.71,12.55,12.4,12.251206907537043,12.104199165955198,11.95895535592722,11.815454315490374,11.673675134767196,11.533597154645634,11.395199962819618,11.258463396428693,11.123367528859838,10.989892676346546,10.858019388730117,10.72772845209927,10.599000879551445,10.471817915152233,10.346161024696658,10.22201190098845,10.099352451961689,9.978164803320427,9.85843129721888,9.740134486982152,9.623257134466602,9.507782208740023,9.393692882122188,9.280972531504672,9.169604730431933,9.059573250421147,8.95086205700274,8.843455311040206,8.73733736081121,8.632492740687763,8.528906175095669,8.426562569275813,8.325447006644515,8.225544756712441,8.126841257926968,8.029322129550549,7.932973159782344,7.837780308397866,7.743729704109334,7.650807640606226,7.559000579194915,7.468295138240123,7.378678101083823,7.290136409446165,7.202657159466,7.116227604340539,7.030835147726243,6.946467346378473,6.863111904872207,6.780756678241689,6.699389662741689,6.618999003766419,6.539572982651352,6.461100028551582,6.383568702604008,6.306967708485883,6.231285883176079,6.156512196955096,6.0826357520852365,6.009645785450245,5.937531657996765,5.866282861333429,5.79588901245158,5.72633985372528,5.6576252476320334,5.589735183351878,5.522659763569207,5.4563892163511225,5.390913883269087,5.3262242220385465,5.262310805199122,5.199164320114601,5.136775562373856,5.0751354410701115,5.0142349722018515,4.954065281312462,4.894617600850591,4.835883266210693,4.777853717052853,4.720520497302777,4.663875252512168,4.607909725899257
22,61.1,24.34,27.63,22.27,43.34,26.47,50.07,47.14,33.78,34.4,43.87,40.37,9.97,31.18,33.07,35.09,12.12,50.89,26.19,37.68,41.32,43.48,43.11,10.9,16.13,15.59,5.0,10.02,10.02,19.59,19.28,33.38,13.86,32.32,14.37,34.26,41.35,26.08,25.75,25.55,24.96,24.4,23.86,23.35,22.87,22.4,21.97,21.55,21.15,20.77,20.41,20.06,19.74,19.42,19.13,18.84,18.57,18.32,18.07,17.83,17.61,17.39,17.18,16.98,16.77,16.57,16.37,16.18,15.98,15.79,15.6,15.41,15.23,15.05,14.86,14.69,14.51,14.34,14.16,13.99,13.83,13.66,13.5,13.33,13.17,13.02,12.86,12.71,12.557487308181955,12.406804593381993,12.25792990123312,12.11084153946309,11.965518076583932,11.82193833665006,11.680081397947806,11.539926592995405,11.401453498059217,11.264641937085143,11.129471973835779,10.9959239132009,10.863978295955553,10.733615894828649,10.60481771581342,10.477564991615068,10.35183917771933,10.227621955013433,10.10489522323372,9.983641099655186,9.863841915160041,9.745480214237723,9.628538747122056,9.513000476343604,9.398848564935426,9.286066377743536,9.174637482737385,9.064545640526063,8.955774809600202,8.848309139779605,8.742132972213245,8.637230832826889,8.533587437565007,8.43118768321745,8.330016646108968,8.230059586030645,8.131301934445622,8.03372930235195,7.9373274697988005,7.842082391128343,7.74798018449198,7.655007137092222,7.563149702561754,7.472394493100582,7.382728286028406,7.294138011990361,7.206610762819852,7.120133782365242,7.034694470421271,6.95028037617669,6.86687919559331,6.784478779268847,6.7030671154007635,6.622632342891005,6.54316273824126,6.464646722105335,6.387072852736778,6.310429823367937,6.2347064674518515,6.159891748178468,6.085974763716526,6.012944741971669,5.940791040586446,5.869503144319358,5.799070665044864,5.729483337821954,5.660731023515101,5.5928037009314195,5.525691470752079,5.45938455422184,5.3938732879071525,5.32914812500663,5.265199632730107,5.202018490988161,5.139595492392113,5.077921542254026,5.016987649413392,4.956784936720922,4.897304629244279,4.838538058199501,4.780476660951002,4.723111974459202
23,47.65,20.57,24.64,28.34,9.13,22.21,35.54,27.26,28.28,33.88,24.58,29.75,25.61,25.36,31.76,39.16,35.81,43.32,45.85,52.5,38.65,41.9,60.8,27.13,38.52,21.41,5.25,25.2,30.69,20.45,24.99,39.4,24.21,23.55,18.91,9.68,34.89,10.49,26.13,25.96,25.39,24.84,24.32,23.82,23.35,22.89,22.46,22.05,21.65,21.28,20.92,20.57,20.25,19.93,19.63,19.35,19.08,18.81,18.56,18.32,18.09,17.87,17.66,17.44,17.23,17.03,16.82,16.62,16.42,16.22,16.03,15.84,15.65,15.46,15.27,15.09,14.91,14.73,14.55,14.38,14.21,14.04,13.87,13.7,13.54,13.38,13.21,13.06,12.903287779343025,12.748455915968895,12.595481853725772,12.444343303052264,12.29501824357829,12.147484915022005,12.001721823691996,11.857707728182437,11.715421644574848,11.574842841236338,11.435950834918273,11.298725386854956,11.16314650146319,11.029194423741385,10.89684963666869,10.766092853402334,10.63690502377983,10.509267320014144,10.383161147097198,10.258568128495025,10.135470108748665,10.013849149572822,9.89368753115632,9.774967743059003,9.65767248551219,9.541784668118217,9.427287402047806,9.314164005241818,9.20239799070729,9.091973075620523,8.982873167022218,8.875082367019258,8.768584970183811,8.663365455750695,8.55940849151869,8.45669892864878,8.355221801664156,8.254962321948,8.155905881644816,8.058038043256904,7.961344546146554,7.865811301334297,7.771424386297125,7.6781700462689395,7.586034692940113,7.495004900556162,7.405067402016418,7.316209092775368,7.228417024340426,7.141678401671072,7.055980585779716,6.971311088529948,6.887657570035647,6.8050078425623095,6.723349858823073,6.642671721081811,6.562961672050043,6.484208096187368,6.406399515800153,6.3295245923419685,6.253572122512263,6.178531040857249,6.104390408065928,6.031139421373626,5.958767406759344,5.887263816344874,5.816618230995678,5.746820353818693,5.677860015364085,5.609727164522168,5.542411873725164,5.475904331144559,5.410194845892864,5.345273842821856,5.281131858621247,5.217759548320901,5.155147673586849,5.0932871131248305,5.032168850976318,4.9717839791194,4.912123697468779,4.853179313875776
24,38.49,53.91,36.59,30.13,28.85,9.25,13.31,22.05,45.28,42.54,19.59,24.81,0.0,36.09,30.81,31.91,50.93,41.49,38.38,19.71,26.42,25.78,18.14,38.67,10.97,32.83,21.49,15.85,15.4,20.94,46.79,35.64,24.96,9.86,14.4,47.81,34.36,15.11,26.62,26.48,25.93,25.4,24.9,24.41,23.95,23.51,23.08,22.68,22.29,21.92,21.56,21.22,20.89,20.58,20.28,19.99,19.71,19.44,19.19,18.94,18.71,18.48,18.25,18.04,17.82,17.61,17.39,17.19,16.98,16.78,16.57,16.38,16.18,15.98,15.79,15.6,15.42,15.23,15.05,14.87,14.69,14.51,14.34,14.17,14.0,13.83,13.66,13.5,13.33800843764966,13.177960575782066,13.01983309055467,12.863602939752019,12.709247370466464,12.55674388325473,12.406070257740378,12.25720454237281,12.110125045466415,11.964810336480692,11.82123924217988,11.679390842792586,11.539244469451539,11.40077970163335,11.26397636459826,11.12881452426965,10.995274484673795,10.863336789219979,10.732982213019774,10.604191761606899,10.476946667096863,10.351228390747202,10.227018612716506,10.104299232064404,9.983052369311821,9.863260356199994,9.744905736970583,9.627971265805444,9.512439904266364,9.398294814894458,9.285519367610778,9.174097128195205,9.064011860846707,8.955247523062825,8.847788265639693,8.741618432672032,8.63672255003203,8.533085333050105,8.430691681394388,8.32952667267012,8.229575564979903,8.130823795643563,8.033256970957176,7.936860876434048,7.841621462723365,7.747524852010802,7.65455733417816,7.562705359122628,7.47195554315739,7.382294662611017,7.293709649987097,7.206187597804603,7.119715752197277,7.034281510353387,6.949872423075967,6.866476190942453,6.784080660464313,6.702673824087045,6.622243817629933,6.542778922846293,6.464267558462609,6.386698282738782,6.310059792188005,6.2343409190165175,6.159530627283238,6.0856180167401295,6.012592316431587,5.9404428821341915,5.8691592014772,5.798730886261809,5.729147673741277,5.660399421500431,5.5924761112960395,5.525367846496562,5.459064846961655,5.393557447762061,5.328836105580204,5.264891387189105,5.2017139745728525,5.139294659806125,5.07762434761443,5.016694048973492
25,22.29,22.35,43.65,57.42,39.82,42.43,4.52,39.3,39.86,13.96,53.38,39.35,39.86,15.07,31.13,25.72,21.37,33.71,24.27,38.0,46.07,32.9,52.08,12.02,11.12,27.4,32.72,27.03,42.76,31.57,37.4,36.91,25.73,30.39,24.98,19.33,62.63,29.66,28.02,27.92,27.38,26.86,26.36,25.89,25.43,24.99,24.56,24.16,23.76,23.39,23.02,22.67,22.34,22.01,21.7,21.4,21.11,20.83,20.56,20.3,20.05,19.81,19.57,19.33,19.1,18.87,18.65,18.42,18.2,17.98,17.77,17.55,17.34,17.13,16.93,16.73,16.52,16.33,16.13,15.94,15.75,15.56,15.37,15.19,15.0,14.82,14.65,14.47,14.296369736716633,14.12482279979221,13.95533421119011,13.787879247881746,13.622433543849777,13.458972962584083,13.297473711835393,13.137912241612057,12.980265320682468,12.824509972823053,12.670623502319067,12.51858348503932,12.368367769711217,12.219954468995475,12.073321958211075,11.928448871510158,11.785314100602978,11.643896788382687,11.504176331475442,11.366132368765017,11.229744786492985,11.094993711883504,10.961859511868282,10.830322784161291,10.700364363633978,10.57196531466502,10.445106927315186,10.31977071732737,10.19593841975136,10.073591992768982,9.952713606218715,9.833285649245955,9.715290716277556,9.59871161594712,9.483531360894679,9.369733166491642,9.257300449565767,9.14621682840115,9.036466116363037,8.928032319347738,8.820899637057662,8.715052459176201,8.610475361542616,8.50715310360194,8.405070632230114,8.304213068983586,8.204565717749535,8.106114059645726,8.00884374537027,7.912740602851851,7.817790627049416,7.7239799799521744,7.631294994404715,7.539722162631646,7.449248138787673,7.359859741507682,7.271543943706422,7.1842878738535365,7.09807881979869,7.0129042160211625,6.928751652555136,6.845608864789367,6.763463737292314,6.6823042987119665,6.602118723050899,6.522895324566098,6.444622559044008,6.367289019975413,6.290883436005347,6.215394674758229,6.140811735187607,6.067123747576169,5.9943199735357355,5.922389804732227,5.851322757785495,5.781108476819409,5.711736728361692,5.643197405169043,5.5754805173018545,5.508576195949334,5.442474692154464,5.37716637298888
26,62.59,45.3,34.05,38.37,15.67,14.91,37.86,22.69,35.38,36.16,28.31,24.28,39.33,34.84,55.4,41.2,20.58,42.22,39.74,18.03,44.23,6.53,52.84,38.66,48.08,33.22,27.24,21.88,27.24,43.65,26.71,37.94,26.5,41.62,20.41,15.05,19.41,28.97,30.15,30.1,29.58,29.07,28.58,28.1,27.65,27.2,26.77,26.36,25.96,25.57,25.2,24.83,24.48,24.14,23.81,23.5,23.19,22.89,22.6,22.31,22.04,21.77,21.51,21.25,21.0,20.74,20.5,20.25,20.01,19.77,19.53,19.29,19.06,18.83,18.61,18.39,18.16,17.95,17.73,17.52,17.31,17.1,16.9,16.69,16.49,16.29,16.1,15.91,15.71909180925672,15.530474242146028,15.344119807627266,15.160001357662596,14.978092061809383,14.7983654326278,14.620795262161812,14.445355698161999,14.272021167862722,14.100766416093544,13.931566492575419,13.764396751920696,13.599232840929316,13.436050673181178,13.2748264925552,13.115536797006454,12.958158376677607,12.8026683138989,12.649043945076745,12.497262883560566,12.347303017102037,12.199142496421668,12.052759730127264,11.908133392336229,11.765242408701354,11.624065960221982,11.484583473080944,11.346774626266862,11.210619338870321,11.076097771354263,10.94319032301322,10.811877628162176,10.68214055105504,10.553960189695786,10.427317864405033,10.302195124171948,10.178573735220807,10.056435684822153,9.935763176211267,9.81653862477702,9.698744658061882,9.582364111950774,9.467380026859924,9.353775649007252,9.24153442406047,9.130639997137068,9.021076206452426,8.912827089671707,8.805876872476434,8.700209968564486,8.595810980920492,8.492664696734286,8.39075608613055,8.290070298357644,8.190592661787639,8.092308680105148,7.995204032307335,7.899264566352015,7.80447630296879,7.710825430577529,7.618298298936465,7.526881428034859,7.436561495389187,7.347325337313531,7.259159952730719,7.172052491738889,7.085990261963398,7.000960722204924,6.9169514811690815,6.833950296196032,6.751945071990117,6.670923858079087,6.590874848814105,6.511786377017843,6.433646919066001,6.356445088535409,6.280169632392884,6.204809437347127,6.130353520956064,6.056791031626844,5.984111251156599,5.9123035871101655
27,27.69,28.93,51.8,68.3,27.52,52.42,50.15,19.08,23.0,27.04,46.71,23.49,43.48,34.16,44.64,34.91,35.78,15.19,42.69,33.7,24.02,31.32,32.48,26.04,51.04,11.88,27.43,65.34,21.91,71.31,21.98,43.2,32.54,26.64,15.67,35.66,40.07,48.42,32.84,32.85,32.34,31.85,31.36,30.89,30.43,29.99,29.56,29.14,28.72,28.33,27.94,27.56,27.19,26.83,26.48,26.14,25.8,25.48,25.16,24.85,24.55,24.25,23.96,23.67,23.39,23.11,22.83,22.56,22.29,22.02,21.75,21.49,21.24,20.98,20.73,20.48,20.23,19.99,19.75,19.51,19.28,19.05,18.82,18.59,18.37,18.15,17.93,17.72,17.507374776646003,17.297300696414574,17.08974716186992,16.884683941031597,16.68208114217072,16.481909264217602,16.284139121150282,16.088741930207892,15.895689211075394,15.7049528236893,15.51650499344149,15.330318260771579,15.146365493768823,14.964619900774029,14.78505499257383,14.607644620206404,14.432362924553852,14.259184361546,14.088083714762321,13.91903604502429,13.752016728201117,13.587001430005923,13.423966093393839,13.262886976367723,13.10374061417244,12.94650379409104,12.79115364365813,12.637667492038862,12.486022994787833,12.336198053196883,12.188170834458132,12.041919772924176,11.897423557506182,11.754661132934075,11.613611699756543,11.474254704259497,11.336569840986469,11.200537048958028,11.06613650537083,10.933348628117997,10.80215406822798,10.672533708604348,10.544468661505435,10.417940268544312,10.29293009060728,10.169419914154812,10.047391739879842,9.926827787748524,9.80771048943909,9.690022488341848,9.573746635778608,9.458865988482303,9.34536380481642,9.233223547295363,9.122428875023338,9.012963643694324,8.904811901811518,8.797957889427137,8.692386035622036,8.588080957245525,8.485027455134782,8.383210512854676,8.282615292917182,8.183227136781396,8.085031561072944,7.988014257583997,7.892161086972311,7.7974580850621775,7.70389144772214,7.611447542206707,7.520112897074828,7.429874202189887,7.340718308719712,7.252632224095803,7.165603112013342,7.079618289910793,6.994665227709734,6.910731546554648,6.82780501503236,6.745873547911841,6.664925206144212,6.584948193082167
28,60.02,33.78,11.77,40.6,51.65,38.59,31.75,55.58,29.01,28.14,52.05,37.29,51.58,52.91,29.25,49.24,64.59,30.38,61.39,21.05,27.99,23.69,43.34,44.59,6.44,44.15,46.87,54.47,38.03,65.83,32.99,27.7,48.78,10.87,69.39,36.48,45.69,40.1,35.81,35.89,35.4,34.92,34.45,33.99,33.54,33.1,32.66,32.23,31.82,31.41,31.0,30.61,30.22,29.84,29.47,29.1,28.75,28.39,28.05,27.7,27.37,27.04,26.72,26.39,26.08,25.77,25.46,25.15,24.85,24.55,24.26,23.97,23.68,23.39,23.11,22.84,22.56,22.29,22.02,21.76,21.5,21.24,20.99,20.73,20.48,20.24,20.0,19.76,19.522898665031967,19.288642095358398,19.05719618271957,18.828527178542853,18.602601805569755,18.379387121422877,18.158850617829952,17.94096017101181,17.725684041682406,17.51299085024278,17.302849613990098,17.095229734714636,16.890100936684746,16.687433365870923,16.48719747831874,16.28936410216387,16.09390441282609,15.900789945412287,15.709992545104425,15.52148442917458,15.33523813737292,15.151226519524698,14.969422772739273,14.789800404201081,14.612333255975669,14.436995467800653,14.263761477085744,14.092606068524752,13.923504287274552,13.756431500970125,13.591363362515521,13.428275834889888,13.267145141535439,13.107947815969483,12.950660652172399,12.795260741796652,12.641725436957783,12.490032375040418,12.340159441489238,12.192084805777721,12.045786892881216,11.901244385757542,11.758436222866383,11.617341596929013,11.477939948726764,11.340210965860742,11.204134580271221,11.069690965757045,10.936860531774133,10.805623922195156,10.675962015309565,10.547855918862366,10.421286966333236,10.296236713215611,10.172686939497302,10.050619642218667,9.930017034232334,9.810861542962892,9.693135805445685,9.57682266584622,9.461905177940764,9.348366595193943,9.236190373239332,9.12536016615857,9.015859824000753,8.90767339154213,8.800785103324896,8.695179383657221,8.590840844132606,8.487754282389615,8.385904673429765,8.285277179539923,8.185857134168407,8.08763005060708,7.990581617030164,7.894697689052421,7.7999642959306685,7.706367631881668,7.613894058562728,7.522530101350807,7.432262444381302,7.343077935509267
29,44.14,38.97,51.47,17.86,58.41,57.47,38.92,37.23,56.11,63.61,67.07,56.67,37.23,32.71,33.69,43.59,54.0,19.81,60.91,45.56,36.64,16.6,70.57,48.68,50.5,89.1,68.32,34.73,27.17,32.53,16.49,49.68,27.74,21.72,81.43,21.31,46.73,5.05,39.12,39.29,38.83,38.36,37.91,37.46,37.01,36.57,36.14,35.71,35.28,34.86,34.44,34.03,33.62,33.22,32.82,32.43,32.04,31.66,31.28,30.91,30.53,30.17,29.81,29.45,29.1,28.75,28.4,28.06,27.72,27.39,27.06,26.74,26.42,26.1,25.79,25.48,25.17,24.87,24.57,24.28,23.99,23.7,23.41,23.13,22.85,22.58,22.31,22.04,21.775543608168604,21.514260125622176,21.256111502531187,21.00106011604401,20.749068831283747,20.500100928152012,20.254120137927057,20.011090631064373,19.770977004997345,19.533744271937895,19.299357883275174,19.067783692977507,18.838987957592362,18.61293734844572,18.38959892724335,18.168940182668926,17.950928932789033,17.735533447046908,17.52272233646808,17.31246459025851,17.10472957580456,16.89948703867301,16.69670706601296,16.496360135353275,16.298417041406417,16.102848944865876,15.909627360206832,15.718724131287404,15.530111443548016,15.343761824011413,15.159648129083273,14.977743520153487,14.79802150019425,14.620455877161968,14.445020800595355,14.271690688419222,14.100440300140702,13.931244675852389,13.76407917283045,13.598919428936526,13.43574137481709,13.274521258302197,13.115235559009893,12.957861098140535,12.802374916483105,12.648754384209537,12.49697710327975,12.347020968438512,12.198864128177437,12.052484989614761,11.907862228254805,11.764974772128824,11.62380180179499,11.484322745458655,11.346517281412215,11.210365330715494,11.075847053535938,10.942942850368539,10.811633354716232,10.681899434309816,10.553722186228214,10.427082932018722,10.301963220136894,10.178344819846835,10.056209716341478,9.93554011318245,9.81631842864025,9.698527290814512,9.582149533974198,9.467168200997465,9.353566538491917,9.241327990694925,9.130436205573309,9.020875021404038,8.912628475313776,8.805680794739335,8.700016392547923,8.59561987435677,8.49247602633375,8.390569817637262,8.28988640163617,8.190411103710426
30,32.41,56.08,56.22,45.99,59.26,34.6,16.99,32.42,30.85,19.62,58.7,47.9,37.7,46.35,18.71,52.67,77.28,24.53,34.55,60.16,85.63,67.37,38.58,63.93,30.22,49.78,50.52,42.87,40.38,32.43,43.28,33.07,55.16,33.35,37.91,43.2,31.87,46.29,42.56,42.81,42.37,41.93,41.48,41.04,40.61,40.17,39.73,39.3,38.86,38.43,38.0,37.57,37.15,36.72,36.3,35.88,35.46,35.04,34.63,34.22,33.81,33.41,33.01,32.61,32.22,31.84,31.45,31.08,30.7,30.33,29.97,29.61,29.26,28.9,28.56,28.22,27.88,27.54,27.21,26.89,26.56,26.24,25.93,25.62,25.31,25.01,24.71,24.41,24.11710943425864,23.827732854496208,23.54182811611329,23.259353554517293,22.98026804512331,22.704530907352744,22.432102012634857,22.1629416404047,21.897010610105024,21.63427017318471,21.3746820490993,21.118208437311154,20.864811969288798,20.614455732507217,20.367103258447738,20.122718510597814,19.881265896451207,19.642710231507504,19.407016763272427,19.174151171257833,18.944079518981052,18.716768289965383,18.492184375739924,18.270295063839423,18.051068013803892,17.834471293179174,17.620473353516548,17.40904300637243,17.200149459308864,16.99376229189318,16.789851407697327,16.588387118299046,16.3893400592807,16.19268125023009,15.99838203473965,15.80641409240658,15.616749462833207,15.429360521626625,15.244219956398382,15.061300790764792,14.880576396347125,14.702020408770405,14.525606847665113,14.351309984665322,14.17910443941005,14.00896511954241,13.840867232709785,13.674786286563824,13.510698088760444,13.348578734959657,13.188404596825396,13.0301523340257,12.873798894232696,12.71932148912227,12.566697630374573,12.415905057673,12.266921810705215,12.11972618116246,11.974296723539718,11.830612246735594,11.688651814052307,11.548394740795665,11.409820593075032,11.2729091770032,11.137640544696449,11.003994985874447,10.871953027860231,10.741495430780157,10.612603185163863,10.485257510744228,10.359439851657342,10.23513187524246,10.112315468441965,9.990972734201307,9.871085992669027,9.752637773996655,9.635610819538726,9.519988075852691,9.40575269709895,9.292888034240711,9.181377644644108,9.071205276477997
31,73.32,60.2,62.01,73.37,68.66,76.41,45.82,33.55,64.25,56.34,35.23,39.11,43.1,42.26,51.07,55.94,33.48,28.94,78.23,53.7,69.75,64.76,56.65,87.43,75.05,29.81,73.94,56.02,48.65,40.1,64.72,59.68,71.59,33.2,50.01,48.48,59.13,31.57,45.96,46.29,45.86,45.43,45.0,44.56,44.12,43.68,43.24,42.8,42.35,41.91,41.46,41.01,40.57,40.12,39.67,39.22,38.77,38.33,37.88,37.44,36.99,36.55,36.11,35.68,35.25,34.83,34.41,34.0,33.59,33.19,32.79,32.4,32.01,31.62,31.24,30.87,30.5,30.13,29.77,29.41,29.06,28.71,28.37,28.03,27.69,27.36,27.03,26.71,26.38951589799295,26.07287673865243,25.760036427488373,25.45094937667307,25.145570575738212,24.843855544443525,24.545760332776766,24.251241520953712,23.96025620763534,23.67276202171064,23.38871707516526,23.10807998664719,22.830809893249604,22.55686640337947,22.28620960854042,22.018800083332724,21.754598873670467,21.49356749678153,21.23566792942475,20.980862607889936,20.72911440443215,20.480386650837428,20.234643114857068,19.99184800020763,19.751965934788117,19.514961970679934,19.280801584146925,19.049450675635352,18.82087552264252,18.595042838631006,18.371919725897268,18.151473663788817,17.93367255583558,17.718484670835693,17.505878642855482,17.295823518360848,17.088288697303053,16.883243921335865,16.68065933272978,16.480505427240658,16.282753018761166,16.087373321800715,15.894337869005524,15.70361852294148,15.515187511442669,15.329017368697151,15.14508098237833,14.963351546513596,14.783802596832837,14.60640796363707,14.431141795364136,14.257978582154376,14.086893061587887,13.917860324730112,13.750855757217625,13.585854992126741,13.422834027801988,13.26176907467909,13.102636696679136,12.945413693380106,12.790077158931117,12.636604470269562,12.484973251772589,12.335161410605618,12.187147124939518,12.040908832167743,11.896425228906338,11.753675242715117,11.612638091011881,11.473293218623345,11.335620322529106,11.19959934361365,11.065210461953232,10.932434096815847,10.801250900769833,10.671641759683862,10.543587788013792,10.417070327624405,10.292070944254524,10.16857142162562,10.046553767333211,9.926000199885756
32,50.75,68.38,60.42,16.9,106.4,56.78,52.52,39.64,44.46,37.55,50.97,45.23,48.79,66.8,56.36,55.44,74.39,42.91,43.18,48.37,33.96,54.22,54.26,61.07,64.93,39.93,47.26,48.6,18.52,66.41,57.03,70.22,65.09,33.04,49.71,44.23,32.11,37.27,48.94,49.32,48.9,48.47,48.04,47.6,47.16,46.71,46.26,45.8,45.35,44.88,44.42,43.95,43.48,43.01,42.54,42.07,41.59,41.12,40.64,40.17,39.69,39.22,38.75,38.29,37.83,37.37,36.93,36.48,36.04,35.61,35.18,34.76,34.35,33.93,33.53,33.12,32.73,32.33,31.95,31.56,31.18,30.81,30.44,30.07,29.71,29.36,29.01,28.66,28.316122587130476,27.976370687615752,27.640694827218855,27.309046103394948,26.981376219592853,26.657637450953523,26.33778264431003,26.02176521818759,25.7095391513697,25.40105894859662,25.096279697734584,24.79515700117274,24.497646987256996,24.203706344591552,23.913292242001987,23.6263623857045,23.34287497357051,23.062788729428192,22.786062845893287,22.512657007236744,22.242531400818606,21.975646682786454,21.71196395520773,21.451444834672795,21.194051349390346,20.93974603065816,20.688491809958485,20.440252098994982,20.194990743957323,19.952671991219663,19.7132605788114,19.476721599211047,19.243020602250827,19.01212356081513,18.783996813671315,18.55860714550661,18.33592171832504,18.115908094315113,17.89853421298217,17.683768414016015,17.47157940298943,17.261936274225846,17.05480848793165,16.850165870196204,16.64797860155797,16.448217228438402,16.25085265170805,16.055856115252762,15.863199205973647,15.672853865220945,15.484792354492487,15.298987278301382,15.11541156130833,14.934038471189314,14.754841572900222,14.577794762978373,14.402872246674846,14.230048526520623,14.059298448061961,13.890597108389663,13.723919947609797,13.559242680240668,13.396541295212797,13.235792113038137,13.076971682905498,12.92005689701897,12.765024864825648,12.611853015920223,12.460519020008078,12.311000844074506,12.163276695215494,12.017325043505412,11.873124633430846,11.730654449589084,11.589893728121945,11.450821968149633,11.313418902042738,11.177664511429622,11.043539014619189,10.911022870031031,10.780096768191752,10.65074163173496
33,109.86,86.18,36.81,54.66,50.48,38.91,95.89,63.5,39.39,50.08,31.09,45.84,25.13,58.36,52.57,42.11,50.73,97.5,56.96,90.18,48.05,67.31,44.08,68.31,40.43,37.42,84.66,52.41,54.2,67.57,54.1,68.48,81.04,37.97,44.01,49.49,76.89,58.33,52.4,52.82,52.38,51.93,51.48,51.02,50.55,50.08,49.61,49.13,48.64,48.15,47.66,47.16,46.66,46.16,45.66,45.15,44.65,44.14,43.63,43.12,42.61,42.11,41.6,41.1,40.61,40.12,39.64,39.17,38.7,38.23,37.77,37.32,36.87,36.43,35.99,35.56,35.13,34.71,34.3,33.88,33.48,33.08,32.68,32.29,31.9,31.52,31.14,30.76,30.390930287017305,30.026288223319703,29.66602068465555,29.31007521598488,28.95839997571171,28.610943746837606,28.267655936961695,27.928486533666522,27.593386160285686,27.26230599782919,26.935197829597513,26.612014018874557,26.29270749777414,25.977231744932922,25.66554083012453,25.3575893584919,25.053332459393776,24.75272584217232,24.455725695771395,24.162288777964754,23.87237233728136,23.585934168773036,23.30293252478623,23.023326193036702,22.747074451995438,22.47413707088863,22.204474265083565,21.938046785316857,21.674815806159174,21.414742981782855,21.157790445961922,20.90392075630446,20.653096927713158,20.40528244353889,20.160441177505966,19.91853749409393,19.679536125848717,19.44340228491796,19.210101551515688,18.97959994084352,18.751863891937095,18.526860211898494,18.304556131663816,18.08491927254264,17.867917623910945,17.653519576671705,17.441693912101357,17.232409757235697,17.02563661833044,16.821344392014787,16.619503298370223,16.42008393669817,16.223057263212933,16.028394557581127,15.836067478689278,15.646047997722707,15.458308442779606,15.272821431949875,15.089559973696893,14.908497355322218,14.729607209886762,14.552863449289632,14.378240342342805,14.205712447849983,14.035254625760109,13.866842037167366,13.70045015546471,13.536054732883287,13.373631811645957,13.213157735120825,13.054609125514183,12.897962872716983,12.743196156611894,12.590286435919774,12.439211425892614,12.289949109467063,12.142477748417962,11.996775861051285,11.852822199897076,11.710595796323584,11.570075938230175,11.431242136586775
34,87.77,38.15,75.91,78.15,65.35,88.83,49.73,100.44,74.46,56.19,69.0,41.18,60.83,54.9,87.26,52.18,41.84,59.6,55.57,51.69,70.76,66.58,71.5,72.82,48.46,50.04,79.53,61.28,75.09,84.12,55.07,90.47,62.64,64.86,64.81,87.73,60.01,92.84,55.55,56.0,55.53,55.05,54.56,54.07,53.58,53.08,52.57,52.06,51.54,51.02,50.5,49.97,49.44,48.91,48.37,47.84,47.3,46.76,46.22,45.68,45.15,44.61,44.07,43.54,43.02,42.51,42.0,41.49,40.99,40.5,40.02,39.54,39.06,38.59,38.13,37.67,37.22,36.77,36.33,35.9,35.47,35.04,34.62,34.21,33.79,33.39,32.99,32.59,32.19897849611208,31.812647857313518,31.430951830553045,31.053834819387916,30.681241916276136,30.31311885952015,29.949412033266846,29.590068499799784,29.235035902662535,28.884262542007175,28.537697342302085,28.195289830803794,27.856990137556988,27.522748995394483,27.1925177291732,26.866248245010038,26.54389301951783,26.225405099805343,25.910738125005416,25.599846240162357,25.29268418234458,24.989207205296022,24.689371111728427,24.39313223179315,24.10044741231712,23.811274038330954,23.525569979248612,23.24329362115962,22.964403845300893,22.68886004958492,22.4166220840153,22.14765029374303,21.881905508302452,21.619349009319013,21.359942562801503,21.103648376085744,20.850429130126816,20.6002479256787,20.353068315586484,20.108854315550428,19.867570328777486,19.629181232093853,19.393652279068327,19.160949164596747,18.931037992609745,18.703885276072803,18.479457915458045,18.25772323103649,18.038648909057688,17.822203044806,17.608354099544293,17.397070932806194,17.188322748575693,16.982079149107523,16.77831008110678,16.576985868021175,16.37807716698469,16.18155501187392,15.987390770251753,15.795556164895512,15.606023230740686,15.418764368701265,15.23375228108533,15.050960036179472,14.870360992900286,14.691928843850667,14.515637583027576,14.341461538114281,14.169375327424047,13.999353881428284,13.831372431992483,13.665406490848058,13.501431903412724,13.339424751913825,13.179361463029068,13.021218689481728,12.8649734069173,12.710602838554976,12.55808449824396,12.4073961689353,12.258515891917826,12.111421977582221
35,76.19,87.39,104.4,72.19,88.79,75.86,104.82,81.76,76.92,61.92,86.94,68.67,35.91,30.3,109.88,38.63,75.71,64.88,59.65,87.32,70.07,84.05,42.48,70.81,62.97,52.77,64.5,78.87,66.49,52.1,89.93,55.12,72.37,45.57,80.98,59.05,27.22,86.9,59.54,60.04,59.55,59.05,58.55,58.04,57.52,56.99,56.46,55.92,55.38,54.83,54.27,53.71,53.15,52.58,52.01,51.44,50.86,50.29,49.71,49.13,48.55,47.97,47.4,46.83,46.27,45.71,45.16,44.62,44.09,43.56,43.04,42.52,42.01,41.51,41.01,40.52,40.03,39.55,39.07,38.61,38.14,37.69,37.23,36.79,36.34,35.91,35.48,35.05,34.62946910923351,34.21398294185143,33.80348099283261,33.397903505432645,32.99719140794911,32.60128636641721,32.21013071083597,31.82366750894198,31.441840471357462,31.06459399374668,30.691873156815937,30.32362366307892,29.959791910630486,29.60032489829465,29.24517028885928,28.894276356380505,28.54759199672186,28.205066738093375,27.866650688356042,27.53229456663914,27.201949671722918,26.87556790311678,26.553101718902894,26.23450415681437,25.919728823696186,25.608729863887845,25.30146200137979,24.997880466039692,24.69794105684706,24.40160007865861,24.108814363286466,23.8195412905764,23.53373871463405,23.25136500598138,22.972379030478425,22.696740170401547,22.424408261208754,22.15534365477438,21.889507135076187,21.62686000250826,21.36736400010723,21.110981313552273,20.85767460278245,20.607406980918473,20.360141982645402,20.115843595829944,19.874476240442256,19.636004747477724,19.400394380035163,19.16761081223863,18.937620150315624,18.710388879901526,18.48588390819608,18.264072521806902,18.044922418366863,17.828401664377605,17.6144787268269,17.403122431032198,17.194302002797066,16.987987005176546,16.784147391172688,16.58275347211722,16.383775896593338,16.187185692592152,15.992954204278005,15.801053134144942,15.611454543016675,15.424130797351076,15.239054611396575,15.05619901557487,14.875537377559118,14.697043381195725,14.520691005426137,14.346454576982374,14.174308696613268,14.004228302319131,13.836188585038865,13.67016509404106,13.506133620993799,13.344070284277523,13.183951455211275,13.025753810748242
36,134.71,65.19,73.45,58.5,60.41,93.54,91.22,87.08,59.19,70.67,77.5,65.09,89.5,81.78,40.49,69.78,106.08,66.22,74.17,81.98,54.88,97.22,78.81,79.55,75.25,52.84,94.98,78.97,88.93,49.87,104.1,53.89,48.8,72.16,113.67,48.39,69.17,91.99,63.98,64.54,64.04,63.53,63.01,62.48,61.94,61.39,60.83,60.27,59.7,59.11,58.53,57.93,57.34,56.73,56.12,55.51,54.89,54.28,53.65,53.03,52.41,51.79,51.17,50.55,49.95,49.35,48.75,48.17,47.59,47.02,46.46,45.9,45.35,44.8,44.27,43.74,43.21,42.69,42.18,41.67,41.17,40.68,40.19,39.71,39.23,38.76,38.3,37.84,37.386002088875465,36.93745018331958,36.494278990177264,36.056423981649594,35.62382141597913,35.19640830642193,34.774122421247576,34.35690226305385,33.94468709979473,33.537416902724416,33.13503237742536,32.73747492243759,32.344686660286726,31.956610385770674,31.573189607330256,31.194368474650656,30.820091830374665,30.45030517907473,30.084954666567647,29.72398709025724,29.367349888791658,29.014991131720777,28.66685948846822,28.322904280044607,27.983075416991674,27.64732339938224,27.31559932716289,26.987854910496612,26.664042397364227,26.344114645962964,26.028025052307914,25.715727581259948,25.407176756183095,25.10232763825922,24.80113582648804,24.503557447344484,24.20954917546395,23.91906818192909,23.632072165297764,23.34851931023241,23.068368318528016,22.791578409112102,22.5181092456462,22.24792099858172,21.98097431413201,21.717230314272374,21.456650586397394,21.19919717297829,20.944832561220277,20.693519724433163,20.445222028947487,20.199903327198378,19.957527874984347,19.7180603728379,19.481465934997587,19.247710089407967,19.016758808747618,18.788578427687874,18.563135725634073,18.340397843984334,18.1203323585281,17.902907186362306,17.688090668632572,17.47585151881995,17.266158802055614,17.058981986834137,16.85429088295756,16.652055672563353,16.452246899781787,16.25483545005059,16.059792570800287,15.867089850768869,15.67669919931652,15.488592898138844,15.302743528868326,15.11912403513023,14.937707650144048,14.75846794843675,14.581378814814828,14.406414454706962,14.233549373478697,14.062758397117763
37,95.37,100.99,97.69,60.96,90.01,70.19,67.21,95.78,113.42,85.62,102.12,88.33,97.37,83.78,86.96,100.97,94.64,72.21,75.47,101.27,77.11,86.1,87.58,64.41,65.34,60.61,47.69,75.47,54.11,88.89,77.59,63.6,59.79,36.53,77.83,39.66,74.88,63.25,71.47,72.12,71.59,71.05,70.49,69.92,69.34,68.74,68.14,67.52,66.89,66.25,65.61,64.95,64.29,63.62,62.95,62.27,61.58,60.89,60.2,59.5,58.8,58.11,57.41,56.72,56.04,55.37,54.7,54.05,53.4,52.76,52.13,51.5,50.88,50.27,49.67,49.07,48.49,47.9,47.33,46.76,46.2,45.65,45.1,44.56,44.02,43.49,42.97,42.46,41.95058130852012,41.44727321150088,40.95000246056498,40.45869665145361,39.97328427678375,39.49369464163639,39.01985794796836,38.551705199649014,38.08916824466612,37.632179743471454,37.18067316898079,36.734582764367964,36.293843585270814,35.858391478688205,35.42816303022264,35.0030955957347,34.583127290791545,34.168196969563965,33.75824420372345,33.35320930354508,32.95303329680463,32.557657907675576,32.16702557783208,31.78107940314007,31.399763207517633,31.023021447971697,30.6507992673554,30.283042462713667,29.919697474731755,29.56071140883816,29.2060319613443,28.85560750385634,28.509386998863345,28.167320031391736,27.82935676679934,27.495448003532825,27.16554509926733,26.839600023663845,26.517565295060347,26.199394022677726,25.885039864413844,25.57445702684355,25.267600296873134,24.964424957328436,24.66488688191823,24.368942419167887,24.07654847683126,23.787662458581778,23.502242306218363,23.220246436356575,22.941633772083016,22.666363732403884,22.39439624279644,22.125691661348622,21.86021086317093,21.597915187639007,21.33876641729066,21.082726798928842,20.829759054173124,20.57982631615082,20.332892203357346,20.088920724692887,19.847876342771283,19.609723963368566,19.37442888266554,19.14195682945371,18.912273933480826,18.68534673600239,18.461142200333114,18.239627637986565,18.0207708036385,17.804539800163504,17.590903131392448,17.379829681009493,17.171288691449114,16.96524979555059,16.761682963800563,16.560558557090445,16.361847263407558,16.165520140041018,15.971548581927337,15.779904321650388
38,167.21,95.72,112.51,79.99,105.44,103.92,59.95,87.29,84.63,64.52,90.57,64.53,88.32,81.03,110.11,102.19,131.43,74.82,62.44,103.11,64.11,85.43,72.14,127.83,59.56,60.28,83.3,66.4,98.57,108.12,73.17,99.79,86.74,65.56,78.99,65.61,67.72,101.17,79.79,80.55,79.98,79.39,78.79,78.17,77.53,76.88,76.22,75.54,74.85,74.15,73.44,72.72,71.98,71.24,70.49,69.73,68.97,68.2,67.43,66.65,65.87,65.09,64.31,63.54,62.77,62.02,61.28,60.54,59.81,59.1,58.39,57.69,57.0,56.31,55.64,54.97,54.31,53.66,53.01,52.38,51.75,51.13,50.52,49.91,49.31,48.72,48.13,47.56,46.98940454084851,46.42565325307015,45.86866408052358,45.318355947003006,44.77464874546966,44.237463338051796,43.70672152373913,43.18234603838282,42.66426055469549,42.15238963917713,41.64665879518919,41.1469943768064,40.65332366419639,40.165574766703074,39.68367668745769,39.20755926953625,38.73715319595951,38.27238996815594,37.813201938267305,37.35952223376894,36.91128481131246,36.46842440288309,36.030876537336695,35.598577486557204,35.17146433006774,34.749474858113906,34.332547647043434,33.92062196238952,33.51363785578748,33.111536035752515,32.71425796459639,32.32174578304778,31.9339423533264,31.550791183763277,31.172236493411937,30.79822315820578,30.428696700189544,30.063603319824903,29.70288983137929,29.34650372753708,28.99439310401988,28.64650665958658,28.30279376064444,27.96320434433244,27.62768894005827,27.29619869103542,26.968685321977585,26.645101139098678,26.325399019344307,26.00953237808619,25.697455233733322,25.389122132352284,25.08448814766728,24.783508934902702,24.486140644634993,24.19233996586671,23.902064104489515,23.61527079405264,23.331918241920317,23.051965193882907,22.775370869545753,22.502094973097723,22.232097704079706,21.96533974661611,21.70178223710928,21.441386775008038,21.184115444344712,20.929930759892525,20.6787957102397,20.43067370394683,20.185528601852454,19.943324684767486,19.70402668578079,19.46759973641655,19.23400940970839,19.003221666356723,18.77520288703436,18.549919850849424,18.327339756882434,18.107430170343658,17.89015906564722,17.6754947725685
39,91.53,167.97,152.0,157.91,135.58,109.9,122.52,94.45,92.08,73.85,64.7,95.79,96.62,148.45,145.85,104.52,91.88,60.65,129.34,104.88,121.56,68.28,80.43,67.11,91.02,136.51,92.05,87.54,66.19,51.54,88.49,104.56,77.52,69.26,113.06,84.9,118.51,84.33,88.89,89.73,89.09,88.43,87.76,87.07,86.36,85.63,84.89,84.14,83.37,82.58,81.79,80.98,80.17,79.34,78.5,77.66,76.81,75.95,75.09,74.22,73.35,72.48,71.61,70.75,69.9,69.07,68.24,67.42,66.61,65.81,65.02,64.24,63.47,62.71,61.96,61.21,60.48,59.75,59.04,58.33,57.63,56.94,56.25,55.58,54.91,54.25,53.6,52.96,52.32463159074352,51.69688398388084,51.07666580925082,50.46388682661505,49.858457815956655,49.26029067621137,48.66929832653646,48.08539477213145,47.50849499453685,46.93851503939521,46.3753719286901,45.81898370462658,45.26926936381051,44.726148879188734,44.18954321101927,43.65937423008039,43.13556475058103,42.618038541130886,42.10672023697943,41.6015354168068,41.10241052593288,40.609272898257636,40.12205074529088,39.64067313421211,39.16506998787048,38.695172040904325,38.23091090556183,37.77221896199988,37.31902944604505,36.871276350462374,36.428894512716504,35.99181949430021,35.55998766849544,35.13333615455255,34.71180282866047,34.295326312976506,33.88384596465629,33.477301864883614,33.075634807900315,32.6787863119764,32.286698586499696,31.89931454294591,31.516577761968342,31.138432504367948,30.764823722063497,30.39569698130068,30.030998550413102,29.6706753010912,29.314674774202942,28.96294512494326,28.61543511186385,28.27209414075374,27.932872209788652,27.59771990953097,27.266588433899905,26.93942954726109,26.616195617336984,26.2968395493861,25.98131485202376,25.669575549461122,25.361576258295997,25.057272099751927,24.75661876549887,24.459572462802605,24.16608992549486,23.876128403003165,23.589645671321023,23.306600000097482,23.026950152637166,22.750655407840522,22.47767551632333,22.207970711386793,21.941501709017587,21.678229707887812,21.418116345474544,21.16112374194028,20.907214456252497,20.656351508123848,20.408498345101826,20.163618875479123,19.921677424413136,19.68263874489609
40,109.86,159.36,157.17,105.13,158.08,81.23,105.06,103.21,128.91,107.46,73.93,118.32,170.11,101.73,98.99,134.72,161.53,112.15,141.36,143.67,119.15,106.86,126.8,128.54,80.27,144.97,104.14,100.89,101.06,70.86,98.11,103.28,57.39,82.91,126.65,112.65,102.57,135.85,99.54,100.45,99.72,98.96,98.18,97.39,96.58,95.75,94.9,94.04,93.17,92.28,91.39,90.47,89.55,88.62,87.68,86.73,85.78,84.82,83.85,82.88,81.91,80.94,79.97,79.01,78.06,77.12,76.2,75.28,74.38,73.49,72.61,71.74,70.88,70.03,69.19,68.36,67.54,66.73,65.93,65.13,64.35,63.58,62.82,62.06,61.32,60.58,59.86,59.14,58.43050392343463,57.72951742103767,57.03693846973877,56.352666286663975,55.67660129531228,55.00864509173207,54.3487004783446,53.69667140757153,53.05246297056033,52.41598143100785,51.7871341349642,51.16582955593086,50.55197727231155,49.94548792231428,49.34627324904933,48.754246021607706,48.16932006888464,47.591410245756094,47.02043242180418,46.45630350386629,45.898941345838885,45.34826483887364,44.804193798632355,44.26664903293396,43.735552285382,43.21082624663913,42.69239452060357,42.18018162440914,41.67411301097422,41.174114978805726,40.68011475092062,40.19204039592441,39.70982085056004,39.23338591970807,38.76266623128846,38.297593247535175,37.838099253721644,37.38411734688626,36.93558143583236,36.49242619603017,36.054587103440376,35.62200042323959,35.19460314217326,34.77233303620277,34.35512862540736,33.94292914016065,33.535674577503116,33.133305622220554,32.735763680667624,32.34299085821879,31.95492998181736,31.571524509779408,31.192718633264338,30.81845717480433,30.44868563340233,30.083350150708547,29.722397544844004,29.365775220204377,29.01343126893068,28.665314358164096,28.321373786418537,27.98155948358068,27.64582194326284,27.314112267901063,26.98638214620608,26.6625838531633,26.342670227483822,26.026594671604382,25.71431116296189,25.405774197620897,25.100938846646088,24.7997607110043,24.50219592156448,24.208201139097703,23.91773354300265,23.630750820031107,23.347211164287934,23.067073299780137,22.79029640149525,22.516840151773884,22.246664729035253,21.979730773953605
41,161.24,110.41,147.94,139.63,135.15,135.07,183.39,109.02,121.5,94.03,157.8,110.68,96.72,138.17,176.8,98.76,107.7,150.96,152.6,110.55,143.44,109.01,101.58,103.73,92.89,84.2,108.2,103.93,114.4,105.54,103.83,112.05,93.21,130.28,93.78,137.78,147.56,114.25,110.01,110.94,110.06,109.16,108.25,107.31,106.37,105.41,104.43,103.45,102.45,101.44,100.42,99.4,98.36,97.32,96.27,95.21,94.15,93.08,92.02,90.95,89.88,88.81,87.75,86.69,85.65,84.63,83.61,82.61,81.62,80.64,79.67,78.71,77.77,76.84,75.92,75.0,74.1,73.22,72.34,71.47,70.61,69.77,68.93,68.1,67.28,66.48,65.68,64.89,64.11153783713787,63.34241201758826,62.5825106353834,61.83172312550169,61.089940229484455,60.35705400689702,59.63295781240656,58.91754628432096,58.21071531020569,57.51236201542263,56.822384786052275,56.14068318866618,55.467158039093434,54.801711299270934,54.144246123087704,53.49466683346277,52.85287886503973,52.21878882149216,51.59230441821824,50.97333445941857,50.36178886101831,49.75757859336187,49.160615727057134,48.57081336420904,47.98808563841954,47.412347737709815,46.84351584721484,46.28150717210554,45.72623989174452,45.17763317114706,44.635607160981216,44.100082928801285,43.57098253927535,43.04822895103563,42.53174607398381,42.021458689063536,41.51729252848792,41.01917418405098,40.52703114151081,40.04079172328421,39.560385157213176,39.08574149633732,38.6167916188939,38.153467262701035,37.69570095639125,37.24342605379466,36.79657668809477,36.355087806211564,35.91889512295734,35.48793512103656,35.06214503958492,34.641462897091394,34.22582742263181,33.815178078791,33.40945509604607,33.008599369616604,32.61255253969233,32.22125692266655,31.83465554551942,31.45269209997366,31.075310976877745,30.70245719743944,30.334076470531215,29.97011514684592,29.610520230357874,29.255239332478517,28.90422074082292,28.55741330459899,28.214766526296085,27.876230515840714,27.54175594475221,27.211294103448136,26.88479687832212,26.562216705899555,26.24350659575973,25.928620141996934,25.617511477376123,25.31013528479402,25.006446797279086,24.706401786530474,24.409956539995854,24.11706788379356
42,211.25,142.05,130.02,147.13,116.16,145.82,151.09,139.19,130.98,121.04,118.42,183.07,94.72,128.68,180.79,101.57,153.24,112.86,135.04,85.98,165.36,108.2,103.86,123.94,135.18,110.08,163.1,98.99,99.12,114.45,123.67,132.0,97.81,68.54,176.67,109.88,102.94,82.25,119.19,120.11,119.06,118.01,116.94,115.86,114.78,113.68,112.57,111.46,110.33,109.21,108.07,106.93,105.78,104.64,103.48,102.33,101.17,100.02,98.86,97.7,96.55,95.4,94.26,93.13,92.01,90.91,89.82,88.74,87.68,86.62,85.58,84.56,83.54,82.54,81.55,80.57,79.61,78.65,77.71,76.78,75.85,74.94,74.05,73.16,72.28,71.41,70.56,69.71,68.8737313988331,68.0474920100921,67.23116164918939,66.42462154129372,65.62775433279147,64.84044407982537,64.06257624829436,63.29403763362365,62.53471642953328,61.784502124885236,61.043285572452035,60.31095890868672,59.587415565184244,58.8725502572201,58.166258949365975,57.468438866951196,56.778988438755576,56.09780735431655,55.42479644931489,54.75985780872757,54.10289462929055,53.45381131119031,52.81251338929515,52.17890751023243,51.55290145531138,50.934404117600224,50.3233254675419,49.71957656441552,49.123069521952004,48.533717508334135,47.951434746196554,47.37613647824142,46.8077389443156,46.24615941579491,45.69131612681558,45.143128331581366,44.601516201210686,44.06640091542806,43.53770454794979,43.01535014671399,42.49926165365059,41.98936395052698,41.48558277871807,40.987844819436276,40.49607757911719,40.010209481111076,39.53016977399134,39.055888565938915,38.58729680181933,38.124326263182716,37.66690953387957,37.21498001152208,36.76847188456135,36.327320155210245,35.89146057067475,35.4608296804612,35.03536476760763,34.61500388306809,34.1996858227898,33.789350093328814,33.38393694623434,32.98338735512589,32.587642981308946,32.19664619669785,31.810340060892912,31.42866832118046,31.051575389609916,30.679006365916702,30.31090696875362,29.947223604459467,29.587903309751855,29.232893763188645,28.882143239322236,28.535600666006694,28.193215578552053,27.854938108262864,27.5207189824382,27.190509524371663,26.864261653351356,26.54192785027563,26.223461146191607,25.908815191063802
43,134.16,135.05,200.15,168.84,140.86,150.41,156.35,172.41,127.94,117.18,143.48,118.17,157.42,157.2,112.49,148.49,159.97,180.1,177.21,149.7,171.38,144.61,171.18,145.55,137.5,116.78,153.33,140.66,143.81,76.6,137.15,123.62,141.25,130.32,117.18,145.11,104.01,131.24,126.79,127.67,126.48,125.28,124.07,122.85,121.63,120.41,119.18,117.95,116.71,115.48,114.24,113.0,111.76,110.52,109.28,108.04,106.81,105.57,104.34,103.12,101.9,100.68,99.47,98.28,97.1,95.94,94.79,93.65,92.53,91.42,90.32,89.24,88.17,87.11,86.06,85.03,84.01,83.0,82.01,81.02,80.05,79.09,78.14,77.21,76.28,75.36,74.46,73.57,72.68744427244658,71.81547243403003,70.95395763802763,70.10277456177404,69.26179938408254,68.43090974008776,67.60998476640306,66.79890502209521,65.99755251126305,65.20581064916962,64.42356421708482,63.6506994300213,62.887103812552056,62.13266627783562,61.387277026012214,60.650827623228935,59.92321087745734,59.204320940097254,58.494053170505005,57.79230423759726,57.09897199566855,56.41395555212716,55.737155233627234,55.06847251833282,54.407810114943125,53.75507186108865,53.11016275719917,52.47298894392509,51.84345767955879,51.22147734003469,50.60695739635056,49.99980841456756,49.39994199936365,48.80727086176949,48.2217087175646,47.64317033243464,47.07157149939277,46.506829004911665,45.948860640212914,45.39758518997767,44.85292240976798,44.3147929921589,43.78311861189575,43.25782185815818,42.73882626842819,42.22605627204347,41.71943723535475,41.218895393989825,40.724357875432275,40.235752676442765,39.75300866305907,39.2760555593068,38.80482390204206,38.33924509739813,37.879251341760146,37.42477567821178,36.97575192879928,36.53211470582086,36.093799411826595,35.66074223961852,35.23288011580402,34.81015074595309,34.39249256944105,33.97984477073794,33.572147268119124,33.16934069108668,32.771366380369464,32.378166387923,31.98968344306166,31.605860986326505,31.226643113038772,30.851974595878488,30.48180088488447,30.11606807358639,29.75472288771545,29.39771270778301,29.044985535212657,28.696490014918847,28.352175378860288,28.01199147990794,27.675888791844972,27.343818352920206
44,279.39,166.11,192.92,200.89,175.1,164.9,195.81,227.69,144.11,143.6,175.84,157.09,157.31,91.26,167.47,138.9,137.81,154.41,223.46,170.9,144.15,130.63,158.66,175.09,159.22,196.19,134.32,165.88,149.36,170.78,153.04,164.61,118.93,150.71,130.28,141.3,144.42,169.13,133.66,134.5,133.15,131.8,130.45,129.1,127.74,126.4,125.05,123.7,122.36,121.02,119.68,118.35,117.02,115.69,114.37,113.06,111.75,110.44,109.15,107.86,106.57,105.3,104.04,102.79,101.56,100.34,99.14,97.95,96.77,95.61,94.47,93.33,92.21,91.11,90.01,88.93,87.87,86.81,85.77,84.74,83.73,82.72,81.73,80.75,79.78,78.82,77.88,76.94,76.01703840298825,75.10514475865561,74.20418642874431,73.31403235139875,72.43455306321303,71.56562063308834,70.7071086622328,69.85889226211397,69.02084804343502,68.1928540940872,67.374789968126,66.56653664167595,65.76797652395453,64.97899345727207,64.19947262884142,63.429300636920765,62.6683654246708,61.916556269131014,61.17376378121963,60.439879894709826,59.71479781111083,58.998412021715396,58.29061829657613,57.59131361836268,56.90039624850447,56.217765627976625,55.54332242139509,54.876968472921504,54.218606817286975,53.56814164672069,52.92547827787857,52.29052319593843,51.66318397743338,51.04336931229952,50.43098901489964,49.82595392480913,49.22817600603011,48.63756822572971,48.05404464243038,47.477520295772045,46.90791128367858,46.34513469621508,45.78910859354028,45.239752050001734,44.696985099016835,44.160728722049036,43.63090485963164,43.10743638932023,42.59024709262123,42.07926167703962,41.57440577607879,41.075605861050306,40.58278932926419,40.0958844378862,39.61482028189024,39.13952683815352,38.66993491033762,38.20597610684087,37.74758289591732,37.294688539534015,36.84722707132339,36.405133373749834,35.96834304582413,35.536792502317674,35.11041891864344,34.68916018676084,34.27295498131847,33.86174269351138,33.45546344210486,33.054058073434376,32.657468139358116,32.26563587520928,31.878504232867524,31.49601683666378,31.11811798338025,30.74475264225041,30.375866454959016,30.011405669499336,29.651317250411086,29.29554872444734,28.94404829081245,28.596764766043083
45,233.98,272.77,191.78,250.51,168.05,200.44,188.81,218.16,199.73,221.39,165.46,221.23,189.24,171.75,167.25,135.72,191.99,174.67,186.13,135.88,149.04,159.01,115.04,162.84,179.64,158.78,213.68,178.32,157.07,136.36,157.3,170.94,114.3,164.77,169.3,176.01,169.82,138.55,142.32,143.11,141.58,140.05,138.53,137.02,135.52,134.02,132.53,131.05,129.57,128.11,126.65,125.2,123.76,122.33,120.91,119.5,118.1,116.71,115.33,113.96,112.6,111.25,109.92,108.6,107.3,106.01,104.74,103.49,102.24,101.02,99.81,98.61,97.43,96.26,95.1,93.96,92.83,91.72,90.62,89.53,88.46,87.4,86.35,85.31,84.29,83.28,82.28,81.29,80.31488092453749,79.35145467147649,78.39958111893044,77.45912184944737,76.52994009572839,75.61190069720271,74.70487014345268,73.80871650907618,72.92330945368666,72.04852017848795,71.18422144798691,70.33028754656831,69.48659424592597,68.6530188267754,67.82944001371605,67.01573801865656,66.21179444310812,65.41749234332225,64.63271616515316,63.85735171148882,63.09128620738875,62.33440816980863,61.586607472738024,60.84777533634404,60.11780424012122,59.39658797717282,58.684021599929565,57.980001420149534,57.284424998061965,56.59719110979843,55.91819975824907,55.24735214049381,54.584550604377306,53.92969871364651,53.2827011719568,52.64346381201573,52.011893595583004,51.38789861347047,50.77138804211706,50.162272165301346,49.56046231986012,48.965870917401,48.3784114117336,47.797998288013254,47.22454708445355,46.65797430547616,46.098197508561064,45.545135195683734,44.99870685674034,44.458832958691396,43.92543490213667,43.39843505388407,42.877756692668235,42.363324020006786,41.855062138487874,41.352897062626354,40.856755686295,40.36656578272455,39.88225597193485,39.40375576415993,38.930995494710416,38.46390631311723,38.002420237412956,37.546470056425406,37.09598940577151,36.650912681007135,36.21117509190847,35.77671259733439,35.347461948651514,34.92336063545288,34.5043469072705,34.090359762719025,33.68133891692702,33.27722480153689,32.87795857556118,32.483482103670056,32.093737945334986,31.70866933311626,31.328220205231705,30.952335162131728,30.58095945564295,30.21403902153705
46,256.17,227.36,267.57,294.64,198.82,219.02,199.95,212.28,165.89,298.54,208.45,175.69,176.15,179.71,235.48,217.47,161.54,138.41,227.53,243.34,232.74,211.96,199.24,189.44,187.19,135.47,148.85,176.77,142.88,187.89,241.58,148.06,152.81,187.32,164.55,117.2,207.54,207.7,151.87,152.65,150.94,149.25,147.57,145.9,144.24,142.6,140.97,139.35,137.75,136.16,134.58,133.01,131.46,129.92,128.39,126.88,125.38,123.9,122.42,120.96,119.52,118.09,116.67,115.27,113.89,112.52,111.18,109.84,108.52,107.22,105.94,104.67,103.41,102.17,100.94,99.73,98.54,97.36,96.19,95.03,93.89,92.77,91.66,90.56,89.47,88.4,87.34,86.29,85.25493234744414,84.232275688114,83.22188129939468,82.22360227889047,81.23729344806024,80.26281140575347,79.3000144211383,78.34876249794479,77.40891728880739,76.48034211667934,75.562901932004,74.65646330200762,73.76089438928508,72.8760649517998,72.0018462786408,71.13811121143692,70.28473412294264,69.44159087420924,68.60855881458492,67.7855167817147,66.97234502659032,66.16892526708595,65.37514061300817,64.59087559821737,63.81601612709189,63.05044944240658,62.29406418957576,61.54675030958148,60.80839907109518,60.07890303835599,59.35815608187801,58.64605331420727,57.94249112204325,57.24736714482447,56.56058022119271,55.882030399700156,55.21161896022372,54.54924833901488,53.89482212869965,53.248245099692916,52.60942316807695,51.97826335277272,51.354673796954195,50.73856374663405,50.129843539956475,49.52842456436846,48.93421931015571,48.347141274078055,47.76710501290533,47.19402608988151,46.62782110684622,46.06840765069887,45.51570427198436,44.969630538428866,44.4301069492825,43.89705496744087,43.370397008737804,42.85005639911678,42.33595739604519,41.828025156392826,41.326185725724784,40.830366070422876,40.34049398132117,39.85649817007047,39.37830815135949,38.905854317864986,38.43906787600881,37.977880878079326,37.522226168695646,37.072037416929085,36.62724906276732,36.187796359943086,35.75361531169112,35.32464271357688,34.900816089253496,34.48207374399764,34.06835470046646,33.659598709404804,33.2557462496452,32.85673853881501,32.462517447679076,32.07302558579707
47,284.98,315.26,272.98,352.01,287.79,249.75,276.47,276.2,259.87,193.9,219.79,229.52,286.07,257.42,216.49,200.62,312.93,218.18,180.97,210.52,221.75,215.61,263.93,264.38,184.59,225.47,221.62,204.0,190.24,196.83,152.97,149.25,120.99,134.86,200.77,118.49,163.39,165.28,162.33,163.08,161.19,159.31,157.46,155.62,153.8,152.0,150.22,148.45,146.71,144.98,143.26,141.57,139.89,138.24,136.59,134.97,133.36,131.77,130.2,128.64,127.1,125.58,124.07,122.58,121.11,119.66,118.23,116.81,115.41,114.02,112.66,111.3,109.97,108.65,107.35,106.06,104.79,103.53,102.29,101.06,99.85,98.65,97.47,96.3,95.14,94.0,92.88,91.76,90.65935336365575,89.5719032052163,88.4974914311778,87.4359618360034,86.38716009157591,85.35093372610321,84.3271320713818,83.31560626279672,82.31620922877428,81.32879564859293,80.35322195238308,79.38934627893806,78.43702844407218,77.49612997226257,76.56651404391268,75.64804544261588,74.74059060789189,73.84401756135559,72.95819590671718,72.08299678759286,71.21829292969409,70.36395854590185,69.51986937845587,68.68590264621804,67.86193702357797,67.04785267209472,66.2435311561185,65.44885546388522,64.66370999696923,63.88798053864138,63.12155422222711,62.36431955220108,61.61616636199796,60.87698578237054,60.146670294126146,59.42511361210648,58.71221075901856,58.00785801269835,57.31195287446882,56.62439407968714,55.94508158719757,55.273916558236685,54.61080130369697,53.95563933686326,53.30833531012901,52.6687950360908,52.03692543481193,51.412634544369645,50.79583151030785,50.18642657508983,49.584331035909045,48.989457276331,48.401718692462154,47.82102975623375,47.24730595211796,46.68046376658064,46.12042068808126,45.567095207072974,45.02040678436068,44.480275840553716,43.94662374551857,43.419372818378854,42.89844631696806,42.3837684061876,41.87526416855412,41.3728595620103,40.876481462114064,40.38605760930209,39.901516598342454,39.42278789942928,38.949801805446214,38.482489463608346,38.02078283327295,37.564614696486885,37.1139186368919,36.66862903972465,36.22868107072214,35.79401067612168,35.3645545615663,34.94025021319935,34.52103582383337,34.10685038787586
48,365.82,379.58,321.8,293.19,370.95,281.32,255.88,288.3,249.87,295.33,210.2,192.15,201.69,280.08,289.54,193.16,200.38,257.26,213.25,212.0,199.65,273.13,290.16,209.97,233.79,243.87,185.7,177.65,217.82,249.49,201.57,183.37,205.88,161.06,161.79,191.06,195.22,218.31,175.32,176.04,173.91,171.81,169.73,167.68,165.65,163.66,161.68,159.73,157.81,155.91,154.03,152.17,150.34,148.54,146.75,144.99,143.24,141.52,139.82,138.15,136.49,134.85,133.23,131.64,130.06,128.5,126.96,125.43,123.93,122.44,120.98,119.52,118.09,116.67,115.28,113.89,112.53,111.18,109.84,108.53,107.22,105.94,104.67,103.41,102.17,100.95,99.74,98.54,97.3580701459357,96.19031033023565,95.0365508319118,93.89662393949942,92.77036396152336,91.65760719509919,90.55819188406814,89.47195820853094,88.39874824298258,87.3384059877113,86.29077728506827,85.2557098090015,84.23305309645448,83.22265843223735,82.2243789222907,81.23806939948925,80.26358646550682,79.30078839661998,78.34953521697196,77.40968856251106,76.48111178565345,75.56366982968788,74.65722927064077,73.76165828587743,72.87682662270322,72.00260557743108,71.13886802678022,70.28548830228104,69.44234231587028,68.60930739243071,67.78626237445384,66.97308753830983,66.16966459424735,65.37587666546122,64.59160826715977,63.816745317031064,63.051175093377985,62.294786203719276,61.547468605722194,60.80911357580362,60.07961369866383,59.35886281495517,58.64675606314712,57.94318983766119,57.24806175747217,56.561270676574374,55.88271665258281,55.212300967665776,54.54992604481466,53.895495500175336,53.24891410118304,52.61008775609613,51.9789235035298,51.35532947059108,50.739214925210064,50.1304901819436,49.52906666477281,48.93485682337304,48.3477741959114,47.76773331485037,47.19464978021169,46.628440154913676,46.06902203803509,45.51631399155128,44.97023558219922,44.43070731867995,43.89765065165854,43.3709880051629,42.850642703319934,42.33653901222057,41.82860207712217,41.326757964313636,40.830933608784015,40.34105684562135,39.85705634721503,39.37886166512091,38.90640316726366,38.4396120693356,37.97842042433043,37.52276108067814,37.07256770317755,36.627774752063814
49,413.57,334.98,299.76,334.45,273.37,286.09,389.0,356.61,280.76,280.96,223.38,232.5,225.05,261.27,269.61,267.19,234.5,268.8,196.46,202.13,311.7,266.75,241.0,267.4,278.34,238.4,178.74,214.43,158.09,227.41,226.96,309.34,239.85,153.07,187.41,196.98,185.97,172.01,193.09,193.77,191.32,188.91,186.53,184.2,181.9,179.63,177.4,175.2,173.03,170.9,168.8,166.72,164.68,162.67,160.69,158.74,156.81,154.92,153.04,151.2,149.38,147.59,145.82,144.07,142.34,140.63,138.95,137.28,135.64,134.01,132.4,130.81,129.24,127.69,126.16,124.65,123.16,121.68,120.22,118.78,117.35,115.95,114.55,113.18,111.82,110.48,109.16,107.85,106.55645298791418,105.2784128822044,104.01569409679185,102.76811310555246,101.53548860077503,100.31764144034183,99.11439465829247,97.9255733591852,96.75100476035239,95.59051814964504,94.44394485374117,93.3111181958904,92.19187352760542,91.08604813358734,89.99348126341708,88.91401408930015,87.84748968493865,86.79375298327598,85.75265079762447,84.72403174771834,83.70774628084143,82.70364664013557,81.71158680121738,80.73142253556145,79.76301129429784,78.80621226103138,77.86088630958619,76.92689595118632,76.00410535558353,75.09238032992953,74.19158827652043,73.30159817166914,72.42228058683297,71.55350761466664,70.69515289014996,69.84709158002399,69.00920030884389,68.18135720123449,67.36344183963479,66.55533523260624,65.75691983596064,64.96807948937679,64.1886994375283,63.41866629839195,62.657868042119965,61.90619398047614,61.16353475627198,60.42978231167501,59.70482987764507,58.98857199506187,58.28090443021415,57.581724217055104,56.8909296255108,56.20842012978857,55.534096408376946,54.86786034404576,54.20961498159059,53.55926453839664,52.9167143621833,52.28187095213182,51.654641916629885,51.03493596270773,50.422662917165844,49.81773365262793,49.22006014036023,48.629555386888306,48.04613344456091,47.46970941154998,46.90019935790355,46.337520420620585,45.781590687448414,45.23232922857432,44.68965610718942,44.153492326669344,43.62375983057416,43.10038151321233,42.583281198512914,42.072383587206225,41.56761433077094,41.068899936359266,40.57616779848851,40.08934618847727
50,423.2,394.85,413.98,379.19,413.5,292.35,369.89,267.03,272.8,324.47,318.03,246.65,316.27,334.23,277.1,273.75,298.91,266.2,297.61,165.54,247.53,273.82,250.11,255.84,267.75,225.2,248.16,262.27,257.82,291.53,259.74,186.46,264.27,274.31,252.84,204.57,316.6,180.53,214.65,215.3,212.49,209.73,207.02,204.35,201.73,199.15,196.62,194.13,191.68,189.27,186.9,184.58,182.29,180.03,177.82,175.64,173.49,171.38,169.3,167.26,165.24,163.25,161.3,159.36,157.45,155.56,153.7,151.85,150.03,148.23,146.46,144.7,142.96,141.25,139.56,137.88,136.23,134.6,132.98,131.39,129.81,128.25,126.72,125.2,123.69,122.21,120.75,119.3,117.86918448692437,116.45551994800329,115.05880108157305,113.67882516838084,112.31539142598196,110.9683019771439,109.6373609890428,108.32237510366522,107.02315326564737,105.73950666847493,104.47124877600314,103.21819529017667,101.9801640864693,100.7569752676842,99.54845103483338,98.35441576245798,97.17469588026775,96.00911992694138,94.85751846404602,93.71972411907755,92.59557146710003,91.48489710606599,90.38753957073617,89.3033393326794,88.23213874647249,87.17378209274031,86.12811549207552,85.0949868942784,84.07424608911703,83.065744663287,82.06933595737135,81.08487509812059,80.11221891237237,79.15122594857161,78.20175647677046,77.26367240254797,76.33683729929015,75.42111637590997,74.51637643380704,73.62248589914783,72.73931475830538,71.86673454709921,71.00461834003538,70.1528407395463,69.31127784371073,68.47980723549368,67.65830796122627,66.84666050908571,66.04474681985532,65.25245021160423,64.4696554442476,63.69624860118623,62.93211718614679,62.17715001558155,61.43123725094841,60.694270344910734,59.96614209513748,59.24674653670288,58.53597899588656,57.83373605789345,57.13991553457364,56.45441645366235,55.77713906953993,55.10798483095177,54.446856348728176,53.79365742806445,53.14829298244053,52.51066911970144,51.88069302369669,51.258273018840605,50.643318516312064,50.035740014054525,49.43544908601601,48.84235836062891,48.256381510050055,47.67743323940061,47.105429297526115,46.54028641243626,45.98192232358497,45.43025574959028,44.88520640975446,44.34669493798361
51,322.27,444.02,390.47,466.01,425.84,399.91,297.83,451.55,379.36,328.68,349.66,316.88,215.97,337.93,307.06,406.24,352.1,253.77,348.53,300.83,259.87,261.89,284.19,311.29,229.91,219.1,266.53,368.93,222.5,267.19,252.95,269.09,218.08,291.01,269.75,243.81,230.42,297.43,238.47,239.13,235.94,232.81,229.74,226.73,223.77,220.87,218.02,215.22,212.47,209.77,207.12,204.51,201.96,199.44,196.97,194.54,192.15,189.81,187.5,185.23,182.99,180.79,178.62,176.48,174.36,172.27,170.21,168.17,166.15,164.16,162.19,160.24,158.32,156.42,154.55,152.69,150.86,149.05,147.27,145.5,143.76,142.03,140.33,138.65,136.98,135.34,133.72,132.11,130.52562454120059,128.96023902247697,127.4136161676957,125.88553133072679,124.37576249544377,122.88409049489053,121.41029857294758,119.95417271308224,118.51550130959848,117.09407538680365,115.68968848942514,114.30213646344339,112.93121789442573,111.57673345002563,110.23848631831657,108.91628207629176,107.60992862411426,106.31923611936668,105.044016966093,103.78408585863183,102.53925969394973,101.30935753876614,100.09420062955331,98.89361237253641,97.70741823410995,96.53544580658796,95.37752473149543,94.23348668861017,93.10316535212918,91.98639641258548,90.8830175220564,89.79286825033006,88.71579010682218,87.65162650770104,86.60022271013723,85.5614258342206,84.5350848520017,83.52105051078345,82.51917536599613,81.52931371544739,80.55132162123878,79.58505684401584,78.63037887584304,77.68714887445368,76.75522965229162,75.8344856655529,74.9247830032273,74.02598936518186,73.13797399641054,72.26060773086778,71.39376296955179,70.537313603796,69.6911350591026,68.85510422939238,68.02909949892141,67.213000709406,66.40668913810607,65.61004746495003,64.8229598163682,64.04531164475098,63.27698984899071,62.51788261010639,61.76787948986885,61.02687136505068,60.29475041646783,59.571410107062945,58.85674519286373,58.15065167914953,57.45302682045133,56.763769087676735,56.08277819002665,55.409955031161886,54.74520168728646,54.08842141810597,53.43951864491087,52.798398939618146,52.16496896997955,51.539136576290055,50.92081065084601,50.3099012146536,49.70631934072042,49.109977186930465
52,475.45,483.53,453.05,409.56,394.01,431.76,405.34,366.95,353.47,328.02,385.83,317.52,378.89,353.17,270.21,268.43,324.52,330.2,361.77,269.53,285.36,254.13,379.43,262.67,326.99,354.5,361.98,318.0,318.63,345.63,359.09,214.61,278.21,317.67,343.76,260.1,307.59,255.71,264.89,265.6,262.03,258.54,255.11,251.74,248.44,245.2,242.02,238.9,235.84,232.83,229.88,226.98,224.13,221.34,218.59,215.89,213.24,210.63,208.06,205.54,203.06,200.62,198.21,195.83,193.49,191.17,188.87,186.61,184.37,182.16,179.98,177.82,175.69,173.58,171.5,169.44,167.41,165.4,163.42,161.46,159.52,157.61,155.72,153.85,152.01,150.19,148.38,146.61,144.85182184183563,143.1147144860879,141.3984258271632,139.70270666236652,138.02731091520167,136.37199507712123,134.7365189890765,133.12064505996764,131.5241386015936,129.94676771700213,128.38830341213975,126.84851937255195,125.32719174008302,123.8240996711261,122.33902489002325,120.87175157741542,119.42206648189251,117.98975925494321,116.57462155775536,115.17644784276561,113.7950350187096,112.43018245062188,111.0816915802262,109.74936664049508,108.43301397458515,107.13244228146706,105.84746256010052,104.57788805360926,103.32353424928102,102.08421883390774,100.8597616937853,99.64998482539377,98.45471240238726,97.27377067510903,96.10698795942643,94.95419465906103,93.81522317626843,92.68990793416846,91.57808532092011,90.4795937008865,89.39427335880995,88.32196648864702,87.26251718240343,86.21577138547414,85.1815768854783,84.15978331225932,83.15024207089485,82.15280635286177,81.16733110254123,80.19367300605367,79.23169046892876,78.28124357144553,77.34219409096224,76.41440543492642,75.49774266320505,74.59207245458926,73.69726307329964,72.81318434665603,71.93970769857268,71.07670603790814,70.22405385895034,69.38162709627156,68.54930321404848,67.72696111674216,66.91448117142802,66.11174518546589,65.31863635067502,64.53503928799407,63.76083998049108,62.995925795693545,62.24018542976339,61.49350892982697,60.75578762698511,60.02691420330305,59.3067825801605,58.59528797407665,57.89232684088515,57.197796898064105,56.51159706891115,55.833627493708384,55.16378950739239,54.50198562838928
53,515.5,553.49,548.51,433.88,480.98,361.11,530.73,455.65,474.33,333.49,415.0,347.66,443.9,384.71,364.76,365.06,465.31,405.1,349.84,310.75,250.44,380.43,378.11,353.15,336.29,357.78,353.83,323.84,260.69,339.15,340.51,271.89,348.46,300.99,262.69,324.84,293.91,297.37,291.75,292.56,288.66,284.84,281.08,277.4,273.78,270.23,266.75,263.32,259.96,256.66,253.42,250.23,247.1,244.03,241.01,238.04,235.12,232.24,229.42,226.64,223.91,221.21,218.56,215.94,213.35,210.79,208.27,205.77,203.3,200.87,198.46,196.08,193.73,191.4,189.11,186.84,184.6,182.39,180.2,178.04,175.91,173.8,171.71,169.65,167.62,165.61,163.62,161.66,159.72145459528562,157.80613896038363,155.91377514765628,154.04408847943805,152.19680743527792,150.37166410297016,148.56839350200818,146.78673369634234,145.02642613265277,143.28721518931894,141.56884851469246,139.8710764633089,138.19365243416053,136.5363330962121,134.89887748633907,133.2810481369045,131.68260983542473,130.1033304138729,128.5429807486791,127.00133397142666,125.47816625815578,123.97325637833289,122.486385582093,121.0173379385127,119.56590011009474,118.13186124001056,116.71501272658475,115.3151490125988,113.93206657047219,112.565564443499,111.21544404288429,109.88150920412284,108.56356606296575,107.26142310052349,105.97489106433554,104.70378299092192,103.44791412685288,102.20710194002454,100.98116607455593,99.7699283395133,98.57321267508254,97.39084510746643,96.22265376016024,95.06846882012441,93.9281224814058,92.80144896768923,91.68828447591858,90.5884671424695,89.50183708825253,88.42823629467964,87.36750866004304,86.3194999544122,85.28405778580631,84.26103156636738,83.25027254618719,82.25163373437708,81.26496988779215,80.29013752230705,79.32699486771287,78.3754018338899,77.43522003335912,76.50631270235182,75.58854473463698,74.68178264769392,73.78589454888488,72.90075010162802,72.02622055922441,71.16217870847937,70.3084988471509,69.4650568065012,68.63172986109055,67.80839678515615,66.99493780750902,66.19123456643098,65.39717013222615,64.61262897339368,63.837496945351965,63.071661279162846,62.31501051387709,61.5674345754647,60.82882467533302,60.09907334415404
54,630.17,595.81,670.03,619.47,554.65,500.52,557.55,555.11,480.25,397.1,434.59,547.52,410.97,426.03,484.91,400.71,437.61,439.01,339.28,492.64,445.62,353.37,331.61,322.82,348.62,378.56,320.57,445.96,350.68,307.43,324.2,311.2,373.83,266.98,370.09,375.14,332.46,326.79,318.86,319.85,315.68,311.59,307.56,303.6,299.71,295.89,292.13,288.44,284.81,281.23,277.72,274.27,270.87,267.52,264.23,261.0,257.81,254.67,251.59,248.55,245.55,242.6,239.69,236.82,233.98,231.17,228.4,225.66,222.96,220.29,217.65,215.04,212.46,209.91,207.39,204.91,202.45,200.02,197.63,195.26,192.92,190.6,188.32,186.06,183.83,181.62,179.45,177.29,175.16417099795444,173.0638126128647,170.98862008664722,168.9382923874196,166.91253198367028,164.91104495717346,162.93354089007408,160.97973286488795,159.04933712575584,157.14207386885016,155.25766600030764,153.395840039551,151.55632589345845,149.738856404703,147.94316780341325,146.16899936842776,144.41609354021023,142.68419580793434,140.97305470948388,139.28242183145247,137.6120516962286,135.96170164908037,134.3311320839859,132.72010621780288,131.12839009026862,129.5557524510849,128.0019649857483,126.4668018638894,124.95004030384884,123.45145978227087,121.9708425986795,120.50797387547819,119.06264088045901,117.63463359137846,116.22374480887262,114.82976925313571,113.45250446724161,112.09175043323216,110.74730928982922,109.41898569376328,108.10658662781763,106.80992134437079,105.52880141056255,104.26304062925334,103.01245503902427,101.776862846428,100.55608448244634,99.34994247828347,98.15826151053214,96.98086835600755,95.81759185787271,94.668262891764,93.53271437708267,92.41078122053712,91.30230029356011,90.20711045489152,89.12505244895489,88.05596895102337,86.99970451076221,85.95610551835418,84.92502024966556,83.90629874203961,82.89979286204554,81.90535622643792,80.9228442360312,79.95211398536767,78.99302428530036,78.04543566299321,77.10921029417173,76.18421199183169,75.27030622882207,74.3673600700959,73.47524216141883,72.59382274066064,71.72297359262913,70.86256803777854,70.0124808983352,69.1725885208803,68.3427687198925,67.52290075516483,66.71286535438769,65.91254466798281
55,716.87,627.06,629.96,614.97,574.67,694.8,623.1,509.65,532.96,654.62,481.99,358.02,459.73,549.78,527.97,522.3,370.43,404.1,377.8,460.95,413.92,420.36,419.92,450.06,492.21,344.09,424.82,408.05,290.82,372.09,395.76,329.44,374.84,333.78,447.41,309.53,346.78,356.88,349.05,350.28,345.86,341.5,337.21,332.99,328.83,324.73,320.7,316.72,312.81,308.95,305.15,301.41,297.72,294.09,290.51,286.98,283.5,280.07,276.69,273.36,270.07,266.83,263.63,260.47,257.35,254.26,251.21,248.2,245.23,242.29,239.38,236.51,233.68,230.88,228.11,225.37,222.67,220.0,217.37,214.76,212.19,209.64,207.13,204.64,202.19,199.77,197.37,195.01,192.67187627031717,190.3617625670171,188.07932364974675,185.8242286847502,183.5961506799204,181.39476625881974,179.2197563386181,177.07080533916513,174.9476015219593,172.84983687715828,170.7772071235787,168.72941159570686,166.70615301771906,164.70713795544043,162.73207636438616,160.78068147677203,158.8526701404832,156.94776270608463,155.06568246187265,153.2061564248029,151.36891454956228,149.55369029351755,147.76021993877725,145.98824327012971,144.23750301009468,142.50774493191307,140.7987179725365,139.1101738936584,137.4418675076933,135.79355656478714,134.16500175281737,132.55596647141346,130.96621705793638,129.39552267448883,127.84365519492562,126.31038920485364,124.79550188864224,123.29877325540252,121.81998580001834,120.35892484211531,118.91537807410218,117.48913567416037,116.07999053222343,114.6877377980184,113.31217533302433,111.95310305513227,110.61032361658337,109.28364182772147,107.9728649168693,106.67780238344204,105.39826599794722,104.13406981328377,102.88503007435017,101.6509652519414,100.43169594105835,99.22704494000037,98.03683712607682,96.86089947820493,95.69906105431187,94.55115295743782,93.4170082792412,92.29646215649345,91.18935166938836,90.09551584154205,89.01479562869403,87.94703390740813,86.8920754072789,85.84976673352935,84.81995629921721,83.80249438172984,82.79723298719652,81.80402595217919,80.82272881938384,79.85319887155735,78.89529510888968,77.94887821511678,77.01381052362385,76.08995605134217,75.17718039705844,74.27535080920852,73.38433610678467,72.50400667933562
56,808.82,662.02,735.94,617.63,665.79,712.97,625.35,550.21,598.42,506.36,583.51,502.03,510.92,516.37,537.43,489.84,452.12,495.06,459.16,442.64,490.13,459.3,485.36,414.45,465.05,542.71,415.92,399.08,366.83,384.46,361.44,395.78,435.4,497.47,415.74,465.59,363.41,367.08,382.42,383.88,379.14,374.47,369.86,365.32,360.84,356.42,352.06,347.76,343.52,339.34,335.22,331.15,327.13,323.17,319.26,315.41,311.6,307.85,304.15,300.49,296.88,293.32,289.81,286.33,282.9,279.51,276.16,272.85,269.58,266.35,263.16,260.0,256.89,253.81,250.77,247.76,244.79,241.86,238.96,236.09,233.26,230.47,227.7,224.97,222.28,219.61,216.98,214.38,211.80985293501834,209.27049025456662,206.761543765733,204.28264968171914,201.83344896077176,199.4135862893875,197.0227110991082,194.6604765497254,192.32654020714412,190.02056370445095,187.74221262893676,185.4911566350741,183.26706910558534,181.0696274903743,178.89851319354926,176.75341134746824,174.6340104738073,172.54000338737862,170.4710861793351,168.4269587820566,166.4073245172412,164.41189032185932,162.44036663517673,160.4924675117317,158.5679100564487,156.6664151025021,154.78770653345222,152.9315118481322,151.0975614827839,149.28558914999005,147.49533195165125,145.72653004005437,143.97892639191804,142.2522674862559,140.54630251353623,138.86078382759064,137.1954666066825,135.550108966484,133.92447218603093,132.3183200298588,130.73141919991212,129.1635392225671,127.61445244863157,126.08393394036777,124.5717611325605,123.07771451038083,121.60157715747691,120.14313430406497,118.70217434372469,117.27848792958115,115.87186797430462,114.48211032797444,113.10901287426069,111.75237625347874,110.41200324121435,109.08769907595767,107.77927130093504,106.48652976410908,105.2092865842855,103.94735611721981,102.7005549782129,101.46870191783606,100.25161788971711,99.04912598275439,97.86105139852101,96.68722142866956,95.52746543233657,94.38161480224942,93.24950296472626,92.13096531188968,91.02583922426213,89.93396403687287,88.8551809714714,87.78933318171852,86.73626567410223,85.69582533053311,84.66786086315352,83.65222276914655,82.64876336462936,81.65733670556895,80.67779862167544,79.71000664861569
57,995.84,827.07,735.91,848.74,841.25,763.01,626.72,649.44,619.69,689.97,553.52,654.88,713.62,465.98,528.95,574.41,596.87,663.72,585.09,620.08,468.35,632.35,536.16,403.43,527.5,465.93,518.81,467.87,467.8,392.5,436.4,372.41,500.13,445.79,432.7,472.13,298.41,484.67,419.14,420.82,415.7,410.64,405.65,400.73,395.86,391.07,386.33,381.65,377.04,372.48,367.99,363.55,359.16,354.84,350.56,346.35,342.18,338.07,334.01,330.0,326.05,322.14,318.28,314.46,310.69,306.97,303.29,299.66,296.07,292.52,289.01,285.55,282.13,278.75,275.4,272.1,268.84,265.62,262.44,259.29,256.18,253.11,250.08,247.08,244.12,241.19,238.3,235.44,232.6176308411029,229.8290606751975,227.07388552080423,224.35170648010325,221.66212894814268,219.0047634036302,216.37922473111183,213.78513244691229,211.22211058616472,208.68978792875123,206.1877972085114,203.7157759040337,201.27336556083424,198.86021224323756,196.47596596952576,194.12028127678934,191.79281643013587,189.49323387457076,187.22120034796743,184.97638631621643,182.7584661991656,180.56711814467997,178.40202459349243,176.26287126247212,174.1493479354159,172.06114801116738,169.99796861658712,167.95951015467185,165.94547709534606,163.95557707170005,161.9895214448412,160.047024852013,158.1278053195654,156.23158437592483,154.35808671268373,152.5070405235111,150.6781770522717,148.8712308189664,147.08593950676212,145.32204396199157,143.57928808118328,141.8574189240318,140.15618626151667,138.4753432537238,136.81464577202425,135.1738526250146,133.55272555851693,131.95102925557882,130.3685308845926,128.80500066414623,127.26021152411288,125.73393921862088,124.22596176120301,122.7360603285578,121.26401835678816,119.80962210625222,118.37266009671244,116.95292367218653,115.55020666203691,114.16430504206,112.79501749933732,111.44214511591893,110.10549128974424,108.78486175723599,107.48006460459742,106.19091020003,104.91721119373352,103.65878245012395,102.41544107042743,101.1870063474922,99.97329970930362,98.77414473028094,97.58936709738649,96.41879457623446,95.26225701109095,94.11958625709191,92.99061620283697,91.87518269131056,90.7731235537728,89.68427856457146,88.6084893959539,87.54559962936405
58,824.86,891.2,926.77,861.73,898.05,803.37,737.93,767.07,748.1,761.22,636.89,633.52,715.16,574.08,568.81,673.95,587.74,673.49,614.93,495.08,613.41,536.4,496.04,499.61,571.94,555.91,533.76,475.04,505.08,484.17,403.05,416.1,531.34,453.18,465.37,524.8,484.76,476.37,459.65,461.74,456.35,451.01,445.73,440.5,435.33,430.21,425.15,420.14,415.18,410.27,405.42,400.61,395.86,391.16,386.51,381.91,377.36,372.85,368.4,364.0,359.64,355.34,351.08,346.87,342.72,338.61,334.55,330.55,326.59,322.67,318.81,314.99,311.21,307.48,303.8,300.16,296.56,293.0,289.49,286.02,282.6,279.21,275.86,272.56,269.29,266.06,262.87,259.72,256.60689148946693,253.53105622766614,250.49204877358125,247.48942912531265,244.5227627200778,241.5916197543214,238.69557586360523,235.83421178266315,233.00711289214146,230.21386978517356,227.45407781412015,224.72733720388428,222.0332529385963,219.3714346482989,216.74149660894736,214.14305785572412,211.57574161646443,209.03917610486064,206.532993387313,204.05683028944912,201.6103280561791,199.19313178512098,196.80489110649015,194.4452598431548,192.11389589732065,189.8104610239015,187.53462139709347,185.28604681717087,183.06441116374552,180.86939239576716,178.70067198494843,176.55793548233973,174.4408718384396,172.34917408308428,170.28253875887305,168.2406660344832,166.22325947804,164.2300266236917,162.26067795177477,160.31492779533357,158.3924938868605,156.49309701835142,154.61646160788004,152.7623153596532,150.93038892406614,149.1204165775922,147.33213531626302,145.5652857621883,143.8196113703511,142.09485854192306,140.3907769642086,138.7071191573859,137.04364070113633,135.40009989469962,133.7762582101339,132.17187972574078,130.58673135269527,129.02058306167567,127.47320720297401,125.94437918638555,124.43387668800432,122.94148055674258,121.46697379449637,120.01014223603516,118.57077420905705,117.14866064750365,115.74359497824518,114.35537289445064,112.9837927861845,111.62865530980993,110.28976354662979,108.96692293489762,107.65994123582317,106.36862848824642,105.092797042632,103.8322614364229,102.58683848469231,101.35634715549722,100.14060858120989,98.93944604718644,97.7526849577722,96.580152768313
59,913.9,894.91,902.08,1002.02,885.07,849.53,902.85,708.17,793.96,816.25,795.77,729.86,767.32,613.68,815.01,736.47,688.26,658.2,743.3,594.96,601.78,661.59,682.46,608.04,517.1,553.57,605.18,534.55,617.08,526.8,537.74,491.77,525.02,558.13,582.31,610.84,557.2,545.77,503.68,506.17,500.45,494.78,489.15,483.57,478.04,472.55,467.11,461.72,456.37,451.07,445.81,440.6,435.44,430.33,425.26,420.24,415.27,410.34,405.46,400.63,395.85,391.11,386.43,381.8,377.22,372.7,368.24,363.83,359.47,355.16,350.91,346.7,342.55,338.44,334.39,330.38,326.42,322.51,318.65,314.83,311.06,307.33,303.64,300.01,296.41,292.86,289.35,285.88,282.4537079095503,279.0684296922085,275.7236754523771,272.41896131590255,269.15380908923873,265.92774637305945,262.74030610780954,259.5910272553779,256.4794537765882,253.4051351992592,250.3676266182055,247.36648824078821,244.4012855005277,241.471589057103,238.57697456912803,235.71702280776344,232.89131965671675,230.09945588501793,227.34102680618312,224.61563307349942,221.92287965751592,219.26237652771613,216.63373819806984,214.03658361342053,211.47053649032227,208.93522486259076,206.43028130852778,203.9553427236969,201.51005043453557,199.09404985751877,196.7069907263831,194.34852697851488,192.0183165277257,189.71602171870106,187.44130853171532,185.19384703708036,182.97331139514532,180.77937940184844,178.61173305677738,176.4700576542723,174.3540426923229,172.26338119089564,170.19776980554582,168.1569087138054,166.14050195601953,164.14825686728568,162.1798844182903,160.23509887447216,158.3136180232467,156.41516294678183,154.53945813560995,152.6862313750159,150.85521351781256,149.04613893878957,147.2587448530403,145.4927718840227,143.74796360911063,142.0240666732061,140.32083078873922,138.6380086220559,136.9753557934182,135.33263087700394,133.70959528729483,132.10601339268848,130.52165217466205,128.95628156860852,127.40967423661264,125.88160545383856,124.37185333575424,122.88019849729498,121.40642428008773,119.95031652522675,118.51166380049798,117.09025683231818,115.68588941463224,114.29835727279163,112.92745887020067,111.57299498795153,110.23476879299163,108.9125858154011,107.60625391430922,106.31558323244944
60,1064.66,1037.73,1158.03,943.51,978.8,1020.43,943.98,890.55,866.65,881.21,791.93,824.86,849.75,775.93,766.2,745.97,827.18,809.14,805.86,712.18,618.02,630.01,787.99,648.6,606.39,683.73,602.28,665.26,619.51,594.96,518.91,649.26,549.79,535.46,595.29,643.06,529.35,609.38,555.93,558.68,552.37,546.11,539.9,533.74,527.63,521.58,515.57,509.62,503.72,497.87,492.07,486.32,480.63,474.98,469.39,463.85,458.36,452.92,447.54,442.21,436.93,431.7,426.53,421.42,416.37,411.39,406.46,401.59,396.78,392.03,387.33,382.69,378.11,373.58,369.1,364.68,360.31,355.99,351.73,347.51,343.35,339.23,335.17,331.15,327.19,323.26,319.39,315.56,311.7784349290025,308.0421258943745,304.35053259464433,300.70312126147246,297.099364659651,293.53874151402243,290.0207369679449,286.54484212482646,283.1105542773583,279.7173765636652,276.36481808192235,273.05239377573855,269.7796243195402,266.54603600395484,263.3511610796601,260.19453695506934,257.0757066547971,253.99421893427544,250.94962736282298,247.94149146980854,244.96937536925506,242.0328487913864,239.13148662416228,236.26486834019641,233.4325790283035,230.63420836195232,227.86935082849845,225.13760595841657,222.4385779814519,219.7718758266199,217.1371130075901,214.53390773730226,211.9618826987338,209.4206652741325,206.90988697193467,204.429183999847,201.97819646253205,199.5565693931554,197.1639513779895,194.79999570257698,192.4643595494166,190.15670411257918,187.87669494155685,185.62400113894856,183.39829627739098,181.19925725339482,179.0265652042758,176.87990493507272,174.75896514778034,172.66343786826755,170.59301936320819,168.5474089939175,166.52631013328286,164.52942936344968,162.5564769342863,160.60716664876813,158.6812152898954,156.77834365224078,154.89827539578567,153.0407376190018,151.2054606296188,149.39217817385685,147.6006268633447,145.83054651896902,144.0816804001069,142.3537744023115,140.64657763039372,138.95984216918967,137.29332319817667,135.64677864762467,134.0199693132122,132.41265908525932,130.82461426102935,129.25560446165983,127.7054016006152,126.17378057138505,124.660518903635,123.16539676320669,121.68819683750144,120.22870467932934,118.78670801921112,117.36199756769258
61,1060.56,1095.26,1203.53,1106.78,1125.31,1107.49,1087.34,950.49,1057.55,996.33,946.71,889.0,879.63,898.6,1022.24,1049.98,838.06,923.07,724.49,797.76,852.34,773.72,670.73,700.71,588.03,602.61,619.62,709.81,692.13,604.15,667.92,686.1,640.3,581.71,657.21,605.57,565.36,598.52,604.55,607.59,600.73,593.92,587.17,580.48,573.84,567.25,560.73,554.25,547.84,541.47,535.17,528.92,522.72,516.59,510.51,504.48,498.51,492.6,486.75,480.95,475.21,469.52,463.9,458.35,452.86,447.44,442.08,436.78,431.55,426.38,421.27,416.23,411.24,406.32,401.45,396.64,391.89,387.19,382.56,377.97,373.44,368.97,364.55,360.18,355.87,351.6,347.39,343.23,339.11736545198534,335.053936478233,331.0391262478752,327.0723545492951,323.1530483607527,319.2806412797591,315.45457363720203,311.6742926114702,307.93925154370396,304.24891050841956,300.6027361993851,297.00020124486946,293.440784664143,289.9239718674773,286.4492540855202,283.01612871167055,279.62409918795373,276.27267477677105,272.9613705609001,269.6897073293696,266.4572118057094,263.2634161914505,260.1078580520001,256.9900806590163,253.9096328762834,250.8660684749619,247.8589470465882,244.88783320419986,241.9522964682104,239.05191183703425,236.18625933058723,233.35492387616085,230.55749519429767,227.79356825529126,225.06274259443623,222.36462254027808,219.69881710048813,217.0649400759889,214.4626098327036,211.89144907330655,209.35108529372278,206.84115021250335,204.36128011320014,201.9111153878659,199.4903008794293,197.09848565344475,194.73532288396757,192.400469853554,190.09358818151097,187.81434313914622,185.56240433451833,183.33744502768673,181.13914258721147,178.96717803365357,176.8212364960747,174.70100652728732,172.60618067447962,170.53645479446547,168.4915287384346,166.47110578132734,164.4748927359598,162.50259983889876,160.55394097871175,158.62863323946686,156.72639735723303,154.84695703532975,152.99003951495214,151.15537546104613,149.34269827755816,147.55174490631035,145.78225525637546,144.03397266057686,142.30664307661357,140.60001565768516,138.91384275249186,137.24787933460945,135.60188368723934,133.97561660433348,132.36884184709436,130.7813262581002,129.21283907655456,127.66315262303675
62,1182.52,1292.87,1253.83,1071.22,1342.01,1307.17,1218.8,1206.8,1000.26,1137.41,944.18,1224.97,1072.19,955.74,949.25,881.26,944.34,828.14,912.47,730.86,748.42,739.2,904.6,712.44,886.2,846.01,762.27,763.73,749.02,691.69,713.39,664.25,791.96,729.85,692.06,740.25,606.04,642.93,656.37,659.93,652.54,645.15,637.81,630.54,623.33,616.18,609.09,602.06,595.09,588.18,581.34,574.55,567.82,561.16,554.55,548.01,541.53,535.1,528.75,522.45,516.21,510.04,503.94,497.9,491.94,486.05,480.23,474.48,468.8,463.18,457.64,452.16,446.74,441.39,436.1,430.88,425.72,420.62,415.58,410.61,405.69,400.83,396.03,391.28,386.59,381.96,377.39,372.87,368.4028202141619,363.9890737346708,359.628123241231,355.319339255041,351.06209979785945,346.8557900510701,342.69980258297164,338.59353734877783,334.5364011223932,330.52780783734767,326.5671784731513,322.65394060071526,318.7875289505765,314.9673847310275,311.19295562811743,307.4636963738757,303.7790676098638,300.1385367963338,296.54157753035975,292.987669659482,289.4762991680626,286.0069584045749,282.57914539973484,279.19236443472454,275.8461253593238,272.53994427377876,269.2733426196435,266.04584774800395,262.8569925785435,259.70631559954313,256.59336075423624,253.51767732716408,250.47882028511017,247.4763495952313,244.5098304523471,241.5788332789401,238.68293361151095,235.82171221422323,232.99475451067912,230.20165115214377,227.441997449321,224.71539371328788,222.02144480091522,219.35976045580225,216.72995496734214,214.1316471707217,211.56446078785626,209.02802351823075,206.52196772076866,204.0459303001875,201.59955225241904,199.1824788918993,196.79435985156846,194.43484885558112,192.10360371930625,189.8002865766172,187.52456331166692,185.27610389982306,183.0545822940227,180.8596760838382,178.69106717734587,176.54844089196743,174.4314862954046,172.33989643292864,170.27336764551134,168.23160036533895,166.21429820665344,164.2211684203318,162.25192189388613,160.30627269688415,158.38393853552873,156.4846404117232,154.6081026230715,152.75405287652282,150.92222194743738,149.11234390687565,147.32415612159895,145.55739891313434,143.81181578506477,142.08715319573898,140.3831608992064,138.69959137699263
63,1201.41,1415.94,1330.46,1269.51,1418.61,1187.14,1263.07,1304.29,1189.24,1242.83,1129.7,1040.2,1341.0,1296.11,1138.45,888.08,831.68,1028.41,973.63,933.95,992.84,844.57,874.28,901.01,821.21,904.78,789.74,962.2,859.44,694.32,690.48,730.88,686.24,637.92,796.17,714.98,793.29,739.78,711.9,716.22,708.46,700.49,692.54,684.64,676.82,669.05,661.36,653.73,646.16,638.66,631.23,623.86,616.56,609.32,602.15,595.05,588.01,581.04,574.13,567.3,560.53,553.83,547.2,540.65,534.18,527.78,521.47,515.22,509.05,502.96,496.94,490.99,485.11,479.3,473.56,467.89,462.29,456.75,451.28,445.87,440.53,435.26,430.05,424.89,419.81,414.78,409.81,404.9,400.0497977658895,395.25759316402673,390.52269493263975,385.84442018477165,381.2220942951077,376.65505022093595,372.14262906801343,367.68417963787317,363.2790585409976,358.926630083645,354.62626570198427,350.3773447543065,346.17925372881297,342.0313864699617,337.9331437257746,333.88393371370313,329.88317155476284,325.9302792735329,322.02468568498347,318.1658265076483,314.3531440241057,310.5860871941512,306.86411154162505,303.1866791544114,299.55325823174644,295.9633235369104,292.416355831362,288.9118423274312,285.4492761224531,282.0281564251147,278.64798844228096,275.30828292630304,272.0085569672298,268.7483328610764,265.5271391283827,262.3445093824817,259.1999831217116,256.09310516355004,253.0234258709602,249.99050069969854,246.99389053783378,244.0331617057475,241.10788539026768,238.2176379841886,235.3620008599244,232.54056048268217,229.75290818411577,226.99864016232561,224.2773573686856,221.5886655078432,218.9321751508924,216.30750128268124,213.71426375450451,211.15208649189114,208.62059828681691,206.11943223183846,203.64822572009294,201.2066206716448,198.79426308079286,196.41080312924356,194.05589541245723,191.7291982606091,189.4303745308016,187.1590907016787,184.91501732611897,182.6978292575816,180.50720463154795,178.34282577090715,176.20437873326298,174.09155331093422,172.00404303095453,169.94154492872605,167.90375988753897,165.89039218587888,163.90114972377302,161.93574368327086,159.99388898113662,158.0753038161568,156.17970966914007,154.30683141609035,152.45639721503386,150.62813839284564
64,1475.15,1536.5,1440.23,1195.68,1509.18,1404.01,1407.44,1383.22,1484.63,1394.98,1208.68,1401.36,1367.87,1299.41,1336.27,1187.28,1092.88,1064.43,1065.21,1117.76,1055.49,1040.96,1076.43,852.43,942.2,899.39,899.45,854.44,873.8,814.06,782.17,832.79,680.46,835.73,796.98,767.16,909.6,830.33,775.45,780.66,772.68,764.26,755.64,747.03,738.49,730.02,721.63,713.3,705.05,696.87,688.76,680.72,672.75,664.86,657.04,649.29,641.61,634.01,626.48,619.02,611.64,604.33,597.1,589.95,582.89,575.91,569.02,562.21,555.48,548.83,542.26,535.77,529.35,523.02,516.75,510.57,504.45,498.41,492.45,486.55,480.72,474.97,469.28,463.66,458.11,452.62,447.2,441.84,436.54815619591,431.3195705973659,426.1534899242937,421.04916983998027,416.00587472465986,411.02287767551354,406.0994603934625,401.2349130699608,396.428534273788,391.6796309510496,386.9875180855556,382.3515190384415,377.7709647557189,373.24519456072545,368.77355524846723,364.3554016516549,359.9900960746682,355.6770081803486,351.41551555603473,347.20500269469875,343.04486178739603,338.934491930815,334.8732995801063,330.8606979828464,326.8961075186598,322.97895535959697,319.10867558334184,315.28470883359057,311.5065024332583,307.7735103844793,304.08519291577886,300.4410170481083,296.8404556891885,293.28298842595945,289.7681005057164,286.2952839681809,282.86403628701544,279.47386104906633,276.1242680675705,272.81477270291293,269.54489597583404,266.31416479384353,263.1221114983922,259.96827443090734,256.85219680072186,253.77342770393795,250.7315214441847,247.72603764582507,244.75654102754183,241.82260174195864,238.92379492281185,236.0597006849504,233.22990423754294,230.4339957708707,227.67157034312035,224.9422275407629,222.2455721577961,219.58121351650186,216.94876535423913,214.34784638947957,211.77807964256476,209.2390926621205,206.73051752505668,204.25199061015323,201.80315271126722,199.3836485845043,196.99312774066857,194.63124342639844,192.29765330340965,189.99201899566637,187.71400597617446,185.46328401980972,183.23952686369657,181.04241164117266,178.87162001385974,176.72683681317852,174.60775105921263,172.5140553946729,170.44544597169062,168.40162267823138,166.38228891168103,164.3871518052599
65,1786.47,1626.88,1446.33,1566.75,1599.71,1608.71,1506.0,1605.53,1572.7,1554.61,1436.5,1545.97,1336.72,1402.98,1473.31,1382.05,1304.56,1027.44,1311.59,1157.89,1171.63,1137.89,1180.22,915.6,1030.88,1034.39,936.63,1032.28,955.0,836.64,787.87,795.56,931.07,935.48,999.26,847.34,834.62,1017.52,845.55,851.58,843.39,834.7,825.55,816.21,806.88,797.63,788.46,779.37,770.36,761.42,752.56,743.78,735.08,726.46,717.91,709.45,701.06,692.76,684.53,676.38,668.32,660.33,652.43,644.63,636.91,629.29,621.76,614.32,606.97,599.71,592.53,585.44,578.43,571.51,564.66,557.91,551.23,544.63,538.11,531.67,525.3,519.01,512.8,506.66,500.59,494.6,488.68,482.82,477.0383814759276,471.3258512587425,465.68158726492175,460.1047768094184,454.59461739830346,449.15031536995,443.77108691414554,438.45615727944903,433.2047607731909,428.01614098794283,422.88955023534385,417.82424977257,412.81950957586497,407.874608114071,402.9888326883325,398.1614788659229,393.39185036701014,388.6792594043606,384.0230263436351,379.4224793636849,374.8769546830208,370.385796559814,365.94835683895644,361.5639949520613,357.2320782571672,352.95198124609504,348.7230859973872,344.5447819498379,340.4164656760239,336.3375408823047,332.30741852205716,328.3255163427366,324.39125899911187,320.50407816649977,316.6634120878265,312.86870568686226,309.1194104549867,305.41498456442366,301.75489252853686,298.1386049753611,294.56559921377493,291.0353585540933,287.5473723080674,284.10113612858834,280.69615155674893,277.33192602184346,274.007972728133,270.72381088131505,267.47896512234985,264.2729659803993,261.10534953312293,257.9756571802084,254.88343609631045,251.8282384384082,248.8096221384475,245.82714988422947,242.880390138522,239.96891589347888,237.09230580298603,234.25014293708065,231.44201591429749,228.667517882557,225.92624697210422,223.21780595580452,220.5418024756129,217.89784881610498,215.2855619044768,212.70456308407537,210.15447845410307,207.6349381902093,205.14557733713323,202.6860349028267,200.25595453786184,197.85498374278885,195.4827745475436,193.13898294527468,190.82326911881248,188.53529721419991,186.2747355671618,184.04125625016624,181.83453541212862,179.6542528254728
66,1677.71,1798.11,1668.77,1553.51,1685.74,1822.04,1756.57,1716.08,1717.71,1515.64,1514.26,1467.48,1498.5,1475.01,1510.8,1427.08,1451.75,1376.75,1080.18,1207.81,1251.06,1220.55,1152.77,1168.35,1289.81,987.78,999.73,1047.67,1012.94,1017.48,971.8,1074.19,837.95,806.04,1011.39,970.25,1010.87,936.57,924.16,930.85,922.26,913.27,903.77,893.82,883.68,873.55,863.51,853.55,843.69,833.9,824.2,814.59,805.06,795.62,786.27,777.0,767.82,758.73,749.72,740.8,731.97,723.22,714.57,706.03,697.58,689.24,680.99,672.84,664.79,656.84,648.98,641.21,633.54,625.96,618.47,611.07,603.75,596.53,589.39,582.33,575.36,568.48,561.67,554.95,548.31,541.74,535.26,528.85,522.5184625719601,516.2625543717893,510.0813760627187,503.97403918020245,497.939665339153,491.97738691345404,486.08634612994206,480.26569552141586,474.5145978133842,468.8322251312995,463.21775979332364,457.67039351756256,452.1893277618224,446.7737731573485,441.4229498485819,436.13608715340257,430.9124235631293,425.75120640276305,420.6516919442389,415.6131452931736,410.63484027561367,405.71605909827827,400.8560929148207,396.054240580053,391.3098100089734,386.62211659123443,381.9904843236657,377.4142449042555,372.89273829841216,368.4253118329458,364.0113207623297,359.6501281554482,355.3411044425868,351.0836274154332,346.8770824535809,342.7208621847727,338.6143661451439,334.5570015719882,330.5481820447299,326.58732861744727,322.6738690261061,318.80723780181233,314.98687604430677,311.2122317617229,307.48275930432453,303.79791947775846,300.1571797695592,296.5600136696346,293.0059011232758,289.494327964895,286.0247865975395,282.5967749736213,279.20979738768244,275.86336379688225,272.5569900475007,269.290197761687,266.06251422420706,262.873472382443,259.7226106198894,256.6094728694047,253.53360861321187,250.49457242988862,247.49192444737704,244.52522977672186,241.59405907833207,238.69798776921454,235.83659636273117,233.00947046859875,230.21620067963673,227.45638234526245,224.72961568474358,222.03550556069337,219.37366170557533,216.74369849519871,214.1452346089613,211.5778937093634,209.0413036492417,206.53509669827395,204.05890976948334,201.61238373972472,199.19516401594626,196.80690019543246
67,1909.25,2051.85,1914.03,1955.76,1863.0,1836.06,1786.63,1757.37,1802.98,1819.36,1949.94,1731.08,1700.53,1625.4,1436.88,1819.76,1794.61,1789.96,1525.13,1558.34,1476.09,1564.31,1297.6,1228.06,1310.43,1083.67,1274.57,1267.19,996.67,1076.05,1077.85,1025.1,1149.92,962.66,1046.68,1140.19,1091.0,1023.02,1008.53,1015.69,1006.42,996.98,987.15,976.8,965.99,954.99,944.01,933.14,922.35,911.66,901.06,890.55,880.14,869.83,859.6,849.47,839.44,829.5,819.65,809.9,800.25,790.7,781.25,771.9,762.67,753.55,744.54,735.63,726.83,718.14,709.55,701.06,692.68,684.39,676.2,668.11,660.12,652.22,644.41,636.7,629.08,621.56,614.12,606.77,599.51,592.33,585.24,578.24,571.3187295175264,564.4800950291234,557.7231146817037,551.0468183484921,544.4502475162717,537.932454608866,531.4925034381513,525.1294686402915,518.8424360139969,512.6305019567598,506.49277335210047,500.42836790782735,494.4364135922713,488.5160485215326,482.6664212977405,476.8866902197816,471.17602373431214,465.5335998719932,459.95860681125527,454.4502417507686,449.00771169871405,443.6302330217712,438.31703110685896,433.0673408121485,427.88040590329695,422.75547894069575,417.6918213922225,412.68870363324174,407.74540438283964,402.86121115483604,398.0354196940195,393.26733420165306,388.5562669972158,383.9015386311551,379.30247765938145,374.75842053051474,370.2687115858846,365.8327030595305,361.4497546271896,357.1192337445556,352.840515196267,348.6129814341663,344.4360217880282,340.3090332548316,336.23141982224087,332.20259246860627,328.22196927571656,324.2889750905405,320.4030417507324,316.5636076336205,312.77011799446575,309.0220246282026,305.3187856439335,301.65986569043474,298.04473584340315,294.4728734927034,290.9437621168619,287.456891170314,284.01175664716857,280.60785995367837,277.244708923017,273.92181691325476,270.6387032583708,267.39489281724093,264.1899161991438,261.023309651008,257.89461483190564,254.80337892580584,251.74915441606848,248.73149919819718,245.7499763543334,242.80415404050336,239.89360605038314,237.01791057501563,234.17665121758748,231.36941665517023,228.59579996220216,225.85539962526536,223.14781852830885,220.47266451641337,217.8295497192735,215.2180914532217
68,2174.98,2180.37,2070.6,1951.2,2213.48,1818.36,1853.87,1984.32,2297.04,1873.37,1762.8,1990.25,1800.94,1822.39,1820.35,1909.85,1789.17,1733.87,1780.84,1369.27,1455.0,1546.81,1255.27,1413.37,1088.09,1301.35,1138.69,1335.2,1396.01,1219.23,1135.68,1167.4,1261.02,1204.72,1100.96,1122.86,1171.11,1159.72,1103.93,1111.43,1101.15,1090.93,1080.55,1069.76,1058.45,1046.68,1034.73,1022.81,1010.99,999.27,987.66,976.15,964.75,953.44,942.24,931.14,920.15,909.25,898.47,887.78,877.21,866.74,856.38,846.14,836.03,826.03,816.16,806.4,796.76,787.23,777.81,768.51,759.32,750.24,741.27,732.4,723.64,714.99,706.43,697.98,689.63,681.38,673.23,665.18,657.22,649.35,641.58,633.91,626.3243444723573,618.8292104554548,611.4235238370497,604.106222851017,596.8762583018242,589.7325935645317,582.6742039113676,575.7000766239654,568.809211105602,562.0006184322465,555.2733211280871,548.6263532777673,542.0587606386238,535.5695998550244,529.1579387950804,522.8228561016965,516.5634417537585,510.378795831521,504.26802941450734,498.2302640203221,492.2646313801765,486.3702735511254,480.5463425793555,474.79200083689733,469.1064201237261,463.48878245342297,457.9382790430393,452.4541109865203,447.0354886935182,441.6816320016298,436.3917697274464,431.1651400032667,426.0009898281463,420.89857518013565,415.85716090404264,410.8760203747198,405.9544356093025,401.0916971549706,396.28710386447443,391.5399630083718,386.8495900505532,382.21530831152927,377.6364494173811,373.11235262633517,368.64236550218783,364.22584267969415,359.86214687470425,355.5506483229762,351.29072455570156,347.0817606239797,342.923148762106,338.81428838757137,334.7545862133001,330.7434557986999,326.7803177741368,322.864599504223,318.9957354245287,315.17316625592065,311.3963396779866,307.66470988008524,303.9777375613466,300.33488948172203,296.7356392476463,293.1794664141384,289.6658565970386,286.19430180972086,282.76430001414326,279.3753550086103,276.02697654001065,272.71868030381694,269.44998760737326,266.22042559437057,263.0295266836592,259.8768293549107,256.76187725071867,253.68421940107368,250.6434104478378,247.63901008355774,244.67058338817708,241.73770049232377,238.8399368017853,235.97687254855873
69,2235.16,2421.45,2317.83,2389.39,2280.31,2264.26,2302.7,2173.02,2119.41,2128.73,2165.71,1940.55,2251.48,1897.04,2112.47,2115.61,1774.6,1897.59,1784.85,1742.56,1609.83,1837.4,1537.06,1534.46,1283.74,1232.48,1532.07,1267.5,1266.65,1228.62,1241.7,1313.48,1313.95,1178.39,1273.67,1342.54,1316.37,1269.05,1206.66,1214.39,1202.84,1191.54,1180.31,1168.91,1157.11,1144.77,1131.99,1119.02,1106.09,1093.28,1080.58,1068.0,1055.52,1043.16,1030.91,1018.77,1006.75,994.84,983.04,971.36,959.79,948.34,937.01,925.81,914.75,903.82,893.01,882.34,871.79,861.37,851.08,840.9,830.85,820.92,811.1,801.41,791.82,782.35,773.0,763.76,754.62,745.6,736.68,727.87,719.16,710.56,702.06,693.66,685.3617838592813,677.1625343130919,669.0610783851346,661.0562567771641,653.1469237577825,645.3319469400321,637.6102072813956,629.9805988613881,622.4420286591509,614.9934166646541,607.6336952114751,600.3618094216135,593.176716649472,586.0773865930607,579.0628010715898,572.131953691858,565.2838500706604,558.5175073899736,551.8319543969559,545.2262312927431,538.6993896212457,532.2504920467406,525.8786121314646,519.5828344468173,513.3622544621581,507.2159780999914,501.14312184716965,495.1428126436905,489.2141877714928,483.356394632049,477.5685906351619,471.84994319896447,466.1996294163088,460.61683627717366,455.1007602238493,449.6506072621419,444.2655927389653,438.94494123113833,433.6878865453841,428.49367149592297,423.3615479044721,418.2907761554317,413.2806257519024,408.3303746484637,403.4393093623778,398.6067248623854,393.831924346299,389.114219352206,384.45292953606184,379.8473826716895,375.29691431716884,370.8008682596514,366.358595514527,361.96945521505336,357.63281383393024,353.34804562811405,349.11453197159653,344.9316615778109,340.79883072204046,336.71544257419544,332.6809073100174,328.69464222228277,324.7560716095991,320.8646265539975,317.0197445873222,313.22087024724823,309.46745474367106,305.75895529148397,302.0948361114115,298.47456742917626,294.8976260315174,291.3634944877648,287.8716620394683,284.4216234883614,281.0128800859902,277.6449387552881,274.3173123129827,271.02951924718894,267.78108405101966,264.5715366665676,261.4004127073125,258.26725312451026
70,2710.6,2672.51,2616.28,2425.3,2489.65,2403.92,2408.65,2437.27,2389.33,2384.47,2456.79,2323.08,2512.8,2227.82,2314.45,2151.9,2125.22,2256.21,2153.77,2020.34,1685.22,1780.44,1649.41,1781.63,1681.39,1681.08,1692.84,1618.65,1455.1,1584.33,1397.04,1588.1,1254.18,1383.34,1511.19,1407.29,1390.95,1466.94,1323.03,1330.96,1317.85,1305.19,1292.76,1280.39,1267.85,1254.9,1241.42,1227.49,1213.38,1199.34,1185.41,1171.61,1157.93,1144.38,1130.95,1117.64,1104.45,1091.39,1078.46,1065.64,1052.96,1040.4,1027.98,1015.7,1003.57,991.58,979.74,968.03,956.47,945.04,933.75,922.59,911.56,900.67,889.91,879.27,868.76,858.38,848.12,837.98,827.96,818.06,808.28,798.62,789.07,779.63,770.31,761.1,751.9980451670322,743.0045700612509,734.1182906590279,725.3379378083192,716.6622573388255,708.0900096213522,699.6199693474899,691.2509259702541,682.9816826024859,674.8110567879712,666.7378796201626,658.7609958523378,650.8792641179206,643.0915559390411,635.3967562773356,627.7937634237866,620.2814880072839,612.858853986063,605.5247976562672,598.2782677621068,591.1182253856989,584.0436441673879,577.0535092041463,570.1468179308537,563.3225795694975,556.5798145783737,549.9175554232054,543.3348456958645,536.830740334691,530.4043050736938,524.0546171035096,517.7807643002845,511.5818450053536,505.45696868620024,499.4052548348575,493.42583351870746,487.51784505000177,481.68043987570127,475.91277846731657,470.2140311005881,464.58337796564615,459.0200088365308,453.5231229610323,448.0919292810112,442.72564588159815,437.4234999911947,432.1847283119522,427.0085762486533,421.8942982391912,416.84115742408983,411.8484257566643,406.9153838928605,402.0413207506159,397.2255337301791,392.46732860394997,387.76601951647973,383.12092832351163,378.53138514278027,373.9967281336921,369.51630294652557,365.0894633833908,360.7155705169505,356.3939933513789,352.124107941083,347.90529816182175,343.7369549395868,339.61847647092213,335.54926800260455,331.5287419418034,327.55631774592075,323.6314213717918,319.7534861569642,315.92195160793915,312.1362642814507,308.3958770133461,304.70024935922584,301.0488471538039,297.44114251090764,293.8766140437977,290.35474631436875,286.8750301636286,283.4369622710594
71,2800.07,2932.65,2743.71,2770.89,2548.95,2699.15,2628.12,2671.0,2572.91,2411.53,2378.79,2587.22,2455.74,2297.48,2500.12,2301.93,2285.17,2319.27,2300.48,2461.98,2211.1,2074.81,2059.42,1834.53,1854.44,1946.33,1860.35,1843.19,1558.08,1431.42,1653.88,1514.16,1494.89,1596.59,1642.77,1410.91,1420.7,1486.87,1455.08,1463.29,1448.36,1434.03,1420.12,1406.41,1392.75,1378.92,1364.68,1349.91,1334.7,1319.32,1304.01,1288.84,1273.8,1258.9,1244.13,1229.5,1215.0,1200.64,1186.42,1172.33,1158.38,1144.58,1130.92,1117.42,1104.08,1090.9,1077.87,1065.0,1052.28,1039.72,1027.3,1015.03,1002.9,990.92,979.09,967.39,955.83,944.41,933.13,921.98,910.96,900.08,889.32,878.69,868.19,857.81,847.56,837.43,827.4190414252721,817.5273052886106,807.7533825819932,798.0958806634501,788.553422929743,779.1246490345791,769.8082143430765,760.6027901499773,751.5070626976853,742.519734267336,733.6395215421909,724.865156807815,716.1953867518997,707.6289727915837,699.164690964346,690.8013314915781,682.5376985603696,674.3726107599358,666.3049000996564,658.3334125546079,650.457007301817,642.6745571566871,634.9849479183567,627.3870786970206,619.8798611501801,612.4622201372862,605.1330926286685,597.8914284692848,590.7361896149717,583.666350241552,576.680896635727,569.7788268677562,562.9591507914569,556.2208901533112,549.5630777196102,542.9847580402026,536.484986793853,530.0628305700278,523.7173670871089,517.4476850832875,511.2528836619209,505.13207283706834,499.0843728788486,493.10891464076155,487.20483901415207,481.3712971464251,475.6074501137239,469.9124688118236,464.2855341743445,458.7258364090038,453.2325756522571,447.8049613146564,442.4422120808502,437.14355580047663,431.90822981548416,426.7354799781687,421.6245613058156,416.57473754427156,411.5852813861587,406.65547370712557,401.7846041113819,396.971970713485,392.21687959280433,387.5186452299497,382.8765903976642,378.29004550618225,373.75834914876435,369.2808476652696,364.85689514215494,360.4858533033688,356.1670914012437,351.89998610738934,347.6839217309067,343.5182896728528,339.4024884262408,335.33592390336116,331.3180087811393,327.3481629375638,323.4258129061513,319.5503922032677,315.72134089169964,311.93810590797614
72,3100.54,3088.24,3233.0,2777.11,3236.52,2984.7,2736.89,2978.15,2967.16,2676.68,2990.07,2684.62,2728.01,2891.13,2547.48,2694.56,2788.49,2803.46,2505.13,2438.49,2539.61,2337.45,2350.72,2114.21,2132.96,1887.9,2152.06,1917.58,1950.84,1725.29,1805.98,1751.61,1636.96,1742.0,1805.47,1740.3,1623.85,1754.18,1604.99,1613.61,1596.66,1580.39,1564.69,1549.36,1534.21,1519.1,1503.81,1488.11,1471.89,1455.23,1438.42,1421.69,1405.12,1388.69,1372.41,1356.28,1340.3,1324.47,1308.79,1293.26,1277.88,1262.66,1247.6,1232.72,1218.01,1203.47,1189.11,1174.92,1160.9,1147.04,1133.35,1119.82,1106.45,1093.24,1080.19,1067.29,1054.55,1041.95,1029.51,1017.22,1005.07,993.06,981.2,969.48,957.9,946.45,935.14,923.97,912.9293373780376,902.0200450544039,891.2405733855046,880.5893901224755,870.0649813835595,859.6658504656461,849.3905180603554,839.2375222540377,829.2054180956068,819.2927770563304,809.4981876780815,799.8202548170455,790.2575992115527,780.8088581303296,771.4726844001227,762.2477467298231,753.1327291702587,744.1263313302767,735.2272677284935,726.434268009378,717.7460767271681,709.1614529137031,700.6791702945081,692.2980167485845,684.0167943084094,675.8343191599371,667.7494213184722,659.7609443045449,651.8677453599946,644.0686950158026,636.3626770920921,628.748588265961,621.2253385036488,613.7918501962027,606.4470585916449,599.1899112547625,592.0193683912343,584.9344019832952,577.9339964379881,571.0171478308705,564.18286423014,557.4301651564256,550.7580819069129,544.1656569070933,537.6519438188056,531.2160077563204,524.8569245300462,518.573780970656,512.3656744969192,506.2317132237441,500.1710159621777,494.1827115711542,488.2659392816217,482.41984869654095,476.6435990345934,470.93635977843195,465.29731002643007,459.7256384926817,454.22054372308486,448.7812333390494,443.40692468574724,438.09684407582006,432.85022700546307,427.6663181544246,422.54437095383923,417.4836478023113,412.4834195257057,407.5429658093154,402.6615748737358,397.8385432587812,393.07317571544314,388.3647855300155,383.7126936597603,379.11622948920024,374.57473018186806,370.0875406803062,365.6540138141088,361.2735099757965,356.94539722885776,352.6690509836237,348.4438541053103,344.26919669793386
73,3449.62,3387.61,3489.38,3287.34,3621.43,3349.81,3145.86,3219.04,3411.01,2882.0,3096.56,3022.21,3087.89,3054.48,2997.74,2842.34,3096.01,2864.58,2911.63,2594.76,2895.87,2639.18,2652.76,2370.86,2369.84,2082.37,2255.53,1873.13,2197.62,2414.41,1942.42,2059.7,2145.16,1898.63,2130.75,1805.57,1939.39,1865.78,1775.06,1784.33,1765.19,1746.76,1728.98,1711.73,1694.81,1678.03,1661.26,1644.33,1626.99,1609.12,1590.83,1572.42,1554.1,1535.94,1517.95,1500.12,1482.46,1464.96,1447.63,1430.46,1413.47,1396.64,1380.0,1363.54,1347.28,1331.22,1315.34,1299.66,1284.15,1268.84,1253.7,1238.74,1223.96,1209.36,1194.93,1180.67,1166.58,1152.66,1138.9,1125.31,1111.87,1098.6,1085.48,1072.52,1059.72,1047.06,1034.56,1022.21,1010.0015731631166,997.938266004774,986.0183696564934,974.2401953604231,962.6020738275109,951.1023547026459,939.7394072064881,928.5116189587819,917.4173966201851,906.4551651434684,895.6233675595737,884.9204651915554,874.3449372266961,863.895280074677,853.5700082233502,843.3676527411382,833.2867623467477,823.3259022324855,813.4836543851709,803.7586172652228,794.1494055927163,784.6546504543539,775.2729984476947,766.0031123229827,756.8436701273749,747.7933654188853,738.850907159412,730.0150189659388,721.2844397523622,712.6579228737214,704.1342363401401,695.7121624959129,687.3904981264764,679.1680538165808,671.0436540572609,663.0161373528086,655.084355365,647.2471736618966,639.5034707551023,631.8521384206769,624.2920813782223,616.8222171839119,609.4414760165462,602.1488007845254,594.9431465909919,587.8234809477727,580.7887832405236,573.8380450496416,566.9702697223809,560.1844724798233,553.4796796680787,546.8549296140565,540.3092714487793,533.841765856184,527.4514843243206,521.1375094662677,514.8989343783027,508.73486328173135,502.64441034620154,496.626700759418,490.68086976439884,484.8060625525046,479.00143469132394,473.2661516967877,467.59938871225506,462.0003307224556,456.4681724465188,451.0021178031163,445.6013803383478,440.26518279785546,434.99275723379503,429.7833443630078,424.6361944227915,419.5505659942147,414.5257266439458,409.56095281728096,404.6555289823734,399.8087484860042,395.01991291175403,390.2883319730316,385.61332372701685,380.9942142537461
74,3833.04,3883.04,3497.88,3546.67,3656.4,3824.3,3801.61,3446.76,3354.95,3221.87,3121.31,3340.52,3395.41,3183.68,3101.07,3243.58,3276.01,3177.29,3429.07,2929.85,2912.35,2769.49,2908.34,2973.84,2891.98,2498.68,2500.94,2372.37,2256.46,2196.75,2067.01,2190.33,2114.31,1984.29,2157.37,1842.56,2204.8,2203.98,1976.81,1987.18,1965.65,1944.78,1924.59,1905.02,1885.94,1867.14,1848.42,1829.71,1810.83,1791.54,1771.73,1751.52,1731.19,1710.98,1690.96,1671.11,1651.45,1631.98,1612.69,1593.58,1574.66,1555.93,1537.41,1519.09,1500.99,1483.1,1465.43,1447.97,1430.71,1413.66,1396.8,1380.15,1363.7,1347.44,1331.37,1315.49,1299.8,1284.3,1268.98,1253.84,1238.89,1224.11,1209.5,1195.07,1180.81,1166.72,1152.79,1139.03,1125.4341844588523,1111.999794560778,1098.7249342349073,1085.6077276266144,1072.6463222895557,1059.8388883344587,1047.1836138538697,1034.6787094974054,1022.3224063437295,1010.1129557941514,998.0486294662232,986.1277187681367,974.3485348987218,962.7094086346449,951.2086899048032,939.8447478967265,928.6159705245699,917.5207643227136,906.557554339361,895.7247839237359,885.0209143004785,874.444424676045,863.9938117067024,853.6675898177326,843.4642902458194,833.3824616774573,823.4206692913399,813.5774952903664,803.8515381568319,794.241412652428,784.7457498182429,775.3631963363529,766.0924149554284,756.9320838523262,747.8808966320887,738.9375621151422,730.1008041244937,721.3693614857311,712.7419874950174,704.2174504510957,695.7945325912779,687.4720305170489,679.248754981264,671.1235304625451,663.0951954844821,655.162601764425,647.3246148518903,639.5801131709497,631.9279884458358,624.3671455945398,616.8965020904046,609.5149880685258,602.2215464321528,595.0151322142816,587.8947130032595,580.8592681979766,573.9077893270684,567.0392797297139,560.2527544492325,553.5472401266841,546.921774681664,540.3754076315081,533.9071993464826,527.5162214753899,521.2015564135625,514.9622975156642,508.79754856368515,502.70642419254654,496.68804914529113,490.7415588050901,484.86609834403276,479.0608233615343,473.32489913952634,467.6575010680628,462.0578139005103,456.5250322855551,451.0583603415972,445.6570113375475,440.32020822483327,435.04718267978734,429.83717574205525,424.6894373889904
75,4330.62,4123.04,4359.02,4138.31,3927.02,4092.24,3827.72,3737.55,3776.48,3885.14,3766.43,3626.18,3475.88,3566.37,3828.71,3529.15,3422.73,3267.16,3525.66,3509.95,3455.66,3393.04,3355.42,3109.04,3150.75,2762.66,3034.15,2481.0,2435.72,2554.37,2512.0,2399.35,2494.83,2276.2,2323.35,2210.07,2095.21,2421.78,2204.73,2216.72,2192.82,2169.39,2146.59,2124.44,2102.86,2081.73,2060.79,2039.89,2018.97,1997.89,1976.4,1954.4,1932.03,1909.56,1887.23,1865.11,1843.19,1821.47,1799.96,1778.65,1757.56,1736.67,1716.01,1695.58,1675.4,1655.45,1635.74,1616.26,1597.02,1578.0,1559.2,1540.63,1522.27,1504.14,1486.22,1468.51,1451.01,1433.71,1416.62,1399.74,1383.05,1366.56,1350.27,1334.17,1318.26,1302.54,1287.0,1271.65,1256.4811620561845,1241.4921887780717,1226.6809733727675,1212.0454323268566,1197.5835054064037,1183.2931588314268,1169.1723799851086,1155.219178471951,1141.4315871759366,1127.8076643768443,1114.345487401299,1101.043155797247,1087.8987923921143,1074.9105411764906,1062.0765673041274,1049.3950568803093,1036.8642166444042,1024.4822744989428,1012.2474786630935,1000.1580975668447,988.2124195335584,976.4087525683386,964.7454244638466,953.2207818479588,941.8331910302938,930.5810368382379,919.4627228285766,908.4766710758629,897.6213220666026,886.8951340643575,876.2965834271953,865.8241640786075,855.4763874016966,845.2517820275423,835.148893835203,825.1662853168192,815.3025358950626,805.5562413940567,795.9260139335594,786.4104819289657,777.0082895622263,767.7180969934806,758.5385797261604,749.4684288186235,740.5063507783364,731.6510669269796,722.9013136120799,714.2558417837461,705.713417206302,697.2728198233899,688.9328439696039,680.6922980530409,672.5500042378542,664.5047986558848,656.5555310892139,648.701064441084,640.9402753707931,633.272053235538,625.6953007253077,618.2089332279893,610.8118789351835,603.5030785247574,596.2814849492128,589.1460637531334,582.0957924382901,575.1296604636411,568.2466692453321,561.4458317334321,554.7261727293818,548.0867283569144,541.526545956239,535.0446842956737,528.6402131483807,522.312212869104,516.05977513488,509.88200209851084,503.77800638856434,497.74691110937414,491.78784973522403,485.8999660045317,480.08241370821736,474.3343563722564
76,4405.31,4865.05,4869.31,4160.21,4787.75,4253.28,4145.16,4127.29,4257.25,4031.32,3885.2,4172.34,3913.27,3899.33,3738.59,3926.55,4094.38,3969.17,3983.76,3561.14,3578.58,3559.11,3945.48,3334.12,3404.53,3010.01,3067.87,2856.97,2750.73,2647.1,2533.62,2743.59,2694.68,2498.33,2592.96,2786.06,2543.79,2687.62,2461.07,2475.29,2449.14,2423.17,2397.64,2372.69,2348.35,2324.53,2301.09,2277.76,2254.39,2230.99,2207.42,2183.46,2159.01,2134.21,2109.34,2084.64,2060.17,2035.92,2011.9,1988.11,1964.56,1941.24,1918.16,1895.36,1872.82,1850.54,1828.53,1806.78,1785.28,1764.04,1743.05,1722.3,1701.8,1681.55,1661.53,1641.75,1622.2,1602.88,1583.79,1564.93,1546.29,1527.87,1509.67,1491.68,1473.91,1456.34,1438.99,1421.84,1404.8923265377148,1388.1453082373205,1371.5966005317666,1355.2438883189377,1339.0848796477405,1323.1173099273783,1307.338941927354,1291.7475605158702,1276.3409789737482,1261.1170337328292,1246.073586480615,1231.2085220556276,1216.519752656687,1202.005210476677,1187.66285401646,1173.4906638756004,1159.4866438046834,1145.6488217576352,1131.9752456824451,1118.4639887827623,1105.1131453086182,1091.9208305564277,1078.8851819213075,1066.0043588970761,1053.2765409716162,1040.6999291001205,1028.2727460207882,1015.9932335187953,1003.8596540047721,991.8702901991094,980.0234442901013,968.3174382496426,956.7506134122998,945.3213303700796,934.027968341038,922.8689256954391,911.8426190086683,900.9474832716959,890.1819717858453,879.5445554261697,869.0337230623794,858.6479809274512,848.3858527228587,838.2458791976463,828.2266179379646,818.3266434723026,808.5445468505591,798.8789352231165,789.3284324722312,779.8916779492512,770.5673270007755,761.354050968654,752.2505361376684,743.2554844721556,734.3676128793845,725.5856533147875,716.9083524662652,708.3344716489544,699.8627865947637,691.4920874523746,683.2211784715444,675.0488776874118,666.9740172361917,658.9954426185523,651.1120130153103,643.3226009717357,635.6260920818564,628.0213850936888,620.5073914883113,613.0830359007914,605.7472549626353,598.498998354106,591.3372276466732,584.2609167239403,577.2690516764131,570.3606301701077,563.5346618674783,556.7901680064903,550.1261811901549,543.5417457022269,537.0359165601153,530.6077604619724
77,5695.83,5308.89,5025.14,4953.04,4888.17,4859.69,4723.78,4119.25,4608.45,4411.57,4437.58,4544.01,4424.37,4233.4,4278.72,4597.5,4318.77,3925.18,4306.96,3908.0,4242.53,3735.03,3958.44,3936.83,3582.01,3455.25,3509.65,3229.45,3243.1,3069.09,2822.81,3032.05,3221.47,3069.21,2806.3,2828.44,2988.15,2818.72,2754.9,2772.17,2743.86,2715.42,2687.12,2659.2,2631.82,2604.98,2578.6,2552.51,2526.44,2500.23,2473.97,2447.54,2420.74,2393.48,2365.89,2338.28,2310.86,2283.7,2256.79,2230.14,2203.75,2177.62,2151.76,2126.21,2100.95,2075.99,2051.32,2026.95,2002.86,1979.05,1955.53,1932.28,1909.3,1886.6,1864.16,1841.99,1820.08,1798.43,1777.03,1755.89,1734.99,1714.34,1693.94,1673.77,1653.85,1634.16,1614.7,1595.47,1576.4689555853465,1557.6924913566106,1539.1379932328202,1520.8028775536902,1502.6845889816414,1484.7806015507913,1467.0884176179652,1449.6055668137055,1432.3296091892407,1415.2581278735602,1398.3887395633067,1381.719082983895,1365.2468251834468,1348.9696604838023,1332.8853094315302,1316.9915156509605,1301.2860531871092,1285.7667170647746,1270.4313295824734,1255.2777382144623,1240.3038135127586,1225.5074512051203,1210.886571146055,1196.4391162678323,1182.163054678461,1168.056375465734,1154.1170918441928,1140.3432401061425,1126.732878572659,1113.2840886425795,1099.9949726945258,1086.8636540869009,1073.8882803048596,1061.06701876435,1048.3980566023165,1035.8796043481618,1023.5098916228907,1011.2871687125948,999.2097060439577,987.2757939744558,975.4837426874616,963.8318818775458,952.3185604357795,940.9421463448381,929.7010263643012,918.5936061355545,907.6183096572931,896.7735789708255,886.0578743698723,875.4696739809688,865.0074734487695,854.6697859360477,844.4551419138982,834.3620887421405,824.3891907742188,814.535028937606,804.7982007338029,795.1773199236435,785.6710164223934,776.2779360899543,766.9967405210648,757.8261067306039,748.7647274682885,739.8113103794806,730.9645784247848,722.223269355552,713.5861356089821,705.051944308122,696.6194766324742,688.2875284473889,680.0549092550758,671.9204428239963,663.8829665594715,655.9413311889843,648.0944012866747,640.3410544341484,632.6801814302737,625.1106860813851,617.6314850963834,610.2415075622415,602.939695468499,595.7250030778683
78,5855.64,5768.1,5133.5,5467.69,5595.89,5296.98,4996.65,5033.04,5269.63,5013.2,4987.14,4705.59,5122.94,4844.37,4712.81,5186.28,4491.02,4475.17,4734.03,4433.23,4320.53,4656.3,4330.96,4084.69,3958.04,3974.24,4066.46,3499.75,3476.9,3716.16,3225.5,3262.64,3216.5,3127.55,2948.5,3414.2,3586.39,3305.01,3085.56,3106.49,3076.3,3045.56,3014.6,2983.72,2953.15,2923.06,2893.44,2864.19,2835.12,2805.94,2776.53,2747.03,2717.39,2687.38,2656.95,2626.24,2595.54,2565.07,2534.89,2505.0,2475.39,2446.08,2417.08,2388.41,2360.08,2332.07,2304.4,2277.05,2250.02,2223.31,2196.91,2170.83,2145.05,2119.57,2094.39,2069.51,2044.92,2020.62,1996.6,1972.87,1949.42,1926.24,1903.34,1880.71,1858.34,1836.24,1814.4,1792.81,1771.4795530883728,1750.4007233565667,1729.570595407414,1708.986284168896,1688.6449390769244,1668.5437388468654,1648.6798967020143,1629.0506540994265,1609.653287004087,1590.4850975233508,1571.5434222725025,1552.8256250548925,1534.32910209041,1516.0512746956204,1497.989597649323,1480.1415508269934,1462.504646520646,1445.0764210732775,1427.854441153033,1410.8363016618182,1394.0196215525204,1377.4020490574817,1360.9812585514144,1344.7549515970964,1328.720855899676,1312.8767221695882,1297.2203314424175,1281.7494846219502,1266.4620129371222,1251.3557685307655,1236.428629688084,1221.6784987452613,1207.1033010437682,1192.7009870217496,1178.4695301226382,1164.4069267951522,1150.5111964932958,1136.7803806306642,1123.2125446718344,1109.8057739495844,1096.5581788933684,1083.4678887551465,1070.533056837861,1057.7518542212651,1045.1224756178165,1032.6431366538668,1020.312072405694,1008.1275387589019,996.0878113627261,984.1911861528828,972.4359784104412,960.8205230755344,949.3431742245098,938.0023049653613,926.7963071240198,915.7235912443532,904.7825862744592,893.9717391483853,883.2895149952701,872.7343966164942,862.3048843811109,851.9994962258469,841.8167669231157,831.7552487084339,821.8135101301579,811.9901367814691,802.2837304638192,792.6929092914992,783.21630737793,773.8525748356643,764.6003774626769,755.4583965332257,746.4253285887133,737.4998856468255,728.6807944695453,719.9667966677222,711.3566488056412,702.849121564468,694.4430002650956,686.1370843452974,677.9301871505872,669.8211360387902
79,6438.76,6359.0,5992.19,6139.03,6004.6,6168.58,5602.48,5428.95,5953.97,5379.8,5144.12,5343.35,5856.49,5163.1,5718.31,5152.24,5680.53,4891.27,4949.87,5312.06,4778.94,4745.01,4710.0,4213.34,4803.57,4114.11,4153.82,4290.59,3944.96,4249.73,3986.7,3654.31,3428.97,3616.7,3815.25,3351.37,3528.82,3804.47,3460.09,3484.96,3452.9,3420.12,3386.67,3352.93,3319.17,3285.65,3252.53,3219.78,3187.3,3154.86,3122.16,3089.12,3055.94,3022.64,2988.99,2954.97,2920.73,2886.55,2852.64,2819.05,2785.79,2752.85,2720.26,2688.04,2656.2,2624.73,2593.63,2562.89,2532.52,2502.49,2472.82,2443.5,2414.52,2385.88,2357.57,2329.6,2301.96,2274.64,2247.64,2220.96,2194.59,2168.53,2142.78,2117.33,2092.17,2067.32,2042.76,2018.48,1994.4914349966787,1970.7852053167621,1947.3580530244437,1924.2067577153366,1901.3281313037767,1878.71902636314,1856.3763257004457,1834.2969486115949,1812.47784879629,1790.9160122729572,1769.608461548903,1748.552250407619,1727.7444639087794,1707.1822236009396,1686.86268022376,1666.7830178781642,1646.9404498561792,1627.332223853636,1607.9556167574688,1588.807935688257,1569.8865190427632,1551.1887354513951,1532.7119806505857,1514.4536837380306,1496.4112977898335,1478.5823092433598,1460.9642305994623,1443.5546035500981,1426.3509958507111,1409.35100444785,1392.5522523515497,1375.9523907204102,1359.5490967765188,1343.340073805449,1327.3230511562604,1311.4957842414988,1295.8560555797364,1280.401669582875,1265.13045776884,1250.0402766765062,1235.1290057806145,1220.3945506193936,1205.8348396669396,1191.4478243332169,1177.2314800065976,1163.1838070964006,1149.3028247776551,1135.5865803739555,1122.0331378895278,1108.6405873920846,1095.4070387575878,1082.330626882946,1069.4095033457004,1056.6418437017983,1044.0258443579771,1031.559722988779,1019.2417161387098,1007.0700817243348,995.0430975747232,983.1590614314471,971.4162904273128,959.8131213991227,948.3479102621508,937.0190318016355,925.8248798812876,914.763866609258,903.8344226509,893.0349969160077,882.3640559332914,871.820084371649,861.4015843103865,851.1070750307113,840.9350933284936,830.8841926802351,820.9529434515763,811.1399326887896,801.4437638060168,791.8630562725067,782.3964459253787,773.0425843440967,763.8001385377098,754.6677914661203
80,7542.68,7128.64,7164.68,6653.99,6480.15,6746.26,6381.73,6220.31,6387.0,5983.06,5713.14,5858.87,6394.07,5831.04,6032.46,5951.27,5816.44,5602.39,5609.0,5550.65,5438.27,5347.2,5120.18,5510.39,5031.73,5105.08,4593.48,4683.39,4856.28,4543.11,4326.51,4501.04,4748.1,4120.77,4200.55,4235.04,4086.56,4130.06,3888.43,3917.09,3882.67,3847.84,3812.17,3775.71,3738.84,3701.87,3665.02,3628.48,3592.19,3556.02,3519.75,3483.03,3445.82,3408.44,3370.95,3333.15,3295.03,3256.76,3218.62,3180.79,3143.33,3106.23,3069.53,3033.23,2997.37,2961.91,2926.88,2892.25,2858.02,2824.19,2790.76,2757.72,2725.07,2692.79,2660.9,2629.37,2598.22,2567.43,2537.0,2506.92,2477.2,2447.83,2418.8,2390.11,2361.76,2333.73,2306.04,2278.68,2251.6341511388346,2224.9057866672993,2198.491265082305,2172.386981264608,2146.5893727160396,2121.094913322275,2095.9001175109893,2071.001538172777,2046.3957645820801,2022.0794234367218,1998.0491809369855,1974.3017386274616,1950.833832357508,1927.6422374789427,1904.7237636483515,1882.0752548270877,1859.693592399889,1837.5756899771832,1815.718496513704,1794.1189952689538,1772.7742027676643,1751.6811667207196,1730.836971222849,1710.238731554934,1689.883595223547,1669.7687398818755,1649.8913774878736,1630.2487491065724,1610.8381290682312,1591.656820810187,1572.7021568768505,1553.9715020383244,1535.4622501717877,1517.1718232219557,1499.0976743196975,1481.2372825843413,1463.5881583213695,1446.1478378247234,1428.9138864954216,1411.8838978020192,1395.0554912015318,1378.4263121394363,1361.9940362078228,1345.7563618686272,1329.7110156513227,1313.8557490343046,1298.1883405239676,1282.7065925360887,1267.408332435369,1252.2914125354296,1237.3537100988153,1222.593126297454,1208.0075872521961,1193.5950398746593,1179.3534581044612,1165.280836671988,1151.3751952565474,1137.6345732886775,1124.057035147838,1110.6406670437957,1097.3835759770866,1084.2838907785517,1071.3397652279566,1058.5493676586023,1045.910894471329,1033.4225584916826,1021.082593959702,1008.8892559061928,996.8408194250536,984.9355793614119,973.1718502076722,961.5479659995607,950.0622797963572,938.7131639927557,927.4990094872343,916.4182258899625,905.4692414188479,894.6505020679051,883.9604721270243,873.3976336622032,862.9604860997313,852.6475465380507
81,8248.68,7966.55,8263.67,7098.95,7921.12,7096.67,6920.6,6768.32,7388.4,6795.1,6801.26,6284.56,6738.88,6733.19,6171.32,6650.41,6125.72,6352.81,6097.26,5866.36,6355.9,6253.35,5668.46,5978.96,5763.46,5220.07,5440.3,5249.48,4966.08,4907.12,4591.88,4647.63,4653.78,4580.41,4626.34,4661.92,4342.45,4592.93,4395.05,4426.8,4388.81,4351.3,4313.27,4274.24,4234.28,4193.78,4153.05,4112.33,4071.78,4031.35,3990.85,3950.06,3908.61,3866.49,3824.15,3781.72,3739.03,3696.09,3653.09,3610.29,3567.85,3525.83,3484.26,3443.15,3402.51,3362.35,3322.65,3283.42,3244.64,3206.31,3168.42,3130.98,3093.97,3057.4,3021.25,2985.52,2950.2,2915.3,2880.81,2846.72,2813.02,2779.72,2746.81,2714.28,2682.13,2650.36,2618.96,2587.93,2557.2601650545366,2526.949251294025,2496.9931656272383,2467.387861723323,2438.1293327379594,2409.2136196263214,2380.6368028301176,2352.3950064340715,2324.484396087681,2296.901181083458,2269.6416091613323,2242.7019706651267,2216.078595425201,2189.7678548366903,2163.7661566639076,2138.0699533532998,2112.675729564013,2087.5800146373276,2062.7793732445834,2038.2704064262964,2014.0497547095213,1990.1140960296086,1966.460144691088,1943.084648250309,1919.9843947892764,1897.1562046026963,1874.5969343544525,1852.303476038488,1830.2727569788046,1808.5017356729852,1786.9874059486713,1765.726796963564,1744.716969048945,1723.955014748797,1703.4380598589232,1683.1632634269454,1663.1278146349491,1643.3289348777196,1623.7638767236233,1604.4299239146087,1585.3243892879664,1566.4446168545676,1547.7879807597471,1529.351884244181,1511.1337606830077,1493.1310704684693,1475.3413041272697,1457.7619812814555,1440.3906464919392,1423.224875493213,1406.2622699977549,1389.5004587351461,1372.9370974520712,1356.5698678732,1340.396479779426,1324.4146678905058,1308.6221918650626,1293.0168373397037,1277.5964169681401,1262.3587662647092,1247.301744643494,1232.4232395748006,1217.7211582722036,1203.1934339272614,1188.8380246703978,1174.652910453544,1160.6360930501378,1146.7855991724812,1133.0994783935041,1119.575800029403,1106.2126593743596,1093.0081693875854,1079.9604690062756,1067.0677137935359,1054.3280842513363,1041.739780624916,1029.3010241497252,1017.0100552849223,1004.8651359994371,992.8645479015556,981.0065925506557,969.2895909376477
82,8475.81,9111.74,8385.51,7704.7,8821.71,8421.68,7693.18,7672.34,8097.37,7297.4,8001.97,7254.67,7566.75,7144.68,7741.62,7411.47,7213.86,7169.51,7507.39,6581.7,6400.53,6921.41,6984.16,6092.12,6742.59,6206.08,5955.01,6175.77,5694.24,5852.99,5218.9,5555.63,5416.98,5200.53,5498.39,5291.01,5130.65,4828.7,4987.47,5021.21,4977.58,4936.18,4895.19,4853.53,4810.69,4766.76,4722.13,4677.11,4631.95,4586.8,4541.57,4496.09,4450.06,4403.1,4355.28,4307.17,4259.0,4210.64,4162.11,4113.63,4065.43,4017.67,3970.41,3923.67,3877.48,3831.82,3786.68,3742.07,3697.97,3654.39,3611.3,3568.72,3526.63,3485.03,3443.91,3403.26,3363.09,3323.39,3284.14,3245.36,3207.02,3169.13,3131.68,3094.66,3058.08,3021.92,2986.18,2950.86,2915.9514404528945,2881.4499254183734,2847.3508501183915,2813.649656518648,2780.341836444835,2747.422929505135,2714.8885230902265,2682.7342492570274,2650.9557899224515,2619.5488716696527,2588.5092667867802,2557.8327922282256,2527.5153106533726,2497.5527304265984,2467.941000423525,2438.6761183410154,2409.7541192709286,2381.1710871263635,2352.9231421766667,2325.006452473675,2297.41722450297,2270.151705261378,2243.206185373216,2216.5769938965486,2190.2605004006823,2164.2531149661672,2138.5512850685473,2113.1514986946127,2088.050282264895,2063.244199594921,2038.7298539727124,2014.5038819262843,1990.5629636111457,1966.9038093065515,1943.52316876425,1920.4178280922338,1897.5846087159903,1875.0203663397517,1852.721990946495,1830.6864088754417,1808.9105797058069,1787.3914962568035,1766.126186665136,1745.1117112687552,1724.3451615681079,1703.823663342384,1683.5443745720195,1663.5044843999456,1643.7012141703383,1624.131814312369,1604.793568495205,1585.6837905117573,1566.7998222011838,1548.1390376038871,1529.6988408840157,1511.476662174463,1493.4699638093684,1475.6762351303669,1458.0929935253396,1440.717786505912,1423.5481865137065,1406.581795075341,1389.8162417636786,1373.2491810815795,1356.8782945393987,1340.7012916937379,1324.7159049536947,1308.9198958133622,1293.31104965808,1277.8871757644338,1262.6461114552558,1247.5857169058738,1232.7038761828621,1217.9984982827916,1203.4675150547293,1189.1088843164885,1174.920584660879,1160.900619610707,1147.0470145025254,1133.357818564133,1119.8310997208264,1106.4649539441473
83,9767.95,9918.95,9501.15,8077.05,8925.85,9079.46,8886.28,8252.1,8450.7,8812.58,7946.86,7751.2,8782.93,7804.14,7973.38,8715.87,7907.26,7745.87,8254.86,8180.27,7787.03,7167.1,7832.83,7035.78,7044.31,6908.37,6466.59,7049.02,6722.78,6629.96,6115.19,6439.7,6072.94,6356.71,6184.84,6087.48,5784.52,6137.16,5679.31,5714.44,5662.52,5615.06,5569.86,5524.95,5479.19,5432.07,5383.63,5334.31,5284.41,5234.19,5183.77,5133.05,5081.8,5029.73,4976.4,4921.96,4867.16,4812.35,4757.42,4702.44,4647.62,4593.2,4539.32,4486.05,4433.38,4381.31,4329.85,4278.97,4228.68,4178.97,4129.84,4081.26,4033.25,3985.79,3938.88,3892.51,3846.67,3801.37,3756.58,3712.32,3668.57,3625.32,3582.58,3540.32,3498.56,3457.29,3416.49,3376.16,3336.304062484611,3296.910868868384,3257.9752282986988,3219.4920091104955,3181.4561274041084,3143.862555352297,3106.706318085108,3069.9824895363627,3033.686199712306,2997.812625346202,2962.356996128603,2927.3145926305915,2892.6807421502713,2858.4508249430323,2824.6202669529075,2791.1845450044584,2758.139183687647,2725.479752242696,2693.2018718287386,2661.301206178414,2629.7734678281363,2598.614413964584,2567.819847463074,2537.385616887566,2507.3076144139022,2477.581777906567,2448.20408780355,2419.170567116348,2390.477284545099,2362.1203492866875,2334.09591207313,2306.4001672483255,2279.0293506913004,2251.9797377394543,2225.2476442269353,2198.82942752302,2172.7214844553564,2146.9202502715857,2121.4222007160997,2096.223848914904,2071.3217464139993,2046.7124831793778,2022.3926875970267,1998.3590223194133,1974.6081904957537,1951.1369285033675,1927.9420101011892,1905.0202453913903,1882.368478742623,1859.9835898283977,1837.8624925887054,1816.002136268397,1794.399502302047,1773.0516084674657,1751.9555036938111,1731.1082690999644,1710.5070211096663,1690.1489062596245,1670.0311022378928,1650.1508220373844,1630.5053056488448,1611.091826291123,1591.9076872960345,1572.9502221083637,1554.216794285862,1535.7047985376273,1517.411655532212,1499.3348181278936,1481.4717661807813,1463.8200096599535,1446.3770834555646,1429.1405546474934,1412.1080141983175,1395.2770821452032,1378.6454055231516,1362.2106562882386,1345.9705365095099,1329.9227690235737,1314.0651078183846,1298.3953297262178,1282.9112365004253,1267.6106568921919
84,11659.99,11509.78,10440.35,9329.87,10606.2,10485.13,9947.21,9124.28,9400.12,8823.63,9210.9,8775.25,9464.64,8741.07,9406.9,9238.75,8896.15,9359.72,9039.76,8385.5,8486.48,8120.32,7641.85,7900.82,8358.72,7256.6,7755.54,7709.59,7112.65,7214.74,6776.27,6765.76,6678.85,6887.84,6755.08,6771.66,6903.63,7254.46,6451.38,6488.24,6426.01,6369.98,6318.55,6269.36,6220.33,6170.25,6118.56,6065.33,6011.0,5955.87,5900.17,5844.03,5787.31,5729.74,5671.0,5610.63,5548.86,5486.66,5424.49,5362.3,5300.21,5238.44,5177.21,5116.64,5056.77,4997.58,4939.06,4881.21,4824.02,4767.49,4711.6,4656.35,4601.74,4547.75,4494.38,4441.62,4389.47,4337.91,4286.95,4236.58,4186.78,4137.56,4088.9,4040.81,3993.26,3946.27,3899.82,3853.9,3808.516527214349,3763.6573132720164,3719.316545894512,3675.4884675484573,3632.1673806102253,3589.347645300082,3547.023678649262,3505.1899555328932,3463.8410066041465,3422.9714182942344,3382.575832812409,3342.6489491788902,3303.1855170273093,3264.1803448681144,3225.6282907922377,3187.524270734505,3149.863249177298,3112.640245348111,3075.8503290878466,3039.4886239495972,3003.5503030669333,2968.0305891539097,2932.9247586367674,2898.2281323575953,2863.9360859035964,2830.044041343677,2796.547468261368,2763.4418858206845,2730.722860700267,2698.3860050275325,2666.426979477451,2634.84149223962,2603.625292820706,2572.774181340783,2542.283999236992,2512.1506354611024,2482.3700213148772,2452.938131483002,2423.8509860989348,2395.1046455802757,2366.695216826326,2338.6188449546735,2310.871719498756,2283.4500702761493,2256.350167388572,2229.5683232877377,2203.100889676572,2176.9442575092166,2151.094858023953,2125.5491627432043,2100.3036783089015,2075.3549537129693,2050.699572033913,2026.3341576673058,2002.2553690953025,1978.4599030183442,1954.9444933222335,1931.7059079793542,1908.74095214745,1886.0464661037724,1863.6193242121547,1841.45643802179,1819.5547500696725,1797.9112390452306,1776.5229166915465,1755.3868267724301,1734.5000492041258,1713.8596938577518,1693.4629026251532,1673.3068504518303,1653.3887432710828,1633.7058200698657,1614.255348757081,1595.034628229431,1576.0409873384922,1557.2717879894958,1538.7244158449862,1520.3962927199423,1502.2848652195837,1484.3876088710772,1466.702029156463,1449.2256594468038
85,11365.58,12064.49,12229.73,11003.94,11362.09,9950.21,10047.18,11201.73,11495.48,9031.63,9525.08,9805.86,11071.39,9302.66,10145.71,10088.73,9716.37,9631.08,10282.46,10259.57,9120.99,9195.06,9538.14,8382.3,8722.13,8487.94,8480.73,9028.45,8042.85,8248.96,7648.33,8416.92,8322.73,7848.89,8504.4,7605.59,7324.06,7626.42,7335.12,7376.06,7302.33,7235.46,7175.03,7119.3,7065.76,7012.21,6957.37,6900.66,6842.14,6782.23,6721.27,6659.47,6596.9,6533.41,6468.71,6402.4,6334.03,6263.91,6193.28,6122.75,6052.33,5982.18,5912.56,5843.66,5775.54,5708.19,5641.6,5575.77,5510.68,5446.34,5382.72,5319.82,5257.64,5196.17,5135.4,5075.32,5015.92,4957.2,4899.15,4841.77,4785.04,4728.96,4673.52,4618.71,4564.53,4510.98,4458.03,4405.7,4353.968112822037,4302.830281634014,4252.280000962138,4202.310829031194,4152.916389819332,4104.090367921088,4055.826509574781,4008.1186257447002,3960.960584929331,3914.346320353131,3868.2698238021508,3822.7251476788238,3777.7064039745765,3733.207763242426,3689.223456651775,3645.747771878828,3602.7750541339847,3560.2997082166335,3518.3161933781716,3476.8190284589837,3435.8027846966716,3395.2620918904277,3355.191633264057,3315.586147520768,3276.4404278157754,3237.7493197015106,3199.507724209806,3161.7105947697114,3124.3529351526977,3087.429803582243,3050.936309651642,3014.86761226922,2979.218923767907,2943.985504768267,2909.162665205887,2874.74576741357,2840.7302189295583,2807.11147968931,2773.8850538063243,2741.046495736526,2708.591406168674,2676.5154340791573,2644.814271595012,2613.4836601582997,2582.519384361729,2551.9172770856385,2521.673211278825,2491.783109205111,2462.24293216938,2433.048689764145,2404.1964306229816,2375.682248584905,2347.502278584786,2319.6526976807445,2292.1297250541525,2264.9296189274455,2238.048681701099,2211.4832517344653,2185.229711564938,2159.2844807161805,2133.6440177529175,2108.304821308334,2083.263428029278,2058.516411548869,2034.0603835138902,2009.8919946121878,1986.0079294356874,1962.4049126447735,1939.0797007491174,1916.0290892994533,1893.2499098053866,1870.7390256258116,1848.4933371058914,1826.5097784948684,1804.7853189734624,1783.31695957168,1762.1017362510042,1741.1367168222062,1720.4190030001357,1699.9457293763282,1679.7140593094157,1659.7211900621112
86,14292.71,12115.13,12817.21,12419.2,12970.09,11220.84,10923.08,12521.57,11926.63,11726.53,11745.68,10953.14,11581.29,10592.23,11227.36,11370.59,10912.68,10909.72,10656.01,10756.33,10582.17,10427.48,10672.34,9577.26,8675.9,8580.96,9711.16,9661.07,8878.05,9022.09,8402.79,9317.89,9180.17,9155.3,9201.16,8808.71,8800.27,8233.6,8373.54,8424.04,8339.12,8259.89,8187.82,8122.42,8061.82,8003.34,7944.62,7884.33,7821.85,7757.22,7690.9,7623.19,7554.29,7484.26,7412.88,7339.81,7264.65,7186.88,7106.98,7026.46,6946.14,6866.09,6786.57,6707.85,6630.0,6553.03,6476.92,6401.66,6327.25,6253.68,6180.93,6109.01,6037.89,5967.58,5898.06,5829.32,5761.37,5694.18,5627.75,5562.07,5497.14,5432.95,5369.48,5306.74,5244.71,5183.38,5122.75,5062.82,5003.571039757168,4944.997756107529,4887.09285998182,4829.849136248927,4773.259433446694,4717.316669943449,4662.013831884146,4607.343971136549,4553.300207345053,4499.875723823018,4447.063773714277,4394.857670750871,4343.250797468396,4292.236598017571,4241.8085822719195,4191.960321720085,4142.685453573513,4093.977676658774,4045.8307503906444,3998.2384978528617,3951.1948027173717,3904.6936102712425,3858.7289253628305,3813.2948134286994,3768.38539843978,3723.994865982128,3680.1174560684926,3636.7474713536676,3593.879269946059,3551.507267461521,3509.6259370233593,3468.229806181572,3427.3134620474452,3386.871543078203,3346.8987462654363,3307.3898220005117,3268.339573047654,3229.7428596785335,3191.594591456923,3153.8897323732895,3116.623300844792,3079.79036458069,3043.38604263618,3007.405507466234,2971.8439787640864,2936.6967306496636,2901.9590834542373,2867.6264078280983,2833.694124740553,2800.157700345336,2767.0126531690357,2734.254545895748,2701.87898844783,2669.8816410666595,2638.2582050703604,2607.0044310691605,2576.11611485771,2545.5890974150852,2515.4192618240295,2485.60253840555,2456.134900611242,2427.012363996366,2398.230988273692,2369.786875259658,2341.676169901287,2313.8950571954365,2286.43976424263,2259.3065602470615,2232.491753435835,2205.991694139727,2179.8027696585846,2153.921409395926,2128.344080751262,2103.0672901470175,2078.08758097469,2053.4015366756084,2029.005775606341,2004.8969572002043,1981.071773751915,1957.5269555521836,1934.2592688338764,1911.265517825854
87,15429.09,15362.06,15835.38,14654.08,14483.52,12986.37,12872.58,12114.58,13428.79,12822.24,12009.93,12853.56,13553.0,11748.24,12079.08,11703.73,12642.53,11566.52,12194.65,12578.56,11596.89,11141.4,11778.67,11724.5,11214.07,9523.22,10683.51,10739.72,9507.47,10659.11,9391.92,10114.93,10254.28,9269.67,9525.84,9736.28,9598.14,9764.77,9489.36,9557.01,9465.07,9374.77,9290.33,9213.27,9143.03,9077.6,9014.15,8950.21,8884.36,8815.97,8745.06,8672.1,8597.37,8521.04,8443.13,8363.37,8281.39,8196.73,8108.86,8018.41,7927.26,7836.44,7746.18,7656.79,7568.39,7480.96,7394.51,7309.02,7224.48,7140.88,7058.21,6976.46,6895.63,6815.69,6736.65,6658.5,6581.22,6504.81,6429.25,6354.54,6280.67,6207.64,6135.42,6064.02,5993.42,5923.62,5854.61,5786.37,5718.914728557858,5652.222550381399,5586.285382972295,5521.095216362227,5456.644114134426,5392.924208315926,5329.927706528415,5267.646883815835,5206.074088773681,5145.201739462802,5085.022322387851,5025.528395561939,4966.712586463526,4908.567589993331,4851.086170517428,4794.2611608456955,4738.085460188717,4682.552037222434,4627.653926001942,4573.384225961498,4519.736106000709,4466.702796312144,4414.277597575276,4362.453870740991,4311.225044182425,4260.584607565681,4210.526116957565,4161.043189717841,4112.1295055207875,4063.778809419835,4015.984903675181,3968.741654904629,3922.042991018941,3875.882899178743,3830.255425794522,3785.1546785697237,3740.5748244576553,3696.5100876183883,3652.9547514618516,3609.903156604743,3567.3497029136147,3525.288844397139,3483.7150932922978,3442.623018021287,3402.0072411484152,3361.862441423207,3322.1833517373007,3282.9647611675477,3244.2015098682655,3205.8884921358886,3168.0206574305116,3130.5930032250517,3093.6005841991864,3057.0385020238627,3020.901912512143,2985.1860205114576,2949.8860819467036,2914.997403820243,2880.5153391041613,2846.4352938911056,2812.752718200347,2779.46311517172,2746.5620318716815,2714.0450633795067,2681.90785380884,2650.1460901783958,2618.7555075197083,2587.7318878555807,2557.07105509234,2526.7688791060305,2496.8212757424194,2467.2242037523447,2437.9736627486172,2409.065700356867,2380.496403021599,2352.261902135488,2324.3583679100843,2296.7820134620097,2269.529095834507,2242.595907825047,2215.97878717927,2189.6741073970434
88,16975.25,16042.92,15008.3,15265.85,15604.44,14914.47,13955.33,14405.95,14877.39,12757.93,14386.74,13069.61,14365.06,13594.32,12707.64,12734.76,13400.96,12892.05,13517.85,12504.28,13264.86,13543.29,13440.08,12973.08,12948.41,11196.58,9950.11,11764.24,11257.94,11462.75,10996.56,9813.37,11454.62,11198.32,12152.36,11020.14,10415.08,11153.0,10824.15,10918.32,10824.86,10726.69,10630.11,10539.58,10456.66,10380.72,10309.6,10240.26,10170.12,10097.65,10022.21,9943.82,9862.92,9779.78,9694.55,9607.17,9517.34,9424.63,9328.52,9228.49,9125.36,9021.44,8918.17,8815.87,8714.69,8614.61,8515.63,8417.74,8320.93,8225.17,8130.47,8036.82,7944.2,7852.6,7762.01,7672.43,7583.83,7496.22,7409.58,7323.91,7239.19,7155.41,7072.56,6990.64,6909.63,6829.53,6750.32,6672.0,6594.565679304125,6517.999201740155,6442.291570111011,6367.433860083885,6293.417228400281,6220.232901587201,6147.872185193451,6076.3264586583555,6005.587175311763,5935.64586442655,5866.494127113604,5798.123641453104,5730.526157363233,5663.693496600179,5597.617557889422,5532.290309741935,5467.7037935329545,5403.8501224757165,5340.721482647727,5278.310130938237,5216.6083940219905,5155.608671437991,5095.3034304582225,5035.685210192671,4976.7466185105595,4918.480333066601,4860.8790992484855,4803.935731203136,4747.643112862968,4691.994190762087,4636.981985325118,4582.599577525863,4528.840118123615,4475.69682355813,4423.162974923365,4371.2319179674905,4319.897064119129,4269.151888434859,4218.989930625458,4169.404791977145,4120.3901384303335,4071.9396964746215,4024.0472572538088,3976.7066704083563,3929.9118492066746,3883.6567664400914,3837.935455449112,3792.742009097161,3748.0705797705787,3703.9153783523725,3660.2706752484632,3617.1307973089224,3574.4901298804825,3532.3431157802793,3490.684253243342,3449.508097975099,3408.8092600726163,3368.582406077105,3328.82225692141,3289.5235889562637,3250.6812298452637,3212.290063696151,3174.345025929531,3136.841105331382,3099.773342000545,3063.13682837498,3026.9267092317627,2991.138177582061,2955.7664787761605,2920.806909477207,2886.2548115036648,2852.1055800393738,2818.3546564497497,2784.997531360553,2752.0297436316355,2719.446878304422,2687.24456865443,2655.4184931124923,2623.9643762910164,2592.8779900102445,2562.155150219477,2531.791718023333
89,18026.14,17532.71,17090.83,15072.01,16281.63,17229.16,16911.44,15887.58,14950.47,14038.01,14521.64,15342.03,15331.46,14919.0,14631.75,15139.04,14888.65,14523.97,15217.51,13634.81,14947.65,14092.57,15250.13,13985.09,13486.38,13629.23,13574.01,11792.96,12265.11,12504.24,11711.41,12243.66,12134.69,11746.31,13326.64,12425.46,11745.04,13350.5,12235.86,12364.75,12277.24,12178.51,12074.74,11972.45,11876.31,11787.91,11706.54,11629.88,11554.74,11478.39,11399.28,11316.71,11230.69,11141.67,11049.87,10955.39,10858.12,10757.7,10653.63,10545.37,10432.4,10315.8,10198.52,10082.33,9967.4,9853.71,9741.24,9629.99,9519.94,9411.09,9303.42,9196.92,9091.58,8987.39,8884.33,8782.4,8681.58,8581.87,8483.25,8385.72,8289.25,8193.85,8099.49,8006.18,7913.89,7822.63,7732.37,7643.12,7554.865596013538,7467.589698127962,7381.282414783826,7295.9339303527395,7211.534505137371,7128.074478449729,7045.5442645067915,6963.934357560971,6883.23532574355,6803.437815169057,6724.532547883081,6646.510322888364,6569.3620161448,6493.0785785172475,6417.651037827716,6343.070497829276,6269.328136153863,6196.415206364469,6124.323040007341,6053.043039429299,5982.566683934324,5912.885525679161,5843.991193777718,5775.875388144474,5708.529883598877,5641.946526787051,5576.117240286177,5511.034015421824,5446.688919450623,5383.074089403689,5320.181733112717,5258.004132288271,5196.533637389304,5135.762670701448,5075.683723258722,5016.289355869632,4957.572202195459,4899.524959515391,4842.140396935297,4785.411352309437,4729.330730188267,4673.891500792352,4619.086706168928,4564.909448904862,4511.352902387602,4458.4103046486025,4406.07495631114,4354.340227772972,4303.199549971487,4252.646419514176,4202.674396626445,4153.277103099419,4104.448226394332,4056.181513485947,4008.470774966941,3961.3098829957157,3914.6927682181044,3868.6134248978606,3823.065905786168,3778.0443231477466,3733.542848760846,3689.555712891154,3646.077205317889,3603.1016722555164,3560.6235184059365,3518.6372038802024,3477.137246250705,3436.1182184989907,3395.574752094037,3355.5015287834985,3315.893288802465,3276.744824716891,3238.0509834757854,3199.8066664112143,3162.0068271861046,3124.6464697420597,3087.7206524037374,3051.224484800562,3015.153127866731,2979.501792815113,2944.2657401111537,2909.4402815250696
90,16988.63,19246.32,18314.52,17329.22,18652.13,17137.69,16906.82,16823.88,17129.63,15591.28,17032.19,16197.39,15866.96,15355.26,15914.7,16425.02,15929.63,14630.14,16353.32,15674.27,15130.89,16269.27,15924.94,15570.07,14428.7,15430.23,15475.26,14049.44,13229.67,14451.18,12673.31,14010.4,13679.64,13488.22,14678.31,13690.54,13810.7,15059.25,13772.52,13944.37,13869.64,13777.62,13673.91,13564.82,13457.07,13355.5,13261.71,13174.9,13092.6,13011.45,12928.64,12842.54,12752.44,12658.34,12560.66,12459.58,12355.13,12247.15,12135.19,12018.71,11897.16,11770.03,11638.9,11507.35,11377.18,11248.4,11120.99,10994.93,10870.21,10746.83,10624.76,10504.0,10384.53,10266.35,10149.43,10033.78,9919.36,9806.19,9694.24,9583.5,9473.95,9365.6,9258.42,9152.41,9047.56,8943.84,8841.26,8739.8,8639.46761007153,8540.233897165972,8442.088080654403,8345.019455842274,8249.017393969407,8154.071343236143,8060.170827777196,7967.3054476616535,7875.464880945263,7784.638881618141,7694.817279604779,7605.98998486861,7518.146982281295,7431.278332648872,7345.374177842455,7260.424731562971,7176.4202906287055,7093.351222661614,7011.207977374871,6929.981077337603,6849.6611261840135,6770.2387993781185,6691.704853449012,6614.050117781739,6537.265499748003,6461.34198368002,6386.270628818241,6312.042567259071,6238.649012163991,6166.081248524294,6094.330636239512,6023.388610117409,5953.246680900121,5883.896433211882,5815.329524532879,5747.537687251533,5680.512725586078,5614.246518662986,5548.731016412398,5483.958243672694,5419.920296085924,5356.609340097813,5294.0176150100415,5232.137430927963,5170.961168760601,5110.481279194519,5050.69028371995,4991.58077257852,4933.14540578939,4875.376911096975,4818.268088075502,4761.811798893751,4706.000979602595,4650.828627821321,4596.287810946747,4542.371664100947,4489.073383974405,4436.38623806128,4384.30355542414,4332.81872977239,4281.925221514542,4231.6165546798065,4181.886312813524,4132.728148212423,4084.13577063709,4036.1029555210803,3988.6235388402224,3941.6914160864753,3895.3005463724917,3849.444948327054,3804.118698042798,3759.315934206909,3715.0308529704253,3671.257710000516,3627.990817402061,3585.224546796072,3542.9533262412724,3501.171639207954,3459.8740286825428,3419.0550889584733,3378.7094748714508,3338.831892564193
91,19676.6,19447.44,18891.69,18203.96,19493.47,18060.86,18093.79,19033.0,19369.75,18304.61,17890.82,16795.85,19235.01,16687.48,17524.95,15823.05,17695.7,16991.15,17988.42,17932.6,17626.27,17412.11,17522.96,17476.03,15485.42,16302.81,16594.89,17063.27,14885.86,14742.73,14592.82,15110.15,16433.55,15479.55,16008.04,16177.48,16015.28,16835.12,15437.61,15659.47,15604.01,15525.7,15429.49,15321.2,15207.19,15094.32,14987.59,14888.58,14796.39,14708.38,14621.07,14531.55,14438.15,14340.14,14237.52,14130.65,14019.66,13904.52,13784.97,13660.51,13530.54,13394.51,13254.04,13113.0,12973.34,12835.06,12698.15,12562.59,12428.38,12295.51,12163.95,12033.72,11904.78,11777.13,11650.76,11525.66,11401.82,11279.23,11157.87,11037.74,10918.82,10801.11,10684.59,10569.26,10455.1,10342.1,10230.25,10119.55,10010.000486959016,9901.5724639607,9794.255889797852,9688.040776684875,9582.917197449151,9478.875282449015,9375.905218546432,9273.997254243672,9173.141694546639,9073.328906101542,8974.549315140228,8876.793408507521,8780.051732633883,8684.314895590089,8589.57356811457,8495.81847847671,8403.04042069557,8311.230248375843,8220.378878817217,8130.477287877671,8041.516517164862,7953.487670954096,7866.381913106314,7780.19047220479,7694.904638473113,7610.5157668571965,7527.015272915936,7444.394635903218,7362.6453967132375,7281.759160962528,7201.727595907927,7122.542432501275,7044.195462307379,6966.67854058604,6889.983587319394,6814.102582075207,6739.0275670889005,6664.750648290891,6591.263993251904,6518.55983221032,6446.63045396282,6375.468214083089,6305.065526703112,6235.414867595189,6166.508774171933,6098.339845486273,6030.900741204112,5964.184179549651,5898.182943469427,5832.889871386248,5768.297866445268,5704.399887267906,5641.1889561705875,5578.658151973353,5516.8006130818785,5455.609536460143,5395.078179685099,5335.19985580998,5275.967938500998,5217.375857927986,5159.417100764398,5102.085213269326,5045.373796150805,4989.27650764783,4933.787064557697,4878.899236071964,4824.606849940495,4770.903786307414,4717.783983875148,4665.241434767729,4613.270183503456,4561.864332131585,4511.018035095645,4460.725499233427,4410.980985831669,4361.778808571376,4313.113334555158,4264.978982252553,4217.37022047269,4170.281573500982,4123.707612880413,4077.6429625482383
92,21924.96,19709.52,21663.13,19554.17,23142.96,20370.2,18406.48,20191.13,20227.88,18095.17,19666.67,18643.62,19928.83,17631.79,19259.84,19305.93,19730.3,18720.43,20034.61,18212.06,18091.79,19196.94,21291.64,18502.12,18752.62,17561.41,18278.37,18011.75,18055.81,17093.18,15901.2,17375.54,17905.27,17314.35,16901.41,17837.17,17548.43,17451.88,17200.47,17474.89,17443.85,17386.07,17304.68,17204.94,17092.82,16974.67,16857.42,16746.15,16642.41,16545.17,16451.66,16358.29,16262.07,16161.31,16055.28,15943.95,15827.63,15706.38,15580.09,15448.39,15310.73,15166.49,15017.37,14867.49,14718.97,14571.81,14426.0,14281.53,14138.39,13996.57,13856.06,13716.84,13578.92,13442.27,13306.9,13172.79,13039.93,12908.31,12777.92,12648.75,12520.8,12394.05,12268.5,12144.13,12020.94,11898.91,11778.05,11658.32,11539.761773642078,11422.332180281881,11306.02210486356,11190.822463160088,11076.724222325813,10963.71835979136,10851.795935197559,10740.948008185223,10631.165720605379,10522.440224585323,10414.762723633728,10308.124472640644,10202.516766573583,10097.930936367035,9994.358367419729,9891.790487263135,9790.218768644327,9689.634730553616,9590.029937196929,9491.396003133925,9393.724586084634,9297.007392067573,9201.236175399747,9106.402739724279,9012.498933899913,8919.51665713913,8827.44785798053,8736.284532233589,8646.018725033888,8556.642531870762,8468.148098587297,8380.527617269809,8293.773333441246,8207.877539895424,8122.832581835156,8038.630852761749,7955.264796530259,7872.726908377116,7791.009733892492,7710.105867992686,7630.007955947741,7550.708695436699,7472.200833464726,7394.477167390735,7317.530543899757,7241.353864141077,7165.940075507224,7091.282177799722,7017.373222201474,6944.206308193878,6871.774585612068,6800.071257727821,6729.089574056142,6658.822836521041,6589.264396372647,6520.407655214839,6452.246062949983,6384.77312188945,6317.982382643105,6251.867443091673,6186.421953524885,6121.639611503336,6057.5141659689925,5994.039411079433,5931.209194428866,5869.017407799483,5807.457992299594,5746.524940418879,5686.212289862636,5626.514125607021,5567.424581954314,5508.937841505285,5451.048131048684,5393.749727727012,5337.03695389838,5280.904179191759,5225.345818451732,5170.356333793748,5115.930235631747,5062.06207548477,5008.7464552256,4955.978017832126
93,22228.65,20686.73,21960.36,22145.33,23977.4,23319.23,18889.14,20424.8,21654.63,21376.14,22147.59,21314.14,21378.43,19969.47,20853.64,20664.62,22735.16,21148.31,22835.05,20608.66,20386.03,22976.86,20438.13,20162.49,20797.23,19730.53,19835.07,19187.87,18847.82,19327.16,17624.93,19414.77,18632.16,17752.1,20155.43,19646.08,19687.37,20991.67,19045.73,19371.01,19365.11,19332.99,19273.34,19189.51,19087.07,18972.11,18850.85,18730.17,18615.21,18507.42,18405.66,18307.02,18207.83,18105.07,17997.06,17883.06,17763.01,17637.14,17505.45,17367.71,17223.47,17072.1,16915.39,16757.72,16601.38,16446.35,16292.63,16140.21,15989.08,15839.23,15690.66,15543.35,15397.3,15252.5,15108.95,14966.62,14825.52,14685.64,14546.96,14409.48,14273.2,14138.1,14004.18,13871.42,13739.82,13609.37,13480.07,13351.9,13224.884734874326,13098.987207581527,12974.1993772855,12850.513223688693,12727.920757301341,12606.413998902948,12485.985010350092,12366.625863768619,12248.328651822894,12131.085508254375,12014.888577073763,11899.730043368842,11785.602102496656,11672.49700116059,11560.406986064023,11449.324365525943,11339.241447865328,11230.150592747501,11122.044170107049,11014.914611494158,10908.754358728285,10803.555874167421,10699.311681785155,10596.014326093615,10493.656382412728,10392.23045687022,10291.72920694016,10192.145306527433,10093.471472667854,9995.700459366597,9898.825052463562,9802.838076821869,9707.73239222014,9613.500896433285,9520.13652420558,9427.632246223733,9335.98107117074,9245.176046752813,9155.210257645525,9066.076826520735,8977.76891507352,8890.27972402217,8803.60249002741,8717.730492880886,8632.657048316676,8548.375512119008,8464.879280122243,8382.161786157032,8300.216505131095,8219.036949948444,8138.61667561708,8058.949274114367,7980.028379521666,7901.847664943549,7824.400842507807,7747.681667473149,7671.683932067647,7596.401469596443,7521.828153414816,7447.957896928191,7374.784654619058,7302.30242102005,7230.505228660088,7159.387153199012,7088.942307266029,7019.164846621264,6950.048963994202,6881.58889524525,6813.778913204182,6746.613332804758,6680.086508003959,6614.192831781978,6548.92673819608,6484.282699299812,6420.255228223794,6356.838876094932,6294.028234090273,6231.817933437009,6170.2026423316875,6109.177070047929,6048.735964882569,5988.874111074873
94,21565.5,22957.05,21503.81,23979.33,27464.44,24173.39,24256.77,24359.16,23169.58,23223.12,23475.2,22235.04,22343.97,20753.14,23741.84,24594.36,23637.0,23126.19,23152.83,21522.57,21757.06,22389.6,22056.63,23167.64,23082.76,21110.15,23221.4,23859.84,20813.01,20396.91,19377.74,21279.36,20393.22,20767.72,23801.33,22010.23,20336.67,20916.82,20996.18,21368.14,21383.91,21377.86,21344.89,21283.77,21198.14,21093.84,20977.01,20853.62,20730.46,20612.61,20501.44,20395.63,20292.2,20187.41,20078.24,19963.03,19841.04,19712.17,19576.59,19434.18,19284.6,19127.28,18964.13,18799.81,18636.75,18474.94,18314.39,18155.07,17996.98,17840.13,17684.49,17530.07,17376.86,17224.84,17074.02,16924.39,16775.93,16628.65,16482.53,16337.58,16193.77,16051.11,15909.59,15769.2,15629.93,15491.79,15354.75,15218.82,15084.016358098075,14950.302137355111,14817.670496467146,14686.114563313531,14555.627517134759,14426.202526899095,14297.832741030345,14170.511359313456,14044.231560988928,13918.986556113932,13794.769554745646,13671.573766941252,13549.392454119063,13428.218846880713,13308.04620664452,13188.867825645488,13070.676975574162,12953.46698975446,12837.231170693609,12721.962872259985,12607.655458594185,12494.302293836807,12381.896783217366,12270.432342237602,12159.902406943713,12050.30043392635,11941.619900320626,11833.854303806103,11726.997172879037,11621.042036035671,11515.982462861175,11411.812043485168,11308.52439885395,11206.113149913826,11104.571968972246,11003.89453860888,10904.074561947855,10805.105783202214,10706.981956857233,10609.69686821486,10513.244343665965,10417.618219873646,10322.812354045453,10228.820652695631,10135.637030556216,10043.255440366476,9951.669859519037,9860.874295195981,9770.862781287184,9681.629381471983,9593.168187164734,9505.473321623702,9418.53893481494,9332.359206493964,9246.928346205752,9162.240594311968,9078.290220963736,8995.071524047196,8912.578834319622,8830.806512327743,8749.748947380534,8669.400562685316,8589.755809184433,8510.809170691351,8432.555158754565,8354.988318820906,8278.103228181126,8201.894490833763,8126.356746730156,8051.484663556664,7977.272942897991,7903.716315101085,7830.8095454384675,7758.547425890457,7686.924783362942,7615.936475578503,7545.5773910763955,7475.84244921257,7406.726603241322,7338.224834151964,7270.3321578593905,7203.043621095173
95,23847.64,24960.34,23782.16,21292.04,25989.48,23073.54,25187.89,23190.69,24976.91,24052.66,25153.07,25050.88,25017.85,20770.13,24969.73,23226.46,22960.73,23879.2,23229.33,24260.67,24598.36,23933.02,24976.35,25107.65,23754.56,23648.39,23093.24,24497.26,24264.64,22485.31,22142.98,22874.91,23934.79,22561.54,24750.24,22748.82,23095.0,24574.75,23019.05,23430.81,23461.86,23478.05,23471.91,23438.37,23376.37,23289.78,23184.7,23067.24,22943.03,22818.62,22698.99,22585.35,22476.25,22368.59,22258.65,22143.44,22021.33,21891.6,21754.12,21608.92,21455.8,21294.24,21126.31,20956.99,20788.85,20621.88,20456.08,20291.44,20127.96,19965.63,19804.45,19644.41,19485.5,19327.73,19171.09,19015.56,18861.15,18707.85,18555.65,18404.56,18254.55,18105.63,17957.8,17811.04,17665.35,17520.73,17377.17,17234.66,17093.235056906273,16952.852198959972,16813.505826204415,16675.190287307196,16537.899982311643,16401.629259885336,16266.372478971012,16132.1239985114,15998.87817744924,15866.629354176956,15735.371877362135,15605.10009567236,15475.808357775213,15347.491002063129,15220.142387478838,15093.756862689923,14968.328776363971,14843.85248744371,14720.322354871872,14597.732747866348,14476.07802536986,14355.352566875446,14235.55076215129,14116.666990690417,13998.695652536167,13881.631147731867,13765.467896871154,13650.200330822805,13535.822859905304,13422.32994581288,13309.716029689469,13197.975593779596,13087.103089502347,12977.093029927702,12867.939897300188,12759.638214964943,12652.182516542238,12545.567335652358,12439.787226465885,12334.836773978845,12230.710542636967,12127.403158536883,12024.90922722492,11923.223374797704,11822.340268452472,11722.254565111294,11622.960952521698,11524.454138981517,11426.728832788576,11329.779773066151,11233.601719487822,11138.189452277462,11043.537761934096,10949.641469782207,10856.495397146264,10764.094396176199,10672.433349847379,10581.507141135184,10491.31069411559,10401.838943139715,10313.086832833838,10225.0493396772,10137.721472002,10051.098244305529,9965.17469471793,9879.94588808473,9795.406906719207,9711.552859650035,9628.378873373642,9545.88009904681,9464.051711459173,9382.888906978178,9302.38690354908,9222.54094480502,9143.346294929428,9064.798242766097,8986.89209873664,8909.623198950536,8832.98690109509,8756.978586490437,8681.593662144596,8606.827555615888
96,25635.01,26175.25,25595.45,26092.8,26908.15,23057.64,22604.14,26885.25,25712.05,26904.06,25011.67,26220.85,31900.2,26527.33,27126.35,27646.42,25633.48,25530.49,27698.57,27448.61,25452.49,29836.57,28310.01,27318.59,26710.68,25592.54,26918.71,23788.23,23802.88,24017.86,23770.05,27329.46,28620.1,22857.14,24167.31,24182.05,26969.29,27598.28,25207.79,25658.1,25696.11,25727.85,25744.37,25738.17,25704.28,25641.8,25554.86,25449.8,25332.64,25208.58,25083.82,24963.18,24847.68,24735.71,24624.1,24509.14,24387.91,24258.84,24121.24,23974.89,23819.72,23655.33,23483.96,23310.93,23138.98,22968.12,22798.32,22629.6,22461.94,22295.34,22129.81,21965.33,21801.9,21639.52,21478.18,21317.88,21158.62,21000.38,20843.18,20687.0,20531.83,20377.68,20224.54,20072.41,19921.28,19771.15,19622.01,19473.86,19326.73023707321,19180.57977272761,19035.40424908915,18891.199256893746,18747.9603868773,18605.68322977574,18464.363335212955,18323.996242534828,18184.577491087264,18046.10259966013,17908.56707676531,17771.966420636672,17636.296108952076,17501.551629667385,17367.728439904462,17234.822007063147,17102.827777987302,16971.741189242755,16841.557687673365,16712.27270984496,16583.881671767384,16456.379999728466,16329.763109738042,16204.02641780594,16079.16532966399,15955.175271600028,15832.051639067879,15709.78983779936,15588.385283804317,15467.833382814566,15348.129520005927,15229.269131944244,15111.247614083339,14994.06038243304,14877.702842725175,14762.170421247585,14647.458523732093,14533.562586744543,14420.47803657277,14308.200309782615,14196.724832661912,14086.04706233252,13976.162435360277,13867.06640886703,13758.754450252642,13651.222026916961,13544.46461653786,13438.477696793187,13333.256776194825,13228.797342698637,13125.0949048165,13022.144991616302,12919.943132165923,12818.484845255247,12717.765711342183,12617.781259494612,12518.527080448455,12419.998744383613,12322.191842036003,12225.101984697547,12128.72478366017,12033.055860493798,11938.09086760238,11843.82544711185,11750.255271982167,11657.376004895274,11565.183359923147,11473.673030581744,11382.840730943046,11292.682195635029,11203.193169563683,11114.369428469012,11026.206727535004,10938.700873335678,10851.847651889038,10765.642900603121,10680.082446607948,10595.162137589556,10510.877841789992,10427.225448007312,10344.200845039568,10261.799950463233
97,31840.8,25347.42,24802.94,24436.65,24137.93,27365.62,22410.87,26443.65,25237.55,26512.97,24864.86,31527.09,28396.57,28414.59,30402.22,25116.76,27973.46,27857.96,29541.83,26931.38,30075.19,31114.44,29916.68,27192.49,31389.49,30040.6,27423.0,30426.59,23620.34,28584.63,26002.04,29663.7,27624.31,26445.26,29208.92,26227.56,27411.75,27485.45,27379.29,27867.67,27908.25,27946.67,27978.68,27995.31,27989.15,27955.39,27893.37,27807.42,27704.05,27589.11,27467.19,27344.01,27224.14,27108.34,26994.86,26880.49,26761.6,26635.39,26500.37,26355.86,26201.58,26037.23,25865.3,25691.42,25518.51,25346.55,25175.56,25005.52,24836.43,24668.3,24501.11,24334.88,24169.59,24005.23,23841.82,23679.35,23517.8,23357.19,23197.51,23038.75,22880.91,22724.0,22568.0,22412.91,22258.73,22105.46,21953.1,21801.63,21651.103280615753,21501.470783156583,21352.72936171408,21204.875839837,21057.907051255068,20911.81976861237,20766.61076455303,20622.27678117834,20478.814560589617,20336.220793983488,20194.492172556602,20053.625367143715,19913.61702821775,19774.463785889737,19636.162249908848,19498.709040205184,19362.10071562325,19226.33386555036,19091.405028469137,18957.310763224097,18824.047587936,18691.612020725624,18560.0005695328,18429.209711754567,18299.235945149834,18170.075736934697,18041.725544144327,17914.181823813895,17787.441012616702,17661.49954722606,17536.353843953395,17412.000339472008,17288.43543991241,17165.655551405103,17043.657059718716,16922.43638116469,16801.98989133073,16682.313975985468,16563.405010716608,16445.25938129278,16327.873453120761,16211.243611969187,16095.366202882955,15980.237601449768,15865.8541730764,15752.212272988681,15639.308266593382,15527.138519297272,15415.69938632619,15304.987222905966,15194.998394443372,15085.729266345177,14977.176193837216,14869.335552507195,14762.20368740001,14655.776984284297,14550.051808566832,14445.024525654377,14340.691531496506,14237.049181319055,14134.093871071587,14031.82197634181,13930.229903260224,13829.314047776401,13729.070785478043,13629.496553038449,13530.58773622626,13432.34076153384,13334.752055453568,13237.81803429687,13141.535134737054,13045.89979344742,12950.908467463141,12856.557603638452,12762.843659008526,12669.763110970394,12577.312426740162,12485.4880938958,12394.286600015277,12303.7044428575,12213.738140543235,12124.384201012323
98,24956.67,28266.23,24761.9,24569.29,21068.03,29204.69,19387.76,24821.0,27247.35,27571.58,29586.37,30444.75,30321.73,31132.49,31394.28,29874.21,31139.42,27477.64,34990.56,29403.97,29996.98,28299.64,29677.77,28211.59,30833.33,29755.58,28922.5,30434.78,30776.19,27615.24,27922.91,28942.63,30435.67,26867.6,26603.33,30863.12,30277.27,30033.26,29685.75,30214.4,30257.56,30298.42,30336.99,30369.05,30385.67,30379.6,30346.26,30285.23,30201.06,30100.39,29988.83,29870.25,29749.81,29631.7,29516.45,29402.13,29285.5,29163.06,29032.17,28891.4,28740.1,28577.8,28407.23,28234.41,28062.43,27891.29,27720.98,27551.5,27382.86,27215.04,27048.06,26881.91,26716.58,26552.08,26388.4,26225.55,26063.51,25902.3,25741.9,25582.32,25423.55,25265.6,25108.45,24952.12,24796.59,24641.87,24487.95,24334.83,24182.551008877206,24031.068577555616,23880.380689300502,23730.48530720978,23581.380354046676,23433.06372232339,23285.533304552133,23138.786942826737,22992.822459073686,22847.637675219474,22703.230352688544,22559.59826298902,22416.739127210654,22274.65066644319,22133.330571525363,21992.776503044886,21852.986121589463,21713.957057495787,21575.68691084952,21438.173281736337,21301.413750074553,21165.405855447796,21030.147157607043,20895.635155801214,20761.867379530264,20628.84129779211,20496.55439975201,20365.004134240517,20234.187950088202,20104.10327595827,19974.747530430275,19846.118111916407,19718.21242891253,19591.027839496146,19464.56171182843,19338.811414070555,19213.77428413267,19089.44764984126,18965.82882893912,18842.915149252738,18720.70390835757,18599.192393745398,18478.377882824327,18358.257673169825,18238.829011938975,18120.08917653989,18002.035414129656,17884.66496178169,17767.975056569416,17651.962945649906,17536.62585601292,17421.960984397167,17307.965577959738,17194.63681327201,17081.9719274074,16969.96809693728,16858.62252868404,16747.9324193864,16637.89494561575,16528.507304110793,16419.76667144291,16311.670234267147,16204.215159071204,16097.398632510129,15991.21781098795,15885.669891243384,15780.752019596785,15676.4613827032,15572.795136966659,15469.750458958533,15367.324505082848,15265.514451910978,15164.317465930619,15063.730713629478,14963.75135141158,14864.376565931969,14765.603513594673,14667.429381054739,14569.85131463252,14472.866511066737,14376.472146928765,14280.665378622627
99,24932.25,29000.0,26730.31,28992.07,25550.66,26720.65,24719.1,32876.71,36744.56,31720.86,24867.32,27137.81,27354.84,25893.46,34717.92,31715.65,28078.25,34943.47,32943.57,27508.24,31632.18,32269.5,30238.29,32061.07,37239.17,33075.73,29841.75,32205.68,34296.6,31439.89,28227.19,29994.0,31415.93,32919.95,31960.96,32556.77,35316.7,32332.84,32213.11,32785.75,32831.61,32875.02,32916.01,32954.59,32986.55,33003.09,32997.14,32964.41,32904.76,32822.93,32725.72,32618.4,32504.06,32387.15,32271.5,32157.32,32042.5,31923.81,31797.86,31662.18,31515.44,31356.88,31189.29,31019.12,30849.65,30680.89,30512.84,30345.5,30178.87,30012.94,29847.72,29683.21,29519.41,29356.31,29193.92,29032.23,28871.25,28710.97,28551.39,28392.51,28234.34,28076.86,27920.09,27764.01,27608.63,27453.95,27299.97,27146.68,26994.123754350298,26842.259629624394,26691.086572029708,26540.60347759308,26390.809232305226,26241.702661940126,26093.28261234402,25945.547869146427,25798.49719790462,25652.129354139746,25506.443053228493,25361.436990475293,25217.109851148463,25073.460270335727,24930.4868831248,24788.188294495038,24646.563089353567,24505.609812463026,24365.327028658303,24225.71324255755,24086.766948742814,23948.48664179614,23810.87076611897,23673.917756076633,23537.626046034446,23401.994030213264,23267.020092797804,23132.70260793668,22999.03990963402,22866.030331893948,22733.672198684468,22601.96380386523,22470.90342122365,22340.489324547132,22210.71975751473,22081.59296380549,21953.107167026224,21825.260560675386,21698.051348287543,21571.477703288914,21445.537789069578,21320.229769019643,21195.551766384717,21071.50192448265,20948.078346486815,20825.279135570592,20703.102394907353,20581.546197562115,20460.60860656377,20340.28768494121,20220.581485687217,20101.488051758442,19983.00539600319,19865.13154130587,19747.8645105509,19631.202286478216,19515.142871899996,19399.684249556183,19284.82439215059,19170.561272387033,19056.892842897094,18943.81706634847,18831.3318753005,18719.435212348642,18608.125010052237,18497.399200970623,18387.2556975909,18277.692412400167,18168.707247849397,18060.298116425703,17952.46291054394,17845.199522618965,17738.505835029522,17632.37973015435,17526.819090372184,17421.821798061777,17317.3857054935,17213.50868500998,17110.18859891771,17007.423309523205,16905.21066909683,16803.54853994509
100,39103.87,23236.51,30601.09,30823.12,25396.83,38670.69,26979.47,26740.95,35578.14,22400.0,37668.16,31034.48,33301.8,27663.55,38732.39,37931.03,33659.49,39839.36,31783.6,40506.33,37110.67,37526.65,32979.39,32624.11,44800.0,36480.41,31468.14,34304.56,29160.67,33824.98,31192.66,31181.49,33392.54,27974.28,32107.02,38642.3,35737.55,36552.05,34778.34,35388.84,35437.25,35483.06,35526.32,35567.03,35605.21,35636.74,35653.03,35647.28,35615.55,35558.0,35479.59,35387.15,35285.57,35177.03,35065.17,34953.33,34841.4,34727.1,34607.2,34478.49,34338.7,34186.47,34024.55,33859.71,33695.46,33531.79,33368.7,33206.19,33044.26,32882.92,32722.15,32561.97,32402.38,32243.37,32084.94,31927.09,31769.83,31613.15,31457.06,31301.54,31146.62,30992.27,30838.51,30685.33,30532.73,30380.72,30229.29,30078.44,29928.21257015576,29778.566111410415,29629.500284160833,29481.014728827184,29333.109075841345,29185.78292567019,29039.035838827287,28892.867375826205,28747.277047238873,28602.264363637212,28457.82879563984,28313.969803877048,28170.686829002465,28027.97926172808,27885.84651274254,27744.287942792853,27603.302892649375,27462.890703082456,27323.0506649208,27183.78206899312,27045.084186151475,26906.956247294613,26769.397503297918,26632.4071351185,26495.984343690125,26360.12829998156,26224.838154984925,26090.11303971568,25955.952065212645,25822.354332526284,25689.31893271875,25556.84491689889,25424.93133617553,25293.577231669195,25162.781594558746,25032.54344598804,24902.86175715929,24773.73549927472,24645.163623559874,24517.145071251995,24389.678763611646,24262.76360192276,24136.398497457572,24010.58231154669,23885.31391550905,23760.592170675263,23636.41590841095,23512.78396008172,23389.695147064886,23267.14825078442,23145.142082629292,23023.675404046826,22902.746996461003,22782.3556013425,22662.499960161986,22543.178804401792,22424.390855555946,22306.134835118457,22188.409424630026,22071.213325608012,21954.545209604792,21838.403748172736,21722.78759288757,21607.695405313323,21493.125817049076,21379.07745969388,21265.548964846803,21152.538924153596,21040.04596921331,20928.068671695055,20816.605633232895,20705.65543548426,20595.216640129915,20485.287828827284,20375.86754328047,20266.95433518192,20158.546756224063,20050.64333812269,19943.242612593574,19836.343101364175,19729.943316173623,19624.04177874936
101,36749.12,27681.66,27160.49,29378.53,30517.71,31331.59,30548.93,31929.05,31799.16,32586.56,35555.56,32280.7,28660.44,32677.76,41160.95,35942.03,30114.57,30395.14,37673.13,28940.57,28318.58,36210.53,39024.39,36682.93,39043.82,31623.93,41944.71,40842.79,39324.12,41918.82,37545.13,35436.24,35691.52,34532.37,43157.3,36410.26,37653.87,32112.68,37616.62,38262.44,38306.78,38355.11,38400.74,38443.67,38483.94,38521.57,38552.52,38568.47,38562.96,38532.42,38477.36,38402.91,38315.96,38220.96,38119.04,38012.97,37905.57,37796.33,37682.8,37561.77,37430.22,37285.93,37131.39,36973.63,36816.32,36659.48,36503.1,36347.18,36191.72,36036.72,35882.19,35728.12,35574.52,35421.38,35268.71,35116.5,34964.76,34813.49,34662.69,34512.35,34362.48,34213.09,34064.16,33915.7,33767.71,33620.19,33473.15,33326.57,33180.50224993411,33034.905390543885,32889.77962163443,32745.125093059556,32600.941974653622,32457.230406280192,32313.990477851556,32171.22229926052,32028.925940438883,31887.101441347648,31745.748851938108,31604.86817221025,31464.459412154334,31324.522531809336,31185.05749121424,31046.064230427524,30907.542669527127,30769.49270861051,30631.91422779461,30494.80710719636,30358.17117698143,30222.00627730573,30086.312218354426,29951.0888003224,29816.335803424052,29682.05297790299,29548.240083993103,29414.8968519575,29282.022982088525,29149.618184668776,29017.68214001009,28886.214518434055,28755.21496029147,28624.68310593317,28494.61857572945,28365.02098006036,28235.88990932544,28107.224943933976,27979.02563432448,27851.291540925737,27724.02219419575,27597.21712459253,27470.875812622806,27344.997778754332,27219.582493503593,27094.629427387063,26970.138030940707,26846.10774471024,26722.537999251115,26599.42821512854,26476.777782936955,26354.5861132513,26232.852576685502,26111.57654385349,25990.757375378937,25870.394401914746,25750.48696410408,25631.034392599842,25512.035998074432,25393.491071219738,25275.398912717894,25157.758793280285,25040.569983618272,24923.831744452986,24807.543326515286,24691.703970545786,24576.31289730459,24461.36933754204,24346.872492037735,24232.82156157126,24119.215736931958,24006.0541989189,23893.336138321418,23781.060695977576,23669.227032705945,23557.834309325088,23446.881646692553,23336.36819563666,23226.293057034443,23116.655351743444,23007.45420062123,22898.688684564306
102,40506.33,33136.09,33684.21,34123.22,34934.5,36514.52,37500.0,37818.18,37966.1,39087.95,30670.93,36994.22,26086.96,35476.72,54976.3,33256.35,38512.04,39024.39,37416.48,43974.63,38989.17,48764.42,44912.28,35555.56,35526.32,42834.65,41087.61,30413.22,38997.21,41434.26,34152.65,29203.54,38264.74,30858.24,45948.72,41106.72,34261.24,36791.44,40553.08,41234.37,41267.5,41311.5,41359.34,41404.37,41446.59,41486.04,41522.75,41552.83,41568.28,41563.06,41534.07,41482.16,41412.6,41332.3,41245.15,41151.18,41052.17,40950.31,40844.71,40732.73,40611.18,40477.12,40332.52,40184.44,40036.71,39889.32,39742.29,39595.6,39449.26,39303.27,39157.64,39012.35,38867.42,38722.84,38578.62,38434.75,38291.24,38148.08,38005.29,37862.85,37720.77,37579.04,37437.68,37296.68,37156.04,37015.77,36875.85,36736.3,36597.14598041822,36458.35562842002,36319.92945359567,36181.86796553543,36044.171613877734,35906.840878236944,35769.87618826759,35633.27798361616,35497.04668394521,35361.182668949434,35225.68632831551,35090.55804173812,34955.7981489441,34821.40699965225,34687.384903613514,34553.732180570776,34420.44913028303,34287.53601254137,34154.99311711281,34022.820673812545,33891.01894243171,33759.58813280155,33628.52845475338,33497.84010812649,33367.52327277627,33237.57811856613,33108.004815359505,32978.80348305997,32849.974271547006,32721.51728074028,32593.432620551415,32465.72039090006,32338.38066172998,32211.41349299297,32084.81895463279,31958.597076625327,31832.74787895453,31707.27139159628,31582.167624542555,31457.43654781745,31333.07816142097,31209.092435377213,31085.479309734383,30962.238744524628,30839.370669804182,30716.87501562928,30594.751682080274,30473.00058922143,30351.6216071572,30230.614615983995,30109.979505790187,29989.716106712363,29869.824288854972,29750.303882354598,29631.154707355843,29512.376584003345,29393.96933244171,29275.932722855727,29158.266555406088,29040.970620261505,28924.044657630882,28807.488437698987,28691.301720658666,28575.48422673487,28460.035686144525,28344.955829104547,28230.244365847953,28115.90098662379,28001.92539167309,27888.317271244916,27775.07628561244,27662.202115032753,27549.69440978706,27437.55283014852,27325.776996422443,27214.366568881993,27103.321147848546,26992.64036361936,26882.32382650779,26772.37112684323,26662.781864947054,26553.55563114867
103,45454.55,34782.61,38461.54,39024.39,36363.64,38888.89,41025.64,44444.44,42352.94,44198.9,26666.67,29015.54,45283.02,21374.05,49275.36,34449.76,51692.31,38400.0,34920.63,44800.0,39628.48,35443.04,43312.1,45283.02,50969.53,48484.85,52130.33,43243.24,48172.04,41830.07,48484.85,42181.82,37435.01,36000.0,54193.55,47386.76,40404.04,37305.7,43569.12,44285.81,44306.39,44339.06,44382.34,44429.28,44473.29,44514.41,44552.67,44588.1,44616.99,44631.78,44626.93,44599.82,44551.67,44487.88,44415.28,44337.16,44252.33,44161.49,44066.16,43965.02,43855.23,43733.51,43601.29,43465.46,43329.88,43194.55,43059.46,42924.62,42790.03,42655.69,42521.6,42387.76,42254.17,42120.84,41987.76,41854.94,41722.37,41590.06,41458.01,41326.21,41194.67,41063.39,40932.37,40801.62,40671.12,40540.89,40410.92,40281.21,40151.79773654931,40022.650030158184,39893.76750042158,39765.15077692794,39636.80044929184,39508.71713710825,39380.90141000481,39253.3538476026,39126.075019529286,38999.06547542555,38872.3257649321,38745.85640770924,38619.65793341072,38493.73086169685,38368.07567225407,38242.69287474919,38117.58294886866,37992.74636430543,37868.18357076552,37743.89503794191,37619.88118556023,37496.14245333302,37372.67926098592,37249.49202824455,37126.58113486067,37003.947000559914,36881.589975113624,36759.510458260505,36637.70878977843,36516.18533942569,36394.94044698019,36273.97443223286,36153.28764495508,36032.88037495737,35912.75294203071,35792.90564597912,35673.33876661967,35554.05258376944,35435.04736725206,35316.32338689114,35197.88089252337,35079.72011399849,34961.84129115971,34844.24466385025,34726.93044193294,34609.898825277094,34493.15002374555,34376.68421722072,34260.501605571924,34144.60235868813,34028.986646458274,33913.6546087909,33798.60641557495,33683.84220671897,33569.36211213803,33455.16626174719,33341.25476547462,33227.627743241916,33114.28529498375,33001.22752063479,32888.454500142776,32775.96631345545,32663.76304052055,32551.844741298875,32440.211465757766,32328.86327385802,32217.800205573523,32107.022300878125,31996.529569765305,31886.32206220239,31776.399758202457,31666.762697739363,31557.410850832715,31448.344237469446,31339.562817675684,31231.066591451432,31122.855518822824,31014.929559815977,30907.288694443974,30799.932852752525,30692.86199476778,30586.07605053546
104,46153.85,32653.06,31372.55,38095.24,34285.71,39024.39,35555.56,35555.56,42105.26,41666.67,25000.0,35714.29,50793.65,45714.29,33532.93,44137.93,34782.61,29813.66,69767.44,33057.85,50704.23,51231.53,23762.38,32000.0,30967.74,46073.3,55045.87,43243.24,33027.52,27947.6,33587.79,50165.02,35555.56,49025.07,40909.09,43804.03,50299.4,39779.01,46635.9,47395.57,47402.42,47422.58,47454.52,47496.69,47542.29,47584.9,47624.53,47661.22,47695.02,47722.44,47736.43,47731.99,47707.07,47663.25,47606.0,47542.02,47473.93,47399.23,47317.47,47229.45,47133.35,47026.02,46908.48,46787.33,46666.34,46545.51,46424.84,46304.34,46184.0,46063.83,45943.82,45823.98,45704.3,45584.8,45465.46,45346.29,45227.29,45108.46,44989.81,44871.32,44753.01,44634.87,44516.91,44399.12,44281.51,44164.07,44046.81,43929.72,43812.83946252705,43696.13714205398,43579.61363826783,43463.26954086089,43347.105449520226,43231.12194394331,43115.3195838381,42999.69895889684,42884.2606088379,42769.00509336921,42653.93297219869,42539.04477504989,42424.34104164121,42309.822291701385,42195.4890649488,42081.34185112789,41967.38117996221,41853.607551191,41740.02145455868,41626.62337980968,41513.41381668843,41400.39323494981,41287.56211434346,41174.92090463467,41062.47008557311,40950.210086934494,40838.14136847889,40726.26435998205,40614.579511209246,40503.087231946665,40391.787961964794,40280.68210105501,40169.77005900348,40059.05225559115,39948.529070619814,39838.200893886074,39728.06813517608,39618.131144307285,39508.39032107106,39398.846005290085,39289.498586760936,39180.34841530109,39071.39583073318,38962.641182874686,38854.08481154826,38745.72704658179,38637.56822779796,38529.60866503506,38421.8486781262,38314.288586904484,38206.92868121866,38099.76927090704,37992.81065581314,37886.053105796156,37779.49692069961,37673.14238037747,37566.98975468891,37461.03930349832,37355.2912866701,37249.74597406342,37144.403615547904,37039.264450998366,36934.328720289624,36829.596663296514,36725.068519893844,36620.74448997732,36516.62482341655,36412.7097201072,36308.999379944995,36205.49403280993,36102.193868602946,35999.09907722493,35896.20984857677,35793.52638255418,35691.048839073694,35588.777408036214,35486.71225935309,35384.85355294085,35283.20145871084,35181.75612658483,35080.51770648457,34979.48634833184
105,61538.46,36363.64,28571.43,48484.85,47058.82,38095.24,32000.0,45283.02,45283.02,44444.44,31372.55,0.0,80000.0,25000.0,57142.86,59259.26,28235.29,38095.24,20512.82,75294.12,22857.14,33802.82,44800.0,35398.23,48484.85,38095.24,47058.82,32520.33,48484.85,39436.62,27586.21,27586.21,41290.32,32000.0,48888.89,40553.0,35955.06,48730.96,49722.79,50532.74,50532.74,50539.4,50558.97,50589.89,50630.59,50674.46,50715.26,50753.03,50787.82,50819.66,50845.34,50858.38,50854.41,50831.94,50792.93,50742.87,50688.26,50630.96,50567.12,50495.08,50414.8,50323.84,50223.09,50118.81,50014.62,49910.52,49806.53,49702.63,49598.82,49495.12,49391.51,49288.01,49184.6,49081.29,48978.09,48874.98,48771.98,48669.08,48566.29,48463.59,48361.0,48258.52,48156.14,48053.86,47951.69,47849.63,47747.68,47645.83,47544.110813418854,47442.499892875916,47340.99771817636,47239.60473913753,47138.32145555651,47037.14830725467,46936.085764041265,46835.13427573364,46734.294312141035,46633.56631308485,46532.95072838243,46432.44800785114,46332.05858131644,46231.78288859974,46131.62136952244,46031.57444391409,45931.64255159607,45831.826092406045,45732.12551616136,45632.54121270372,45533.073611858585,45433.7231134636,45334.49012735237,45235.37505336251,45136.37830132764,45037.500251093494,44938.74130249772,44840.101845382036,44741.58225959219,44643.18293496989,44544.90424136496,44446.746568619106,44348.71027658621,44250.79574511202,44153.00332405447,44055.33339325935,43957.786292588644,43860.36240188812,43763.06205102382,43665.88559984964,43568.83338822756,43471.905776011474,43375.103083071495,43278.425659265566,43181.87382446379,43085.44791852818,42989.148261328846,42892.97519272778,42796.92901260322,42701.01004082529,42605.21860726003,42509.555011785684,42414.01956427642,42318.612564610485,42223.3343126661,42128.18511831744,42033.1652714468,41938.275061936474,41843.51477966875,41748.884714525935,41654.38514639436,41560.01634516444,41465.77861071441,41371.67220293875,41277.697381731916,41183.8544369762,41090.14362856608,40996.56520640008,40903.11943037267,40809.806570374254,40716.626876303366,40623.580588062585,40530.667955550445,40437.88922866548,40345.244637314325,40252.734441391454,40160.35885081163,40068.11811547338,39976.01246528334,39884.0421101563,39792.207299990754,39700.50822470962
106,0.0,61538.46,57142.86,57142.86,57142.86,64000.0,50000.0,61538.46,59259.26,50000.0,27586.21,26666.67,100000.0,40000.0,0.0,70588.24,51063.83,93023.26,43243.24,77419.35,63157.89,53333.33,64864.86,72727.27,75675.68,58536.59,45283.02,18181.82,34782.61,32876.71,30000.0,54700.85,40000.0,38461.54,71641.79,41666.67,63157.89,16666.67,52805.56,53665.72,53665.72,53665.72,53672.13,53690.96,53720.6,53759.47,53801.22,53839.87,53875.45,53908.02,53937.62,53961.31,53973.28,53969.82,53950.02,53916.2,53873.82,53829.09,53783.05,53730.46,53668.35,53595.64,53513.52,53427.98,53342.49,53257.05,53171.66,53086.31,53001.02,52915.77,52830.58,52745.44,52660.34,52575.3,52490.32,52405.38,52320.5,52235.67,52150.89,52066.16,51981.49,51896.88,51812.32,51727.81,51643.36,51558.96,51474.62,51390.34,51306.127562407506,51221.97177750392,51137.87295519452,51053.83140538463,50969.84743797956,50885.92135288764,50802.05347001116,50718.244069264554,50634.49348054702,50550.80197377609,50467.16987885096,50383.59746568914,50300.085054192896,50216.63291427973,50133.241365851914,50049.91067882696,49966.64114311627,49883.43306862516,49800.28671527421,49717.202382971765,49634.18036162926,49551.22092116419,49468.32434149105,49385.49091252122,49302.7209141692,49220.01460635556,49137.37226899475,49054.79419199821,48972.280625289546,48889.831848783244,48807.44813239682,48725.129746047794,48642.876949656755,48560.690013141204,48478.56919642174,48396.51475941892,48314.526962053336,48232.60606424556,48150.75232591618,48068.96600698576,47987.247347380995,47905.59660702245,47824.01403583377,47742.49989373553,47661.05441065747,47579.67784652015,47498.37045124723,47417.13245476844,47335.96410700741,47254.86563789388,47173.83730734843,47092.879345300804,47011.991981680745,46931.17545641493,46850.430009430056,46769.75586065891,46689.15325002819,46608.62239747067,46528.16354291307,46447.7769162851,46367.46272752263,46287.2212065554,46207.0525733162,46126.95705773477,46046.93486974697,45966.98623928253,45887.11137627731,45807.31049066714,45727.583802384856,45647.931521366285,45568.35385754727,45488.85102086367,45409.423231248285,45330.070678643075,45250.79358298084,45171.59214420048,45092.46655224394,45013.41702704403,44934.44375854272,44855.54694667891,44776.7267913915,44697.983482622454
107,0.0,72727.27,72727.27,72727.27,72727.27,66666.67,61538.46,61538.46,42105.26,57142.86,0.0,0.0,0.0,66666.67,0.0,100000.0,0.0,0.0,42105.26,36363.64,0.0,30769.23,100000.0,57142.86,0.0,0.0,0.0,50000.0,0.0,34042.55,46153.85,64864.86,51612.9,24242.42,32000.0,69565.22,40677.97,31372.55,55860.11,56770.03,56770.03,56770.03,56770.03,56776.14,56794.06,56822.19,56858.93,56898.22,56934.39,56967.49,56997.57,57024.68,57046.2,57057.0,57054.07,57037.1,57008.73,56974.32,56939.72,56905.06,56863.66,56810.96,56748.99,56683.69,56618.4,56553.14,56487.9,56422.68,56357.47,56292.29,56227.13,56161.99,56096.87,56031.76,55966.68,55901.63,55836.59,55771.57,55706.58,55641.6,55576.65,55511.72,55446.82,55381.93,55317.07,55252.23,55187.42,55122.62,55057.859891541884,54993.123117952135,54928.40981919998,54863.72016524805,54799.05430606336,54734.41241160853,54669.79463185058,54605.20112675433,54540.63204628681,54476.08755041284,54411.56779909724,54347.07294230702,54282.60314000701,54218.158542164245,54153.73929874571,54089.345569716264,54024.97750504291,53960.63526469047,53896.318978630356,53832.028826823,53767.76493923982,53703.52747584564,53639.316576609686,53575.13240149676,53510.97510047389,53446.844813510295,53382.741690573006,53318.66588162903,53254.61753664539,53190.596795591315,53126.60380843381,53062.63871514211,52998.70166568322,52934.79281002417,52870.91227813637,52807.06021998685,52743.236785542635,52679.442104775124,52615.67633764915,52551.93960413834,52488.232064207485,52424.55384782802,52360.90509496918,52297.28595559797,52233.696549688,52170.137037204106,52106.60753811989,52043.10820240238,51979.639170020804,51916.20057094657,51852.792535151086,51789.41520260359,51726.06872327109,51662.7532071294,51599.46881414335,51536.21565428875,51472.99387753263,51409.803613846394,51346.64498320367,51283.51813557146,51220.42320092121,51157.3602892287,51094.329560458784,51031.331114589455,50968.365111585554,50905.431651425075,50842.53088407504,50779.66292950908,50716.827917698596,50654.02596861722,50591.25721223636,50528.521788525235,50465.819807459666,50403.15138901326,50340.51667315525,50277.91577985924,50215.34883909665,50152.8159508455,50090.317265072794,50027.85289175437,49965.42295086384,49903.027562374795
108,0.0,0.0,0.0,0.0,0.0,0.0,0.0,0.0,0.0,0.0,0.0,0.0,50000.0,0.0,0.0,0.0,0.0,0.0,100000.0,66666.67,76190.48,0.0,0.0,0.0,72727.27,0.0,33333.33,0.0,70588.24,38095.24,34782.61,42105.26,68571.43,88888.89,50000.0,100000.0,61538.46,0.0,58863.23,59822.06,59822.06,59822.06,59822.06,59822.06,59827.83,59844.72,59871.12,59905.45,59942.0,59975.43,60005.81,60033.19,60057.61,60076.8,60086.36,60083.97,60069.93,60047.13,60020.77,59996.23,59972.64,59941.55,59900.87,59856.88,59812.89,59768.9,59724.92,59680.94,59636.97,59593.0,59549.04,59505.08,59461.13,59417.18,59373.24,59329.3,59285.37,59241.45,59197.52,59153.61,59109.7,59065.8,59021.9,58978.0,58934.12,58890.24,58846.36,58802.49,58758.63165016659,58714.779299438596,58670.93300780707,58627.09283526305,58583.25883179912,58539.43105740629,58495.60956207714,58451.79440580269,58407.98563857552,58364.183320386655,58320.387491230154,58276.59822109557,58232.81555997545,58189.03955786233,58145.27027474727,58101.50776062282,58057.752075480035,58014.00325931295,57970.26138211111,57926.526483868576,57882.79862457639,57839.07785422711,57795.364232811764,57751.657810322926,57707.95863675311,57664.266772093404,57620.58226633633,57576.90515947593,57533.23553150028,57489.573412404905,57445.91886218085,57402.27193082068,57358.632668316925,57315.00113466064,57271.377389842884,57227.76146385918,57184.15341670058,57140.55331835666,57096.96118882442,57053.37710809194,57009.80111615327,56966.23326300093,56922.67359862749,56879.12218302398,56835.57905618445,56792.04427809996,56748.517898763035,56704.99996816624,56661.49053630211,56617.9896631617,56574.49737874054,56531.01375302819,56487.538826018696,56444.07264770458,56400.615278076926,56357.166757129744,56313.72713485559,56270.29648124403,56226.87481629208,56183.46220998931,56140.058702329734,56096.664353304426,56053.27920290742,56009.90331112976,55966.53671796549,55923.17947340716,55879.8316274473,55836.49323007847,55793.164331293214,55749.84497108556,55706.535219445075,55663.235106367276,55619.94469184322,55576.664005868464,55533.39311843254,55490.132069529485,55446.880909151856,55403.63968729219,55360.408443944536,55317.187229101415,55273.976092755394,55230.77508489901
109,50000.0,50000.0,50000.0,50000.0,50000.0,50000.0,50000.0,0.0,0.0,0.0,0.0,0.0,50000.0,50000.0,50000.0,0.0,0.0,0.0,0.0,0.0,66666.67,50000.0,0.0,100000.0,100000.0,0.0,100000.0,0.0,88888.89,0.0,69565.22,0.0,32000.0,100000.0,0.0,0.0,0.0,66666.67,61793.26,62799.82,62799.82,62799.82,62799.82,62799.82,62799.82,62805.2,62820.95,62845.46,62877.16,62910.73,62941.22,62968.69,62993.2,63014.8,63031.57,63039.84,63038.0,63026.9,63009.65,62991.17,62976.24,62962.61,62943.98,62921.9,62899.82,62877.74,62855.66,62833.58,62811.51,62789.43,62767.35,62745.27,62723.2,62701.12,62679.04,62656.96,62634.89,62612.81,62590.73,62568.66,62546.58,62524.51,62502.43,62480.36,62458.28,62436.21,62414.13,62392.06,62369.98819672219,62347.91669341618,62325.845500080984,62303.77461671663,62281.70405332217,62259.63381989667,62237.563916440115,62215.49436295063,62193.42516942728,62171.356325871,62149.287852279915,62127.219748654024,62105.15203499143,62083.08471129215,62061.01777755618,62038.95125378163,62016.88514996757,61994.819466114,61972.75420222091,61950.689388285486,61928.625004309615,61906.561080290456,61884.49761622803,61862.43462212137,61840.37209797051,61818.31006377354,61796.24850953142,61774.18746524131,61752.126920904164,61730.06688651904,61708.00737208499,61685.94838760108,61663.88994306636,61641.83203848085,61619.77469384264,61597.71789915269,61575.661674409115,61553.606019611914,61531.55095475921,61509.49646985194,61487.44258488821,61465.3893098671,61443.336634789535,61421.2845896527,61399.233164457546,61377.182379202175,61355.132233886594,61333.0827485089,61311.033903071024,61288.98573756916,61266.9382320052,61244.89141637633,61222.84528068349,61200.79984492478,61178.755109100224,61156.71108320886,61134.66776725071,61112.62519122294,61090.58333512743,61068.54221896229,61046.501862725665,61024.46224641941,61002.423400040716,60980.38532358958,60958.348017066004,60936.3115004681,60914.275773795875,60892.240847048386,60870.206730224694,60848.173423324784,60826.14094634681,60804.10928929167,60782.07847215752,60760.04849494432,60738.01937765022,60715.99111027616,60693.96371282024,60671.93718528248,60649.91154766098,60627.88678995669,60605.862932167736,60583.8399742941
110,50000.0,50000.0,50000.0,50000.0,50000.0,50000.0,50000.0,50000.0,50000.0,50000.0,50000.0,50000.0,50000.0,50000.0,50000.0,50000.0,0.0,0.0,0.0,100000.0,0.0,50000.0,50000.0,50000.0,50000.0,0.0,50000.0,0.0,0.0,80000.0,66666.67,50000.0,0.0,100000.0,0.0,100000.0,50000.0,0.0,64630.7,65683.48,65683.48,65683.48,65683.48,65683.48,65683.48,65683.48,65688.45,65702.97,65725.45,65754.37,65784.78,65812.19,65836.64,65858.18,65876.89,65891.18,65898.14,65896.84,65888.62,65876.73,65865.68,65859.21,65857.49,65857.49,65857.49,65857.49,65857.49,65857.49,65857.49,65857.49,65857.49,65857.49,65857.49,65857.49,65857.49,65857.49,65857.49,65857.49,65857.49,65857.49,65857.49,65857.49,65857.49,65857.49,65857.49,65857.49,65857.49,65857.49,65857.49,65857.49,65857.49,65857.49,65857.49,65857.49,65857.49,65857.49,65857.49,65857.49,65857.49,65857.49,65857.49,65857.49,65857.49,65857.49,65857.49,65857.49,65857.49,65857.49,65857.49,65857.49,65857.49,65857.49,65857.49,65857.49,65857.49,65857.49,65857.49,65857.49,65857.49,65857.49,65857.49,65857.49,65857.49,65857.49,65857.49,65857.49,65857.49,65857.49,65857.49,65857.49,65857.49,65857.49,65857.49,65857.49,65857.49,65857.49,65857.49,65857.49,65857.49,65857.49,65857.49,65857.49,65857.49,65857.49,65857.49,65857.49,65857.49,65857.49,65857.49,65857.49,65857.49,65857.49,65857.49,65857.49,65857.49,65857.49,65857.49,65857.49,65857.49,65857.49,65857.49,65857.49,65857.49,65857.49,65857.49,65857.49,65857.49,65857.49,65857.49,65857.49
111,100000.0,100000.0,100000.0,100000.0,100000.0,100000.0,100000.0,100000.0,100000.0,100000.0,100000.0,100000.0,100000.0,100000.0,100000.0,100000.0,100000.0,100000.0,100000.0,100000.0,100000.0,100000.0,100000.0,100000.0,100000.0,100000.0,100000.0,100000.0,100000.0,100000.0,100000.0,100000.0,100000.0,100000.0,100000.0,100000.0,100000.0,100000.0,67358.67,68455.89,68455.89,68455.89,68455.89,68455.89,68455.89,68455.89,68455.89,68460.43,68473.65,68494.02,68520.04,68547.21,68571.45,68592.81,68611.35,68627.16,68638.98,68644.65,68643.86,68638.37,68631.45,68626.84,68625.54,68625.54,68625.54,68625.54,68625.54,68625.54,68625.54,68625.54,68625.54,68625.54,68625.54,68625.54,68625.54,68625.54,68625.54,68625.54,68625.54,68625.54,68625.54,68625.54,68625.54,68625.54,68625.54,68625.54,68625.54,68625.54,68625.54,68625.54,68625.54,68625.54,68625.54,68625.54,68625.54,68625.54,68625.54,68625.54,68625.54,68625.54,68625.54,68625.54,68625.54,68625.54,68625.54,68625.54,68625.54,68625.54,68625.54,68625.54,68625.54,68625.54,68625.54,68625.54,68625.54,68625.54,68625.54,68625.54,68625.54,68625.54,68625.54,68625.54,68625.54,68625.54,68625.54,68625.54,68625.54,68625.54,68625.54,68625.54,68625.54,68625.54,68625.54,68625.54,68625.54,68625.54,68625.54,68625.54,68625.54,68625.54,68625.54,68625.54,68625.54,68625.54,68625.54,68625.54,68625.54,68625.54,68625.54,68625.54,68625.54,68625.54,68625.54,68625.54,68625.54,68625.54,68625.54,68625.54,68625.54,68625.54,68625.54,68625.54,68625.54,68625.54,68625.54,68625.54,68625.54,68625.54,68625.54,68625.54
112,100000.0,100000.0,100000.0,100000.0,100000.0,100000.0,100000.0,100000.0,100000.0,100000.0,100000.0,100000.0,100000.0,100000.0,100000.0,100000.0,100000.0,100000.0,100000.0,100000.0,100000.0,100000.0,100000.0,100000.0,100000.0,100000.0,100000.0,100000.0,100000.0,100000.0,100000.0,100000.0,100000.0,100000.0,100000.0,100000.0,100000.0,100000.0,69963.21,71102.86,71102.86,71102.86,71102.86,71102.86,71102.86,71102.86,71102.86,71102.86,71106.95,71118.85,71137.06,71160.13,71184.02,71205.07,71223.35,71238.93,71251.88,71261.3,71265.71,71265.38,71262.39,71259.69,71258.83,71258.83,71258.83,71258.83,71258.83,71258.83,71258.83,71258.83,71258.83,71258.83,71258.83,71258.83,71258.83,71258.83,71258.83,71258.83,71258.83,71258.83,71258.83,71258.83,71258.83,71258.83,71258.83,71258.83,71258.83,71258.83,71258.83,71258.83,71258.83,71258.83,71258.83,71258.83,71258.83,71258.83,71258.83,71258.83,71258.83,71258.83,71258.83,71258.83,71258.83,71258.83,71258.83,71258.83,71258.83,71258.83,71258.83,71258.83,71258.83,71258.83,71258.83,71258.83,71258.83,71258.83,71258.83,71258.83,71258.83,71258.83,71258.83,71258.83,71258.83,71258.83,71258.83,71258.83,71258.83,71258.83,71258.83,71258.83,71258.83,71258.83,71258.83,71258.83,71258.83,71258.83,71258.83,71258.83,71258.83,71258.83,71258.83,71258.83,71258.83,71258.83,71258.83,71258.83,71258.83,71258.83,71258.83,71258.83,71258.83,71258.83,71258.83,71258.83,71258.83,71258.83,71258.83,71258.83,71258.83,71258.83,71258.83,71258.83,71258.83,71258.83,71258.83,71258.83,71258.83,71258.83,71258.83,71258.83
113,100000.0,100000.0,100000.0,100000.0,100000.0,100000.0,100000.0,100000.0,100000.0,100000.0,100000.0,100000.0,100000.0,100000.0,100000.0,100000.0,100000.0,100000.0,100000.0,100000.0,100000.0,100000.0,100000.0,100000.0,100000.0,100000.0,100000.0,100000.0,100000.0,100000.0,100000.0,100000.0,100000.0,100000.0,100000.0,100000.0,100000.0,100000.0,72433.44,73613.33,73613.33,73613.33,73613.33,73613.33,73613.33,73613.33,73613.33,73613.33,73613.33,73616.97,73627.53,73643.58,73663.72,73684.35,73702.26,73717.53,73730.22,73740.42,73747.55,73750.77,73750.83,73749.89,73749.47,73749.47,73749.47,73749.47,73749.47,73749.47,73749.47,73749.47,73749.47,73749.47,73749.47,73749.47,73749.47,73749.47,73749.47,73749.47,73749.47,73749.47,73749.47,73749.47,73749.47,73749.47,73749.47,73749.47,73749.47,73749.47,73749.47,73749.47,73749.47,73749.47,73749.47,73749.47,73749.47,73749.47,73749.47,73749.47,73749.47,73749.47,73749.47,73749.47,73749.47,73749.47,73749.47,73749.47,73749.47,73749.47,73749.47,73749.47,73749.47,73749.47,73749.47,73749.47,73749.47,73749.47,73749.47,73749.47,73749.47,73749.47,73749.47,73749.47,73749.47,73749.47,73749.47,73749.47,73749.47,73749.47,73749.47,73749.47,73749.47,73749.47,73749.47,73749.47,73749.47,73749.47,73749.47,73749.47,73749.47,73749.47,73749.47,73749.47,73749.47,73749.47,73749.47,73749.47,73749.47,73749.47,73749.47,73749.47,73749.47,73749.47,73749.47,73749.47,73749.47,73749.47,73749.47,73749.47,73749.47,73749.47,73749.47,73749.47,73749.47,73749.47,73749.47,73749.47,73749.47,73749.47,73749.47,73749.47
114,100000.0,100000.0,100000.0,100000.0,100000.0,100000.0,100000.0,100000.0,100000.0,100000.0,100000.0,100000.0,100000.0,100000.0,100000.0,100000.0,100000.0,100000.0,100000.0,100000.0,100000.0,100000.0,100000.0,100000.0,100000.0,100000.0,100000.0,100000.0,100000.0,100000.0,100000.0,100000.0,100000.0,100000.0,100000.0,100000.0,100000.0,100000.0,74761.57,75979.37,75979.37,75979.37,75979.37,75979.37,75979.37,75979.37,75979.37,75979.37,75979.37,75979.37,75982.57,75991.82,76005.74,76023.0,76040.46,76055.33,76067.7,76077.64,76085.26,76090.26,76092.38,76092.71,76092.66,76092.66,76092.66,76092.66,76092.66,76092.66,76092.66,76092.66,76092.66,76092.66,76092.66,76092.66,76092.66,76092.66,76092.66,76092.66,76092.66,76092.66,76092.66,76092.66,76092.66,76092.66,76092.66,76092.66,76092.66,76092.66,76092.66,76092.66,76092.66,76092.66,76092.66,76092.66,76092.66,76092.66,76092.66,76092.66,76092.66,76092.66,76092.66,76092.66,76092.66,76092.66,76092.66,76092.66,76092.66,76092.66,76092.66,76092.66,76092.66,76092.66,76092.66,76092.66,76092.66,76092.66,76092.66,76092.66,76092.66,76092.66,76092.66,76092.66,76092.66,76092.66,76092.66,76092.66,76092.66,76092.66,76092.66,76092.66,76092.66,76092.66,76092.66,76092.66,76092.66,76092.66,76092.66,76092.66,76092.66,76092.66,76092.66,76092.66,76092.66,76092.66,76092.66,76092.66,76092.66,76092.66,76092.66,76092.66,76092.66,76092.66,76092.66,76092.66,76092.66,76092.66,76092.66,76092.66,76092.66,76092.66,76092.66,76092.66,76092.66,76092.66,76092.66,76092.66,76092.66,76092.66,76092.66,76092.66
115,100000.0,100000.0,100000.0,100000.0,100000.0,100000.0,100000.0,100000.0,100000.0,100000.0,100000.0,100000.0,100000.0,100000.0,100000.0,100000.0,100000.0,100000.0,100000.0,100000.0,100000.0,100000.0,100000.0,100000.0,100000.0,100000.0,100000.0,100000.0,100000.0,100000.0,100000.0,100000.0,100000.0,100000.0,100000.0,100000.0,100000.0,100000.0,76942.77,78196.1,78196.1,78196.1,78196.1,78196.1,78196.1,78196.1,78196.1,78196.1,78196.1,78196.1,78196.1,78198.87,78206.83,78218.69,78233.19,78247.61,78259.6,78269.24,78276.62,78281.86,78284.94,78286.09,78286.26,78286.26,78286.26,78286.26,78286.26,78286.26,78286.26,78286.26,78286.26,78286.26,78286.26,78286.26,78286.26,78286.26,78286.26,78286.26,78286.26,78286.26,78286.26,78286.26,78286.26,78286.26,78286.26,78286.26,78286.26,78286.26,78286.26,78286.26,78286.26,78286.26,78286.26,78286.26,78286.26,78286.26,78286.26,78286.26,78286.26,78286.26,78286.26,78286.26,78286.26,78286.26,78286.26,78286.26,78286.26,78286.26,78286.26,78286.26,78286.26,78286.26,78286.26,78286.26,78286.26,78286.26,78286.26,78286.26,78286.26,78286.26,78286.26,78286.26,78286.26,78286.26,78286.26,78286.26,78286.26,78286.26,78286.26,78286.26,78286.26,78286.26,78286.26,78286.26,78286.26,78286.26,78286.26,78286.26,78286.26,78286.26,78286.26,78286.26,78286.26,78286.26,78286.26,78286.26,78286.26,78286.26,78286.26,78286.26,78286.26,78286.26,78286.26,78286.26,78286.26,78286.26,78286.26,78286.26,78286.26,78286.26,78286.26,78286.26,78286.26,78286.26,78286.26,78286.26,78286.26,78286.26,78286.26,78286.26
116,100000.0,100000.0,100000.0,100000.0,100000.0,100000.0,100000.0,100000.0,100000.0,100000.0,100000.0,100000.0,100000.0,100000.0,100000.0,100000.0,100000.0,100000.0,100000.0,100000.0,100000.0,100000.0,100000.0,100000.0,100000.0,100000.0,100000.0,100000.0,100000.0,100000.0,100000.0,100000.0,100000.0,100000.0,100000.0,100000.0,100000.0,100000.0,78974.97,80261.41,80261.41,80261.41,80261.41,80261.41,80261.41,80261.41,80261.41,80261.41,80261.41,80261.41,80261.41,80261.41,80263.76,80270.5,80280.4,80292.27,80303.84,80313.13,80320.26,80325.31,80328.45,80329.89,80330.23,80330.23,80330.23,80330.23,80330.23,80330.23,80330.23,80330.23,80330.23,80330.23,80330.23,80330.23,80330.23,80330.23,80330.23,80330.23,80330.23,80330.23,80330.23,80330.23,80330.23,80330.23,80330.23,80330.23,80330.23,80330.23,80330.23,80330.23,80330.23,80330.23,80330.23,80330.23,80330.23,80330.23,80330.23,80330.23,80330.23,80330.23,80330.23,80330.23,80330.23,80330.23,80330.23,80330.23,80330.23,80330.23,80330.23,80330.23,80330.23,80330.23,80330.23,80330.23,80330.23,80330.23,80330.23,80330.23,80330.23,80330.23,80330.23,80330.23,80330.23,80330.23,80330.23,80330.23,80330.23,80330.23,80330.23,80330.23,80330.23,80330.23,80330.23,80330.23,80330.23,80330.23,80330.23,80330.23,80330.23,80330.23,80330.23,80330.23,80330.23,80330.23,80330.23,80330.23,80330.23,80330.23,80330.23,80330.23,80330.23,80330.23,80330.23,80330.23,80330.23,80330.23,80330.23,80330.23,80330.23,80330.23,80330.23,80330.23,80330.23,80330.23,80330.23,80330.23,80330.23,80330.23,80330.23,80330.23
117,100000.0,100000.0,100000.0,100000.0,100000.0,100000.0,100000.0,100000.0,100000.0,100000.0,100000.0,100000.0,100000.0,100000.0,100000.0,100000.0,100000.0,100000.0,100000.0,100000.0,100000.0,100000.0,100000.0,100000.0,100000.0,100000.0,100000.0,100000.0,100000.0,100000.0,100000.0,100000.0,100000.0,100000.0,100000.0,100000.0,100000.0,100000.0,80858.55,82175.68,82175.68,82175.68,82175.68,82175.68,82175.68,82175.68,82175.68,82175.68,82175.68,82175.68,82175.68,82175.68,82175.68,82177.63,82183.22,82191.28,82200.72,82209.64,82216.48,82221.33,82224.34,82225.73,82226.05,82226.05,82226.05,82226.05,82226.05,82226.05,82226.05,82226.05,82226.05,82226.05,82226.05,82226.05,82226.05,82226.05,82226.05,82226.05,82226.05,82226.05,82226.05,82226.05,82226.05,82226.05,82226.05,82226.05,82226.05,82226.05,82226.05,82226.05,82226.05,82226.05,82226.05,82226.05,82226.05,82226.05,82226.05,82226.05,82226.05,82226.05,82226.05,82226.05,82226.05,82226.05,82226.05,82226.05,82226.05,82226.05,82226.05,82226.05,82226.05,82226.05,82226.05,82226.05,82226.05,82226.05,82226.05,82226.05,82226.05,82226.05,82226.05,82226.05,82226.05,82226.05,82226.05,82226.05,82226.05,82226.05,82226.05,82226.05,82226.05,82226.05,82226.05,82226.05,82226.05,82226.05,82226.05,82226.05,82226.05,82226.05,82226.05,82226.05,82226.05,82226.05,82226.05,82226.05,82226.05,82226.05,82226.05,82226.05,82226.05,82226.05,82226.05,82226.05,82226.05,82226.05,82226.05,82226.05,82226.05,82226.05,82226.05,82226.05,82226.05,82226.05,82226.05,82226.05,82226.05,82226.05,82226.05,82226.05
118,100000.0,100000.0,100000.0,100000.0,100000.0,100000.0,100000.0,100000.0,100000.0,100000.0,100000.0,100000.0,100000.0,100000.0,100000.0,100000.0,100000.0,100000.0,100000.0,100000.0,100000.0,100000.0,100000.0,100000.0,100000.0,100000.0,100000.0,100000.0,100000.0,100000.0,100000.0,100000.0,100000.0,100000.0,100000.0,100000.0,100000.0,100000.0,82596.02,83941.44,83941.44,83941.44,83941.44,83941.44,83941.44,83941.44,83941.44,83941.44,83941.44,83941.44,83941.44,83941.44,83941.44,83941.44,83943.03,83947.55,83953.91,83961.12,83967.65,83972.29,83975.17,83976.5,83976.8,83976.8,83976.8,83976.8,83976.8,83976.8,83976.8,83976.8,83976.8,83976.8,83976.8,83976.8,83976.8,83976.8,83976.8,83976.8,83976.8,83976.8,83976.8,83976.8,83976.8,83976.8,83976.8,83976.8,83976.8,83976.8,83976.8,83976.8,83976.8,83976.8,83976.8,83976.8,83976.8,83976.8,83976.8,83976.8,83976.8,83976.8,83976.8,83976.8,83976.8,83976.8,83976.8,83976.8,83976.8,83976.8,83976.8,83976.8,83976.8,83976.8,83976.8,83976.8,83976.8,83976.8,83976.8,83976.8,83976.8,83976.8,83976.8,83976.8,83976.8,83976.8,83976.8,83976.8,83976.8,83976.8,83976.8,83976.8,83976.8,83976.8,83976.8,83976.8,83976.8,83976.8,83976.8,83976.8,83976.8,83976.8,83976.8,83976.8,83976.8,83976.8,83976.8,83976.8,83976.8,83976.8,83976.8,83976.8,83976.8,83976.8,83976.8,83976.8,83976.8,83976.8,83976.8,83976.8,83976.8,83976.8,83976.8,83976.8,83976.8,83976.8,83976.8,83976.8,83976.8,83976.8,83976.8,83976.8
119,100000.0,100000.0,100000.0,100000.0,100000.0,100000.0,100000.0,100000.0,100000.0,100000.0,100000.0,100000.0,100000.0,100000.0,100000.0,100000.0,100000.0,100000.0,100000.0,100000.0,100000.0,100000.0,100000.0,100000.0,100000.0,100000.0,100000.0,100000.0,100000.0,100000.0,100000.0,100000.0,100000.0,100000.0,100000.0,100000.0,100000.0,100000.0,84191.6,85563.01,85563.01,85563.01,85563.01,85563.01,85563.01,85563.01,85563.01,85563.01,85563.01,85563.01,85563.01,85563.01,85563.01,85563.01,85563.01,85564.27,85567.8,85572.64,85577.84,85582.26,85584.99,85586.25,85586.55,85586.55,85586.55,85586.55,85586.55,85586.55,85586.55,85586.55,85586.55,85586.55,85586.55,85586.55,85586.55,85586.55,85586.55,85586.55,85586.55,85586.55,85586.55,85586.55,85586.55,85586.55,85586.55,85586.55,85586.55,85586.55,85586.55,85586.55,85586.55,85586.55,85586.55,85586.55,85586.55,85586.55,85586.55,85586.55,85586.55,85586.55,85586.55,85586.55,85586.55,85586.55,85586.55,85586.55,85586.55,85586.55,85586.55,85586.55,85586.55,85586.55,85586.55,85586.55,85586.55,85586.55,85586.55,85586.55,85586.55,85586.55,85586.55,85586.55,85586.55,85586.55,85586.55,85586.55,85586.55,85586.55,85586.55,85586.55,85586.55,85586.55,85586.55,85586.55,85586.55,85586.55,85586.55,85586.55,85586.55,85586.55,85586.55,85586.55,85586.55,85586.55,85586.55,85586.55,85586.55,85586.55,85586.55,85586.55,85586.55,85586.55,85586.55,85586.55,85586.55,85586.55,85586.55,85586.55,85586.55,85586.55,85586.55,85586.55,85586.55,85586.55,85586.55,85586.55,85586.55,85586.55,85586.55,85586.55
120,100000.0,100000.0,100000.0,100000.0,100000.0,100000.0,100000.0,100000.0,100000.0,100000.0,100000.0,100000.0,100000.0,100000.0,100000.0,100000.0,100000.0,100000.0,100000.0,100000.0,100000.0,100000.0,100000.0,100000.0,100000.0,100000.0,100000.0,100000.0,100000.0,100000.0,100000.0,100000.0,100000.0,100000.0,100000.0,100000.0,100000.0,100000.0,85650.92,87046.11,87046.11,87046.11,87046.11,87046.11,87046.11,87046.11,87046.11,87046.11,87046.11,87046.11,87046.11,87046.11,87046.11,87046.11,87046.11,87046.11,87047.07,87049.72,87053.18,87056.64,87059.23,87060.42,87060.7,87060.7,87060.7,87060.7,87060.7,87060.7,87060.7,87060.7,87060.7,87060.7,87060.7,87060.7,87060.7,87060.7,87060.7,87060.7,87060.7,87060.7,87060.7,87060.7,87060.7,87060.7,87060.7,87060.7,87060.7,87060.7,87060.7,87060.7,87060.7,87060.7,87060.7,87060.7,87060.7,87060.7,87060.7,87060.7,87060.7,87060.7,87060.7,87060.7,87060.7,87060.7,87060.7,87060.7,87060.7,87060.7,87060.7,87060.7,87060.7,87060.7,87060.7,87060.7,87060.7,87060.7,87060.7,87060.7,87060.7,87060.7,87060.7,87060.7,87060.7,87060.7,87060.7,87060.7,87060.7,87060.7,87060.7,87060.7,87060.7,87060.7,87060.7,87060.7,87060.7,87060.7,87060.7,87060.7,87060.7,87060.7,87060.7,87060.7,87060.7,87060.7,87060.7,87060.7,87060.7,87060.7,87060.7,87060.7,87060.7,87060.7,87060.7,87060.7,87060.7,87060.7,87060.7,87060.7,87060.7,87060.7,87060.7,87060.7,87060.7,87060.7,87060.7,87060.7,87060.7,87060.7,87060.7,87060.7
121,100000.0,100000.0,100000.0,100000.0,100000.0,100000.0,100000.0,100000.0,100000.0,100000.0,100000.0,100000.0,100000.0,100000.0,100000.0,100000.0,100000.0,100000.0,100000.0,100000.0,100000.0,100000.0,100000.0,100000.0,100000.0,100000.0,100000.0,100000.0,100000.0,100000.0,100000.0,100000.0,100000.0,100000.0,100000.0,100000.0,100000.0,100000.0,86980.66,88397.51,88397.51,88397.51,88397.51,88397.51,88397.51,88397.51,88397.51,88397.51,88397.51,88397.51,88397.51,88397.51,88397.51,88397.51,88397.51,88397.51,88397.51,88398.2,88400.07,88402.35,88404.31,88405.44,88405.7,88405.7,88405.7,88405.7,88405.7,88405.7,88405.7,88405.7,88405.7,88405.7,88405.7,88405.7,88405.7,88405.7,88405.7,88405.7,88405.7,88405.7,88405.7,88405.7,88405.7,88405.7,88405.7,88405.7,88405.7,88405.7,88405.7,88405.7,88405.7,88405.7,88405.7,88405.7,88405.7,88405.7,88405.7,88405.7,88405.7,88405.7,88405.7,88405.7,88405.7,88405.7,88405.7,88405.7,88405.7,88405.7,88405.7,88405.7,88405.7,88405.7,88405.7,88405.7,88405.7,88405.7,88405.7,88405.7,88405.7,88405.7,88405.7,88405.7,88405.7,88405.7,88405.7,88405.7,88405.7,88405.7,88405.7,88405.7,88405.7,88405.7,88405.7,88405.7,88405.7,88405.7,88405.7,88405.7,88405.7,88405.7,88405.7,88405.7,88405.7,88405.7,88405.7,88405.7,88405.7,88405.7,88405.7,88405.7,88405.7,88405.7,88405.7,88405.7,88405.7,88405.7,88405.7,88405.7,88405.7,88405.7,88405.7,88405.7,88405.7,88405.7,88405.7,88405.7,88405.7,88405.7,88405.7,88405.7
122,100000.0,100000.0,100000.0,100000.0,100000.0,100000.0,100000.0,100000.0,100000.0,100000.0,100000.0,100000.0,100000.0,100000.0,100000.0,100000.0,100000.0,100000.0,100000.0,100000.0,100000.0,100000.0,100000.0,100000.0,100000.0,100000.0,100000.0,100000.0,100000.0,100000.0,100000.0,100000.0,100000.0,100000.0,100000.0,100000.0,100000.0,100000.0,88188.21,89624.73,89624.73,89624.73,89624.73,89624.73,89624.73,89624.73,89624.73,89624.73,89624.73,89624.73,89624.73,89624.73,89624.73,89624.73,89624.73,89624.73,89624.73,89624.73,89625.19,89626.39,89627.67,89628.45,89628.69,89628.69,89628.69,89628.69,89628.69,89628.69,89628.69,89628.69,89628.69,89628.69,89628.69,89628.69,89628.69,89628.69,89628.69,89628.69,89628.69,89628.69,89628.69,89628.69,89628.69,89628.69,89628.69,89628.69,89628.69,89628.69,89628.69,89628.69,89628.69,89628.69,89628.69,89628.69,89628.69,89628.69,89628.69,89628.69,89628.69,89628.69,89628.69,89628.69,89628.69,89628.69,89628.69,89628.69,89628.69,89628.69,89628.69,89628.69,89628.69,89628.69,89628.69,89628.69,89628.69,89628.69,89628.69,89628.69,89628.69,89628.69,89628.69,89628.69,89628.69,89628.69,89628.69,89628.69,89628.69,89628.69,89628.69,89628.69,89628.69,89628.69,89628.69,89628.69,89628.69,89628.69,89628.69,89628.69,89628.69,89628.69,89628.69,89628.69,89628.69,89628.69,89628.69,89628.69,89628.69,89628.69,89628.69,89628.69,89628.69,89628.69,89628.69,89628.69,89628.69,89628.69,89628.69,89628.69,89628.69,89628.69,89628.69,89628.69,89628.69,89628.69,89628.69,89628.69,89628.69,89628.69,89628.69,89628.69
123,100000.0,100000.0,100000.0,100000.0,100000.0,100000.0,100000.0,100000.0,100000.0,100000.0,100000.0,100000.0,100000.0,100000.0,100000.0,100000.0,100000.0,100000.0,100000.0,100000.0,100000.0,100000.0,100000.0,100000.0,100000.0,100000.0,100000.0,100000.0,100000.0,100000.0,100000.0,100000.0,100000.0,100000.0,100000.0,100000.0,100000.0,100000.0,89281.42,90735.74,90735.74,90735.74,90735.74,90735.74,90735.74,90735.74,90735.74,90735.74,90735.74,90735.74,90735.74,90735.74,90735.74,90735.74,90735.74,90735.74,90735.74,90735.74,90735.74,90736.01,90736.66,90737.16,90737.27,90737.27,90737.27,90737.27,90737.27,90737.27,90737.27,90737.27,90737.27,90737.27,90737.27,90737.27,90737.27,90737.27,90737.27,90737.27,90737.27,90737.27,90737.27,90737.27,90737.27,90737.27,90737.27,90737.27,90737.27,90737.27,90737.27,90737.27,90737.27,90737.27,90737.27,90737.27,90737.27,90737.27,90737.27,90737.27,90737.27,90737.27,90737.27,90737.27,90737.27,90737.27,90737.27,90737.27,90737.27,90737.27,90737.27,90737.27,90737.27,90737.27,90737.27,90737.27,90737.27,90737.27,90737.27,90737.27,90737.27,90737.27,90737.27,90737.27,90737.27,90737.27,90737.27,90737.27,90737.27,90737.27,90737.27,90737.27,90737.27,90737.27,90737.27,90737.27,90737.27,90737.27,90737.27,90737.27,90737.27,90737.27,90737.27,90737.27,90737.27,90737.27,90737.27,90737.27,90737.27,90737.27,90737.27,90737.27,90737.27,90737.27,90737.27,90737.27,90737.27,90737.27,90737.27,90737.27,90737.27,90737.27,90737.27,90737.27,90737.27,90737.27,90737.27,90737.27,90737.27,90737.27,90737.27,90737.27
124,100000.0,100000.0,100000.0,100000.0,100000.0,100000.0,100000.0,100000.0,100000.0,100000.0,100000.0,100000.0,100000.0,100000.0,100000.0,100000.0,100000.0,100000.0,100000.0,100000.0,100000.0,100000.0,100000.0,100000.0,100000.0,100000.0,100000.0,100000.0,100000.0,100000.0,100000.0,100000.0,100000.0,100000.0,100000.0,100000.0,100000.0,100000.0,90268.36,91738.76,91738.76,91738.76,91738.76,91738.76,91738.76,91738.76,91738.76,91738.76,91738.76,91738.76,91738.76,91738.76,91738.76,91738.76,91738.76,91738.76,91738.76,91738.76,91738.76,91738.76,91738.87,91739.08,91739.19,91739.19,91739.19,91739.19,91739.19,91739.19,91739.19,91739.19,91739.19,91739.19,91739.19,91739.19,91739.19,91739.19,91739.19,91739.19,91739.19,91739.19,91739.19,91739.19,91739.19,91739.19,91739.19,91739.19,91739.19,91739.19,91739.19,91739.19,91739.19,91739.19,91739.19,91739.19,91739.19,91739.19,91739.19,91739.19,91739.19,91739.19,91739.19,91739.19,91739.19,91739.19,91739.19,91739.19,91739.19,91739.19,91739.19,91739.19,91739.19,91739.19,91739.19,91739.19,91739.19,91739.19,91739.19,91739.19,91739.19,91739.19,91739.19,91739.19,91739.19,91739.19,91739.19,91739.19,91739.19,91739.19,91739.19,91739.19,91739.19,91739.19,91739.19,91739.19,91739.19,91739.19,91739.19,91739.19,91739.19,91739.19,91739.19,91739.19,91739.19,91739.19,91739.19,91739.19,91739.19,91739.19,91739.19,91739.19,91739.19,91739.19,91739.19,91739.19,91739.19,91739.19,91739.19,91739.19,91739.19,91739.19,91739.19,91739.19,91739.19,91739.19,91739.19,91739.19,91739.19,91739.19,91739.19,91739.19
125,100000.0,100000.0,100000.0,100000.0,100000.0,100000.0,100000.0,100000.0,100000.0,100000.0,100000.0,100000.0,100000.0,100000.0,100000.0,100000.0,100000.0,100000.0,100000.0,100000.0,100000.0,100000.0,100000.0,100000.0,100000.0,100000.0,100000.0,100000.0,100000.0,100000.0,100000.0,100000.0,100000.0,100000.0,100000.0,100000.0,100000.0,100000.0,100000.0,100000.0,100000.0,100000.0,100000.0,100000.0,100000.0,100000.0,100000.0,100000.0,100000.0,100000.0,100000.0,100000.0,100000.0,100000.0,100000.0,100000.0,100000.0,100000.0,100000.0,100000.0,100000.0,100000.0,100000.0,100000.0,100000.0,100000.0,100000.0,100000.0,100000.0,100000.0,100000.0,100000.0,100000.0,100000.0,100000.0,100000.0,100000.0,100000.0,100000.0,100000.0,100000.0,100000.0,100000.0,100000.0,100000.0,100000.0,100000.0,100000.0,100000.0,100000.0,100000.0,100000.0,100000.0,100000.0,100000.0,100000.0,100000.0,100000.0,100000.0,100000.0,100000.0,100000.0,100000.0,100000.0,100000.0,100000.0,100000.0,100000.0,100000.0,100000.0,100000.0,100000.0,100000.0,100000.0,100000.0,100000.0,100000.0,100000.0,100000.0,100000.0,100000.0,100000.0,100000.0,100000.0,100000.0,100000.0,100000.0,100000.0,100000.0,100000.0,100000.0,100000.0,100000.0,100000.0,100000.0,100000.0,100000.0,100000.0,100000.0,100000.0,100000.0,100000.0,100000.0,100000.0,100000.0,100000.0,100000.0,100000.0,100000.0,100000.0,100000.0,100000.0,100000.0,100000.0,100000.0,100000.0,100000.0,100000.0,100000.0,100000.0,100000.0,100000.0,100000.0,100000.0,100000.0,100000.0,100000.0,100000.0,100000.0,100000.0
