age,1981,1982,1983,1984,1985,1986,1987,1988,1989,1990,1991,1992,1993,1994,1995,1996,1997,1998,1999,2000,2001,2002,2003,2004,2005,2006,2007,2008,2009,2010,2011,2012,2013,2014,2015,2016,2017,2018,2019,2020,2021,2022,2023,2024,2025,2026,2027,2028,2029,2030,2031,2032,2033,2034,2035,2036,2037,2038,2039,2040,2041,2042,2043,2044,2045,2046,2047,2048,2049,2050,2051,2052,2053,2054,2055,2056,2057,2058,2059,2060,2061,2062,2063,2064,2065,2066,2067,2068,2069,2070,2071,2072,2073,2074,2075,2076,2077,2078,2079,2080,2081,2082,2083,2084,2085,2086,2087,2088,2089,2090,2091,2092,2093,2094,2095,2096,2097,2098,2099,2100,2101,2102,2103,2104,2105,2106,2107,2108,2109,2110,2111,2112,2113,2114,2115,2116,2117,2118,2119,2120,2121,2122,2123,2124,2125,2126,2127,2128,2129,2130,2131,2132,2133,2134,2135,2136,2137,2138,2139,2140,2141,2142,2143,2144,2145,2146,2147,2148,2149,2150
0,1021.52,974.35,841.47,889.18,868.22,771.75,718.83,679.37,715.32,668.21,536.57,569.01,552.11,559.11,603.71,553.32,448.29,489.8,424.17,506.44,523.86,411.78,467.36,406.02,474.9,379.88,421.75,386.05,321.52,342.14,347.04,295.22,322.5,352.06,283.38,330.03,287.1,322.59,264.92,263.44,257.52,251.88,246.51,241.39,236.51,231.85,227.41,223.18,219.15,215.3,211.63,208.12,204.78,201.59,198.55,195.64,192.86,190.21,187.67,185.24,182.9,180.66,178.48,176.34,174.23,172.14,170.08,168.04,166.02,164.03,162.07,160.12,158.2,156.31,154.43,152.58,150.75,148.95,147.16,145.4,143.65,141.93,140.23,138.55,136.89,135.24,133.62,132.02,130.4369620040505,128.87289172767387,127.32756238076858,125.8007496673223,124.29223204342087,122.8017906312455,121.32920913306948,119.87427374525527,118.43677341626355,117.01649941663801,115.6132456830176,114.22680847412414,112.85698654276862,111.50358096384497,110.16639539233923,108.84523554731123,107.53990972791297,106.25022821136709,104.97600394099145,103.71705183817461,102.47318897438191,101.24423474316167,100.03001077414204,98.83034058901882,97.6450500315707,96.47396692364707,95.31692106516797,94.17374449213334,93.04427104660758,91.92833672073195,90.8257793987153,89.73643885683401,88.6601568494352,87.59677693693045,86.54614474380509,85.50810744259975,84.48251429572974,83.46921625127057,82.46806603756131,81.47891817180495,80.5016288998663,79.53605617907121,78.58205967820672,77.63950073451947,76.70824233651506,75.7881491325584,74.87908737067157,73.98092490713408,73.0935311720816,72.21677716090583,71.35053541705372,70.49467998902593,69.64908646477821,68.81363188571812,67.9881947897068,67.1726551422563,66.36689437953123,65.57079532234566,64.7842422105644,64.00712066870162,63.239317680120145,62.480721595631564,61.731222081894515,60.99071014721554,60.25907808994729,59.53621949848847,58.822029242683584,58.116403439421674,57.41923945263635,56.730435884705415,56.04989254204973,55.37751041793252,54.713191718260354,54.05683980138096,53.408359178083224,52.767655528797825,52.134635626194466,51.50920737818337,50.891279810714764,50.28076300757659,49.67756814479584,49.08160746483763
1,70.69,57.7,55.73,69.61,74.03,75.27,59.13,31.47,65.75,38.28,80.12,59.33,49.47,44.59,32.81,27.35,34.98,31.37,32.19,29.53,31.04,42.82,39.61,27.44,53.59,52.73,51.53,21.43,17.22,24.02,31.5,30.72,24.52,10.7,21.76,29.11,11.16,26.86,25.91,25.77,25.19,24.65,24.12,23.62,23.15,22.69,22.26,21.85,21.45,21.08,20.72,20.38,20.05,19.74,19.44,19.16,18.89,18.63,18.38,18.14,17.91,17.69,17.48,17.27,17.06,16.86,16.66,16.46,16.26,16.06,15.87,15.68,15.49,15.31,15.12,14.94,14.76,14.58,14.41,14.24,14.07,13.9,13.73,13.57,13.4,13.24,13.08,12.93,12.774851652092913,12.621564808858121,12.470117140980815,12.320486574241167,12.172651315023849,12.02658983331168,11.882280837176145,11.73970331529321,11.598836477421175,11.459659822425989,11.322153061752761,11.186296161941591,11.052069327621235,10.919453018515442,10.788427889920786,10.65897486923516,10.531075096435622,10.404709924078384,10.279860951311484,10.156509989862114,10.034639064036634,9.91423041072055,9.79526650488804,9.677729991576596,9.561603762415542,9.446870887600689,9.333514658410179,9.221518561694975,9.110866262872538,9.001541656945815,8.893528808981081,8.786811971114274,8.681375616563654,8.577204363101309,8.47428303767722,8.372596647508493,8.272130374977461,8.172869581032955,8.074799803489656,7.977906751075896,7.882176307685231,7.787594523022964,7.694147616857718,7.6018219730692325,7.510604137947723,7.4204808210441975,7.331438890068558,7.2434653708895995,7.156547444133749,7.0706724460353705,6.9858278616342435,6.90200132987746,6.8191806351162505,6.737353709656946,6.656508629509386,6.5766336152372356,6.49771702685609,6.419747366384425,6.342713271041056,6.2666035166464145,6.191407011670323,6.117112800633268,6.04371005560323,5.971188081297585,5.899536309981205,5.828744300616136,5.758801738011294,5.689698429421181,5.621424304545902,5.553969416381468,5.487323933566959,5.42147814548641,5.3564224571669214,5.292147387578025,5.2286435721826265,5.165901755284164,5.1039127942781874,5.042667657101409,4.98215741798012,4.922373259130824,4.863306469059605,4.804948440861492
2,38.68,43.28,36.63,59.01,38.27,38.83,41.04,31.38,56.48,25.01,28.75,61.03,34.34,18.57,15.95,16.49,17.16,24.51,21.01,21.56,14.85,38.56,19.38,3.94,11.71,22.95,14.97,18.35,32.15,27.64,10.33,10.48,20.41,10.44,10.62,10.78,10.88,0.0,9.53,9.46,9.23,9.02,8.81,8.62,8.43,8.25,8.09,7.93,7.78,7.63,7.5,7.37,7.24,7.13,7.02,6.91,6.81,6.71,6.62,6.54,6.45,6.37,6.3,6.22,6.15,6.07,6.0,5.93,5.86,5.79,5.72,5.65,5.58,5.51,5.45,5.38,5.32,5.25,5.19,5.13,5.07,5.01,4.95,4.89,4.83,4.77,4.71,4.66,4.604081367613769,4.548833727306484,4.494249026665161,4.440319311121298,4.3870367211284425,4.334393493103005,4.282381955661004,4.230994527736444,4.180223721403757,4.1300621371737325,4.080502466815963,4.031537485832337,3.9831600600427337,3.9353631389993278,3.888139757868223,3.8414830327253817,3.795386166201508,3.74984243995554,3.704845216556281,3.660387939482397,3.6164641284183543,3.573067383017672,3.5301913781988543,3.487829866967834,3.4459766757139083,3.4046257032689233,3.3637709256113415,3.323406387398926,3.283526206672805,3.2441245710942197,3.2051957398261517,3.1667340378884488,3.1287338618026967,3.0911896720657213,3.054095997853653,3.0174474341994837,2.981238638229823,2.9454643348097727,2.910119309016422,2.8751984108429136,2.8406965514351956,2.806608701210393,2.7729298926792465,2.7396552185644896,2.706779828978407,2.6742989323636515,2.642207796434054,2.6105017425297508,2.5791761512620552,2.5482264559277747,2.5176481481540818,2.487436769431203,2.457587918638921,2.42809724357926,2.398960448502986,2.370173285642295,2.3417315599148756,2.3136311270422842,2.2858678907275056,2.2584378054773944,2.2313368728394227,2.2045611442241158,2.178106717141807,2.1519697352026337,2.1261463899981643,2.1006329182789605,2.075425601013764,2.0505207652711235,2.025914781396956,2.0016040620737328,1.977585066083733,1.9538542917233548,1.9304082805663632,1.9072436165230806,1.884356922077136,1.8617448629895275,1.839404142653746,1.8173315058590278,1.795523735967915,1.7739776549162574,1.7526901213315855,1.7316580333555498
3,17.02,32.37,31.05,24.49,46.9,35.26,22.8,25.49,34.46,28.18,34.41,25.61,25.67,18.72,18.61,22.43,13.24,24.1,24.55,7.04,10.82,18.46,19.17,26.97,7.84,11.69,15.22,18.67,18.32,10.74,10.37,10.29,6.96,3.39,3.46,17.56,10.74,18.05,8.3,8.21,8.0,7.79,7.59,7.41,7.23,7.07,6.91,6.77,6.63,6.5,6.37,6.25,6.14,6.04,5.94,5.85,5.76,5.68,5.6,5.52,5.45,5.38,5.32,5.25,5.19,5.13,5.07,5.01,4.95,4.89,4.83,4.77,4.71,4.66,4.6,4.55,4.49,4.44,4.38,4.33,4.28,4.23,4.18,4.13,4.08,4.03,3.98,3.93,3.8828408330516475,3.8362475557949924,3.790213378613512,3.744731593242955,3.6997955705726295,3.655398761744761,3.6115346970551343,3.568196983754384,3.5253793071473516,3.483075425096308,3.4412791746170845,3.3999844630842335,3.3591852726284483,3.318875657937852,3.2790497440592867,3.239701726398318,3.200825871818585,3.1624165142443816,3.1244680546606594,3.086974964411088,3.049931778601929,3.0133330994000995,2.9771735916357494,2.941447986100333,2.9061510773478916,2.8712777192976398,2.8368228318300894,2.802781391992216,2.7691484383948715,2.735919071212793,2.7030884455884636,2.6706517782282493,2.6386043419056207,2.606941464361799,2.5756585338025304,2.5447509890038913,2.5142143259084193,2.4840440954264014,2.4542358990384554,2.4247853931929493,2.3956882849085823,2.3669403350724463,2.3385373529432565,2.310475199449412,2.282749784990288,2.2553570694362337,2.2282930588305088,2.2015538097867053,2.1751354250913226,2.1490340548031273,2.1232458951537967,2.0977671874485613,2.072594219165563,2.047723319558435,2.023150866252429,1.9988732764495782,1.9748870124254703,1.951188578231184,1.9277745207926422,1.9046414277119046,1.8817859261678096,1.859204685114687,1.8368944152823559,1.8148518647787066,1.793073820189054,1.7715571076754928,1.7502985918775447,1.7292951737134443,1.7085437925788536,1.688041424148148,1.6677850814737747,1.6477718105888297,1.62799869490448,1.6084628530112535,1.5891614386790365,1.570091637559012,1.5512506704817228,1.532635792357717,1.5142442899788373,1.4960734820182224,1.478120721229016,1.460383390046946
4,20.66,23.92,35.71,40.52,15.4,9.4,16.08,16.4,19.1,9.38,28.19,12.53,32.03,9.61,15.63,12.46,12.88,9.97,13.8,14.07,17.67,21.53,14.7,15.22,30.59,11.72,15.5,3.8,3.72,3.66,10.75,6.9,13.71,3.47,13.48,10.31,3.5,3.57,7.7,7.61,7.39,7.18,6.98,6.8,6.63,6.47,6.31,6.17,6.04,5.91,5.79,5.68,5.57,5.47,5.38,5.29,5.21,5.13,5.06,4.99,4.93,4.87,4.81,4.75,4.69,4.64,4.58,4.52,4.47,4.42,4.36,4.31,4.26,4.21,4.16,4.11,4.06,4.01,3.96,3.91,3.87,3.82,3.78,3.73,3.69,3.64,3.6,3.55,3.5074007123610245,3.4653125988005917,3.423729526702344,3.382645434771609,3.3420543361819495,3.301950315428617,3.2623275283285507,3.223180198873833,3.184502623427085,3.14628916547722,3.1085342545906,3.0712323906064265,3.0343781341971057,2.9979661173567322,2.9619910318637586,2.926447635574081,2.891330748225652,2.856635251438476,2.8223560897634585,2.788488266487014,2.7550268467776093,2.721966953490372,2.6893037692647863,2.6570325323292985,2.62514854174556,2.5936471479687926,2.562523762287422,2.531773848432292,2.501392924674362,2.471376563824706,2.4417203900879656,2.4124200822088997,2.383471370325836,2.354870034921823,2.3266119078734784,2.2986928703532943,2.2711088549273315,2.243855840310978,2.2169298545154965,2.1903269737991726,2.164043321618469,2.138075066530327,2.112418424289866,2.087069654703833,2.0620250658260035,2.0372810055663884,2.0128338679843263,1.98868009014194,1.9648161521041334,1.9412385769385943,1.9179439265203997,1.8949288078251054,1.8721898645379609,1.8497237843958454,1.8275272928941797,1.805597154335775,1.783930172879678,1.7625231904434782,1.7413730877521532,1.7204767822403741,1.6998312280525048,1.6794334160425997,1.6592803748232567,1.6393691655213718,1.6196968880712301,1.6002606738725675,1.5810576899859645,1.562085139132846,1.5433402555000866,1.52482030683771,1.506522594458886,1.4884444521910842,1.4705832432295283,1.4529363664302863,1.4355012500171795,1.418275351581785,1.4012561601811282,1.3844411973865363,1.3678280120393917,1.3514141812999838,1.3351973148429004,1.3191750475150907
5,25.75,34.53,34.22,16.25,21.9,12.36,22.03,19.4,13.11,19.05,12.5,21.95,43.84,9.6,12.82,59.47,25.03,9.7,16.67,10.38,10.56,10.56,14.33,10.97,15.13,11.44,7.78,3.87,7.59,11.15,7.31,17.89,0.0,6.83,3.45,16.74,17.12,3.49,6.78,6.69,6.49,6.3,6.12,5.96,5.8,5.66,5.52,5.39,5.27,5.16,5.05,4.95,4.85,4.77,4.68,4.61,4.53,4.47,4.4,4.34,4.28,4.23,4.18,4.13,4.08,4.03,3.98,3.94,3.89,3.84,3.8,3.75,3.7,3.66,3.62,3.57,3.53,3.49,3.45,3.4,3.36,3.32,3.28,3.24,3.2,3.17,3.13,3.09,3.0529205964447286,3.0162861312049793,2.980091264872808,2.9443307245216923,2.908999297058389,2.8740918330218754,2.8396032465833443,2.805528511747271,2.771862660451941,2.7386007882678576,2.7057380467998664,2.6732696474860944,2.6411908577990064,2.609497002195148,2.578183464014607,2.5472456769334064,2.5166791335111154,2.4864793794924394,2.456642012857488,2.427162685721244,2.398037100534622,2.369261014833145,2.340830232689333,2.3127406123105767,2.284988058441262,2.257568528061179,2.2304780237373785,2.2037125974231113,2.177268349508092,2.151141425019562,2.1253280174212286,2.099824362914854,2.0746267461386676,2.04973149351922,2.0251349780200574,2.0008336143930485,1.976823860128121,1.953102218302461,1.9296652299826402,1.9065094789732882,1.8836315927668237,1.861028234945584,1.83869611182996,1.8166319696291988,1.7948325925419302,1.7732948018064338,1.752015460449312,1.7309914666373476,1.710219756526707,1.6896973014137375,1.6694211124836404,1.6493882332125915,1.6295957441164182,1.610040760851128,1.5907204332631726,1.571631946339186,1.5527725173567772,1.534139397784002,1.5157298713798921,1.4975412560939256,1.4795709012168219,1.4618161873805424,1.444274526558291,1.4269433620645129,1.4098201685548957,1.3929024510766341,1.3761877422192264,1.3596736078128815,1.3433576402803784,1.3272374605365331,1.311310721787139,1.2955751000316194,1.2800283035603741,1.264668066306638,1.2494921497459484,1.2344983409966777,1.2196844556692366,1.205048335016869,1.1905878459356547,1.1763008800147714,1.1621853563857019,1.1482392160238242
6,21.83,22.61,17.29,41.08,26.07,6.27,12.41,18.98,9.68,9.81,12.71,15.64,15.67,15.64,16.0,3.21,25.12,28.2,12.96,13.39,10.4,21.09,3.5,10.67,0.0,18.82,11.36,3.87,7.73,3.79,7.43,3.65,0.0,6.85,3.4,3.43,3.34,20.46,5.74,5.67,5.5,5.34,5.19,5.05,4.92,4.79,4.68,4.57,4.47,4.37,4.28,4.2,4.12,4.04,3.97,3.91,3.84,3.79,3.73,3.68,3.63,3.59,3.54,3.5,3.46,3.42,3.38,3.34,3.3,3.26,3.22,3.18,3.14,3.1,3.07,3.03,2.99,2.96,2.92,2.89,2.85,2.82,2.78,2.75,2.72,2.69,2.65,2.62,2.5885604783041676,2.557498220520048,2.5268086980567,2.496487439249187,2.4665300251103632,2.436932089330879,2.4076893182791754,2.3787974510014873,2.3502522766729195,2.3220496345974415,2.2941854150575356,2.2666555576149063,2.239456049411205,2.212582926017663,2.1860322731343818,2.1598002189435537,2.1338829417562395,2.1082766640648742,2.0829776542425513,2.05798222484374,2.0332867343035677,2.008887581839969,1.9847812125515398,1.9609641123196804,1.937432811207168,1.9141838800595865,1.8912139288060448,1.8685196115570264,1.8460976198072554,1.8239446858342636,1.802057581848748,1.780433117445647,1.7590681413034224,1.737959539484777,1.7171042354366532,1.6964991899902346,1.6761414005113027,1.6560279000505962,1.636155756494169,1.6165220742626725,1.5971239917624318,1.5779586822350882,1.55902335120867,1.5403152407458058,1.5218316234962297,1.5035698052457067,1.485527125765675,1.4677009537153953,1.450088692589443,1.4326877756198566,1.4154956649264985,1.3985098566149026,1.381727874828784,1.3651472734493215,1.3487656369447998,1.3325805761223999,1.316589733226051,1.300790776838578,1.2851814061299127,1.2697593440599573,1.2545223441757205,1.2394681863631067,1.224594675147634,1.2098996439426426,1.195380949951443,1.1810364784155276,1.1668641375167168,1.1528618634750118,1.1390276137514594,1.125359372995645,1.111855148797483,1.0985129733865013,1.085330901932557,1.072307013395478,1.0594394088257801,1.046726214763234,1.0341655764397297,1.0217556637267715,1.009494668586551,0.9973808042223038,0.98541230337903,0.9735874242909827
7,18.2,18.75,16.16,17.3,20.59,9.8,6.29,6.23,9.45,6.44,16.36,19.04,15.63,3.13,3.13,6.42,12.87,12.58,18.83,3.25,13.41,3.46,7.0,0.0,7.07,0.0,3.73,18.81,11.59,0.0,0.0,11.14,14.55,3.56,3.41,3.38,0.0,3.33,4.86,4.8,4.66,4.53,4.41,4.29,4.18,4.08,3.98,3.89,3.81,3.73,3.65,3.58,3.51,3.45,3.39,3.34,3.28,3.23,3.19,3.15,3.1,3.07,3.03,2.99,2.96,2.92,2.89,2.85,2.82,2.78,2.75,2.72,2.68,2.65,2.62,2.59,2.56,2.53,2.5,2.47,2.44,2.41,2.38,2.35,2.32,2.29,2.27,2.24,2.2131203719711623,2.1865632904827748,2.160324884835542,2.1344013323338777,2.10878885348554,2.0834837168019966,2.058482233998055,2.0337807607919274,2.00937569850535,1.9852634892632166,1.9614406191938214,1.9379036168287374,1.9146490523027564,1.8916735349537,1.8689737173227294,1.8465462919541022,1.8243879889949806,1.8024955793956832,1.78086587330956,1.7594957176928052,1.738381998704647,1.7175216385070955,1.6969115976651301,1.6765488719464534,1.6564304939216132,1.6365535313638793,1.6169150872492428,1.5975122997564184,1.5783423414667792,1.559402417764236,1.540689769235421,1.5222016676693788,1.5039354192578152,1.4858883613948473,1.4680578650771914,1.4504413301037913,1.4330361898761879,1.4158399081982729,1.398849977676167,1.3820639229184628,1.365479297335982,1.3490936839418342,1.3329046945513567,1.3169099697821136,1.301107179053896,1.2854940181885366,1.2700682126101568,1.2548275133448588,1.23976970022097,1.2248925770686754,1.2101939773204478,1.1956717584106167,1.1813238033754905,1.1671480208533582,1.1531423458845493,1.1393047359111261,1.125633175577254,1.1121256711287693,1.0987802544134864,1.0855949812810777,1.0725679283828222,1.0596971987720418,1.0469809155036043,1.0344172256342332,1.022004298622385,1.0097403239280616,0.9976235158131838,0.9856521077411567,0.9738243539769937,0.9621385319875023,0.9505929384409751,0.9391858900072507,0.9279157249578386,0.9167807999656706,0.9057794925052873,0.8949101992527141,0.8841713360854611,0.8735613380825225,0.8630786587243163,0.852721769892683,0.8424891626709476,0.8323793449437343
8,17.02,18.26,18.8,19.44,20.84,17.21,16.37,22.1,18.64,12.58,16.11,9.81,12.66,0.0,6.26,12.57,12.87,12.88,9.44,3.15,9.78,10.03,17.21,13.92,10.38,3.52,7.18,7.42,7.5,0.0,19.3,11.36,0.0,3.63,0.0,3.4,3.37,10.22,3.26,3.22,3.13,3.05,2.97,2.89,2.82,2.75,2.69,2.63,2.58,2.52,2.47,2.43,2.38,2.34,2.3,2.26,2.23,2.2,2.17,2.14,2.11,2.08,2.06,2.03,2.01,1.98,1.96,1.94,1.91,1.89,1.87,1.85,1.82,1.8,1.78,1.76,1.74,1.72,1.7,1.68,1.66,1.64,1.62,1.6,1.58,1.56,1.54,1.52,1.5017602287245435,1.4837393289627852,1.4659346750380902,1.4483436712404603,1.430963754823196,1.4137923924069014,1.396827081178149,1.3800653494888124,1.3635047532600708,1.3471428801777368,1.3309773454969285,1.3150057926414012,1.299225893802881,1.283635349941064,1.2682318889856197,1.2530132652368555,1.2379772611637179,1.2231216856057918,1.2084443737733035,1.1939431854491183,1.179616008584741,1.1654607539063186,1.1514753591099716,1.1376577858651278,1.1240060204138573,1.1105180735708715,1.097191978326192,1.0840257940404803,1.07101760045171,1.058165502469829,1.045467627180096,1.0329221238430797,1.0205271638946596,1.0082809409460258,0.9961816701843461,0.9842275883727665,0.9724169532510772,0.9607480435357147,0.9492191583204269,0.9378286170762745,0.9265747608502963,0.9154559486695122,0.9044705599382543,0.8936169944381679,0.8828936693315461,0.8722990227573281,0.861831509635768,0.8514896046651012,0.8412718011228755,0.8311766096672889,0.8212025589365204,0.8113481949493974,0.8016120817047298,0.7919927999826426,0.7824889485432431,0.7730991417292886,0.7638220112641855,0.7546562044539912,0.7456003865847436,0.7366532367271343,0.727813451931836,0.7190797424348406,0.7104508370514548,0.7019254765836398,0.6935024198133377,0.6851804381084784,0.6769583196183073,0.668834865078057,0.660808890805611,0.6528792275028378,0.6450447190569255,0.6373042231397152,0.6296566130056984,0.6221007726973552,0.6146356018398167,0.6072600120448685,0.5999729281096154,0.5927732886158155,0.5856600441318804,0.5786321572128766,0.5716886047978557,0.5648283734151927
9,20.96,17.05,21.35,12.55,32.45,6.97,10.34,3.29,22.04,3.1,12.58,6.45,19.59,6.3,12.47,15.67,12.59,25.78,6.44,3.15,9.46,6.49,20.0,17.14,6.92,6.88,10.48,7.14,7.38,7.47,3.85,3.86,3.78,3.69,0.0,7.05,10.16,3.36,3.57,3.53,3.43,3.34,3.26,3.18,3.1,3.03,2.97,2.9,2.84,2.79,2.73,2.68,2.63,2.59,2.55,2.51,2.47,2.43,2.4,2.37,2.34,2.31,2.28,2.25,2.22,2.2,2.17,2.14,2.12,2.09,2.07,2.04,2.02,1.99,1.97,1.95,1.92,1.9,1.88,1.86,1.83,1.81,1.79,1.77,1.75,1.73,1.71,1.68,1.6598402394800509,1.6399223903622304,1.62024355010342,1.6008008503655546,1.5815914577136854,1.5626125729179172,1.5438614295572837,1.5253352947178094,1.5070314682944488,1.4889472836891462,1.471080105018589,1.4534273271142066,1.4359863790124816,1.4187547169743269,1.4017298314657092,1.3849092401770255,1.3682904922114771,1.3518711652928208,1.3356488664634298,1.319621232084296,1.303785925042778,1.2881406382429146,1.2726830911151135,1.257411031710336,1.2423222339078501,1.2274144981132915,1.212685651956727,1.1981335488965281,1.183756068219373,1.169551114342183,1.1555166175101845,1.1416505310046619,1.1279508353313283,1.114415533333892,1.1010426529863049,1.0878302439024503,1.074776381524517,1.0618791629346267,1.0491367089490187,1.0365471620238649,1.024108686953331,1.0118194715676396,0.9996777253369449,0.9876816772771458,0.9758295801382608,0.9641197062160524,0.9525503480500905,0.941119821216002,0.9298264587409714,0.9186686145940527,0.907644662988107,0.8967529969836785,0.8859920291870559,0.8753601917502727,0.8648559342769206,0.8544777266143989,0.8442240560616641,0.8340934273692306,0.824084365531421,0.8141954108999276,0.8044251219760645,0.7947720754107647,0.7852348646084574,0.7758120983309429,0.7665024041877038,0.7573044251455937,0.7482168209249624,0.73923826660353,0.7303674540125125,0.7216030896424346,0.7129438967373165,0.7043886132004875,0.6959359922926474,0.6875848012357425,0.6793338240052147,0.671181857141628,0.6631277132409792,0.6551702181624495,0.6473082117264661,0.6395405491108277,0.6318660966623296,0.624283737481263
10,17.43,26.27,14.23,27.49,15.7,9.77,13.95,17.27,26.21,21.95,18.56,9.47,16.14,13.02,22.01,9.37,12.55,3.15,9.68,19.32,3.15,12.53,12.95,6.64,13.64,13.76,6.84,17.39,10.67,7.35,11.18,3.85,0.0,3.77,3.68,0.0,7.03,6.75,4.02,3.98,3.88,3.78,3.68,3.59,3.51,3.43,3.36,3.29,3.22,3.16,3.1,3.04,2.99,2.94,2.89,2.84,2.8,2.76,2.72,2.68,2.65,2.62,2.59,2.55,2.52,2.49,2.46,2.43,2.4,2.38,2.35,2.32,2.29,2.26,2.24,2.21,2.18,2.16,2.13,2.11,2.08,2.06,2.03,2.01,1.98,1.96,1.94,1.91,1.8870802790882522,1.864435588779295,1.842062627829485,1.819958136028462,1.798118891876508,1.7765417133587618,1.7552234540741531,1.734161008654893,1.7133513065727726,1.6927913160102246,1.672478039215049,1.6524085171456873,1.6325798240517362,1.6129890697965823,1.5936334006316175,1.5745099945509602,1.5556160643883081,1.536948856268513,1.5185056511560038,1.5002837602095116,1.4822805271047077,1.4644933288084172,1.4469195732559785,1.4295566985770318,1.4124021746439457,1.3954535015233895,1.378708208702121,1.3621638558612,1.3458180313275627,1.329668353622446,1.3137124691387503,1.2979480513668264,1.2823728039913258,1.2669844562459256,1.2517807652359647,1.2367595159384466,1.2219185188793975,1.207255610908082,1.1927686551970018,1.1784555404676826,1.1643141802164625,1.1503425142629162,1.1365385048787913,1.1229001422074993,1.1094254372961982,1.0961124259668578,1.0829591688162592,1.0699637488933569,1.0571242709250657,1.0444388651873238,1.0319056828598177,1.0195228960259812,1.007288700769846,0.9952013140791918,0.9832589738455451,0.9714599404126059,0.9598024934793948,0.9482849344228936,0.9369055839754054,0.9256627837729801,0.9145548963554149,0.9035803012951905,0.8927374006169602,0.8820246126038471,0.8714403764427229,0.8609831506757789,0.8506514093294653,0.8404436481081912,0.8303583782006239,0.8203941301507516,0.8105494523094585,0.8008229092860991,0.7912130834969238,0.781718574390865,0.7723379984495394,0.7630699876388201,0.7539131925056892,0.7448662783071729,0.7359279250103421,0.7270968311633761,0.7183717100244987,0.7097512887877653
11,17.12,9.98,13.16,8.55,15.29,3.15,19.56,6.98,17.21,13.07,15.67,9.29,22.11,12.92,19.52,6.29,18.75,18.86,3.16,6.46,12.86,6.27,15.64,9.67,13.21,16.99,10.26,13.59,6.92,3.54,10.98,18.61,11.54,11.51,0.0,7.34,14.35,7.0,5.42,5.36,5.22,5.09,4.96,4.84,4.73,4.63,4.52,4.43,4.34,4.25,4.17,4.1,4.03,3.96,3.89,3.83,3.78,3.72,3.67,3.62,3.57,3.53,3.49,3.45,3.4,3.36,3.32,3.28,3.24,3.2,3.17,3.13,3.09,3.05,3.02,2.98,2.94,2.91,2.87,2.84,2.81,2.77,2.74,2.71,2.67,2.64,2.61,2.58,2.549040414874105,2.518452335473237,2.4882313027173,2.4583729126587155,2.4288728145813026,2.3997267090991565,2.3709303481566497,2.3424795340778686,2.3143701224182984,2.2865980143603344,2.2591591643177713,2.232049572331315,2.2052652888213875,2.1788024079342008,2.152657075146243,2.126825479659794,2.1013038563040443,2.076088484584537,2.0511756924854088,2.0265618460132235,2.002243359653139,1.9782166897149813,1.954478333382687,1.9310248315659824,1.9078527660487035,1.884958760439354,1.8623394763688665,1.8399916191939627,1.817911931343231,1.7960971942182473,1.7745442281935746,1.7532498945178852,1.732211087709474,1.7114247412596242,1.6908878266820448,1.6705973516117514,1.6505503569533815,1.630743922584562,1.6111751616525405,1.591841221524752,1.5727392847393726,1.5538665680547659,1.5352203195977951,1.5167978226660699,1.4985963919257,1.4806133753124209,1.4628461521304683,1.4452921311514595,1.4279487563177564,1.4108134981874194,1.393883860588133,1.3771573749138397,1.3606316048775464,1.3443041417585186,1.3281726044022804,1.3122346430228597,1.2964879344499816,1.2809301840301923,1.2655591246762967,1.250372514966238,1.2353681419947793,1.2205438194723828,1.2058973867746485,1.1914267089423145,1.177129676681257,1.1630042073130507,1.1490482409727267,1.1352597444110146,1.1216367081426608,1.1081771454958678,1.094879096414536,1.0817406217549026,1.0687598080383403,1.055934760797437,1.0432636140815998,1.0307445180997676,1.0183756506271384,1.0061552074995628,0.994081407366348,0.9821524926408173,0.9703667228463864,0.9587223803199271
12,14.24,29.38,9.98,23.74,25.69,15.33,34.75,9.8,20.91,24.02,16.32,25.06,15.46,6.32,12.94,16.29,9.44,9.38,15.75,12.64,9.68,12.85,9.41,15.59,16.08,6.58,6.76,10.22,16.92,13.8,3.53,0.0,7.43,3.84,3.83,0.0,7.31,14.3,7.1,7.03,6.84,6.67,6.5,6.35,6.2,6.06,5.92,5.8,5.68,5.57,5.46,5.36,5.27,5.18,5.1,5.02,4.94,4.87,4.8,4.74,4.68,4.62,4.56,4.51,4.45,4.4,4.35,4.3,4.24,4.19,4.14,4.09,4.04,4.0,3.95,3.9,3.85,3.81,3.76,3.72,3.67,3.63,3.58,3.54,3.5,3.46,3.42,3.37,3.329560626721715,3.2896065118009155,3.250131831261137,3.2111308319928873,3.1725978317536434,3.1345272127254016,3.0969134290308684,3.059750997069787,3.023034501961386,2.986758593249412,2.950917981680904,2.915507446722389,2.8805218268962003,2.845956023001707,2.811804998115312,2.7780637743692274,2.744727435098957,2.711791121622072,2.6792500343119507,2.647099430450298,2.615334624227142,2.583950986740835,2.55294394277683,2.5223089761763866,2.4920416190991537,2.4621374627605896,2.4325921477682817,2.4034013684169167,2.3745608716145394,2.3460664515138396,2.3179139581020913,2.2900992875374713,2.2626183853702893,2.235467247616726,2.2086419164638684,2.1821384834909336,2.1559530843005597,2.1300819038875143,2.1045211712699885,2.079267161637077,2.0543161942012937,2.0296646332723185,2.005308885035766,1.9812454007744147,1.9574706725732374,1.9339812354668866,1.9107736674396931,1.8878445851306986,1.8651906470548831,1.842808551455678,1.8206950363049685,1.798846878229351,1.7772608946576156,1.7559339384520396,1.7348629011296097,1.7140447128620244,1.693476338180725,1.673154780271864,1.6530770777550792,1.633240303609751,1.6136415673224875,1.5942780127396394,1.5751468159198174,1.556245191576342,1.537570383413568,1.5191196684218515,1.5008903600987746,1.4828797998592118,1.465085364551522,1.447504457867614,1.4301345200066233,1.4129730190849765,1.3960174532838765,1.3792653508493,1.362714272239484,1.3463618036824723,1.3302055614710844,1.3142431930366565,1.2984723694328486,1.2828907939255798,1.2674961955505764,1.2522863301871143
13,25.37,21.39,19.62,22.5,13.2,25.77,18.44,9.5,16.32,20.86,10.29,16.33,12.52,6.19,9.51,12.99,13.06,15.71,12.52,18.9,25.29,12.91,9.63,15.62,6.25,6.43,9.84,10.09,10.18,13.49,6.88,3.53,14.6,22.26,11.49,19.07,11.19,14.58,9.26,9.17,8.93,8.69,8.48,8.27,8.08,7.89,7.72,7.55,7.4,7.25,7.11,6.98,6.86,6.74,6.63,6.53,6.43,6.33,6.25,6.16,6.08,6.01,5.94,5.86,5.79,5.72,5.66,5.59,5.52,5.45,5.39,5.32,5.26,5.2,5.14,5.07,5.01,4.95,4.89,4.83,4.78,4.72,4.66,4.61,4.55,4.5,4.44,4.39,4.33732097263842,4.285274069757544,4.233851707640543,4.183046390712344,4.1328507174157485,4.083257369634421,4.034259122094681,3.9858488341389315,3.9380194497256658,3.8907639986046854,3.8440755939666578,3.797947432443114,3.7523727905807776,3.7073450271920128,3.662857579829156,3.618903965959736,3.5754777794408037,3.5325726905189345,3.4901824481806742,3.4483008731011977,3.4069218623452038,3.3660393846660193,3.325647484031273,3.285740272571552,3.2463119329308494,3.207356721792235,3.168868960476067,3.1308430396408875,3.0932734169329725,3.0561546181615595,3.0194812349483975,2.9832479200268534,2.947449393118031,2.912080438580322,2.8771359018837384,2.842610688434685,2.808499767101635,2.774798167864678,2.7415009782898525,2.708603345879593,2.6761004757222815,2.6439876316674726,2.612260132800221,2.5809133546163086,2.5499427301974626,2.5193437455104672,2.489111940582384,2.4592429106757763,2.42973230041259,2.400575810825499,2.3717691911313348,2.34330824460721,2.3151888227143953,2.2874068274487707,2.2599582101656,2.232838969229086,2.2060451523628126,2.1795728566497505,2.153418221480914,2.1275774367819236,2.1020467359616686,2.0768223982627507,2.0519007464110404,2.0272781501413446,2.002951019146067,1.9789158101265487,1.9551690173912815,1.9317071822576937,1.9085268836503646,1.885624745152363,1.8629974279539077,1.840641633202815,1.818554105530168,1.796731622473306,1.775171006228059,1.753869113071736,1.7328228380640205,1.7120291162221917,1.691484914294562,1.6711872401622645,1.651133133437464,1.6313196736899236
14,27.37,23.1,26.18,17.19,25.03,15.88,20.1,24.66,9.5,32.6,41.73,6.87,19.6,21.91,18.6,22.27,13.03,13.06,12.56,9.4,15.75,18.96,16.14,22.47,9.43,12.49,12.81,9.8,20.09,6.76,10.07,0.0,7.05,3.64,7.4,22.89,22.82,14.88,11.85,11.73,11.42,11.12,10.84,10.57,10.32,10.08,9.86,9.65,9.45,9.26,9.08,8.91,8.75,8.6,8.46,8.33,8.2,8.08,7.97,7.87,7.76,7.67,7.57,7.48,7.39,7.31,7.22,7.13,7.05,6.96,6.88,6.8,6.71,6.63,6.55,6.47,6.4,6.32,6.24,6.17,6.1,6.02,5.95,5.88,5.81,5.74,5.67,5.6,5.5328014868461,5.466409321553326,5.4008138264577035,5.336005445115998,5.271974729808729,5.2087123515377645,5.146209090028721,5.08445583748007,5.023443593564342,4.963163467927517,4.903606675190239,4.844764534947813,4.786628474269601,4.729190018951133,4.672440799762603,4.6163725462003695,4.560977086486965,4.506246347571088,4.452172355127607,4.398747227309069,4.345963178494792,4.29381251554177,4.242287640284076,4.191381042034662,4.14108530383386,4.091393093701485,4.042297169635636,3.9937903796126917,3.9458656515897252,3.898516002252391,3.8517345307664357,3.8055144200273943,3.759848934161193,3.714731417274454,3.6701552947041907,3.626114070518411,3.582601325016726,3.5396107184794348,3.4971359836693456,3.4551709320802586,3.4137094476884817,3.3727454869528226,3.3322730813139922,3.2922863309461103,3.252779408505799,3.213746557882488,3.1751820891996174,3.1370803825637354,3.0994358843154037,3.0622431095285907,3.0254966370118805,2.9891911118078722,2.9533212414440775,2.9178818009317222,2.8828676227681567,2.8482736056847395,2.814094707148655,2.780325947112002,2.746962401763308,2.713999211025713,2.6814315698090856,2.6492547317591164,2.6174640080076186,2.5860547646731358,2.5550224253603306,2.5243624661612007,2.4940704181544686,2.4641418686552816,2.4345724537170237,2.405357865629505,2.3764938454207685,2.3479761878558887,2.3198007351884753,2.2919633809097713,2.2644600697486506,2.237286792672827,2.2104395881385503,2.1839145445900057,2.1577077967102145,2.131815524171341,2.106233952884387,2.080959356248891
15,29.41,22.85,20.82,28.59,29.5,15.05,34.5,17.28,24.63,3.16,26.08,13.93,20.61,9.8,25.05,18.65,31.94,19.6,29.4,15.68,21.91,22.1,34.77,19.34,19.34,37.78,15.54,28.64,16.26,16.68,6.74,10.06,34.3,7.03,10.88,25.8,15.22,15.17,14.17,14.03,13.65,13.29,12.95,12.64,12.34,12.05,11.78,11.53,11.29,11.07,10.85,10.65,10.46,10.28,10.12,9.96,9.8,9.66,9.53,9.4,9.28,9.16,9.05,8.94,8.84,8.73,8.63,8.52,8.42,8.32,8.22,8.12,8.02,7.93,7.83,7.74,7.65,7.55,7.46,7.37,7.28,7.2,7.11,7.03,6.94,6.86,6.78,6.69,6.609722107279142,6.530407498274361,6.452044616280733,6.374622040584199,6.298128488979911,6.222552815253881,6.1478840041462846,6.074111175128985,6.001223578628013,5.929210590986856,5.858061718243997,5.787766593614556,5.718314971194418,5.649696730996937,5.5819018739162285,5.514920517949653,5.448742903234511,5.383359385752172,5.318760438587244,5.254936644372535,5.191878705362439,5.129577429582026,5.068023739641252,5.0072086639207525,4.947123340349349,4.887759012626538,4.829107028963311,4.771158842082155,4.713906007957878,4.657340182040085,4.601453120512352,4.546236680292233,4.4916828127353705,4.437783568672213,4.384531093371303,4.331917625280107,4.279935497284193,4.228577134188876,4.17783505020087,4.127701851446643,4.078170230935708,4.029232971078983,3.980882939911258,3.933113091091201,3.8859164613830073,3.839286175693097,3.7932154357375425,3.747697527597121,3.702725817939783,3.6582937540206606,3.61439485864536,3.5710227352066704,3.528171062647855,3.4858335967218337,3.444004164954481,3.4026766741996717,3.3618450993067146,3.321503489416222,3.281645966700935,3.2422667225882003,3.203360016500797,3.1649201796344584,3.126941608661998,3.089418770770012,3.0523461948446533,3.0157184790266807,2.979530284415585,2.9437763401062877,2.9084514318565704,2.8735504121604714,2.83906819647076,2.804999756903065,2.7713401310500982,2.73808441064908,2.705227750395963,2.6727653629087347,2.6406925136907176,2.6090045324631412,2.577696798055045,2.5467647497358534,2.516203878401151,2.486009729091031
16,17.39,22.69,41.24,27.8,38.22,24.64,27.64,42.64,20.17,18.48,31.65,29.45,38.37,13.74,29.43,37.66,18.73,25.68,36.05,19.6,25.09,34.54,19.0,25.29,48.26,12.87,12.53,15.49,31.4,25.93,19.91,10.09,26.77,23.98,10.51,18.07,11.03,18.97,16.45,16.28,15.84,15.43,15.04,14.68,14.33,14.0,13.69,13.4,13.12,12.86,12.62,12.38,12.16,11.96,11.76,11.58,11.4,11.24,11.08,10.93,10.79,10.66,10.53,10.4,10.28,10.15,10.03,9.91,9.79,9.67,9.56,9.44,9.33,9.22,9.11,9.0,8.89,8.78,8.68,8.57,8.47,8.37,8.27,8.17,8.07,7.98,7.88,7.79,7.696522852310414,7.604167364324788,7.512920073993322,7.4227676869587,7.333697065208473,7.245695229596757,7.158749354800843,7.072846771842893,6.987974963046558,6.904121559515279,6.821274341132299,6.7394212378214995,6.65855031819979,6.5786497984030285,6.499708035781802,6.421713526379716,6.344654902411726,6.268520936046653,6.193300531842125,6.118982729266261,6.045556697654286,5.973011734947695,5.9013372714767796,5.830522862395561,5.760558186420939,5.691433048354388,5.623137374038568,5.555661212879025,5.4889947290182635,5.423128208900823,5.358052053708205,5.293756778098024,5.230233013986549,5.167471504244473,5.105463101436065,5.0441987703408655,4.983669581649455,4.923866714485144,4.86478145388229,4.806405188264591,4.748729411966795,4.691745720191302,4.635445806486481,4.579821466529203,4.524864595603152,4.470567182294596,4.416921316057462,4.3639191783874125,4.311553042821847,4.259815279983292,4.208698350014313,4.158194802577524,4.108297278116436,4.058998504072908,4.01029129740885,3.962168557041142,3.914623272667557,3.867648514679995,3.8212374354253265,3.775383272987932,3.7300793436246273,3.6853190455471996,3.641095855139871,3.597403328220145,3.554235097517114,3.5115848701497674,3.469446431409531,3.4278136397168804,3.386680429143037,3.346040803105735,3.305888839412608,3.2662186877394954,3.22702456458706,3.1883007595850152,3.1500416279270538,3.1122415954142286,3.074895152150724,3.0379968538047044,3.00154132665169,2.9655232537052636,2.929937388586365,2.8947785429148394
17,32.72,45.86,25.06,34.48,27.94,24.0,24.73,25.29,32.08,31.8,30.94,34.97,42.66,31.39,24.12,45.91,40.92,62.73,38.67,26.27,32.75,59.99,66.37,34.93,31.49,22.38,37.87,43.33,38.51,31.17,28.79,26.47,26.81,26.69,17.03,13.94,28.83,29.28,18.06,17.88,17.41,16.96,16.54,16.14,15.77,15.41,15.07,14.75,14.45,14.17,13.9,13.65,13.41,13.18,12.96,12.76,12.57,12.39,12.21,12.05,11.9,11.75,11.61,11.47,11.33,11.2,11.06,10.93,10.8,10.67,10.54,10.41,10.29,10.16,10.04,9.92,9.8,9.69,9.57,9.45,9.34,9.23,9.12,9.01,8.9,8.79,8.69,8.58,8.477043578569823,8.375322548812859,8.274822087804612,8.175527551885898,8.077424469345898,7.980498547739103,7.884735661690404,7.790121855334072,7.696643343533246,7.604286503343495,7.513037875232306,7.422884165518068,7.33381223417516,7.245809100931399,7.158861944048556,7.0729580917859085,6.988085027278215,6.9042303799992615,6.821381933078819,6.739527612327216,6.658655488674324,6.57875377816955,6.499810837103877,6.421815160790367,6.344755383564167,6.268620275124023,6.193398741751785,6.119079821434423,6.045652683864045,5.973106629218393,5.901431083282875,5.830615603548036,5.760649869453609,5.691523683608012,5.623226974227335,5.555749787818387,5.489082290398185,5.423214767493956,5.358137620484661,5.293841364162011,5.230316630388944,5.167554160782672,5.105544809153664,5.044279537847173,4.983749420182218,4.923945635573616,4.864859465873507,4.8064823026883055,4.748805637622763,4.6918210671579414,4.635520284114764,4.579895084970967,4.524937363763643,4.470639110869748,4.416992413006099,4.363989452009888,4.3116225048386765,4.259883938692426,4.208766213452489,4.158261879242621,4.108363577648472,4.059064035620127,4.010356067911092,3.9622325770782907,3.9146865486040996,3.867711055774316,3.821299249922219,3.775444368965016,3.7301397288673983,3.685378728519509,3.6411548448589763,3.5974616304319267,3.55429272070994,3.5116418218951257,3.4695027194565737,3.427869272032886,3.386735411432182,3.346095143851591,3.3059425474382644,3.2662717674114115,3.227077024598741,3.188352606900019
18,35.65,43.84,37.36,34.37,32.45,32.8,21.67,32.41,33.04,37.59,29.21,34.21,31.78,32.66,45.06,34.38,19.66,44.17,40.59,44.93,49.31,26.19,37.99,44.03,37.56,24.69,46.61,49.09,29.4,28.82,30.07,12.63,19.51,9.89,22.87,23.31,27.38,35.28,19.67,19.48,18.98,18.5,18.05,17.62,17.21,16.83,16.47,16.13,15.8,15.5,15.2,14.93,14.67,14.42,14.19,13.97,13.76,13.56,13.38,13.2,13.03,12.87,12.71,12.56,12.41,12.26,12.11,11.97,11.82,11.68,11.54,11.4,11.27,11.13,11.0,10.87,10.74,10.61,10.48,10.35,10.23,10.11,9.99,9.87,9.75,9.63,9.52,9.4,9.287204365823321,9.175762173976917,9.065657187318907,8.956873361892432,8.849394845725763,8.743205976432481,8.638291281211474,8.534635472047317,8.43222344571026,8.331040276556799,8.231071222529202,8.13230171555626,8.034717361553277,7.9383039428218956,7.843047408450831,7.748933879115505,7.655949638678693,7.564081138990158,7.473314992687201,7.3836379719947605,7.295037009925313,7.207499194279346,7.121011770045163,7.035562134599262,6.951137834106614,6.867726567120379,6.785316178582377,6.703894659823084,6.623450143762003,6.5439709097073,6.4654453749564444,6.387862094796215,6.311209766102418,6.235477216540729,6.160653410566224,6.086727444623748,6.013688545948017,5.941526070163796,5.870229501285902,5.79978844931939,5.7301926502595535,5.661431961292296,5.593496360794129,5.526375949532081,5.460060947063979,5.394541689338628,5.3298086262960025,5.265852326666872,5.202663468373546,5.140232844529408,5.078551355039567,5.017610013800297,4.957399936699977,4.897912352418238,4.839138589226997,4.781070082189901,4.723698370762499,4.667015092792725,4.611011988120605,4.555680894978545,4.501013748791417,4.447002584576375,4.393639530943329,4.340916810094925,4.288826739026476,4.237361727126129,4.186514273775058,4.136276968347467,4.086642490210586,4.037603605124951,3.9891531676442167,3.941284115115624,3.893989473679533,3.847262348670169,3.801095931815061,3.75548349523551,3.710418389046774,3.66589404855751,3.621903984670517,3.5784417850826435,3.535501115484696,3.493075719561436
19,36.21,38.06,26.51,39.74,20.8,23.33,39.97,21.85,35.08,35.45,51.1,28.66,45.35,21.51,40.86,23.48,26.58,22.16,60.62,39.28,21.92,41.44,22.3,39.52,35.84,26.64,40.84,32.07,26.67,53.01,44.09,34.58,35.91,27.77,18.56,24.6,25.29,16.1,21.14,20.96,20.43,19.92,19.45,19.0,18.57,18.16,17.78,17.42,17.07,16.75,16.44,16.14,15.87,15.6,15.35,15.12,14.89,14.68,14.48,14.29,14.1,13.93,13.76,13.6,13.43,13.27,13.11,12.96,12.8,12.65,12.5,12.35,12.2,12.05,11.91,11.76,11.62,11.48,11.34,11.21,11.07,10.94,10.81,10.68,10.55,10.43,10.3,10.18,10.05784513894964,9.937156013941971,9.817915039376858,9.700104838850002,9.583708246348356,9.4687083026639,9.355088249416625,9.242831530249932,9.131921788439826,9.022342862113298,8.914078785443726,8.807113780283043,8.701432260943351,8.597018829415319,8.49385826819573,8.391935546264524,8.291235813107763,8.191744391545212,8.093446787293564,7.996328674621599,7.900375901131783,7.805574485369482,7.711910613236724,7.619370634406006,7.5279410659064885,7.437608583756178,7.348360024157323,7.260182381105607,7.173062807585555,7.086988604811883,7.001947232988152,6.9179262969619035,6.834913554592493,6.752896908383258,6.671864406676923,6.59180424126479,6.512704746191334,6.434554391777176,6.357341792986921,6.281055695084296,6.2056849831953915,6.131218673940828,6.057645913044944,5.984955982508226,5.9131382874578575,5.842182360929335,5.772077866257278,5.702814583925982,5.634382421132645,5.566771407005763,5.499971686628092,5.433973525818277,5.36876730874004,5.304343529534341,5.2406928030780335,5.177805851834393,5.115673510634757,5.054286726678509,4.993636552360658,4.933714150053453,4.874510787324772,4.816017836938109,4.758226773266371,4.701129174682681,4.644716719974167,4.5889811895373676,4.533914459401203,4.479508504813195,4.4257553978486515,4.372647305019865,4.320176484885294,4.268335292831188,4.217116172703754,4.166511660395368,4.116514381453764,4.067117049886636,4.018312465770823,3.9700935164477125,3.9224531753278415,3.8753845006954872,3.8288806309270487,3.782934790468071
20,41.43,38.77,22.52,33.21,35.54,25.51,37.46,26.04,56.14,37.39,35.38,34.55,19.73,17.75,27.07,24.8,36.35,42.4,40.34,29.74,59.36,45.68,27.98,43.19,43.85,37.47,22.82,36.64,26.25,42.57,24.15,21.34,27.93,25.95,17.67,32.48,26.7,12.19,22.15,21.98,21.43,20.92,20.43,19.97,19.53,19.11,18.72,18.34,17.98,17.65,17.33,17.02,16.73,16.46,16.2,15.95,15.72,15.5,15.29,15.08,14.89,14.71,14.53,14.36,14.18,14.01,13.85,13.68,13.52,13.35,13.19,13.03,12.88,12.72,12.57,12.42,12.27,12.12,11.98,11.83,11.69,11.55,11.41,11.28,11.14,11.01,10.88,10.75,10.6210057550151,10.49355930280268,10.367642074135503,10.24323572123124,10.120322116561908,9.998883351663306,9.878901728801065,9.760359768114046,9.643240194518103,9.527525942468381,9.413200151197024,9.300246161141507,9.188647513944622,9.078387947692226,8.969451395722682,8.861821985436286,8.755484032342453,8.650422040059718,8.546620701506294,8.444064890566127,8.3427396620889,8.24263025189002,8.143722071988387,8.046000709415798,7.949451923835845,7.854061647543899,7.759815979514301,7.666701186590916,7.574703698724886,7.483810111355749,7.394007178268063,7.305281813972528,7.217621090134303,7.131012230810734,7.0454426160230605,6.9608997758035915,6.877371391386265,6.794845290444396,6.713309445900115,6.632751975924362,6.553161142746322,6.474525347891177,6.3968331309895365,6.320073170968,6.244234281286901,6.169305411130877,6.095275641837174,6.022134183323947,5.949870380043096,5.878473697884042,5.807933733698259,5.738240208155877,5.669382965745683,5.601351970012873,5.534137309511861,5.467729185900648,5.402117924655894,5.337293963167274,5.273247853118617,5.209970264059587,5.147451972690612,5.08568386762514,5.024656949389636,4.964362323280203,4.904791202934269,4.845934905568334,4.787784856740224,4.730332579634017,4.673569702203425,4.617487953600104,4.562079159411396,4.507335246422586,4.453248234282953,4.399810243839721,4.34701348404185,4.29485026384568,4.243312979118726,4.19239411978306,4.142086265053059,4.0923820846259655,4.043274332729067,3.994755855263083
21,35.59,27.93,36.83,31.67,35.76,49.27,28.05,23.71,57.22,24.42,27.49,27.83,23.79,47.58,41.25,45.16,65.44,39.68,35.81,34.07,41.48,38.08,38.84,30.37,53.65,34.37,17.24,42.71,47.99,19.77,35.58,2.63,15.78,35.69,28.04,34.31,20.34,26.29,22.66,22.5,21.96,21.45,20.96,20.5,20.06,19.64,19.24,18.87,18.51,18.17,17.85,17.54,17.25,16.97,16.7,16.45,16.21,15.99,15.77,15.56,15.36,15.18,14.99,14.81,14.63,14.46,14.29,14.11,13.94,13.78,13.61,13.45,13.29,13.13,12.97,12.82,12.66,12.51,12.36,12.21,12.06,11.92,11.78,11.64,11.5,11.36,11.22,11.09,10.956926177789176,10.825449092777673,10.69554958848652,10.567208738611956,10.440407842303888,10.31512842298549,10.19135222481206,10.069061215031791,9.948237572181903,9.82886369199058,9.710922179114274,9.594395849498461,9.479267722114962,9.365521022503087,9.253139174506929,9.142105804996929,9.032404733246382,8.92401997329222,8.816935732754628,8.71113640811549,8.60660658235763,8.503331023784424,8.401294682478634,8.300482691482808,8.200880359716946,8.102473173158913,8.005246791303255,7.909187048341603,7.814279946080347,7.720511652760265,7.627868506597658,7.536337007521674,7.445903814813522,7.356555754188787,7.268279802452425,7.181063098122224,7.094892930805338,7.009756743559059,6.925642130530041,6.842536833413149,6.760428743812227,6.679305893797013,6.5991564629854516,6.519968772641771,6.441731282135318,6.364432591301337,6.288061434539035,6.21260668317236,6.13805734072845,6.064402545298413,5.991631561274623,5.919733786433031,5.848698740129313,5.778516073922341,5.7091755574095515,5.640667087670035,5.572980681001832,5.506106472921937,5.440034716985909,5.374755787148646,5.3102601683213,5.246538462273204,5.183581382910324,5.12137975627527,5.059924515825746,4.9992067083364775,4.939217482095363,4.879948097526931,4.821389916568884,4.763534405032861,4.706373131424053,4.649897766941204,4.594100079574682,4.538971938828027,4.484505309816011,4.430692255625419,4.377524934954279,4.324995598570692,4.273096590493237,4.221820347990951,4.171159399222575,4.121106359695384
22,29.1,16.78,37.66,53.4,36.68,43.04,31.82,26.22,55.23,21.59,34.37,32.79,33.02,23.82,28.13,41.64,39.62,31.65,23.39,32.97,37.47,35.62,43.88,38.58,32.69,32.75,40.24,42.79,36.64,38.61,13.69,45.99,13.09,20.8,21.55,16.53,31.26,25.96,22.96,22.82,22.29,21.79,21.31,20.86,20.42,20.01,19.62,19.24,18.89,18.55,18.23,17.92,17.63,17.35,17.08,16.83,16.59,16.36,16.14,15.93,15.73,15.53,15.35,15.16,14.98,14.8,14.62,14.45,14.27,14.1,13.93,13.77,13.6,13.44,13.28,13.12,12.96,12.8,12.65,12.5,12.35,12.2,12.05,11.91,11.77,11.63,11.49,11.35,11.213806526189234,11.07924721753624,10.94630246884311,10.814952908961924,10.685179399624516,10.55696303076146,10.430285119331833,10.305127209323196,10.181471062389623,10.05929866136242,9.938592203228644,9.819334100301353,9.701506975538592,9.585093659032664,9.470077189180353,9.356440806831708,9.24416795177926,9.13324226509854,9.02364758329683,8.915367937142907,8.80838754815629,8.70269082860725,8.598262374495304,8.495086971400463,8.393149583950988,8.292435356993638,8.19292961676391,8.09461786152406,7.997485766244083,7.901519176750473,7.806704109726225,7.7130267468595735,7.620473439525005,7.529030700591506,7.4386852032523025,7.349423784535626,7.261233434772447,7.174101304617989,7.088014695689723,7.002961065248362,6.918928016835874,6.835903304956469,6.753874832736105,6.672830644900991,6.592758933628827,6.5136480280165685,6.435486401101913,6.3582626616715565,6.281965557771945,6.206583970858019,6.132106913452719,6.058523536168481,5.985823112493994,5.913995050496687,5.843028881120243,5.772914264035841,5.703640981790906,5.635198937468613,5.567578159368884,5.500768791646389,5.4347610989915465,5.3695454619495235,5.305112376920233,5.241452453817837,5.178556416070747,5.116415097110871,5.055019442714114,4.994360503978883,4.934429440836828,4.875217520882603,4.816716114692854,4.7589166969964785,4.7018108443341236,4.645390233887933,4.589646643481548,4.5345719515801095,4.480158129098505,4.426397248763372,4.373281474580846,4.320803065347312,4.268954374649399,4.217727845012741
23,32.65,44.33,38.94,23.77,33.04,25.65,32.28,27.96,41.25,36.33,33.82,37.26,40.72,51.21,40.13,48.65,18.31,56.33,51.86,44.53,37.07,38.17,45.28,38.39,26.51,26.8,32.54,25.85,39.77,33.52,40.7,38.03,18.94,33.93,15.44,34.47,27.48,48.19,23.29,23.17,22.65,22.17,21.7,21.26,20.83,20.43,20.04,19.67,19.32,18.99,18.67,18.36,18.07,17.79,17.52,17.27,17.02,16.79,16.56,16.35,16.14,15.95,15.75,15.57,15.38,15.19,15.01,14.83,14.65,14.48,14.3,14.13,13.96,13.8,13.63,13.47,13.3,13.14,12.99,12.83,12.68,12.53,12.37,12.23,12.08,11.93,11.79,11.65,11.510206939459895,11.372091226725699,11.235632740880954,11.100811598817678,10.96760815755644,10.836003006126061,10.70597697136384,10.577511105155082,10.450586689073274,10.325185229739919,10.2012884553444,10.078878312163878,9.957936963403228,9.838446786874972,9.720390372679192,9.603750516243275,9.48851022412213,9.374652701237732,9.262161360159444,9.151019808343571,9.041211850453442,8.932721484879277,8.82553290489825,8.719630490554165,8.614998809817536,8.511622617425514,8.409486847921665,8.308576620296108,8.208877227545171,8.11037414479166,8.013053016524413,7.916899661238466,7.821900069114962,7.728040395060918,7.635306962189337,7.543686257179043,7.453164930274687,7.363729789486538,7.275367804070606,7.18806609524831,7.101811942006689,7.016592776458236,6.932396179200728,6.84920988047727,6.767021759016257,6.685819838551247,6.605592284340832,6.526327406648777,6.448013654943796,6.370639615579478,6.294194014114371,6.2186657106718135,6.144043697619853,6.07031710305137,5.997475180343706,5.925507316278951,5.85440302292366,5.7841519387888845,5.71474382535006,5.646168568207039,5.578416173603971,5.5114767707493835,5.4453406013758086,5.379998029020118,5.315439532063275,5.251655701410243,5.18863724281008,5.126374971055725,5.064859814624165,5.004082807556145,4.9440350940963365,4.884707921733086,4.826092645838581,4.768180725028684,4.710963717682812,4.6544332877441414,4.598581194279233,4.5433993007583675,4.48887956461517,4.435014039566693,4.381794875613421,4.329214319039264
24,28.78,15.29,44.93,39.29,33.65,33.54,33.18,44.75,40.27,46.3,51.08,51.33,37.53,56.34,56.82,35.3,58.27,46.81,35.16,39.7,48.99,44.54,38.74,36.56,14.73,38.24,38.29,47.19,31.53,31.18,27.67,40.7,27.29,37.95,12.97,38.23,18.54,35.8,24.3,24.21,23.7,23.22,22.76,22.32,21.89,21.49,21.1,20.73,20.37,20.03,19.71,19.4,19.1,18.81,18.53,18.27,18.02,17.77,17.54,17.32,17.1,16.89,16.69,16.49,16.29,16.09,15.9,15.71,15.52,15.33,15.15,14.97,14.79,14.61,14.44,14.26,14.09,13.92,13.76,13.59,13.43,13.27,13.11,12.95,12.79,12.64,12.49,12.34,12.1919277126368,12.045632111492644,11.90109187684775,11.758285946410362,11.617193522337493,11.47779403847136,11.340067183741946,11.20399289280596,11.069551337855966,10.9367229297905,10.805488314703682,10.675828370374852,10.547724203928295,10.421157149493002,10.29610876586241,10.172560831813888,10.05049534376849,9.929894516961077,9.810740778419557,9.69301676579475,9.576705323850021,9.461789506801518,9.348252568957163,9.236077964716648,9.125249350911695,9.015750577445031,8.907565688460519,8.800678920002902,8.695074697677551,8.590737630799824,8.487652518245703,8.385804337920655,8.285178249099877,8.185759587747796,8.087533866518061,7.990486774753546,7.894604167955204,7.7998720748028365,7.706276692474573,7.613804380796243,7.522441664581629,7.432175232462338,7.342991927526781,7.2548787566811965,7.167822877778246,7.081811605467651,6.996832407685814,6.912872898635054,6.829920844634237,6.747964158268144,6.666990894877094,6.586989256067318,6.507947583860326,6.429854358352651,6.352698200056106,6.276467866387398,6.201152248157749,6.126740369572898,6.053221385892843,5.980584585772093,5.908819383068785,5.837915319184931,5.767862061896294,5.698649403012135,5.630267254864826,5.562705653820237,5.495954754427095,5.430004827076735,5.364846262683604,5.300469565664498,5.236865355108693,5.174024360097431,5.1119374232143056,5.050595498205005,4.989989645296802,4.930111030028431,4.87095092910072,4.812500719845448,4.754751884905852,4.697696007556117,4.641324774041634,4.585629967728362
25,43.31,42.3,33.46,52.73,54.49,24.29,43.67,28.98,52.34,33.18,34.15,48.91,41.73,45.09,41.19,39.11,41.14,41.36,34.74,42.03,30.02,56.42,34.53,29.09,15.13,38.21,31.88,37.95,38.17,25.66,36.54,36.03,38.1,30.07,37.59,18.01,20.34,34.55,26.11,26.06,25.55,25.07,24.61,24.16,23.73,23.32,22.93,22.55,22.18,21.83,21.49,21.16,20.85,20.55,20.26,19.98,19.7,19.44,19.19,18.95,18.71,18.49,18.26,18.04,17.83,17.61,17.4,17.19,16.99,16.78,16.58,16.38,16.19,15.99,15.8,15.61,15.42,15.24,15.06,14.87,14.7,14.52,14.35,14.17,14.0,13.84,13.67,13.51,13.347889090742344,13.18772329130565,13.029479280800164,12.873133976425873,12.718664628708396,12.566048702454108,12.415263983890542,12.266288485430469,12.119100517098834,11.973678627010328,11.83000162517834,11.68804857518184,11.547798795355808,11.409231850458111,11.272327550479034,11.137065947069953,11.003427332352883,10.871392232968216,10.740941412455648,10.612055860540108,10.484716797893588,10.35890567018287,10.234604146879093,10.111794112924605,9.990457674685214,9.870577152807492,9.752135078647418,9.635114194270404,9.519497446499024,9.405267990484377,9.29240917899204,9.18090456954477,9.070737911327559,8.961893153520775,8.85435443577658,8.748106087028479,8.643132624300863,8.53941875270902,8.436949359506885,8.335709511706145,8.23568445726669,8.136859621525257,8.0392206036241,7.942753174130075,7.8474432786060015,7.753277025706168,7.660240694319019,7.568320728805374,7.477503731855724,7.387776471632931,7.299125872248625,7.211539013763225,7.125003135757269,7.039505626617383,6.95503402591717,6.871576026798119,6.789119466446009,6.70765232728136,6.627162740530775,6.547638974322454,6.469069442019342,6.391442692695532,6.314747414707613,6.238972430932873,6.1641066999597545,6.090139311326053,6.017059486709368,5.944856576355758,5.873520056698842,5.803039533931145,5.733404736861408,5.664605516914584,5.596631848131844,5.529473825980124,5.463121662590328,5.397565689138232,5.332796351082686,5.268804211736957,5.205579943935595,5.14311433360577,5.0813982785768355,5.020422785008968
26,44.69,30.0,29.34,46.54,55.6,37.46,44.15,51.8,60.66,35.6,40.3,51.42,51.38,31.89,57.77,41.59,23.67,52.54,35.65,54.06,45.48,40.06,38.84,10.3,35.28,27.14,37.8,31.62,28.98,40.89,53.75,47.81,27.83,40.79,46.04,31.86,40.97,25.44,28.93,28.92,28.41,27.92,27.45,27.0,26.56,26.13,25.72,25.32,24.94,24.57,24.21,23.86,23.52,23.19,22.88,22.57,22.27,21.99,21.71,21.44,21.17,20.91,20.66,20.41,20.17,19.93,19.69,19.45,19.22,18.99,18.76,18.54,18.31,18.09,17.88,17.66,17.45,17.24,17.03,16.83,16.63,16.43,16.23,16.04,15.84,15.65,15.47,15.28,15.096651341636873,14.915502603393543,14.736527382812357,14.559699606856345,14.38499350750769,14.21238364616925,14.041844852660745,13.87335229842334,13.706881423315046,13.54240797221303,13.379907982812846,13.219357785628423,13.060733991791322,12.904013468649175,12.749173400769543,12.5961912167353,12.445044625746942,12.295711617622576,12.148170426195641,12.002399551276268,11.858377756211132,11.71608405690277,11.575497716929263,11.436598254864712,11.299365430858371,11.1637792502949,11.02981995403374,10.897468025729582,10.766704179631583,10.637509361803465,10.509864747683343,10.38375173842351,10.25915195601012,10.13604724692342,10.014419671157064,9.8942515083185,9.775525246648266,9.658223586680233,9.542329436361292,9.42782590739113,9.314696315222223,9.202924175399612,9.092493199900668,8.983387298355174,8.875590571944938,8.769087313403796,8.663862000917225,8.559899304222732,8.457184073629158,8.355701340016678,8.25543631605689,8.156374391332488,8.058501131117207,7.961802272715576,7.8662637254629235,7.7718715670651575,7.678612043598747,7.586471563410356,7.495436700777065,7.405494191026062,7.316630924434267,7.228833954768864,7.142090487086534,7.056387878953536,6.9717136441059315,6.888055441468901,6.805401081257116,6.723738518874371,6.6430558536934985,6.56334132783629,6.484583324953425,6.406770367784314,6.329891118157104,6.2539343708882855,6.178889058663009,6.1047442459346986,6.031489125264819,5.959113023423262,5.887605392847809,5.816955811644133,5.747153986025948,5.678189742994553
27,62.26,59.08,35.69,58.87,41.6,35.6,32.71,37.25,46.87,53.22,66.4,59.43,41.53,53.61,34.36,43.01,44.44,47.61,55.42,47.73,41.36,61.66,50.05,59.54,30.61,35.05,47.56,52.03,45.69,48.9,26.07,50.87,33.8,30.53,48.64,50.83,26.42,33.25,32.8,32.85,32.34,31.85,31.36,30.89,30.43,29.99,29.56,29.14,28.72,28.33,27.94,27.56,27.19,26.83,26.48,26.14,25.8,25.48,25.16,24.85,24.55,24.25,23.96,23.67,23.39,23.11,22.83,22.56,22.29,22.02,21.75,21.49,21.24,20.98,20.73,20.48,20.23,19.99,19.75,19.51,19.28,19.05,18.82,18.59,18.37,18.15,17.93,17.72,17.507374776646003,17.297300696414574,17.08974716186992,16.884683941031597,16.68208114217072,16.481909264217602,16.284139121150282,16.088741930207892,15.895689211075394,15.7049528236893,15.51650499344149,15.330318260771579,15.146365493768823,14.964619900774029,14.78505499257383,14.607644620206404,14.432362924553852,14.259184361546,14.088083714762321,13.91903604502429,13.752016728201117,13.587001430005923,13.423966093393839,13.262886976367723,13.10374061417244,12.94650379409104,12.79115364365813,12.637667492038862,12.486022994787833,12.336198053196883,12.188170834458132,12.041919772924176,11.897423557506182,11.754661132934075,11.613611699756543,11.474254704259497,11.336569840986469,11.200537048958028,11.06613650537083,10.933348628117997,10.80215406822798,10.672533708604348,10.544468661505435,10.417940268544312,10.29293009060728,10.169419914154812,10.047391739879842,9.926827787748524,9.80771048943909,9.690022488341848,9.573746635778608,9.458865988482303,9.34536380481642,9.233223547295363,9.122428875023338,9.012963643694324,8.904811901811518,8.797957889427137,8.692386035622036,8.588080957245525,8.485027455134782,8.383210512854676,8.282615292917182,8.183227136781396,8.085031561072944,7.988014257583997,7.892161086972311,7.7974580850621775,7.70389144772214,7.611447542206707,7.520112897074828,7.429874202189887,7.340718308719712,7.252632224095803,7.165603112013342,7.079618289910793,6.994665227709734,6.910731546554648,6.82780501503236,6.745873547911841,6.664925206144212,6.584948193082167
28,34.69,54.06,56.78,49.53,51.0,52.25,53.8,25.42,54.57,63.87,50.65,42.74,52.24,60.78,29.24,64.03,45.72,44.58,34.43,58.41,41.73,44.47,45.41,56.36,69.43,80.87,31.36,41.36,40.22,42.52,54.27,40.46,36.73,39.34,24.81,40.09,26.58,52.7,37.49,37.63,37.12,36.61,36.12,35.64,35.16,34.7,34.24,33.79,33.36,32.93,32.51,32.09,31.69,31.29,30.9,30.51,30.14,29.77,29.4,29.05,28.69,28.35,28.01,27.67,27.34,27.01,26.69,26.37,26.05,25.74,25.43,25.12,24.82,24.53,24.23,23.94,23.65,23.37,23.09,22.81,22.54,22.27,22.0,21.74,21.48,21.22,20.96,20.71,20.46149956238927,20.215980657635246,19.97340753765801,19.73374483135741,19.49695766160676,19.263011502260515,19.031872282148697,18.803506333079685,18.577880389840214,18.35496156419676,18.13471738389347,17.917115779652836,17.702125020179206,17.48971381615318,17.27985120323791,17.072506607075592,16.867649817288882,16.665251000480183,16.465280648234444,16.267709642115666,16.072509201669693,15.879650871424923,15.689106559890199,15.500848500556902,15.314849277897576,15.131081788367991,14.949519240407174,14.770135206434595,14.59290353185506,14.417798400055228,14.24479429340569,14.073866019259594,13.90498865795541,13.73813761481417,13.573288568142225,13.410417508229184,13.249500698349983,13.090514700763514,12.933436337714681,12.778242729132419,12.624911262731274,12.473419596611269,12.323745656658035,12.175867635242907,12.029763984723242,11.885413416142507,11.742794896630413,11.601887646803057,11.462671134263275,11.325125072300693,11.189229419891754,11.05496437649998,10.92231037817618,10.79124809365867,10.661758426973133,10.533822509633024,10.407421699339658,10.28253757868226,10.159151949938265,10.037246832473441,9.916804465341762,9.797807296885958,9.680237987337376,9.564079404916194,9.449314623231558,9.335926919981654,9.223899771753977,9.113216854025355,9.003862038562056,8.895819392119884,8.789073167344657,8.68360781317165,8.579407957926502,8.476458418424729,8.374744194771997,8.274250462564556,8.174962579388874,8.076866075722132,7.97994665753209,7.884190202377287,7.789582754207326,7.696110528562596
29,47.35,55.24,45.84,56.82,60.79,51.29,55.19,56.92,38.15,49.36,63.77,55.48,54.54,56.84,53.43,43.91,46.86,48.4,47.24,42.4,36.07,38.7,53.75,54.68,42.73,37.82,39.79,43.41,64.67,42.89,81.56,71.28,31.78,30.93,47.36,46.35,37.16,45.04,42.91,43.16,42.65,42.14,41.64,41.14,40.65,40.17,39.69,39.22,38.75,38.29,37.83,37.38,36.93,36.49,36.05,35.62,35.2,34.77,34.36,33.95,33.54,33.14,32.74,32.35,31.96,31.57,31.2,30.82,30.45,30.09,29.72,29.37,29.02,28.67,28.32,27.98,27.65,27.32,26.99,26.66,26.34,26.03,25.72,25.41,25.1,24.8,24.5,24.21,23.91950593256633,23.632497170658482,23.34893191816153,23.068768847977562,22.79196716902811,22.518486545851193,22.248287138802816,21.981329590656465,21.71757501320262,21.456984973848297,21.199521522417967,20.945147150952156,20.6938247937074,20.445517840556754,20.20019011018882,19.957805890309196,19.718329830436595,19.4817270759077,19.24796314727279,19.01700398049721,18.788815926961362,18.56336575346069,18.340620602004254,18.120548043416644,17.90311599693509,17.688292783811384,17.476047113911406,17.266348058914158,17.05916506571223,16.85446795641181,16.652226914932218,16.452412460204897,16.254995486374902,16.059947222599423,15.867239273249254,15.67684353750587,15.488732289764357,15.30287811263096,15.119253937124554,14.937833002475196,14.758588869524582,14.581495447527052,14.406526900346167,14.233657767059091,14.062862827951724,13.894117225123091,13.727396355281433,13.562675936746661,13.399931966568774,13.239140725888085,13.080278790655573,12.923323014212288,12.768250527289325,12.615038732647644,12.463665307758156,12.314108196761438,12.166345606447598,12.020356007596295,11.876118126936477,11.733610948486419,11.592813708193514,11.453705888574106,11.316267221393566,11.180477680966057,11.046317478794338,10.91376706624987,10.782807130552653,10.653418589411043,10.525582587001603,10.399280496649212,10.274493915466847,10.151204657655361,10.029394761203713,9.909046473148447,9.790142258954017,9.672664793132455,9.556596953883178,9.441921831133277,9.328622713137026,9.216683089155996,9.10608665079908,8.996817278622025
30,78.7,47.53,76.11,57.55,51.32,69.52,51.54,47.72,69.84,37.93,59.07,36.85,84.23,68.55,49.77,53.58,48.87,42.01,55.96,68.26,60.84,38.75,50.38,44.01,67.01,65.29,60.93,42.53,89.02,64.42,51.22,47.76,76.86,57.42,50.25,52.49,43.38,37.04,48.87,49.23,48.72,48.21,47.71,47.2,46.7,46.19,45.69,45.19,44.69,44.2,43.7,43.21,42.72,42.23,41.74,41.26,40.78,40.3,39.83,39.35,38.89,38.42,37.96,37.51,37.06,36.61,36.17,35.74,35.31,34.89,34.47,34.05,33.64,33.24,32.84,32.45,32.06,31.67,31.29,30.92,30.55,30.18,29.82,29.46,29.11,28.76,28.41,28.07,27.733193847588694,27.400428563117927,27.071655682888164,26.746827295178225,26.42589610924258,26.10881534491567,25.795538856807063,25.4860209687079,25.180216625385007,24.878081268385696,24.579570877436186,24.284641984241052,23.9932516172854,23.705357329433742,23.420917184130605,23.13988974160101,22.862234072649954,22.587909717264058,22.316876712210448,22.049095591036764,21.784527328873338,21.523133383831556,21.264875683204412,21.00971660966705,20.757618973677808,20.508546054876664,20.262461574486256,20.019329667712988,19.779114925145425,19.541782365155328,19.307297378699875,19.075625825917832,18.846733939533355,18.620588393853282,18.39715623576985,18.17640489856013,17.95830222948497,17.74281646219006,17.529916189107027,17.319570389052345,17.111748441026783,16.906420027619223,16.703555273001218,16.503124591132963,16.305098796158955,16.10944903341071,15.916146793206213,15.72516391084992,15.53647256663276,15.350045272032675,15.165854855915152,14.983874478332709,14.804077630524857,14.626438107319219,14.450930048529875,14.277527856160635,14.106206277201776,13.93694034843221,13.769705408838995,13.604477089957728,13.441231315872521,13.279944300456137,13.120592545990009,12.96315283074477,12.807602215879939,12.65391803578434,12.502077898076061,12.352059678082712,12.203841516081509,12.057401815919315,11.912719239492896,11.769772705368942,11.628541384644242,11.489004696805845,11.351142311111003,11.214934138307502,11.080360332013603,10.947401281818314,10.816037616041276,10.686250189313263,10.558020093615736,10.431328640341556
31,46.1,58.49,47.78,76.28,54.81,48.73,41.87,54.66,63.5,56.69,55.45,61.63,107.8,47.94,87.34,66.53,58.54,58.7,69.13,61.05,44.59,68.62,77.31,50.12,62.46,41.22,83.83,50.24,51.96,73.23,63.96,48.33,70.19,68.07,59.95,69.17,63.31,45.91,55.3,55.83,55.38,54.91,54.44,53.97,53.48,52.99,52.5,52.0,51.49,50.98,50.46,49.94,49.42,48.89,48.36,47.82,47.29,46.75,46.22,45.68,45.14,44.6,44.07,43.54,43.02,42.5,41.99,41.49,40.99,40.5,40.01,39.53,39.06,38.59,38.13,37.67,37.22,36.77,36.33,35.89,35.46,35.04,34.62,34.2,33.79,33.39,32.98,32.59,32.19896380065857,31.812618978385725,31.43090929134579,31.053779115903232,30.68117353288313,30.313038270064194,29.949319702178766,29.589964850912825,29.234921370529232,28.884137562244472,28.537562316721672,28.19514514282411,27.856836181991937,27.522586150735194,27.19234635501057,26.866068690221397,26.543705626840907,26.225210210412207,25.91053604717157,25.59963730404841,25.292468679911785,24.98898543432392,24.68914335878667,24.392898776741546,24.10020852919299,23.81102997470832,23.525320989417757,23.243039967014457,22.96414576124746,22.688597757805486,22.416355816809883,22.147380258437945,21.881631920429864,21.61907208620499,21.359662484861857,21.10336534868514,20.850143341261944,20.599959543105047,20.352777523536634,20.10856128318132,19.867275210835885,19.62888418410653,19.393353468771622,19.160648733158478,18.930736091273555,18.703582030918763,18.479153471198423,18.257417705012287,18.03834244218578,17.821895751963016,17.608046091760286,17.39676233591955,17.18801366069447,16.98176967364112,16.778000341734273,16.576675933860372,16.377767164585055,16.181245007255395,15.987080866520895,15.795246434565993,15.605713762993828,15.41845524844946,15.233443589489655,15.050651829713107,14.870053343383711,14.69162182105379,14.515331269564118,14.34115597753971,14.169070587273577,13.999050018529946,13.83106949873544,13.665104552915347,13.501130997942935,13.33912494253944,13.179062780085694,13.020921188622129,12.864677125098073,12.710307823934084,12.557790792708909,12.407103804971133,12.258224907427532,12.111132404128671
32,64.05,63.66,85.23,56.95,64.73,49.3,63.31,73.03,54.41,47.41,41.15,55.46,63.99,51.28,54.98,75.64,52.39,48.78,56.27,71.67,55.76,49.69,55.31,76.78,52.69,52.78,78.36,89.45,59.87,70.91,33.31,43.55,56.81,44.75,67.68,73.58,55.14,65.79,62.32,63.14,62.85,62.53,62.18,61.82,61.43,61.02,60.59,60.15,59.68,59.2,58.69,58.18,57.64,57.09,56.53,55.96,55.37,54.78,54.17,53.56,52.94,52.31,51.69,51.07,50.46,49.85,49.25,48.66,48.08,47.5,46.93,46.37,45.81,45.26,44.72,44.18,43.65,43.13,42.61,42.1,41.6,41.1,40.6,40.12,39.63,39.16,38.69,38.22,37.76141679274692,37.30833522961179,36.86068933343701,36.418413889454115,35.981444491027176,35.549717493909405,35.12317001624317,34.70173993856,34.285365888532795,33.87398719523248,33.467543965366914,33.06597699179421,32.66922776877049,32.277238537693265,31.88995218036692,31.50731229524166,31.12926313642236,30.755749659411915,30.386717444872346,30.02211272912032,29.661882419374987,29.305974048014594,28.954335742080925,28.606916314766025,28.263665128182097,27.924532215343852,27.589468142938355,27.258424118059605,26.931351927217335,26.608203890593703,26.288932984025532,25.97349265603092,25.661836965039306,25.353920533648086,25.04969847238373,24.74912648643624,24.45216078417247,24.15875810763167,23.868875702029957,23.582471346255833,23.29950330712687,23.01993036988527,22.74371180770229,22.470807381678256,22.201177325594752,21.934782361162444,21.671583682773264,21.411542942252634,21.154622248859482,20.900784184534,20.64999175815432,20.40220843603206,20.15739811141676,19.91552513499147,19.676554253881594,19.440450657398234,19.20717994654266,18.976708118758484,18.749001628922827,18.524027267364023,18.30175228184391,18.08214428607112,17.865171259701086,17.65080162457493,17.439004107489467,17.229747892674983,17.023002454069655,16.81873769254958,16.616923829194302,16.417531481525735,16.22053158726923,16.025895434849158,15.833594678636668,15.643601293206377,15.455887588584114,15.27042622549473,15.087190175717843,14.906152743434758,14.727287548455875,14.550568530795044,14.375969939996118,14.203466335132944
33,84.79,75.5,81.41,70.81,69.12,68.05,81.58,89.67,42.07,73.08,55.21,82.25,60.38,78.53,78.06,45.46,63.91,57.15,58.47,73.41,81.4,55.6,60.01,70.6,51.74,78.57,64.49,49.78,63.35,92.33,76.59,72.77,46.43,65.06,86.15,81.14,64.77,82.36,70.11,71.39,71.39,71.35,71.26,71.12,70.94,70.71,70.44,70.13,69.78,69.39,68.96,68.49,67.99,67.45,66.89,66.29,65.66,65.0,64.33,63.63,62.91,62.17,61.43,60.69,59.97,59.25,58.53,57.83,57.14,56.45,55.78,55.11,54.45,53.79,53.15,52.51,51.88,51.26,50.64,50.03,49.43,48.84,48.25,47.68,47.1,46.54,45.98,45.43,44.88491426980481,44.34636781487042,43.81428217502931,43.28857987848482,42.769184359446776,42.256019974604435,41.74901200312646,41.2480865807695,40.75317078224248,40.264192505896624,39.78108053961687,39.30376452787617,38.832174955262644,38.36624311353389,37.90590116750837,37.45108207270114,37.00171955885108,36.55774821228506,36.119103327662366,35.68572103975743,35.25753820814994,34.83449249958905,34.416522256210605,34.003566610847116,33.59556542113631,33.192459269521144,32.79418939735846,32.40069783670172,32.01192724557254,31.627820990324935,31.248323145645323,30.87337841218828,30.50293216599508,30.136930474966572,29.775319983553185,29.418048061010637,29.065062620198542,28.716312282308937,28.371746212137765,28.03131421692201,27.69496672986678,27.362654727781162,27.034329813442362,26.70994416617724,26.389450508916585,26.072802157613637,25.759953004771283,25.45085745355064,25.145470467189597,24.843747585475672,24.545644825908944,24.25111876606625,23.960126510655513,23.67262564209722,23.388574302888617,23.107931096766663,22.8306551545994,22.556706035548856,22.286043875326715,22.01862922146581,21.754423132157203,21.493387077413132,21.235483054376903,20.98067348848585,20.72892124994414,20.480189653722803,20.234442476032566,19.99164390490532,19.751758556666964,19.514751492410245,19.28058818504907,19.04923450284566,18.820656742356253,18.594821611958235,18.371696198904466,18.151247985796118,17.933444867055524,17.718255115980487,17.505647351798576,17.29559060555853,17.088054287184555,16.883008136057775
34,83.94,85.07,81.36,49.56,70.89,84.58,59.42,64.43,101.14,69.78,97.32,63.0,74.3,62.75,76.09,61.06,66.99,61.59,71.41,73.02,75.69,73.92,63.09,77.87,70.12,67.71,40.33,91.32,80.16,78.58,94.71,83.11,75.72,60.69,73.13,71.75,55.78,78.48,78.84,80.72,81.13,81.48,81.74,81.94,82.06,82.11,82.09,81.99,81.82,81.59,81.29,80.92,80.49,80.0,79.44,78.84,78.18,77.46,76.71,75.91,75.07,74.21,73.32,72.44,71.58,70.72,69.87,69.03,68.2,67.38,66.58,65.78,64.99,64.21,63.44,62.68,61.92,61.18,60.45,59.72,59.01,58.3,57.6,56.91,56.22,55.55,54.88,54.23,53.57933733796128,52.93648030997582,52.301335310552055,51.67380982679983,51.053812492164916,50.44125301478298,49.83604217747962,49.23809189150482,48.64731503532952,48.06362558002604,47.48693853553365,46.91716991483552,46.354236733958736,45.79805701197431,45.24854975308568,44.70563492871722,44.169233459602694,43.63926721578532,43.11565905244073,42.59833266658498,42.08721274036657,41.58222481568589,41.083295347929806,40.59035167014858,40.10332197514443,39.62213535129449,39.14672169299331,38.677011754387415,38.212937113552236,37.75443020831513,37.30142422878643,36.85385318900535,36.41165190902859,35.97475596119576,35.54310172386393,35.11662630976157,34.69526761972314,34.278964253131505,33.8676555616525,33.461281667146345,33.059783336287296,32.66310212385546,32.271180211533455,31.883960515375314,31.501386632071995,31.123402838951456,30.749954058155556,30.380985910374616,30.01644462528991,29.656277113219673,29.300430893473056,28.948854148084685,28.601495632257127,28.258304763918407,27.919231534164485,27.58422656099381,27.25324101766123,26.926226704324108,26.603135976396207,26.283921780370772,25.96853758217451,25.656937456725053,25.349075980462022,25.044908338815976,24.744390200827937,24.447477790795382,24.154127834537753,23.86429761313094,23.577944891261307,23.29502795304866,23.01550558413477,22.73933703586039,22.466482114822703,22.19690102167188,21.930554530226026,21.667403790444737,21.407410489632557,21.150536727058494,20.89674508560202,20.645998595930074,20.398260718585565,20.15349536189886
35,64.23,99.57,90.76,75.81,116.73,71.24,78.84,92.49,93.51,103.58,69.78,89.16,102.08,76.68,67.8,110.72,100.17,62.19,66.36,76.24,68.04,97.63,61.58,80.45,87.93,49.16,77.86,91.56,90.79,101.13,77.92,58.74,76.58,93.52,115.09,111.87,104.54,83.38,86.76,88.99,89.6,90.12,90.56,90.9,91.16,91.33,91.41,91.4,91.31,91.13,90.87,90.52,90.1,89.6,89.03,88.39,87.68,86.91,86.08,85.2,84.27,83.3,82.31,81.32,80.34,79.38,78.43,77.49,76.56,75.64,74.73,73.84,72.95,72.07,71.21,70.36,69.51,68.68,67.85,67.04,66.23,65.44,64.66,63.88,63.11,62.36,61.61,60.87,60.13968001937358,59.41812101770318,58.70521791822315,58.000866943671475,57.304965506472534,56.61741230025152,55.93810717171428,55.26695124876743,54.60384677579255,53.94869718685765,53.30140710571715,52.66188223599469,52.03002948930322,51.40575682051913,50.78897333759956,50.179589210067945,49.57751568731697,48.98266511691138,48.39495085307368,47.814287311592715,47.2405899149151,46.67377512875088,46.113760388862175,45.56046413766878,45.01380580594542,44.47370575791307,43.94008536445044,43.41286687497393,42.8919735272548,42.377329437601986,41.86885963746782,41.366490110053796,40.87014766219043,40.37975999754883,39.89525568003486,39.41656417039493,38.943615716398774,38.47634146265668,38.014673304196506,37.55854403288667,37.10788720931604,36.66263716279392,36.222729046258706,35.788098799672106,35.35868309511057,34.934419391673856,34.51524589887932,34.10110154005618,33.691925988951226,33.28765963312313,32.88824361054813,32.493619718105734,32.10373048479016,31.71851909849889,31.337929460941258,30.961906114426956,30.590394296774708,30.22333986810071,29.860689384030167,29.50238998588007,29.148389492173507,28.7986363437311,28.453079567065235,28.111668847591563,27.77435441981176,27.44108714052504,27.111818488828106,26.786500474600857,26.46508571171782,26.147527363139584,25.833779177518505,25.523795452592978,25.21753099858171,24.914941229698066,24.615982036029948,24.320609893357076,24.02878171672798,23.740455043488712,23.455587831951284,23.174138607816626,22.896066336054506,22.621330512417845
36,103.94,92.14,112.72,80.29,89.96,93.81,92.37,85.2,113.15,102.04,103.58,64.11,97.18,88.72,96.98,65.51,73.91,80.57,71.64,78.2,80.88,75.24,99.95,98.18,95.17,107.99,105.36,104.13,114.02,81.35,94.34,56.03,107.59,69.99,81.01,94.51,119.83,131.94,95.04,97.56,98.31,98.97,99.52,99.97,100.32,100.57,100.72,100.76,100.71,100.56,100.31,99.97,99.54,99.02,98.41,97.72,96.96,96.12,95.21,94.24,93.22,92.15,91.05,89.96,88.88,87.82,86.76,85.72,84.69,83.68,82.67,81.68,80.7,79.73,78.78,77.83,76.9,75.97,75.06,74.16,73.27,72.39,71.53,70.67,69.82,68.98,68.15,67.34,66.53206608522393,65.73382387274684,64.94515716698035,64.16595113436267,63.39609234017005,62.63546869329948,61.88396944626881,61.14148515840502,60.40790775106176,59.68313039718452,58.9670475765281,58.259555002033494,57.56054967504514,56.86992979328217,56.1875948244614,55.51344537745706,54.84738329432954,54.189311595108144,53.53913444097953,52.89675715269351,52.26208619215725,51.635029144029524,51.015494660503435,50.403392553335195,49.7986336834096,49.201129960739955,48.61079436287392,48.0275409532992,47.45128475260325,46.881941867313586,46.31942936105747,45.7636653097792,45.214568783334286,44.672059808678,44.13605936986534,43.606489389645276,43.08327276627226,42.566333281477405,42.05559565568582,41.55098547439351,41.05242924338469,40.559854388731736,40.07318912795495,39.592362580457,39.117304712305746,38.647946336234185,38.18421909323469,37.726055434153224,37.273388601283656,36.82615270199073,36.38428254305824,35.94771379634087,35.51638285151813,35.09022688971734,34.66918382829644,34.25319232084389,33.842191812395995,33.43612239219084,33.03492494091434,32.63854098345415,32.24691281774002,31.859983349091905,31.477696237466105,31.099995805426417,30.726827001332587,30.358135491369204,29.993867549111044,29.633970110740385,29.278390756641265,28.927077674587913,28.57997969655632,28.237046261912674,27.89822738060186,27.563473725176262,27.23273650195542,26.905967561460617,26.583119269574528,26.26414459957005,25.948997076892983,25.637630797567834,25.330000391386243,25.026061058718557
37,98.25,117.2,95.61,141.19,117.85,93.07,126.48,113.69,115.33,77.22,78.65,86.23,111.34,113.06,88.65,97.23,85.84,128.21,85.41,90.65,66.17,95.06,101.8,104.52,112.34,104.75,102.38,86.98,90.37,85.18,83.81,82.13,87.11,68.37,120.24,92.67,122.79,116.94,103.48,106.22,107.04,107.76,108.36,108.85,109.23,109.5,109.66,109.72,109.66,109.49,109.22,108.85,108.38,107.81,107.15,106.4,105.57,104.65,103.67,102.61,101.5,100.33,99.14,97.95,96.78,95.62,94.47,93.34,92.22,91.11,90.02,88.94,87.87,86.82,85.77,84.75,83.73,82.72,81.73,80.75,79.78,78.83,77.88,76.95,76.02,75.11,74.21,73.32,72.44033493972432,71.57122166432511,70.71253368838022,69.86414598409276,69.02593507239247,68.19777887717333,67.37955687105605,66.57114991140521,65.77244031321054,64.98331179442597,64.20364947596966,63.433339808842646,62.672270647010265,61.92033121096135,61.17741199660677,60.44340482994036,59.71820284881855,59.00170046651978,58.29379333530389,57.594378382852675,56.903353775829366,56.220618883437886,55.54607431386358,54.879621804951235,54.221164351747355,53.570606042517305,52.927852149846856,52.292809075981296,51.665384334605086,51.04548658728247,50.433025515915304,49.827911968505575,49.23005781339285,48.63937599391526,48.0557804555282,47.479186236905946,46.909509342399446,46.346666833137846,45.79057671770666,45.24115802502899,44.69833073148428,44.16201576090836,43.63213503925431,43.108611348829974,42.591368492280836,42.080331092166496,41.575424736723214,41.07657587054206,40.58371186745008,40.096760921188505,39.61565210007364,39.14031532877656,38.670681406543444,38.20668187965334,37.7482491871807,37.29531656989383,36.84781803381421,36.40568838665715,35.968863256052124,35.53727898022087,35.11087273551956,34.68958237245601,34.27334652501155,33.86210459242071,33.45579664806965,33.054363512377435,32.65774669813504,32.265888428725745,31.87873165634536,31.49621993446008,31.11829758178932,30.744909518322842,30.37600135642238,30.011519364380966,29.651410429982306,29.29562211516178,28.94410256490478,28.59680059834836,28.2536655994593,27.914647589915386,27.579697174444473,27.248765540824454
38,117.62,123.8,143.65,132.98,110.51,120.97,93.39,100.35,134.44,133.28,127.71,128.2,88.93,105.5,94.07,93.95,122.91,101.04,108.7,102.46,90.39,115.69,85.45,106.36,96.97,116.94,89.33,96.84,89.11,92.6,118.73,137.82,82.12,83.8,97.16,94.42,110.23,99.68,111.82,114.68,115.47,116.15,116.71,117.15,117.48,117.7,117.81,117.8,117.68,117.45,117.11,116.67,116.12,115.48,114.74,113.91,113.0,112.01,110.94,109.8,108.6,107.35,106.08,104.8,103.55,102.31,101.08,99.87,98.67,97.48,96.31,95.16,94.02,92.89,91.78,90.67,89.59,88.51,87.45,86.4,85.36,84.34,83.33,82.33,81.34,80.37,79.4,78.45,77.50880542955352,76.5789002881277,75.66014922449695,74.75241850383485,73.85557598995153,72.96949114529359,72.09403497765632,71.2290800401836,70.37450043136798,69.53017172400013,68.69597103621935,67.87177688941257,67.05746933255271,66.25292978233507,65.45804112975306,64.67268765128509,63.896755008894516,63.13013021450449,62.37270168328575,61.6243591093182,60.88499355440418,60.154497359255224,59.43276417901732,58.719688894457796,58.015167718541086,57.319098036565094,56.631378530499525,55.951909019122326,55.28059061788326,54.61732552575241,53.96201718508382,53.314570157277096,52.67489019382793,52.04288411198968,51.418459901349166,50.80152663501353,50.191994451847556,49.58977460976164,48.99477937913594,48.406922149396216,47.82611730467535,47.25228022381344,46.68532738693349,46.125176215577795,45.57174510823321,45.02495347585637,44.48472168858582,43.95097107574204,43.423623908064776,42.902603344425174,42.38783353840157,41.87923951394106,41.376747165359504,40.880283346154684,40.389775726905285,39.90515286632135,39.42634417571914,38.95327993678364,38.48589121275544,38.0241099550066,37.567868896464766,37.11710156937587,36.67174232306672,36.231726306182374,35.7969894133983,35.36746830318294,34.94310043332302,34.52382397211036,34.10957786939244,33.70030176775923,33.295936055831056,32.89642181497076,32.50170087257155,32.11171571324387,31.726409549865917,31.345726234770495,30.96961031303292,30.5980069869457,30.23086215154388,29.86812230579184,29.50973462363382,29.1556468651808
39,139.44,140.28,152.65,147.3,136.28,98.02,113.29,144.9,120.84,166.98,109.11,139.54,93.09,148.75,85.99,126.29,112.35,94.82,101.26,138.44,104.8,118.97,122.67,115.95,108.43,106.53,123.75,126.16,106.61,101.51,163.34,90.52,119.73,84.98,126.72,141.89,144.25,175.23,120.68,123.72,124.52,125.19,125.75,126.19,126.5,126.69,126.77,126.73,126.56,126.29,125.9,125.4,124.79,124.08,123.28,122.37,121.38,120.3,119.15,117.92,116.63,115.29,113.92,112.55,111.2,109.87,108.55,107.25,105.96,104.69,103.44,102.2,100.97,99.76,98.56,97.38,96.21,95.06,93.92,92.79,91.68,90.58,89.49,88.42,87.36,86.31,85.27,84.25,83.23924115408123,82.240605657892,81.25394815765449,80.27912509709816,79.31599454294464,78.36441634197145,77.42425196394821,76.49536460634582,75.57761901982119,74.67088164782943,73.77502048701173,72.88990515700132,72.01540679571441,71.15139809425322,70.29775331435751,69.45434816624382,68.62105986096019,67.79776712783756,66.98435007487758,66.18069031091339,65.38667082344874,64.60217601356128,63.827091678450834,63.06130497653645,62.30470442745635,61.55717984226188,60.81862242812658,60.088924613831004,59.36798018937491,58.65568414891343,57.95193283036943,57.256623723466625,56.56965560934177,55.89092845583558,55.22034343494418,54.557802905367645,53.903210395058395,53.256470583769726,52.61748928560425,51.98617346646548,51.36243119170316,50.746171643564814,50.13730506884125,49.53574279631797,48.94139725422677,48.35418184808501,47.77401110030785,47.20080049314452,46.63446657338742,46.074926865114605,45.52209985223809,44.975905048310096,44.43626290926537,43.90309483342115,43.37632317892876,42.855871211418936,42.34166315635651,41.83362409433117,41.33168006576665,40.83575793130852,40.34578549398485,39.86169135959403,39.383405041413894,38.9108568729441,38.44397802535766,37.98270049004941,37.52695709608754,37.076681457859,36.63180797506951,36.1922718676466,35.758009105933546,35.328956428140806,34.90505134034614,34.48623211649449,34.072437728591964,33.66360791651187,33.25968311818868,32.860604504521035,32.46631392701716,32.076753970149475,31.69186788154847,31.311599589454218
40,151.24,183.38,153.55,121.18,141.0,149.15,116.32,127.3,139.02,129.46,113.41,121.19,130.5,153.76,154.53,127.65,142.56,104.48,125.58,129.27,138.45,95.09,111.72,96.54,141.5,108.36,125.51,137.9,128.43,106.46,103.79,129.19,104.54,125.53,148.3,147.87,131.96,144.05,129.84,133.04,133.84,134.52,135.06,135.48,135.78,135.94,135.98,135.9,135.69,135.36,134.92,134.36,133.69,132.91,132.02,131.04,129.97,128.81,127.56,126.25,124.86,123.42,121.96,120.49,119.05,117.62,116.21,114.82,113.44,112.08,110.73,109.4,108.09,106.8,105.51,104.25,103.0,101.76,100.54,99.34,98.14,96.97,95.8,94.65,93.52,92.4,91.29,90.19,89.10800048790276,88.0389782922453,86.98277782525768,85.9392453905009,84.90822913128534,83.88957897908885,82.88314670513864,81.8887858344416,80.9063516285904,79.93570113734525,78.97669306108253,78.02918781957058,77.09304751758164,76.16813587611641,75.25431830117955,74.35146176342236,73.45943484972447,72.57810771161213,71.70735204806424,70.84704113990024,69.99704971222876,69.15725407199888,68.32753193606108,67.50776253433064,66.6978265238181,65.89760600582318,65.106984474353,64.32584681612208,63.55407934494022,62.79156966416111,62.038206787039755,61.29388101637508,60.558483978897705,59.83190862527005,59.114049161310554,58.40480106518765,57.70406107022582,57.01172714771174,56.32769850689415,55.651875526208336,54.984159804857754,54.324454145620194,53.67266245168423,53.02868982981277,52.39244252156729,51.76382785172623,51.14275431425441,50.52913145194575,49.922869908004955,49.32388139165966,48.73207871254832,48.14737564316883,47.56968707362378,46.99892885687525,46.435017877520394,45.877872000209734,45.32741012122896,44.783552030947455,44.24621856856371,43.71533145016604,43.19081335470219,42.67258792397939,42.16057965950077,41.65471399124107,41.15491724325881,40.66111663369628,40.17324024039171,39.691217000879256,39.2149767295829,38.744450031846945,38.27956838990549,37.820264094106825,37.36647024291343,36.91812074290196,36.475150291569314,36.037494360138744,35.605089193559834,35.17787184489636,34.75578005496883,34.338752338324085,33.92672796604141,33.519646914150755
41,150.3,162.18,164.07,118.84,182.24,144.85,130.87,150.57,100.13,155.88,135.36,143.21,148.37,160.03,153.77,106.04,119.54,139.91,130.65,135.91,134.49,136.11,141.32,102.02,119.68,138.95,115.3,134.95,142.59,152.73,144.15,136.65,100.23,140.95,98.56,172.02,141.35,131.72,139.16,142.53,143.33,143.99,144.52,144.92,145.18,145.31,145.31,145.19,144.93,144.54,144.04,143.41,142.67,141.82,140.86,139.8,138.64,137.39,136.06,134.65,133.17,131.63,130.07,128.51,126.97,125.44,123.94,122.45,120.98,119.53,118.1,116.68,115.28,113.9,112.53,111.18,109.85,108.53,107.23,105.94,104.67,103.42,102.18,100.95,99.74,98.54,97.36,96.19,95.03604291191698,93.89592559673007,92.769482170096,91.6565487354293,90.55696333293434,89.47056595659461,88.39719852019397,87.33670484032723,86.28893058543204,85.25372325879955,84.23093223255306,83.22040862872245,82.22200542118043,81.23557728273803,80.26098065310227,79.29807370489728,78.3467162587174,77.40676986807414,76.47809773444925,75.56056467331595,74.6540371481176,73.75838318532098,72.87347244237364,71.99917610576772,71.13536689103984,70.28191907675,69.43870841953452,68.60561218808495,67.7825090951904,66.969279314727,66.16580448165793,65.37196759009701,64.58765311223449,63.812746845432535,63.047135997172184,62.29070906612762,61.54335596109189,60.804967865061855,60.075437286206274,59.3546579729189,58.6425250157549,57.93893472850496,57.24378464819547,56.5569735860566,55.87840152558598,55.20796967351685,54.54558039186062,53.89113724887487,53.244544951105965,52.60570934338891,51.97453739185812,51.350937217926045,50.734817996346955,50.12608998919566,49.524664596835734,48.93045420501497,48.34337230379111,47.763333385595544,47.190252996201465,46.624047666766316,46.06463496479997,45.51193339222838,44.96586247034054,44.42634267183093,43.89329543778893,43.366643109741226,42.84630903158818,42.332217379709924,41.8242932988815,41.322462834315274,40.82665286370342,40.33679118216483,39.85280646826637,39.37462821606531,38.902186769088125,38.43541333731985,37.97423992924656,37.51859936884476,37.06842529558137,36.62365214742435,36.18421512686394,35.7500502348914
42,209.34,181.18,214.7,218.45,180.32,179.73,181.51,169.11,145.22,116.21,178.57,114.75,143.02,163.53,145.19,145.18,178.01,177.88,166.91,196.06,146.0,144.95,153.59,136.27,142.0,185.27,150.45,134.26,156.7,125.48,150.03,162.03,129.15,144.87,121.11,151.94,156.46,165.66,147.72,151.24,152.02,152.66,153.16,153.53,153.75,153.85,153.8,153.62,153.31,152.87,152.31,151.62,150.81,149.89,148.85,147.71,146.48,145.15,143.73,142.23,140.67,139.04,137.39,135.74,134.11,132.5,130.92,129.35,127.79,126.26,124.75,123.25,121.77,120.31,118.87,117.44,116.03,114.64,113.27,111.91,110.57,109.24,107.93,106.63,105.35,104.09,102.84,101.61,100.39104644147801,99.18671156427281,97.99682018611583,96.82119917961346,95.6596774889534,94.51208611319835,93.37825810628591,92.25802846008463,91.15123420463172,90.05771425777635,88.97730952541747,87.90986278455972,86.85521870001968,85.81322380771962,84.7837264645686,83.76657686516873,82.76162695828367,81.76873053037018,80.78774303851509,79.81852176079198,78.86092559578559,77.91481519624226,76.98005286883202,76.05650254073616,75.14402979305966,74.24250182741872,73.35178741582173,72.47175691737571,71.60228222816733,70.74323678126284,69.89449554670824,69.05593498141029,68.22743299572383,67.4088690035708,66.60012382220242,65.80107975573064,65.01162044477145,64.23163100009533,63.46099783556417,62.69960878507545,61.94735298561809,61.20412094409764,60.469804420392244,59.74429654429666,59.0274916484593,58.31928540203266,57.61957467702282,56.92825759840845,56.245233510728184,55.570402978080566,54.90366773400522,54.24493069818905,53.59409594305378,52.95106872716846,52.31575539501164,51.68806346050299,51.06790150676534,50.45517923624371,49.84980743729267,49.2516979340574,48.66076363659263,48.07691850745004,47.500077511559354,46.93015664964092,46.367072924793135,45.81074434249243,45.26108987718066,44.718029505677755,44.18148410694385,43.65137556231713,43.1276266719823,42.61016117167693,42.098903665866196,41.59377971127443,41.09471575005988,40.601639093108446,40.11447792003365,39.633161279176655,39.15761908760625,38.68778208099996,38.22358179693774,37.764950675139765
43,206.03,213.49,242.32,239.75,229.18,158.23,170.78,208.79,184.55,181.56,183.75,175.72,208.66,220.31,142.36,195.85,209.35,206.78,183.63,169.6,180.21,169.34,155.31,188.12,148.16,151.3,154.52,152.6,151.02,130.15,115.7,127.97,159.61,154.26,160.45,179.75,172.32,180.57,157.46,160.92,161.47,161.89,162.18,162.33,162.36,162.25,162.01,161.65,161.16,160.55,159.82,158.98,158.03,156.97,155.8,154.54,153.19,151.76,150.24,148.65,147.0,145.3,143.57,141.85,140.15,138.47,136.81,135.16,133.54,131.94,130.36,128.8,127.25,125.72,124.22,122.73,121.25,119.8,118.36,116.94,115.54,114.15,112.79,111.43,110.1,108.78,107.47,106.18,104.9062502765853,103.64777576519381,102.404393394125,101.17592229127592,99.96218375155478,98.76300117170749,97.57820011549107,96.40760819962037,95.25105512635466,94.10837263461781,92.97939443482488,91.86395630664214,90.76189591976048,89.67305294794872,88.59726892241373,87.5343873458536,86.48425351323122,85.44671465841414,84.42161975865464,83.40881968122982,82.40816700421486,81.41951611424308,80.44272315762593,79.47764594259317,78.52414405334595,77.58207870341708,76.65131278455088,75.73171083411671,74.82313900252213,73.92546505321305,73.03855833008703,72.16228975749333,71.29653175876625,70.44115835398512,69.59604501333438,68.76106872227689,67.9361079489673,67.12104259537205,66.3157540135627,65.52012498942273,64.73403971006069,63.95738371493044,63.19004396100437,62.43190872501341,61.68286765232712,60.94281167548698,60.211633079379745,59.48922540347751,58.77548347442435,58.07030337344969,57.37358243636826,56.685219237286894,56.00511352343111,55.33316629661185,54.669279699172115,54.01335709545368,53.36530297403709,52.725022964035055,52.092423835092404,51.4674134973861,50.849900920158646,50.23979619689138,49.63701048013119,49.041455997783814,48.45304603682057,47.87169491069165,47.29731795932622,46.72983154913232,46.169153024117,45.61520075476619,45.06789405657819,44.52715322265025,43.99289952367859,43.465055159078474,42.943543240690865,42.42828782536904,41.91921386609869,41.416247244584525,40.91931468978368,40.42834382678573,39.94326317681256,39.46400207575191
44,251.77,236.79,240.78,222.9,188.19,243.64,191.02,213.49,248.49,184.57,210.27,205.48,198.66,187.84,199.48,188.06,208.02,200.69,180.99,186.49,199.02,162.19,166.91,173.14,175.42,133.66,148.81,161.33,206.39,184.61,149.31,176.0,140.3,164.66,181.84,189.19,187.94,189.92,166.47,169.67,169.82,169.85,169.76,169.56,169.24,168.8,168.26,167.61,166.85,165.99,165.04,163.98,162.83,161.6,160.28,158.88,157.4,155.86,154.25,152.58,150.87,149.11,147.33,145.57,143.82,142.09,140.39,138.71,137.04,135.4,133.78,132.17,130.59,129.02,127.47,125.94,124.43,122.94,121.46,120.01,118.57,117.15,115.74,114.35,112.98,111.63,110.29,108.96,107.65293091226408,106.36153590984033,105.08562715461373,103.8250190409203,102.57952822677011,101.34897354017814,100.13317597916411,98.93195868052946,97.7451469042459,96.57256800223215,95.4140514027425,94.26942854792061,93.13853290941104,92.0211999883593,90.91726719051937,89.82657391992313,88.74896148521096,87.6842730840202,86.63235380298532,85.5930506021261,84.56621223679016,83.55168928887586,82.54933415122088,81.55900093393291,80.58054555805884,79.61382561508101,78.65870042936326,77.7150309957048,76.78267999495176,75.86151174716255,74.95139216477318,74.05218881504355,73.16377081077646,72.28600884154088,71.4187751892834,70.56194358782432,69.7153893633616,68.87898926274381,68.05262157836253,67.23616599203693,66.42950368429449,65.63251724070177,64.84509062064139,64.06710921975811,63.29845979190115,62.53903043351264,61.788710599239195,61.04739107070876,60.31496390969599,59.59132248934542,58.87636149417136,58.169976795165596,57.4720655746897,56.78252623280583,56.101258356053556,55.42816277989613,54.76314151066269,54.1060976943252,53.456935694556165,52.81556099905935,52.18188018834672,51.55580104501926,50.93723236642835,50.3260841051798,49.722267291076015,49.125693968669886,48.53627729093398,47.95393142559137,47.378571570727125,46.81011395478828,46.248475805360805,45.69357531794649,45.14533170279758,44.60366512247057,44.068496691826255,43.53974847802969,43.017343500550226,42.50120563749217,41.99125978171032,41.48743162224827,40.98964780045392,40.497835831921684
45,276.8,302.52,267.64,281.62,240.83,258.85,267.84,266.67,300.66,232.14,200.38,233.98,183.98,218.48,220.17,259.45,200.41,193.35,186.34,169.67,144.8,231.4,222.59,210.4,183.13,200.38,169.86,186.5,193.94,152.39,196.62,192.78,183.29,167.17,205.02,204.35,154.95,210.18,176.18,179.09,178.78,178.38,177.87,177.28,176.58,175.8,174.93,173.97,172.92,171.79,170.59,169.31,167.95,166.53,165.04,163.49,161.89,160.23,158.52,156.77,154.98,153.17,151.34,149.53,147.73,145.96,144.21,142.48,140.77,139.08,137.41,135.77,134.14,132.53,130.94,129.37,127.82,126.28,124.77,123.27,121.79,120.33,118.89,117.46,116.06,114.66,113.29,111.93,110.58733696498317,109.26077403590064,107.95011827582587,106.65517909470593,105.37576817462022,104.11169940998768,102.86278896735955,101.62885519573005,100.40971862653643,99.20520191386586,98.015129864352,96.8393293773821,95.67762940025212,94.52986095806335,93.39585706403295,92.27545277928685,91.16848507832565,90.07479293871398,88.99421725139122,87.92660077582659,86.87178822970873,85.82962610956675,84.79996278045968,83.78264846102827,82.77753510390906,81.78447647047551,80.80332805609689,79.83394709013824,78.87619252101213,77.92992497133396,76.9950067528702,76.0713018216936,75.15867571839036,74.25699565774946,73.36613042412505,72.48595035648813,71.6163273484267,70.75713484814553,69.90824779867343,69.06954266775962,68.24089737313253,67.42219131239628,66.61330531818604,65.81412164321962,65.02452399019418,64.24439739220011,63.47362833230705,62.712104594081445,61.95971532137958,61.21635100339928,60.48190341488692,59.756265660982216,59.039332102477,58.33099837076343,57.631161337937606,56.939719131747665,56.25657109074917,55.58161776430507,54.91476086774102,54.25590334213828,53.60494926464432,52.961803833524556,52.32637344290358,51.698565548230974,51.078288770919,50.46545277875666,49.859968360650946,49.26174733693736,48.67070261917288,48.08674813539477,47.509798860017064,46.93977079888228,46.376580944416794,45.82014727563075,45.27038877306634,44.72722538890133,44.1905780320008,43.6603685380207,43.136519714252486,42.61895527983029,42.10759985078257,41.602378984876886
46,279.82,411.69,263.95,325.36,238.73,268.93,315.88,279.17,263.6,213.77,248.99,266.3,239.33,230.08,224.52,235.22,206.08,224.99,264.87,288.29,230.07,242.2,207.51,275.01,202.5,221.36,232.4,191.6,205.37,205.66,220.11,180.0,190.51,197.73,167.11,232.61,186.61,173.2,186.62,189.02,188.05,187.01,185.92,184.76,183.54,182.26,180.93,179.54,178.11,176.62,175.09,173.51,171.89,170.23,168.54,166.81,165.05,163.27,161.45,159.62,157.77,155.9,154.04,152.19,150.37,148.57,146.78,145.02,143.28,141.57,139.87,138.19,136.53,134.89,133.28,131.68,130.1,128.54,127.0,125.47,123.97,122.48,121.01,119.56,118.13,116.71,115.31,113.93,112.56338442860482,111.21315528041289,109.87911619469274,108.56107321397602,107.25883465682587,105.97221118852117,104.7010156796881,103.44506329112122,102.20417136068868,100.97815943160595,99.76684919588845,98.57006448021473,97.38763121765268,96.21937744765965,95.0651332312614,93.92473067932563,92.7980039242885,91.68478906360713,90.58492415975965,89.49824924024519,88.42460619862597,87.36383886521152,86.31579290810083,85.28031587559282,84.25725712550214,83.24646778274865,82.24780082417854,81.26111093719572,80.2862545621726,79.32308985003937,78.37147667642093,77.43127655681579,76.50235268900668,75.58456992478679,74.67779469927552,73.78189504505549,72.89674062044602,72.02220261054543,71.15815372723085,70.30446823743208,69.46102192072091,68.62769201276389,67.80435723359592,66.9908977593466,66.18719520810338,65.39313258336422,64.60859434472175,63.83346628063173,63.067635579097285,62.31099075698459,61.56342170243354,60.8248196041734,60.09507692324926,59.37408746370612,58.6617462594942,57.957949616879574,57.26259510030708,56.57558147585323,55.89680873949969,55.22617807472285,54.56359183835699,53.90895360300473,53.262168029805544,52.62314099566727,51.99177943776088,51.367991452478364,50.751686210611695,50.14277399976333,49.54116615366201,48.94677509457331,48.35951426261538,47.779298172306355,47.206042327743305,46.63966327914954,46.08007853805366,45.5272066479737,44.98096709959605,44.44128034491238,43.90806779721958,43.38125184525663,42.86075574010982,42.34650370830757
47,344.55,338.33,316.48,311.9,292.53,246.35,235.68,296.01,309.87,290.01,298.13,252.52,250.95,236.74,268.55,256.18,229.69,301.9,255.65,276.98,291.16,215.72,236.76,244.9,214.79,223.06,244.18,230.1,218.16,181.88,224.34,211.01,168.21,214.62,212.25,213.55,202.15,256.98,201.12,203.06,201.41,199.73,198.02,196.29,194.53,192.75,190.94,189.12,187.28,185.42,183.54,181.65,179.74,177.82,175.89,173.96,172.01,170.06,168.11,166.15,164.2,162.24,160.3,158.38,156.48,154.6,152.75,150.92,149.11,147.32,145.55,143.81,142.08,140.38,138.69,137.03,135.39,133.76,132.16,130.57,129.01,127.46,125.93,124.42,122.93,121.45,120.0,118.56,117.13789161720821,115.73283395826552,114.34462275588972,112.97305618217702,111.61793483497426,110.27906171062331,108.95624213582198,107.649283767624,106.35799657981124,105.0821928083825,103.82168695155337,102.57629571524517,101.34583797220138,100.13013480287107,98.9290094272699,97.7422871368411,96.56979536259439,95.41136357971139,94.26682330754564,93.13600805511125,92.01875337559427,90.9148967437023,89.82427761017576,88.74673733364877,87.68211915339367,86.63026823020434,85.59103153737368,84.56425788794934,83.54979792110584,82.54750406126114,81.55723047719317,80.57883310929556,79.61216961506624,78.65709932822418,77.71348332684825,76.78118428347149,75.86006656047559,74.94999614195201,74.05084059281847,73.16246907244668,72.2847523210347,71.41756263235115,70.56077378559625,69.71426111354084,68.87790142075954,68.05157301088629,67.23515561847539,66.42853042262931,65.63158003337072,64.84418847801493,64.06624114665841,63.29762483306237,62.53822763925799,61.78793905731335,61.04664988756654,60.31425222499782,59.59063945922966,58.87570627452672,58.16934860891241,57.47146364054107,56.7819497740702,56.100706640660384,55.42763508434757,54.762637121159564,54.105615952743854,53.45647591185637,52.81512251687275,52.18146240364926,51.555403311894956,50.936854112427376,50.325724739033376,49.72192622935272,49.12537067036662,48.53597121202578,47.95364203999459,47.3782983756512,46.80985644883192,46.24823349783115,45.69334774214582,45.145118409730976,44.60346564160511,44.068310614500454
48,338.21,287.63,329.72,361.42,340.08,361.31,369.05,264.17,313.78,330.81,313.23,308.06,249.28,251.08,263.16,312.67,285.3,282.83,251.3,243.77,273.92,309.31,282.05,239.37,301.21,270.1,240.88,231.56,240.32,230.65,236.28,184.92,222.91,225.85,277.47,219.42,211.18,217.42,217.31,219.02,216.86,214.7,212.53,210.37,208.2,206.03,203.86,201.69,199.53,197.36,195.2,193.04,190.89,188.74,186.6,184.46,182.33,180.21,178.1,176.0,173.91,171.84,169.78,167.74,165.73,163.74,161.78,159.84,157.92,156.03,154.16,152.31,150.48,148.68,146.89,145.13,143.39,141.67,139.97,138.29,136.63,135.0,133.38,131.78,130.2,128.63,127.09,125.57,124.06386105363451,122.57577905589292,121.10553773049689,119.65292336191335,118.21772480869177,116.79973346345244,115.39874319953759,114.01455035767434,112.64695369262554,111.2957544132018,109.96075607556345,108.64176456988348,107.33858816035912,106.05103733850257,104.77892491650134,103.52206590718352,102.28027757736645,101.0533793278219,99.84119278663657,98.64354163582823,97.46025174471792,96.29115100988335,95.13606940850782,93.99483895836845,92.86729367782468,91.75326955914369,90.65260460851219,89.56513868598974,88.4907136655554,87.42917322171222,86.38036296285942,85.34413032459472,84.32032456971422,83.3087967615381,82.30939973723615,81.3219881211649,80.3464182715189,79.38254824031894,78.43023780008662,77.48934840383255,76.55974317171926,75.64128682437507,74.73384573624298,73.83728788223172,72.95148279770427,72.07630159181493,71.21161690749769,70.35730294814077,69.51323537088874,68.67929135332876,67.8553495401416,67.04129002976445,66.23699436105375,65.44234545993628,64.65722770609527,63.88152681293543,63.11512990760626,62.35792542430436,61.609803184296666,60.87065427588553,60.140371147769244,59.41884747566988,58.705978255693786,58.00165971097111,57.30578934500462,56.61826586164644,55.93898916509805,55.26786039992191,54.604781857680976,53.949657030287554,53.30239052998001,52.66288814267163,52.031056761264544,51.40680442566138,50.79004024274194,50.180674439712114,49.57861828408055,48.98378412367029,48.39608537328162,47.81543646134314,47.241752856586196,46.674951041370534
49,460.69,397.22,388.67,392.25,349.17,348.6,278.1,397.65,360.48,300.15,355.64,339.92,376.27,295.57,339.14,326.65,310.9,323.03,356.62,272.7,304.56,294.96,283.53,227.3,294.56,256.01,338.18,274.26,232.11,253.07,237.99,224.87,239.12,234.82,264.27,243.75,250.94,235.77,237.11,238.85,236.4,233.95,231.5,229.06,226.62,224.19,221.77,219.35,216.94,214.53,212.14,209.75,207.38,205.01,202.66,200.32,197.99,195.67,193.37,191.08,188.81,186.55,184.32,182.11,179.92,177.77,175.63,173.53,171.45,169.39,167.36,165.35,163.37,161.41,159.47,157.56,155.67,153.81,151.96,150.14,148.34,146.56,144.8,143.06,141.35,139.65,137.98,136.32,134.68498536219252,133.06957110896712,131.47352266365013,129.89660805330467,128.33859810901856,126.79926639914139,125.27838924263726,123.77574557555981,122.29111700446211,120.82428775298665,119.37504462180804,117.9431769352228,116.52847658120697,115.13073789124364,113.74975768038031,112.38533519381916,111.03727208021175,109.70537233824925,108.38944234336735,107.08929075427876,105.8047285396783,104.53556893818526,103.28162737822859,102.04272155816167,100.81867129938509,99.60929861310893,98.41442764694288,97.23388461813371,96.06749784027026,94.91509769657853,93.7765165865115,92.65158889904438,91.54015103937941,90.4420413354785,89.35710006476812,88.28516944078692,87.22609351971812,86.17971825379959,85.1458914379139,84.12446266953067,83.11528337541172,82.118206731496,81.13308768960462,80.15978293738331,79.19815087159753,78.24805158477986,77.30934685187756,76.38190009019506,75.4655763460415,74.56024232143564,73.66576626728597,72.78201803680066,71.90886904543007,71.04619223080925,70.19386205275795,69.35175449328065,68.51974700315651,67.6977185152919,66.8855493913104,66.08312144825786,65.29031790519227,64.5070233698314,63.733123865257745,62.96850673645099,62.213060717050595,61.46667584924074,60.72924349710286,60.00065634661561,59.28080831218741,58.56959465682891,57.866911845275546,57.172657584044984,56.48673083478964,55.80903174753421,55.13946166067566,54.477923114335695,53.82431982365583,53.1785566120348,52.54053950459614,51.91017560801571,51.28737315057908,50.67204146882913
50,519.71,525.47,474.36,504.14,404.12,449.52,383.97,357.57,398.21,364.42,396.81,356.12,372.81,347.24,382.51,358.84,361.66,317.24,395.06,277.7,347.98,322.94,298.12,300.7,327.8,336.46,304.26,309.47,318.32,273.39,300.36,284.53,289.22,307.38,267.73,288.44,267.93,284.88,258.77,260.62,257.9,255.18,252.46,249.76,247.06,244.38,241.7,239.04,236.38,233.74,231.11,228.49,225.89,223.3,220.72,218.16,215.61,213.09,210.57,208.08,205.6,203.14,200.71,198.3,195.92,193.58,191.25,188.96,186.69,184.46,182.24,180.06,177.9,175.77,173.66,171.58,169.52,167.49,165.48,163.49,161.53,159.59,157.68,155.79,153.92,152.08,150.25,148.45,146.6695761700245,144.91049401744414,143.17249807677717,141.45533609594412,139.7587582329172,138.0825182607461,136.42637249642416,134.79008033645516,133.17340404262657,131.57610867506372,129.9979621190081,128.43873504464983,126.89820082679267,125.37613561179982,123.87231815692385,122.38652992403088,120.91855493231975,119.46817982526778,118.03519376351744,116.61938847843304,115.22055812481976,113.8384993746479,112.47301130993951,111.12389542276827,109.79095554831383,108.47399791841826,107.17283105447285,105.88726575402873,104.61711510418625,103.36219442803818,102.12232123111296,100.89731524154233,99.68699830294784,98.49119440121923,97.30972966451445,96.14243225614622,94.98913241474956,93.84966241411429,92.72385650962828,91.61155097844505,90.51258403914863,89.42679583836444,88.35402843737008,87.29412579870619,86.24693374600886,85.21229995062059,84.19007390481173,83.18010689500228,82.18225201515105,81.1963640730314,80.22229967056629,79.25991705654731,78.3090762471374,77.36963889197888,76.4414683143612,75.52442944427492,74.61838888535758,73.72321478100203,72.83877688130225,71.96494650288585,71.1015964887465,70.24860119485477,69.40583650354738,68.57317978335952,67.75050984885748,66.93770700080609,66.1346529190553,65.34123076965363,64.55732505756725,63.78282170701498,63.01760799452243,62.261572548922,61.51460533796376,60.77659764153697,60.047442038281055,59.32703239219631,58.61526386603312,57.91203284095694,57.21723695671574,56.53077507147256,55.852547288583814,55.182454849485886
51,519.99,522.59,419.71,387.77,385.26,433.75,506.22,454.0,429.68,426.11,400.19,436.65,356.43,444.8,367.57,400.03,404.03,378.28,353.74,367.31,381.48,372.01,362.55,342.03,315.17,327.86,344.42,326.25,299.51,300.82,335.26,325.8,324.12,303.68,326.67,326.81,286.41,321.42,280.11,282.05,279.04,276.04,273.05,270.07,267.11,264.17,261.24,258.32,255.42,252.53,249.66,246.81,243.98,241.16,238.37,235.59,232.83,230.09,227.37,224.67,221.99,219.34,216.71,214.11,211.54,209.01,206.5,204.02,201.58,199.16,196.77,194.41,192.08,189.78,187.5,185.26,183.03,180.84,178.67,176.53,174.41,172.32,170.25,168.21,166.19,164.2,162.23,160.29,158.36766601853788,156.4683726660573,154.59184418681355,152.73780801606384,150.9059947800672,149.09613856200136,147.30797637012918,145.5412485366736,143.7956983189428,142.0710721652468,140.36711958193894,138.68359286749933,137.0202476443683,135.37684206119602,133.75313732467612,132.1488975399955,130.5638896310595,128.9978832607167,127.45065081746304,125.92196746862534,124.41161105399439,122.91936204593765,121.44500354939898,119.98832130189885,118.5491035405759,117.12714108196185,115.72222722891075,114.33415775730317,112.96273086286264,111.60774718774752,110.26900975407176,108.94632391072139,107.63949735994645,106.3483401174733,105.07266443272951,103.81228481543576,102.56701802230982,101.33668296399574,100.12110074495132,98.92009458367315,97.7334898392882,96.5611139317788,95.40279638187025,94.25836873125562,93.12766452929999,92.0105193197447,90.90677062741126,89.81625793161,88.73882258636472,87.6743078735962,86.62255897653057,85.58342288662826,84.55674845676751,83.54238632146925,82.54018892348886,81.55001047392845,80.57170692564546,79.60513593336492,78.65015690686289,77.70663086471224,76.77442058053683,75.85339038357392,74.94340627833681,74.0443358648397,73.15604832530184,72.27841439755596,71.411306388344,70.5545981201338,69.70816493111907,68.87188363533194,68.0456325492345,67.2292914385356,66.42274149159901,65.62586533273942,64.83854699563062,64.06067191000977,63.2921268351981,62.53279995317183,61.78258072230796,61.04135997045511,60.30902980186265,59.58548363706822
52,547.77,626.96,594.26,617.82,540.93,519.67,477.33,405.77,444.41,491.84,420.71,494.38,490.41,501.11,439.41,459.77,434.24,417.52,437.09,428.51,402.59,382.07,405.41,380.78,386.69,397.15,322.29,358.7,343.19,360.35,316.87,310.64,333.92,302.59,283.07,306.0,360.21,356.68,301.88,303.81,300.4,297.02,293.66,290.33,287.03,283.75,280.5,277.27,274.07,270.9,267.75,264.63,261.54,258.48,255.44,252.42,249.44,246.48,243.55,240.65,237.77,234.93,232.11,229.33,226.58,223.86,221.18,218.53,215.91,213.32,210.76,208.23,205.74,203.27,200.83,198.43,196.05,193.7,191.37,189.08,186.81,184.57,182.36,180.17,178.01,175.88,173.77,171.68,169.62117709437513,167.58702805382694,165.57725766323838,163.59157410678048,161.6296892293965,159.69131788309238,157.7761788421298,155.88399388783333,154.0144882008157,152.16739023023618,150.34243182454233,148.53934796998647,146.7578765291416,144.99775889461108,143.25873946606092,141.54056551947806,139.84298733791218,138.1657586037013,136.50863535253694,134.87137688865698,133.2537453926203,131.65550592130663,130.07642596339426,128.51627627610802,126.97483008769373,125.45186338505057,123.94715484835999,122.46048578571472,120.99164013311892,119.54040440219138,118.10656768016548,116.68992152529569,115.2902600453028,113.90737977970615,112.5410796867494,111.19116116954912,109.85742797150101,108.5396862024285,107.23774427321167,105.95141290886156,104.68050508314911,103.42483600553113,102.18422310807598,100.95848599316692,99.74744642042776,98.55092830672314,97.36875764771317,96.20076253092769,95.04677309654373,93.90662152431139,92.78014200740529,91.66717070012803,90.56754574405835,89.4811071896062,88.40769702216112,87.34715912286941,86.29933922941191,85.26408490985544,84.24124560187543,83.23067248201397,82.23221858334762,81.24573862552282,80.27108911934958,79.30812826220784,78.35671596419591,77.41671382198201,76.4879850534335,75.57039454991352,74.6638087978358,73.76809590481322,72.88312553428673,72.00876893167379,71.14489884592322,70.29138960796035,69.44811699994513,68.61495832064305,67.7917923200543,66.978499225562,66.1749606765614,65.38105973753396,64.59668087189908,63.821709928939846
53,677.25,656.26,650.79,508.62,558.08,544.3,529.66,514.1,509.85,524.49,466.42,438.94,519.89,456.45,478.59,463.97,500.35,391.33,373.93,385.49,349.66,457.98,370.83,429.55,362.32,383.87,385.73,362.78,403.98,317.08,463.93,405.37,300.9,307.38,393.6,330.87,334.68,353.86,325.42,327.29,323.42,319.6,315.82,312.08,308.38,304.72,301.11,297.53,293.99,290.5,287.04,283.62,280.24,276.9,273.59,270.32,267.09,263.9,260.74,257.62,254.53,251.48,248.47,245.49,242.55,239.64,236.77,233.93,231.12,228.35,225.61,222.91,220.24,217.6,214.99,212.41,209.86,207.35,204.86,202.4,199.98,197.58,195.21,192.87,190.56,188.27,186.01,183.78,181.57620268168745,179.39881367152856,177.24751699020334,175.12200037579564,173.0219551556067,170.94707675890052,168.89706394778588,166.87161894540267,164.87044782048082,162.89325997459505,160.9397685267239,159.00968967231788,157.1027430678586,155.2186520872316,153.35714279623528,151.5179452344446,149.70079200516116,147.9054191727178,146.13156626247832,144.3789753635333,142.64739202600438,140.93656474829902,139.246244848924,137.57618685104455,135.92614822611168,134.29588926567575,132.6851728250139,131.0937652204343,129.52143507559927,127.96795393681954,126.43309604231891,124.91663838632745,123.41836057807649,121.93804489307317,120.47547618336993,119.03044190320198,117.6027320192566,116.19213902349196,114.79845788186249,113.4214860215004,112.0610232922595,110.71687191544093,109.38883649661172,108.07672398714874,106.78034362014571,105.49950693605051,104.2340277185718,102.98372195622322,101.74840789359799,100.52790589036388,99.32203848535637,98.13063034530417,96.95350822637316,95.79050093571074,94.64143936990153,93.50615642523704,92.38448698489695,91.27626793176785,90.18133809716858,89.09953822239444,88.03071098435444,86.97470090584076,85.93135439398482,84.90051970180124,83.88204688973194,82.87578778719039,81.88159603101734,80.89932700138773,79.92883779617341,78.96998725658042,78.0226358645999,77.0866458071013,76.16188092455776,75.24820665977165,74.34549008351182,73.45359985605772,72.5724062143807,71.70178095932542,70.84159737869808,69.99173033699681,69.15205616004393,68.32245267344197
54,692.94,718.44,687.32,739.94,640.38,608.73,630.92,595.57,612.06,567.19,523.84,553.75,522.65,566.68,489.67,550.09,501.86,485.03,452.49,444.78,462.58,449.38,406.55,403.4,453.46,417.23,476.17,409.7,441.24,452.9,380.38,354.44,393.77,317.04,360.14,342.61,385.89,415.41,352.46,354.22,349.79,345.42,341.12,336.88,332.7,328.59,324.53,320.54,316.6,312.71,308.89,305.11,301.39,297.73,294.11,290.55,287.03,283.57,280.15,276.78,273.45,270.17,266.93,263.73,260.57,257.44,254.36,251.31,248.3,245.32,242.38,239.47,236.6,233.77,230.96,228.19,225.46,222.75,220.08,217.45,214.84,212.26,209.72,207.2,204.72,202.26,199.84,197.44,195.07255864310522,192.73348278122853,190.42243301882579,188.1390741100577,185.88307470729237,183.65410748685392,181.4518490232739,179.27597978929143,177.126183778607,175.00214938612316,172.90356802470947,170.83013513119155,168.78154991485383,166.75751485444505,164.75773620117275,162.78192360145738,160.82979022268097,158.90105262743845,156.9954307735377,155.11264801399955,153.25243097130902,151.41450941166693,149.59861649648698,147.80448853089854,146.0318649637466,144.28048826184335,142.55010416146507,140.84046116535802,139.15131117148127,137.48240859276646,135.83351098586093,134.2043790511276,132.59477587815346,131.00446757449242,129.43322339141412,127.8808147179148,126.34701608670645,124.83160474667133,123.3343603484905,121.85506534703943,120.39350478761529,118.94946624306262,117.52273986407282,116.11311829116012,114.72039665466158,113.34437249928786,111.9848458469976,110.64161905867385,109.31449688442365,108.00328641327842,106.7077970354695,105.42784040470352,104.16323045073722,102.91378331650319,101.67931733296017,100.45965304424267,99.2546130944873,98.06402227813219,96.88770747704265,95.72549762278668,94.57722374693424,93.44271884273395,92.3218179405622,91.21435801989904,90.12017804705285,89.03911887456141,87.97102326634162,86.91573589768954,85.87310327983117,84.84297374734756,83.82519748332466,82.81962644390396,81.8261143457078,80.84451667841411,79.87469065445708,78.91649519645212,77.96979089947149,77.03444005619384,76.11030659402998,75.19725604997318,74.29515559574881,73.40387398751497
55,736.62,757.04,773.6,708.51,701.81,697.45,619.48,670.15,702.29,513.78,622.03,553.35,528.24,582.97,506.06,548.4,552.65,579.46,588.28,534.35,556.66,484.45,469.42,512.47,490.02,433.22,459.83,423.53,402.06,425.13,425.99,395.06,453.32,409.73,446.18,440.7,369.99,376.94,385.65,387.57,382.71,377.93,373.22,368.58,364.0,359.5,355.05,350.68,346.36,342.11,337.92,333.79,329.72,325.71,321.75,317.85,314.01,310.21,306.47,302.79,299.15,295.56,292.01,288.51,285.06,281.64,278.26,274.93,271.63,268.38,265.16,261.98,258.84,255.74,252.67,249.64,246.65,243.69,240.77,237.88,235.03,232.21,229.43,226.68,223.96,221.28,218.62,216.0,213.41021113988265,210.8514471795072,208.32333679475565,205.82551354241346,203.35761523441266,200.91928368752917,198.5101654742911,196.12991104691898,193.77817511277993,191.4546165092364,189.15889820364598,186.89068716821026,184.6496541296719,182.43547406992016,180.24782572538544,178.08639146188793,175.95085765009168,173.84091454035322,171.75625563696477,169.6965785742138,167.66158424032335,165.65097740320903,163.66446595957072,161.70176168580082,159.76257961222734,157.84663814826536,155.95365920756825,154.08336783257383,152.2354924448067,150.40976471972732,148.60591958673172,146.8236949788488,145.06283208304322,143.32307521506377,141.60417169429226,139.90587184374334,138.2279288649132,136.5700990880824,134.9321415968615,133.3138186036455,131.7148949490081,130.1351382268532,128.57431903471752,127.03221047316536,125.5085886463938,124.00323193635492,122.51592175366397,121.0464418993274,119.594578852591,118.16012160824307,116.74286167661454,115.34259309609403,113.9591123330067,112.59221831915976,111.24171233920622,109.90739811825075,108.58908168418336,107.28657139270943,105.9996779023197,104.72821413674463,103.47199522237885,102.23083855085682,101.00456366641653,99.79299226589963,98.59594818623614,97.41325739192942,96.24474789996535,95.09024980484251,93.94959520348145,92.82261825780036,91.70915504453336,90.6090436678668,89.52212412177278,88.44823832755444,87.38723010881581,86.33894515391634,85.30323097842547,84.27993696266812,83.26891423908837,82.27001576734034,81.28309624668216,80.30801211597607
56,880.25,842.86,955.35,937.68,763.91,730.1,735.24,697.67,697.46,688.49,726.44,694.78,649.73,731.28,596.11,616.55,615.68,547.94,578.1,475.19,538.44,548.78,578.09,557.39,527.41,503.69,550.77,524.7,445.23,494.03,475.56,477.9,508.0,449.62,444.39,423.84,481.76,461.31,420.85,423.11,417.96,412.87,407.86,402.91,398.02,393.19,388.43,383.73,379.09,374.51,369.99,365.52,361.12,356.77,352.47,348.23,344.04,339.91,335.83,331.8,327.82,323.89,320.0,316.17,312.38,308.64,304.94,301.28,297.67,294.1,290.58,287.1,283.65,280.25,276.89,273.58,270.3,267.06,263.85,260.69,257.57,254.48,251.43,248.41,245.44,242.49,239.59,236.71,233.87214426834683,231.06827944844886,228.2979989961128,225.56090123220326,222.85658971687792,220.1846721268818,217.54476137825313,214.9364745036174,212.3594334006581,209.81326445788127,207.29759842987042,204.8120705620319,202.3563202163593,199.92999124566893,197.5327318688546,195.16419442139758,192.82403498113132,190.51191436620206,188.22749701236313,185.97045159670037,183.74045053865177,181.5371702494977,179.36029100761584,177.2094970832261,175.08447611466545,172.98491985685826,170.91052343284576,168.8609859575118,166.83600978911176,164.83530090350845,162.85856901891674,160.90552722166842,158.97589171672226,157.06938257613413,155.18572286584177,153.32463914464495,151.48586108997023,149.66912162261607,147.87415715624303,146.10070684890323,144.34851310202072,142.61732143564635,140.9068804884578,139.21694189301454,137.54725990152252,135.89759213430472,134.2676990808208,132.65734360068674,131.0662920463806,129.494313265282,127.94117859967184,126.40666263520305,124.89054220293986,123.39259717772626,121.91260979208812,120.45036499799394,119.00565029221166,117.57825571630872,116.16797381922856,114.77459961986708,113.39793063202154,112.03776672717125,110.69391020932429,109.36616574017069,108.05434031413336,106.75824323341902,105.47768608306926,104.212482693537,102.96244914068642,101.72740367094602,100.50716672625754,99.30156090665257,98.11041089540534,96.93354350893082,95.77078760946328,94.62197413000511,93.48693602442891,92.36550821757945,91.25752764269716,90.16283315409659,89.08126556458996,88.01266757064009
57,929.43,1005.48,925.47,856.61,884.41,895.2,959.63,891.74,802.56,910.57,777.62,779.17,714.61,736.56,721.7,762.63,753.26,679.45,623.36,723.39,707.22,624.65,569.78,586.2,654.55,586.57,546.54,543.37,519.85,494.42,542.53,442.49,491.11,548.61,480.17,508.39,476.39,473.36,459.42,461.97,456.44,450.97,445.57,440.23,434.96,429.75,424.6,419.52,414.49,409.52,404.62,399.77,394.98,390.25,385.57,380.95,376.39,371.88,367.42,363.02,358.67,354.37,350.13,345.93,341.79,337.69,333.64,329.64,325.69,321.79,317.93,314.12,310.36,306.64,302.96,299.33,295.74,292.2,288.7,285.24,281.82,278.44,275.1,271.81,268.55,265.33,262.15,259.0,255.89520212302776,252.82758543525378,249.79670552959692,246.802123591347,243.84340552824054,240.92012284038492,238.0318518746091,235.17817407301342,232.35867584869462,229.57294883429566,226.82058901208143,224.10119758386313,221.41438022534857,218.7597475832421,216.1369146538701,213.54550140455507,210.98513190369178,208.4554348178467,205.9560435360328,203.48659554833526,201.04673269446099,198.63610091518905,196.25435087374507,193.90113683732704,191.5761175470299,189.2789557207456,187.00931817743825,184.76687534004424,182.55130210539681,180.36227685002683,178.199482051537,176.0626037915026,173.95133187974616,171.86535997861253,169.80438523014394,167.7681086289049,165.75623452488264,163.76847087203663,161.8045291040239,159.86412413419902,157.94697423133908,156.0528011439188,154.1813296030106,152.33228806793434,150.5054079806077,148.7004240140961,146.9170740726125,145.15509929151764,143.41424354022035,141.69425404355195,139.9948810089417,138.3158777506915,136.6570000686017,135.01800724216986,133.39866103639199,131.7987263231368,130.21797045977115,128.6561639105348,127.11307987371542,125.58849390882408,124.08218455796961,122.59393299788908,121.12352295295513,119.6707407200311,118.23537518089844,116.81721772769185,115.41606226289917,114.03170512479656,112.66394511230337,111.31258343527217,109.9774236523515,108.65827168341303,107.35493577226937,106.06722644939146,104.7949565319086,103.53794104904351,102.29599726696728,101.06894460180698,99.85660465692811,98.65880117322463,97.47535997940902,96.30610900443972
58,1065.17,1043.46,948.28,1035.24,1125.79,960.94,929.56,887.11,1035.03,849.64,824.9,842.6,828.61,679.59,779.07,750.97,680.18,692.69,764.78,696.39,703.37,626.93,668.11,599.93,577.04,590.24,538.94,614.45,578.9,539.98,505.07,613.1,453.22,558.15,506.58,519.4,549.06,493.49,496.59,498.52,491.76,485.14,478.64,472.28,466.04,459.91,453.91,448.02,442.24,436.57,431.01,425.55,420.19,414.93,409.77,404.69,399.71,394.81,390.0,385.27,380.62,376.05,371.54,367.08,362.69,358.34,354.05,349.8,345.61,341.47,337.38,333.34,329.34,325.39,321.49,317.64,313.84,310.07,306.36,302.69,299.06,295.47,291.93,288.43,284.98,281.56,278.19,274.85,271.5555372165408,268.30051903655493,265.08447406983987,261.90693668216613,258.76744699527717,255.66555016739272,252.60079711270558,249.57274414163317,246.58095248115308,243.62498887438377,240.70442510091993,237.81883809674878,234.96780983433388,232.15092720269888,229.36778200742793,226.6179710905813,223.90109573111525,221.21676248429443,218.5645819825311,215.9441698947139,213.35514656645935,210.79713642053173,208.2697686763392,205.77267699018594,203.30549933535568,200.86787776227985,198.45945899811775,196.0798936073441,193.72883647141327,191.40594678875945,189.1108874752159,186.8433257635957,184.60293248419498,182.38938278428967,180.20235552855482,178.04153341898086,175.90660275504118,173.79725403327302,171.7131808680321,169.65408095082176,167.61965557062842,165.60960925417328,163.62365036549295,161.66149074619085,159.72284535568912,157.80743299072546,155.91497532602375,154.04519787362335,152.19782914346607,150.3726007633126,148.56924783849044,146.78750847222977,145.0271240054956,143.28783865723932,141.56940000406323,139.87155838064012,138.19406711954525,136.5366827910887,134.89916448381874,133.28127452401844,131.68277763629288,130.1034419028981,128.5430376844961,127.00133833965141,125.47811986508289,123.97316101557976,122.48624318408551,121.0171501618657,119.56566859418916,118.13158752464676,116.71469856303402,115.3147958134014,113.93167583807946,112.56513760971248,111.21498254723319,109.88101438395515,108.56303926350562,107.2608656079178,105.97430412962244,104.7031678194563,103.44727191068725,102.20643380706464
59,1063.66,1072.76,1117.41,1201.73,1171.2,1101.14,1058.43,1047.31,1020.29,1073.7,984.4,883.92,901.54,883.24,746.52,862.27,797.3,792.49,773.78,736.13,772.77,705.96,798.53,679.91,639.9,682.25,597.37,671.37,650.2,577.78,591.57,534.32,589.45,545.77,557.42,569.5,577.35,614.13,536.39,537.63,529.55,521.67,514.0,506.53,499.24,492.14,485.22,478.47,471.89,465.47,459.21,453.1,447.13,441.31,435.62,430.06,424.63,419.33,414.14,409.06,404.08,399.21,394.42,389.7,385.03,380.41,375.86,371.35,366.9,362.51,358.16,353.87,349.63,345.44,341.3,337.21,333.17,329.18,325.23,321.34,317.48,313.68,309.92,306.21,302.54,298.91,295.33,291.79,288.29287614008564,284.8376140334739,281.4237136569509,278.05068113322795,274.7180283830592,271.42527324120266,268.17193899257643,264.9575550680241,261.78165600066694,258.64378200570815,255.54347898043298,252.48029804036517,249.453795635228,246.4635335489439,243.50907866771328,240.59000309597488,237.70588415640614,234.8563041580012,232.04085004818867,229.25911422455718,226.51069349120812,223.7951897545204,221.1122095593074,218.46136397285568,215.84226893280797,213.25454478331946,210.6978165069796,208.17171349289046,205.67586965262748,203.20992307235696,200.7735162447577,198.36629595306024,195.98791303912512,193.63802286728622,191.31628451262495,189.0223612248135,186.7559204281148,184.51663325753938,182.30417513864936,180.1182248598717,177.95846550018507,175.8245837333547,173.7162699438933,171.63321811110004,169.57512615694327,167.5416953662561,165.53263073461918,163.54764062047795,161.58643697706435,159.64873512047527,157.73425384563325,155.84271531032564,153.97384480328296,152.12737120802228,150.30302630708212,148.50054536182657,146.7196666486022,144.96013157469852,143.2216846783483,141.50407351276652,139.8070486461505,138.13036366167967,136.47377504155506,134.8370422829599,133.21992755017715,131.62219602247197,130.04361566217017,128.4839570986972,126.94299386049997,125.42050202716422,123.91626046133624,122.43005057680118,120.96165657040476,119.51086484224894,118.07746492337884,116.66124831617418,115.26200931767124,113.87954459050783,112.51365323249976,111.16413675344862,109.83079904035361,108.5134463110271
60,1215.71,1291.63,1177.34,1227.54,1227.38,1177.79,1110.99,1189.99,1221.77,1035.4,1014.37,1150.95,1085.64,921.93,1038.16,968.49,846.98,795.66,814.79,898.16,961.87,943.4,829.7,832.02,757.03,755.22,696.92,749.67,724.41,704.85,687.18,662.14,627.64,654.75,583.26,642.38,615.55,654.84,579.55,580.9,572.17,563.66,555.38,547.3,539.43,531.76,524.29,517.0,509.89,502.95,496.18,489.58,483.13,476.84,470.7,464.7,458.83,453.1,447.49,442.0,436.63,431.37,426.19,421.08,416.04,411.06,406.13,401.27,396.46,391.71,387.02,382.38,377.8,373.27,368.8,364.38,360.02,355.7,351.44,347.23,343.07,338.96,334.89,330.88,326.92,323.0,319.13,315.3,311.5215506816913,307.7883201118529,304.09976843418485,300.4553623201365,296.8545749689059,293.296885534831,289.78177958547667,286.3087486435473,282.8772904159306,279.486908450132,276.1371122487962,272.8274171551856,269.55734423865835,266.3264201801463,263.1341776157207,259.980154334939,256.86389373893246,253.7849449549279,250.74286192007253,247.73720452665304,244.7675372478328,241.83343016834877,238.93445852642404,236.07020214115838,233.24024644322506,230.44418144417406,227.68160196547586,224.9521078675648,222.25530370627388,219.59079873283451,216.95820677935467,214.35714637334073,211.78724050865372,209.24811687455312,206.73940728308722,204.26074824170286,201.81178015159196,199.39214833838858,197.00150167790622,194.63949374135672,192.30578199369708,190.00002790815128,187.72189730977587,185.47105957380683,183.24718854183476,181.0499613765857,178.8790594780966,176.73416791110543,174.6149756340954,172.52117492668512,170.45246230580412,168.4085373804734,166.38910376798103,164.3938682922287,162.42254144181922,160.47483725553488,158.55047274972753,156.64916894901611,154.77064974106736,152.91464244920545,151.08087760336804,149.26908916915028,147.4790139751952,145.71039205675922,143.96296688475633,142.2364845641045,140.53069440633521,138.8453487005498,137.18020282794114,135.5350149182281,133.90954596417737,132.30356005064732,130.71682366745645,129.14910662555883,127.60018102634673,126.06982194878219,124.55780710583126,123.06391684446402,121.5879340311326,120.129644395337,118.68883584249356,117.26529925558839
61,1354.51,1316.32,1256.92,1278.12,1296.11,1286.34,1304.36,1212.43,1337.32,1256.94,1275.89,1079.18,1094.38,1157.85,1034.5,873.72,1055.48,921.51,1050.77,905.71,950.68,909.89,944.91,835.27,890.75,788.54,803.97,716.0,827.19,784.15,718.17,759.23,709.46,667.17,640.18,653.69,659.26,718.47,632.65,634.05,624.52,615.24,606.2,597.39,588.8,580.43,572.27,564.32,556.56,548.99,541.6,534.4,527.36,520.49,513.79,507.24,500.84,494.58,488.46,482.47,476.61,470.86,465.21,459.64,454.14,448.7,443.32,438.01,432.77,427.58,422.46,417.4,412.4,407.46,402.58,397.76,392.99,388.28,383.63,379.03,374.49,370.01,365.57,361.19,356.86,352.59,348.36,344.19,340.06586258461914,335.99106836944037,331.9650288822543,327.98716228861656,324.05689396406916,320.1736559219191,316.33688692768277,312.5460326135301,308.8005447916192,305.0998820263174,301.44350951975747,297.83089842517154,294.2615263046685,290.73487712923406,287.2504407065093,283.8077130241234,280.4061961352498,277.0453979297171,273.72483213400983,270.44401819682344,267.20248151795334,263.9997529905176,260.8353688865131,257.70887120014805,254.6198075333974,251.56773040933817,248.5521981877027,245.57277426376933,242.62902695391816,239.72053006785194,236.8468624508196,234.0076078691717,231.2023548959162,228.43069736849546,225.69223370212103,222.98656711866184,220.3133055322,217.67206166347526,215.0624528109963,212.48410062215243,209.9366315509904,207.4196762859934,204.93287009341358,202.47585235949526,200.04826693380753,197.64976190035586,195.27998946313784,192.93860594614324,190.6252720222424,188.33965202652078,186.08141464294457,183.8502322176951,181.6457812169458,179.4677417690855,177.31579812249495,175.18963795888186,173.08895296550168,171.01343814849247,168.96279251954024,166.93671852365776,164.93492215362878,162.9571128355638,161.00300365778864,159.07231091306733,157.1647545563792,155.28005751825347,153.41794627699028,151.57815074421663,149.76040357822083,147.96444098506237,146.19000214635045,144.43682967702108,142.70466882422755,140.99326803956137,139.30237897905246,137.63175593094783,135.98115650237713,134.35034081824298,132.73907197899777,131.14711617508814,129.57424200028936,128.02022113837083
62,1433.2,1359.15,1462.36,1408.46,1426.44,1443.79,1328.76,1551.61,1295.4,1348.3,1305.96,1207.0,1178.43,1210.06,1098.73,1149.67,1138.13,1177.92,1083.52,1042.47,947.79,990.24,1156.2,895.47,877.83,897.34,893.09,867.69,798.52,834.48,741.71,714.57,758.14,723.33,722.63,760.69,731.32,746.09,692.15,693.52,683.03,672.89,663.0,653.36,643.97,634.82,625.9,617.2,608.71,600.44,592.36,584.48,576.79,569.28,561.95,554.78,547.78,540.94,534.25,527.7,521.29,515.01,508.83,502.74,496.72,490.77,484.89,479.08,473.35,467.68,462.07,456.54,451.07,445.67,440.33,435.06,429.85,424.7,419.61,414.58,409.62,404.71,399.86,395.07,390.34,385.66,381.04,376.47,371.9596903103643,367.5033298170717,363.1002750466013,358.7498904426349,354.4515480218311,350.2046270295984,346.0085141695801,341.86260360365384,337.76629637822134,333.7190007684348,329.7201321634544,325.7691126074806,321.86537137346403,318.00834427465315,314.19747366459455,310.4322090108429,306.7120057475405,303.0363261933537,299.40463886302075,295.8164185820935,292.2711463721955,288.76830968050615,285.3074016913085,281.887921899699,278.5093754231358,275.1712736898906,271.87313352111244,268.61447770453793,265.39483465026495,262.21373839075284,259.0707284660802,255.96534980920285,252.89715309018004,249.86569402772207,246.8705336186744,243.9112381380175,240.98737902412512,238.09853299350613,235.24428146709408,232.42421114395788,229.6379134275911,226.88498477013837,224.16502621342707,221.47764373319356,218.8224478948569,216.19905385351893,213.6070816981904,211.04615553385452,208.51590416991922,206.01596100547536,203.54596357032798,201.105553754481,198.69437780813684,196.31208611221237,193.95833317833893,191.63277787834656,189.3350828705534,187.06491494399225,184.82194490366814,182.60584722633243,180.41630074893502,178.25298775068785,176.1155942972912,174.0038104704177,171.91732967925995,169.85584946372506,167.81907057649804,165.80669744201015,163.81843815643876,161.85400402873918,159.913110039613,157.99547449728175,156.10081903748687,154.22886873823197,152.3793517755565,150.55199965301975,148.7465472017013,146.9627322359742,145.20029578298963,143.4589818531924,141.7385377845475,140.0387136688294
63,1680.93,1525.5,1540.76,1686.03,1539.02,1573.01,1561.24,1453.23,1654.57,1545.13,1404.66,1378.93,1484.98,1223.14,1304.22,1238.9,1206.16,1100.55,1145.36,1068.8,1014.59,1014.04,944.23,926.05,904.56,1065.78,1036.47,978.58,864.93,867.87,893.85,871.63,778.04,797.43,815.9,847.22,941.63,864.76,759.62,760.95,749.27,738.07,727.23,716.66,706.37,696.33,686.54,677.0,667.7,658.62,649.77,641.12,632.69,624.45,616.41,608.55,600.88,593.37,586.03,578.85,571.82,564.93,558.16,551.47,544.87,538.35,531.9,525.53,519.24,513.02,506.88,500.81,494.81,488.88,483.03,477.24,471.53,465.88,460.3,454.79,449.34,443.96,438.64,433.39,428.2,423.07,418.0,412.99,408.04288955133296,403.1549355416434,398.3254328975819,393.5536850879448,388.8390040082404,384.18070928808186,379.5781288683598,375.03059853950424,370.53746205691925,366.09807102554845,361.7117843227031,357.3779689061028,353.0959990058347,348.86525635522224,344.6851297290878,340.5550155209243,336.4743171657236,332.4424451399762,328.4588168462369,324.52285672855936,320.6339959261927,316.7916723890159,312.99533076210355,309.24442238572584,305.5384048336107,301.8767423746817,298.2589053958859,294.6843708639314,291.1526217481154,287.6631472511932,284.21544269394326,280.80900905343026,277.44335377104534,274.11798959816235,270.83243563504766,267.5862161765155,264.37886151996963,261.20990738823053,258.0788951604047,254.98537141014697,251.9288882519634,248.90900334121181,245.92527929692926,242.97728404813546,240.06459060296413,237.18677716409712,234.34342689789574,231.53412793440074,228.75847325189795,226.01606067691816,223.30649299967166,220.62937751231055,217.98432647066642,215.37095628620926,212.78888833408874,210.2377483759619,207.71716655999307,205.22677765172287,202.76622057233058,200.3351385140684,197.93317917113043,195.5599940470461,193.21523926272104,190.89857463296195,188.6096641282141,186.34817610543004,184.11378226916028,181.90615859502827,179.7249848679928,177.56994468234808,175.44072544172369,173.3370181282158,171.25851764869034,169.2049223730455,167.17593436508034,165.17125903619174,163.19060560711193,161.2336866461709,159.30021806929653,157.38991925544866,155.50251293118507,153.63772505522678
64,1770.29,1763.78,1642.73,1746.16,1727.06,1578.36,1735.41,1649.86,1630.82,1652.8,1542.32,1394.85,1440.45,1552.95,1466.04,1470.41,1301.97,1381.57,1232.77,1162.3,1148.1,1220.17,1316.49,1133.99,1199.04,1184.15,1109.23,1036.22,1000.68,1026.84,906.98,890.21,930.89,916.7,856.69,957.51,835.43,900.76,833.79,835.14,822.15,809.69,797.73,786.14,774.85,763.84,753.11,742.64,732.44,722.48,712.77,703.3,694.04,685.01,676.19,667.58,659.16,650.93,642.88,635.0,627.29,619.73,612.3,604.97,597.73,590.57,583.5,576.52,569.62,562.8,556.06,549.4,542.82,536.32,529.9,523.56,517.29,511.09,504.97,498.92,492.95,487.05,481.21,475.45,469.76,464.13,458.57,453.08,447.65353659524465,442.2919406261419,436.99443964987097,431.76027039448275,426.58867852672665,421.4789186520498,416.4302541985108,411.44195730069214,406.5133086836137,401.64359766273213,396.8321217956806,392.07818723052935,387.3811078931766,382.74020629995806,378.1548126289506,373.624265300407,369.1479103963215,364.72510154434264,360.355200498208,356.03757609296156,351.77160505756245,347.5566712022761,343.39216588302224,339.2774874209398,335.21204145064814,331.1952405719858,327.22650446609754,323.3052595471737,319.4309390785367,315.6029831726415,311.8208383267271,308.0839580032521,304.39180170119846,300.7438357686803,297.1395323581613,293.5783705873244,290.05983514602786,286.58341699282767,283.1486134710638,279.75492761233886,276.4018682526048,273.0889502643369,269.81569409218616,266.5816263334137,263.38627857702124,260.2291884485339,257.1098989134782,254.0279583934692,250.98292053403642,247.9743445528848,245.0017947755468,242.06484063538232,239.16305678966583,236.29602300349922,233.46332403372483,230.6645492806646,227.89929348464207,225.16715602946013,222.4677408263142,219.80065689422733,217.16551766352808,214.56194120802454,211.98955024500424,209.44797190306045,206.93683783817886,204.45578376938985,202.00445029137722,199.58248182969538,197.18952733729145,194.8252398301569,192.489276271241,190.18129803479854,187.90097055812885,185.64796276114095,183.42194820722335,181.22260371020036,179.04961037911477,176.90265303779287,174.78142010875789,172.68560384540348,170.61490009981995,168.5690085549682
65,1879.57,1910.2,2163.67,1739.47,1822.05,1844.26,1790.83,1914.22,1912.98,1727.31,1734.74,1819.79,1716.45,1667.16,1532.92,1472.68,1519.08,1577.68,1427.76,1368.05,1351.11,1358.75,1356.87,1204.08,1362.54,1227.69,1289.7,1098.76,1194.74,1027.63,965.71,986.91,1042.51,900.16,970.76,942.85,987.78,1114.47,916.85,918.44,904.04,890.15,876.82,864.02,851.61,839.52,827.73,816.23,805.02,794.08,783.41,772.99,762.83,752.9,743.21,733.74,724.49,715.45,706.6,697.95,689.47,681.17,673.0,664.95,656.99,649.13,641.36,633.68,626.1,618.6,611.2,603.88,596.65,589.51,582.45,575.48,568.59,561.78,555.06,548.41,541.84,535.36,528.95,522.61,516.35,510.17,504.06,498.02,492.05636622890825,486.1639957828568,480.34204069772653,474.5896627037541,468.906034043128,463.29033606839505,457.74176029365555,452.25950757696694,446.8427881203441,441.49082170335794,436.20283709913826,430.9780723079725,425.8157743237071,420.7151989001484,415.67561090146086,410.69628371817015,405.7764991503633,400.9155477580872,396.11272851095055,391.3673484377249,386.6787228599437,382.0461753919029,377.4690374734623,372.9466483700459,368.4783555230405,364.0635137321989,359.7014856228383,355.39164141224114,351.13335867605616,346.9260223482983,342.7690248381486,338.6617655627556,334.60365106403566,330.5940951254716,326.63251830491555,322.7183480513879,318.8510185882782,315.0299710301443,311.2546530323142,307.524518557287,303.83902845873035,300.1976497806834,296.5998557575571,293.04512616453246,289.5329468503627,286.0628097373731,282.6342127046617,279.2466598216986,275.8996607643276,272.59273128196526,269.32539284720156,266.0971724222016,262.90760292590306,259.75622241642026,256.64257490864014,253.56620932302712,250.52668053681853,247.52354809923025,244.55637739945135,241.6247383818502,238.72820671396883,235.86636273532795,233.0387919246248,230.24508454933465,227.48483589930976,224.75764605318048,222.06311987835534,219.40086679742186,216.77050113854523,214.1716414346714,211.60391124112317,209.0669382012049,206.5603547469988,204.08379728176897,201.63690688075818,199.21932870719047,196.83071224587007,194.47071106958253,192.13898307269358,189.83519000395134,187.55899781688473,185.31007620260547
66,2078.07,2084.0,2078.3,1985.45,2065.83,2061.89,2087.87,1981.41,1895.01,1936.07,1918.29,1825.13,1899.95,1790.55,1858.37,1714.69,1740.44,1690.61,1626.01,1436.09,1359.12,1378.91,1474.66,1349.12,1429.3,1238.59,1244.99,1318.67,1110.31,1193.76,1147.69,1148.43,1205.49,1055.44,1130.75,1104.46,1122.72,1016.9,1006.85,1009.01,993.3,977.93,963.1,948.86,935.16,921.89,908.94,896.32,884.01,872.0,860.29,848.86,837.7,826.8,816.16,805.77,795.61,785.68,775.97,766.47,757.16,748.05,739.08,730.24,721.5,712.87,704.34,695.91,687.58,679.35,671.22,663.19,655.25,647.41,639.66,632.01,624.44,616.97,609.58,602.28,595.07,587.95,580.91,573.96,567.09,560.3,553.59,546.96,540.4116446787544,533.9415084413234,527.5486611539465,521.2321839273964,514.9911682970657,508.8247169257499,502.7319426666032,496.71196903166043,490.7639300747067,484.88696957136347,479.08024183900216,473.3429109168309,467.67415091728543,462.07314544037695,456.53908792508344,451.071181297958,445.6686379731289,440.33067950090816,435.0565366849218,429.84544946497914,424.69666679994265,419.609446316336,414.58305489399703,409.6167673776416,404.70986798242996,399.8616486541393,395.07141024046933,390.33846155399755,385.66211995783215,381.04171042856774,376.47656614193795,371.9660283556849,367.50944594103674,363.10617538270844,358.75558101316176,354.4570346612145,350.2099153006484,346.0136098701233,341.86751186760984,337.77102252169607,333.7235499716725,329.72450938466346,325.77332272136533,321.8694190874387,318.01223414785545,314.201210244029,310.4357966280762,306.7154487600328,303.0396287763769,299.40780490437544,295.8194521648675,292.27405131808996,288.77108968359045,285.31006043744486,281.8904628465179,278.51180215133274,275.1735894489407,271.8753416929206,268.6165814591183,265.39683706277697,262.2156425585371,259.0725372719143,255.96706626782142,252.89877976491593,249.86723372125275,246.87198901437003,243.9126117926812,240.98867347547468,238.0997506357835,235.24542476612416,232.42528239562702,229.63891485577543,226.8859185146667,224.16589454275106,221.47844856143985,218.823191345889,216.1997380050851,213.6077082161065,211.04672645838443,208.5164213109196,206.0164260379351,203.54637823748462
67,2157.92,2316.64,2299.69,2277.69,2182.0,2250.14,2127.9,2284.7,2218.38,2218.25,2035.52,2051.49,2056.34,1947.87,1930.87,1851.01,1791.75,1788.99,1700.03,1625.24,1621.8,1588.65,1690.44,1532.89,1436.69,1498.06,1465.43,1392.44,1286.33,1414.48,1369.12,1281.83,1110.88,1150.97,1222.25,1174.66,1093.48,1235.43,1109.13,1112.14,1095.26,1078.43,1061.96,1046.07,1030.79,1016.08,1001.82,987.92,974.35,961.12,948.21,935.62,923.32,911.32,899.59,888.14,876.95,866.01,855.31,844.84,834.58,824.54,814.66,804.91,795.29,785.77,776.37,767.09,757.91,748.84,739.88,731.03,722.28,713.64,705.1,696.66,688.33,680.09,671.95,663.91,655.96,648.11,640.36,632.69,625.12,617.64,610.24,602.94,595.7230817226366,588.5923293041984,581.5467189509312,574.585239096292,567.7068902833787,560.9106844595145,554.1956454465255,547.5608083528939,541.0052199264653,534.5279379666034,528.1280312066192,521.8045796664801,515.5566740649627,509.3834157020837,503.2839168118077,497.25729973906186,491.3026974100135,485.4192527442232,479.6061192424915,473.86245981116565,468.18744758512497,462.58026545750334,457.04010572698115,451.5661705680631,446.157671443231,440.81382898537476,435.53387311536153,430.31704304203583,425.16258667437285,420.0697610917558,415.03783195612914,410.06607374713735,405.153769409417,400.30021047016584,395.5046968040043,390.76653651540636,386.08504593869895,381.45954963806264,376.8893799372539,372.37387727231317,367.9123897212874,363.50427335693865,359.14889142375785,354.8456151609508,350.59382309702187,346.39290104977425,342.24224224387893,338.141246958167,334.0893227607682,330.0858840388336,326.13035235124374,322.2221560759001,318.36073017458716,314.5455164281107,310.77596331872843,307.0515259125806,303.3716656245516,299.73585010070065,296.1435538061079,292.59425684918176,289.0874460397826,285.6226139486681,282.19925937777066,278.81688688991983,275.47500704398135,272.17313627728754,268.9107966704987,265.6875160651726,262.50282782862536,259.3562709715015,256.2473899126345,253.1757343614781,250.1408599059526,247.14232671918222,244.17970061761935,241.25255270833622,238.36045868360918,235.50299987904245,232.67976221544436,229.89033678667386,227.1343191542245,224.4113102877793
68,2432.22,2532.32,2434.3,2308.44,2577.03,2395.2,2307.09,2357.74,2545.99,2444.52,2277.0,2197.05,2340.83,2263.58,2106.79,2255.69,1857.86,1888.12,1816.2,1941.22,1643.53,1646.24,1669.69,1680.78,1733.12,1646.37,1638.31,1450.55,1473.66,1525.33,1321.92,1373.82,1338.81,1205.61,1306.27,1201.81,1241.52,1314.97,1220.85,1224.91,1206.97,1188.88,1170.84,1153.2,1136.17,1119.78,1103.99,1088.67,1073.73,1059.16,1044.94,1031.06,1017.52,1004.29,991.38,978.76,966.43,954.38,942.59,931.06,919.76,908.69,897.81,887.07,876.47,865.99,855.63,845.4,835.29,825.3,815.43,805.67,796.04,786.51,777.1,767.81,758.62,749.55,740.58,731.72,722.96,714.31,705.77,697.32,688.98,680.73,672.58,664.54,656.5878119538426,648.7305193419696,640.9669961519348,633.2961293139639,625.7168189362753,618.227978305081,610.8285331786219,603.5174219048288,596.293595538983,589.1560173730735,582.1036627004764,575.1355189336143,568.2505857216183,561.4478741267025,554.7264069771462,548.0852183966516,541.5233543926466,535.0398715620182,528.6338380323969,522.3043328738542,516.0504458635808,509.8712776035477,503.7659391675236,497.73355245405776,491.773249245194,485.8841720300953,480.06547294609857,474.31631448467795,468.6358689031417,463.0233183422932,457.47785435578743,451.9986782631144,446.585000678955,441.23604163084246,435.9510304415019,430.7292053758677,425.5698137587447,420.4721118571471,415.43536464497777,410.45884592068813,405.54183807195756,400.6836317227109,395.88352620376145,391.14082884684694,386.45485569059315,381.8249301862472,377.2503842566231,372.7305577077986,368.2647979937939,363.85246045189297,359.49290794966146,355.1855108849469,350.92964730353907,346.7247024285278,342.57006889562376,338.4651464001772,334.40934205015895,330.4020695425368,326.44274986923887,322.5308108465111,318.6656871149174,314.8468196686967,311.073656679388,307.34565255454487,303.66226805539594,300.0229706498271,296.427234041739,292.87453805338595,289.3643687430372,285.89621840497625,282.4695852165194,279.083973473337,275.73889300114985,272.43385997935405,269.1683959997359,265.94202830179285,262.75429000805497,259.60471953578184,256.4928609499443,253.41826361024252,250.3804824064274,247.37907728765788
69,3099.61,2752.43,2657.54,2582.23,2741.86,2719.16,2783.02,2559.68,2782.92,2491.49,2531.44,2402.32,2556.44,2274.27,2264.22,2382.61,2306.18,2232.21,2192.01,2061.26,1985.63,2021.05,1885.27,1719.14,1676.41,1694.57,1902.3,1729.23,1595.88,1576.19,1555.19,1469.25,1409.35,1606.97,1438.8,1418.48,1466.33,1339.71,1348.12,1353.52,1334.51,1315.18,1295.7,1276.3,1257.33,1239.0,1221.35,1204.34,1187.82,1171.7,1155.98,1140.63,1125.66,1111.03,1096.75,1082.8,1069.16,1055.84,1042.8,1030.04,1017.55,1005.31,993.28,981.4,969.67,958.08,946.63,935.31,924.13,913.08,902.17,891.38,880.72,870.19,859.78,849.5,839.34,829.3,819.38,809.58,799.9,790.33,780.88,771.54,762.31,753.19,744.18,735.27,726.4740057351063,717.782914690752,709.1954835282962,700.7104834076428,692.3266998693664,684.0429325989641,675.8579954268542,667.7707160926287,659.779936009304,651.8845103811957,644.0833074966718,636.3752091996508,628.7591103002296,621.233918692558,613.7985551190899,606.45195281696,599.193057753733,592.0208281559062,584.934234508909,577.9322594392286,571.0138975965363,564.1781554179381,557.4240508922267,550.7506136777548,544.1568849845617,537.6419171028756,531.2047735209878,524.8445288073787,518.5602684928431,512.3510888347413,506.21609669912567,500.15440956073957,494.1651551493951,488.2474716857214,482.40050740966706,476.62342069837536,470.9153798304343,465.2755628680032,459.70315765681255,454.197361590415,448.75738161018546,443.38243373382386,438.0717436447269,432.82454598474163,427.64008447204037,422.51761178324557,417.45638931768195,412.4556873152503,407.514784620679,402.6329686835238,397.8095352045451,393.0437886072051,388.33504097679884,383.68261300344875,379.0858331569845,374.5440381584399,370.0565722728077,365.6227875447872,361.24204403453376,356.9137091104124,352.6371575668721,348.41177174232024,344.2369414012483,340.11206349848305,336.0365418255635,332.00978760011276,328.03121911221496,324.1002610171689,320.2163453963578,316.37891069637925,312.58740231841796,308.84127179312463,305.13997772361074,301.48298460670566,297.8697637759508,294.2997925764794,290.7725546007652,287.28753945287406,283.84424310208635,280.4421672935259,277.08081978390805,273.7597139879172
70,3006.04,3030.64,3156.96,2853.35,3183.77,2913.48,3036.53,2664.38,2801.67,2728.77,2702.05,2713.05,2839.73,2630.45,2728.49,2408.04,2368.43,2487.95,2320.74,2253.31,2100.12,2103.1,1830.8,2050.68,1784.47,1714.6,1972.85,1779.99,1803.48,1749.38,1664.65,1771.27,1785.14,1515.31,1619.46,1703.96,1610.85,1654.34,1499.23,1506.25,1486.11,1465.46,1444.48,1423.34,1402.31,1381.75,1361.87,1342.71,1324.23,1306.27,1288.75,1271.65,1254.96,1238.67,1222.75,1207.21,1192.01,1177.16,1162.63,1148.42,1134.5,1120.85,1107.44,1094.21,1081.14,1068.22,1055.46,1042.84,1030.38,1018.07,1005.9,993.88,982.0,970.26,958.66,947.2,935.88,924.69,913.64,902.71,891.92,881.25,870.71,860.3,850.01,839.85,829.8,819.88,810.075098241422,800.3870541345661,790.8144844902428,781.3560221393834,772.0103160517097,762.7760308610619,753.6518466280647,744.6364593147969,735.728579598116,726.9269337003309,718.2302624398619,709.6373213499077,701.1468809157807,692.7577255068993,684.4686539701247,676.2784795110947,668.1860286262145,660.1901421706652,652.289674290396,644.4834925407912,636.7704777680027,629.1495243462856,621.6195389913223,614.1794417095629,606.8281652048872,599.5646542852674,592.3878666934406,585.2967721575684,578.2903526285724,571.3676016867954,564.527525254008,557.7691407627345,551.091476918919,544.4935744139297,537.9744847378832,531.5332707729837,525.1690064375186,518.8807765671921,512.6676767964572,506.5288133211801,500.4633030173091,494.47027308487037,488.5488609293012,482.69821439878524,476.91749119091406,471.2058588526878,465.5624951365174,459.9865871695518,454.4773318096808,449.03393528953194,443.65561333513847,438.3415910472717,433.0911024267704,427.90339061187655,422.777707759567,417.7133150455543,412.70948195228056,407.7654868622555,402.88061682072197,398.05416694231684,393.28544112307776,388.57375109110154,383.9184171185502,379.31876707231,374.77413724466487,370.28387152262303,365.84732162525245,361.4638468663453,357.132814273086,352.8535984673834,348.6255810725327,344.44815166255654,340.32070645686133,336.24264926957795,332.2133906788887,328.2323485016977,324.29894731896036,320.4126184756838,316.57280031826156,312.778937601136,309.03048184280095,305.32689085113145
71,3146.83,3130.6,3097.54,2969.79,3387.73,3254.34,2992.85,3078.79,2886.02,2728.6,2880.89,2915.01,3014.68,2985.0,2929.39,2914.19,2696.38,2737.58,2879.44,2574.91,2193.08,2287.86,2391.02,2161.57,2203.86,2252.26,2038.68,2004.38,1918.15,2004.26,1835.47,1851.0,1852.83,1779.94,1784.71,1795.71,1644.88,1783.61,1665.7,1674.57,1653.29,1631.44,1609.03,1586.24,1563.31,1540.52,1518.24,1496.69,1475.9,1455.82,1436.3,1417.26,1398.67,1380.52,1362.79,1345.47,1328.55,1312.0,1295.82,1279.99,1264.48,1249.28,1234.34,1219.6,1205.04,1190.65,1176.43,1162.38,1148.49,1134.77,1121.22,1107.82,1094.59,1081.51,1068.59,1055.82,1043.2,1030.74,1018.42,1006.25,994.22,982.34,970.59,958.99,947.53,936.2,925.01,913.95,903.0242920729224,892.2287005105211,881.5616875569453,871.0217333178418,860.6073354031246,850.3170091651285,840.1492871032264,830.1027191019808,820.1758713594564,810.3673275779848,800.6756871780154,791.0995666079583,781.6375980343417,772.2884296990411,763.0507258002032,753.9231660159392,744.9044452661713,735.9932741889393,727.1883780687115,718.4884974317662,709.8923872126575,701.39881723052,693.0065714746095,684.7144484615335,676.5212604017138,668.4258339138469,660.4270088341374,652.5236390498346,644.7145916656957,636.9987471230628,629.3749990807862,621.8422540579938,614.3994314340925,607.0454635678431,599.7792948447485,592.5998825105897,585.5061959569658,578.4972164831412,571.5719375341978,564.7293645819599,557.968514410533,551.2884157116877,544.6881083703996,538.1666438220795,531.7230844571897,525.3565038593975,519.0659864483456,512.8506273605749,506.709532687678,500.64181864276304,494.646612274913,488.72305075472605,482.8702813743156,477.0874614282336,471.3737585707006,465.7283497439157,460.15042189251665,454.639171487273,449.19380476323965,443.8135368862203,438.49759254815035,433.2452057289441,428.05561910111123,422.92808450606327,417.86186283503724,412.8562233146356,407.91044410220945,403.02381180955206,398.1956215028988,393.4251765838505,388.71178867029687,384.05477747733966,379.4534710554461,374.90720519506567,370.41532342663004,365.97717737778316,361.5921260589211,357.2595363394988,352.9787823526468,348.74924585240143,344.57031573739766,340.44138840809956
72,3798.21,3667.25,3739.09,3409.85,3520.62,3626.39,3466.05,3325.35,3741.7,3384.34,3149.7,3279.48,3206.14,3114.33,3192.05,2937.88,3137.07,2802.96,3024.57,2761.07,2627.37,2679.67,2642.51,2343.32,2225.7,2334.77,2232.81,2239.13,2327.81,2261.84,1993.88,2098.52,2105.14,1939.82,2133.96,1889.4,1891.06,1989.94,1864.05,1875.35,1852.72,1829.45,1805.54,1781.02,1756.08,1731.01,1706.11,1681.78,1658.22,1635.47,1613.49,1592.11,1571.24,1550.86,1530.96,1511.52,1492.52,1473.94,1455.77,1438.0,1420.59,1403.52,1386.75,1370.2,1353.84,1337.69,1321.72,1305.94,1290.35,1274.95,1259.72,1244.68,1229.82,1215.13,1200.62,1186.28,1172.12,1158.12,1144.28,1130.61,1117.11,1103.76,1090.57,1077.54,1064.67,1051.95,1039.37,1026.95,1014.678813186982,1002.5536383958572,990.5727532693095,978.7344547834629,967.0370603286324,955.4789063884058,944.0583487798109,932.7737626533155,921.6235420124933,910.606099113606,899.7198651861055,888.9632895920483,878.3348393457624,867.8329998343474,857.4562737369243,847.2031813848846,837.072260161474,827.0620647419588,817.1711663731252,807.398153113446,797.7416295929146,788.2002165327093,778.7725509853623,769.4572857343408,760.2530892940475,751.1586459098211,742.172655197685,733.2938317840973,724.5209055461179,715.8526211310741,707.2877379565613,698.8250297301088,690.4632849295131,682.2013058421707,674.0379090454124,665.971924806085,658.0021974408022,650.1275843552767,642.3469567648212,634.6591988537641,627.0632081356996,619.5578948530703,612.1421823374181,604.8150062888832,597.5753148962872,590.4220690773004,583.3542416378572,576.370817632407,569.4707938835797,562.6531791022696,555.9169938876353,549.2612700065985,542.6850507540953,536.187390953075,529.7673561139168,523.4240231549301,517.1564796818537,510.9638239878562,504.8451652937022,498.7996229071688,492.82632694354595,486.92441748505195,481.093044821001,475.3313694478028,469.63856158862865,464.0138014335786,458.4562785392637,452.9651923091404,447.5397516332597,442.17917464810046,436.8826886164857,431.6495302878334,426.47894493748805,421.3701872073056,416.3225203851526,411.3352164049054,406.40755596653463,401.53882817585446,396.7283306646054,391.9753692302049,387.2792579558302,382.63931897025145
73,3933.53,4112.33,3670.41,3733.99,4006.35,3634.95,3667.02,3596.44,3652.27,3764.47,3641.77,3689.2,3645.18,3288.86,3322.61,3249.04,3201.41,3415.97,3339.12,3094.1,3199.2,3029.33,2816.05,2920.33,2611.06,2517.62,2623.76,2384.33,2461.3,2284.61,2299.78,2418.09,2288.54,2143.63,2352.22,2342.59,2118.21,2127.65,2083.0,2097.5,2073.71,2048.99,2023.57,1997.42,1970.6,1943.32,1915.92,1888.74,1862.17,1836.43,1811.56,1787.49,1764.08,1741.22,1718.89,1697.08,1675.76,1654.92,1634.54,1614.59,1595.06,1575.91,1557.09,1538.52,1520.17,1502.04,1484.12,1466.42,1448.92,1431.63,1414.55,1397.67,1380.99,1364.51,1348.23,1332.13,1316.23,1300.52,1285.0,1269.65,1254.5,1239.52,1224.71,1210.09,1195.64,1181.36,1167.25,1153.31,1139.5358237003688,1125.9253789005838,1112.4767375671636,1099.1879943564722,1086.057265890577,1073.0826901537928,1060.2624272168289,1047.5946579091897,1035.0775845433186,1022.709430069764,1010.4884378357988,998.4128718267996,986.4810161834855,974.6911744777743,963.0416706783068,951.5308474607781,940.1570674148438,928.9187117165238,917.8141804902725,906.8418924469082,896.0002846422316,885.2878125977156,874.7029493349809,864.2441860999395,853.9100313972693,843.6990112317964,833.6096689878024,823.6405645841919,813.7902751986352,804.0573943020432,794.4405318999491,784.9383141704359,775.5493835848274,766.2723981835443,757.1060316967937,748.0489736652621,739.0999284745875,730.2576162001956,721.5207715210837,712.8881440818919,704.3584981308317,695.9306123989957,687.603279858975,679.3753078455513,671.2455174522424,663.2127437726845,655.2758352971779,647.4336542747595,639.6850762304409,632.0289900858972,624.4642973146338,616.9899129075116,609.604764045149,602.3077909427568,595.0979460053044,587.9741941895903,580.9355122800993,573.9808896131456,567.1093267492762,560.3198366801776,553.6114437424587,546.9831834969615,540.4341032115228,533.9632613782121,527.5697273512593,521.2525815884361,515.0109155303651,508.84383099706713,502.75044067072304,496.72986761291185,490.78124538530056,484.9037173255011,479.0964375125949,473.35856943953564,467.6892867372938,462.08777305416527,456.5532210902467,451.08483356296017,445.6818224829096,440.34340903318986,435.0688238107686,429.8573064644133
74,4439.46,4034.36,4244.82,3932.15,4219.25,4323.67,3981.79,3966.55,4162.22,3928.62,3806.97,3980.42,4008.2,3745.89,3595.03,3672.53,3576.22,3524.95,3473.21,3394.57,3362.56,3258.16,3314.59,2993.65,3132.86,3053.32,2748.11,2947.03,2305.73,2534.78,2571.52,2692.35,2558.24,2304.72,2604.57,2273.97,2430.68,2399.8,2322.59,2340.71,2316.21,2290.28,2263.31,2235.56,2207.02,2177.71,2147.92,2118.01,2088.37,2059.39,2031.31,2004.15,1977.85,1952.24,1927.23,1902.79,1878.91,1855.56,1832.73,1810.38,1788.5,1767.04,1745.96,1725.15,1704.59,1684.27,1664.2,1644.36,1624.76,1605.39,1586.25,1567.33,1548.64,1530.17,1511.92,1493.89,1476.07,1458.46,1441.06,1423.87,1406.88,1390.09,1373.5,1357.11,1340.91,1324.91,1309.09,1293.46,1278.020860056493,1262.7650318890494,1247.690362356991,1232.7947212768065,1218.0760050469685,1203.5321356813158,1189.1610556134838,1174.9607328924733,1160.9291587661085,1147.0643475602074,1133.3643365577564,1119.8271855156001,1106.4509766644433,1093.233814467194,1080.1738251356564,1067.2691567513587,1054.517978661414,1041.9184813576967,1029.4688763560134,1017.1673959544486,1005.0122927500565,993.0018397596878,981.1343298158533,969.4080759292069,957.8214102010987,946.3726845485404,935.0602696167587,923.8825553833327,912.8379503124025,901.9248813546699,891.1417939473978,880.4871512894472,869.9594348245862,859.557143516527,849.2787938489254,839.1229195837265,829.0880715195102,819.1728174914917,809.3757417673855,799.6954456515406,790.130546276669,780.6796770871549,771.3414875973995,762.1146429085131,752.9978240707956,743.98972711712,735.0890637878949,726.2945604436202,717.6049585481953,709.0190145480923,700.5354991473928,692.153197428615,683.870908973541,675.6874471382533,667.6016395364443,659.6123271936251,651.7183649096072,643.9186208960218,636.2119766554914,628.5973268608034,621.073578992428,613.6396537010004,606.29448396153,599.0370155567088,591.8662064727764,584.7810271411736,577.7804598344067,570.8634991493562,564.0291511614868,557.2764340289824,550.6043770261299,544.012021268281,537.498418866063,531.0626334086868,524.7037391181568,518.4208214534069,512.2129766269917,506.0793112426049,500.01894289921506,494.0309991036213,488.1146179954161,482.26894786367666
75,4584.71,4841.9,4357.43,4550.39,4583.56,4459.52,4456.37,4574.42,4862.59,4032.36,4083.58,4446.61,4308.62,4032.19,4478.93,4095.13,4038.17,3855.57,3822.37,3807.79,3528.9,3672.47,3614.68,3569.88,3340.58,3189.91,3138.54,3231.61,2971.39,2841.36,2828.78,2759.85,2838.8,2497.42,2827.04,2702.78,2791.89,2668.97,2606.28,2629.27,2603.92,2577.0,2548.51,2518.88,2488.37,2456.97,2424.72,2391.93,2359.04,2326.48,2294.65,2263.79,2233.9,2204.93,2176.71,2149.14,2122.2,2095.85,2070.08,2044.87,2020.17,1995.96,1972.16,1948.68,1925.48,1902.55,1879.9,1857.51,1835.38,1813.52,1791.91,1770.56,1749.47,1728.62,1708.02,1687.66,1667.55,1647.67,1628.03,1608.62,1589.44,1570.49,1551.76,1533.25,1514.96,1496.9,1479.04,1461.4,1443.9677350127063,1426.7421733026179,1409.720893710504,1392.9015018302741,1376.2816300089792,1359.858940994965,1343.631121857616,1327.5958852034041,1311.7509703919427,1296.094145968089,1280.6232023656337,1265.3359555554568,1250.2302482615783,1235.3039475290554,1220.554944723982,1205.9811552902797,1191.5805183848797,1177.350997485751,1163.2905794190576,1149.397274237555,1135.669114855772,1122.1041568068022,1108.7004783639093,1095.4561794460794,1082.3693825908633,1069.4382316167191,1056.6608918662225,1044.035549962856,1031.5604136894058,1019.2337112583274,1007.0536916765644,995.0186241375197,983.126797899453,971.3765220422682,959.7661254675152,948.2939561687567,936.9583815963862,925.7577880496003,914.6905805547939,903.7551828655609,892.9500368546671,882.2736027572622,871.7243584412463,861.3007996504828,851.0014398831918,840.8248096623191,830.769456778747,820.8339458048729,811.0168583378206,801.3167922698085,791.7323620313601,782.2621982264884,772.9049472678804,763.6592716201077,754.5238494348108,745.497373942673,736.5785541830512,727.7661137879253,719.0587917115281,710.4553415007144,701.9545314165667,693.5551440695792,685.2559761764476,677.0558389248843,668.9535572439878,660.9479698042427,653.0379290175192,645.2223005506528,637.4999636902595,629.8698107347105,622.3307468725261,614.8816904255868,607.5215723627126,600.2493358132415,593.0639369182666,585.964343857794,578.9495368507435,572.0185081549478,565.1702619455482,558.4038141933886,551.7181924218054,545.1124353418122
76,4848.91,5371.7,5193.27,4653.81,5159.08,4608.85,4872.93,5120.06,4937.21,4581.64,4743.55,4614.14,4939.66,4392.07,4385.72,4288.53,4278.12,4272.5,4264.37,4279.34,4084.6,4010.17,4090.77,3901.65,3684.73,3546.71,3449.74,3514.51,2991.65,3340.32,3113.34,3135.29,2972.32,3120.23,3172.01,3078.18,3218.98,2982.87,2901.46,2930.88,2905.53,2877.85,2848.47,2817.38,2785.04,2751.72,2717.41,2682.15,2646.3,2610.38,2574.85,2540.12,2506.42,2473.75,2442.05,2411.15,2380.96,2351.43,2322.56,2294.29,2266.62,2239.48,2212.81,2186.49,2160.49,2134.79,2109.39,2084.29,2059.49,2034.98,2010.76,1986.83,1963.17,1939.8,1916.71,1893.88,1871.33,1849.04,1827.02,1805.26,1783.75,1762.5,1741.5,1720.75,1700.24,1679.98,1659.95,1640.17,1620.6199341820204,1601.3013350388273,1582.2114979844343,1563.3477524222642,1544.7074544617078,1526.2879917737498,1508.0867835909723,1490.1012746380147,1472.3289424150205,1454.767291128098,1437.4138541171371,1420.2661914279938,1403.321894668119,1386.5785785092073,1370.0338879706417,1353.6854935638635,1337.531092506279,1321.568409935169,1305.7951940520566,1290.2092221922462,1274.8082959691924,1259.5902412745008,1244.5529094918352,1229.6941774969177,1215.0119452297135,1200.5041373939016,1186.1687038210464,1172.0036163144393,1158.0068704699595,1144.176485311901,1130.5105023218475,1117.0069858028446,1103.6640223938361,1090.4797209482738,1077.452211805773,1064.5796473990663,1051.8602011614862,1039.2920677697473,1026.8734630225554,1014.6026229908716,1002.4778045034765,990.497284418625,978.6593597454364,966.9623471583327,955.4045827542562,943.9844221740609,932.7002401169482,921.5504298549057,910.5334039610501,899.6475928529395,888.8914453995261,878.2634289211566,867.7620279756651,857.3857452081076,847.133100501027,837.0026310958442,826.9928912286857,817.1024520089924,807.3299011767385,797.6738431024316,788.13289842294,778.7057036773213,769.390911670993,760.1871906259994,751.093224545182,742.1077128480082,733.2293700063991,724.4569256661197,715.7891241612163,707.2247249995788,698.7625015276442,690.4012421443018,682.1397489655967,673.9768383102918,665.9113405784776,657.9420995232274,650.0679727361602,642.2878311618784,634.6005588551851,627.0050533452579,619.5002245431303,612.0849958342102
77,5576.78,6223.09,5420.85,5409.48,5594.64,5310.86,5638.77,4953.23,5670.18,5331.73,5093.47,5055.81,5536.61,4778.28,4816.21,4643.56,4657.96,4809.45,4620.52,4555.61,4497.29,4356.47,4394.26,4127.8,4238.14,3982.43,3703.93,3887.94,3472.8,3401.65,3561.09,3543.98,3506.39,3463.32,3271.51,3403.7,3500.54,3602.48,3230.13,3266.35,3242.24,3214.51,3184.26,3152.16,3118.21,3082.87,3046.44,3008.91,2970.33,2931.1,2891.82,2853.0,2815.06,2778.22,2742.48,2707.75,2673.88,2640.77,2608.38,2576.68,2545.64,2515.2,2485.28,2455.76,2426.58,2397.75,2369.26,2341.1,2313.27,2285.77,2258.6,2231.74,2205.21,2178.98,2153.06,2127.45,2102.14,2077.13,2052.42,2027.99,2003.86,1980.01,1956.44,1933.15,1910.13,1887.39,1864.91,1842.7,1820.754601751909,1799.068584067909,1777.6389277956453,1756.462648917363,1735.5367961268282,1714.8584520408676,1694.424731987831,1674.232782796051,1654.2797864284594,1634.5629515018204,1615.0795254021107,1595.826780957601,1576.8020237080846,1558.0025906933397,1539.4258492415909,1521.069193334895,1502.9300520899083,1485.005878854043,1467.2941584746964,1449.7924048761743,1432.498158636615,1415.408989411067,1398.522494719948,1381.8362987375099,1365.3480547149118,1349.0554401340721,1332.956160342278,1317.0479473406513,1301.3285585726078,1285.7957781353966,1270.447414357025,1255.281299796256,1240.2952948772243,1225.4872830432837,1210.8551705147001,1196.396890529034,1182.1103983738337,1167.9936732039453,1154.0447174357405,1140.2615565048104,1126.6422387448122,1113.1848350240077,1099.8874383818004,1086.748163907584,1073.7651483772793,1060.9365503744893,1048.2605496847286,1035.7353469319637,1023.3591638209202,1011.1302426524668,999.0468459601543,987.1072565102164,975.3097770592616,963.6527298696574,952.134456830685,940.7533189739239,929.5076964732516,918.3959882813829,907.416612008715,896.5680036810211,885.8486174971425,875.2569254655267,864.7914177676893,854.450601788983,844.2330026032147,834.1371623668736,824.1616401979801,814.3050121760838,804.5658706153423,794.9428247914431,785.4344997300658,776.039536933805,766.7565936552477,757.5843425335114,748.5214722000135,739.5666863092413,730.7187037810585,721.9762585583987,713.3380994861111,704.8029897051919,696.3697072585528,688.0370443640984
78,6060.15,6403.5,5972.83,5868.46,5740.42,5856.73,5960.27,5546.83,6008.41,5538.69,5885.01,5393.55,5932.68,5312.91,5387.64,5380.82,5291.41,5142.32,5480.07,5220.64,4849.68,4721.68,4811.62,4543.96,4900.45,4593.91,4316.93,4472.57,4187.64,4040.53,3852.94,4036.95,3923.97,3856.68,3914.77,3836.36,3945.51,3871.87,3597.89,3641.03,3617.93,3591.45,3561.07,3527.98,3492.87,3455.74,3417.09,3377.22,3336.12,3293.85,3250.86,3207.85,3165.4,3123.91,3083.58,3044.41,3006.32,2969.15,2932.78,2897.19,2862.34,2828.16,2794.56,2761.41,2728.65,2696.27,2664.28,2632.65,2601.4,2570.52,2540.0,2509.83,2480.02,2450.57,2421.45,2392.69,2364.25,2336.16,2308.39,2280.95,2253.84,2227.04,2200.56,2174.39,2148.53,2122.97,2097.72,2072.76,2048.098771459026,2023.7284505020375,1999.6456664881787,1975.847083837061,1952.329406864691,1929.0893737385609,1906.1237625225583,1883.4293839230747,1861.003088542897,1838.8417572093533,1816.942310646166,1795.301701010581,1773.916917938275,1752.7849800804852,1731.902944775861,1711.2678983786118,1690.8769647213785,1670.7272954433806,1650.816077244304,1631.140529466341,1611.6978992582608,1592.4854676203202,1573.5005457773161,1554.740476387569,1536.2026323339412,1517.8844130968903,1499.7832532173436,1481.8966102068784,1464.2219766375408,1446.7568692610091,1429.4988350535045,1412.4454487978248,1395.5943118743655,1378.9430546790802,1362.4893342055207,1346.2308340448346,1330.1652643857653,1314.2903608056715,1298.60388668849,1283.103628388809,1267.787401276777,1252.6530424842108,1237.6984169495067,1222.9214101637485,1208.3199349410063,1193.8919282749814,1179.635349646436,1165.548182594866,1151.628433509521,1137.8741322338951,1124.283330977642,1110.8541046792716,1097.5845504016572,1084.4727872111393,1071.5169558148289,1058.7152185606092,1046.0657590744408,1033.566781776768,1021.2165121243169,1009.0131960056028,996.9550996200333,985.0405094779071,973.2677315541287,961.6350920135952,950.1409358813182,938.7836278887099,927.5615515063985,916.4731090651256,905.5167213930524,894.6908278157595,883.9938857935523,873.4243706796644,862.9807754784621,852.6616110872397,842.4654054499333,832.3907036780183,822.4360681714074,812.6000776512664,802.8813277645037,793.2784304792804,783.7900138432134,774.4147221042738
79,7044.19,7145.62,6661.68,6636.92,6529.0,6497.77,6167.52,6467.42,6230.47,6450.29,5930.34,6362.24,6740.49,5855.67,6117.07,5966.45,5691.62,5394.4,5745.2,5385.12,5232.49,5244.02,5495.41,5167.99,4840.91,4922.36,4643.56,5154.61,4932.93,4410.72,4298.01,4778.48,4410.93,4325.44,4143.73,4115.2,4124.02,4126.95,3992.67,4042.29,4019.73,3994.38,3965.38,3932.23,3896.15,3857.88,3817.42,3775.29,3731.79,3686.93,3640.78,3593.83,3546.91,3500.63,3455.4,3411.4,3368.63,3326.98,3286.3,3246.48,3207.49,3169.25,3131.66,3094.57,3057.92,3021.69,2985.88,2950.49,2915.52,2880.96,2846.8,2813.04,2779.68,2746.71,2714.12,2681.92,2650.1,2618.65,2587.56,2556.85,2526.49,2496.49,2466.84,2437.54,2408.59,2379.97,2351.69,2323.75,2296.1334628401232,2268.8419607104483,2241.871742952891,2215.219102116946,2188.8803679586376,2162.8519170422037,2137.1301607379864,2111.711552423702,2086.592585084013,2061.7697889101128,2037.2397361005626,2012.9990348602437,1989.0443294003537,1965.372305939461,1941.9796843020304,1918.8632227192659,1896.019713028267,1873.445986673084,1851.138908703662,1829.0953789760547,1807.3123333526323,1785.7867425018726,1764.5156082977282,1743.4959710208914,1722.724898556897,1702.199497198019,1681.916903241796,1661.8742865916633,1642.0688471563208,1622.4978184503643,1603.1584639936555,1584.0480797117402,1565.1639915354303,1546.5035554008025,1528.0641572491973,1509.84321302722,1491.838169886951,1474.0465001848945,1456.465707483028,1439.0933241483845,1421.9269089526292,1404.964050672692,1388.2023644901365,1371.639491991158,1355.2731023667964,1339.100893613145,1323.120585330088,1307.3299295231952,1291.726697401406,1276.308690178925,1261.0737318739568,1246.0196753097605,1231.1443925129659,1216.445783115044,1201.921770751679,1187.5703035428517,1173.3893513323526,1159.3769085682907,1145.530992622797,1131.8496437920242,1118.3309246960425,1104.9729206389022,1091.7737388885066,1078.7315084365714,1065.8443802386657,1053.1105262540443,1040.5281398057098,1028.0954352203503,1015.8106471082131,1003.6720309632096,991.677862322768,979.8264365277909,968.1160690827192,956.5450946953629,945.1118675169436,933.8147609020525,922.6521670485868,911.6224966376866,900.7241791937986,889.955662364549,879.3154115606809,868.8019105561597
80,7857.21,8109.98,7376.08,7262.1,7294.85,7459.58,6964.88,6664.87,7418.0,6939.14,6681.2,6499.01,7109.24,6824.07,6491.67,6157.13,6470.43,6330.36,6441.08,6361.92,6147.08,6155.33,5848.32,5329.7,5857.77,5705.22,5751.68,5602.68,4999.15,4964.11,4732.14,4965.99,4548.64,4804.47,4806.02,4863.58,4359.83,4618.7,4456.58,4510.71,4487.53,4462.6,4434.62,4402.7,4366.33,4326.78,4284.84,4240.51,4194.34,4146.63,4097.41,4046.75,3995.2,3943.72,3893.0,3843.41,3795.15,3748.16,3702.37,3657.6,3613.74,3570.75,3528.47,3486.76,3445.53,3404.78,3364.51,3324.7,3285.36,3246.48,3208.05,3170.07,3132.54,3095.44,3058.78,3022.54,2986.73,2951.34,2916.36,2881.79,2847.63,2813.86,2780.49,2747.51,2714.92,2682.71,2650.88,2619.43,2588.33976008812,2557.614480651045,2527.2499756413986,2497.2421008364286,2467.5867610079417,2438.2799027523683,2409.3175192707226,2380.695647978618,2352.4103681162946,2324.457801943604,2296.834117129991,2269.5355219745343,2242.558264210959,2215.8986369825807,2189.5529728673623,2163.5176438779113,2137.7890650464487,2112.363688449863,2087.2380067946756,2062.4085522220566,2037.8718951128299,2013.624641697498,1989.6634400311877,1965.9849740187042,1942.5859646095178,1919.4631674077891,1896.6133774523237,1874.0334232416262,1851.7201715138576,1829.6705224668792,1807.8814097582497,1786.3498040901961,1765.072709624645,1744.0471627882316,1723.2702358572706,1702.7390309828065,1682.450686165563,1662.402369280994,1642.591281664254,1623.0146569152066,1603.6697585084473,1584.553879793303,1565.6643487737888,1546.998519743684,1528.553779261478,1510.3275425654012,1492.317255963407,1474.5203932481993,1456.9344568922263,1439.556978047677,1422.3855165464831,1405.4176597053295,1388.6510235206435,1372.0832478886366,1355.7120037752422,1339.5349860461783,1323.5499182469052,1307.7545466276795,1292.146646118499,1276.724016744137,1261.484482429152,1246.4258921928756,1231.546123734384,1216.8430714826006,1202.3146621311605,1187.9588412545281,1173.7735790439474,1159.7568695904465,1145.9067300483473,1132.221200276767,1118.6983427201199,1105.3362422886187,1092.133005760779,1079.0867621419172,1066.1956617081582,1053.4578762454335,1040.8715989299826,1028.4350433723614,1016.1464442149364,1004.0040565343907,992.0061553637278,980.151036050769
81,8532.22,8562.77,8427.33,7591.51,8147.98,7960.3,7001.78,7784.88,8016.73,7378.35,7247.74,7701.38,7726.96,6791.9,7393.36,7272.9,7512.8,6712.71,7421.81,6415.66,6580.31,6545.68,6446.21,6642.51,6086.1,6419.32,5960.71,5801.38,5816.19,5763.94,5621.36,5864.16,5279.38,5011.88,5174.49,4902.17,5309.83,5631.71,4971.09,5027.39,5000.36,4974.84,4947.35,4916.51,4881.44,4841.59,4798.32,4752.43,4703.95,4653.43,4601.21,4547.28,4491.75,4435.24,4378.85,4323.34,4269.06,4216.19,4164.66,4114.36,4065.14,4016.88,3969.43,3922.6,3876.31,3830.56,3785.34,3740.65,3696.48,3652.82,3609.66,3567.01,3524.86,3483.19,3442.01,3401.31,3361.08,3321.33,3282.03,3243.2,3204.81,3166.88,3129.39,3092.33,3055.71,3019.52,2983.75,2948.4,2913.4581965689936,2878.9253080706603,2844.7966712914763,2811.0676762914945,2777.7337581173374,2744.790406273062,2712.233155249299,2680.0575892586803,2648.259339868126,2616.8340883665587,2585.7775598456187,2555.085527935091,2524.7538112513334,2494.778275764993,2465.1548288817185,2435.879428913019,2406.9480708699757,2378.35680066953,2350.1017044797695,2322.1789099037815,2294.5845895312286,2267.3149585706333,2240.3662736655183,2213.7348293428386,2187.4169662999784,2161.409061933897,2135.707535076555,2110.308844811057,2085.209490471654,2060.406006908313,2035.8949692221438,2011.6729927654044,1987.7367284060658,1964.0828637116745,1940.7081241332066,1917.6092730050682,1894.7831079935254,1872.226463464417,1849.9362092992976,1827.9092508954388,1806.1425267981128,1784.6330110683086,1763.377712098874,1742.3736714306585,1721.61796493637,1701.1076992690046,1680.8400154134163,1660.812087502461,1641.0211180815686,1621.4643452118835,1602.1390365509812,1583.0424905367242,1564.172036387262,1545.5250329171745,1527.0988709051867,1508.8909695425948,1490.8987764332694,1473.1197687775104,1455.5514545559056,1438.1913677939006,1421.037069745657,1404.0861536294808,1387.3362351569654,1370.784959636133,1354.4300007875797,1338.2690571929031,1322.2998522947014,1306.5201379481455,1290.9276920532657,1275.520315003378,1260.2958367882295,1245.252107523139,1230.387006919856,1215.6984336318453,1201.1843147251434,1186.842599759075,1172.6712622068796,1158.6682974431553,1144.8317253483442,1131.1595881777896,1117.6499509168925,1104.3009006891843
82,9831.92,9436.87,9428.48,8751.63,8749.79,9114.21,8155.17,8418.8,8937.96,8787.54,8116.33,8060.94,8312.18,7650.22,7780.38,7732.13,7650.88,7352.32,8159.9,7350.98,7398.72,7364.79,7307.5,7605.09,6922.35,6832.89,6729.28,6769.58,6260.33,6457.04,6116.28,6304.83,6283.6,5834.09,6460.85,5715.16,5817.57,5888.15,5592.18,5650.57,5616.02,5586.29,5557.99,5527.44,5493.21,5454.38,5410.41,5362.71,5312.14,5258.72,5203.03,5145.42,5085.91,5024.58,4962.16,4899.93,4838.71,4778.84,4720.46,4663.5,4607.82,4553.25,4499.6,4446.65,4394.31,4342.57,4291.43,4240.88,4190.92,4141.53,4092.72,4044.47,3996.78,3949.64,3903.05,3856.99,3811.47,3766.48,3722.02,3678.07,3634.62,3591.69,3549.25,3507.31,3465.85,3424.88,3384.38,3344.36,3304.796350688627,3265.6940256644475,3227.0478060978644,3188.8525261363484,3151.1030764362417,3113.794401808216,3076.921501217282,3040.479424250975,3004.4632770057033,2968.868216200403,2933.689450353808,2898.9222386071815,2864.5618919015856,2830.603772977877,2797.0432904903723,2763.8759084249873,2731.097133149293,2698.702526362459,2666.6876909680423,2635.0482840239315,2603.7800061469375,2572.8786038673275,2542.3398731606276,2512.159653561288,2482.333830517214,2452.858335389768,2423.729141921964,2394.9422697702753,2366.4937821500935,2338.3797846584625,2310.5964276286168,2283.1398990663697,2256.006436422796,2229.1923112897452,2202.693839995258,2176.5073800717564,2150.6293290787803,2125.0561234257175,2099.7842383718034,2074.810190380659,2050.1305335884836,2025.7418598040583,2001.6408008632784,1977.824025097353,1954.2882361555335,1931.03017653692,1908.046625235924,1885.3343965650022,1862.8903413319213,1840.711343307956,1818.7943239369617,1797.1362388035693,1775.7340752786479,1754.5848572283796,1733.6856426597217,1713.0335190113346,1692.6256102171908,1672.4590708202334,1652.531087149646,1632.8388796753868,1613.379697121849,1594.150821176934,1575.1495653147815,1556.3732712639676,1537.819311362038,1519.4850897327794,1501.3680363998762,1483.4656143505201,1465.7753136490705,1448.2946514370528,1431.0211766422328,1413.952464092274,1397.0861156920073,1380.4197616006986,1363.9510578775119,1347.6776900133152,1331.5973670443386,1315.7078262612472,1300.0068296773368,1284.4921663830692,1269.161646659734,1254.013112574859
83,10043.59,10360.47,9946.65,9475.76,9672.38,10027.02,9289.54,9367.65,10072.82,9245.09,9191.03,9029.2,9363.83,8268.08,8708.22,8753.18,8618.95,8429.79,8093.31,8560.11,8200.93,8114.11,8154.91,8024.66,7708.8,7426.36,7446.03,7851.37,6966.57,7145.98,6846.38,7244.87,7006.33,6675.5,6966.43,6558.57,6765.59,6219.94,6314.87,6376.84,6332.79,6295.08,6262.29,6230.8,6196.76,6158.65,6115.53,6066.87,6014.13,5958.22,5899.18,5837.61,5773.87,5707.98,5640.04,5570.87,5501.97,5434.23,5367.98,5303.3,5240.1,5178.21,5117.37,5057.33,4997.97,4939.3,4881.3,4823.96,4767.29,4711.26,4655.88,4601.14,4547.03,4493.54,4440.67,4388.4,4336.74,4285.68,4235.21,4185.32,4136.0,4087.26,4039.08,3991.46,3944.39,3897.86,3851.88,3806.43,3761.494678144193,3717.081073938049,3673.1833349879794,3629.7956756310314,3586.9123640570415,3544.5277316743413,3502.6361695976193,3461.2321239650655,3420.3101041333684,3379.8646721412915,3339.8904497339577,3300.3821160214156,3261.3344027957964,3222.742101555586,3184.6000553106355,3146.903164435726,3109.6463831584315,3072.8247160469778,3036.433226205235,3000.467024736298,2964.9212777667685,2929.791201763901,2895.072064706314,2860.759186083994,2826.8479345568667,2793.3337302962223,2760.2120414725805,2727.478384255687,2695.128326326655,2663.157481024396,2631.5615085163395,2600.336118139852,2569.4770660608165,2538.9801529322044,2508.8412250647875,2479.056175597854,2449.6209421577773,2420.531505687311,2391.7838927870075,2363.3741722030823,2335.298455998128,2307.5528995511113,2280.133701557376,2253.0370993457905,2226.2593759030233,2199.796851678556,2173.645889267532,2147.802892240045,2122.264302799714,2097.026602954394,2072.086313345465,2047.4399944185448,2023.0842429113493,1999.0156965365431,1975.2310281281793,1951.7269468124075,1928.5002015196162,1905.5475751308652,1882.8658856486013,1860.4519908795085,1838.3027790688038,1816.4151759245176,1794.7861411053518,1773.4126682206822,1752.2917848305572,1731.4205536164106,1710.7960665274982,1690.4154518051746,1670.2758681293278,1650.37450813052,1630.7085925364215,1611.2753783668009,1592.072149567823,1573.0962228656124,1554.3449454248287,1535.815692507239,1517.505873325285,1499.4129205056636,1481.5343017964592,1463.8675107014383,1446.4100688214758,1429.1595281959817
84,10610.59,11799.97,10962.86,10412.54,11073.56,10069.63,10405.75,10155.56,10780.62,9692.54,10262.17,9638.46,10105.8,9300.38,9863.49,9827.65,8896.48,9075.49,9324.21,9402.62,9232.49,8732.32,8378.42,8562.39,8623.0,8197.66,8630.84,8369.86,8078.66,7792.81,7309.66,7905.08,7493.67,7871.04,7572.15,7488.52,7736.37,7350.98,7152.64,7222.69,7168.82,7121.03,7079.77,7043.49,7008.37,6970.33,6927.78,6879.77,6825.76,6767.29,6705.3,6639.87,6571.59,6500.86,6427.69,6352.2,6275.33,6198.8,6123.61,6050.04,5978.14,5907.74,5838.56,5770.3,5702.81,5636.09,5570.13,5504.92,5440.46,5376.73,5313.73,5251.45,5189.88,5129.02,5068.85,5009.38,4950.59,4892.47,4835.01,4778.22,4722.08,4666.59,4611.73,4557.51,4503.91,4450.93,4398.55,4346.79,4295.602261431293,4245.005831173012,4194.994153592154,4145.560734802397,4096.69914848925,4048.4030335799953,4000.666093078654,3953.4820952310192,3906.844871194592,3860.748315038583,3815.1863837439087,3770.1530983682264,3725.6425370557454,3681.648844357474,3638.166220745943,3595.1889319354523,3552.711298396789,3510.727702347418,3469.232583091352,3428.22044051425,3387.685830423289,3347.6233645471657,3308.0277151962205,3268.893604777153,3230.2158174433416,3191.989189774587,3154.2086119421447,3116.86903003879,3079.9654437487516,3043.4929040176517,3007.446516547598,2971.821440632154,2936.6128821661478,2901.8161041309586,2867.4264161092306,2833.4391812750628,2799.849810568851,2766.6537638623204,2733.8465522885876,2701.4237324170026,2669.3809132433394,2637.7137468695414,2606.4179354939147,2575.489226750996,2544.9234137115573,2514.716337212669,2484.8638823626,2455.3619785408255,2426.2066005630495,2397.3937686812146,2368.9195427583354,2340.7800304237257,2312.971377752742,2285.489777422006,2258.331460554184,2231.4927013781125,2204.9698160637668,2178.7591592271665,2152.8571274254687,2127.260156826907,2101.964722045759,2076.967339637442,2052.2645611083194,2027.8529787408643,2003.7292220985616,1979.8899568608765,1956.331889483381,1933.0517602075656,1910.0463453909001,1887.3124586718677,1864.8469486399,1842.6467011654406,1820.70863473982,1799.0297028053162,1777.6068925901254,1756.4372286034563,1735.5177621502444,1714.8455853115331,1694.417818129125,1674.2316132657072,1654.2841571698855,1634.57266774612
85,11577.75,13261.48,12067.75,11983.5,11795.48,11390.22,10880.59,10856.5,10937.22,11025.86,10947.54,10956.97,11388.45,9921.92,10681.38,10088.25,11063.24,9787.82,10402.24,9939.74,9919.09,10241.09,10481.52,8544.49,8810.56,9067.7,9555.04,9189.45,9047.49,8432.3,8607.01,8875.82,8957.75,8440.6,8747.72,8463.53,8301.53,8273.89,8111.51,8198.0,8137.03,8078.87,8026.97,7981.76,7941.56,7902.31,7859.72,7812.14,7758.58,7698.51,7633.56,7564.71,7492.05,7416.19,7337.54,7256.13,7172.08,7086.47,7001.27,6917.62,6835.72,6755.53,6676.75,6599.01,6522.14,6446.14,6371.0,6296.71,6223.26,6150.64,6078.85,6007.87,5937.69,5868.32,5799.73,5731.92,5664.88,5598.61,5533.09,5468.32,5404.29,5340.99,5278.41,5216.55,5155.39,5094.94,5035.17,4976.1,4917.670455594739,4859.911878802237,4802.816921893841,4746.37830908644,4690.588838863287,4635.441378171943,4580.928863584691,4527.0443047797635,4473.780776418469,4421.131426268066,4369.0894682393,4317.64818470722,4266.800925350771,4216.541105992383,4166.862210918787,4117.757788239381,4069.2214510466265,4021.2468797368842,3973.827816208349,3926.9580696631074,3880.631508484261,3834.8420671983927,3789.5837406735086,3744.850586439861,3700.636723529537,3656.9363301556364,3613.743647193503,3571.0529746994944,3528.8586695901536,3487.1551502838597,3445.936893219588,3405.1984305360934,3364.9343547135495,3325.139312771495,3285.808007429243,3246.9352005871183,3208.515705203572,3170.5443934180666,3133.0161872677786,3095.9260656500733,3059.2690596808543,3023.040255015388,2987.2347860462446,2951.8478428657686,2916.874664303607,2882.3105437287713,2848.1508197663397,2814.390886741166,2781.0261830737572,2748.0522017239855,2715.464479747377,2683.2586052575866,2651.430212784746,2619.97498443588,2588.888649894902,2558.1669829413854,2527.8058072526137,2497.8009871202926,2468.1484367338426,2438.844112057513,2409.8840131512115,2381.264185330913,2352.980716847832,2325.029737728018,2297.4074209327623,2270.1099835190116,2243.1336808373076,2216.4748134942593,2190.1297180692477,2164.0947752373086,2138.3664062878966,2112.9410684832383,2087.815260860392,2062.985520750009,2038.4484249367517,2014.2005861780506,1990.2386566853447,1966.5593246428448,1943.1593165283557,1920.0353959528675,1897.1843590189037,1874.6030401225848
86,13997.47,14358.54,14072.1,12444.35,12939.36,12646.18,11210.06,11769.79,12929.85,12009.8,11858.27,11619.13,12920.56,11288.66,11787.36,11600.72,11402.61,11494.82,11398.19,10640.66,10835.63,11133.0,11513.57,9971.04,9622.72,9743.66,10192.79,10447.6,9880.97,9565.78,9554.1,9634.51,9425.42,9526.46,9572.74,9732.96,9729.54,9299.66,9221.14,9331.89,9270.44,9204.71,9141.77,9085.26,9035.57,8990.88,8946.87,8899.02,8845.61,8785.65,8718.62,8646.22,8569.47,8488.49,8403.91,8316.14,8225.23,8131.29,8035.57,7940.36,7846.9,7755.29,7665.28,7576.45,7488.62,7401.76,7315.88,7230.96,7146.99,7063.97,6981.88,6900.71,6820.45,6741.1,6662.64,6585.06,6508.36,6432.53,6357.55,6283.42,6210.13,6137.67,6066.04,5995.21,5925.19,5855.96,5787.52,5719.86,5652.921859253427,5586.7470827027655,5521.32743532174,5456.654765617735,5392.72099402989,5329.5181198902455,5267.038219103356,5205.27344182592,5144.21601478715,5083.8582366480205,5024.192484962402,4965.211205735356,4906.906922704654,4849.272229219444,4792.299792881015,4735.982350902035,4680.312714747313,4625.283765493036,4570.888452666583,4517.11979772709,4463.970890584888,4411.434890761684,4359.505025070186,4308.174588774296,4257.4369432687245,4207.28551955956,4157.713810142949,4108.715378286605,4060.2838499084833,4012.4129158971596,3965.0963321118334,3918.327915901755,3872.1015519071784,3826.4111827778374,3781.2508172942785,3736.614524566911,3692.496432875819,3648.890735471705,3605.7916812943768,3563.193580773696,3521.0908058295754,3479.4777840710326,3438.3490011165673,3397.6990029145445,3357.522388782052,3317.8138195262295,3278.5680081627543,3239.779724556596,3201.4437954220175,3163.5550985216287,3126.1085707877114,3089.099199040703,3052.5220234697667,3016.37214111336,2980.6446954175244,2945.334885517409,2910.437961596506,2875.9492248866536,2841.8640241874673,2808.1777616672866,2774.885888222417,2741.9839023169407,2709.467352303096,2677.331834100897,2645.572992358325,2614.186516970757,2583.1681454013474,2552.513662681027,2522.2188979279326,2492.279727827981,2462.692070833913,2433.451892966248,2404.5552031725233,2375.9980544874834,2347.7765417126993,2319.8868048971417,2292.325023536228,2265.087423532964,2238.170267916424,2211.5698626426997,2185.282554274522,2159.30473230164
87,15473.65,15145.21,14565.99,13653.42,14614.0,14421.72,13506.18,12853.09,14064.74,12682.48,13127.44,12119.19,14606.21,12211.15,13145.89,12731.16,12629.55,12594.01,13395.41,12078.23,11828.61,11659.5,12604.43,12825.17,12047.35,11278.18,11151.55,11284.84,11182.39,10623.22,10208.49,10896.07,11346.13,10995.86,10679.88,10505.13,11030.42,10442.83,10406.45,10545.05,10489.26,10423.7,10353.4,10285.81,10224.71,10170.47,10121.1,10072.06,10018.65,9959.08,9892.38,9818.06,9737.85,9652.84,9563.15,9469.43,9372.07,9271.16,9166.81,9060.43,8954.62,8850.74,8748.59,8647.77,8548.06,8449.46,8351.94,8255.51,8160.14,8065.84,7972.58,7880.35,7789.16,7698.98,7609.8,7521.62,7434.43,7348.21,7262.95,7178.65,7095.3,7012.88,6931.38,6850.8,6771.13,6692.36,6614.47,6537.46,6461.248810801566,6385.899766903322,6311.403736671879,6237.7516704184845,6164.9346015531755,6092.943640814023,6021.769984346188,5951.404904468721,5881.8397565994555,5813.065974638415,5745.075069813663,5677.858634143748,5611.408338129405,5545.715928445261,5480.773230248129,5416.5721460228615,5353.104653274044,5290.3628079884575,5228.338740018467,5167.024653082028,5106.412829379281,5046.495620359359,4987.265457107732,4928.714838804708,4870.836340804484,4813.6226077102465,4757.066359144922,4701.160383980423,4645.897541491803,4591.270764819705,4537.27305173716,4483.897472728639,4431.137167527601,4378.985342808197,4327.435272185266,4276.480298522636,4226.113831624826,4176.329345928744,4127.120382811987,4078.480548284545,4030.4035152970932,3982.883017970251,3935.9128562111764,3889.4868934052683,3843.5990541078636,3798.243326352542,3753.4137593428236,3709.104465760468,3665.309615994724,3622.023441604786,3579.2402364739332,3536.95434873049,3495.16019113517,3453.852229539577,3413.024990965257,3372.673057832948,3332.7910702708778,3293.3737261147644,3254.415775137071,3215.9120271260476,3177.8573414983903,3140.2466376865827,3103.074884751553,3066.337105999269,3030.028380134893,2994.143834337876,2958.678650032714,2923.6280617347916,2888.98735127964,2854.7518524395277,2820.91695092347,2787.4780809147715,2754.4307227627296,2721.7704110616855,2689.492724263672,2657.593291603314,2626.0677861729305,2594.9119295391324,2564.121492896973,2533.69228783675,2503.6201767313514,2473.901062348912
88,17092.11,17821.26,16556.0,15019.06,16090.61,15749.62,15537.26,14364.68,14875.14,14043.6,13623.17,12978.16,14311.42,14009.01,13275.72,13760.05,13215.76,13785.36,14118.03,13228.7,13442.12,13646.85,13309.26,13521.5,12920.87,12506.1,12200.14,12289.02,11598.13,11149.63,12191.52,12289.2,11898.43,11604.84,12828.26,11921.1,12618.8,11794.57,11755.68,11928.26,11880.03,11820.65,11750.69,11675.49,11602.87,11536.75,11477.45,11422.81,11368.08,11308.35,11241.79,11167.46,11084.89,10995.86,10901.51,10801.97,10697.9,10589.7,10477.45,10361.27,10242.74,10124.82,10008.75,9894.14,9780.78,9668.65,9557.75,9448.06,9339.57,9232.27,9126.15,9021.19,8917.39,8814.73,8713.2,8612.78,8513.48,8415.28,8318.16,8222.12,8127.14,8033.21,7940.33,7848.48,7757.66,7667.84,7579.03,7491.21,7404.268039937029,7318.300479626478,7233.297217165964,7149.248232463879,7066.143596457504,6983.9734584381085,6902.728056421318,6822.397711385801,6742.9728272732655,6664.443893292988,6586.801479312755,6510.036241620191,6434.138917161425,6359.100323541101,6284.911364783696,6211.563023267668,6139.046363182254,6067.352529375196,5996.472748505018,5926.398326736486,5857.120648588351,5788.631180390136,5720.921464520824,5653.983124017901,5587.807859120577,5522.3874484220405,5457.713746564935,5393.778685393622,5330.5742751064445,5268.092596189876,5206.3258120934315,5145.266154250228,5084.905932447364,5025.237530216861,4966.253403683403,4907.946081564335,4850.308166321921,4793.332331858828,4737.011324670375,4681.337960387756,4626.3051272348175,4571.905781419012,4518.132951740454,4464.9797326783255,4412.439290152208,4360.504856913021,4309.169733695285,4258.42728806486,4208.270954418938,4158.694232833795,4109.690690217032,4061.253956850805,4013.377728696338,3966.0557662416645,3919.2818921971007,3873.0499937997665,3827.3540193568024,3782.187980549891,3737.5459501307305,3693.4220630732993,3649.8105119647985,3606.7055527669727,3564.10149905479,3521.9927243209686,3480.3736596714484,3439.2387949776576,3398.58267887651,3358.3999141613476,3318.685162391001,3279.4331427375223,3240.6386250725973,3202.2964391856653,3164.401466718065,3126.948644619827,3089.9329639974135,3053.349467809183,3017.193253169927,2981.45946789407,2946.1433116479357,2911.240037102015,2876.744946474168,2842.6533926818906
89,17627.93,18970.1,17963.42,17193.96,16899.67,17738.01,17493.4,15705.96,15717.59,14790.42,15417.71,15116.99,16134.21,14038.51,14921.0,15620.53,14241.09,14735.11,15680.32,14681.66,13428.51,15161.94,14731.69,13579.87,14361.25,13890.16,13973.8,13292.07,12833.15,13072.51,13074.9,13671.56,12563.63,12732.06,13896.83,13301.33,13648.61,13458.88,13221.27,13434.29,13397.21,13346.3,13283.45,13209.22,13129.21,13051.57,12980.34,12915.76,12855.53,12794.65,12728.09,12654.0,12571.45,12480.04,12381.57,12277.22,12167.13,12051.96,11932.09,11807.62,11678.66,11546.95,11415.58,11285.81,11157.43,11030.43,10904.79,10780.51,10657.56,10535.94,10415.64,10296.64,10178.93,10062.49,9947.32,9833.41,9720.73,9609.29,9499.06,9390.04,9282.2,9175.56,9070.08,8965.76,8862.58,8760.54,8659.63,8559.83,8460.99042991927,8363.246727216985,8266.587813947583,8171.002697203667,8076.480469116018,7983.010310301074,7890.581485264286,7799.183348145931,7708.8053358261295,7619.436972521503,7531.067867486842,7443.687716164277,7357.286300183268,7271.853485062291,7187.379222507147,7103.853549261816,7021.26658481012,6939.608533674045,6858.86968771209,6779.040418075092,6700.111182101228,6622.072518719352,6544.915053045657,6468.629489488679,6393.206616345966,6318.6373023565775,6244.912501297745,6172.023243940719,6099.960646094923,6028.7159017129625,5958.2802840397935,5888.645149060215,5819.8019297530445,5751.7421395386145,5684.457368831277,5617.939286188567,5552.1796417587,5487.170256938086,5422.903033564652,5359.369950470343,5296.563061182794,5234.474492776169,5173.096452766144,5112.421216469099,5052.441138493765,4993.148645846231,4934.5362356316255,4876.596483098253,4819.32203129513,4762.705596817796,4706.739967509988,4651.418000165312,4596.732625123901,4542.676839377429,4489.243711165764,4436.4263776786465,4384.218041608188,4332.611976894705,4281.601522980879,4231.180085960939,4181.341138580652,4132.078219088158,4083.38493238314,4035.2549465693246,3987.681995252814,3940.6598740945938,3894.182443108858,3848.2436243646857,3802.8374054335277,3757.957830195896,3713.5990080346774,3669.755106940148,3626.4203558083,3583.5890444408437,3541.2555212468774,3499.414190944559,3458.059519157763,3417.1860289685883,3376.7883009173584,3336.860971853456,3297.3987337861577,3258.3963361829638
90,18351.07,19309.49,18124.98,18479.82,17914.27,18853.21,17388.45,17191.0,19816.91,18186.56,17497.2,16747.55,17797.69,16742.23,16050.12,16551.72,16819.37,16380.32,17233.52,14946.25,16597.22,17190.87,17212.35,15762.08,15548.88,15022.71,15828.01,15433.82,15055.46,14640.87,14477.97,15148.58,14972.35,14411.52,16132.62,14732.89,14790.08,15140.73,14659.72,14912.25,14891.0,14852.49,14799.62,14734.18,14656.66,14572.84,14491.1,14415.49,14346.16,14280.66,14213.88,14140.74,14059.38,13968.97,13869.15,13761.73,13647.87,13527.76,13402.01,13270.99,13134.78,12993.46,12848.72,12703.85,12560.5,12418.67,12278.33,12139.48,12002.1,11866.18,11731.71,11598.66,11467.04,11336.82,11207.99,11080.54,10954.46,10829.74,10706.35,10584.3,10463.56,10344.13,10225.98,10109.12,9993.52,9879.18,9766.09,9654.22,9543.390122257348,9433.773872937329,9325.359343464994,9218.134709144557,9112.0882291594,9007.208247705581,8903.48319285832,8800.901576572014,8699.451996947228,8599.123135963693,8499.903759480316,8401.782721769176,8304.74895984802,8208.791494613766,8113.89943651001,8020.061975325508,7927.2683926627,7835.508048335684,7744.77039283874,7655.044957144813,7566.321361773522,7478.58930658965,7391.838581004659,7306.059054908673,7221.24068433799,7137.373510341578,7054.447656714071,6972.4533277287655,6891.380817205639,6811.220498309825,6731.962826952131,6653.598341789022,6576.117665356137,6499.511501801279,6423.770635750911,6348.885934577163,6274.8483449973255,6201.648896474356,6129.278696682864,6057.728936043136,5986.9908831871035,5917.055884958365,5847.915368679174,5779.560839883447,5711.983882316755,5645.176156802822,5579.129402377035,5513.835434019428,5449.286143788193,5385.473498552672,5322.3895445273665,5260.026397070417,5198.376253152128,5137.4313777529405,5077.184112931453,5017.626875557409,4958.752150510697,4900.552500882854,4843.0205577755605,4786.149023701138,4729.930674849553,4674.35835768792,4619.424984426482,4565.123543220136,4511.447085699902,4458.3887360409535,4405.941685295093,4354.099190257257,4302.854577999524,4252.201241337103,4202.132636561333,4152.642289107191,4103.7237878857795,4055.370787551338,4007.577005100726,3960.3362232739396,3913.642287153598,3867.489103031444,3821.8706429423532,3776.780935596315,3732.2140765799513,3688.1642181550014
91,18757.56,20728.04,19474.16,20295.91,21857.14,20697.25,18326.69,18676.92,20636.78,18857.04,18922.69,18149.4,19793.61,17361.94,18010.29,18331.81,18231.5,18196.93,18124.97,18418.83,17594.37,17328.44,19483.0,17930.96,18076.97,16854.7,17120.71,17643.13,17220.75,15821.11,15979.82,17174.45,16409.82,15628.92,16882.47,15713.18,17038.27,16449.07,16317.38,16608.25,16601.79,16579.67,16539.64,16484.69,16416.47,16335.4,16247.46,16161.21,16080.73,16006.05,15934.57,15861.05,15780.39,15690.73,15591.32,15481.91,15364.27,15239.56,15107.99,14970.13,14826.31,14676.57,14522.78,14368.65,14216.03,14064.91,13915.28,13767.11,13620.41,13475.16,13331.35,13188.97,13048.0,12908.43,12770.25,12633.46,12498.03,12363.96,12231.24,12099.85,11969.78,11841.02,11713.56,11587.39,11462.5,11338.88,11216.51,11095.38,10975.266608000882,10856.38285152801,10738.717721098794,10622.2602658037,10506.999601191095,10392.924905888023,10280.025420473805,10168.29045311206,10057.709373918691,9948.271620593892,9839.966696169353,9732.784170134659,9626.713677310883,9521.7449201034,9417.867669628298,9315.071760080333,9213.34709774419,9112.683654236045,9013.071471009182,8914.500653721969,8816.9613801227,8720.443896670371,8624.938515155469,8530.435618332,8436.925656538266,8344.399151076086,8252.846689705177,8162.258930022367,8072.626597208781,7983.940487409065,7896.1914643521595,7809.370461604122,7723.468479188901,7638.476586967557,7554.38592576467,7471.187701736303,7388.873189749233,7307.433734507343,7226.860748298818,7147.1457121225485,7068.280171182512,6990.25574389901,6913.0641128974285,6836.697028387459,6761.146308163088,6686.403837602609,6612.461568542206,6539.3115170231495,6466.945770050231,6395.356475454101,6324.535852028943,6254.476179394793,6185.169807008811,6116.609146280428,6048.7866739505625,5981.6949309652255,5915.326524728318,5849.674123469615,5784.730461876783,5720.488336589771,5656.940606200798,5594.080194633577,5531.900085511284,5470.393325535778,5409.553025614002,5349.372354099555,5289.844543551123,5230.962883974045,5172.72072957875,5115.111493148724,5058.128644914109,5001.7657181837285,4946.016303713062,4890.8740497042445,4836.332664058876,4782.385912125212,4729.027617824569,4676.2516613985135,4624.05197828246,4572.422564737693,4521.357468840124,4470.850796112324
92,20212.36,21686.43,20203.81,20263.03,23871.67,21515.08,19488.37,21413.5,22512.01,19976.84,19299.58,18706.45,21919.57,17961.95,20773.81,20383.65,20561.41,19976.58,20817.24,19274.96,18804.27,20075.91,18841.09,18967.24,19573.66,18062.87,19926.2,19950.83,17919.2,18938.16,17172.96,18900.76,18026.4,17458.49,20326.83,17291.07,18183.69,17937.67,18080.58,18409.17,18412.25,18405.57,18382.71,18341.44,18284.8,18214.24,18130.1,18038.49,17948.09,17862.95,17782.94,17705.33,17624.81,17536.29,17437.99,17329.25,17209.91,17081.7,16945.76,16802.31,16651.85,16494.62,16332.68,16170.14,16009.08,15849.48,15691.33,15534.62,15379.35,15225.5,15073.06,14922.02,14772.37,14624.1,14477.2,14331.67,14187.48,14044.63,13903.12,13762.92,13624.03,13486.44,13350.15,13215.13,13081.38,12948.89,12817.65,12687.65,12558.624095697312,12430.82647303843,12304.247212185986,12178.876426853361,12054.704286671846,11931.720972456313,11809.916754490296,11689.281903057323,11569.80677790958,11451.481749982842,11334.297246130787,11218.243749125008,11103.311785353062,10989.491920345057,10876.774778904071,10765.151031685878,10654.61139855401,10545.146649698121,10436.747604515625,10329.405137203485,10223.110168929717,10117.85367342517,10013.626676983527,9910.420259579661,9808.225550396219,9707.033733415386,9606.836046300554,9507.623778159588,9409.388271781543,9312.120924755032,9215.813189468217,9120.456568635385,9026.042623125444,8932.562965251784,8840.00926436406,8748.373242374768,8657.646675995953,8567.821397857573,8478.889295389135,8390.842309701347,8303.67243670446,8217.371729345003,8131.932294250692,8047.346292848803,7963.605940247801,7880.703510829136,7798.631329300382,7717.381777405376,7636.94729280587,7557.320365726456,7478.493541191266,7400.459422379073,7323.2106627947605,7246.739972979484,7171.040117155595,7096.103914344995,7021.924236132422,6948.494011138884,6875.806220548225,6803.853896988765,6732.630130125096,6662.128061066285,6592.340886839312,6523.261853678916,6454.884265974463,6387.201476204729,6320.2068905296765,6253.89397102718,6188.256228982878,6123.287227126886,6058.9805818705145,5995.329962187908,5932.329085142614,5869.971722597736,5808.251695624136,5747.162876737156,5686.699187659896,5626.854601559937,5567.6231441676955,5508.998885947918,5450.975952164898,5393.548512817265
93,22097.51,23222.35,24853.97,23815.79,22736.45,23954.29,22699.66,23123.67,24219.05,23457.48,21803.03,21400.82,22926.85,23208.26,22017.99,22708.08,20954.58,22804.78,22184.42,20591.68,20358.3,20567.07,21837.86,22077.77,21734.59,22198.51,21286.76,21460.19,20860.5,20830.73,20180.18,20102.8,19823.92,18331.85,21294.39,19477.36,20504.3,19542.85,19943.63,20314.85,20324.8,20327.99,20321.14,20297.71,20255.54,20197.64,20125.26,20038.6,19943.87,19849.76,19760.23,19674.98,19591.15,19503.41,19406.77,19299.53,19181.17,19051.66,18912.6,18765.1,18609.4,18445.87,18276.9,18107.06,17938.64,17771.63,17606.01,17441.79,17278.95,17117.48,16957.37,16798.62,16641.21,16485.15,16330.41,16176.99,16024.89,15874.09,15724.58,15576.36,15429.41,15283.74,15139.33,14996.16,14854.24,14713.56,14574.1,14435.85,14298.523228898925,14162.40493716743,14027.486431188589,13893.759039551407,13761.21412415376,13629.843057996475,13499.637258492228,13370.588154156654,13242.687195711289,13115.925878289527,12990.295708127704,12865.788235874004,12742.39502327956,12620.10768761031,12498.917846132186,12378.817182728877,12259.797381284065,12141.850181196236,12024.967332966833,11909.140653715047,11794.361971663038,11680.623137238877,11567.91606748839,11456.232701663323,11345.565012324298,11235.905005340812,11127.244742097162,11019.576301742378,10912.891810057912,10807.183432795879,10702.443370127558,10598.663864415475,10495.837195772221,10393.955685391325,10293.01169443698,10192.997622933732,10093.905911987067,9995.729044893731,9898.45954492111,9802.089976417541,9706.61294592261,9612.021102167142,9518.30713274232,9425.46377187176,9333.483792639421,9242.360011430821,9152.085287933005,9062.652522913966,8974.05466155354,8886.284690112512,8799.33564037379,8713.200584090944,8627.872638539671,8543.344963186913,8459.610759690855,8376.663276342113,8294.495801401954,8213.101667543482,8132.474250741338,8052.6069702717095,7973.493289822612,7895.126716383607,7817.500798025205,7740.609129450338,7664.445345332598,7589.003126978001,7514.276195663217,7440.258319297339,7366.943305760123,7294.325008453446,7222.397322970435,7151.154187095461,7080.589583024729,7010.697534035395,6941.472107816449,6872.907413137832,6804.997602071022,6737.7368699890385,6671.1194522355545,6605.139628566077,6539.791720927361,6475.0700901265145
94,21076.29,24915.12,24406.78,27650.41,25291.62,25822.57,26170.07,23524.77,28924.35,24211.68,23794.81,21015.86,24063.95,24800.71,24754.92,24113.3,25896.34,24471.92,23077.36,24405.62,22251.21,22940.36,23052.13,24097.11,23167.38,23434.22,23940.15,23085.03,22957.29,22479.86,21673.44,22997.13,22307.61,19788.2,23783.87,21586.44,21910.66,22374.89,21884.25,22301.69,22321.75,22331.97,22335.24,22328.27,22304.49,22261.8,22203.19,22129.61,22041.13,21943.96,21846.74,21753.22,21662.94,21572.9,21477.84,21372.95,21256.63,21128.53,20988.73,20838.72,20679.52,20511.32,20336.84,20161.18,19986.87,19813.88,19642.22,19471.88,19302.84,19135.11,18968.67,18803.52,18639.66,18477.07,18315.74,18155.68,17996.87,17839.3,17682.98,17527.89,17374.02,17221.37,17069.93,16919.7,16770.66,16622.81,16476.14,16330.64,16185.988197390516,16042.505404254527,15900.184279492512,15759.01744893694,15618.997593533637,15480.117383205756,15342.369465831107,15205.74654440086,15070.241299860845,14935.8464462249,14802.554697506866,14670.35876772059,14539.251425993272,14409.225408384096,14280.273484020263,14152.388455096994,14025.56310176416,13899.79027030767,13775.06277394541,13651.373481008633,13528.715270851259,13407.081022827204,13286.463660381083,13166.856117980176,13048.25135213711,12930.642341409846,12814.022086401706,12698.38360976134,12583.719967205427,12470.024214450632,12357.28945130432,12245.508799619196,12134.675414315976,12024.782450315382,11915.823117651496,11807.790637381066,11700.678252606187,11594.479250519647,11489.1869293369,11384.794620341416,11281.29569890735,11178.683551431539,11076.95158635616,10976.093265032203,10876.102057628814,10776.971475099015,10678.695054850241,10581.26636625568,10484.679007347464,10388.92660812347,10294.002828342796,10199.90136193482,10106.615931487871,10014.14029155602,9922.468228659087,9831.593562384915,9741.510144287087,9652.211855680409,9563.692613152227,9475.946365255646,9388.967091407247,9302.748807398428,9217.285558781801,9132.571426382532,9048.600520787002,8965.366988956399,8882.865012022206,8801.088799774849,8720.032600584103,8639.690692580962,8560.057390271233,8481.127039024206,8402.894021686257,8325.35274976271,8248.497672235968,8172.323271156457,8096.824061642613,8021.994591880893,7947.829446432565,7874.323239620117,7801.470623243121,7729.266282169162
95,28365.95,25939.27,24665.05,25930.37,24547.09,29295.09,25073.46,27064.04,28257.21,27038.16,25606.97,25010.15,26609.84,24457.08,24388.92,23095.78,24059.65,26463.1,27416.85,25639.52,25486.82,25715.83,26601.95,25694.49,26319.29,24347.83,24693.72,25018.14,23868.87,23549.57,23589.55,23871.83,24587.92,22153.36,25775.33,23457.04,24547.92,25686.91,23546.3,23999.51,24031.33,24051.5,24061.76,24065.04,24058.12,24034.56,23992.41,23934.52,23861.51,23773.27,23675.88,23577.64,23482.03,23388.38,23293.64,23192.73,23081.18,22957.56,22821.7,22673.8,22515.17,22346.65,22171.06,21993.94,21818.05,21643.38,21469.92,21297.66,21126.61,20956.75,20788.09,20620.61,20454.31,20289.19,20125.24,19962.45,19800.82,19640.34,19481.01,19322.83,19165.78,19009.86,18855.07,18701.39,18548.84,18397.38,18247.04,18097.79,17949.282346186566,17801.868966246842,17655.543979772392,17510.3014524061,17366.135503739548,17223.04019941561,17081.00961586691,16940.037829526063,16800.118916825693,16661.24693261893,16523.41594254866,16386.620012257757,16250.853207389104,16116.109582795836,15982.383214910573,15849.668169376193,15717.958511835575,15587.248318721338,15457.5316664661,15328.802642292225,15201.055322632325,15074.283805498502,14948.482199692595,14823.644603226703,14699.76513569241,14576.837916681288,14454.857087364406,14333.816799702558,14213.711184077063,14094.534424817948,13976.28068467575,13858.94416955997,13742.519053010892,13626.999573307236,13512.3799363585,13398.654391233154,13285.817197789394,13173.862615885426,13062.784926958933,12952.578444816818,12843.237461686502,12734.756334533853,12627.129398745254,12520.351011286568,12414.415572282625,12309.317471068505,12205.051129348516,12101.610990406443,11998.991497526078,11897.187126360419,11796.192374141963,11696.001759682671,11596.60981258425,11498.011094817637,11400.200168353755,11303.171627532753,11206.920099064002,11111.440209656874,11016.726629179699,10922.774038290545,10829.577128437228,10737.130624515752,10645.429284870319,10554.46787431897,10464.241182496158,10374.744027089653,10285.971244129783,10197.917697700206,10110.578270227134,10023.947870032156,9938.021430253264,9852.79390668691,9768.26027778799,9684.415548985757,9601.254747288942,9518.772925601657,9436.965159486464,9355.826551480275,9275.352226778465,9195.537335392793,9116.37705430939,9037.866582093855
96,28795.94,29423.08,25024.25,26356.25,28530.2,31970.94,24989.52,28244.13,28037.38,28571.43,26216.74,26233.42,30914.74,27130.7,27864.16,27233.62,26946.97,27062.05,28818.08,27504.24,27165.08,26731.38,27543.15,27877.58,25632.86,26500.14,29778.67,28453.09,24625.04,28972.56,23822.14,26523.58,25962.91,24593.4,24330.04,26296.42,26628.0,25472.85,25662.97,26156.32,26195.06,26227.42,26247.9,26258.28,26261.59,26254.68,26231.17,26189.28,26131.75,26058.78,25970.09,25871.66,25771.48,25672.72,25574.5,25473.66,25365.34,25245.37,25112.5,24966.75,24808.44,24638.62,24460.9,24281.27,24102.76,23925.35,23749.06,23573.86,23399.77,23226.76,23054.85,22884.03,22714.29,22545.63,22378.04,22211.53,22046.08,21881.7,21718.38,21556.11,21394.89,21234.72,21075.59,20917.5,20760.44,20604.41,20449.41,20295.43,20142.09307530211,19989.77676417562,19838.476524894984,19688.187762176527,19538.9058807366,19390.62628529154,19243.34433771122,19097.055389153902,18951.754790777853,18807.43787231808,18664.099952798006,18521.736340529413,18380.342322400862,18239.91319601252,18100.44422682972,17961.930691029393,17824.36784336525,17687.750927879377,17552.075199325485,17417.33590174566,17283.528257758753,17150.647500695246,17018.688853173986,16887.647537813828,16757.51876652202,16628.29777262902,16499.97975733046,16372.559932533575,16246.033520857221,16120.395734208638,15995.641763071824,15871.766851488876,15748.766200655411,15626.635033190287,15505.368561000738,15384.96201741724,15265.410614347029,15146.709595832199,15028.854195203214,14911.83965650217,14795.661213059535,14680.314130340636,14565.79365238756,14452.095044665626,14339.213583351784,14227.14454462296,14115.883215367727,14005.424882474626,13895.764864967075,13786.898460445243,13678.820987932539,13571.527787875606,13465.014200721082,13359.275556203993,13254.307248329067,13150.104617542938,13046.663068561958,12943.977984679232,12842.044770611103,12740.85885249715,12640.415656476944,12540.710619401681,12441.739210257409,12343.496887318553,12245.97914099439,12149.181450982582,12053.099350538878,11957.728351495782,11863.06398710905,11769.101812057652,11675.837391732191,11583.266323658116,11491.384183937635,11400.186602231048,11309.66918677542,11219.827599365899,11130.657491086016,11042.15453444254,10954.314423365468,10867.132873208035,10780.605599323471,10694.728347057544
97,26734.47,28764.04,33695.65,27751.83,29186.16,34688.35,27191.87,26979.47,35886.0,26063.17,25466.73,31247.23,33485.42,31861.2,28990.63,28300.26,30738.26,31881.25,30664.5,26723.35,32141.33,30126.44,32613.42,29050.57,28760.09,31246.3,29704.73,28875.38,27917.34,25898.62,27404.93,29273.48,27996.04,26115.03,30288.15,27550.66,27116.21,29835.15,28012.93,28550.7,28592.27,28631.64,28664.43,28685.13,28695.59,28698.93,28692.05,28668.74,28627.38,28570.56,28498.03,28409.32,28310.21,28208.34,28106.51,28003.6,27896.37,27780.18,27651.26,27508.55,27352.26,27182.79,27004.13,26823.21,26643.28,26464.34,26286.39,26109.43,25933.46,25758.46,25584.45,25411.41,25239.34,25068.25,24898.13,24728.98,24560.79,24393.56,24227.29,24061.97,23897.61,23734.2,23571.73,23410.21,23249.63,23089.99,22931.29,22773.51,22616.273052617424,22459.970190069467,22304.598126208413,22150.153542982167,21996.63313297344,21844.03352495623,21692.351347704553,21541.583198088065,21391.72567297643,21242.7753160654,21094.728671050714,20947.582260358562,20801.33258514557,20655.976125298785,20511.509339435703,20367.928696808594,20225.230602861036,20083.411494940963,19942.467757222377,19802.395795148874,19663.19197162489,19524.85264955488,19387.37418120851,19250.7528869511,19114.985108417543,18980.06715533837,18845.995326809334,18712.7659219262,18580.375218515157,18448.819494402396,18318.09500614454,18188.198031567783,18059.124816593972,17930.87160714495,17803.434627872994,17676.810135334737,17550.99434354767,17425.98347716408,17301.77375020146,17178.361387312092,17055.742591878687,16933.913588553532,16812.870559449773,16692.609718584907,16573.127269341654,16454.419404467943,16336.482327346486,16219.312241360009,16102.905339256438,15987.257813783703,15872.365868324527,15758.22570626162,15644.833520342916,15532.185524585919,15420.277901103767,15309.10687454875,15198.668648303581,15088.959425750973,14979.97544217799,14871.712890332568,14764.168005501766,14657.337001703081,14551.216124858356,14445.80161025466,14341.089671909487,14237.076587649024,14133.758582125558,14031.131922530494,13929.192876055247,13827.937699256436,13727.362669960256,13627.464065992895,13528.238186450119,13429.681319792891,13331.789765116975,13234.559842787688,13137.987862535569,13042.07015536072,12946.803052263243,12852.18289487803,12758.206046109523,12664.868858227394
98,25404.16,26984.95,33724.65,28976.38,33070.13,31913.94,30863.66,34345.19,37654.57,29387.76,34103.48,28238.43,30819.89,28519.64,33932.58,34922.23,32742.7,31025.46,37156.93,28082.19,32020.22,31756.76,29870.9,29703.35,34872.17,31295.15,32543.77,37785.25,30465.44,30597.39,29884.7,31168.83,30440.1,30066.15,32961.84,31120.63,29078.61,30509.75,30526.72,31111.85,31156.29,31198.37,31238.09,31271.1,31291.87,31302.33,31305.67,31298.9,31276.0,31235.58,31180.04,31108.6,31020.56,30921.48,30818.51,30714.02,30606.61,30493.0,30368.85,30230.84,30078.13,29911.06,29733.63,29553.36,29373.95,29195.4,29017.72,28840.9,28664.94,28489.84,28315.59,28142.21,27969.68,27798.0,27627.18,27457.21,27288.08,27119.81,26952.38,26785.79,26620.05,26455.15,26291.1,26127.87,25965.49,25803.94,25643.22,25483.33,25323.864091142234,25165.23233630481,25007.432623571734,24850.462819907854,24694.320750039686,24539.00420701502,24384.510983881642,24230.838820889436,24077.98543716912,23925.94855185143,23774.7258207096,23624.314910076464,23474.713433486944,23325.91900447596,23177.929204899705,23030.74158493562,22884.35369476115,22738.763052874998,22593.967146097133,22449.96346124752,22306.74946402697,22164.322577897954,22022.680247442135,21881.819853883662,21741.738810125447,21602.434465712915,21463.90419131066,21326.145315344937,21189.155166242013,21052.931051308995,20917.47026729341,20782.77008982363,20648.827805087585,20515.64064647533,20383.205857936497,20251.520683420702,20120.58233519883,19990.388014982196,19860.93491392252,19732.220233731106,19604.241144440526,19476.994805523766,19350.478365894218,19224.688995584467,19099.62381182917,18975.27996354173,18851.65456795682,18728.744731749524,18606.547561594925,18485.060174727692,18364.27966726333,18244.203103638607,18124.827601088182,18006.150202929668,17888.168015838157,17770.878083131243,17654.277479805278,17538.36327029702,17423.132497924096,17308.58222712325,17194.7095012121,17081.511374067828,16968.984878448464,16857.127068231188,16745.93496561445,16635.40563503502,16525.536088131757,16416.323378781854,16307.764529183749,16199.856582655057,16092.596561394219,15985.981508718844,15880.008457386952,15774.674440156577,15669.976479226165,15565.911628472899,15462.476910095222,15359.669377970327,15257.486043737077,15155.923971832239,15054.98020557342,14954.651767159061
99,28503.56,28295.82,26259.54,34029.39,30721.97,33926.13,29242.82,28928.34,37294.81,34300.13,25335.48,37297.81,33888.62,33429.39,31007.75,31454.78,34575.26,32848.08,35030.26,33368.68,32271.27,35066.51,37896.03,30751.03,32191.41,30351.08,33945.67,32485.22,34038.05,32081.22,31149.1,32943.29,30619.47,32081.48,33992.81,29723.78,35705.18,27620.47,32810.32,33438.2,33484.97,33529.25,33571.06,33610.4,33643.0,33663.45,33673.7,33676.97,33670.45,33648.45,33609.85,33556.79,33487.92,33402.31,33305.14,33202.88,33097.41,32987.05,32868.53,32737.92,32592.47,32431.56,32259.37,32083.95,31909.25,31735.27,31562.02,31389.49,31217.68,31046.6,30876.24,30706.6,30537.68,30369.49,30202.01,30035.26,29869.22,29703.91,29539.31,29375.43,29212.27,29049.83,28888.1,28727.08,28566.78,28407.19,28248.32,28090.15,27932.291734321214,27775.14964390097,27618.722638322633,27463.009575244974,27308.009301941845,27153.72060337756,27000.14228528628,26847.273091092666,26695.111743451518,26543.656954632705,26392.907395366445,26242.86171561309,26093.51855494808,25944.876501022267,25796.934141486476,25649.69003283679,25503.142710799446,25357.290669561004,25212.132424077863,25067.666426996893,24923.89112058005,24780.804947089287,24638.40629686197,24496.69354985052,24355.66508600737,24215.31924374528,24075.65435109208,23936.668725690677,23798.360643644308,23660.7283810562,23523.770203644664,23387.484345973244,23251.869021835657,23116.922445025604,22982.642798182038,22849.02826394391,22716.077004180315,22583.787149605614,22452.15684131906,22321.184189265172,22190.86729300352,22061.204252093707,21932.193124555622,21803.83198917902,21676.118883213956,21549.0518439105,21422.628908518716,21296.848083133904,21171.707363466445,21047.20474522672,20923.3382137402,20800.105743947417,20677.50527963416,20555.53477497112,20434.192184129013,20313.475419738843,20193.382415201482,20073.911083147945,19955.05932582433,19836.825045476744,19719.20612358144,19602.200451999597,19485.80589143764,19370.0203129869,19254.8415773538,19140.26754524476,19026.296056596348,18912.924951345158,18800.15205904283,18687.97521962595,18576.392252261267,18465.4009761155,18354.999199970476,18245.18473260801,18135.955382809916,18027.308959358015,17919.24323987936,17811.756022770853,17704.845096044464,17598.50824771218,17492.743255401037,17387.54790712303
100,29629.63,33705.08,37752.81,37068.97,40776.7,27518.43,32898.7,30769.23,38721.46,33628.32,37534.5,37718.63,43484.32,34636.87,37333.33,33184.43,38145.0,35781.34,38230.09,29015.54,36576.29,32388.66,34914.61,38406.14,36510.07,39333.6,39965.55,34661.51,34560.48,35634.03,27872.5,34745.15,33967.39,34635.18,41018.86,35897.44,29884.2,37252.62,35426.57,36096.62,36145.99,36192.73,36236.85,36278.37,36317.32,36349.48,36369.59,36379.62,36382.82,36376.56,36355.53,36318.89,36268.49,36202.36,36119.3,36024.1,35922.48,35815.78,35702.06,35578.04,35440.25,35286.51,35120.58,34950.99,34782.0,34613.6,34445.79,34278.57,34111.95,33945.92,33780.48,33615.64,33451.39,33287.73,33124.67,32962.21,32800.34,32639.07,32478.39,32318.3,32158.81,31999.92,31841.62,31683.92,31526.81,31370.3,31214.38,31059.05,30903.92489195238,30749.399695682412,30595.47406051529,30442.14761514826,30289.419977964622,30137.290736405772,29985.75943665724,29834.82562490458,29684.488795763496,29534.748443849694,29385.604022523028,29237.054974829396,29089.10072318674,28941.7406384432,28794.974112074837,28648.80048398788,28503.219073460645,28358.22919977144,28213.83013062873,28070.021133741007,27926.80145618882,27784.170303796862,27642.12690301775,27500.670408106347,27359.799993945457,27219.514804475974,27079.813963010864,26940.696572235174,26802.161714206017,26664.208460666527,26526.83587304589,26390.042971517418,26253.828776254442,26118.192297116308,25983.132492392553,25848.64835131459,25714.73881154403,25581.40281074246,25448.63926594356,25316.447083867024,25184.82515060463,25053.772331620232,24923.287502691615,24793.36948802678,24664.017122147674,24535.229229262273,24407.004602636676,24279.342035536956,24152.24031091525,24025.698170467815,23899.714386832806,23774.28768107856,23649.416794901335,23525.100428741545,23401.337283039582,23278.126047921884,23155.46540320093,23033.354028689184,22911.790562943264,22790.773665147713,22670.301963545175,22550.374086378295,22430.9886412618,22312.14424612436,22193.83948795277,22076.072953733812,21958.843230454273,21842.14886384509,21725.988440893037,21610.360486701116,21495.263557314218,21380.6961881493,21266.6568939954,21153.144210269485,21040.156631132642,20927.69266105995,20815.750804526466,20704.32954537933,20593.427367465683,20483.04274431869,20373.17413915756,20263.820025515462
101,36363.64,35320.09,40677.97,45255.47,33388.98,39370.08,30344.83,35045.32,48128.34,45103.86,39087.95,41498.56,42260.44,23989.57,41623.31,38736.84,38802.89,44353.18,38510.45,34275.3,40300.75,39119.8,42105.26,40380.4,40283.24,41068.92,39735.1,39533.29,41959.65,33629.37,46265.06,36752.14,30990.59,34059.81,36693.55,33222.59,39094.65,40000.0,38129.9,38836.38,38881.38,38930.44,38976.75,39020.32,39061.2,39099.39,39130.81,39150.38,39160.1,39163.19,39157.27,39137.46,39103.23,39056.11,38993.46,38913.77,38821.38,38721.17,38613.89,38497.31,38368.22,38223.65,38066.45,37905.23,37744.47,37584.18,37424.36,37265.0,37106.11,36947.68,36789.73,36632.24,36475.23,36318.68,36162.61,36007.01,35851.88,35697.23,35543.05,35389.34,35236.11,35083.35,34931.07,34779.26,34627.94,34477.08,34326.71,34176.81,34027.015714505585,33877.70433322703,33728.876061066934,33580.53105170225,33432.669479300195,33285.2914872926,33138.39716788562,32991.98663377569,32846.059956678735,32700.61717757527,32555.65834769095,32411.183467025763,32267.19254582486,32123.685543107695,31980.662417893764,31838.123108712287,31696.067533602207,31554.495590112234,31413.4071553008,31272.80210622634,31132.68026872164,30993.041478864616,30853.885541997803,30715.21225321857,30577.021387134082,30439.312687616057,30302.08590878138,30165.340774011533,30029.076975952605,29893.294217495815,29757.992170797,29623.17049776686,29488.828829580692,29354.96679741383,29221.584011951305,29088.68007363304,28956.254562408692,28824.3070479828,28692.837069324483,28561.84417564802,28431.32788543229,28301.287717156167,28171.72313807287,28042.63365641615,27914.018729194107,27785.877813414834,27658.21034559616,27531.01575201079,27404.2934486863,27278.042841405135,27152.263305214354,27026.954235651254,26902.114987272642,26777.7449146353,26653.843362050895,26530.4096430957,26407.44308159111,26284.942991113403,26162.908664748586,26041.339375092408,25920.234404985753,25799.59300653411,25679.41443184296,25559.697922772677,25440.442710938474,25321.64801771046,25203.313043968472,25085.43700083747,24968.019068707046,24851.05842796676,24734.554248761076,24618.505690989303,24502.911924795884,24387.77206909962,24273.085263309567,24158.850646834784,24045.067318103796,23931.73440628054,23818.850989303286,23706.416165600564,23594.429033600925,23482.888650752364
102,44635.19,29149.8,43243.24,36491.23,46302.25,38968.48,21768.71,37254.9,52582.16,49462.37,32653.06,46783.63,41025.64,28752.64,43202.98,32352.94,45051.19,46357.62,57443.08,35474.01,34224.6,41206.03,40326.98,41489.36,41176.47,41184.04,47457.63,35016.84,37189.19,39497.31,43026.44,42794.76,43416.37,39396.35,49087.89,43949.04,34972.68,35263.61,40903.93,41646.71,41680.17,41724.61,41772.94,41818.41,41861.06,41900.9,41937.98,41968.36,41987.19,41996.49,41999.44,41993.93,41975.58,41944.2,41900.92,41842.43,41766.9,41678.12,41580.05,41472.79,41353.88,41220.21,41074.04,40923.7,40773.71,40624.06,40474.76,40325.82,40177.22,40028.98,39881.09,39733.55,39586.37,39439.54,39293.07,39146.95,39001.2,38855.8,38710.76,38566.08,38421.77,38277.81,38134.22,37990.99,37848.12,37705.62,37563.48,37421.71,37279.95970489342,37138.57986252294,36997.570991986555,36856.933612382214,36716.668181737536,36576.7751886153,36437.25507068635,36298.10827579992,36159.33523144844,36020.93632441077,35882.91195164422,35745.26249992764,35607.988315326336,35471.089754084016,35334.567131730815,35198.42077397525,35062.650986169094,34927.2580329505,34792.24220949283,34657.60374989908,34523.34291880744,34389.45992996413,34255.95499711536,34122.828323828966,33990.08009331599,33857.71047860909,33725.71965274094,33594.1077378522,33462.87488661877,33332.02120082456,33201.54679243187,33071.45176322462,32941.73618445155,32812.400117183,32683.44363266772,32554.86676144088,32426.669523859273,32298.851950458058,32171.414051415635,32044.355796196833,31917.677184801643,31791.378186694896,31665.458740806236,31539.918806422113,31414.758312293776,31289.977187172477,31165.575329274317,31041.552657172153,30917.909038546906,30794.644351257866,30671.75848334273,30549.251261768848,30427.122554217134,30305.372187654928,30183.999978871176,30063.00574465484,29942.389301794876,29822.150416188273,29702.288884267207,29582.804492285453,29463.69697560484,29344.966100122343,29226.611621556593,29108.63325491262,28991.030725373847,28873.803758123704,28756.952057988852,28640.475309439145,28524.373207122833,28408.645435509796,28293.29164853471,28178.31152048906,28063.70469512913,27949.47082638962,27835.60952749165,27722.120452369913,27609.00319388875,27496.25737544767,27383.88260008941,27271.878450499928,27160.244519543547,27048.98038990623
103,42477.88,22222.22,41450.78,43113.77,55944.06,43243.24,37383.18,36529.68,47257.38,40930.23,42307.69,34509.8,27272.73,52244.9,58044.16,40909.09,44155.84,61162.08,47368.42,21476.51,37163.81,35010.94,41441.44,36982.97,33333.33,50612.24,53333.33,32951.95,31833.91,44000.0,44916.54,36610.17,48440.37,28976.38,40597.01,50704.23,47124.82,49162.01,43728.49,44507.24,44527.92,44560.76,44604.25,44651.42,44695.66,44736.98,44775.43,44811.04,44840.08,44857.99,44866.77,44869.56,44864.51,44847.84,44819.69,44780.78,44727.06,44656.38,44571.91,44476.62,44369.95,44249.18,44116.29,43979.25,43842.46,43705.91,43569.61,43433.56,43297.75,43162.2,43026.89,42891.84,42757.03,42622.48,42488.19,42354.14,42220.36,42086.83,41953.55,41820.53,41687.78,41555.28,41423.04,41291.06,41159.34,41027.88,40896.69,40765.76,40634.791012899375,40504.08976526329,40373.65688413993,40243.49300669116,40113.598729624144,39983.97467998708,39854.62143425974,39725.53957903559,39596.729690794455,39468.192325788725,39339.928040270854,39211.93736015222,39084.220821457886,38956.778950099244,38829.61223153297,38702.72118155675,38576.10628562727,38449.7680190875,38323.70683705307,38197.923214866954,38072.41757730376,37947.1903693654,37822.24201582647,37697.57294146156,37573.18353059052,37449.07420798793,37325.24532763261,37201.6972940718,37078.43045117061,36955.445173135224,36832.741803830795,36710.320666895095,36588.18211630693,36466.32644536305,36344.75397770122,36223.46501673187,36102.45984563804,35981.73874760279,35861.3019956955,35741.149862985534,35621.28260231491,35501.70044629829,35382.403637663985,35263.39241914034,35144.667003114664,35026.22759186053,34908.074397765246,34790.20760287508,34672.62740946362,34555.33398946343,34438.327514807104,34321.60812708615,34205.17599823314,34089.03126983961,33973.174073383394,33857.60454034234,33742.32278196695,33627.328919621374,33512.623054442425,33398.20528756691,33284.07569990426,33170.23437236393,33056.681385855365,32943.416801060645,32830.44066854817,32717.753049000028,32605.353982870947,32493.243510615634,32381.421642347777,32269.88842863578,32158.643849252283,32047.687944651996,31937.020684493895,31826.642089005334,31716.55211773159,31606.75077067266,31497.238007373828,31388.013787380365,31279.078090464922,31170.430845831714,31062.07201302604,30954.00152125213
104,54545.45,48000.0,58823.53,40336.13,34408.6,39506.17,39344.26,35000.0,55172.41,32786.89,44137.93,42105.26,15384.62,29090.91,24806.2,45977.01,31683.17,46560.85,50000.0,68571.43,40000.0,50793.65,55598.46,50955.41,58237.55,39160.84,43750.0,33644.86,56939.5,44094.49,17021.28,40793.2,61855.67,47222.22,38740.92,45595.85,28664.5,39895.01,46573.63,47395.57,47402.42,47422.58,47454.52,47496.69,47542.29,47584.9,47624.53,47661.22,47695.02,47722.44,47739.25,47747.44,47750.02,47745.5,47730.7,47706.1,47671.97,47623.53,47558.26,47478.68,47386.66,47280.92,47163.51,47042.02,46920.69,46799.52,46678.52,46557.67,46436.99,46316.47,46196.11,46075.92,45955.9,45836.04,45716.35,45596.83,45477.47,45358.29,45239.27,45120.43,45001.75,44883.25,44764.92,44646.77,44528.79,44410.98,44293.35,44175.89,44058.35449632399,43940.99820832664,43823.82173905546,43706.825681507216,43590.01063872945,43473.377193668115,43356.925909167585,43240.65737822461,43124.57214358198,43008.67076808406,42892.95381457524,42777.42181574749,42662.07531434362,42546.91483300481,42431.94091447387,42317.15405123962,42202.55477599404,42088.14359127677,41973.920989576625,41859.88746338243,41746.04350518301,41632.389587365615,41518.92619236827,41405.653772476624,41292.57281012873,41179.683737508654,41066.98701695283,40954.48308064535,40842.172380871845,40730.05532971483,40618.132369409155,40506.403901986516,40394.87033952939,40283.532104171085,40172.38957784168,40061.44315252209,39950.6932402948,39840.14019293756,39729.784412482026,39619.62624065517,39509.66606943788,39399.904250607906,39290.34112589216,39180.97704706841,39071.81235586356,38962.847383953784,38854.08247306601,38745.51793477481,38637.15409070553,38528.991262483534,38421.0297415818,38313.26983957488,38205.71185798656,38098.356068188215,37991.20277170364,37884.252249955,37777.504774313704,37670.96060610034,37564.62000663552,37458.48324729064,37352.550579335504,37246.822243989125,37141.29848247053,37035.97953599872,36930.86564579272,36825.95701286838,36721.25388849551,36616.756473689944,36512.46496946755,36408.37960699654,36304.50057724197,36200.8280711689,36097.36227974237,35994.103403978246,35891.0516046892,35788.207072840276,35685.56997929496,35583.140484865915,35480.91876041663,35378.904956708975,35277.09922450483,35175.501714566104
105,0.0,0.0,51612.9,45714.29,75675.68,29629.63,46153.85,63492.06,45714.29,81355.93,25806.45,23880.6,28235.29,33613.45,45977.01,27272.73,60000.0,67605.63,51948.05,70000.0,43243.24,49122.81,40677.97,15841.58,37333.33,26229.51,49438.2,36601.31,43076.92,37209.3,43153.53,49122.81,61878.45,46601.94,64000.0,28193.83,55913.98,42926.83,49656.39,50532.74,50532.74,50539.4,50558.97,50589.89,50630.59,50674.46,50715.26,50753.03,50787.82,50819.66,50845.34,50860.97,50868.52,50870.89,50866.93,50854.07,50833.16,50803.99,50760.97,50701.2,50626.47,50537.43,50436.94,50332.46,50228.08,50123.79,50019.59,49915.5,49811.49,49707.59,49603.78,49500.07,49396.46,49292.95,49189.54,49086.23,48983.02,48879.91,48776.9,48674.0,48571.2,48468.5,48365.9,48263.41,48161.03,48058.75,47956.57,47854.51,47752.34530203085,47650.28934428532,47548.34260867001,47446.50554697241,47344.77866117861,47243.16239303632,47141.65721441248,47040.26357709454,46938.98195294943,46837.812783724876,46736.75652120835,46635.813617187334,46534.98450336983,46434.269621503605,46333.66941333639,46233.18430053651,46132.814724851676,46032.561087870774,45932.42384138127,45832.4033769323,45732.50012623188,45632.71449086888,45533.046882471885,45433.497702629735,45334.06736297104,45234.7562450052,45135.56475032107,45036.49327046781,44937.54218695481,44838.71189133122,44740.002755066744,44641.415169710526,44542.94949669252,44444.60611752215,44346.385383589666,44248.2876764045,44150.313337317166,44052.46274783709,43954.73623927508,43857.13417306112,43759.65689054572,43662.30475315886,43565.07808217163,43467.9772289743,43371.002514837935,43274.15428111308,43177.432849070814,43080.83856006168,42984.37171527731,42888.0326359888,42791.82165350696,42695.739069023424,42599.78519376957,42503.960328937035,42408.26477571748,42312.698845342245,42217.262828963285,42121.95701773249,42026.781702801825,41931.737175323186,41836.82371640876,41742.041597131065,41647.39111868172,41552.87254209349,41458.48612839915,41364.2321687506,41270.110924180604,41176.12264568221,41082.267594288176,40988.546041070964,40894.95823702364,40801.5044230995,40708.18485029158,40614.99976959294,40521.94941191716,40429.03403829699,40336.25385956659,40243.609126719,40151.10007066781,40058.726902247174,39966.48987245013,39874.3891720314
106,0.0,42105.26,53333.33,69565.22,0.0,28571.43,0.0,80000.0,23529.41,43243.24,77419.35,25000.0,0.0,40677.97,40677.97,35294.12,45714.29,60377.36,100000.0,28571.43,26666.67,51063.83,50000.0,41558.44,57142.86,76712.33,48780.49,42105.26,43478.26,67605.63,25806.45,59459.46,52032.52,47761.19,19753.09,61538.46,59863.95,32000.0,52735.04,53665.72,53665.72,53665.72,53672.13,53690.96,53720.6,53759.47,53801.22,53839.87,53875.45,53908.02,53937.62,53961.31,53975.62,53982.45,53984.6,53981.22,53970.44,53953.41,53929.42,53892.07,53838.0,53768.06,53686.38,53600.75,53515.16,53429.62,53344.12,53258.68,53173.28,53087.94,53002.64,52917.4,52832.2,52747.06,52661.97,52576.93,52491.94,52407.0,52322.12,52237.28,52152.51,52067.78,51983.11,51898.49,51813.93,51729.42,51644.97,51560.57,51476.07860952937,51391.644059409125,51307.26666057111,51222.94672394721,51138.68456046926,51054.480471039074,50970.33477661859,50886.24775804947,50802.219746323695,50718.2510122529,50634.34188682906,50550.492640863784,50466.70359531902,50382.975021006365,50299.30723888776,50215.70051977482,50132.155154539294,50048.67145411302,49965.24967927759,49881.89013093478,49798.59309995635,49715.35885715391,49632.18768336916,49549.079869473804,49466.03569630956,49383.055424657985,49300.13933536075,49217.287719289605,49134.50082719604,49051.77893992175,48969.12232827835,48886.53126307746,48804.006005100644,48721.546825159516,48639.153984035656,48556.827742510606,48474.56836136594,48392.37610138322,48310.25122334401,48228.193988029845,48146.20463616221,48064.283428522634,47982.43061586262,47900.646458963754,47818.931188517396,47737.28506530511,47655.708340078396,47574.20124352865,47492.764026407356,47411.39691940591,47330.10018330586,47248.8740487986,47167.7187465755,47086.63451735801,47005.62160186758,46924.6802207655,46843.81061477324,46763.013004552115,46682.287630823565,46601.63472427896,46521.054495549586,46440.54717532681,46360.112984271946,46279.75215307639,46199.4648923714,46119.251432848345,46039.1119851385,45959.04675987312,45879.05597771353,45799.139849290994,45719.298585236764,45639.532396182105,45559.84150278834,45480.22609562661,45400.68639535824,45321.22260258443,45241.83490787631,45162.52353189521,45083.288665212276,45004.13050842871,44925.04926214571,44846.04511693441
107,100000.0,0.0,47058.82,0.0,72727.27,100000.0,40000.0,42105.26,0.0,38095.24,44444.44,69565.22,66666.67,66666.67,48484.85,19047.62,81632.65,0.0,0.0,0.0,42105.26,84210.53,0.0,22222.22,55813.95,27586.21,74418.6,32653.06,40000.0,100000.0,25806.45,42105.26,50000.0,59259.26,80000.0,83333.33,34782.61,56140.35,55785.52,56770.03,56770.03,56770.03,56770.03,56776.14,56794.06,56822.19,56858.93,56898.22,56934.39,56967.49,56997.57,57024.68,57046.2,57059.07,57065.12,57067.02,57064.26,57055.61,57042.55,57023.81,56992.14,56943.48,56882.26,56816.93,56751.6,56686.3,56621.02,56555.76,56490.52,56425.29,56360.09,56294.9,56229.74,56164.6,56099.48,56034.37,55969.29,55904.23,55839.19,55774.18,55709.18,55644.21,55579.26,55514.33,55449.42,55384.53,55319.67,55254.83,55189.914566306266,55125.022523448904,55060.154011732855,54995.30920152839,54930.48824316222,54865.69130700462,54800.9185433823,54736.170112643755,54671.446165115696,54606.74686114662,54542.07236108501,54477.42281525759,54412.798384012836,54348.19921767748,54283.62546657822,54219.07729106355,54154.55484146019,54090.05827811662,54025.587731315994,53961.143381450376,53896.72535880291,53832.333823722096,53767.96891651286,53703.630797523685,53639.31961708129,53575.035515490614,53510.77864307835,53446.54915017124,53382.34718709596,53318.17289415748,53254.02642168247,53189.9079099759,53125.817509364446,53061.75537017485,52997.721622690246,52933.71641723735,52869.73990414289,52805.79221368998,52741.873506227144,52677.98390201574,52614.12356140425,52550.29261467585,52486.491202135454,52422.71947410978,52358.97755086019,52295.26559273518,52231.58371999613,52167.93208296973,52104.31082196094,52040.720067252885,51977.15994912873,51913.6306078934,51850.1321938736,51786.66481730893,51723.22863854789,51659.82376783004,51596.45035548213,51533.10853178728,51469.79841700687,51406.52016146762,51343.273895452665,51280.0597292016,51216.87782306292,51153.728277254435,51090.61125212464,51027.52684789133,50964.47521488122,50901.4564733557,50838.47075359789,50775.51817586918,50712.59887045271,50649.71297765342,50586.86060771089,50524.0418808865,50461.256937485174,50398.50589776828,50335.78889201897,50273.10602045505,50210.457433403244,50147.84324110313,50085.26356381608,50022.71852180346
108,80000.0,50000.0,0.0,100000.0,0.0,0.0,0.0,44444.44,72727.27,66666.67,0.0,66666.67,61538.46,57142.86,0.0,100000.0,40000.0,100000.0,66666.67,0.0,0.0,0.0,66666.67,0.0,66666.67,38095.24,0.0,34782.61,78048.78,32000.0,0.0,64000.0,72727.27,71111.11,42105.26,0.0,100000.0,84210.53,58784.62,59822.06,59822.06,59822.06,59822.06,59822.06,59827.83,59844.72,59871.12,59905.45,59942.0,59975.43,60005.81,60033.19,60057.61,60076.8,60088.14,60093.38,60095.02,60092.88,60086.39,60077.26,60063.62,60037.18,59997.59,59953.59,59909.59,59865.59,59821.6,59777.61,59733.63,59689.65,59645.67,59601.71,59557.74,59513.78,59469.83,59425.88,59381.94,59338.0,59294.07,59250.14,59206.22,59162.3,59118.39,59074.49,59030.59,58986.69,58942.8,58898.92,58854.989727010376,58811.06546296406,58767.147267950524,58723.235202059164,58679.32931536453,58635.42966795604,58591.53630990824,58547.64930131055,58503.7686922375,58459.894542778515,58416.02689299323,58372.165812985986,58328.3113528313,58284.463562603705,58240.62250239263,58196.788222272604,58152.96078233307,58109.14022263364,58065.32661327865,58021.51999432773,57977.72042587031,57933.92795798094,57890.142650749,57846.36455424906,57802.59371855563,57758.83020375817,57715.074059931176,57671.32532713428,57627.58408548673,57583.850365033235,57540.12422586324,57496.40571805127,57452.694891671854,57408.99180681441,57365.29652356839,57321.60907197849,57277.929512134164,57234.257914139744,57190.59429802504,57146.93874390929,57103.29129185213,57059.651991928076,57016.020894211666,56972.39805879232,56928.78352572966,56885.17735511315,56841.57959701728,56797.990301516584,56754.40951868561,56710.837308613765,56667.27370134579,56623.718766986014,56580.172545594054,56536.635087244445,56493.106452026615,56449.58668000018,56406.07582123969,56362.573945849465,56319.08107385932,56275.5972753736,56232.122590451916,56188.65707918371,56145.2007816286,56101.75375787602,56058.316047985594,56014.88770203185,55971.468770089305,55928.0593022325,55884.65934853596,55841.26894905931,55797.88817390688,55754.51705312339,55711.15564679827,55667.80398497625,55624.462137761664,55581.13014521412,55537.808057408154,55494.4959244183,55451.19378630418,55407.90169314031,55364.61969500122,55321.34784196146
109,0.0,50000.0,50000.0,50000.0,0.0,0.0,0.0,0.0,0.0,100000.0,72727.27,0.0,0.0,66666.67,0.0,72727.27,0.0,0.0,0.0,0.0,80000.0,0.0,66666.67,0.0,0.0,0.0,0.0,44444.44,0.0,40000.0,80000.0,0.0,80000.0,0.0,100000.0,50000.0,50000.0,100000.0,61710.74,62799.82,62799.82,62799.82,62799.82,62799.82,62799.82,62805.2,62820.95,62845.46,62877.16,62910.73,62941.22,62968.69,62993.2,63014.8,63031.57,63041.32,63045.74,63047.1,63045.58,63041.18,63035.79,63026.73,63009.18,62987.1,62965.02,62942.94,62920.86,62898.79,62876.71,62854.63,62832.55,62810.47,62788.39,62766.32,62744.24,62722.16,62700.08,62678.01,62655.93,62633.85,62611.78,62589.7,62567.62,62545.55,62523.47,62501.4,62479.32,62457.25,62435.15513512019,62413.0605705256,62390.966316225706,62368.87237222052,62346.77874851955,62324.68545513229,62302.59249205876,62280.499879317955,62258.40762691939,62236.31572485356,62214.224193139475,62192.13303177714,62170.042260785565,62147.95188016474,62125.86188991469,62103.77231005441,62081.683150593395,62059.594411531674,62037.506092869226,62015.41822463457,61993.330786808714,61971.243809420164,61949.15729246892,61927.07124596448,61904.985669906855,61882.90058431506,61860.815979179584,61838.73188452894,61816.64829035364,61794.565206663174,61772.482643467054,61750.40061077479,61728.319118595886,61706.23816693034,61684.15777579717,61662.077935186855,61639.99866511842,61617.91996559188,61595.841856626226,61573.76432821196,61551.68740036808,61529.61108310412,61507.53536641055,61485.4602803159,61463.38581481067,61441.31198991386,61419.238805625486,61397.16628196453,61375.09439891203,61353.02319650596,61330.95265472733,61308.88280360467,61286.81363312846,61264.74516331771,61242.67739417243,61220.61033570212,61198.543987906785,61176.47838081495,61154.41349440758,61132.349348703705,61110.28596372235,61088.22331944447,61066.161445898615,61044.10034308477,61022.04001100294,60999.980469672126,60977.921719092345,60955.86376927309,60933.80663022388,60911.7503019447,60889.69480445459,60867.640127744016,60845.586291832005,60823.533296718546,60801.481162422664,60779.429878934854,60757.379466274106,60735.329924440455,60713.281273452885,60691.233503301904,60669.186634006524,60647.14066556674
110,50000.0,50000.0,50000.0,50000.0,50000.0,0.0,0.0,80000.0,50000.0,50000.0,0.0,0.0,0.0,0.0,50000.0,100000.0,50000.0,0.0,80000.0,100000.0,0.0,0.0,0.0,72727.27,80000.0,100000.0,0.0,100000.0,0.0,100000.0,0.0,100000.0,0.0,0.0,100000.0,50000.0,50000.0,50000.0,64544.39,65683.48,65683.48,65683.48,65683.48,65683.48,65683.48,65683.48,65688.45,65702.97,65725.45,65754.37,65784.78,65812.19,65836.64,65858.18,65876.89,65891.18,65899.33,65902.91,65904.01,65903.07,65900.63,65898.49,65897.82,65897.82,65897.82,65897.82,65897.82,65897.82,65897.82,65897.82,65897.82,65897.82,65897.82,65897.82,65897.82,65897.82,65897.82,65897.82,65897.82,65897.82,65897.82,65897.82,65897.82,65897.82,65897.82,65897.82,65897.82,65897.82,65897.82,65897.82,65897.82,65897.82,65897.82,65897.82,65897.82,65897.82,65897.82,65897.82,65897.82,65897.82,65897.82,65897.82,65897.82,65897.82,65897.82,65897.82,65897.82,65897.82,65897.82,65897.82,65897.82,65897.82,65897.82,65897.82,65897.82,65897.82,65897.82,65897.82,65897.82,65897.82,65897.82,65897.82,65897.82,65897.82,65897.82,65897.82,65897.82,65897.82,65897.82,65897.82,65897.82,65897.82,65897.82,65897.82,65897.82,65897.82,65897.82,65897.82,65897.82,65897.82,65897.82,65897.82,65897.82,65897.82,65897.82,65897.82,65897.82,65897.82,65897.82,65897.82,65897.82,65897.82,65897.82,65897.82,65897.82,65897.82,65897.82,65897.82,65897.82,65897.82,65897.82,65897.82,65897.82,65897.82,65897.82,65897.82,65897.82,65897.82,65897.82,65897.82
111,100000.0,100000.0,100000.0,100000.0,100000.0,100000.0,100000.0,100000.0,100000.0,100000.0,100000.0,100000.0,100000.0,100000.0,100000.0,100000.0,100000.0,100000.0,100000.0,100000.0,100000.0,100000.0,100000.0,100000.0,100000.0,100000.0,100000.0,100000.0,100000.0,100000.0,100000.0,100000.0,100000.0,100000.0,100000.0,100000.0,100000.0,100000.0,67268.72,68455.89,68455.89,68455.89,68455.89,68455.89,68455.89,68455.89,68455.89,68460.43,68473.65,68494.02,68520.04,68547.21,68571.45,68592.81,68611.35,68627.16,68638.98,68645.55,68648.32,68649.16,68648.74,68647.95,68647.61,68647.61,68647.61,68647.61,68647.61,68647.61,68647.61,68647.61,68647.61,68647.61,68647.61,68647.61,68647.61,68647.61,68647.61,68647.61,68647.61,68647.61,68647.61,68647.61,68647.61,68647.61,68647.61,68647.61,68647.61,68647.61,68647.61,68647.61,68647.61,68647.61,68647.61,68647.61,68647.61,68647.61,68647.61,68647.61,68647.61,68647.61,68647.61,68647.61,68647.61,68647.61,68647.61,68647.61,68647.61,68647.61,68647.61,68647.61,68647.61,68647.61,68647.61,68647.61,68647.61,68647.61,68647.61,68647.61,68647.61,68647.61,68647.61,68647.61,68647.61,68647.61,68647.61,68647.61,68647.61,68647.61,68647.61,68647.61,68647.61,68647.61,68647.61,68647.61,68647.61,68647.61,68647.61,68647.61,68647.61,68647.61,68647.61,68647.61,68647.61,68647.61,68647.61,68647.61,68647.61,68647.61,68647.61,68647.61,68647.61,68647.61,68647.61,68647.61,68647.61,68647.61,68647.61,68647.61,68647.61,68647.61,68647.61,68647.61,68647.61,68647.61,68647.61,68647.61,68647.61,68647.61,68647.61,68647.61
112,100000.0,100000.0,100000.0,100000.0,100000.0,100000.0,100000.0,100000.0,100000.0,100000.0,100000.0,100000.0,100000.0,100000.0,100000.0,100000.0,100000.0,100000.0,100000.0,100000.0,100000.0,100000.0,100000.0,100000.0,100000.0,100000.0,100000.0,100000.0,100000.0,100000.0,100000.0,100000.0,100000.0,100000.0,100000.0,100000.0,100000.0,100000.0,69869.79,71102.86,71102.86,71102.86,71102.86,71102.86,71102.86,71102.86,71102.86,71102.86,71106.95,71118.85,71137.06,71160.13,71184.02,71205.07,71223.35,71238.93,71251.88,71261.3,71266.34,71268.33,71268.92,71268.91,71268.87,71268.87,71268.87,71268.87,71268.87,71268.87,71268.87,71268.87,71268.87,71268.87,71268.87,71268.87,71268.87,71268.87,71268.87,71268.87,71268.87,71268.87,71268.87,71268.87,71268.87,71268.87,71268.87,71268.87,71268.87,71268.87,71268.87,71268.87,71268.87,71268.87,71268.87,71268.87,71268.87,71268.87,71268.87,71268.87,71268.87,71268.87,71268.87,71268.87,71268.87,71268.87,71268.87,71268.87,71268.87,71268.87,71268.87,71268.87,71268.87,71268.87,71268.87,71268.87,71268.87,71268.87,71268.87,71268.87,71268.87,71268.87,71268.87,71268.87,71268.87,71268.87,71268.87,71268.87,71268.87,71268.87,71268.87,71268.87,71268.87,71268.87,71268.87,71268.87,71268.87,71268.87,71268.87,71268.87,71268.87,71268.87,71268.87,71268.87,71268.87,71268.87,71268.87,71268.87,71268.87,71268.87,71268.87,71268.87,71268.87,71268.87,71268.87,71268.87,71268.87,71268.87,71268.87,71268.87,71268.87,71268.87,71268.87,71268.87,71268.87,71268.87,71268.87,71268.87,71268.87,71268.87,71268.87,71268.87
113,100000.0,100000.0,100000.0,100000.0,100000.0,100000.0,100000.0,100000.0,100000.0,100000.0,100000.0,100000.0,100000.0,100000.0,100000.0,100000.0,100000.0,100000.0,100000.0,100000.0,100000.0,100000.0,100000.0,100000.0,100000.0,100000.0,100000.0,100000.0,100000.0,100000.0,100000.0,100000.0,100000.0,100000.0,100000.0,100000.0,100000.0,100000.0,72336.72,73613.33,73613.33,73613.33,73613.33,73613.33,73613.33,73613.33,73613.33,73613.33,73613.33,73616.97,73627.53,73643.58,73663.72,73684.35,73702.26,73717.53,73730.22,73740.42,73747.55,73751.15,73752.42,73752.77,73752.81,73752.81,73752.81,73752.81,73752.81,73752.81,73752.81,73752.81,73752.81,73752.81,73752.81,73752.81,73752.81,73752.81,73752.81,73752.81,73752.81,73752.81,73752.81,73752.81,73752.81,73752.81,73752.81,73752.81,73752.81,73752.81,73752.81,73752.81,73752.81,73752.81,73752.81,73752.81,73752.81,73752.81,73752.81,73752.81,73752.81,73752.81,73752.81,73752.81,73752.81,73752.81,73752.81,73752.81,73752.81,73752.81,73752.81,73752.81,73752.81,73752.81,73752.81,73752.81,73752.81,73752.81,73752.81,73752.81,73752.81,73752.81,73752.81,73752.81,73752.81,73752.81,73752.81,73752.81,73752.81,73752.81,73752.81,73752.81,73752.81,73752.81,73752.81,73752.81,73752.81,73752.81,73752.81,73752.81,73752.81,73752.81,73752.81,73752.81,73752.81,73752.81,73752.81,73752.81,73752.81,73752.81,73752.81,73752.81,73752.81,73752.81,73752.81,73752.81,73752.81,73752.81,73752.81,73752.81,73752.81,73752.81,73752.81,73752.81,73752.81,73752.81,73752.81,73752.81,73752.81,73752.81,73752.81,73752.81
114,100000.0,100000.0,100000.0,100000.0,100000.0,100000.0,100000.0,100000.0,100000.0,100000.0,100000.0,100000.0,100000.0,100000.0,100000.0,100000.0,100000.0,100000.0,100000.0,100000.0,100000.0,100000.0,100000.0,100000.0,100000.0,100000.0,100000.0,100000.0,100000.0,100000.0,100000.0,100000.0,100000.0,100000.0,100000.0,100000.0,100000.0,100000.0,74661.73,75979.37,75979.37,75979.37,75979.37,75979.37,75979.37,75979.37,75979.37,75979.37,75979.37,75979.37,75982.57,75991.82,76005.74,76023.0,76040.46,76055.33,76067.7,76077.64,76085.26,76090.26,76092.54,76093.19,76093.31,76093.31,76093.31,76093.31,76093.31,76093.31,76093.31,76093.31,76093.31,76093.31,76093.31,76093.31,76093.31,76093.31,76093.31,76093.31,76093.31,76093.31,76093.31,76093.31,76093.31,76093.31,76093.31,76093.31,76093.31,76093.31,76093.31,76093.31,76093.31,76093.31,76093.31,76093.31,76093.31,76093.31,76093.31,76093.31,76093.31,76093.31,76093.31,76093.31,76093.31,76093.31,76093.31,76093.31,76093.31,76093.31,76093.31,76093.31,76093.31,76093.31,76093.31,76093.31,76093.31,76093.31,76093.31,76093.31,76093.31,76093.31,76093.31,76093.31,76093.31,76093.31,76093.31,76093.31,76093.31,76093.31,76093.31,76093.31,76093.31,76093.31,76093.31,76093.31,76093.31,76093.31,76093.31,76093.31,76093.31,76093.31,76093.31,76093.31,76093.31,76093.31,76093.31,76093.31,76093.31,76093.31,76093.31,76093.31,76093.31,76093.31,76093.31,76093.31,76093.31,76093.31,76093.31,76093.31,76093.31,76093.31,76093.31,76093.31,76093.31,76093.31,76093.31,76093.31,76093.31,76093.31,76093.31,76093.31
115,100000.0,100000.0,100000.0,100000.0,100000.0,100000.0,100000.0,100000.0,100000.0,100000.0,100000.0,100000.0,100000.0,100000.0,100000.0,100000.0,100000.0,100000.0,100000.0,100000.0,100000.0,100000.0,100000.0,100000.0,100000.0,100000.0,100000.0,100000.0,100000.0,100000.0,100000.0,100000.0,100000.0,100000.0,100000.0,100000.0,100000.0,100000.0,76840.02,78196.1,78196.1,78196.1,78196.1,78196.1,78196.1,78196.1,78196.1,78196.1,78196.1,78196.1,78196.1,78198.87,78206.83,78218.69,78233.19,78247.61,78259.6,78269.24,78276.62,78281.86,78284.94,78286.09,78286.26,78286.26,78286.26,78286.26,78286.26,78286.26,78286.26,78286.26,78286.26,78286.26,78286.26,78286.26,78286.26,78286.26,78286.26,78286.26,78286.26,78286.26,78286.26,78286.26,78286.26,78286.26,78286.26,78286.26,78286.26,78286.26,78286.26,78286.26,78286.26,78286.26,78286.26,78286.26,78286.26,78286.26,78286.26,78286.26,78286.26,78286.26,78286.26,78286.26,78286.26,78286.26,78286.26,78286.26,78286.26,78286.26,78286.26,78286.26,78286.26,78286.26,78286.26,78286.26,78286.26,78286.26,78286.26,78286.26,78286.26,78286.26,78286.26,78286.26,78286.26,78286.26,78286.26,78286.26,78286.26,78286.26,78286.26,78286.26,78286.26,78286.26,78286.26,78286.26,78286.26,78286.26,78286.26,78286.26,78286.26,78286.26,78286.26,78286.26,78286.26,78286.26,78286.26,78286.26,78286.26,78286.26,78286.26,78286.26,78286.26,78286.26,78286.26,78286.26,78286.26,78286.26,78286.26,78286.26,78286.26,78286.26,78286.26,78286.26,78286.26,78286.26,78286.26,78286.26,78286.26,78286.26,78286.26,78286.26
116,100000.0,100000.0,100000.0,100000.0,100000.0,100000.0,100000.0,100000.0,100000.0,100000.0,100000.0,100000.0,100000.0,100000.0,100000.0,100000.0,100000.0,100000.0,100000.0,100000.0,100000.0,100000.0,100000.0,100000.0,100000.0,100000.0,100000.0,100000.0,100000.0,100000.0,100000.0,100000.0,100000.0,100000.0,100000.0,100000.0,100000.0,100000.0,78869.51,80261.41,80261.41,80261.41,80261.41,80261.41,80261.41,80261.41,80261.41,80261.41,80261.41,80261.41,80261.41,80261.41,80263.76,80270.5,80280.4,80292.27,80303.84,80313.13,80320.26,80325.31,80328.45,80329.89,80330.23,80330.23,80330.23,80330.23,80330.23,80330.23,80330.23,80330.23,80330.23,80330.23,80330.23,80330.23,80330.23,80330.23,80330.23,80330.23,80330.23,80330.23,80330.23,80330.23,80330.23,80330.23,80330.23,80330.23,80330.23,80330.23,80330.23,80330.23,80330.23,80330.23,80330.23,80330.23,80330.23,80330.23,80330.23,80330.23,80330.23,80330.23,80330.23,80330.23,80330.23,80330.23,80330.23,80330.23,80330.23,80330.23,80330.23,80330.23,80330.23,80330.23,80330.23,80330.23,80330.23,80330.23,80330.23,80330.23,80330.23,80330.23,80330.23,80330.23,80330.23,80330.23,80330.23,80330.23,80330.23,80330.23,80330.23,80330.23,80330.23,80330.23,80330.23,80330.23,80330.23,80330.23,80330.23,80330.23,80330.23,80330.23,80330.23,80330.23,80330.23,80330.23,80330.23,80330.23,80330.23,80330.23,80330.23,80330.23,80330.23,80330.23,80330.23,80330.23,80330.23,80330.23,80330.23,80330.23,80330.23,80330.23,80330.23,80330.23,80330.23,80330.23,80330.23,80330.23,80330.23,80330.23,80330.23,80330.23
117,100000.0,100000.0,100000.0,100000.0,100000.0,100000.0,100000.0,100000.0,100000.0,100000.0,100000.0,100000.0,100000.0,100000.0,100000.0,100000.0,100000.0,100000.0,100000.0,100000.0,100000.0,100000.0,100000.0,100000.0,100000.0,100000.0,100000.0,100000.0,100000.0,100000.0,100000.0,100000.0,100000.0,100000.0,100000.0,100000.0,100000.0,100000.0,80750.58,82175.68,82175.68,82175.68,82175.68,82175.68,82175.68,82175.68,82175.68,82175.68,82175.68,82175.68,82175.68,82175.68,82175.68,82177.63,82183.22,82191.28,82200.72,82209.64,82216.48,82221.33,82224.34,82225.73,82226.05,82226.05,82226.05,82226.05,82226.05,82226.05,82226.05,82226.05,82226.05,82226.05,82226.05,82226.05,82226.05,82226.05,82226.05,82226.05,82226.05,82226.05,82226.05,82226.05,82226.05,82226.05,82226.05,82226.05,82226.05,82226.05,82226.05,82226.05,82226.05,82226.05,82226.05,82226.05,82226.05,82226.05,82226.05,82226.05,82226.05,82226.05,82226.05,82226.05,82226.05,82226.05,82226.05,82226.05,82226.05,82226.05,82226.05,82226.05,82226.05,82226.05,82226.05,82226.05,82226.05,82226.05,82226.05,82226.05,82226.05,82226.05,82226.05,82226.05,82226.05,82226.05,82226.05,82226.05,82226.05,82226.05,82226.05,82226.05,82226.05,82226.05,82226.05,82226.05,82226.05,82226.05,82226.05,82226.05,82226.05,82226.05,82226.05,82226.05,82226.05,82226.05,82226.05,82226.05,82226.05,82226.05,82226.05,82226.05,82226.05,82226.05,82226.05,82226.05,82226.05,82226.05,82226.05,82226.05,82226.05,82226.05,82226.05,82226.05,82226.05,82226.05,82226.05,82226.05,82226.05,82226.05,82226.05,82226.05
118,100000.0,100000.0,100000.0,100000.0,100000.0,100000.0,100000.0,100000.0,100000.0,100000.0,100000.0,100000.0,100000.0,100000.0,100000.0,100000.0,100000.0,100000.0,100000.0,100000.0,100000.0,100000.0,100000.0,100000.0,100000.0,100000.0,100000.0,100000.0,100000.0,100000.0,100000.0,100000.0,100000.0,100000.0,100000.0,100000.0,100000.0,100000.0,82485.72,83941.44,83941.44,83941.44,83941.44,83941.44,83941.44,83941.44,83941.44,83941.44,83941.44,83941.44,83941.44,83941.44,83941.44,83941.44,83943.03,83947.55,83953.91,83961.12,83967.65,83972.29,83975.17,83976.5,83976.8,83976.8,83976.8,83976.8,83976.8,83976.8,83976.8,83976.8,83976.8,83976.8,83976.8,83976.8,83976.8,83976.8,83976.8,83976.8,83976.8,83976.8,83976.8,83976.8,83976.8,83976.8,83976.8,83976.8,83976.8,83976.8,83976.8,83976.8,83976.8,83976.8,83976.8,83976.8,83976.8,83976.8,83976.8,83976.8,83976.8,83976.8,83976.8,83976.8,83976.8,83976.8,83976.8,83976.8,83976.8,83976.8,83976.8,83976.8,83976.8,83976.8,83976.8,83976.8,83976.8,83976.8,83976.8,83976.8,83976.8,83976.8,83976.8,83976.8,83976.8,83976.8,83976.8,83976.8,83976.8,83976.8,83976.8,83976.8,83976.8,83976.8,83976.8,83976.8,83976.8,83976.8,83976.8,83976.8,83976.8,83976.8,83976.8,83976.8,83976.8,83976.8,83976.8,83976.8,83976.8,83976.8,83976.8,83976.8,83976.8,83976.8,83976.8,83976.8,83976.8,83976.8,83976.8,83976.8,83976.8,83976.8,83976.8,83976.8,83976.8,83976.8,83976.8,83976.8,83976.8,83976.8,83976.8,83976.8
119,100000.0,100000.0,100000.0,100000.0,100000.0,100000.0,100000.0,100000.0,100000.0,100000.0,100000.0,100000.0,100000.0,100000.0,100000.0,100000.0,100000.0,100000.0,100000.0,100000.0,100000.0,100000.0,100000.0,100000.0,100000.0,100000.0,100000.0,100000.0,100000.0,100000.0,100000.0,100000.0,100000.0,100000.0,100000.0,100000.0,100000.0,100000.0,84079.17,85563.01,85563.01,85563.01,85563.01,85563.01,85563.01,85563.01,85563.01,85563.01,85563.01,85563.01,85563.01,85563.01,85563.01,85563.01,85563.01,85564.27,85567.8,85572.64,85577.84,85582.26,85584.99,85586.25,85586.55,85586.55,85586.55,85586.55,85586.55,85586.55,85586.55,85586.55,85586.55,85586.55,85586.55,85586.55,85586.55,85586.55,85586.55,85586.55,85586.55,85586.55,85586.55,85586.55,85586.55,85586.55,85586.55,85586.55,85586.55,85586.55,85586.55,85586.55,85586.55,85586.55,85586.55,85586.55,85586.55,85586.55,85586.55,85586.55,85586.55,85586.55,85586.55,85586.55,85586.55,85586.55,85586.55,85586.55,85586.55,85586.55,85586.55,85586.55,85586.55,85586.55,85586.55,85586.55,85586.55,85586.55,85586.55,85586.55,85586.55,85586.55,85586.55,85586.55,85586.55,85586.55,85586.55,85586.55,85586.55,85586.55,85586.55,85586.55,85586.55,85586.55,85586.55,85586.55,85586.55,85586.55,85586.55,85586.55,85586.55,85586.55,85586.55,85586.55,85586.55,85586.55,85586.55,85586.55,85586.55,85586.55,85586.55,85586.55,85586.55,85586.55,85586.55,85586.55,85586.55,85586.55,85586.55,85586.55,85586.55,85586.55,85586.55,85586.55,85586.55,85586.55,85586.55,85586.55,85586.55,85586.55,85586.55,85586.55
120,100000.0,100000.0,100000.0,100000.0,100000.0,100000.0,100000.0,100000.0,100000.0,100000.0,100000.0,100000.0,100000.0,100000.0,100000.0,100000.0,100000.0,100000.0,100000.0,100000.0,100000.0,100000.0,100000.0,100000.0,100000.0,100000.0,100000.0,100000.0,100000.0,100000.0,100000.0,100000.0,100000.0,100000.0,100000.0,100000.0,100000.0,100000.0,85536.54,87046.11,87046.11,87046.11,87046.11,87046.11,87046.11,87046.11,87046.11,87046.11,87046.11,87046.11,87046.11,87046.11,87046.11,87046.11,87046.11,87046.11,87047.07,87049.72,87053.18,87056.64,87059.23,87060.42,87060.7,87060.7,87060.7,87060.7,87060.7,87060.7,87060.7,87060.7,87060.7,87060.7,87060.7,87060.7,87060.7,87060.7,87060.7,87060.7,87060.7,87060.7,87060.7,87060.7,87060.7,87060.7,87060.7,87060.7,87060.7,87060.7,87060.7,87060.7,87060.7,87060.7,87060.7,87060.7,87060.7,87060.7,87060.7,87060.7,87060.7,87060.7,87060.7,87060.7,87060.7,87060.7,87060.7,87060.7,87060.7,87060.7,87060.7,87060.7,87060.7,87060.7,87060.7,87060.7,87060.7,87060.7,87060.7,87060.7,87060.7,87060.7,87060.7,87060.7,87060.7,87060.7,87060.7,87060.7,87060.7,87060.7,87060.7,87060.7,87060.7,87060.7,87060.7,87060.7,87060.7,87060.7,87060.7,87060.7,87060.7,87060.7,87060.7,87060.7,87060.7,87060.7,87060.7,87060.7,87060.7,87060.7,87060.7,87060.7,87060.7,87060.7,87060.7,87060.7,87060.7,87060.7,87060.7,87060.7,87060.7,87060.7,87060.7,87060.7,87060.7,87060.7,87060.7,87060.7,87060.7,87060.7,87060.7,87060.7
121,100000.0,100000.0,100000.0,100000.0,100000.0,100000.0,100000.0,100000.0,100000.0,100000.0,100000.0,100000.0,100000.0,100000.0,100000.0,100000.0,100000.0,100000.0,100000.0,100000.0,100000.0,100000.0,100000.0,100000.0,100000.0,100000.0,100000.0,100000.0,100000.0,100000.0,100000.0,100000.0,100000.0,100000.0,100000.0,100000.0,100000.0,100000.0,86864.51,88397.51,88397.51,88397.51,88397.51,88397.51,88397.51,88397.51,88397.51,88397.51,88397.51,88397.51,88397.51,88397.51,88397.51,88397.51,88397.51,88397.51,88397.51,88398.2,88400.07,88402.35,88404.31,88405.44,88405.7,88405.7,88405.7,88405.7,88405.7,88405.7,88405.7,88405.7,88405.7,88405.7,88405.7,88405.7,88405.7,88405.7,88405.7,88405.7,88405.7,88405.7,88405.7,88405.7,88405.7,88405.7,88405.7,88405.7,88405.7,88405.7,88405.7,88405.7,88405.7,88405.7,88405.7,88405.7,88405.7,88405.7,88405.7,88405.7,88405.7,88405.7,88405.7,88405.7,88405.7,88405.7,88405.7,88405.7,88405.7,88405.7,88405.7,88405.7,88405.7,88405.7,88405.7,88405.7,88405.7,88405.7,88405.7,88405.7,88405.7,88405.7,88405.7,88405.7,88405.7,88405.7,88405.7,88405.7,88405.7,88405.7,88405.7,88405.7,88405.7,88405.7,88405.7,88405.7,88405.7,88405.7,88405.7,88405.7,88405.7,88405.7,88405.7,88405.7,88405.7,88405.7,88405.7,88405.7,88405.7,88405.7,88405.7,88405.7,88405.7,88405.7,88405.7,88405.7,88405.7,88405.7,88405.7,88405.7,88405.7,88405.7,88405.7,88405.7,88405.7,88405.7,88405.7,88405.7,88405.7,88405.7,88405.7,88405.7
122,100000.0,100000.0,100000.0,100000.0,100000.0,100000.0,100000.0,100000.0,100000.0,100000.0,100000.0,100000.0,100000.0,100000.0,100000.0,100000.0,100000.0,100000.0,100000.0,100000.0,100000.0,100000.0,100000.0,100000.0,100000.0,100000.0,100000.0,100000.0,100000.0,100000.0,100000.0,100000.0,100000.0,100000.0,100000.0,100000.0,100000.0,100000.0,88070.44,89624.73,89624.73,89624.73,89624.73,89624.73,89624.73,89624.73,89624.73,89624.73,89624.73,89624.73,89624.73,89624.73,89624.73,89624.73,89624.73,89624.73,89624.73,89624.73,89625.19,89626.39,89627.67,89628.45,89628.69,89628.69,89628.69,89628.69,89628.69,89628.69,89628.69,89628.69,89628.69,89628.69,89628.69,89628.69,89628.69,89628.69,89628.69,89628.69,89628.69,89628.69,89628.69,89628.69,89628.69,89628.69,89628.69,89628.69,89628.69,89628.69,89628.69,89628.69,89628.69,89628.69,89628.69,89628.69,89628.69,89628.69,89628.69,89628.69,89628.69,89628.69,89628.69,89628.69,89628.69,89628.69,89628.69,89628.69,89628.69,89628.69,89628.69,89628.69,89628.69,89628.69,89628.69,89628.69,89628.69,89628.69,89628.69,89628.69,89628.69,89628.69,89628.69,89628.69,89628.69,89628.69,89628.69,89628.69,89628.69,89628.69,89628.69,89628.69,89628.69,89628.69,89628.69,89628.69,89628.69,89628.69,89628.69,89628.69,89628.69,89628.69,89628.69,89628.69,89628.69,89628.69,89628.69,89628.69,89628.69,89628.69,89628.69,89628.69,89628.69,89628.69,89628.69,89628.69,89628.69,89628.69,89628.69,89628.69,89628.69,89628.69,89628.69,89628.69,89628.69,89628.69,89628.69,89628.69,89628.69,89628.69,89628.69,89628.69
123,100000.0,100000.0,100000.0,100000.0,100000.0,100000.0,100000.0,100000.0,100000.0,100000.0,100000.0,100000.0,100000.0,100000.0,100000.0,100000.0,100000.0,100000.0,100000.0,100000.0,100000.0,100000.0,100000.0,100000.0,100000.0,100000.0,100000.0,100000.0,100000.0,100000.0,100000.0,100000.0,100000.0,100000.0,100000.0,100000.0,100000.0,100000.0,89162.19,90735.74,90735.74,90735.74,90735.74,90735.74,90735.74,90735.74,90735.74,90735.74,90735.74,90735.74,90735.74,90735.74,90735.74,90735.74,90735.74,90735.74,90735.74,90735.74,90735.74,90736.01,90736.66,90737.16,90737.27,90737.27,90737.27,90737.27,90737.27,90737.27,90737.27,90737.27,90737.27,90737.27,90737.27,90737.27,90737.27,90737.27,90737.27,90737.27,90737.27,90737.27,90737.27,90737.27,90737.27,90737.27,90737.27,90737.27,90737.27,90737.27,90737.27,90737.27,90737.27,90737.27,90737.27,90737.27,90737.27,90737.27,90737.27,90737.27,90737.27,90737.27,90737.27,90737.27,90737.27,90737.27,90737.27,90737.27,90737.27,90737.27,90737.27,90737.27,90737.27,90737.27,90737.27,90737.27,90737.27,90737.27,90737.27,90737.27,90737.27,90737.27,90737.27,90737.27,90737.27,90737.27,90737.27,90737.27,90737.27,90737.27,90737.27,90737.27,90737.27,90737.27,90737.27,90737.27,90737.27,90737.27,90737.27,90737.27,90737.27,90737.27,90737.27,90737.27,90737.27,90737.27,90737.27,90737.27,90737.27,90737.27,90737.27,90737.27,90737.27,90737.27,90737.27,90737.27,90737.27,90737.27,90737.27,90737.27,90737.27,90737.27,90737.27,90737.27,90737.27,90737.27,90737.27,90737.27,90737.27,90737.27,90737.27,90737.27
124,100000.0,100000.0,100000.0,100000.0,100000.0,100000.0,100000.0,100000.0,100000.0,100000.0,100000.0,100000.0,100000.0,100000.0,100000.0,100000.0,100000.0,100000.0,100000.0,100000.0,100000.0,100000.0,100000.0,100000.0,100000.0,100000.0,100000.0,100000.0,100000.0,100000.0,100000.0,100000.0,100000.0,100000.0,100000.0,100000.0,100000.0,100000.0,90147.81,91738.76,91738.76,91738.76,91738.76,91738.76,91738.76,91738.76,91738.76,91738.76,91738.76,91738.76,91738.76,91738.76,91738.76,91738.76,91738.76,91738.76,91738.76,91738.76,91738.76,91738.76,91738.87,91739.08,91739.19,91739.19,91739.19,91739.19,91739.19,91739.19,91739.19,91739.19,91739.19,91739.19,91739.19,91739.19,91739.19,91739.19,91739.19,91739.19,91739.19,91739.19,91739.19,91739.19,91739.19,91739.19,91739.19,91739.19,91739.19,91739.19,91739.19,91739.19,91739.19,91739.19,91739.19,91739.19,91739.19,91739.19,91739.19,91739.19,91739.19,91739.19,91739.19,91739.19,91739.19,91739.19,91739.19,91739.19,91739.19,91739.19,91739.19,91739.19,91739.19,91739.19,91739.19,91739.19,91739.19,91739.19,91739.19,91739.19,91739.19,91739.19,91739.19,91739.19,91739.19,91739.19,91739.19,91739.19,91739.19,91739.19,91739.19,91739.19,91739.19,91739.19,91739.19,91739.19,91739.19,91739.19,91739.19,91739.19,91739.19,91739.19,91739.19,91739.19,91739.19,91739.19,91739.19,91739.19,91739.19,91739.19,91739.19,91739.19,91739.19,91739.19,91739.19,91739.19,91739.19,91739.19,91739.19,91739.19,91739.19,91739.19,91739.19,91739.19,91739.19,91739.19,91739.19,91739.19,91739.19,91739.19,91739.19,91739.19
125,100000.0,100000.0,100000.0,100000.0,100000.0,100000.0,100000.0,100000.0,100000.0,100000.0,100000.0,100000.0,100000.0,100000.0,100000.0,100000.0,100000.0,100000.0,100000.0,100000.0,100000.0,100000.0,100000.0,100000.0,100000.0,100000.0,100000.0,100000.0,100000.0,100000.0,100000.0,100000.0,100000.0,100000.0,100000.0,100000.0,100000.0,100000.0,100000.0,100000.0,100000.0,100000.0,100000.0,100000.0,100000.0,100000.0,100000.0,100000.0,100000.0,100000.0,100000.0,100000.0,100000.0,100000.0,100000.0,100000.0,100000.0,100000.0,100000.0,100000.0,100000.0,100000.0,100000.0,100000.0,100000.0,100000.0,100000.0,100000.0,100000.0,100000.0,100000.0,100000.0,100000.0,100000.0,100000.0,100000.0,100000.0,100000.0,100000.0,100000.0,100000.0,100000.0,100000.0,100000.0,100000.0,100000.0,100000.0,100000.0,100000.0,100000.0,100000.0,100000.0,100000.0,100000.0,100000.0,100000.0,100000.0,100000.0,100000.0,100000.0,100000.0,100000.0,100000.0,100000.0,100000.0,100000.0,100000.0,100000.0,100000.0,100000.0,100000.0,100000.0,100000.0,100000.0,100000.0,100000.0,100000.0,100000.0,100000.0,100000.0,100000.0,100000.0,100000.0,100000.0,100000.0,100000.0,100000.0,100000.0,100000.0,100000.0,100000.0,100000.0,100000.0,100000.0,100000.0,100000.0,100000.0,100000.0,100000.0,100000.0,100000.0,100000.0,100000.0,100000.0,100000.0,100000.0,100000.0,100000.0,100000.0,100000.0,100000.0,100000.0,100000.0,100000.0,100000.0,100000.0,100000.0,100000.0,100000.0,100000.0,100000.0,100000.0,100000.0,100000.0,100000.0,100000.0,100000.0,100000.0,100000.0,100000.0
