age,1981,1982,1983,1984,1985,1986,1987,1988,1989,1990,1991,1992,1993,1994,1995,1996,1997,1998,1999,2000,2001,2002,2003,2004,2005,2006,2007,2008,2009,2010,2011,2012,2013,2014,2015,2016,2017,2018,2019,2020,2021,2022,2023,2024,2025,2026,2027,2028,2029,2030,2031,2032,2033,2034,2035,2036,2037,2038,2039,2040,2041,2042,2043,2044,2045,2046,2047,2048,2049,2050,2051,2052,2053,2054,2055,2056,2057,2058,2059,2060,2061,2062,2063,2064,2065,2066,2067,2068,2069,2070,2071,2072,2073,2074,2075,2076,2077,2078,2079,2080,2081,2082,2083,2084,2085,2086,2087,2088,2089,2090,2091,2092,2093,2094,2095,2096,2097,2098,2099,2100,2101,2102,2103,2104,2105,2106,2107,2108,2109,2110,2111,2112,2113,2114,2115,2116,2117,2118,2119,2120,2121,2122,2123,2124,2125,2126,2127,2128,2129,2130,2131,2132,2133,2134,2135,2136,2137,2138,2139,2140,2141,2142,2143,2144,2145,2146,2147,2148,2149,2150,2151,2152,2153,2154,2155,2156,2157,2158,2159,2160
0,1402.18,1129.87,1086.57,971.66,1190.87,1130.36,1097.67,905.12,868.5,817.73,762.04,623.38,646.71,677.88,676.94,607.12,659.6,606.04,716.18,590.94,612.05,508.15,466.61,545.27,500.24,447.7,649.64,474.52,514.48,435.46,466.66,481.15,343.55,451.54,458.27,362.71,406.3,392.52,380.43,479.95,484.19,433.81,442.17,377.37,361.02,362.64,353.87,345.6,337.82,330.51,323.64,317.19,311.14,305.46,300.13,295.12,290.41,285.98,281.8,277.85,274.12,270.57,267.19,263.96,260.86,257.87,254.98,252.15,249.38,246.66,243.96,241.3,238.66,236.05,233.47,230.92,228.4,225.9,223.43,220.99,218.57,216.19,213.82,211.49,209.18,206.89,204.63,202.39,200.18,197.99,195.83,193.69,191.57,189.48,187.42529310660413,185.39286730048806,183.38248096721415,181.39389511239378,179.42687333327532,177.48118179064105,175.55658918100798,173.65286670913085,171.7697880608028,169.9071293759512,168.06466922202537,166.24218856767246,164.43947075669922,162.65630148231588,160.89246876165942,159.14776291059303,157.421976518779,155.71490442502167,154.0263436928781,152.35609358653272,150.7039555469343,149.06973316819085,147.45323217422126,145.85426039565954,144.27262774701,142.7081462040497,141.16062978147633,139.62989451079815,138.11575841846403,136.61804150423026,135.13656571976233,133.6711549474685,132.2216349795629,130.78783349735593,129.36958005076883,127.9667060380707,126.57904468583517,125.20643102911444,123.84870189182811,122.50569586736502,121.17725329939515,119.86321626288975,118.56342854534722,117.27773562822262,116.00598466855845,114.74802448081483,113.50370551889651,112.27287985837481,111.05540117890254,109.85112474681931,108.65990739794566,107.4816075205638,106.31608503858274,105.16320139488613,104.02281953486055,102.89480389010251,101.77902036230218,100.67533630730166,99.58362051932635,98.50374321538727,97.43557601985239,96.37899194918538,95.33386539684986,94.3000721183773,93.27748921659688,92.26599512702542,91.26546960341592,90.27579370346264,89.29684977466125,88.32852144032238,87.3706935857367,86.4232523444902,85.48608508492764,84.55908039676305,83.64212807783522,82.73511912100693,81.8379457012061,80.95050116260771,80.07268000595445,79.20437787601506,78.34549154917858,77.49591892118309,76.6555589949777,75.82431186871585,75.00207872387921,74.18876181352996
1,99.97,120.58,67.15,55.47,83.11,48.28,57.74,62.06,65.92,71.52,72.24,66.42,67.74,32.01,49.19,62.03,33.86,50.03,46.08,53.47,54.53,49.03,50.41,43.37,30.49,29.83,28.89,22.67,38.55,11.01,21.79,37.68,44.05,22.6,40.41,40.72,23.4,24.2,30.81,25.49,26.48,6.69,13.11,40.9,29.36,26.07,25.45,24.87,24.32,23.8,23.31,22.85,22.42,22.02,21.64,21.28,20.95,20.63,20.33,20.05,19.78,19.52,19.28,19.05,18.82,18.61,18.4,18.2,18.0,17.8,17.6,17.41,17.22,17.03,16.85,16.66,16.48,16.3,16.12,15.94,15.77,15.6,15.43,15.26,15.09,14.93,14.76,14.6,14.44,14.28,14.13,13.97,13.82,13.67,13.575057465691227,13.480774337733656,13.387146036338697,13.294168013525846,13.201835752901797,13.11014476944103,13.019090609267977,12.928668849440657,12.838875097735844,12.749704992435708,12.661154202115952,12.573218425435405,12.485893390927094,12.399174856790754,12.313058610686777,12.227540469531617,12.14261627929457,12.058281914796018,11.974533279507035,11.891366305350404,11.808776952503006,11.726761209199593,11.645315091537908,11.564434643285177,11.484115935685933,11.404355067271172,11.325148163668842,11.246491377415655,11.168380887770184,11.090812900527272,11.013783647833746,10.937289388005373,10.861326405345118,10.785891009962656,10.71097953759513,10.636588349429168,10.562713831924121,10.489352396636543,10.416500480045869,10.34415454338134,10.272311072450087,10.200966577466438,10.130117592882401,10.059760677219334,9.989892412900756,9.92050940608636,9.851608286507146,9.78318570730171,9.71523834485368,9.647762898630255,9.580756091021907,9.514214667183149,9.448135394874438,9.382515064305176,9.317350487977789,9.252638500532894,9.188375958595548,9.124559740622551,9.061186746750824,8.998253898646832,8.935758139357047,8.873696433159475,8.812065765416177,8.750863142426844,8.690085591283372,8.629730159725465,8.569793915997213,8.510273948704697,8.45116736667456,8.392471298813575,8.334182893969171,8.276299320790951,8.218817767593155,8.161735442218081,8.105049571900455,8.048757403132754,7.992856201531444,7.937343251704157,7.882215857117806,7.827471339967581,7.773107041046892,7.719120319618189,7.665508553284692,7.612269137863008,7.55939948725663,7.5068970333303255
2,62.15,31.67,32.91,55.97,49.65,66.06,53.26,41.53,35.92,55.65,56.68,30.98,45.9,41.56,21.36,32.75,39.3,5.6,33.16,28.6,17.62,36.02,18.17,6.23,30.9,24.38,17.75,5.75,16.95,5.47,21.86,27.21,21.49,16.47,11.27,28.65,11.56,5.82,24.05,6.13,19.0,6.46,6.51,32.09,19.29,15.57,15.17,14.8,14.45,14.12,13.81,13.52,13.26,13.0,12.77,12.55,12.34,12.15,11.97,11.8,11.63,11.48,11.34,11.2,11.06,10.94,10.81,10.69,10.58,10.46,10.35,10.23,10.12,10.01,9.9,9.79,9.69,9.58,9.47,9.37,9.27,9.17,9.07,8.97,8.87,8.77,8.68,8.58,8.49,8.39,8.3,8.21,8.12,8.03,7.960600074249481,7.891799942981426,7.823594422423411,7.755978373604189,7.688946701966486,7.622494356983152,7.55661633177663,7.491307662741704,7.426563429171522,7.362378752886838,7.2987487978684635,7.235668769892903,7.17313391617112,7.111139524990448,7.049680925359574,6.988753486656611,6.928352618280192,6.8684737693035975,6.80911242813186,6.750264122161837,6.691924417445222,6.634088918354465,6.576753267251583,6.519913144159835,6.463564266438226,6.4077023884588336,6.352323301286922,6.297422832363807,6.242996845192492,6.189041239025982,6.135551948558322,6.082524943618298,6.029956228865772,5.977841843490659,5.926177860914494,5.874960388494591,5.824185567230735,5.77384957147444,5.7239486086406925,5.674478918922206,5.625436775006131,5.5768184817932225,5.528620376119428,5.48083882647989,5.433470232755323,5.38651102594077,5.33995766787668,5.293806650982339,5.248054497991583,5.2026977616908,5.157733024659203,5.113156899011339,5.068966026141832,5.025157076472325,4.98172674920061,4.938671772051931,4.895988901032432,4.853674920184733,4.811726641345634,4.770140903905886,4.728914574572064,4.68804454713049,4.647527742213183,4.607361107065851,4.567541615317881,4.528066266754312,4.488932087089783,4.450136127744433,4.411675465621748,4.3735472028883065,4.335748466755451,4.298276409262829,4.26112820706382,4.2243010612128025,4.1877921969542715,4.15159886351377,4.115718333890634,4.080147904652518,4.04488489573172,4.00992665022323,3.97527053418456,3.9409139364372834,3.906854268370293,3.8730889637447645,3.8396154785007997,3.8064312905657443
3,30.3,33.98,26.42,43.83,39.11,71.36,32.88,26.43,51.65,35.9,30.13,41.14,46.33,25.42,25.93,42.59,21.75,27.91,27.7,16.49,17.02,11.67,11.86,23.98,43.47,24.67,18.15,17.67,5.73,5.62,10.88,10.9,5.43,5.36,5.48,11.22,5.72,23.02,17.36,11.93,24.4,37.25,25.21,19.15,12.91,11.06,10.78,10.5,10.24,10.0,9.77,9.56,9.36,9.17,9.0,8.84,8.69,8.55,8.42,8.29,8.18,8.07,7.97,7.87,7.77,7.68,7.6,7.51,7.43,7.35,7.27,7.19,7.11,7.03,6.96,6.88,6.8,6.73,6.66,6.58,6.51,6.44,6.37,6.3,6.23,6.16,6.1,6.03,5.96,5.9,5.83,5.77,5.71,5.64,5.582082053193144,5.5247588738618765,5.468024354256019,5.4118724493467285,5.3562971761824105,5.301292613251232,5.246852899850193,5.192972235460667,5.139644879130367,5.086865148861643,5.034627421006073,4.9829261296652625,4.931755766097808,4.881110878132337,4.830986069586586,4.7813759996924405,4.73227538252688,4.683678986448761,4.635581633541398,4.58797819906085,4.540863610889889,4.494232848997564,4.448080944904326,4.402402981152631,4.357194090782996,4.312449456815422,4.26816431173615,4.224333936989686,4.180953662476041,4.138018866053129,4.095524973044294,4.053467455750867,4.01184183296975,3.970643669515944,3.9298685757499863,3.88951220711023,3.8495702636499414,3.810038489579138,3.770912672811138,3.732188644513767,3.6938622786651676,3.655929491614178,3.618386241645219,3.581228528547654,3.5444523931895655,3.508053917095916,3.472029222031032,3.4363744695853855,3.4010858607666123,3.3661596355947268,3.3315920727015067,3.2973794889339767,3.2635182389619737,3.230004714889739,3.1968353458714986,3.1640065977309906,3.1315149725849047,3.09935700847018,3.067529278975139,3.0360283928744023,3.004850993767558,2.973993759721537,2.9434534029166652,2.9132266692963484,2.883310338220352,2.8537012221216456,2.8243961661667694,2.7953920479196888,2.7666857770091,2.7382742947991536,2.7101545740635578,2.6823236186630313,2.654778463226063,2.6275161728329577,2.6005338427031184,2.573828597885546,2.5473975929525143,2.5212380116963904,2.4953470668295723,2.4697219996875015,2.4443600799347314,2.4192586052740115,2.394414901158357,2.369826320506082,2.345490243418749,2.321404076902024
4,35.25,24.3,17.04,21.15,32.83,22.25,27.34,27.21,26.32,36.11,10.17,30.13,15.33,25.61,10.13,20.62,42.3,10.8,33.23,27.44,16.42,11.27,11.53,0.0,0.0,6.18,18.39,12.05,0.0,5.71,5.57,5.43,0.0,0.0,5.35,10.92,16.77,11.41,0.0,0.0,5.94,11.96,24.25,18.57,10.94,8.67,8.46,8.24,8.03,7.83,7.65,7.48,7.32,7.17,7.03,6.9,6.78,6.67,6.57,6.47,6.38,6.29,6.21,6.14,6.06,5.99,5.92,5.86,5.79,5.73,5.67,5.6,5.54,5.48,5.42,5.36,5.3,5.25,5.19,5.13,5.08,5.02,4.97,4.91,4.86,4.8,4.75,4.7,4.65,4.6,4.55,4.5,4.45,4.4,4.32769856422039,4.256585196080733,4.186640373081899,4.117844893521285,4.050179871221439,3.9836267303453057,3.91816720029667,3.853783310704391,3.7904573864890674,3.728172043010752,3.6669101812964158,3.606654983345825,3.5473899075145545,3.489098683972873,3.4317653102392396,3.3753740467872047,3.319909412724489,3.265356181543075,3.2116993769391224,3.1589242687015826,3.1070163686683596,3.0559614267489343,3.005745427012332,2.9563545838393797,2.9077753381381934,2.8599943536218455,2.8129985131472006,2.7667749151139165,2.7213108699226107,2.676593896491233,2.6326117188286746,2.5893522626646877,2.546803652135179,2.504954206521968,2.4637924370461244,2.4233070437139927,2.3834869122150466,2.3443211108707156,2.3057988876333515,2.2679096671345063,2.2306430477817147,2.1939887989029825,2.157936857938194,2.1224773276766777,2.0876004735401565,2.0532967209103505,2.0195566525004907,1.986371005770025,1.9537306703818067,1.9216266857010647,1.890050238335474,1.8589926597156445,1.8284454237153727,1.7984001443109912,1.7688485732791859,1.7397825979326405,1.7111942388928885,1.6830756478997628,1.6554191056568424,1.6282170197122998,1.6014619223745732,1.5751464686622876,1.5492634342878637,1.5238057136742587,1.4987663180042992,1.474138373302065,1.449915118545802,1.4260899038118415,1.402656188449023,1.3796075392831095,1.3569376288507131,1.334640233662239,1.3127092324933722,1.2911386047046405,1.2699224285885886,1.2490548797441148,1.2285302294775178,1.208342843229818,1.1884871790299245,1.168957785973215,1.1497493027251202,1.1308564560492949,1.1122740593599754,1.093997011298125,1.0760202943309758,1.0583389733745832
5,46.05,23.63,18.24,39.94,26.49,5.48,16.7,32.69,21.68,31.42,20.36,20.29,39.99,25.41,20.41,10.08,5.13,5.25,26.86,16.48,5.44,10.86,0.0,11.42,11.73,23.76,6.14,0.0,6.01,23.49,17.02,5.57,16.27,0.0,10.81,16.0,0.0,11.15,0.0,5.7,11.42,5.83,5.87,5.97,6.94,7.33,7.16,6.99,6.82,6.65,6.49,6.34,6.21,6.08,5.96,5.85,5.75,5.65,5.57,5.48,5.4,5.33,5.26,5.2,5.13,5.07,5.02,4.96,4.91,4.85,4.8,4.75,4.7,4.64,4.59,4.54,4.49,4.44,4.4,4.35,4.3,4.25,4.21,4.16,4.11,4.07,4.03,3.98,3.94,3.89,3.85,3.81,3.77,3.73,3.666680070144667,3.604435050079384,3.543246692294094,3.4830970590457824,3.423968517099912,3.365843732561136,3.3087056657917575,3.252537566416455,3.19732296841181,3.143045685279188,3.0896898052995674,3.037239686868922,2.9856799539127903,2.9349954913786798,2.8851714408050024,2.836193195965221,2.788046398585948,2.7407169341377235,2.694190927697262,2.648454739879925,2.60349496284126,2.559298416346402,2.515852143906209,2.473143408978989,2.4311596912367026,2.389888682894552,2.34931828510288,2.3094366044003154,2.270231949227134,2.231692826497805,2.1938079382317217,2.1565661782411305,2.119956628875283,2.0839685578198592,2.0485914149507245,2.013814829241095,1.979628605721209,1.946022722489606,1.9129873277751486,1.8805127370489119,1.8485894301851058,1.8172080486701914,1.7863593928593755,1.7560344192796782,1.7262242379787829,1.6969201099188922,1.6681134444148256,1.6397957966156074,1.6119588650288057,1.5845944890869006,1.5576946467549624,1.531251452178943,1.50525715337389,1.4797041299514042,1.454584890885675,1.4298920723174422,1.405618435395234,1.381756864153253,1.3583003634252881,1.3352420567940382,1.3125751845752474,1.2902931018360637,1.2683892764470344,1.246857287167173,1.2256908217615334,1.2048836751507384,1.1844297475919232,1.1643230428905584,1.1445576666426287,1.1251278245066514,1.106027820505031,1.0872520553542466,1.0687950248233895,1.0506513181205621,1.0328156163066728,1.015282690736155,0.9980474015241587,0.98110469603976,0.9644496074247532,0.9480772531375845,0.9319828335220058,0.9161616304000252,0.9006090056887445,0.8853204000406768,0.8702913315071457,0.8555173942243743
6,16.63,11.54,17.75,12.17,22.77,15.83,10.89,16.52,43.14,26.87,10.3,35.63,20.24,24.96,20.23,10.14,20.02,10.18,10.46,16.02,10.91,16.19,21.53,16.6,0.0,11.66,5.91,18.33,6.1,18.03,5.87,5.66,5.57,5.41,0.0,10.78,21.29,27.1,5.57,16.97,5.68,0.0,0.0,11.58,7.75,6.63,6.47,6.32,6.18,6.03,5.89,5.76,5.63,5.52,5.41,5.31,5.22,5.13,5.05,4.98,4.91,4.84,4.78,4.72,4.66,4.61,4.56,4.5,4.46,4.41,4.36,4.31,4.26,4.22,4.17,4.13,4.08,4.04,3.99,3.95,3.9,3.86,3.82,3.78,3.74,3.7,3.66,3.62,3.58,3.54,3.5,3.46,3.42,3.38,3.345428409968443,3.3112104278769183,3.2773424369240254,3.243820857302025,3.210642145818457,3.17780279552163,3.1452993353299408,3.1131283296649834,3.081286378088414,3.049770114942528,3.018576208994514,2.987701363084345,2.957142313776275,2.9268958310138955,2.896958717778722,2.8673278097522745,2.8379999749816123,2.808972113548289,2.780241157240695,2.7518040692297516,2.723657843747923,2.695799505771506,2.668226110706179,2.640934744075756,2.6139225212141333,2.5871865869603856,2.560724115356972,2.5345323093510417,2.5086084004987876,2.4829496486728213,2.4575533417725506,2.432416795437508,2.4075373527636206,2.3829123840223767,2.358539286382867,2.334415483636669,2.310538425925543,2.2869055894719166,2.2635144763121238,2.240362614032373,2.217447555507416,2.194766878641889,2.172318186114301,2.150099105123638,2.1281072871385636,2.1063404076491783,2.084796165921323,2.0634722847533955,2.0423665102356514,2.0214766115119684,2.0008003805440473,1.980335631878026,1.960080202413478,1.9400319511747768,1.9201887590847955,1.9005485287409247,1.8811091841933771,1.8618686707257646,1.842824954637915,1.8239760230309137,1.8053198835943414,1.78685456439569,1.768578113671931,1.7504885996232178,1.7325841102086945,1.714862752944397,1.6973226547032192,1.6799619615169255,1.6627788383801876,1.6457714690566287,1.6289380558868478,1.6122768195984094,1.5957859991177765,1.5794638513841677,1.563308651165316,1.5473186908751169,1.5314922803931343,1.5158277468859611,1.5003234346303989,1.484977704838452,1.4697889354841096,1.4547555211318979,1.439875872767189,1.4251484176282427,1.4105715990399688,1.3961438762493867
7,37.57,16.7,40.42,5.9,36.4,22.64,10.46,21.47,21.75,16.02,21.28,15.39,15.24,10.08,19.91,5.02,20.15,24.84,5.08,10.41,0.0,5.42,10.71,10.67,16.51,11.29,5.8,5.88,0.0,0.0,6.01,5.82,28.27,5.57,10.8,5.39,5.38,5.31,0.0,22.14,0.0,5.59,5.51,5.65,6.12,6.33,6.16,6.02,5.89,5.76,5.63,5.51,5.39,5.29,5.18,5.09,5.0,4.92,4.84,4.77,4.71,4.64,4.58,4.53,4.47,4.42,4.37,4.32,4.27,4.23,4.18,4.14,4.09,4.05,4.0,3.96,3.91,3.87,3.83,3.79,3.75,3.7,3.66,3.62,3.58,3.55,3.51,3.47,3.43,3.39,3.36,3.32,3.28,3.25,3.2185943059717435,3.1874920942873017,3.156690432308633,3.12618641573663,3.095977168337271,3.0660598416704197,3.0364316148212422,3.007089694134227,2.978031312949765,2.9492537313432825,2.9207542358668945,2.8925301392935503,2.864578780363654,2.8368975235341347,2.8094837587299404,2.782334901097932,2.7554483907631564,2.7288216925874766,2.7024522959305317,2.6763377144130076,2.650475485682196,2.624863171179818,2.599498355912091,2.5743786482220203,2.5495016795638854,2.5248651042799137,2.500466599379102,2.476303864318187,2.4523746207847203,2.428676612482251,2.405207604917574,2.381965385190043,2.3589477617829115,2.3361525643566976,2.3135776435445403,2.2912208707495325,2.2690801379440204,2.2471533574708316,2.2254384618464322,2.203933403565982,2.1826361549102753,2.1615447077545458,2.140657073379119,2.119971282281898,2.099485383992657,2.079197446889127,2.0591055580148714,2.039207822898903,2.0195023653770603,1.9999873274150994,1.980660868933503,1.9615211676339748,1.9425664188276177,1.9237948352647665,1.9052046469664696,1.8867941010575957,1.8685614616015545,1.8505050094366158,1.832623042013809,1.8149138732363879,1.7973758333008496,1.7800072685394872,1.7628065412644642,1.7457720296133996,1.7289021273964376,1.7121952439448025,1.6956498039608128,1.6792642473693462,1.6630370291707395,1.6469666192951098,1.6310515024580838,1.615290178017922,1.5996811598340208,1.584222976126786,1.5689141693388562,1.553753295997671,1.5387389265793638,1.5238696453739733,1.5091440503519542,1.4945607530319798,1.480118378350022,1.4658155645296957,1.4516509629538572,1.4376232380374412,1.4237310671015286,1.4099731402486322
8,25.02,16.13,33.44,46.38,17.71,18.16,22.49,15.53,15.95,10.79,21.35,15.95,10.23,15.22,20.15,9.96,20.01,15.05,4.96,0.0,0.0,5.27,0.0,15.95,5.31,16.43,11.22,11.55,0.0,24.3,12.19,5.97,28.99,5.64,11.12,10.78,5.37,16.11,5.3,5.38,5.52,5.55,5.5,5.45,6.09,6.36,6.18,6.03,5.9,5.78,5.66,5.55,5.43,5.33,5.23,5.14,5.05,4.97,4.89,4.82,4.75,4.69,4.63,4.57,4.52,4.47,4.42,4.37,4.32,4.27,4.22,4.18,4.13,4.09,4.04,4.0,3.95,3.91,3.87,3.83,3.78,3.74,3.7,3.66,3.62,3.58,3.54,3.5,3.47,3.43,3.39,3.35,3.32,3.28,3.242310242089185,3.2050535688891553,3.168225003918842,3.1318196278808266,3.0958325780042513,3.0602590473952898,3.025094284395073,2.990333591945,2.955972326959334,2.922005899705015,2.8884297731885957,2.8552394625502213,2.822430534464574,2.7899986065487012,2.757939346776649,2.726248472900819,2.6949217518799773,2.663954999313835,2.633344078884127,2.603084901802108,2.573173426262407,2.5436056569031473,2.5143776442722756,2.4854854843000234,2.4569253177774284,2.428693329840848,2.4007857494623988,2.3731988489462488,2.3459289434306974,2.3189723903959787,2.2923255891777203,2.2659849804859897,2.2399470459298745,2.214208307547514,2.1887653273415437,2.1636147068198706,2.1387530865417244,2.11417714566893,2.0898836015223323,2.0658692091433206,2.042130760860388,2.018665085860676,1.995469049766437,1.9725395542163695,1.949873536451759,1.9274679689073777,1.905319858807082,1.8834262477640615,1.861784211385677,1.8403908588828404,1.8192433326838857,1.7983388080528735,1.7776744927122834,1.7572476264700403,1.73705548085083,1.7170953587316464,1.6973645939815307,1.6778605511054474,1.658580624892255,1.6395222400667195,1.6206828509455267,1.6020599410972505,1.583651023006223,1.5654536377402721,1.5474653546222736,1.5296837709054787,1.5121065114525731,1.4947312284184224,1.4775556009364634,1.4605773348087,1.44379416219926,1.427203841331474,1.4108041561884348,1.3945929162169979,1.3785679560351818,1.362727135142934,1.3470683376362158,1.3315894719243764,1.316288470450773,1.3011632894166003,1.2862119085078956,1.2714323306256792,1.2568225816191958,1.2423807100222224,1.228104786792404,1.2139929050535874
9,18.71,30.16,16.16,16.75,34.73,17.64,18.04,11.13,15.4,10.57,31.98,32.06,10.61,10.22,10.17,10.07,9.95,9.97,5.0,24.67,0.0,5.16,0.0,21.31,0.0,0.0,10.9,27.99,22.99,17.56,6.06,6.06,5.95,11.54,11.27,5.55,0.0,5.35,10.74,0.0,5.37,5.44,5.46,27.14,11.49,6.62,6.42,6.25,6.11,5.99,5.88,5.77,5.66,5.55,5.45,5.35,5.27,5.18,5.11,5.03,4.96,4.9,4.84,4.78,4.72,4.67,4.61,4.56,4.51,4.46,4.41,4.37,4.32,4.27,4.22,4.18,4.13,4.09,4.04,4.0,3.95,3.91,3.87,3.83,3.78,3.74,3.7,3.66,3.62,3.58,3.54,3.5,3.47,3.43,3.395371956715966,3.361093505671489,3.3271611175093674,3.293571298503516,3.2603205901992505,3.2274055690571957,3.1948228461007977,3.1625690665673867,3.130640909562768,3.0990350877192965,3.0677483468574063,3.036777465650554,3.0061192552935494,2.9757705591742276,2.945728252548444,2.915989242218342,2.886550466213877,2.8574088934775497,2.828561523552324,2.800005386272696,2.7717375414588825,2.7437550786140954,2.716055116624872,2.6886348034644323,2.6614913158990308,2.634621859197272,2.608023666842361,2.5816940002472584,2.555630148472712,2.529829427948136,2.5042891821953046,2.4790067815548396,2.453979622915453,2.4292051294459327,2.4046807503298244,2.3804039605027967,2.356372260392658,2.332583175661995,2.309034256953414,2.2857230796373496,2.2626472435624234,2.2398043728083183,2.2171921154411534,2.1948081432713242,2.1726501516137877,2.1507158590507713,2.1290030071968737,2.1075093604665383,2.086232705843873,2.065170852654797,2.0443216323414863,2.0236828982390933,2.003252525354725,1.9830284101486513,1.963008470317719,1.943190644580959,1.9235728924673496,1.9041531941057306,1.8849295500168315,1.8658999809074035,1.8470625274664298,1.8284152501633903,1.8099562290485665,1.791683563555359,1.773595372304605,1.7556897929108655,1.7379649817906748,1.7204191139727205,1.703050382909943,1.68585700029353,1.6688371958687906,1.6519892172528867,1.6353113297544055,1.6188018161947533,1.6024589767313526,1.5862811286826233,1.5702666063547315,1.5544137608700888,1.538720959997579,1.5231865879845043,1.5078090453902222,1.492586748921467,1.4775181312693306,1.4626016409478904,1.4478357421344668,1.433218914511492
10,26.73,23.45,15.13,37.85,5.6,23.16,5.86,11.97,11.12,20.61,0.0,16.04,10.71,26.57,20.46,15.29,20.14,19.92,4.95,14.93,4.91,15.05,15.35,5.18,5.3,10.6,0.0,5.43,5.57,17.2,23.36,0.0,12.07,0.0,0.0,5.63,5.55,26.8,5.34,10.68,5.25,10.61,5.36,10.78,7.96,7.12,6.9,6.71,6.55,6.41,6.29,6.18,6.08,5.97,5.87,5.77,5.67,5.59,5.51,5.43,5.35,5.28,5.22,5.16,5.09,5.04,4.98,4.92,4.87,4.82,4.76,4.71,4.66,4.61,4.56,4.51,4.46,4.41,4.36,4.31,4.27,4.22,4.17,4.13,4.08,4.04,4.0,3.95,3.91,3.87,3.82,3.78,3.74,3.7,3.6530479253139587,3.6066916607136803,3.5609236455181796,3.5157364149896226,3.471122599115831,3.4270749214082383,3.383586197715098,3.340649335049752,3.2982573304337706,3.2564032697547676,3.2150803266387147,3.174281761336563,3.134000919624991,3.0942312317211114,3.054966211210935,3.016199453991446,2.9779246372260935,2.9401355183135416,2.902825933869503,2.865989798721498,2.8296211049163613,2.7937139207403527,2.7582623897516947,2.723260729825392,2.6887032322101687,2.6545842605973755,2.6208982502017113,2.5876397068536066,2.5548032061031316,2.522383392335269,2.4903749778964155,2.458772742231972,2.42757153103487,2.3967662554049083,2.3663518910187578,2.3363234773104966,2.306676116662541,2.2774049736068522,2.2485052740362708,2.2199723044258626,2.1918014110641475,2.1639879992940783,2.1365275327636586,2.109415532686063,2.0826475771091517,2.056219300194251,2.030126391504089,2.0043645952997635,1.9789297098466356,1.9538175867290288,1.9290241301736226,1.9045452963814367,1.8803770928682877,1.8565155778136193,1.832956859417591,1.8096970952663296,1.786732491705233,1.7640593032202272,1.7416738318268752,1.7195724264672374,1.6977514824143867,1.6762074406844791,1.6549367874562855,1.6339360534980896,1.6132018136018575,1.5927306860245896,1.5725193319367579,1.5525644548777473,1.5328628002182032,1.5134111546292033,1.4942063455581656,1.4752452407114078,1.45652474754327,1.4380418127517245,1.4197934217803811,1.4017765983268182,1.3839884038571464,1.3664259371267364,1.3490863337070287,1.3319667655183447,1.3150644403686307,1.2983766014980507,1.2819005271293629,1.265633530023997,1.2495729570437684,1.2337161887181531
11,35.98,35.77,14.11,30.32,27.02,5.56,11.52,29.08,41.59,16.63,10.3,31.51,16.02,5.35,10.62,15.32,15.28,15.09,14.87,4.93,4.96,0.0,5.0,10.2,10.3,15.85,5.28,10.48,10.83,16.66,5.71,5.84,0.0,5.99,17.7,11.41,11.23,5.53,21.38,10.64,15.97,5.18,10.46,0.0,5.97,7.91,7.66,7.44,7.25,7.09,6.95,6.83,6.72,6.62,6.51,6.4,6.3,6.21,6.12,6.04,5.95,5.88,5.81,5.74,5.67,5.6,5.54,5.48,5.42,5.36,5.3,5.24,5.19,5.13,5.07,5.02,4.96,4.91,4.86,4.8,4.75,4.7,4.65,4.6,4.54,4.5,4.45,4.4,4.35,4.3,4.25,4.21,4.16,4.12,4.057297262882552,3.9955488056782165,3.934740105095116,3.874856858872966,3.8158849824191674,3.7578106054960974,3.700620068958821,3.6442999215424434,3.588836916698363,3.5342180094786717,3.48043035346797,3.4274612977618806,3.3752983839915434,3.3239293433933956,3.2733420939235494,3.2235247374160827,3.17446555678458,3.1261530132662654,3.078575743708073,3.031722557894025,2.985582435913281,2.9401445255682472,2.8953981398221287,2.851332754285329,2.8079380047401052,2.765203684702894,2.7231197430237377,2.6816762815222455,2.6408635526595305,2.6006719572455843,2.5610920421815337,2.5221144982362675,2.4837301578568955,2.445929993012532,2.4087051130708947,2.372046762707221,2.335946319845007,2.3003952936280867,2.265385322423578,2.2309081718552157,2.1969557328666225,2.1635200198140487,2.130593168588142,2.0981674347643042,2.0662351917811934,2.0347889291469516,2.00382125067273,1.9733248727330968,1.943292622552926,1.9137174365203502,1.884592358525396,1.8559105383238987,1.8276652299263199,1.7998497900110846,1.7724576763620654,1.7454824463298486,1.7189177553164168,1.6927573552828927,1.6669950932799973,1.6416249100008684,1.6166408383559077,1.5920370020693153,1.5678076142969846,1.543946976265432,1.5204494759314395,1.4973095866620971,1.474521865934935,1.4520809540578363,1.429981572908433,1.4082185246926875,1.3867866907223656,1.3656810302111182,1.344896579088882,1.3244284488343274,1.304271825325073,1.2844219677054003,1.2648742072711996,1.2456239463718874,1.2266666573290343,1.2079978813714518,1.189613227586484,1.171508371887262,1.1536790559956756,1.1361210864408207,1.1188303335726926,1.101802730590888
12,34.88,13.56,31.42,23.5,15.15,21.47,27.66,11.42,28.87,23.68,21.58,20.58,20.97,15.99,21.38,21.19,30.55,20.33,20.04,14.85,9.84,0.0,4.88,14.96,20.34,0.0,26.31,0.0,10.44,16.21,5.54,5.7,11.66,6.01,5.96,17.59,17.04,16.8,16.57,5.32,0.0,5.26,10.23,0.0,6.7,8.87,8.59,8.34,8.11,7.92,7.76,7.62,7.5,7.39,7.28,7.17,7.06,6.96,6.86,6.77,6.68,6.59,6.51,6.44,6.36,6.29,6.22,6.15,6.08,6.02,5.95,5.88,5.82,5.76,5.69,5.63,5.57,5.51,5.45,5.39,5.33,5.27,5.21,5.16,5.1,5.04,4.99,4.93,4.88,4.83,4.77,4.72,4.67,4.62,4.576175872951091,4.532767450255341,4.489770788648598,4.447181982271495,4.404997162314636,4.363212496667155,4.321824189568599,4.280828481264118,4.240221647662925,4.199999999999999,4.160159884500991,4.120697682050309,4.081609807862362,4.042892711155904,4.004542874831487,3.966556815151959,3.928931081425999,3.8916622556946514,3.8547469524208404,3.8181818181818175,3.7819635313645366,3.746088801863918,3.7105543707839646,3.67535701014173,3.6404935225740784,3.605960741047235,3.571755528569089,3.537874777904228,3.504315411291673,3.471074380165288,3.4381486648768513,3.4055352744217426,3.37323124616724,3.341233645583391,3.3095395659764346,3.2781461282247584,3.2470504805173532,3.2162497980947524,3.1857412829924296,3.1555221637866246,3.1255896953425917,3.09594115856522,3.0665738601520363,3.037485132348537,3.0086723327058493,2.980132843840689,2.9518640731975934,2.923863452813411,2.8961284390840265,2.8686565125332955,2.841445177584174,2.8144919623320184,2.7877944183200323,2.761350120316851,2.7351566660962265,2.709211676218808,2.683512793815994,2.658057684375828,2.632844035530933,2.6078695568484496,2.583131979621976,2.5586290566654704,2.5343585621091202,2.510318291197137,2.486506060087478,2.4629197056534613,2.439557085287267,2.416416076705298,2.393494577755393,2.3707905062258634,2.3483017996563413,2.3260264151504275,2.303962329190109,2.282107537451943,2.26046005462498,2.2390179142304194,2.2177791684429695,2.1967418879139067,2.1759041615958115,2.155264096568966,2.134819817869401,2.11456946831857,2.0945112083546444,2.074643215865402,2.0549636860227087,2.035470831118563
13,17.75,26.35,13.61,18.01,42.24,20.07,21.35,32.9,17.0,34.48,23.55,10.78,15.41,47.11,42.62,26.72,10.58,10.16,10.16,25.0,19.81,24.63,29.61,9.72,14.96,15.25,25.52,15.75,15.71,5.21,5.39,11.05,28.48,5.83,11.96,5.91,5.82,28.22,11.18,5.5,15.89,10.48,10.41,20.32,12.4,10.05,9.74,9.45,9.19,8.96,8.76,8.59,8.45,8.32,8.2,8.09,7.97,7.86,7.75,7.64,7.55,7.45,7.36,7.27,7.19,7.11,7.03,6.95,6.87,6.8,6.72,6.65,6.58,6.5,6.43,6.36,6.29,6.22,6.16,6.09,6.02,5.96,5.89,5.83,5.76,5.7,5.64,5.58,5.52,5.45,5.4,5.34,5.28,5.22,5.147162277792863,5.075340903052455,5.004521694086352,4.934690667087608,4.865834033373531,4.797938196663016,4.730989750391838,4.664975475065429,4.599882335648585,4.535697478991596,4.472408231292285,4.410002095593477,4.348466749315368,4.2877900418223405,4.227959992023723,4.168964786008031,4.110792774710217,4.0534324716114725,3.996872550471123,3.941101843090175,3.8861093371060687,3.831884173818197,3.778415646043773,3.7256931960036126,3.673706413237419,3.6224450325481543,3.571898931975096,3.5220581307951777,3.472912787552219,3.4244531981136475,3.376669793754348,3.3295531392672393,3.2830939311002187,3.237282995519105,3.1921112867962105,3.147569885424194,3.1036499963548305,3.060342947262364,3.0176401868310867,2.975533283066816,2.9340139216319288,2.893073904203634,2.8527051468551474,2.8128996784594564,2.773649639115362,2.734947278595475,2.696784954815877,2.6591551323271294,2.622050380826339,2.585463373689989,2.5493868865272384,2.5138137957534092,2.47873707718338,2.4441498046446033,2.4100451486094823,2.376416374846824,2.3432568430921146,2.3105600057363453,2.2783194065331376,2.246528679323906,2.2151815467808103,2.1842718191672477,2.153793393115642,2.123740250422285,2.094106456858995,2.064886161001358,2.0360735930733163,2.007663063807883,1.9796489633237513,1.9520257600175783,1.9247879994717287,1.897930303377255,1.8714473684719104,1.8453339654929766,1.8195849381447065,1.794195202080171,1.769159743897318,1.744473620149034,1.7201319563670239,1.6961299460993071,1.6724628499611487,1.649125994699228,1.6261147722688698,1.603424638924149,1.581051114320694,1.5589897806310056
14,34.49,31.15,61.54,45.64,22.48,42.13,30.02,31.76,38.14,16.95,41.48,17.64,37.65,25.63,20.91,15.95,10.67,31.64,30.38,30.48,29.98,19.87,24.59,14.78,14.55,24.96,35.49,15.27,15.68,20.91,20.74,21.57,5.52,0.0,0.0,5.96,11.73,5.78,16.82,16.66,16.44,10.49,15.53,10.35,11.22,11.6,11.26,10.93,10.62,10.34,10.1,9.88,9.7,9.55,9.41,9.28,9.15,9.03,8.9,8.78,8.67,8.56,8.46,8.35,8.26,8.16,8.07,7.98,7.9,7.81,7.72,7.64,7.56,7.47,7.39,7.31,7.23,7.15,7.07,7.0,6.92,6.84,6.77,6.69,6.62,6.55,6.48,6.41,6.34,6.27,6.2,6.13,6.06,6.0,5.923084045701501,5.847154102073942,5.772197529125374,5.6982018489000215,5.625154743401083,5.55304405254018,5.481857772113057,5.4115840518012694,5.342211193199463,5.273727647867952,5.206122015410261,5.13938304157531,5.073499616383928,5.0084607722793875,4.944255682301642,4.880873658284973,4.81830414907874,4.756536738790938,4.695561145054275,4.635367217314474,4.57594493514052,4.517284406556567,4.459375866395228,4.4022096746719805,4.3457763149804,4.290066392907978,4.235070634472237,4.180779884576906,4.127185105487872,4.074277375328679,4.022047886595313,3.9704879446900234,3.9195889664739365,3.8693424788382345,3.81974011729364,3.7707736245779895,3.722434849281651,3.6747157444905696,3.6276083664467,3.5811048732256214,3.535197523431096,3.489878674906363,3.445140783461962,3.400976401619852,3.357378177373641,3.314338852964699,3.2718512636739696,3.2299083366292636,3.1885030896278437,3.147628629974103,3.107278153332147,3.067444942593077,3.0281223667568007,2.9893038798281792,2.950983019727314,2.9131534072138145,2.8758087448248517,2.838942815826823,2.8025494831804574,2.7666226885191922,2.7311564511406363,2.696144867010972,2.6615821077821136,2.6274624198214678,2.593780123254132,2.5605296110173703,2.527705347927209,2.495301869757002,2.4633137823278037,2.4317357606104046,2.400562547838882,2.3697889546355047,2.3394098581468654,2.3094202011910845,2.2798149914159436,2.250589300467813,2.221738263171234,2.193257076719016,2.1651409998727194,2.137385352173383,2.1099855131623744,2.0829369216122253,2.056235074767328,2.029875527594365,2.00385389204235,1.97816583631215
15,21.18,51.18,39.44,22.34,27.56,31.98,42.63,39.84,37.15,38.47,68.24,41.46,23.47,32.23,51.26,26.1,5.31,26.64,42.22,15.2,15.23,15.1,19.86,49.2,9.84,33.85,29.85,15.18,20.22,20.81,31.29,15.56,21.55,22.05,5.68,11.55,23.68,34.96,5.73,0.0,5.54,16.26,10.39,15.43,14.27,14.08,13.7,13.31,12.93,12.58,12.26,11.98,11.74,11.53,11.35,11.18,11.03,10.89,10.74,10.59,10.46,10.33,10.2,10.08,9.96,9.85,9.74,9.63,9.52,9.42,9.32,9.21,9.11,9.01,8.92,8.82,8.72,8.63,8.53,8.44,8.35,8.25,8.16,8.08,7.99,7.9,7.81,7.73,7.64,7.56,7.48,7.39,7.31,7.23,7.177175410996146,7.124736774579209,7.072681270861671,7.02100610055897,6.969708484838971,6.91878566517254,6.868234903185194,6.818053480509858,6.768238698640667,6.718787878787877,6.669698361733788,6.620967507689768,6.5725926961542775,6.524571325771969,6.476900814193789,6.429578597938115,6.382602132252906,6.3359688909788545,6.2896763664135475,6.24372206917661,6.198103528075842,6.152818289974327,6.107863919658518,6.063237999707282,6.018938130361903,5.974961929397034,5.9313070319925965,5.88797109060661,5.844951774848951,5.80224677135604,5.759853783666436,5.717770532097353,5.675994753622056,5.634524201748179,5.593356646396917,5.5524898737831,5.511921686296148,5.471649902381898,5.431672356425286,5.391986898633893,5.352591394922343,5.3134837267975366,5.2746617912447356,5.236123500614467,5.197866782510265,5.1598895796772215,5.1221898498913685,5.0847655658498425,5.047614715061879,5.010735299740586,4.974125336695509,4.937782857225992,4.901705907015308,4.865892546025564,4.830340848393376,4.795048902326306,4.760014810000058,4.725236687456417,4.690712664501946,4.656440884607411,4.6224195048079455,4.58864669560395,4.555120640862709,4.521839537720724,4.488801596486772,4.456005040545656,4.423448106262678,4.39112904288879,4.359046112466454,4.327197589736178,4.295581762043746,4.264196929248114,4.23304140362999,4.202113509801075,4.171411584613967,4.14093397707273,4.110679048244103,4.080645171169379,4.050830730776905,4.021234123795234,3.991853758666913,3.9626880554628925,3.933735445797565,3.9049943727444316,3.876463290752372,3.8481406655625348
16,81.94,66.6,72.04,26.33,40.32,31.84,58.95,60.85,39.69,36.8,38.0,40.02,47.44,41.12,70.07,25.65,47.08,37.26,58.82,47.66,25.33,35.71,40.34,34.82,39.38,44.17,33.76,29.79,30.21,20.11,20.74,10.44,10.37,26.94,16.52,22.64,17.27,0.0,28.93,22.71,16.61,21.94,26.81,25.74,20.75,19.47,18.97,18.46,17.95,17.45,16.99,16.57,16.2,15.88,15.61,15.37,15.15,14.95,14.75,14.55,14.36,14.18,14.01,13.84,13.68,13.52,13.37,13.22,13.08,12.93,12.79,12.65,12.51,12.38,12.24,12.11,11.97,11.84,11.71,11.59,11.46,11.33,11.21,11.09,10.97,10.85,10.73,10.61,10.49,10.38,10.27,10.15,10.04,9.93,9.830945470191953,9.732879037048102,9.63579084402762,9.53967113291142,9.444510242821396,9.350298609249396,9.257026763095917,9.164685329718376,9.073265027988873,8.982756669361356,8.893151156948093,8.804439484605355,8.716612736028216,8.629662083854388,8.543578788776992,8.458354198666186,8.373979747699538,8.2904469555011,8.207747426289043,8.125872848031815,8.044814991612704,7.9645657100027405,7.885116937441852,7.806460688628179,7.728589057915483,7.65149421851856,7.575168421726581,7.499603996124275,7.424793346820887,7.350728954686822,7.27740337559791,7.204809239687198,7.132939250604229,7.061786184781674,6.991342890709316,6.921602288215252,6.852557367754279,6.7842011897033645,6.716526883664163,6.649527647772475,6.583196748014599,6.517527517550504,6.4525133560437595,6.388147728998133,6.324424167100827,6.261336265572244,6.1988776835222605,6.137042143312905,6.075823429927403,6.015215390345512,5.9552119329250885,5.895807026789825,5.836994701223092,5.7787690450678335,5.721124206132437,5.664054390602538,5.607553862458697,5.551616942899869,5.496238009772646,5.441411497006165,5.387131894052685,5.33339374533372,5.280191649691705,5.227520259847133,5.175374281861111,5.123748474603264,5.072637649224963,5.022036668637796,4.971940446997243,4.922343949191509,4.873242190335452,4.824630235269549,4.776503198063877,4.728856241527033,4.681684576719953,4.634983462474577,4.5887482049173265,4.542974156997325,4.497656718019331,4.452791333181325,4.408373493116709,4.364398733441086,4.320862634303539,4.277760819942401,4.235088958245454,4.1928427603145115
17,99.65,70.11,80.23,73.99,85.56,90.51,92.0,59.68,138.32,85.37,95.69,93.84,75.12,71.97,137.03,87.17,73.02,58.5,59.37,70.5,80.13,50.87,71.3,60.7,59.62,73.65,48.83,47.99,44.52,65.19,34.97,41.4,31.33,25.85,42.97,54.9,45.13,28.71,11.73,17.19,45.09,16.4,21.69,42.51,33.49,30.97,30.2,29.45,28.69,27.93,27.2,26.51,25.89,25.35,24.87,24.45,24.09,23.76,23.45,23.15,22.85,22.56,22.28,22.02,21.76,21.51,21.27,21.03,20.8,20.58,20.35,20.13,19.91,19.69,19.48,19.26,19.05,18.84,18.64,18.43,18.23,18.03,17.83,17.64,17.45,17.26,17.07,16.88,16.7,16.51,16.33,16.15,15.98,15.8,15.621128609416205,15.444282217210219,15.269437898427876,15.096572987647832,14.92566507604338,14.756692008477565,14.58963188063116,14.424463036163173,14.261164063903486,14.09971379507728,13.940091300560887,13.782275888168709,13.626247099970843,13.471984709641083,13.319468719834935,13.168679359597325,13.019597081799647,12.872202560605833,12.726476688967109,12.582400576145096,12.439955545262979,12.299123130884386,12.159885076619663,12.022223332759275,11.886120053933983,11.751557596801506,11.618518517759389,11.486985570683744,11.356941704693604,11.228370061940588,11.101253975423578,10.97557696682814,10.851322744390417,10.728475200785182,10.607018411037828,10.486936630459962,10.36821429260841,10.250836007267292,10.134786558452966,10.020050902441547,9.906614165818752,9.794461643551845,9.68357879708338,9.573951252446538,9.465564798401818,9.358405384594782,9.252459119734695,9.147712269793768,9.044151256226776,8.94176265421086,8.84053319090523,8.740449743730585,8.641499338667996,8.543669148577077,8.446946491533165,8.351318829183324,8.256773765121004,8.163299043279043,8.070882546340897,7.9795122941698535,7.889176442256015,7.799863280180872,7.711561230099261,7.624258845238505,7.537944808414542,7.452607930564858,7.368237149298023,7.284821527459662,7.202350251714631,7.12081263114528,7.0401980958655574,6.960496195650819,6.881696598583142,6.803789089711981,6.726763569729979,6.650610053663774,6.575318669579635,6.50087965730373,6.427283367156905,6.354520258703774,6.282580899515974,6.211455963949415,6.141136231935387,6.071612587785336,6.002876019009181,5.93491761514701
18,106.56,127.35,84.63,92.04,94.07,82.14,96.33,97.93,126.7,86.9,91.35,97.52,101.41,53.37,130.12,99.49,102.52,114.22,70.94,111.65,72.07,101.03,85.47,86.0,110.7,54.21,67.7,72.3,84.83,72.63,49.08,53.6,30.68,41.08,71.33,47.45,43.38,38.97,33.88,57.01,33.35,32.89,53.1,63.08,45.42,40.28,39.38,38.5,37.62,36.74,35.85,35.0,34.19,33.46,32.82,32.25,31.76,31.31,30.91,30.53,30.16,29.79,29.43,29.08,28.74,28.42,28.1,27.79,27.48,27.18,26.88,26.59,26.3,26.01,25.73,25.45,25.17,24.89,24.62,24.35,24.08,23.82,23.56,23.3,23.05,22.8,22.55,22.3,22.06,21.81,21.58,21.34,21.11,20.88,20.65745972489556,20.437291297207004,20.219469437644264,20.003969136345454,19.790765650005273,19.579834499034025,19.37115146474694,19.16469258658341,18.960434159355906,18.75835273052819,18.558425097522548,18.3606283050557,18.164939642503143,17.971336641291547,17.779797072318964,17.59029894340254,17.402820496753396,17.217340206478465,17.033836776108902,16.85228913615491,16.672676441686548,16.494978069940366,16.319173617951563,16.145242900211336,15.973165946349216,15.802922998840147,15.634494510735927,15.467861143420889,15.303003764391475,15.139903445059485,14.978541458578732,14.818899277694854,14.660958572618076,14.504701208918592,14.350109245444434,14.197164932261488,14.045850708615484,13.896149200915717,13.748043220740234,13.6015157628623,13.456550003297897,13.31312929737402,13.171237177817577,13.03085735286464,12.89197370438987,12.754570286055863,12.618631321482216,12.484141202434124,12.351084487030276,12.219445897969843,12.089210320778367,11.96036280207236,11.832888547842375,11.706772921754396,11.58200144346932,11.458559786980352,11.336433778968129,11.215609397173356,11.09607276878682,10.977810168856518,10.860808018711806,10.745052884404304,10.63053147516546,10.517230641880513,10.405137375578745,10.29423880593982,10.184522199816035,10.07597495977033,9.968584622629875,9.86233885805507,9.757225467123806,9.653232380930811,9.550347659201913,9.44855948892309,9.347856182984124,9.24822617883671,9.149658037166866,9.05214044058149,8.95566219230893,8.860212214913393,8.76577954902304,8.67235335207168,8.579922897053818,8.488477571293032,8.398006875223425,8.308500421184096
19,99.68,82.91,85.16,77.51,79.81,94.06,100.48,50.62,51.66,93.74,91.24,98.28,94.08,104.01,128.41,116.08,109.98,119.31,113.66,117.04,124.35,86.78,66.71,64.24,112.85,78.11,85.21,46.89,101.36,53.42,91.88,31.8,46.79,29.17,54.21,48.68,50.96,83.02,53.56,42.83,97.05,36.39,30.51,39.59,43.03,45.03,44.21,43.35,42.49,41.64,40.77,39.9,39.05,38.25,37.52,36.87,36.29,35.78,35.33,34.9,34.49,34.09,33.69,33.3,32.92,32.55,32.19,31.83,31.49,31.14,30.8,30.46,30.13,29.8,29.47,29.15,28.83,28.52,28.21,27.9,27.59,27.29,26.99,26.7,26.4,26.12,25.83,25.55,25.27,24.99,24.72,24.45,24.18,23.92,23.67161453336769,23.42580830335888,23.18255452716035,22.941826700071815,22.70359859261801,22.46784424769075,22.234537977720652,22.00365436187826,21.77516824330421,21.54905472636817,21.325289173956204,21.103847204786383,20.88470469075219,20.667837754293558,20.453222765795186,20.24083634101188,20.03065533852064,19.822656857199174,19.61681823373063,19.413117040134207,19.211531081321436,19.012038392677827,18.814617237669605,18.619246105475337,18.425903708642128,18.23456898076616,18.045221074197322,17.85783935776765,17.672403414543403,17.488893039600434,17.307288237822686,17.127569221723544,16.949716409289806,16.77371042184805,16.59953208195315,16.42716241129872,16.256582628649255,16.087774147793745,15.920718575520546,15.755397709613256,15.591793536867439,15.429888231127912,15.269664151346428,15.111103839659517,14.95419001948631,14.798905593646076,14.645233642495352,14.493157422084384,14.342660362332712,14.193726065223732,14.046338303017972,13.900481016484926,13.75613831315327,13.613294465579225,13.471933909632904,13.332041242802479,13.193601222515909,13.056598764480155,12.921018941037586,12.786846979539487,12.65406826073644,12.52266831718543,12.392632831673483,12.263947635657676,12.136598707721342,12.010572172046324,11.885854296901057,11.76243149314439,11.640290312744924,11.519417447315712,11.399799726664211,11.281424117357256,11.164277721300952,11.048347774335314,10.933621644843495,10.82008683237545,10.707730966285915,10.596541804386494,10.486507231611771,10.377615258699272,10.269854020883109,10.16321177660122,10.057676906216015,9.95323791074831,9.849883410624415,9.747602144436211
20,75.76,78.58,63.88,93.87,94.97,63.29,82.99,95.75,127.03,101.62,61.72,82.28,133.57,98.1,107.38,118.63,111.05,98.44,98.47,114.32,75.49,89.09,111.15,80.51,57.99,86.81,57.1,83.7,77.97,79.83,42.78,61.93,67.51,27.33,23.76,38.1,38.34,39.79,70.76,41.24,37.0,25.82,29.88,59.01,50.69,49.14,48.47,47.71,46.9,46.09,45.27,44.43,43.59,42.76,41.97,41.25,40.6,40.02,39.51,39.03,38.58,38.15,37.73,37.3,36.88,36.47,36.06,35.67,35.28,34.89,34.51,34.13,33.76,33.39,33.02,32.66,32.3,31.95,31.6,31.26,30.91,30.58,30.24,29.91,29.58,29.26,28.94,28.62,28.31,28.0,27.69,27.39,27.09,26.8,26.509747053177705,26.222637642666562,25.938637722918905,25.657713617111693,25.37983201315314,25.104959959732522,24.833064862412815,24.56411447976563,24.29807691954801,24.034920634920635,23.77461442070699,23.51712740969303,23.262429068966952,23.010489196298582,22.761277916557976,22.514765678172814,22.27092324962419,22.029721715980287,21.79113247546766,21.555127236079617,21.321678012221344,21.090757121391366,20.862337180898933,20.63639110461698,20.412892099770247,20.19181366375816,19.97312958101217,19.75681391988708,19.54284102958607,19.331185537119016,19.121822344293744,18.914726624739874,18.709873820964916,18.50723964144221,18.30680005773046,18.10853130162438,17.91240986233631,17.718412483708253,17.526516161454175,17.336698140432134,17.148935911945976,16.963207211076234,16.77949001403996,16.597762535579125,16.418003226377312,16.240190770504405,16.064304082888913,15.890322306817717,15.71822481146287,15.547991189435168,15.379601254364246,15.213035038504877,15.048272790369172,14.885294972384452,14.724082258576477,14.564615532277758,14.406875883860689,14.250844608495255,14.096503203930986,13.943833368302966,13.792816997961584,13.6434361853258,13.495673216759654,13.349510570471772,13.204930914437636,13.061917104344337,12.920452181557602,12.780519371110824,12.642102079715883,12.505183893795516,12.369748577536976,12.235780070966788,12.103262488046354,11.972180114788175,11.842517407392481,11.714258990404048,11.587389654888959,11.461894356631134,11.337758214348371,11.214966507927725,11.093504676679986,10.973358317613071,10.85451318372411,10.736955182310028,10.620670373296432,10.505644967584582
21,93.39,67.61,78.67,95.04,78.09,118.9,114.26,93.33,91.79,71.34,81.79,149.07,73.23,77.83,110.09,74.28,178.99,173.26,133.57,128.19,122.15,109.09,77.91,73.82,90.66,83.18,72.13,62.65,84.43,90.72,70.21,51.77,72.03,41.1,50.98,43.19,52.86,43.48,60.03,75.11,68.49,46.28,35.73,39.8,47.76,51.56,51.1,50.5,49.8,49.06,48.3,47.53,46.74,45.94,45.15,44.39,43.7,43.06,42.49,41.98,41.49,41.03,40.59,40.14,39.7,39.26,38.82,38.4,37.98,37.56,37.15,36.75,36.34,35.95,35.55,35.16,34.78,34.4,34.02,33.65,33.28,32.92,32.56,32.2,31.85,31.5,31.16,30.82,30.48,30.15,29.82,29.49,29.17,28.85,28.519218706451902,28.192230004382534,27.86899040962152,27.549456936568692,27.233587092477677,26.921338871805073,26.6126707506244,26.307541681104084,26.005911086048755,25.707738853503173,25.412985331417957,25.121611322376527,24.833578078382477,24.54884729570674,24.26738110979379,23.98914209022629,23.714093235747463,23.442197969340505,23.173420133364452,22.90772398474581,22.64507419022529,22.385435821659073,22.12877435137393,21.87505564757561,21.624245969809866,21.37631196447552,21.13122066038897,20.888939464399584,20.64943615705532,20.41267888831807,20.178636173328133,19.947276888217214,19.718570265969497,19.492485892330105,19.268993701760504,19.04806397344028,18.82966732731475,18.6137747201879,18.400357441860116,18.189387111310168,17.980835672921042,17.77467539274896,17.570878854835232,17.369418957560384,17.170268910040082,16.973402228562378,16.778792733065806,16.586414543657874,16.396242077173433,16.20825004377256,16.022413443577406,15.838707563347633,15.657107973193936,15.47759052332928,15.300131340857368,15.124706826597937,14.951293651948442,14.779868755781754,14.610409341379375,14.442892873399872,14.277297074882027,14.113599924282374,13.95177965254669,13.791814740215065,13.633683914560157,13.47736614675828,13.322840649092905,13.170086872190232,13.019084502286457,12.869813458526375,12.722253890292958,12.576386174567535,12.43219091332026,12.289648930930488,12.14874127163672,12.009449197015813,11.87175418349106,11.73563791986887,11.601082304903658,11.468069444890695,11.336581651286524,11.206601438356673,11.078111520850342,10.951094811701747,10.82553441975781,10.70141364753192
22,58.9,38.26,90.88,124.87,71.11,119.95,111.4,83.15,99.09,87.96,99.35,98.19,107.5,109.34,95.22,124.16,40.93,79.17,125.92,87.67,58.27,97.7,120.41,77.58,63.31,71.67,53.79,92.64,58.96,61.31,64.08,58.83,27.07,60.42,95.78,53.17,54.44,44.84,74.36,50.89,68.07,36.51,36.01,82.23,60.42,54.91,54.63,54.22,53.67,53.0,52.29,51.56,50.82,50.05,49.26,48.48,47.74,47.05,46.41,45.83,45.29,44.79,44.3,43.83,43.35,42.88,42.41,41.94,41.48,41.03,40.58,40.14,39.7,39.26,38.83,38.41,37.99,37.57,37.16,36.76,36.35,35.96,35.56,35.17,34.79,34.41,34.03,33.66,33.29,32.93,32.57,32.21,31.86,31.51,31.140926773077638,30.776176461002336,30.41569842993937,30.05944263912264,29.707359633908148,29.35940053890879,29.01551705120961,28.67566143366246,28.33978650825926,28.007845649582833,27.6797927783345,27.355582354937415,27.035169373214874,26.718509354142675,26.40555833967461,26.09627288664032,25.790610060714616,25.488527430457424,25.189983061423522,24.89493551034135,24.603343819359893,24.315167510363022,24.030366579350407,23.74890149088426,23.470733172601115,23.195823009787862,22.92413284002136,22.65562494787082,22.390262059662206,22.128007338304005,21.868824378173585,21.61267720006343,21.359530246186605,21.10934837524069,20.862096857529536,20.617741370142188,20.376247992188237,20.13758320008899,19.901713862923824,19.668607237831,19.438230965462395,19.21055306549142,18.98554193217361,18.763166329959166,18.54339538915691,18.32619860164903,18.111545816655987,17.899407236551088,17.689753412724002,17.48255524149281,17.27778396006386,17.075411142539004,16.87540869596957,16.67774885645655,16.482404185296502,16.28934756517254,16.09855219638999,15.909991593156104,15.723639579903365,15.539470287655853,15.357458150438166,15.177577901726412,14.999804570940768,14.824113479979106,14.650480239791257,14.47888074699335,14.309291180521852,14.141687998326773,13.976047934103615,13.81234799406359,13.650565453741669,13.490677854842039,13.332663002120471,13.176498960303238,13.022164051042108,12.86963684990499,12.718896183401869,12.569921126045518,12.422690997446686,12.277185359443289,12.133384013263228,11.991266996720439,11.85081458144379,11.712007270138425,11.574825793879201,11.439251109435812
23,88.13,101.16,106.16,83.66,105.55,63.56,80.95,63.09,79.69,76.36,83.17,82.17,84.86,64.62,116.33,118.99,109.51,125.03,93.47,110.05,78.41,94.63,136.6,54.29,121.48,117.47,76.54,84.07,74.62,94.36,33.44,90.12,56.74,46.83,43.74,75.0,44.89,72.09,41.43,76.25,48.34,52.25,41.69,57.19,56.71,58.16,58.01,57.77,57.4,56.88,56.24,55.56,54.85,54.12,53.36,52.59,51.82,51.08,50.38,49.74,49.15,48.59,48.06,47.54,47.03,46.52,46.02,45.51,45.02,44.52,44.04,43.55,43.08,42.61,42.14,41.68,41.22,40.77,40.33,39.89,39.45,39.02,38.59,38.17,37.75,37.34,36.93,36.53,36.13,35.73,35.34,34.95,34.57,34.19,33.806476184225616,33.427254518707635,33.05228674439128,32.6815251435642,32.31492253378398,31.95243226187376,31.594008197985307,31.239604729728555,30.88917675636708,30.54267968307866,30.200069415280215,29.861302353016413,29.526335385411226,29.195125885181717,28.867631703213355,28.54381116319622,28.22362305632134,27.907026636036512,27.59398161286103,27.284448149258438,26.978386854566956,26.675758779986648,26.376525413622872,26.080648675585362,25.788090913142206,25.49881489592826,25.21278381120726,24.929961259187117,24.650311248387734,24.373798191060803,24.10038689866097,23.83004257736781,23.562730823658008,23.29841761992727,23.037069330161273,22.778652695655207,22.523134830781355,22.27048321880411,22.020665707741955,21.773650506275878,21.529406179703646,21.28790164593949,21.049106171558666,20.81298936788636,20.579521187130485,20.348671918557862,20.12041218471328,19.894712937680975,19.671545455388046,19.450881337949333,19.23269250405331,19.016951187388504,18.80362993310999,18.592701594345566,18.384139328741067,18.177916595044472,17.974007149728305,17.772385043649926,17.573024618749308,17.375900504783825,17.18098761609969,16.988261148439587,16.797696575786144,16.60926964724079,16.42295638393762,16.238733075991906,16.056576279482808,15.876462813469951,15.698369757043452,15.522274446407055,15.348154471993976,15.175987675615103,15.005752147639177,14.83742622420463,14.670988484462665,14.506417747851286,14.343693071399894,14.18279374706413,14.023699299090598,13.866389481411167,13.71084427506649,13.557043885658425,13.404968740831034,13.254599487779858,13.105916990789087,12.958902328796407
24,53.47,80.33,76.84,53.89,89.75,83.71,91.16,58.73,86.52,84.99,102.65,94.22,92.96,106.02,100.42,123.29,136.86,128.32,129.64,134.45,93.5,98.87,136.49,43.47,65.16,83.14,69.1,87.53,50.34,80.57,75.5,108.9,68.91,29.36,53.51,75.73,46.57,72.69,59.3,31.81,37.17,53.37,57.22,88.76,67.15,62.04,61.95,61.82,61.59,61.23,60.71,60.07,59.39,58.67,57.94,57.17,56.39,55.61,54.86,54.16,53.49,52.87,52.28,51.72,51.16,50.61,50.06,49.52,48.98,48.44,47.91,47.39,46.87,46.35,45.85,45.35,44.85,44.36,43.87,43.39,42.92,42.45,41.99,41.53,41.07,40.62,40.18,39.74,39.31,38.88,38.45,38.03,37.61,37.2,36.79511202132555,36.39463087800795,35.99850860567463,35.60669776200133,35.219151421030126,34.8358231675492,34.45666709153388,34.08163778264814,33.710690324805896,33.34378029079162,32.98086373693936,32.62189719786982,32.26683768128457,31.915642662817042,31.56827008093951,31.224678331925503,30.88482626486708,30.54867317674628,30.216178807560276,29.887303335499553,29.562007372178563,29.240251957918332,28.92199855708034,28.607209053451257,28.295845745677884,27.987871342751763,27.683248959542958,27.381942112382447,27.08391471469257,26.78913107266506,26.497555880986127,26.209154218608013,25.923891544566633,25.641733693844717,25.362646873279946,25.08659765751768,24.81355298500769,24.54348015404448,24.27634681885073,24.012120985703294,23.750771009101467,23.492265587976874,23.23657376194463,22.98366490759534,22.733508734827403,22.48607528321927,22.2413349184412,21.99925832870601,21.759816521258507,21.52298081890315,21.28872285656942,21.057014577914657,20.827828231963842,20.601136369785923,20.37691184120637,20.155127791555465,19.93575765845202,19.71877516862206,19.504154334752183,19.291869452377117,19.08189509680119,18.87420612005329,18.668777647874975,18.46558507674135,18.264604070914384,18.065810559528316,17.869180733706727,17.674691043711057,17.482318196120097,17.29203915104024,17.10383111934604,16.917671559950843,16.733538177107114,16.551408917736126,16.371261968786758,16.193075754622992,16.016828934439882,15.842500399707628,15.670069271643467,15.499514898711087,15.33081685414728,15.163954933515452,14.998909152285838,14.835659743442,14.674187155113392,14.514472048233701
25,98.87,49.79,75.85,77.21,98.4,75.51,55.56,109.82,73.65,121.7,87.33,98.85,124.92,98.77,137.33,65.95,72.56,88.19,102.29,94.79,137.97,100.14,111.31,112.22,76.24,103.63,87.86,90.7,62.96,51.33,56.29,62.29,96.9,61.1,85.66,100.79,72.47,90.33,64.38,54.6,44.06,68.16,42.28,62.25,63.9,66.38,66.31,66.21,66.07,65.83,65.44,64.9,64.24,63.53,62.79,62.04,61.25,60.45,59.65,58.88,58.15,57.46,56.8,56.18,55.57,54.97,54.37,53.78,53.2,52.61,52.04,51.47,50.91,50.35,49.8,49.25,48.72,48.18,47.66,47.13,46.62,46.11,45.6,45.11,44.61,44.12,43.64,43.16,42.69,42.23,41.76,41.31,40.85,40.41,39.973859365217386,39.5424259477896,39.115648943243364,38.693478095432425,38.27586369061954,37.86275655162227,37.45410803202207,37.04987001043577,36.649994884848915,36.25443556701032,35.863145476887055,35.47607853717929,35.09318916789438,34.714432280979466,34.339763275012025,33.96913802994773,33.602512901924975,33.239844718125504,32.881090771690495,32.52620881669149,32.175157063155645,31.827894172144628,31.484379250886704,31.144571847961235,30.808431948535286,30.475919969651567,30.146996755567233,29.82162357314302,29.499762107282127,29.181374456418332,28.86642312805279,28.55487103433905,28.24668148771563,27.94181819658585,27.640245261044168,27.34192716864875,27.04682879023958,26.754915375801776,26.466152550373486,26.180506309998,25.897943017719538,25.618429399622233,25.3419325409119,25.068419882040047,24.79785921486979,24.530218678883077,24.265466757428875,24.003572274011862,23.744504388621174,23.488232594098733,23.23472671254684,22.983956891774493,22.73589360178205,22.490507631283876,22.247770084268502,22.007652376595885,21.770126232631426,21.53516368191632,21.302737055873795,21.07281898455096,20.84538239339577,20.620400500068826,20.397846811289522,20.17769511971629,19.959919500860487,19.744494310033584,19.53139417932733,19.32059401462648,19.112068992653793,18.905794558046885,18.701746420466677,18.499900551737014,18.30023318301517,18.102720801992895,17.907340150127673,17.714068219903847,17.522882252123313,17.333759733225467,17.14667839263605,16.961616200144647,16.778551363310445,16.597462324896025,16.418327760328822,16.241126575190023,16.06583790273053,15.892441101413743
26,61.87,84.76,67.22,65.58,98.63,54.33,66.41,84.18,55.89,112.7,71.66,136.81,104.29,90.66,84.46,128.2,122.42,114.58,108.08,104.59,110.13,78.84,158.96,110.16,58.87,103.62,140.57,98.66,64.49,48.12,62.49,94.05,95.3,104.42,88.48,113.34,56.36,99.99,70.23,70.12,95.01,91.77,66.72,89.06,73.86,70.79,70.7,70.61,70.49,70.32,70.05,69.63,69.05,68.37,67.63,66.87,66.08,65.28,64.45,63.63,62.84,62.08,61.36,60.67,60.0,59.35,58.71,58.07,57.44,56.81,56.19,55.57,54.96,54.36,53.77,53.18,52.6,52.02,51.45,50.89,50.34,49.78,49.24,48.7,48.17,47.64,47.12,46.61,46.1,45.59,45.09,44.6,44.11,43.63,43.144970254830575,42.66533253014474,42.19102688346435,41.721994038685004,41.25817537866795,40.79951293791455,40.34594939532199,39.89742806701963,39.453892899285,39.01528846153845,38.58155993941578,38.15265312791787,37.72851442463637,37.30909082305484,36.89432990592421,36.48417983871204,36.07858936312445,35.67750779070023,35.280884996476,34.88867141272186,34.50081802274679,34.1172763547727,33.73799847587674,33.362936986000946,32.99204501202836,32.62527620192517,32.262584718947814,31.903925235914617,31.549252929541016,31.198523474837803,30.851693039571636,30.508718278787107,30.169556329389767,29.834164804789296,29.50250178960227,29.174525834413835,28.850195950597552,28.529471605192864,28.21231271583955,27.89867964576841,27.5885331988477,27.281834614684612,26.97854556378122,26.67862814274426,26.382044869548174,26.088758678850827,25.79873291736126,25.511931339258993,25.228318101664197,24.947857760158275,24.67051526435418,24.396255953516036,24.125045552227427,23.856850166107833,23.591636277576722,23.32937074166467,23.07002078187112,22.813553986068126,22.55993830244971,22.30914203552614,22.06113384216286,21.815882727663368,21.57335804189567,21.333529475461805,21.096367055909944,20.86184114398859,20.62992242994243,20.40058192984937,20.173790981998287,19.949521243307018,19.72774468578024,19.508433593006657,19.291560556695156,19.07709847324949,18.865020540380996,18.655300253759016,18.44791140369851,18.242828071884528,18.040024628133075,17.839475727188,17.64115630555348,17.445041578361714,17.251107036275467,17.059328442425016,16.869681829379154,16.682143496149884
27,82.22,85.65,90.71,61.74,65.99,62.52,74.36,62.08,71.07,75.73,66.62,67.19,102.62,104.46,100.83,115.04,97.76,122.53,123.21,104.38,138.31,103.02,130.05,130.44,83.62,94.12,123.95,96.75,93.44,65.12,97.07,63.7,69.08,80.58,95.15,94.83,104.44,67.64,111.38,80.65,65.83,65.63,68.57,60.99,70.11,75.23,75.06,74.95,74.83,74.68,74.48,74.16,73.7,73.09,72.38,71.61,70.81,70.0,69.17,68.32,67.48,66.66,65.88,65.13,64.4,63.7,63.01,62.32,61.64,60.96,60.3,59.64,58.99,58.34,57.7,57.07,56.45,55.83,55.22,54.62,54.02,53.43,52.84,52.27,51.69,51.13,50.57,50.02,49.47,48.93,48.39,47.86,47.34,46.82,46.28955962112415,45.765128789355124,45.246639420403234,44.73402420132981,44.22721658180835,43.726150765484576,43.23076170143446,42.740985075718946,42.25675730303438,41.778015518457565,41.30469756928431,40.83674200696043,40.374088079104226,39.91667572161924,39.464445550896464,39.01733885610486,38.575297591569196,38.13826436923428,37.706182451214545,37.27899574242804,36.85664878331388,36.43908674263222,36.02625541034577,35.618101190581946,35.21457109467484,34.8156127342859,34.42117431460266,34.031204627614414,33.64565304546419,33.264469513875945,32.88760454565628,32.51500921426976,32.146635147487,31.78243452110475,31.422360052737133,31.066364995677173,30.714403132827908,30.366428770702257,30.022396733490854,29.68226235719709,29.34598148383861,29.013510455714492,28.684806109737398,28.35982577182989,28.0385272513843,27.720868835785296,27.406809284994573,27.09630782619682,26.78932414850642,26.48581839773406,26.185751171212683,25.889083512681992,25.59577690723099,25.30579327629777,25.019094972725938,24.735644775877073,24.455405886798587,24.178341923446258,23.904416915960937,23.63359530199877,23.3658419221143,23.101122015195898,22.839401213952886,22.58064554045381,22.324821401715244,22.071895585340584,21.821835255208242,21.574607947208687,21.330181565029804,21.088524375989966,20.849605006918356,20.613392440081928,20.379856009158523,20.148965395255633,19.920690622974217,19.69500205651717,19.471870395841826,19.251266672856097,19.03316224765768,18.81752880481588,18.60433834969555,18.39356320482269,18.18517600629123,17.97914970021047,17.775457539192843,17.574073078881415
28,108.94,111.1,74.41,62.6,56.63,132.41,73.23,74.88,62.86,96.32,88.01,114.77,95.93,83.07,99.45,75.94,115.5,149.43,141.0,119.45,124.11,106.15,176.93,64.02,77.18,57.71,51.98,112.11,129.01,104.87,92.2,87.67,91.36,37.72,70.27,63.72,132.89,110.59,83.78,31.5,86.7,75.25,63.77,83.44,79.17,79.69,79.34,79.16,79.01,78.85,78.66,78.41,78.04,77.54,76.89,76.14,75.34,74.52,73.67,72.81,71.95,71.08,70.25,69.44,68.66,67.9,67.15,66.42,65.7,64.98,64.27,63.56,62.87,62.18,61.5,60.83,60.16,59.51,58.85,58.21,57.57,56.94,56.32,55.71,55.1,54.49,53.9,53.31,52.73,52.15,51.58,51.01,50.46,49.9,49.34740837211327,48.8009361331486,48.260515517112275,47.72607950844987,47.19756183373593,46.6748969534556,46.15802005387734,45.64686703901561,45.141374522682575,44.6414798206278,44.14712094276501,43.65823658548496,43.17476612405335,42.69664960509304,42.22382773914941,41.75624189333808,41.29383408407412,40.836546969881674,40.38432384428329,39.937108628767916,39.49484586583685,39.05748071212667,38.62495893160826,38.19722688886126,37.774231542422896,37.35592043821052,36.94224170301698,36.533144038078,36.12857671271083,35.728489558023306,35.332832960692606,34.941557856812864,34.554615725810976,34.17195858442969,33.79353898077743,33.419309988443935,33.0492252006811,32.683238724648255,32.32130517572112,31.963379671863894,31.609417828063563,31.25937575082586,30.913210032732238,30.570877747057054,30.232336442444378,29.897544137643788,29.566459316304393,29.239040921826568,28.915248352270684,28.595041455322182,28.278380523312464,27.965226288294875,27.655539917175247,27.349283006896325,27.046417579675573,26.746906078295673,26.450711361447198,26.157796699122873,25.868125768062782,25.58166264725011,25.29837181345666,25.018218136837792,24.741166876576063,24.467183676573168,24.19623456118958,23.92828593103133,23.663304558783476,23.40125758508974,23.14211251447769,22.885837211329132,22.632399895895084,22.381769140354884,22.13391386491894,21.88880333397465,21.646407152274982,21.40669526116928,21.1696379348758,20.935205776795527,20.70336971586681,20.474101002960367,20.24737120731421,20.023152213008064,19.80141621547681,19.58213571806252,19.365283528604746,19.15083275606848
29,27.55,88.68,100.6,91.86,74.17,84.91,104.96,83.99,60.32,83.11,93.94,127.31,105.22,110.23,82.82,104.61,126.74,100.62,141.54,121.34,110.11,117.41,165.59,93.17,113.72,108.8,94.3,108.41,101.28,86.2,82.5,82.5,105.34,87.15,109.1,97.43,122.49,112.28,73.92,62.4,100.37,90.5,109.77,94.35,85.58,84.61,83.94,83.56,83.34,83.15,82.94,82.69,82.38,81.96,81.4,80.71,79.92,79.08,78.23,77.35,76.47,75.57,74.69,73.83,72.99,72.18,71.38,70.6,69.83,69.07,68.31,67.56,66.82,66.09,65.37,64.66,63.95,63.25,62.56,61.87,61.2,60.53,59.87,59.21,58.56,57.92,57.29,56.66,56.04,55.43,54.82,54.22,53.63,53.04,52.460117590112255,51.88657499186284,51.31930289255848,50.758232737296495,50.20329672067985,49.65442777862296,49.11155958024692,48.57462651986345,48.04356370904641,47.51830696879005,46.99879282175296,46.48495848458679,45.97674186034897,45.47408153099818,44.97691674997202,44.48518743484581,43.99883416007155,43.51779814979641,43.04202127075959,42.571446025266994,42.10601554424252,41.64567358035552,41.190364501223264,40.74003328268774,40.29462550216602,39.854087332073256,39.41836553331761,38.98740744886632,38.56116099738208,38.13957466692899,37.72259750874739,37.3101791310966,36.90226969316515,36.4988198990475,36.099780991786595,35.7051047474816,35.314743469460026,34.928649982513605,34.54677762719713,34.16908025418968,33.79551221871745,33.42602837503757,33.060584070982266,32.69913514256263,32.34163790863137,31.98804916560395,31.63832618223747,31.29242669446653,30.95030890029566,30.611931454747516,30.27725346486634,29.946234484776053,29.618834510792354,29.295013976588265,28.974733748412564,28.657955120360427,28.34463980969584,28.034749952225127,27.728248097721043,27.425097205396913,27.12526063943026,26.82870216453535,26.535385941584153,26.24527652327519,25.958338849849717,25.67453824485474,25.39384041095237,25.116211425775,24.84161773782574,24.57002616242377,24.301403877693918,24.035718420600166,23.77293768302247,23.513029907876497,23.25596368527578,23.001707948735817,22.750231971419694,22.501505362424744,22.255498063109794,22.012180343462582,21.771522798506872,21.533496344748876,21.298072216662487,21.065221963212988,20.834917444418714,20.607130827950353
30,64.03,134.33,77.88,78.06,85.67,67.52,100.32,81.55,56.89,84.42,104.08,88.7,78.12,133.62,143.27,131.26,124.36,101.24,153.33,132.19,90.47,126.19,145.26,102.89,141.65,163.5,132.03,49.63,90.33,139.48,59.32,111.22,88.8,89.65,98.68,114.49,92.03,106.76,80.22,36.68,73.13,109.12,124.7,93.08,89.52,90.15,89.02,88.31,87.9,87.62,87.38,87.11,86.8,86.42,85.93,85.31,84.57,83.74,82.86,81.96,81.06,80.14,79.22,78.31,77.42,76.55,75.71,74.88,74.06,73.25,72.45,71.65,70.87,70.1,69.33,68.57,67.82,67.08,66.35,65.62,64.9,64.19,63.49,62.8,62.11,61.43,60.76,60.09,59.44,58.79,58.14,57.51,56.88,56.26,55.652821051943505,55.05219500603708,54.45805114091148,53.870319498448886,53.28893087554566,52.71381681596391,52.14490960227106,51.58214224786637,51.025448489093534,50.474762777438386,49.93002027181083,49.39115683091006,48.85810900567214,48.330814031799164,47.80920982236899,47.29323496052472,46.78282869224317,46.27793091918126,45.778482191599686,45.284423701362954,44.79569727501496,44.312245366929275,43.83401105253338,43.360938021606,42.89297057164685,42.43005360131784,41.972132603955075,41.519153661151,41.07106343640565,40.62780916884649,40.18933866701606,39.7556003027266,39.326543004981055,38.902116253959676,38.48227007507147,38.0669550330699,37.656122226232135,37.24972328060095,36.84771034428899,36.450036081844345,36.05665366867699,35.667516785545374,35.28257961310252,34.90179682650098,34.52512359005596,34.15251555196619,33.78392883909157,33.41932005178736,33.05864625879398,32.70186499218207,32.348934242352016,31.999812453087532,31.65445851666253,31.31283176900087,30.974891984888316,30.6405993732362,30.309914572396142,29.982798645525367,29.659213076002082,29.339119762890274,29.022481016453458,28.709259553716883,28.39941849407759,28.092921354961877,27.789732047529604,27.489814872424898,27.193134515572662,26.899656044020507,26.609344901825526,26.322166905985444,26.038088242413746,25.757075461958166,25.47909547646219,25.204115554869066,24.93210331936783,24.663026741580953,24.39685413879314,24.133554170220798,23.873095833321774,23.615448460144947,23.36058171371919,23.108465584481298,22.85907038674249,22.61236675519305,22.36832564144464,22.126918310609987
31,86.99,124.56,106.94,89.04,89.15,73.75,83.9,127.82,87.19,125.12,138.03,99.41,73.74,87.62,114.3,100.27,87.36,134.01,91.99,113.06,95.85,84.71,97.58,103.19,113.54,97.89,155.65,136.26,134.67,124.58,112.93,76.16,89.6,55.81,118.3,98.86,98.05,119.12,122.17,111.07,115.24,107.68,167.09,91.95,94.15,96.37,94.76,93.6,92.85,92.38,92.05,91.73,91.39,91.01,90.55,89.99,89.31,88.51,87.63,86.7,85.77,84.82,83.87,82.92,81.99,81.07,80.17,79.29,78.42,77.56,76.71,75.87,75.04,74.22,73.41,72.61,71.82,71.03,70.25,69.48,68.72,67.97,67.23,66.49,65.77,65.05,64.34,63.63,62.94,62.25,61.57,60.89,60.23,59.57,58.922732313715166,58.28249762151642,57.64921950524346,57.02282237707012,56.40323147048228,55.790372831353736,55.184173309119075,54.58456054804245,53.99146297858121,53.40480980884343,52.824531016138174,52.250557338617654,51.68282026701013,51.121252036442684,50.565785618352834,50.01635471248803,49.47289373899208,48.93533783057756,48.40362282478329,47.877685256315914,47.35746234947474,46.84289201065879,46.333912820955426,45.83046402880932,45.332485542771245,44.83991792432555,44.352702380795584,43.870780758326255,43.39409553494282,42.92258981368505,42.45620731581604,41.994892374104815,41.538589926181906,41.087245507967125,40.64080524716876,40.19921585685337,39.76242462908553,39.33037942863659,38.90302868676184,38.48032139504533,38.062207099311436,37.648635893602766,37.23955841422333,36.834925833846576,36.43468985568731,36.03880270773706,35.647217137062015,35.25988640416291,34.876764277396276,34.497805027456174,34.122963421916026,33.75219471982964,33.385454666391006,33.022699487652005,32.663885885297596,32.30897103147775,31.957912563695498,31.610668579750627,31.26719763273817,30.92745872610139,30.591411308738394,30.259015270162013,29.9302309357122,29.60501906182049,29.283340831325894,28.965157848841713,28.65043213617267,28.33912612778185,28.03120266630689,27.726624998124887,27.425356768965518,27.127362019571787,26.832605181407956,26.541051072414092,26.252664892806756,25.9674122209253,25.685259009123335,25.406171579704804,25.130116620904214,24.857061182910577,24.586972673934532,24.319818856318182,24.055567842687232,23.794188092144946,23.5356484065074,23.279917926579692
32,119.64,129.75,103.81,101.7,94.58,83.16,84.92,100.75,106.4,110.41,57.85,77.11,84.54,107.84,165.23,138.13,104.92,67.74,144.69,102.4,129.31,169.57,130.62,138.62,147.37,124.63,151.27,92.23,122.59,79.6,118.84,119.01,109.68,33.77,157.71,112.79,93.29,130.05,91.51,110.48,168.36,92.37,134.73,94.79,99.86,103.03,101.0,99.36,98.16,97.35,96.82,96.41,96.02,95.6,95.13,94.59,93.95,93.2,92.34,91.41,90.44,89.46,88.48,87.5,86.52,85.55,84.6,83.67,82.76,81.85,80.95,80.07,79.19,78.33,77.47,76.62,75.79,74.96,74.14,73.33,72.52,71.73,70.95,70.17,69.4,68.64,67.89,67.15,66.42,65.69,64.97,64.26,63.56,62.86,62.17989023369975,61.50713887169821,60.84166630020875,60.18339376682102,59.53224337118137,58.88813805577406,58.251001596802226,57.62075859516754,56.99733446754738,56.38065543756869,55.77064852707713,55.16724154750087,54.57036309130773,53.979942523554804,53.39590997352942,52.818196326480646,52.24673321544019,51.68145301313181,51.1222888239683,50.56917447613497,50.022044513758885,49.48083418916275,48.94547945520264,48.41591695768861,47.89208402788737,47.373918675105976,46.86135957935584,46.3543460840961,45.85281818905545,45.35671654313171,44.86598243736817,44.380557798005945,43.900385179611476,43.42540775827841,42.95556932490304,42.49081427853247,42.03108761978477,41.57633494434034,41.12650243650362,40.68153686283456,40.24138556584892,39.80599645778676,39.375318014448325,38.94929926909668,38.52788980642624,38.11103975659661,37.69869978933097,37.29082110807826,36.88735544423863,36.48825505145123,36.09347269994397,35.70296167094424,35.316675751150214,34.934569227261946,34.55659688057164,34.1827139816124,33.812876284864984,33.4470400235217,33.08516190430706,32.7271991023544,32.37310925613799,32.0228504624599,31.676381271491213,31.333660681866785,30.994648135833128,30.659303514448787,30.32758713283663,29.999459735487534,29.674882491614863,29.35381699055919,29.036225237242782,28.722069647673223,28.41131304449571,28.103918652593464,27.79985009473574,27.49907138727292,27.2015469358782,26.90724153133532,26.6161203453719,26.32814892653782,26.043293196128246,25.761519444150714,25.482794325335878,25.207084855191408,24.934358406098582,24.66458270345114
33,126.76,75.8,109.54,103.45,90.07,88.7,93.96,101.78,44.97,79.32,75.21,89.4,138.77,134.03,78.11,140.71,118.91,152.06,145.31,174.43,179.49,149.15,125.6,154.14,115.93,140.19,175.74,107.42,152.17,134.64,79.26,141.73,103.13,88.09,141.32,84.8,163.26,98.4,113.85,90.62,78.52,113.77,134.86,117.92,110.67,109.96,107.55,105.48,103.81,102.57,101.7,101.1,100.61,100.13,99.62,99.06,98.43,97.71,96.89,95.97,94.98,93.97,92.96,91.94,90.92,89.91,88.91,87.94,86.97,86.02,85.08,84.15,83.23,82.32,81.42,80.53,79.65,78.78,77.92,77.06,76.22,75.39,74.56,73.75,72.94,72.14,71.35,70.57,69.8,69.04,68.28,67.54,66.8,66.07,65.3721190463971,64.6816096354823,63.99839390348625,63.32239480909518,62.65353612476356,61.99174242811845,61.33693909345461,60.689052283319576,60.048008940187465,59.41373677822088,58.78616427511969,58.16522066405603,57.550835925694386,56.94294078029607,56.34146667990701,55.74634580062808,55.15751103496714,54.57489598427175,53.998434951241904,53.42806293252182,52.86371561136996,52.305329350406524,51.75284118443748,51.20618881335448,50.665310595109695,50.130145538764886,49.60063329761392,49.07671416237787,48.55832905447206,48.04541951934421,47.53792771988287,47.03579642989563,46.53896902765609,46.04738948951902,45.561002383603046,45.079752863539895,44.603586662289864,44.13245008602245,43.666290008061736,43.205053862895596,42.74868964024839,42.29714587921599,41.85037166246304,41.40831661048128,40.970930875908664,40.53816513790841,40.10997059660744,39.686298967593615,39.26710247647096,38.8523338534726,38.441946328130406,38.03589362400105,37.634129953447754,37.23661001247717,36.8432889756307,36.454122490929926,36.069066674875344,35.6880781074979,35.31111382746286,34.938131327225385,34.56908854823725,34.20394387620415,33.842656136393266,33.4851845889902,33.131488924505064,32.78152925922707,32.43526613072714,32.09266049340801,31.75367371410132,31.41826756771125,31.086404232904155,30.758046287843705,30.433156705971115,30.111698851829914,29.793636476934836,29.47893371568433,29.167555081316262,28.859465461906343,28.55463011640877,28.253014670738764,27.954585113896457,27.659307794131674,27.36714941514932,27.078077032354756,26.79205804913889,26.509060213202506
34,105.46,113.7,101.48,125.06,76.16,129.08,99.57,88.35,68.06,124.57,70.99,64.55,126.41,149.42,139.32,102.58,116.63,128.59,133.45,125.76,144.92,132.54,142.41,128.81,86.63,109.62,121.64,173.4,70.79,194.5,115.55,146.91,142.19,146.88,160.3,107.5,107.17,95.67,81.7,145.34,132.43,107.93,176.27,117.8,116.58,117.8,115.03,112.57,110.47,108.75,107.45,106.51,105.82,105.24,104.67,104.06,103.4,102.67,101.87,100.96,99.98,98.94,97.88,96.82,95.75,94.7,93.65,92.62,91.61,90.61,89.62,88.64,87.67,86.71,85.76,84.82,83.89,82.98,82.07,81.17,80.28,79.41,78.54,77.68,76.83,75.99,75.16,74.34,73.52,72.72,71.92,71.14,70.36,69.59,68.83196674286957,68.0821906264047,67.34058170683136,66.60705102011937,65.88151057131014,65.16387332396079,64.45405318970303,63.75196501791616,63.057524585512134,62.37064858683218,61.691254623653364,61.019261195304026,60.35458768888689,59.697154369608675,59.04688237121504,58.40369368652975,57.767511158096816,57.138258468924654,56.51586013333105,55.90024148788779,55.291328682464,54.68904867136705,54.093329204579845,53.50409881909377,52.921286830335816,52.34482332368927,51.77463914610667,51.21066589781416,50.65283592410618,50.10108230722957,49.55533885835604,49.01554010964212,48.48162130637557,47.95351839920736,47.43116803646824,46.91450755656905,46.40347498048375,45.89800900431438,45.398048991936996,44.9035349677277,44.41440760936793,43.93060824072807,43.45207882482866,42.97876195687819,42.510600857386805,42.04753936535495,41.589521931536304,41.13649361177398,40.68840006040944,40.245187523763114,39.80680283368605,39.37319340118184,38.944307210097996,38.52009281088606,38.10049931442965,37.68547638593974,37.27497423891651,36.86894362917692,36.46733584894724,36.07010272102014,35.67719659297525,35.28857033146274,34.90417731654917,34.52397143612495,34.14790708037263,33.775939136295584,33.408022982306136,33.04411448287281,32.68416998322569,32.328146304119656,31.976000736654484,31.627691037151525,31.283175422086043,30.942412563074885,30.605361581918668,30.271982045697996,29.94223396192311,29.616077773736336,29.293474355166808,28.974385006436908,28.658771449319783,28.346595822547485,28.037820677269064,27.732408972558193,27.430324070969725,27.131529734144603
35,145.28,97.1,147.41,101.3,114.24,102.6,161.25,82.05,136.23,94.96,150.12,131.33,134.28,100.2,123.93,164.66,92.79,116.55,138.14,161.55,193.78,109.09,141.15,109.94,132.88,141.42,164.62,114.86,155.02,105.96,133.23,116.16,116.65,113.71,92.88,160.91,107.39,186.03,173.36,113.74,198.13,120.07,110.12,183.4,139.44,127.02,123.92,121.08,118.57,116.4,114.62,113.24,112.22,111.43,110.74,110.06,109.34,108.57,107.74,106.84,105.85,104.79,103.68,102.57,101.45,100.34,99.24,98.15,97.07,96.01,94.96,93.92,92.89,91.88,90.87,89.88,88.9,87.92,86.96,86.01,85.07,84.14,83.22,82.31,81.41,80.52,79.64,78.77,77.91,77.05,76.21,75.38,74.55,73.74,72.92772435319722,72.12439624811384,71.32991712399264,70.54418950576265,69.76711699207982,68.99860424349959,68.23855697077951,67.486881923311,66.74348687767824,66.00828062634329,65.28117296645581,64.562074688786,63.850897566779445,63.14755434573261,62.45195873208745,61.76402538284407,61.08366989508989,60.41080879564425,59.745359530817005,59.08724045627999,58.43637082705005,57.79267078758233,57.15606136197284,56.5264644442688,55.9038027888858,55.28800000113048,54.67898052782765,54.076669648050625,53.48099346395365,52.89187889170537,52.3092536525221,51.73304626379993,51.163186030344455,50.5996030356972,50.04222813355745,49.490992939298735,48.94582982157862,48.40667189404104,47.873453007109894,47.34610773987322,46.824571392056576,46.30877997608497,45.79867020923221,45.29417950585669,44.795245969722686,44.30180838640636,43.81380621578525,43.331179584610595,42.85386927916149,42.38181673797987,41.9149640446856,41.45325392087067,40.99662971907171,40.54503541581985,40.09841560476714,39.656715489888796,39.21988087876019,38.78785817590797,38.36059437623438,37.938037058514084,37.52013437896252,37.10683506487519,36.698088408337014,36.29384426000087,35.8940530229348,35.49866564653694,35.10763362051747,34.7209089689468,34.33844424436948,33.96019252198276,33.586107393879416,33.21614296335391,32.85025383927129,32.488395130498176,32.130522440394984,31.7765918613689,31.426559969486863,31.080383819147816,30.738020937813708,30.399429320798518,30.06456742611467,29.733394169376222,29.405868918758213,29.081951490011505,28.76160214153258,28.444781569487585
36,127.46,108.66,143.79,142.39,141.41,154.95,139.68,105.17,125.53,103.55,134.39,127.83,109.03,106.98,115.68,118.89,99.7,92.37,150.12,152.17,142.69,106.13,146.72,144.01,148.43,141.83,139.4,106.97,124.85,131.59,158.21,121.12,104.02,92.17,159.57,125.68,160.79,135.71,112.48,111.52,200.3,131.41,204.07,138.1,136.09,137.5,134.16,130.96,128.04,125.44,123.2,121.34,119.88,118.75,117.85,117.04,116.23,115.39,114.51,113.56,112.55,111.47,110.32,109.15,107.97,106.79,105.62,104.46,103.32,102.19,101.07,99.96,98.87,97.79,96.72,95.66,94.62,93.58,92.56,91.55,90.55,89.56,88.58,87.61,86.65,85.7,84.76,83.84,82.92,82.01,81.12,80.23,79.35,78.48,77.63067927618079,76.7905500112289,75.95951273398612,75.13746904978397,74.32432162879383,73.51997419450305,72.72433151231591,71.93729937827783,71.15878460792156,70.38869502523431,69.62693945174397,68.87342769572368,68.12807054151313,67.39077973895547,66.66146799294845,65.9400489531087,65.22643720354793,64.52054825275962,63.822298523615295,63.13160534346897,62.448386934368756,61.77256240337435,61.10405173297932,60.44277577163705,59.78865622438922,59.14161564359568,58.50157741976468,57.8684657724823,57.242205741440095,56.622723177559756,56.009944734213924,55.40379785854195,54.8042107828596,54.21111251616185,53.6244328357175,53.04410227875488,52.47005213423738,51.90221443472817,51.3405219483428,50.78490817078898,50.23530731749251,49.69165431580834,49.153884797316024,48.6219350901985,48.09574221170336,47.57524386068569,47.06037841023164,46.55108490036181,46.04730303081358,45.54897315390158,45.056036267455426,44.56843400783386,44.086108643014505,43.60900306575842,43.13706078684857,42.67022592840157,42.208443217251734,41.75165797840669,41.29981612857396,40.852864169757424,40.41074918292324,39.973418821734185,39.54082130635186,39.112905417306024,38.68962048943015,38.270916405862685,37.8567435921133,37.44705301019316,37.04179615280893,36.64092503761949,36.244392201554795,35.85215069519633,35.46415407721825,35.08035640888874,34.70071224863092,34.32517664664252,33.95370513957385,33.58625374526336,33.22277895753014,32.86323774102281,32.50758752612412,32.15578620391076,31.80779212116762,31.463564075456084,31.123061310235656,30.786243510038418
37,132.36,162.25,92.7,111.11,146.76,130.49,118.44,91.14,155.2,82.06,157.5,162.45,138.72,157.61,154.71,131.5,139.59,164.32,131.28,169.02,99.92,175.31,119.3,144.82,132.86,167.04,194.7,133.0,141.62,167.59,165.12,146.45,187.71,110.26,128.98,182.62,157.91,155.22,175.37,145.81,160.94,143.31,164.29,130.52,142.84,148.95,145.61,142.14,138.83,135.81,133.13,130.79,128.84,127.27,126.03,125.01,124.07,123.13,122.16,121.14,120.08,118.95,117.77,116.53,115.28,114.03,112.78,111.55,110.33,109.12,107.93,106.75,105.58,104.42,103.28,102.15,101.03,99.93,98.84,97.76,96.69,95.63,94.58,93.55,92.53,91.52,90.51,89.52,88.55,87.58,86.62,85.67,84.74,83.81,82.90855921944846,82.01681412534055,81.13466043313798,80.26199497996254,79.39871571253191,78.54472167522496,77.69991299827569,76.86419088609392,76.03745760571184,75.2196164753545,74.41057185313363,73.61022912586272,72.81849469799258,72.03527598066593,71.26048138088956,70.49402029082312,69.73580307718304,68.98574107076035,68.24374655605145,67.50973276100015,66.78361384685026,66.06530489810717,65.35472191260753,64.65178179169558,63.95640233050534,63.26850220834713,62.58800097919764,61.91481906229214,61.248877732818094,60.590099112708586,59.938406161535035,59.29372266749769,58.655973238513134,58.02508329339756,57.40097905314498,56.78358753229914,56.1728365304183,55.56865462363182,54.97097115628752,54.3797162326889,53.79482070892125,53.216216184765656,52.643834995699976,52.07761020498585,51.51747559584086,50.963365663694816,50.41521560852939,49.8729613273001,49.336539406439826,48.80588711444301,48.280942394529475,47.761643857387256,47.247930773993524,46.73974306851263,46.23702131127055,45.73970671180497,45.24774111199005,44.76106697923517,44.279627399756805,43.8033660719228,43.33222729966818,42.86615598598187,42.405097626463345,41.94899830294868,41.497804677205146,41.05146398469357,40.609924028397835,40.17313317272073,39.74104033744548,39.31359499176218,38.890747148358514,38.47244735757401,38.05864670161721,37.64929678884497,37.244349748103375,36.84375822312944,36.447475367013105,36.05545483671871,35.66765078766546,35.28401786836617,34.90451121512366,34.52908644678419,34.15769965954733,33.7903074218317,33.42686676919582,33.06733519931375
38,113.29,105.81,134.68,168.41,143.13,150.76,144.97,87.29,123.38,144.19,113.8,146.46,122.66,121.52,135.18,154.04,209.55,169.91,184.77,135.95,149.5,132.37,164.38,151.1,114.9,136.78,154.89,123.62,195.76,136.24,156.22,216.27,187.5,121.01,153.48,240.57,148.35,130.76,122.4,129.61,213.01,202.21,145.57,197.64,167.35,160.94,157.96,154.47,150.86,147.43,144.31,141.52,139.09,137.03,135.35,133.98,132.82,131.74,130.66,129.55,128.4,127.2,125.96,124.67,123.35,122.01,120.68,119.36,118.05,116.76,115.49,114.22,112.97,111.74,110.52,109.31,108.11,106.93,105.76,104.6,103.46,102.33,101.21,100.1,99.01,97.93,96.85,95.8,94.75,93.71,92.69,91.67,90.67,89.68,88.7193835033065,87.76905674851443,86.82890951600048,85.89883276677013,84.97871862981121,84.06846038958292,83.16795247363895,82.27709044038293,81.39577096695547,80.52389183725047,79.66135193006018,78.80805120734695,77.96389070264084,77.12877250956139,76.30259977046231,75.48527666519796,74.67670840000993,73.8768011965329,73.0854622809181,72.30259987307329,71.52812317601818,70.7619423653535,70.00396857884333,69.25411390610859,68.51229137843131,67.77841495866778,67.05239953127,66.33416089241382,65.62361574023302,64.92068166515783,64.22527714035701,63.537321512282304,62.856734991314234,62.18343864250794,61.51735437643834,60.85840494014322,60.20651390816335,59.56160567367864,58.9236054397392,58.29243921059031,57.66803378309035,57.05031673822065,56.43921643268626,55.834661990606726,55.2365832952958,54.64491098112937,54.05957642550024,53.48051174085931,52.90764976684192,52.34092406247851,51.780268898488785,51.225619249658344,50.67691078729703,50.134079871778056,49.597063545156956,49.065799523869785,48.540226191509326,48.02028259167885,47.50590842092227,46.99704402173015,46.4936303756206,45.9956090962942,45.502922422862376,45.01551321314822,44.53332493705907,44.05630167003018,43.58438808653847,43.117529453685876,42.655671624851365,42.19876103341099,41.746744686525155,41.29957015899251,40.857185587169596,40.41953966295569,39.986581627842035,39.55826126702484,39.13452890358131,38.715335392708106,38.300632116021475,37.89037097591845,37.48450438999846,37.082985285544716,36.6857670940646,36.292803745888705,35.904049664827596,35.51945976288585
39,143.56,142.8,194.58,139.36,243.72,188.49,131.43,194.26,169.31,155.22,153.48,151.89,130.2,183.72,220.71,124.36,190.95,99.5,149.75,170.11,184.2,215.58,178.02,176.62,192.54,185.51,202.74,148.72,113.11,136.76,201.38,199.43,193.94,158.06,218.76,215.61,154.27,216.85,142.15,199.28,163.42,177.36,219.18,211.03,179.05,172.8,170.28,167.12,163.47,159.74,156.19,152.96,150.07,147.54,145.38,143.58,142.09,140.78,139.55,138.33,137.08,135.79,134.47,133.11,131.72,130.3,128.88,127.47,126.08,124.7,123.34,121.99,120.65,119.34,118.03,116.74,115.46,114.2,112.95,111.72,110.5,109.29,108.09,106.91,105.74,104.58,103.44,102.31,101.19,100.08,98.99,97.91,96.84,95.78,94.7439982383524,93.71920236154651,92.70549116143405,91.7027447409115,90.71084449973898,89.72967312051294,88.75911455479029,87.79905400936282,86.84937793267989,85.90997400141809,84.98073110719625,84.06153934343392,83.15228999235221,82.25287551211512,81.36318952410998,80.48312680036554,79.61258325110592,78.75145591243958,77.89964293418107,77.0570435678047,76.22355815452842,75.39908811352676,74.58353593027101,73.77680514499572,72.97880034128985,72.18942713481142,71.40859216212407,70.6362030696545,69.87216850276936,69.11639809497017,68.36880245720522,67.62929316729709,66.89778275948439,66.17418471407674,65.45841344722169,64.75038430078216,64.05001353232352,63.35721830520889,62.67191667880162,61.994027598773755,61.32347088751922,60.660167234670865,60.00403818771998,59.35500614273723,58.71299433519412,58.07792683088355,57.44972851693872,56.82832509294911,56.21364306217257,55.60560972284244,55.00415315956876,54.409202234832414,53.820686580571326,53.23853658985766,52.66268340866501,52.093058927724655,51.52959577446996,50.972227305067804,50.420887596536254,49.87551143894754,49.336034327715296,48.80239245596525,48.27452270698846,47.75236264677613,47.23585051663523,46.724925225883965,46.21952634462621,45.71959409660418,45.22506935212835,44.73589362108388,44.252009046012645,43.77335839527017,43.29988505625648,42.83153302872025,42.368246918135355,41.90997192914905,41.456653859101024,41.00823909161258,40.56467459024511,40.125907892227204,39.69188710224958,39.26256088632718,38.83787846572756,38.417789610965094,38.00224463586,37.591194391661695
40,207.63,191.64,199.71,238.83,195.21,216.24,183.8,182.57,174.0,163.06,133.68,142.22,156.83,167.86,155.42,214.82,183.01,184.69,140.86,160.0,254.77,173.31,137.97,139.22,134.24,149.98,193.26,230.21,176.08,133.05,209.76,211.62,177.97,194.13,152.46,213.14,160.27,184.95,245.41,185.31,194.19,239.66,222.63,243.63,196.05,184.51,182.03,179.31,175.97,172.18,168.33,164.68,161.36,158.39,155.77,153.51,151.6,149.97,148.53,147.15,145.79,144.4,142.98,141.54,140.07,138.57,137.07,135.58,134.09,132.63,131.18,129.74,128.32,126.92,125.53,124.16,122.8,121.46,120.13,118.82,117.52,116.23,114.96,113.71,112.46,111.23,110.02,108.81,107.62,106.45,105.28,104.13,102.99,101.87,100.75126661384985,99.64481912530731,98.55052261100107,97.46824362928446,96.39785020396299,95.33921180820099,94.29219934860468,93.2566851494802,92.23254293726448,91.21964782512698,90.21787629774083,89.22710619622077,88.24721670322698,87.2780883282321,86.31960289295033,85.3716435169263,84.43409460328249,83.5068418246229,82.58977210909167,81.68277362658482,80.78573577511327,79.89854916731585,79.02110561712014,78.1532981265501,77.29502087267832,76.44616919472173,75.60663958127891,74.77632965770772,73.95513817364129,73.14296499064137,72.33971106998719,71.54527846059825,70.75957028709004,69.9824907379607,69.2139450539075,68.4538395162716,67.7020814356098,66.95857914039165,66.22324196582078,65.49598024277903,64.77670528689184,64.06532938771392,63.3617657980335,62.665928723294265,61.97773331113312,61.29709564103324,60.623932714090444,59.95816244289211,59.29970364150723,58.64847601558631,58.004400152570085,57.36739751200571,56.73739041596931,56.11430203959372,55.49805640170026,54.88857835553331,54.285793579596785,53.68962856859108,53.10001062444969,52.51686784747414,51.94012912756635,51.36972413555734,50.80558331463095,50.247637871841995,49.69581976972741,49.15006171800959,48.610297165390776,48.07646029143767,47.548485998555044,47.026309904047565,46.50986833226881,45.999098306856446,45.493937543052745,44.99432444010936,44.50019807377557,44.011498188869055,43.528165191928096,43.050140143944695,42.57736475317731,42.109781368042604,41.64733297008527,41.18996316702504,40.737616185879986,40.2902368661655,39.847770653167785,39.41016359129134
41,230.24,246.46,192.26,222.46,183.79,150.47,242.44,164.92,186.77,188.3,244.6,165.76,234.81,162.2,238.42,155.46,148.69,155.92,163.44,192.36,190.75,178.51,205.79,151.03,165.95,189.0,186.74,243.8,228.67,209.74,236.28,166.02,242.18,216.12,177.1,292.99,206.63,253.25,105.2,165.03,283.85,142.75,213.39,209.07,197.47,197.06,193.79,191.07,188.15,184.64,180.73,176.77,173.04,169.64,166.59,163.89,161.54,159.52,157.77,156.19,154.67,153.16,151.64,150.1,148.54,146.97,145.38,143.8,142.23,140.67,139.13,137.61,136.11,134.62,133.15,131.69,130.25,128.83,127.42,126.02,124.65,123.28,121.94,120.6,119.28,117.98,116.69,115.41,114.15,112.9,111.67,110.45,109.24,108.04,106.83720342716033,105.64779744665346,104.47163298259481,103.30856261874412,102.15844058002867,101.02112271427242,99.89646647412856,98.78433089921302,97.68457659843708,96.59706573253654,95.52166199679547,94.4582306039623,93.406638267356,92.36675318416042,91.33844501890462,90.3215848871271,89.31604533922184,88.32170034446426,87.33842527521496,86.36609689129935,85.40459332456116,84.45379406358792,83.51357993860651,82.58383310654683,81.66443703627178,80.75527649397162,79.85623752872107,78.96720745819704,78.08807485455543,77.21872953046521,76.3590625252979,75.50896609147081,74.66833368094241,73.83705993185792,73.01504065534371,72.20217282244852,71.39835455123027,70.60348509398655,69.8174648246272,69.04019522618758,68.27157887848081,67.51151944588742,66.75992166528106,66.01669133408848,65.28173529848263,64.55496144170698,63.83627867252997,63.12559691382804,62.42282709129554,61.7278811222806,61.04067190474512,60.36111330634769,59.689120153648105,59.02460822143205,58.367494222154534,57.717695795501,57.075131498064586,56.4397207931382,55.811384040620474,55.19004248703388,54.57561825565401,53.96803433674891,53.36721457792685,52.773083674591696,52.185567160504505,51.60459139845018,51.03008357100805,50.461971671425204,49.900184494591414,49.34465162811453,48.795303443495285,48.252071087400246,47.71488647303204,47.18368227159556,46.65839190385925,46.13894953181026,45.6252900504026,45.117349079397044,44.61506295529199,44.11836872334408,43.62720412967771,43.14150761348229,42.66121829929649,42.18627598937832,41.71662115616014,41.25219493478768
42,272.89,237.71,234.64,198.2,216.45,260.65,210.83,268.23,182.6,219.08,221.12,168.19,240.11,234.44,243.38,206.04,216.16,175.91,177.25,194.27,223.37,184.19,172.67,156.79,252.88,220.7,275.72,181.4,223.63,152.91,218.99,206.77,170.77,221.85,200.36,239.76,198.92,291.47,155.19,215.54,216.74,205.59,232.44,286.66,227.34,211.34,206.84,203.32,200.36,197.23,193.57,189.53,185.48,181.67,178.2,175.08,172.31,169.87,167.75,165.87,164.16,162.5,160.86,159.21,157.54,155.87,154.2,152.52,150.85,149.21,147.57,145.96,144.36,142.79,141.23,139.68,138.15,136.64,135.15,133.67,132.21,130.76,129.33,127.92,126.52,125.14,123.77,122.42,121.08,119.75,118.44,117.15,115.87,114.6,113.32869892493419,112.07150087276074,110.82824939332113,109.59878977201755,108.38296901055963,107.18063580792484,105.99164054152996,104.81583524861169,103.65307360781344,102.50321092097671,101.36610409513435,100.24161162470348,99.12959357387614,98.02991155920506,96.94242873238287,95.86700976321212,94.80352082276434,93.75182956672592,92.71180511892867,91.68331805506317,90.66624038657275,89.66044554472612,88.66580836486669,87.68220507083674,86.70951325957412,85.74761188588016,84.79638124735621,83.85570296950756,82.92545999101252,82.00553654915474,81.09581816541748,80.19619163123741,79.30654499391652,78.42676754269033,77.55674979495075,76.6963834826215,75.84556153868506,75.00417808385872,74.1721284134186,73.34930898416992,72.53561740156165,71.73095240694413,70.93521386496819,70.1483027511239,69.37012113941756,68.60057219018557,67.83956013804323,67.08699027996744,66.34276896351149,65.60680357515064,64.87900252875691,64.15927525420189,63.44753218608575,62.743684752591484,62.04764536446269,61.35932740410367,60.67864521480044,60.005514090061226,59.33985026307545,58.68157089628931,58.030594071097305,57.38683877764798,56.75022490476271,56.12067322996645,55.49810540962899,54.882443969215586,54.273612293645755,53.67153461775904,53.076136016886544,52.48734239752697,51.90508048812625,51.32927782995931,50.75986276811307,50.19676444256949,49.63991277938743,49.08923848198248,48.54467302250337,48.00614863330418,47.473598298511085,46.946955745682644,46.42615543756264,45.91113256392437,45.40182303350547,44.898163466032145,44.40009118433191,43.90754420653382
43,205.37,230.74,337.44,310.77,197.92,256.42,188.13,176.97,203.57,223.63,162.13,206.26,208.47,223.75,196.08,254.01,146.28,154.86,220.02,219.56,210.23,242.26,223.59,215.58,202.74,177.68,219.74,210.82,245.9,205.64,190.69,190.45,147.81,185.51,201.91,237.92,268.55,238.86,224.55,247.2,240.66,203.8,303.63,337.72,251.47,227.5,222.26,217.49,213.71,210.52,207.18,203.35,199.19,195.06,191.18,187.64,184.45,181.6,179.07,176.84,174.85,172.99,171.2,169.42,167.64,165.85,164.07,162.29,160.51,158.76,157.02,155.31,153.61,151.93,150.27,148.63,147.0,145.39,143.8,142.23,140.68,139.14,137.62,136.11,134.62,133.15,131.7,130.26,128.83,127.42,126.03,124.65,123.29,121.94,120.60554647295746,119.2856965724184,117.98029048322051,116.68917013914279,115.41217920376599,114.1491630515425,112.89996874907338,111.66444503659024,110.44244230963989,109.23381260096929,108.03840956260889,106.85608844815185,105.68670609522742,104.53012090816587,103.38619284085337,102.25478337977432,101.13575552723938,100.02897378479689,98.93430413682601,97.8516140343093,96.7807723787829,95.72164950646234,94.67411717254214,93.63804853566714,92.6133181425738,91.59980191289961,90.5973771241587,89.60592239688185,88.62531767991926,87.65544423590389,86.69618462687419,85.7474227000539,84.80904357378775,83.88093362363074,82.96298046858993,82.05507295751669,81.1571011556478,80.268956331294,79.39053094267403,78.52171862489288,77.66241417706256,76.81251354956363,75.97191383144637,75.14051323796969,74.31821109827644,73.50490784320354,72.70050499322568,71.90490514653072,71.11801196722575,70.33973017367222,69.5699655269486,68.80862481943946,68.05561586354928,67.31084748053989,66.57422948948995,65.84567269637539,65.1250888832692,64.41239079765958,63.70749214188478,63.01030756268375,62.32075264086106,61.638743881064904,60.96419870167701,60.29703542481318,59.63717326643323,58.9845323265592,58.3390335796006,57.70059886478551,57.06915087669645,56.44461315590974,55.8269100797374,55.21596685307025,54.61170949932133,54.01406485146834,53.42296054319422,52.83832500012451,52.26008743116079,51.68817781990882,51.12252691620061,50.56306622770913,50.00972801165491,49.46244526660331,48.921151724351645,48.385781841905,47.85627079353989,47.332554462954825
44,285.29,318.85,256.48,276.42,330.78,263.9,272.97,314.33,309.09,262.42,212.35,250.26,269.96,228.91,181.3,212.56,259.54,227.57,260.09,264.16,225.02,188.3,245.81,237.31,209.75,225.83,219.08,173.57,219.09,270.1,205.31,205.03,275.71,231.24,268.35,216.75,216.32,262.27,192.25,242.08,364.99,220.68,324.99,312.42,256.75,244.8,239.95,234.41,229.38,225.35,221.91,218.36,214.37,210.1,205.88,201.93,198.32,195.06,192.13,189.51,187.17,185.05,183.05,181.11,179.19,177.28,175.36,173.46,171.57,169.69,167.84,166.0,164.19,162.39,160.62,158.86,157.12,155.41,153.71,152.03,150.37,148.72,147.1,145.49,143.9,142.32,140.77,139.23,137.71,136.2,134.71,133.24,131.78,130.34,128.91262728315186,127.50088593712469,126.10460478045279,124.72361450630414,123.35774766195107,122.00683862846552,120.67072360063705,119.34924056711034,118.04222929074056,116.74953128916366,115.4709898155795,114.20644983974547,112.95575802917821,111.71876273056117,110.49531395135575,109.28526334161405,108.08846417599045,106.90477133595036,105.7340412921739,104.57613208715209,103.43090331797373,102.29821611930079,101.17793314653017,100.06991855913995,98.97403800421797,97.89015860017078,96.81814892061102,95.75787897842122,94.70922020999217,93.67204545963384,92.64622896415709,91.63164633762418,90.62817455626617,89.63569194356582,88.65407815550344,87.68321416596464,86.72298225230769,85.77326598108897,84.83395019394484,83.90492099362805,82.98606573019701,82.07727298735638,81.17843256894724,80.28943548558519,79.41017394144475,78.54054132118864,77.68043217703989,76.82974221599588,75.9883682871821,75.15620836934467,74.33316155847959,73.51912805559759,72.71400915462304,71.91770723042515,71.13012572698047,70.35116914566491,69.58074303367405,68.81875397257011,68.06510956695456,67.3197184332646,66.58249018869242,65.85333544022572,65.13216577380847,64.41889374362,63.71343286147192,63.01569758632078,62.32560331389584,61.64306636644031,60.968003982564944,60.30033430721278,59.639976381733746,58.986850134068,58.340876369036714,57.70197675873924,57.070073833055424,56.4450909702519,55.82695238769131,55.215583132643204,54.61090907319564,54.012856889266274,53.421354063711874,52.83632887353521,52.25771038118828,51.6854284259707,51.11941361552236,50.559597317409185
45,343.78,293.17,307.6,301.7,257.91,317.65,287.59,307.04,226.6,282.91,285.57,240.24,291.93,245.83,224.03,277.58,250.92,319.55,271.2,249.43,236.81,234.94,181.72,259.96,226.19,290.65,272.66,269.4,295.82,246.33,228.05,270.62,286.06,190.45,221.69,228.62,236.97,280.93,284.58,324.44,272.3,331.34,248.9,356.58,280.03,262.25,258.48,253.31,247.51,242.23,237.96,234.29,230.55,226.41,222.03,217.73,213.72,210.05,206.72,203.72,201.01,198.56,196.3,194.16,192.08,190.01,187.96,185.91,183.89,181.88,179.89,177.92,175.98,174.05,172.15,170.27,168.41,166.57,164.74,162.94,161.16,159.4,157.66,155.93,154.23,152.54,150.87,149.23,147.59,145.98,144.38,142.81,141.24,139.7,138.1588799143708,136.63476091047622,135.12745543850573,133.63677801763066,132.16254521318012,130.7045756140684,129.26268981047153,127.83671037175017,126.42646182461581,125.03177063153817,123.65246516939037,122.28837570833015,120.9393343909137,119.60517521144008,118.28573399552347,116.98084837989073,115.69035779240188,114.41410343229093,113.15192825062479,111.9036769309776,110.6691958703184,109.44833316010953,108.24093856761358,107.04686351740668,105.86596107309542,104.69808591923582,103.54309434345151,102.40084421874936,101.27119498602994,100.15400763679128,99.04914469602305,97.9564702052898,96.87584970600054,95.80715022286302,94.75024024752051,93.70498972236915,92.67127002455368,91.64895395013987,90.63791569846151,89.63803085664,88.64917638427481,87.67123059830278,86.70407315802453,85.74758505029585,84.80164857488275,83.8661473299778,82.9409661978764,82.02599133081098,81.12111013694154,80.22621126650074,79.34118459809176,78.46592122513734,77.60031344247835,76.74425473312027,75.89763975512561,75.0603643286512,74.23232542312844,73.4134211445848,72.60355072310539,71.80261450043268,71.0105139177032,70.22715150331935,69.45243086095508,68.68625665769386,67.92853461229763,67.17917148360492,66.43807505905723,65.70515414335176,64.98031854721947,64.26347907632682,63.55454752030005,62.85343664187049,62.160060166139566,61.474332769962345,60.79617007144808,60.125488619576664,59.46220588392956,58.80624024453413,58.157510981819826,57.515938266685374,56.88144315067536,56.25394755626533,55.63337426725394,55.01964691926115,54.4126899903313,53.81242879163972
46,449.38,282.89,396.84,371.82,319.85,377.4,450.56,293.71,335.79,354.36,393.19,317.04,290.6,264.09,265.52,330.94,250.97,321.63,281.74,239.01,277.18,258.49,265.03,377.01,325.66,254.88,237.12,248.01,254.82,277.58,273.66,279.21,345.62,248.16,281.31,236.4,296.31,327.52,312.79,391.0,416.59,342.37,322.43,313.91,284.85,280.37,277.12,273.01,267.56,261.51,256.01,251.52,247.64,243.71,239.44,234.98,230.62,226.55,222.82,219.44,216.36,213.56,211.0,208.61,206.32,204.09,201.87,199.68,197.5,195.34,193.2,191.09,189.0,186.94,184.89,182.87,180.87,178.89,176.94,175.0,173.09,171.2,169.33,167.48,165.65,163.83,162.04,160.27,158.52,156.79,155.07,153.38,151.7,150.04,148.38617070563095,146.7505708922997,145.13299962392415,143.53325817925807,141.9511500274779,140.38648080403868,138.83905828679596,137.30869237239102,135.79519505289642,134.29838039271888,132.81806450575675,131.35406553280941,129.90620361923547,128.47430089285743,127.05818144210967,125.65767129442759,124.27259839487466,122.90279258500526,121.54808558196042,120.20831095779405,118.88330411902689,117.57290228642603,116.2769444750072,114.99527147425745,113.72772582857598,112.47415181793033,111.23439543872608,110.00830438488714,108.7957280291447,107.59651740453255,106.41052518608609,105.23760567274334,104.07761476944528,102.93040996943351,101.79585033674311,100.67379648888844,99.56411057973973,98.46665628258849,97.38129877339951,96.3079047142476,95.24634223693671,94.19648092679977,93.15819180667701,92.13134732107095,91.11582132047592,90.11148904588049,89.11822711344051,88.13591349932132,87.16442752470687,86.20364984097407,85.25346241503074,84.313748514815,83.38439269495453,82.4652807825839,81.55629986331833,80.65733826738189,79.76828555588875,78.88903250727554,78.01947110388335,77.15949451868751,76.30899710217383,75.46787436935927,74.63602298695582,73.81334076067597,72.99972662267776,72.19508061914858,71.39930389802566,70.61229869685188,69.83396833076557,69.06421718062253,68.30295068124916,67.5500753098249,66.80549857439286,66.06912900249695,65.34087612994445,64.62065048969224,63.90836360085569,63.203927957838594,62.50725701958302,61.81826519893758,61.13686785214288,60.46298126843291,59.796522659751076,59.13741015057953,58.48556276788061,57.840900431149194
47,467.41,427.83,445.49,256.08,366.28,294.95,389.43,342.29,407.05,341.5,318.99,276.07,331.74,326.51,300.38,318.94,340.3,324.62,277.41,287.23,342.46,321.01,356.01,311.82,252.69,319.59,318.62,313.37,243.04,287.09,349.89,300.65,321.18,285.36,224.71,367.07,338.41,286.14,256.9,333.39,340.06,351.6,417.23,338.92,305.87,300.85,296.64,293.03,288.61,282.89,276.63,270.94,266.24,262.16,258.06,253.67,249.13,244.72,240.6,236.83,233.38,230.23,227.34,224.66,222.13,219.69,217.29,214.93,212.58,210.26,207.96,205.69,203.44,201.21,199.01,196.84,194.69,192.56,190.45,188.37,186.31,184.28,182.26,180.27,178.3,176.35,174.42,172.51,170.63,168.76,166.92,165.09,163.29,161.5,159.71688312224916,157.95345358691145,156.20949402660273,154.484789473886,152.77912733477345,151.09229736252158,149.424091631715,147.774304512637,146.1427326459226,144.5291749174918,142.93343243375938,141.35530849711853,139.7946085816951,138.25114030936942,136.72471342606332,135.21513977828832,133.7222332899533,132.24580993942791,130.78568773685936,129.34168670173958,127.91362884072015,126.5013381256722,125.10464047198828,123.72336371712417,122.35733759937736,121.00639373689991,119.67036560694307,118.34908852533096,117.04239962616103,115.7501378417284,114.47214388267224,113.20826021834087,111.9583310573741,110.72220232849968,109.49972166154184,108.29073836863957,107.09510342567225,105.91266945389027,104.74329070174862,103.58682302694088,102.44312387863172,101.31205227988553,100.193468810289,99.08723558876562,97.99321625657984,96.9112759605291,95.8412813363211,94.78310049213496,93.73660299236359,92.70165984153563,91.67814346841514,90.66592771027648,89.66488779735305,88.67490033745773,87.69584330077294,86.72759600480882,85.77003909952752,84.82305455263145,83.88652563501425,82.9603369063723,82.0443742009751,81.13852461359266,80.24267648557841,79.35671939110576,78.48054412355641,77.6140426820593,76.75710825817785,75.90963522274438,75.07151911283984,74.24265661891722,73.42294557206738,72.61228493142505,71.81057477171436,71.0177162709315,70.23361169816357,69.45816440154194,68.69127879632842,67.93286035313325,67.18281558626288,66.4410520421967,65.70747828819074,64.98200390100735,64.26453945576921,63.5549965149366,62.85328761740608,62.15932626772976
48,376.35,442.92,566.41,483.51,449.03,428.72,388.4,432.28,335.45,347.08,324.34,390.27,319.6,315.24,390.58,309.67,407.55,294.64,324.88,315.5,287.53,395.89,358.59,354.68,311.08,354.89,273.09,277.93,274.32,228.43,314.57,286.7,355.38,297.97,365.09,348.44,271.86,240.44,334.11,311.42,494.81,456.51,378.27,321.3,320.93,324.8,318.4,313.82,309.87,305.15,299.2,292.76,286.89,282.01,277.74,273.49,268.99,264.38,259.92,255.77,251.95,248.44,245.21,242.22,239.42,236.74,234.14,231.58,229.05,226.55,224.08,221.63,219.2,216.81,214.44,212.09,209.78,207.48,205.22,202.97,200.75,198.56,196.39,194.24,192.12,190.02,187.94,185.89,183.86,181.85,179.86,177.89,175.95,174.02,172.09266019223625,170.1866664293788,168.3017822956013,166.43777399347567,164.59441031497198,162.77146261278,160.96870477194827,159.18591318183707,157.4228667083824,155.6793466666668,153.95513679379403,152.25002322206436,150.56379445244684,148.89624132834524,147.24715700965473,145.6163369471059,144.00357885689272,142.40868269558172,140.83145063529906,139.2716870391921,137.72919843716332,136.20379350187233,134.6952830250042,133.20347989380033,131.7281990678494,130.26925755613524,128.8264743943391,127.39967062239295,125.98866926228187,124.5932952960919,123.21337564430118,121.84873914431145,120.49921652921748,119.16464040681139,117.84484523881979,116.53966732037053,115.2489447596873,113.9725174580087,112.71022708972994,111.46191708276447,110.22743259912308,109.00662051570802,107.79932940532002,106.60540951787542,105.4247127618315,104.25709268581763,103.10240446046942,101.9605048604647,100.83125224675786,99.71450654901138,98.61012924822163,97.51798335953741,96.43793341526849,95.36984544808243,94.31358697438763,93.26902697790028,92.23603589339335,91.21448559062549,90.20424935844811,89.20520188908836,88.21721926260608,87.2401789315232,86.27395970562297,85.3184417369179,84.37350650478406,83.43903680125983,82.51491671650788,81.6010316244378,80.6972681684881,79.8035142475657,78.91965900214117,78.04559280049786,77.18120722513342,76.32639505931189,75.48105027376474,74.64506801353922,73.81834458499235,73.00077744292892,72.19226517788202,71.39270750353442,70.6020052442792,69.82006032291817,69.04677574849669,68.28205560427295,67.52580503582074,66.77793023926384
49,616.79,494.44,597.54,507.6,607.31,506.85,617.02,419.48,457.48,398.85,420.35,403.93,385.05,402.26,278.04,364.67,347.11,305.12,314.97,340.94,375.25,362.86,400.41,356.97,315.9,372.92,406.02,337.52,391.53,336.2,316.42,254.65,268.49,310.35,363.42,413.65,382.06,371.51,338.59,413.8,386.9,385.93,449.26,440.38,370.16,352.7,343.95,337.18,332.25,327.97,322.97,316.8,310.19,304.17,299.12,294.67,290.26,285.66,281.0,276.5,272.31,268.44,264.86,261.55,258.44,255.5,252.67,249.9,247.17,244.47,241.8,239.15,236.54,233.95,231.4,228.87,226.37,223.89,221.45,219.03,216.63,214.26,211.92,209.61,207.31,205.05,202.81,200.59,198.4,196.23,194.08,191.96,189.86,187.79,185.70589428546523,183.6449181125959,181.60681478822437,179.5913304679805,177.59821412467565,175.6272175170373,173.67809515879085,171.75060428808447,169.84450483725325,167.9595594029189,166.0955332164214,164.25219411457869,162.4293125107709,160.62666136634545,158.8440161623397,157.08115487151704,155.33785793071377,153.61390821349244,151.90909100309915,150.22319396572047,148.5560071240376,146.9073228310738,145.27693574433198,143.6646428002196,142.07024318875716,140.4935383285674,138.93433184214226,137.39242953138407,135.8676393534184,134.3597713966752,132.86863785723543,131.39405301544025,129.9358332127598,128.49379682891853,127.06776425927468,125.65755789245051,124.263002088211,122.88392315558792,121.52014933124683,120.171510758094,118.83783946412083,117.5189693414831,116.21473612581231,114.92497737575661,113.64953245274904,112.38824250099985,111.14095042771132,109.90750088351186,108.68774024310736,107.48151658614728,106.28867967830313,105.10908095255678,103.94257349069662,102.78901200501895,101.6482528202325,100.52015385556388,99.40457460706132,98.30137613009516,97.21042102205233,96.13157340522297,95.06469890987685,94.00966465752795,92.96633924438427,91.93459272498175,90.91429659599959,89.90532378025523,88.90754861087704,87.92084681565257,86.94509550155044,85.98017313941426,85.02595954882615,84.08233588313836,83.14918461467101,82.22638952007416,81.31383566585218,80.41140939404887,79.51899830809151,78.63649125879189,77.76377833050279,76.900750827428,76.04730126008438,75.20332333191415,74.36871192604563,73.54336309220112,72.72717403374985,71.92004309490486
50,545.86,683.34,622.19,638.9,592.78,586.25,467.46,533.53,443.24,526.3,388.19,420.0,464.99,395.32,384.78,426.0,465.2,360.37,372.56,487.23,367.96,487.76,453.51,398.36,460.47,418.71,371.89,424.65,432.89,400.68,379.27,293.43,337.96,328.23,392.85,341.12,361.81,344.0,409.18,419.29,475.25,345.76,565.87,498.88,408.64,383.5,373.03,363.92,356.83,351.56,346.97,341.7,335.34,328.6,322.44,317.23,312.62,308.07,303.38,298.66,294.13,289.9,285.97,282.33,278.92,275.69,272.6,269.6,266.65,263.74,260.85,258.0,255.18,252.39,249.64,246.91,244.21,241.54,238.9,236.29,233.71,231.15,228.63,226.13,223.66,221.21,218.8,216.4,214.04,211.7,209.39,207.1,204.83,202.59,200.33673828267047,198.10853796208696,195.90512029849992,193.7262096523799,191.57153344993625,189.44082214901883,187.3338092053996,185.2502310394287,183.18982700306165,181.15233934725327,179.13751318971413,177.14509648302575,175.1748399831104,173.22649721805155,171.29982445726114,169.39458068098975,167.51052755017594,165.64742937663092,163.8050530935547,161.9831682263804,160.1815468639427,158.39996362996695,156.63819565487537,154.89602254790708,153.17322636954776,151.46959160426638,149.78490513355493,148.11895620926808,146.47153642725928,144.8424397013104,143.23146223735083,141.6384025079636,140.06306122717527,138.50524132552573,136.96474792541568,135.44138831672802,133.93497193272069,132.44531032618724,130.97221714588306,129.51550811321317,128.07500099917996,126.6505156015868,125.24187372249551,123.84889914593438,122.4714176158542,121.10925681432953,119.76224634000226,118.43021768676509,117.11300422268201,115.81044116914322,114.52236558025199,113.24861632244063,111.9890340543134,110.74346120671332,109.51174196301098,108.29372223961236,107.0892496666836,105.89817356909003,104.72034494754725,103.55561645998195,102.40384240309987,101.2648786941589,100.13858285294478,99.02481398394742,97.92343275873537,96.83430139852632,95.75728365695147,94.69224480301162,93.6390516042228,92.59757230994944,91.56767663492272,90.54923574294244,89.5421222307601,88.54621011214114,87.5613748021046,86.58749310133788,85.62444318078514,84.67210456640673,83.73035812410845,82.79908604483826,81.87817182984884,80.96750027612393,80.06695746196696,79.17643073274981,78.2958086868201,77.4249811615653
51,828.31,729.62,608.48,630.47,690.7,676.64,676.81,549.4,458.06,624.76,533.54,490.02,516.13,628.9,593.15,412.05,431.39,425.28,424.69,416.35,381.36,361.86,475.75,430.69,418.67,449.74,509.51,448.69,424.0,342.23,390.98,336.28,358.81,305.85,383.26,406.07,424.17,423.31,358.02,502.09,467.39,397.8,493.85,517.04,436.93,416.37,405.17,394.36,384.94,377.54,371.96,367.05,361.53,355.01,348.15,341.88,336.53,331.75,327.07,322.29,317.52,312.96,308.68,304.7,300.97,297.45,294.08,290.83,287.64,284.49,281.39,278.31,275.27,272.26,269.29,266.35,263.43,260.56,257.71,254.89,252.11,249.35,246.63,243.93,241.27,238.63,236.02,233.44,230.89,228.37,225.87,223.4,220.96,218.55,216.12687139242902,213.73060872971652,211.3609141411714,209.01749305868302,206.70005418010481,204.40830943304334,202.14197393904914,199.90076597820456,197.68440695410416,195.49262135922336,193.32513674067116,191.18168366632253,189.06199569132616,186.96580932498384,184.89286399799673,182.84290203007504,180.81566859790678,178.8109117034814,176.82838214276507,174.86783347472283,172.92902199068456,171.01170668405035,169.11564922033193,167.24061390752604,165.38636766681654,163.55268000360118,161.73932297883962,159.94607118071934,158.1727016966352,156.41899408548025,154.68473035024343,152.9696949109111,151.2736745776691,149.59645852440195,147.93783826248577,146.29760761487177,144.67556269045724,143.07150185874056,141.4852257247572,139.9165371042937,138.36524099937637,136.83114457403187,135.31405713031634,133.81379008461073,132.33015694417824,130.8629732839824,129.4120567237618,127.9772269053589,126.55830547030067,125.15511603762717,123.76748418196647,122.39523741185246,121.03820514828301,119.69621870351591,118.36911126009991,117.05671785013834,115.75887533478242,114.47542238395215,113.20619945628191,111.95104877928853,110.70981432975903,109.4823418143561,108.2684786504383,107.06807394709323,105.88097848638067,104.70704470478397,103.54612667486688,102.39808008713392,101.26276223209169,100.14003198250924,99.0297497758751,97.93177759704864,96.84597896110407,95.77221889636432,94.71036392762338,93.66028205955435,92.62184276030166,91.59491694525508,90.57937696100372,89.57509656946783,88.58195093220674,87.5998165949005,86.62857147200378,85.66809483156992,84.71826728024307,83.77897074841692
52,821.81,794.18,771.52,711.73,781.35,845.55,652.19,599.53,753.47,540.95,542.65,458.9,572.51,534.75,572.99,627.21,494.04,537.17,452.01,506.85,465.93,467.03,498.46,538.75,450.55,450.81,400.09,470.85,438.13,337.38,337.06,381.58,398.53,395.96,375.75,423.98,405.25,438.4,437.32,461.79,486.99,456.29,524.39,508.94,459.72,451.34,440.6,429.02,417.89,408.17,400.48,394.59,389.37,383.6,376.91,369.94,363.55,358.05,353.1,348.27,343.39,338.57,333.95,329.61,325.54,321.7,318.03,314.5,311.04,307.64,304.28,300.96,297.67,294.42,291.2,288.02,284.87,281.76,278.68,275.64,272.62,269.65,266.7,263.78,260.9,258.05,255.23,252.44,249.68,246.96,244.26,241.59,238.95,236.34,233.7263216670003,231.14154793935043,228.58535916172036,226.0574392138404,223.5574754714074,221.08515876742277,218.64018335395818,216.22224686434438,213.83105027577767,211.4662978723404,209.1276972084299,206.81495907259256,204.52779745175707,202.26592949586382,200.0290754828851,197.8169587842324,195.629305830546,193.4658460778631,191.3263119741601,189.21043892626466,187.11796526713397,185.04863222349474,183.0021838838409,180.9783671667857,178.9769317897632,176.99763023807634,175.0402177342871,173.10445220794514,171.19009426565142,169.29690716145276,167.42465676756365,165.5731115454121,163.74204251700561,161.93122323661373,160.14042976276386,158.36944063054673,156.61803682422808,154.88600175016344,153.17312121001214,151.4791833742478,149.8039787559616,148.14730018495538,146.50894278212124,144.88870393410429,143.28638326824586,141.70178262780365,140.134706047446,138.58495972901707,137.05235201757014,135.5366933776659,134.0377963699328,132.55547562788695,131.0895478350077,129.63983170206748,128.2061479447119,126.78831926128778,125.3861703109168,123.99952769181104,122.6282199198288,121.27207740726732,119.93093244189014,118.60461916618641,117.29297355685941,115.9958334045421,114.7130382937369,113.44442958297738,112.18985038520917,110.94914554838805,109.72216163629254,108.50874690954856,107.30875130686414,106.12202642647145,104.94842550777427,103.78780341319822,102.64001661024184,101.50492315372614,100.38238266824042,99.27225633078224,98.17440685358939,97.08869846716168,96.01499690347053,94.95316937935428,93.90308458009697,92.86461264318896,91.83762514226693,90.82199507123157
53,959.0,842.19,852.5,792.35,714.21,936.84,781.79,829.04,658.2,731.23,632.44,538.78,735.69,598.89,536.02,529.05,485.16,544.06,626.67,484.23,556.75,572.68,563.0,539.86,435.59,552.14,514.29,541.53,460.55,526.77,475.33,398.15,515.06,384.38,470.84,421.88,465.36,382.28,433.88,557.48,522.44,476.16,541.89,500.58,482.98,488.85,479.89,468.71,456.75,445.28,435.26,427.25,421.02,415.48,409.43,402.55,395.44,388.91,383.23,378.09,373.08,368.07,363.15,358.44,353.99,349.79,345.79,341.93,338.17,334.47,330.82,327.21,323.63,320.1,316.6,313.14,309.72,306.34,302.99,299.68,296.41,293.17,289.96,286.8,283.66,280.56,277.5,274.47,271.47,268.5,265.57,262.66,259.79,256.96,254.10694605742205,251.28556987324717,248.49551972598763,245.7364477993563,243.008010138907,240.309866609156,237.6416808511795,235.00312024068253,232.39385584653246,229.8135623897538,227.2619182029778,224.7386051903422,222.2433087878369,219.7757179240888,217.3355249815833,214.92242575831526,212.53611942986655,210.17630851190424,207.84269882309522,205.53499944843273,203.25292270296998,200.99618409595644,198.76450229537232,196.55759909285698,194.3751993690263,192.2170310591758,190.08282511936414,187.97231549287304,185.88523907704004,183.82133569045928,181.78034804054641,179.7620216914638,177.7661050324016,175.79234924621147,173.84050827838792,171.91033880639458,170.00160020933086,168.11405453793537,166.24746648492234,164.40160335564775,162.57623503910054,160.77113397921661,158.9860751465106,157.22083601002342,155.47519650958057,153.74893902835882,152.04184836575752,150.35371171057085,148.68431861445833,147.03346096570954,145.40093296330022,143.78653109123664,142.19005409318456,140.61130294738004,139.0500808418187,137.50619314972056,135.97944740526736,134.46965327960902,132.97662255713675,131.50016911201945,130.04010888500082,128.59625986045373,127.16844204368985,125.75647743852078,124.36019002506855,122.97940573782243,121.61395244393938,120.26365992178548,118.9283598397155,117.6078857350882,116.30207299351461,115.01075882833662,113.73378226033357,112.47098409765398,111.22220691597032,109.98729503885393,108.76609451836791,107.55845311587555,106.36422028306175,105.1832471431652,104.01538647241895,102.86049268169704,101.7184217983649,100.58903144833131,99.47218083829956,98.36773073821576
54,1158.38,1108.82,1014.88,874.1,1054.31,912.25,773.27,835.58,823.4,872.54,733.01,773.88,797.83,693.66,708.6,700.46,643.22,579.32,690.18,576.96,566.22,569.47,625.97,566.53,454.87,548.89,557.62,583.02,427.56,498.52,506.57,506.82,439.06,436.06,471.64,457.85,491.85,533.06,514.01,552.68,557.32,553.46,578.86,449.89,502.06,529.51,523.09,513.61,501.96,489.58,477.74,467.38,459.02,452.42,446.51,440.16,433.04,425.76,419.05,413.15,407.77,402.55,397.37,392.29,387.43,382.82,378.43,374.2,370.09,366.04,362.04,358.09,354.17,350.31,346.48,342.7,338.95,335.25,331.59,327.96,324.38,320.84,317.33,313.87,310.44,307.05,303.69,300.37,297.09,293.85,290.64,287.46,284.32,281.21,278.1012648137941,275.0268962378011,271.9865143542001,268.97974344510584,266.00621194613916,263.06555240051034,260.15740141361033,257.2813996081042,254.43719157952057,251.62442585233217,248.84275483652192,246.0918347846294,243.3713257492717,240.68089154113426,238.02019968742593,235.3889213907934,232.7867314886896,230.21330841319178,227.66833415126314,225.1514942054543,222.66247755503886,220.2009766175789,217.766687210915,215.35930851557677,212.97854303760892,210.62409657180802,208.29567816536584,205.99300008191474,203.71577776597027,201.46372980776692,199.23657790848281,197.03404684584868,194.85586444013686,192.70176152052656,190.57147189184084,188.46473230165128,186.38128240774634,184.32086474595928,182.28322469835197,180.26811046175,178.27527301662613,176.30446609632727,174.35544615664202,172.42797234570438,170.52180647423032,168.6367129860833,166.7724589291652,164.92881392662912,163.10555014841034,161.30244228307188,159.51926750996165,157.7558054716771,156.0118382468343,154.28715032313815,152.58152857075032,150.89476221595157,149.22664281509492,147.5769642288474,145.94552259671605,144.3321163118556,142.73654599615477,141.1586144755981,139.59812675589984,138.05488999840722,136.52871349627065,135.01940865087656,133.52678894854134,132.05066993746271,130.59086920492604,129.14720635476223,127.71950298505547,126.3075826660968,124.91127091858176,123.53039519204899,122.16478484355697,120.81427111659693,119.4786871202384,118.15786780850567,116.85164995998191,115.55987215763916,114.28237476889089,113.01899992586533,111.76959150589686,110.53399511223292,109.31205805495435,108.1036293321066
55,1147.76,1323.85,1086.83,1043.11,1108.29,943.95,966.8,965.42,834.33,828.62,844.46,933.85,770.12,794.1,852.66,690.7,743.53,642.99,748.73,667.01,585.43,677.91,652.55,565.64,611.5,715.16,711.06,525.82,610.92,630.89,640.06,508.46,497.71,519.83,570.33,674.07,458.37,593.67,570.23,638.44,583.15,480.21,612.71,588.62,565.09,573.37,568.9,561.94,551.93,539.79,527.0,514.78,504.06,495.33,488.34,482.04,475.35,467.98,460.49,453.58,447.43,441.78,436.3,430.89,425.62,420.57,415.73,411.08,406.56,402.11,397.72,393.38,389.08,384.83,380.63,376.47,372.36,368.29,364.27,360.29,356.36,352.46,348.61,344.81,341.04,337.32,333.63,329.99,326.38,322.82,319.29,315.8,312.35,308.94,305.53859746777175,302.1746440816115,298.84772752967797,295.5574400396472,292.3033783287333,289.08514355425854,285.9023412647686,282.7545813516853,279.64147800149186,276.5626496484449,273.5177189278067,270.50631262959234,267.52806165282664,264.5826009603037,261.66956953384573,258.78861033005376,255.93937023654541,253.12150002867503,250.33465432672983,247.57849155359776,244.85267389290098,242.1568672475907,239.4907411989974,236.85396896633253,234.24622736663554,231.66719677516213,229.11656108620878,226.5940076743681,224.09922735621137,221.63191435239247,219.19176625016934,216.77848396633783,214.39177171057395,212.03133694917935,209.69689036922637,207.38814584309745,205.1048203934152,202.84663415835863,200.61331035736094,198.40457525718546,196.2201581383745,194.0597912620681,191.92320983718795,189.81015198798232,187.7203587219289,185.65357389799038,183.60954419522014,181.58801908171299,179.58875078389835,177.61149425617114,175.65600715085688,173.72204978850812,171.8093851285272,169.91777874011277,168.04699877352635,166.19681593167473,164.367003442006,162.55733702871407,160.76759488525013,158.99755764713615,157.2470083650779,155.51573247837402,153.80351778861788,152.11015443368873,150.43543486202958,148.77915380720805,147.1411082627573,145.52109745729405,143.9189228299105,142.33438800583718,140.7672987723737,139.21746305508464,137.68469089425744,136.16879442161942,134.66958783731124,133.18688738711393,131.72051133992636,130.2702799654911,128.83601551236526,127.41754218613377,126.01468612786287,124.62727539279051,123.25513992925148,121.8981115578347,120.55602395076971,119.22871261154036
56,1398.97,1253.53,1336.46,1193.24,1074.59,1154.93,1096.09,969.9,1047.29,1010.68,858.89,874.92,855.03,969.32,849.19,830.67,916.39,757.47,705.95,710.89,813.67,643.48,608.52,689.82,725.94,628.57,674.69,577.04,558.28,590.51,632.73,723.78,635.02,575.19,540.17,600.25,690.38,695.87,640.98,617.23,758.73,562.03,579.31,706.7,630.26,620.53,616.43,611.41,603.9,593.39,580.81,567.62,555.06,544.01,534.91,527.52,520.81,513.77,506.15,498.46,491.32,484.9,478.96,473.2,467.54,462.04,456.74,451.62,446.65,441.77,436.94,432.17,427.45,422.79,418.17,413.6,409.09,404.62,400.2,395.83,391.51,387.23,383.0,378.82,374.68,370.59,366.54,362.54,358.58,354.66,350.79,346.96,343.17,339.42,335.6848255900689,331.9907552042748,328.33733651011204,324.72412215280394,321.150669700525,317.6165415902261,314.12130507405544,310.66453216636944,307.2457995913266,303.864688731058,300.5207855744086,297.2136806662419,293.9429690573032,290.70825025463387,287.5091281725321,284.3452110840528,281.21611157304096,278.1214464866938,275.0608368886438,272.033908012559,269.04028921625326,266.0796139363021,263.15151964315726,260.2556477967557,257.3916438026172,254.55915696842462,251.75784046108234,248.98735126424728,246.24735013632684,243.53750156893966,240.85747374583298,238.20693850225243,235.5855712847589,232.99305111148735,230.42906053284315,227.89328559263114,225.38541578961213,222.90514403948237,220.45216663727186,218.02618322015613,215.62689673067734,213.25401338037008,210.90724261378747,208.58629707292317,206.29089256202494,204.02074801279528,201.77558544997515,199.55512995730643,197.35910964386875,195.18725561078708,193.03930191830554,190.91498555322326,188.81404639668924,186.73622719235107,184.68127351485427,182.6489337386885,180.6389590073764,178.65110320300144,176.68512291607132,174.74077741571293,172.81782862019514,170.91604106777623,169.035181887872,167.17502077254105,165.33532994828406,163.5158841481534,161.7164605841694,159.9368389200405,158.17680124418342,156.43613204304015,154.71461817468892,153.01204884274512,151.32821557054973,149.6629121756418,148.01593474451153,146.38708160763176,144.77615331476352,143.18295261053404,141.6072844102829,140.04895577617432,138.5077758935724,136.98355604767602,135.47610960041112,133.98525196757723,132.51080059624533,131.0525749424047
57,1411.81,1472.74,1409.56,1285.95,1442.06,1219.11,1212.75,1202.71,1024.92,1178.6,1101.59,994.32,1035.81,988.47,1001.24,935.03,1118.42,816.64,874.5,785.33,682.81,759.08,831.91,725.06,727.16,582.34,645.39,696.31,625.99,596.87,532.53,591.28,622.97,662.07,627.91,515.41,695.89,653.0,697.26,749.13,671.08,656.91,593.14,801.56,690.05,671.92,667.0,662.33,656.75,648.7,637.7,624.71,611.17,598.31,586.93,577.49,569.69,562.57,555.17,547.28,539.38,532.01,525.31,519.05,512.98,507.03,501.25,495.64,490.19,484.83,479.54,474.3,469.12,464.0,458.94,453.92,448.97,444.07,439.22,434.42,429.68,424.99,420.35,415.76,411.22,406.73,402.29,397.89,393.55,389.25,385.0,380.79,376.64,372.52,368.4321674443102,364.38919254727864,360.39058306527426,356.4358521562808,352.5245183206224,348.65610534233963,344.83014223120887,341.046163165398,337.30370743475106,333.6023193846957,329.94154836076575,326.32094865373307,322.7400794453407,319.19850475463267,315.69579338487137,312.2315188710386,308.80525942791206,305.4165978987119,302.06512170431057,298.7504227930004,295.4720975908118,292.2297469523772,289.0229761123339,285.8513946372605,282.71461637814014,279.612259423346,276.54394605214253,273.5093026886966,270.507959856594,267.5395521338543,264.60371810843975,261.7001003342525,258.8283452876143,255.9881033242244,253.17902863658873,250.4007792119174,247.65301679048346,244.93540682443893,242.24761843708237,239.58932438257412,236.96020100609283,234.35992820442985,231.7881893870155,229.24467143737354,226.72906467499809,224.24106281764935,221.7803629440628,219.34666545706764,216.9396740471101,214.55909565617674,212.20464044211394,209.87602174333875,207.57295604393718,205.29516293914503,203.0423651012081,200.81428824561655,198.6106610977101,196.43121535964966,194.27568567775103,192.14380961017756,190.0353275949871,187.94998291852957,185.88752168419128,183.84769278148235,181.8302478554634,179.83494127650735,177.86153011039366,175.90977408873022,173.97943557969998,172.0702795591287,170.18207358186987,168.31458775350427,166.4675947023492,164.64086955177575,162.83418989282904,161.04733575714968,159.28008959019172,157.53223622473493,155.80356285468747,154.0938590091762,152.40291652692136,150.73052953089208,149.0764944032406,147.44060976051088,145.8226764291199,144.22249742110753
58,1575.88,1624.51,1566.09,1403.58,1628.71,1431.55,1385.3,1184.99,1302.78,1167.93,1187.8,1291.75,1244.81,1082.54,1125.01,956.64,992.0,1061.21,1170.82,906.53,779.87,861.57,1016.19,912.36,703.04,790.71,773.74,774.78,842.4,729.81,786.17,669.16,769.44,603.19,691.1,607.83,747.45,665.28,755.54,740.99,674.35,647.25,804.82,773.59,725.69,727.67,722.22,716.7,711.44,705.26,696.66,685.19,671.81,657.96,644.8,633.13,623.33,615.12,607.56,599.79,591.63,583.5,575.88,568.87,562.25,555.83,549.55,543.43,537.45,531.58,525.77,520.04,514.36,508.75,503.19,497.7,492.27,486.89,481.58,476.32,471.12,465.98,460.89,455.86,450.88,445.96,441.09,436.28,431.51,426.8,422.14,417.53,412.97,408.46,404.00167615247693,399.59201472362247,395.2304845651685,390.91656032630794,386.6497223904159,382.42945681246124,378.2552552571014,374.12661493745276,370.0430385545298,366.00403423734434,362.0091154836598,358.05780110139096,354.14961515064425,350.2840868863902,346.46075070176147,342.67914607197054,338.9388174988385,335.2393144559302,331.5801913342875,327.9610073887557,324.38132668489493,320.8407180464715,317.33875500352235,313.87501574098627,310.4490830478959,307.06054426712393,303.7089912456787,300.3940202855411,297.1152320950394,293.87223174075336,290.6646285999449,287.4920363135067,284.3540727394248,281.2503599067497,278.1805239700687,275.1441951644764,272.14100776103584,269.17060002272615,266.23261416087087,263.3266962920421,260.4524963954346,257.6096682707059,254.79786949627564,252.01676138808068,249.2660089587804,246.54528087740684,243.854249429456,241.19259047741372,238.5599834217135,235.95611116211958,233.38066005953206,230.83331989820886,228.31378384839957,225.8217484293878,223.35691347293653,220.9189820871324,218.50766062062507,216.12265862725633,213.76368883107557,211.4304670917374,209.12271237027622,206.84014669525513,204.58249512928387,202.34948573590222,200.14084954682522,197.95632052954534,195.7956355552889,193.6585343673217,191.544759549601,189.4540564957694,187.38617337848723,185.34086111909977,183.3178733576354,181.31696642313125,179.33789930428296,177.38043362041432,175.44433359276445,173.5293660160876,171.63530023056373,169.76190809401498,167.9089639544259,166.07624462276328,164.263529346093,162.47059978098997,160.6972399672384,158.94323630181933
59,1681.74,1685.3,1698.58,1574.36,1589.27,1909.81,1647.61,1378.71,1365.29,1383.35,1413.26,1196.73,1214.62,1123.01,1209.17,1176.27,1251.96,1240.74,982.04,1092.68,1067.19,962.06,791.61,924.11,854.99,795.36,940.4,797.6,788.62,899.2,672.8,692.29,823.23,767.91,720.39,792.95,751.82,806.91,735.62,787.45,832.63,801.35,822.4,770.99,766.8,787.32,782.69,776.61,770.45,764.54,757.73,748.55,736.6,722.84,708.68,695.25,683.28,673.11,664.45,656.43,648.26,639.79,631.41,623.5,616.14,609.12,602.3,595.63,589.08,582.65,576.29,570.0,563.78,557.63,551.54,545.53,539.57,533.68,527.86,522.1,516.4,510.76,505.19,499.67,494.22,488.83,483.49,478.21,472.99,467.83,462.72,457.67,452.67,447.73,442.85962517256485,438.04222993318433,433.27723797369947,428.56407925499,423.90218993878057,419.291012320188,414.7299947610026,410.21859162369594,405.75626320614526,401.3424756770688,396.9767010121634,392.6584169309361,388.3871068342238,384.1622597423921,379.98337023420646,375.84993838636814,371.76146971370815,367.71747511003196,363.71747078960686,359.76097822928676,355.8475241112661,351.97664026645646,348.147863618479,344.3607361282666,340.61480473926844,336.9096213232501,333.2447426266841,329.6197302177231,326.03415043374974,322.48757432949776,318.9795776257365,315.5097406585145,312.07764832895464,308.68289005359554,305.3250597152734,302.0037556145377,298.7185804215957,295.46914112877965,292.25504900353116,289.0759195418966,285.9313724225288,282.821031461189,279.74452456574346,276.7014836916501,273.6915447979289,270.71434780361164,267.76953654466485,264.85675873138194,261.9756659062387,259.12591340220655,256.3071603015203,253.5190693948937,250.761307141179,248.03354362746506,245.33545252960974,242.66671107320155,240.0269999949459,237.41600350447132,234.83340924655155,232.27890826373778,229.75219495939848,227.2529670611602,224.78092558474663,222.33577479821116,219.9172221865579,217.52497841674824,215.1587573030875,212.81827577298859,210.50325383310758,208.21341453584813,205.94848394623,203.708191109118,201.49226801680743,199.30044957696225,197.13247358090177,194.9880806722326,192.86701431582148,190.76902076710604,188.69384904173904,186.6412508855629,184.61098074491102,182.60279573723196,180.6164556220333,178.65172277214137,176.70836214527392,174.78614125592173
60,2111.97,2031.09,1988.2,1823.04,1859.99,1953.74,1745.47,1602.98,1465.88,1531.09,1320.88,1384.97,1471.93,1231.68,1229.99,1214.63,1142.93,1180.68,1236.38,1101.05,1126.72,1099.92,979.72,978.23,940.25,903.14,910.42,865.9,911.53,874.5,859.71,828.98,846.01,828.85,944.85,788.93,837.74,825.03,858.22,946.42,945.07,818.2,884.94,760.76,810.63,850.47,847.46,842.16,835.4,828.54,821.92,814.43,804.63,792.18,778.03,763.57,749.86,737.59,727.03,717.89,709.37,700.77,691.96,683.28,675.05,667.28,659.82,652.53,645.38,638.33,631.37,624.48,617.67,610.93,604.27,597.67,591.15,584.7,578.32,572.01,565.77,559.6,553.49,547.45,541.48,535.57,529.72,523.94,518.22,512.57,506.97,501.44,495.97,490.55,485.1873560387576,479.88333596958546,474.6372989219081,469.4486110310836,464.3166453618155,459.2407818324019,454.22040713981244,449.2549146855848,444.34370450253084,439.4861831822443,434.68176380340077,429.9298658608414,425.2299151954324,420.5813439246906,415.9835903741678,411.43609900958535,406.93832036970997,402.4897109999643,398.0897333867625,393.7378558925639,389.4335526916368,385.17630370652427,380.96559454520445,376.8009164389381,372.6817661807954,368.60764606485503,364.578063826067,360.5925325807744,356.650570767884,352.7517020906808,348.89545545927814,345.08136493369744,341.3089696675697,337.5778138524527,333.887446662757,330.23742220127355,326.6272994452978,323.0566421933414,319.5250190124274,316.0320031859615,312.5771726621728,309.1601100031187,305.7804023342465,302.4376412945074,299.13142298701507,295.86134793024377,292.62702100976037,289.4280514304833,286.26405266946443,283.13464242918576,280.03944259136824,276.9780791712841,273.9501822725696,270.9553860425314,267.99332862794154,265.0636521313155,262.1660025676689,259.30002982174585,256.4653876057158,253.66173341733239,250.88872849854994,248.1460377945921,245.43332991346804,242.75027708593146,240.09655512587688,237.47184339116916,234.8758247449012,232.30818551707515,229.76861546670247,227.25680774431837,224.7724588549059,222.31526862122558,219.88494014754588,217.48117978376976,215.10369708995404,212.75220480121618,210.42641879302488,208.12605804687,205.85084461630794,203.600503593378,201.37476307538606,199.1733541320514,196.99601077301227,194.8424699156874,192.71247135348798,190.60575772437807
61,2083.02,1979.81,2228.19,2180.53,2111.44,2157.25,1903.84,1874.33,1881.71,1552.54,1414.02,1642.64,1723.49,1610.69,1427.4,1493.31,1482.56,1344.78,1188.11,1363.6,1221.12,1099.64,1183.25,1078.75,1006.87,973.58,1034.15,857.86,926.99,871.38,941.35,891.18,1015.72,872.51,958.34,993.13,950.84,940.05,887.75,930.6,1022.48,847.71,897.91,877.75,889.58,917.89,915.69,911.98,905.94,898.41,890.79,883.4,875.17,864.72,851.75,837.22,822.46,808.48,795.89,784.92,775.27,766.22,757.14,747.95,738.94,730.32,722.1,714.13,706.31,698.6,690.98,683.45,675.99,668.62,661.33,654.12,646.98,639.92,632.94,626.04,619.21,612.45,605.77,599.16,592.63,586.16,579.77,573.44,567.18,560.99,554.87,548.82,542.83,536.9,530.9978246558559,525.1605322951222,519.3874096550963,513.6777513140178,508.0308596048708,502.4460445301377,496.9226236774864,491.4599221363863,486.0572724156407,480.7140143618252,475.42949507862375,470.2030688470501,465.0340970465473,459.9219480769544,454.8659972813304,449.86562686962736,444.92022584320193,440.0291899201571,435.19192146150476,430.4078293981396,425.6763291586159,420.9968425977186,416.36879792581925,411.7916296390086,407.2647784499971,402.7876912197757,398.35982089002704,393.98062641628,389.6495727017995,385.3661305322021,381.1297765107915,376.9399929946038,372.79626803115707,368.6980952958946,364.64497403031754,360.6364089807966,356.6719103380566,352.7509936773264,348.87317989914675,345.0379951708288,341.24497086855627,337.4936435201235,333.7835547483041,330.1142512148413,326.4852845650539,322.89621137305227,319.3465930875548,315.83599597830215,312.3639910830584,308.9301541551969,305.53406561186034,302.1753104826921,298.8534783591308,295.56816334426225,292.3189640032221,289.1054833141449,285.9273286196513,282.7841115788693,279.67544811998215,276.600958393299,273.5602667248402,270.55300157043365,267.578795470316,264.63728500423167,261.728110747027,258.8509172247314,256.005352871122,253.19106998476542,250.40772468653196,247.65497687757676,244.93249019778273,242.2399319846608,239.5769732327014,236.94328855317318,234.33855613436344,231.76245770225586,229.2146784816403,226.69490715765028,224.20283583772306,221.73816001397824,219.30057852600962,216.8897935240861,214.5055104327574,212.14743791485972,209.81528783591688,207.50877522893302
62,2353.31,2206.0,2512.82,2148.07,2181.06,2074.03,1916.9,2152.8,1956.73,1870.2,1661.56,1775.71,1697.66,1848.47,1705.29,1719.72,1344.71,1480.46,1503.34,1344.91,1437.26,1278.47,1344.59,1224.78,1333.26,1256.05,1198.99,1030.8,1103.21,936.99,1023.56,1040.52,1101.75,1032.26,1057.67,1078.58,957.12,987.12,1034.45,1075.41,1082.69,967.7,999.02,971.26,965.61,991.23,987.86,984.91,980.39,973.52,965.18,956.73,948.52,939.49,928.36,914.88,899.97,884.93,870.67,857.76,846.37,836.19,826.57,816.98,807.38,797.97,788.92,780.17,771.63,763.22,754.9,746.67,738.52,730.47,722.51,714.63,706.84,699.13,691.51,683.96,676.5,669.13,661.83,654.61,647.47,640.41,633.42,626.51,619.68,612.92,606.23,599.62,593.08,586.61,580.1487856290493,573.7587382875514,567.4390741064393,561.1890178505699,555.0078028236255,548.894670774063,542.8488718020992,536.86966426772,530.9563146997036,525.1080977056449,519.3242958829717,513.6041997309405,507.94710756360234,502.3523254237261,496.8191669976707,491.34695353119525,485.9350137461956,480.5826837583586,475.289306995723,470.05423411813825,464.8768229376088,459.75643833951733,454.69245220471487,449.68424333246935,444.7311973642624,439.8327067084261,434.9881704656094,430.19699435506584,425.45859064175244,420.7723780642325,416.13778176337206,411.55423321182144,407.0211701442742,402.53803648849373,398.1042822970995,393.7193636801051,389.38274273819906,385.0938874967605,380.8522718406016,376.657375449429,372.5086837340159,368.4056877730773,364.3478842508403,360.3347753953025,356.3658689171698,352.4406779494672,348.5587209878151,344.71952183136244,340.9226095243713,337.16751829844446,333.45378751538976,329.780961610713,326.1485900377342,322.55622721231845,319.0034324582162,315.48976995300546,312.01480867462914,308.5781223485216,305.17928939531714,301.817892879135,298.4935204564338,295.20576432542885,291.95422117606734,288.73849214055383,285.55818274442146,282.41290285814125,279.3022666492649,276.2258925350947,273.18340313587464,270.1744252284971,267.1985897007193,264.25553150588445,261.3448896181412,258.46630698815653,255.61943049931654,252.80391092440908,250.01940288278456,247.26556479798754,244.54205885585557,241.84855096307953,239.1847107062202,236.5502113111762,233.94472960309895,231.36794596674812,228.8195443072849,226.29921201149614
63,2629.8,2268.42,2798.59,2507.76,2542.04,2227.67,2439.28,2243.57,2016.23,2148.16,2313.65,1945.94,2203.89,1886.04,1700.62,1864.44,1756.89,1577.18,1833.85,1565.73,1560.71,1444.33,1431.66,1242.05,1231.3,1309.06,1245.9,1220.27,1178.5,1160.78,1047.73,1106.19,1181.13,1131.4,1122.63,1224.9,1035.86,1192.96,1212.74,1195.22,1154.02,1105.22,1070.84,1075.65,1053.7,1072.31,1066.06,1061.86,1058.05,1052.64,1044.88,1035.67,1026.35,1017.26,1007.4,995.56,981.55,966.28,950.96,936.44,923.21,911.37,900.63,890.4,880.27,870.19,860.33,850.77,841.44,832.27,823.2,814.23,805.35,796.57,787.89,779.3,770.81,762.4,754.09,745.87,737.74,729.69,721.74,713.87,706.08,698.38,690.77,683.24,675.78,668.41,661.12,653.91,646.78,639.73,632.659039217802,625.6662340424747,618.7507206170299,611.9116446327242,605.1481612235231,598.4594348617286,591.8446392547637,585.3029572430954,578.8335806992872,572.4357104281668,566.1085560680973,559.8513359933403,553.6632772174972,547.5436152980185,541.4915942417679,535.5064664116311,529.5874924341562,523.7339411082147,517.9450893146734,512.2202219270629,506.55863172323467,500.9596192979945,495.42249297670116,489.94656872982046,484.5311700884232,479.1756280606181,473.8792810489074,468.6414747684562,463.46156216626594,458.3389033412399,453.2728654651336,448.26282270437747,443.3081561427655,438.4082537049964,433.5625100810615,428.7703266514669,424.031111413284,419.34427890701545,414.70925014427087,410.1254525362411,405.59231982296365,401.10929200336966,396.6758152661039,392.29134192110985,387.95533033197063,383.6672448489981,379.4265557430609,375.2327391401446,371.0852769566348,366.98365683531574,362.92737208207586,358.9159216033137,354.9488098440348,351.02554672663365,347.1456475903517,343.30863313140486,339.5140293437723,335.76136746064054,332.0501838964942,328.3800201898465,324.7504229466035,321.1609437840543,317.61113927547916,314.10057089537173,310.62880496526503,307.19541260015717,303.79996965552925,300.44205667494805,297.12125883824905,293.83716591029105,290.5893721902781,287.37747646164104,284.20108194247314,281.0597962365136,277.95323128467305,274.8810033170943,271.84273280574365,268.8380444175252,265.86656696791505,262.92793337510597,260.02178061466054,257.1477496746647,254.305485511377,251.49463700536856,248.71485691814726,245.96580184926165
64,2857.61,3026.88,2646.99,2722.18,2787.9,2591.6,2440.13,2479.44,2567.75,2265.6,2324.19,2244.62,2241.9,2285.85,2155.61,1972.66,1863.46,1706.93,1863.94,1708.9,1715.12,1767.2,1517.0,1493.67,1350.22,1458.86,1294.2,1326.11,1327.94,1206.94,1186.45,1084.6,1130.14,1234.16,1160.84,1265.65,1239.12,1080.46,1261.0,1305.19,1121.6,1259.69,1288.69,1224.89,1157.45,1162.31,1152.83,1145.68,1140.55,1135.77,1129.39,1120.68,1110.54,1100.3,1090.28,1079.54,1066.97,1052.42,1036.78,1021.18,1006.39,992.81,980.5,969.16,958.29,947.56,936.94,926.54,916.38,906.39,896.51,886.74,877.08,867.52,858.07,848.72,839.47,830.32,821.27,812.32,803.47,794.71,786.05,777.48,769.01,760.62,752.33,744.13,736.02,727.99,720.05,712.2,704.44,696.75,689.0345324038058,681.4045021096969,673.858963026915,666.396979541247,659.017626399012,651.7199885923347,644.5031612456878,637.3662495036916,630.3083684201558,623.3286428483499,616.4262073324888,609.6002060004204,602.8497924575003,596.1741296816434,589.5723899195365,583.0437545840001,576.5874141524877,570.2025680667081,563.8884246333598,557.6442009259644,551.4691226877873,545.3624242358329,539.3233483659033,533.3511462587082,527.4450773870152,521.6044094238266,515.8284181515745,510.1163873723215,504.467608818954,498.88138206736124,493.3570144495854,487.89382096793355,482.4911242100412,477.148254264876,471.8645486396714,466.63935217778095,461.4720169774411,456.36190231143496,451.30837454764384,446.3108070704807,441.36858020319175,436.4810811310195,431.6477038252165,426.86784896790033,422.1409238777403,417.4663424364684,412.8435250162025,408.27189840757507,403.75089574865825,399.27995645467445,394.8585261484874,390.4860565918606,386.1620056174793,381.88583706172324,377.6570206981851,373.47503217192445,369.3393529344503,365.24947017942327,361.20487677906954,357.2050712212996,353.24955754752244,349.3378452911495,345.4694494167783,341.6438902600503,337.86069346817493,334.11938994111154,330.41951577340313,326.7606121966541,323.14222552264494,319.56390708707687,316.02521319393935,312.5257050604938,309.0649487628662,305.64251518224285,302.25797995166107,298.9109234033896,295.60093051689176,292.32759086736473,289.0904985748485,285.8892522538986,282.7234549638158,279.5927141594277,276.4966416424144,273.4348535131735,270.4069701232187,267.4126160281046
65,3073.46,3021.44,3149.05,2795.86,3101.48,2875.65,2668.01,2960.13,2892.09,2569.01,2523.35,2290.02,2218.62,2417.07,2310.66,2087.88,2082.66,2010.84,2046.8,1878.38,1861.63,1782.0,1697.93,1754.18,1571.58,1464.32,1549.71,1719.46,1376.71,1519.1,1243.42,1061.45,1236.69,1408.68,1205.37,1336.12,1262.93,1218.52,1149.67,1346.29,1430.53,1282.58,1184.42,1337.59,1257.24,1261.34,1249.18,1238.72,1230.59,1224.45,1218.61,1211.18,1201.46,1190.35,1179.13,1168.13,1156.46,1143.12,1128.01,1112.0,1096.1,1081.02,1067.06,1054.23,1042.24,1030.67,1019.27,1008.03,996.99,986.12,975.38,964.76,954.25,943.85,933.57,923.4,913.34,903.39,893.55,883.82,874.19,864.66,855.24,845.92,836.7,827.58,818.56,809.64,800.82,792.09,783.45,774.91,766.47,758.11,749.7693606329607,741.5204840246912,733.3623606118324,725.2939919381255,717.3143905322131,709.4225797867846,701.6175938390511,693.8984774525354,686.2642859001628,678.7140848486372,671.2469502440908,663.8619681989907,656.5582348802892,649.3348563988071,642.1909486998311,635.1256374549166,628.1380579548804,621.2273550039707,614.3926828152015,607.6332049068382,600.9480940000223,594.3365319175225,587.7977094836001,581.3308264249747,574.9350912728812,568.6097212662029,562.3539422556712,556.1669886091194,550.0481031177778,543.9965369036012,538.0115493276146,532.0924078992681,526.2383881867892,520.4487737285206,514.722855945234,509.05993405340854,503.45931497946367,497.92031327493487,492.4422510325828,487.02445780342634,481.66627051468697,476.3670333886369,471.1260978623399,465.94282250827484,460.8165729558327,455.74672181367714,450.7326485929594,445.7737396313782,440.86938801807435,436.01899351935236,431.22196250521944,426.4777078767314,421.7856489941401,417.14521160582865,412.5558277780312,408.0169358253239,403.52798024188155,399.0884116334905,394.6976866503094,390.3552679203693,386.0606239838062,381.8132292278168,377.6125638223296,373.4581136563838,369.3493702752086,365.2858308179945,361.26699795634886,357.29237983342887,353.36149000374473,349.47384737362387,345.6289761423314,341.8264057438375,338.06567078922586,334.3463110097358,330.6678712004309,327.029901164487,323.4319556580941,319.8735943359636,316.354381697435,312.8738870331765,309.4316843724709,306.027352431082,302.6604745596946,299.33063869292147,296.0374372988715,292.7804673292729
66,3198.61,3313.3,3279.18,3355.44,3159.9,2997.47,3026.61,3246.46,3027.44,2896.34,2942.34,2675.72,2716.16,2532.93,2526.19,2423.25,2375.16,2436.41,2414.23,2161.6,1992.39,2000.85,2052.22,1968.88,1530.1,1606.12,1522.89,1644.72,1565.69,1518.11,1412.49,1503.65,1509.86,1374.26,1424.44,1500.14,1512.67,1643.08,1402.47,1648.34,1534.66,1376.16,1621.83,1422.14,1360.85,1371.08,1356.44,1343.23,1331.75,1322.56,1315.3,1308.32,1299.74,1288.94,1276.79,1264.53,1252.48,1239.82,1225.66,1209.95,1193.52,1177.29,1161.85,1147.45,1134.03,1121.31,1108.97,1096.82,1084.84,1073.02,1061.34,1049.78,1038.35,1027.05,1015.87,1004.8,993.86,983.04,972.33,961.74,951.27,940.91,930.66,920.52,910.49,900.57,890.76,881.06,871.46,861.96,852.57,843.28,834.09,825.0,815.9865307762832,807.0715374646231,798.2539441745926,789.5326867703158,780.9067127420459,772.3749810791436,763.9364621444456,755.5901375500043,747.335000034185,739.1700533401067,731.0943120954107,723.1068016933423,715.2065581751323,707.3926281136632,699.6640684984067,692.0199466216176,684.4593399657725,676.9813360922368,669.5850325311482,662.2695366725045,655.0339656584406,647.877446276681,640.7991148551596,633.7981171577876,626.8736082813615,620.0247525535988,613.2507234322842,606.5507034055217,599.9238838930738,593.3694651487795,586.8866561640377,580.4746745723472,574.1327465548867,567.8601067471285,561.6559981464718,555.519672020885,549.4503878185461,543.4474130784712,537.5100233421181,531.6375020659561,525.8291405349922,520.08423777724,514.4021004791244,508.7820429018106,503.2233867984466,497.7254613323105,492.287602995851,486.90915553061404,481.58946984804294,476.32790395114426,471.1238228570094,465.97659852018336,460.88560975686954,455.85024216996345,450.8698880749054,445.9439464263432,441.0718227455957,436.25292904890944,431.486683776499,426.77251172236186,422.1098439648614,417.4981177980672,412.9367766638459,408.42527008469386,403.963053597304,399.54958868685793,395.1843427220365,390.86678889073966,386.5964061365097,382.3726790956479,378.1950980350191,374.06315879053517,369.9763627063112,365.9342165744857,361.9362325756989,357.9819282202212,354.0708262897245,350.2024547796901,346.37634684244546,342.5920407308238,338.84907974243873,335.14701216456814,331.48539121963967,327.86377501131244,324.28172647114746,320.73881330586084
67,3563.84,3814.72,3884.03,3546.36,3488.08,3419.39,3482.4,3130.62,3443.02,3375.5,3025.48,2965.07,2992.72,3056.28,2890.17,2859.43,2584.11,2688.71,2610.95,2593.71,2164.44,2197.33,2060.97,1940.44,2167.38,2024.4,1974.05,1710.89,1772.32,1754.29,1451.01,1582.53,1591.21,1600.18,1605.98,1656.04,1671.84,1466.55,1538.83,1686.3,1669.19,1638.9,1662.09,1477.4,1466.38,1494.36,1476.3,1460.54,1446.23,1433.62,1423.27,1414.79,1406.55,1396.74,1384.76,1371.48,1358.1,1344.92,1331.19,1316.13,1299.76,1282.83,1266.19,1250.31,1235.37,1221.27,1207.74,1194.53,1181.51,1168.65,1155.93,1143.35,1130.91,1118.6,1106.43,1094.39,1082.47,1070.69,1059.04,1047.51,1036.1,1024.82,1013.66,1002.62,991.71,980.91,970.22,959.66,949.2,938.87,928.64,918.52,908.52,898.62,888.8285668125093,879.1438218401319,869.5646025998046,860.0897592749701,850.718154577561,841.4486636114891,832.280173737621,823.2115844402261,814.2418071948779,805.3697653377967,796.5943939366148,787.9146396625501,779.3294606639727,770.8378264413486,762.4387177235469,754.1311263454937,745.91405512716,737.7865177538678,729.7475386579002,721.7961529014018,713.9314060605549,706.1523541110176,698.4580633146105,690.8476101072381,683.3200809880301,675.8745724096933,668.5101906700554,661.2260518047926,654.0212814813245,646.8950148938666,639.8463966596252,632.8745807161235,625.9787302196478,619.1580174447975,612.4116236851328,605.7387391549023,599.1385628918434,592.6103026610398,586.1531748598288,579.766404423743,573.449224733477,567.2008775228694,561.0206127878855,554.9076886965926,548.8613715001162,542.8809354445667,536.9656626839248,531.1148431938776,525.3277746865915,519.6037625264161,513.9421196465044,508.34216646634366,502.8032308101826,497.3246478263491,491.9057599074468,486.54591661142,481.2444745834804,476.00079747888316,470.8142558865451,465.6842272534953,460.61009581014787,455.59125249639044,450.6270948884765,445.71702712671566,440.8604598439507,436.05681009481486,431.3055012857591,426.6059631058425,421.95763145827624,417.35994839271405,412.8123620382796,408.3143265373248,403.86530197990845,399.4647543389902,395.1121554063294,390.80698272908376,386.54871954709733,382.33685473087303,378.1708827202204,374.050303463572,369.9746223579609,365.9433501896528,361.9560030754237,358.0121024044792,354.1111747810049,350.2527519673439
68,4047.6,4084.9,4266.67,4151.44,3860.63,3894.47,3604.09,3613.06,3591.05,3568.94,3540.94,3492.57,3608.97,3526.35,3303.26,3070.83,3232.08,2749.66,2850.43,2431.73,2356.71,2454.29,2302.89,2127.14,2190.61,2031.48,2301.7,2058.76,1922.03,1785.92,1635.83,1696.92,1755.21,1613.72,1557.28,1632.9,1624.37,1603.34,1781.62,1707.78,1754.13,1717.95,1655.85,1461.42,1570.93,1634.57,1611.27,1591.97,1575.01,1559.49,1545.67,1534.04,1524.22,1514.59,1503.42,1490.15,1475.65,1461.05,1446.63,1431.74,1415.69,1398.56,1381.05,1363.89,1347.47,1331.87,1316.96,1302.51,1288.32,1274.3,1260.44,1246.73,1233.17,1219.76,1206.49,1193.36,1180.38,1167.54,1154.83,1142.27,1129.84,1117.54,1105.38,1093.35,1081.44,1069.67,1058.03,1046.51,1035.12,1023.85,1012.7,1001.67,990.76,979.97,969.2832919502479,958.7131239261502,948.2582250426489,937.9173382738632,927.6892203019523,917.5726413676285,907.5663851222988,897.669248481819,887.8800414818438,878.1975871347533,868.6207212881397,859.1482924848381,849.7791618244826,840.512202826573,831.3463012950347,822.2803551842543,813.3132744665786,804.443981001256,795.6714084048082,786.9945019228167,778.4122183031045,769.9235256703043,761.5274034017915,753.2228420049724,745.008842995909,736.8844187792688,728.8485925295823,720.9003980737964,713.0388797751089,705.2630924180685,697.5721010949287,689.9649810932411,682.4408177846742,674.9987065150445,667.6377524955474,660.3570706951733,653.1557857342981,646.0330317794331,638.9879524391238,632.0197006609817,625.1274386298423,618.3103376670306,611.5675781307273,604.8983493174195,598.3018493644289,591.7772851534995,585.3238722154398,578.9408346358027,572.6274049615957,566.3828241090065,560.2063412721369,554.0972138327305,548.0547072708853,542.0780950767402,536.1666586631244,530.3196872791597,524.5364779248036,518.8163352663267,513.1585715527094,507.56250653295194,502.0274673742857,496.55278858127633,491.1378119158086,485.781886317945,480.4843678276465,475.2446195073471,470.06201136537277,464.9359202801956,459.8657299255141,454.8508306961497,449.89061963475297,444.984500359307,440.1318829914236,435.33218408541927,430.5848265581666,425.8892396197089,421.24485870463315,416.65112540418977,412.1074873991536,407.61339839341707,403.1683180483067,398.7717119176171,394.4230513833523,390.1218135921686,385.86748139251006,381.6595432724299
69,4858.67,4729.03,4672.03,4227.22,4120.42,4339.25,4438.77,3838.69,3834.71,4121.65,3953.41,3673.73,3998.71,3283.34,3345.44,3163.01,3183.74,3250.99,3131.91,2955.68,2876.71,2680.44,2412.62,2414.49,2321.15,2087.86,2237.58,2183.46,2184.11,1893.67,2090.75,1916.87,1793.22,1906.93,1938.36,1791.49,1987.17,1918.92,1757.11,2046.36,2115.17,1853.76,1922.6,1895.41,1799.54,1796.57,1766.59,1741.85,1721.2,1702.91,1686.06,1670.87,1657.83,1646.51,1635.33,1622.64,1607.96,1592.09,1576.13,1560.35,1544.15,1526.99,1508.97,1490.75,1472.93,1455.81,1439.39,1423.51,1407.99,1392.68,1377.54,1362.57,1347.75,1333.1,1318.61,1304.27,1290.08,1276.06,1262.18,1248.45,1234.87,1221.44,1208.15,1195.01,1182.0,1169.14,1156.42,1143.84,1131.39,1119.08,1106.9,1094.85,1082.93,1071.14,1059.442920687224,1047.8735759977924,1036.4305710421297,1025.1125261631541,1013.9180767699369,1002.8458731731752,991.8945804224638,981.0628781453437,970.349460388107,959.7530354583413,949.2723257691933,938.9060676853334,928.6530113706012,918.5119206373166,908.481572797235,898.5607585141303,888.7482816579882,879.0429591607916,869.4436208738812,859.9491094268723,850.5582800881141,841.270000626672,832.0831511758164,822.9966240980037,814.0093238513306,805.1201668574472,796.3280813709121,787.6320073499751,779.0308963287698,770.523711290903,762.1094265444233,753.7870275981561,745.5555110393894,737.4138844128931,729.3611661012626,721.396385206566,713.5185814332858,705.7268049725387,698.0201163875582,690.39758650043,682.8582962800622,675.4013367313804,668.0258087857318,660.730823192487,653.5155004118249,646.3789705086883,639.3203730478982,632.3388569904129,625.4335805907199,618.6037112953492,611.848425642494,605.1669091627272,598.5583562808032,592.0219702185317,585.5569628987115,579.1625548501141,572.8379751135046,566.5824611486889,560.3952587425756,554.275621918243,548.2228128449975,542.2361017494161,536.3147668273577,530.4580941569387,524.6653776124555,518.9359187792493,513.2690268694995,507.66401863893776,502.12021830446946,496.63695746269724,491.2135750093326,485.849417059488,480.5438368688399,475.29619475565147,470.1058580236486,464.97220088573636,459.8946043885497,454.8724563378273,449.90515122460135,444.9920901521918,440.1326807639996,435.32633717208694,430.57247988653864,425.8705357455939,421.2199378465417,416.62012547737083
70,5265.85,5014.38,4935.58,4920.11,4812.94,4720.25,4291.74,4631.37,4214.68,4246.49,4252.33,4214.62,4152.26,3832.16,4014.59,3878.75,3945.54,3563.94,3343.0,3326.68,3256.3,2899.95,3070.75,2518.07,2475.93,2510.56,2512.66,2418.2,2305.75,2222.08,2434.4,2167.22,1962.26,2187.97,2040.3,2208.83,2094.2,2122.66,2079.2,2304.8,2172.82,2005.69,2020.08,1974.32,1955.2,1983.01,1946.34,1914.67,1888.38,1866.24,1846.46,1828.13,1811.41,1796.77,1783.76,1770.85,1756.47,1740.19,1722.81,1705.33,1688.02,1670.37,1651.95,1632.89,1613.79,1595.14,1577.11,1559.66,1542.63,1525.86,1509.29,1492.89,1476.67,1460.63,1444.75,1429.05,1413.52,1398.16,1382.96,1367.93,1353.06,1338.35,1323.8,1309.4,1295.16,1281.08,1267.15,1253.36,1239.73,1226.25,1212.91,1199.71,1186.66,1173.75,1160.9505818334374,1148.290737771584,1135.768945797544,1123.383700491594,1111.1335128501946,1099.016910106977,1087.0324355556818,1075.1786483750263,1063.4541234554852,1051.857451227956,1040.3872374942978,1029.0421032597123,1017.8206845669582,1006.7216323323686,995.74361218366,984.885304299509,974.145403250877,963.5226178440673,953.0156709654924,942.6232994281337,932.3442538196773,922.1772983523036,912.1212107141164,902.1747819221919,892.3368161772294,882.6061307197883,872.9815556880912,863.461933977379,854.0461211007994,844.7329850518112,835.5214061680906,826.4102769969213,817.3985021620515,808.4849982320032,799.6686935898186,790.9485283042255,782.3234540022079,773.7924337429672,765.354441893256,757.0084640040733,748.7534966887034,740.5885475020839,732.5126348214905,724.5247877285227,716.6240458923759,708.8094594543859,701.0800889138347,693.4350050149984,685.8732886354292,678.3940306754544,670.9963319488812,663.6793030748933,656.4420643711246,649.2837457479018,642.2034866036381,635.200435721368,628.2737511664112,621.4226001851512,614.6461591049191,607.9436132349675,601.3141567685263,594.7569926859242,588.2713326587681,581.856396955168,575.5114143459933,569.2356220121536,563.0282654528888,556.8885983950606,550.8158827034317,544.8093882919253,538.8683930358508,532.9921826850865,527.1800507782108,521.4312985575674,515.7452348852589,510.12117616005463,504.5584462352058,499.05637633715634,493.61430498514034,488.2315779116562,482.9075479838078,477.64157512550395,472.4330262405054,467.28127513631205,462.1857024488792,457.14569556815525
71,5259.99,5504.14,5462.69,5148.21,5256.52,5056.41,5069.51,4552.3,4851.87,4333.54,4590.9,4361.84,4695.13,4283.41,4422.38,4103.6,4414.41,3980.1,3882.84,3518.46,3340.94,3461.44,2943.49,3208.3,3042.23,2583.89,2751.63,2880.38,2584.11,2471.5,2591.31,2301.79,2467.47,2264.24,2324.6,2208.86,2262.56,2113.76,2251.13,2400.17,2235.71,2366.01,2257.66,2099.22,2141.38,2193.95,2152.08,2113.46,2080.0,2052.03,2028.23,2006.81,1986.81,1968.38,1951.94,1937.04,1922.2,1905.93,1887.87,1868.79,1849.63,1830.63,1811.36,1791.51,1771.25,1751.08,1731.38,1712.22,1693.52,1675.12,1656.93,1638.94,1621.15,1603.54,1586.13,1568.9,1551.86,1535.01,1518.33,1501.84,1485.52,1469.38,1453.41,1437.62,1422.0,1406.54,1391.25,1376.13,1361.17,1346.37,1331.73,1317.25,1302.93,1288.76,1274.7379421917738,1260.868448169805,1247.1498579987838,1233.5805298039452,1220.1588395745673,1206.8831809696037,1193.7519651254343,1180.7636204657051,1167.9165925132388,1155.2093437039903,1142.6403532030276,1130.2081167225156,1117.9111463416768,1105.747970328716,1093.7171329646776,1081.817194369223,1070.0467303283012,1058.4043321236961,1046.8886063644272,1035.498174819985,1024.2316742553812,1013.0877562679939,1002.0650871261864,991.1623476096831,980.3782328516832,969.7114521826888,959.160728976037,948.7248004951077,938.4024177421978,928.1923453090369,918.0933612289317,908.1042568305171,898.2238365931,888.4509180035758,878.784331414903,869.2229199061169,859.7655391438658,850.4110572454549,841.1583546433795,832.006323951333,822.9538698316712,813.9999088643203,805.1433694171103,796.3831915175194,787.7183267258139,779.1477380095685,770.670399619551,762.2852969669592,753.9914265019917,745.7877955937404,737.6734224113908,729.6473358067128,721.7085751978332,713.8561904542682,706.0892417832124,698.4067996170598,690.8079445021519,683.291766988735,675.8573675221152,668.5038563349968,661.2303533409937,654.0359880292978,646.9198993604942,639.8812356635106,632.9191545336857,626.03282273195,619.2214160850999,612.4841193871601,605.8201263018166,599.2286392659131,592.7088693939965,586.2600363839007,579.8813684233588,573.5721020976306,567.3314822981342,561.1587621320746,555.0532028330517,549.0140736726447,543.0406518729554,537.1322225201051,531.2880784786715,525.5075203070573,519.7898561737795,514.1344017746685,508.5404802509696,503.00742210833465
72,6325.23,5876.18,5760.41,5465.41,5755.72,5661.41,5219.66,5346.78,5202.54,4939.7,4589.3,4867.67,4771.37,4715.07,4428.65,4594.76,4443.41,4346.42,4369.54,3869.01,3742.54,3656.99,3546.84,3581.42,3289.72,2952.8,3028.44,3007.1,2867.66,2707.02,2730.35,2733.25,2813.2,2613.07,2542.44,2702.29,2551.96,2687.14,2448.15,2684.24,2554.26,2457.83,2418.09,2482.8,2408.49,2424.81,2381.11,2337.13,2296.56,2261.26,2231.5,2205.93,2182.72,2160.9,2140.61,2122.19,2105.21,2088.24,2069.9,2049.89,2028.96,2007.95,1987.1,1966.07,1944.63,1923.0,1901.57,1880.59,1860.07,1839.87,1819.91,1800.17,1780.64,1761.31,1742.2,1723.29,1704.59,1686.09,1667.79,1649.68,1631.77,1614.05,1596.52,1579.19,1562.03,1545.07,1528.29,1511.68,1495.26,1479.01,1462.94,1447.05,1431.32,1415.77,1400.3653467372299,1385.1283078059869,1370.0570594349952,1355.1497976969963,1340.4047382928309,1325.8201163378696,1311.3941861507697,1297.125221044527,1283.011513119804,1269.0513730605057,1255.24312993158,1241.5851309790166,1228.075741432026,1214.713344307366,1201.4963402158012,1188.4231471706655,1175.4922003985102,1162.7019521518107,1150.050871523711,1137.537444264785,1125.1601726017914,1112.9175750583986,1100.8081862778638,1088.8305568476392,1076.9832531258855,1065.2648570698777,1053.6739660662713,1042.2091927632214,1030.8691649043255,1019.6525251643731,1008.5579309868829,997.5840544234086,986.729581974592,975.9932144329456,965.3736667273465,954.869667769222,944.4799603004091,934.2033007426684,924.0384590488364,913.9842185555983,904.0393758378596,894.2027405647054,884.4731353569259,874.849395646091,865.3303695351605,855.9149176606089,846.6019130560516,837.3902410173544,828.278798969211,819.2664963331723,810.3522543971113,801.5350061861085,792.8136963347417,784.1872809607672,775.6547275401728,767.2150147835916,758.8671325140618,750.6100815461136,742.4428735661752,734.3645310142765,726.3740869670431,718.470585021961,710.6530791829033,702.9206337468984,695.2723231921348,687.7072320671813,680.2244548814135,672.8230959966336,665.502269519867,658.2610991973287,651.0987183095398,644.0142695675884,637.006905010517,630.0757859038279,623.2200826390914,616.4389746346485,609.7316502373917,603.0973066256159,596.5351497129266,590.044394053192,583.6242627465316,577.2739873463252,570.9928077672361,564.7799721942336,558.6347369926053,552.55636661895
73,6887.98,6392.78,6698.74,6395.36,5990.32,5820.7,5728.8,5370.14,5904.58,6015.75,5483.15,5087.73,5619.54,5383.54,5481.93,4674.13,5265.06,4649.63,4762.96,4390.29,4221.95,3995.05,4171.13,3519.44,3736.72,3251.89,3193.49,3128.39,3056.64,2723.64,2668.89,3130.56,2686.82,2857.88,2905.16,2792.03,2556.29,2624.2,2681.98,2800.28,2723.44,2670.74,2616.82,2770.71,2653.58,2670.41,2631.15,2585.3,2539.26,2496.74,2459.56,2427.95,2400.5,2375.37,2351.59,2329.26,2308.69,2289.42,2270.12,2249.52,2227.39,2204.43,2181.42,2158.55,2135.59,2112.41,2089.21,2066.29,2043.78,2021.61,1999.7,1978.02,1956.58,1935.36,1914.38,1893.62,1873.08,1852.77,1832.67,1812.79,1793.13,1773.67,1754.42,1735.39,1716.55,1697.92,1679.49,1661.26,1643.22,1625.38,1607.73,1590.27,1573.0,1555.92,1539.0128091896058,1522.2893380441678,1505.7475901992007,1489.385590983438,1473.2013871831084,1457.193046808769,1441.3586588646745,1425.696333120652,1410.204199886456,1394.880409788572,1379.7231335494491,1364.7305617691288,1349.9009047092497,1335.2323920793954,1320.7232728257668,1306.371814922151,1292.17630516316,1278.135048959715,1264.2463701367585,1250.5086107331576,1236.9201308037868,1223.4793082237586,1210.1845384947828,1197.034234553629,1184.026826582671,1171.1607618224914,1158.434504386518,1145.84653507768,1133.395351207052,1121.0794664144717,1108.8974104911053,1096.8477292039406,1084.9289841221891,1073.1397524455726,1061.4786268344765,1049.944215241949,1038.535140747524,1027.2500413928542,1016.0875700191239,1005.0463941062343,994.1251956137329,983.3226708234724,972.6375301839801,962.0684981565164,951.6143130628087,941.2737269344377,931.0455053638611,920.9284273570569,910.9212851877666,901.0228842533234,891.2320429320453,881.5475924421811,871.9683767023848,862.4932521937104,853.1210878231021,843.8507647883727,834.6811764446442,825.6112281722433,816.639837246031,807.7659327061524,798.9884552301903,790.306357006709,781.718601610172,773.2241638772178,764.8220297842827,756.5111963265497,748.2906713982162,740.159473674061,732.1166324922982,724.161187738705,716.292189732008,708.5086991105145,700.8097867199766,693.1945335026734,685.6620303876983,678.211378182439,670.8416874652357,663.5520784792071,656.341681027229,649.2096343680549,642.1550871135643,635.177197127129,628.2751314230826,621.4480660672831,614.6951860787555,608.0156853324032
74,7500.31,7832.24,7037.82,6862.92,6856.81,6609.61,6335.71,6299.37,6339.36,6363.37,6435.12,5950.34,5390.6,5533.38,5702.35,5617.21,5150.99,5367.74,5408.43,5026.3,4733.51,4572.45,4480.28,3986.45,4240.09,3906.39,3236.22,3414.48,3500.42,3556.05,3398.29,3236.22,3308.57,2952.98,3199.97,3174.9,3208.61,3144.98,3276.47,3108.93,3145.28,2968.05,3199.76,3124.44,2914.06,2924.99,2898.32,2857.03,2809.1,2761.05,2716.59,2677.5,2643.95,2614.5,2587.31,2561.41,2536.85,2513.93,2492.16,2470.3,2447.22,2422.77,2397.6,2372.39,2347.33,2322.26,2297.13,2272.13,2247.44,2223.09,2199.02,2175.2,2151.64,2128.34,2105.28,2082.47,2059.91,2037.59,2015.51,1993.66,1972.05,1950.67,1929.52,1908.6,1887.9,1867.43,1847.18,1827.14,1807.32,1787.71,1768.31,1749.13,1730.14,1711.37,1692.8215410291562,1674.4741170946827,1656.325549304742,1638.3736823831298,1620.6163844133198,1603.0515465852827,1585.6770829450502,1568.4909301469916,1551.491047208777,1534.675415268996,1518.042037347401,1501.5889381077543,1485.3141636232392,1469.2157811444188,1453.291878869707,1437.540565718328,1421.959971105737,1406.5482447214736,1391.3035563094245,1376.2240954504666,1361.3080713474674,1346.5537126126135,1331.9592670570455,1317.523001482773,1303.2432014768442,1289.1181712077473,1275.1462332240174,1261.3257282550264,1247.6550150139342,1234.1324700027717,1220.756487319639,1207.525478467994,1194.437872168005,1181.4921141699506,1168.686667069641,1156.0200101258397,1143.490639079664,1131.0970659759441,1118.8378189865166,1106.711442235434,1094.7164956260704,1082.8515546700958,1071.1152103183115,1059.5060687933135,1048.0227514239705,1036.663894481697,1025.4281490185017,1014.3141807067875,1003.320669680893,992.4463103803471,981.6898113948237,971.0498953107784,960.5252985597463,950.1147712682822,939.8170771095307,929.6309931564028,919.5553097363439,909.5888302876763,899.7303712174993,889.9787617611282,880.3328438430575,870.791471939431,861.3535129420026,852.0178460235705,842.7833625048721,833.6489657229189,824.61357090076,815.6761050186576,806.8355066866567,798.0907260185385,789.4407245071377,780.8844749010129,772.4209610824522,764.049177946802,755.7681312831038,747.5768376560238,739.4743242890629,731.4596289490323,723.5317998317813,715.6898954491635,707.9329845172282,700.260145845623,692.6704682281968,685.1630503347864,677.7370006041771,670.3914371382233
75,7240.3,7856.05,7636.59,7627.47,8073.38,7504.5,7057.12,7521.35,6623.65,6024.86,6731.52,6038.23,6208.63,6003.35,6233.44,6232.4,6025.1,5123.33,5554.96,5461.65,5195.47,4938.09,5120.47,4511.37,4485.84,4115.35,3966.75,4006.8,4078.97,3585.38,3392.62,3605.89,3733.9,3433.01,3437.29,3582.95,3598.84,3656.01,3127.0,3717.99,3136.72,3234.85,3212.83,3138.08,3106.67,3185.77,3175.65,3147.29,3104.05,3054.13,3004.12,2957.75,2916.72,2881.15,2849.58,2820.17,2791.97,2765.01,2739.5,2715.0,2690.35,2664.57,2637.58,2609.98,2582.37,2554.92,2527.53,2500.24,2473.17,2446.41,2419.94,2393.77,2367.87,2342.25,2316.9,2291.82,2267.02,2242.47,2218.19,2194.18,2170.41,2146.91,2123.65,2100.65,2077.89,2055.38,2033.1,2011.07,1989.27,1967.71,1946.38,1925.28,1904.4,1883.75,1863.2822058872937,1843.0368035971965,1823.0113767421637,1803.203535189792,1783.6109147775455,1764.231177030582,1745.0620088826433,1726.1011223999808,1707.3462545082782,1688.7951667225448,1670.4456448799376,1652.2954988754946,1634.3425624007316,1616.584692685084,1599.0197702401572,1581.6456986067542,1564.4604041046543,1547.4618355851078,1530.6479641860226,1514.0167830898088,1497.5663072838556,1481.2945733236104,1465.199639098232,1449.2795835987895,1433.5325066889827,1417.9565288783485,1402.549791097937,1387.310454478422,1372.236700130621,1357.3267289284058,1342.578761293964,1327.9910369854001,1313.5618148866415,1299.2893727996272,1285.1720072387566,1271.208033227568,1257.3957840976302,1243.7336112896169,1230.2198841565425,1216.8529897691378,1203.6313327233377,1190.5533349498626,1177.617435525868,1164.822090488641,1152.1657726513197,1139.6469714206178,1127.2641926165265,1115.015958293978,1102.9008065664434,1090.917291431452,1079.0639825980027,1067.3394653158512,1055.7423402066536,1044.2712230969435,1032.9247448529236,1021.701551217054,1010.6003026464138,999.6196741528208,988.7583551446879,978.0150492705965,967.3884742645716,956.8773617930377,946.4804573034346,936.1965198744833,926.0243220680743,915.9626497827669,906.010302108881,896.1660911851619,886.4288420570044,876.7973925362148,867.270593062299,857.8473065652564,848.5264083298656,839.3067858614436,830.1873387530643,821.1669785542198,812.2446286409081,803.419224087133,794.6897115378002,786.0550490829937,777.5142061336193,769.0661632983984,760.7099122621989,752.444455665688,744.2688069862917,736.1819904204496
76,8465.4,8653.27,8307.14,7653.73,7929.72,8056.98,7759.39,7940.27,7368.58,7557.34,6962.93,6941.66,7019.96,6542.81,6425.85,6230.32,6329.76,6040.37,5798.99,5701.93,5878.62,5852.46,5508.38,5104.88,4876.06,4699.75,5039.37,4161.45,3958.56,4122.58,3958.21,3899.37,4046.95,3834.57,3952.9,3796.2,3808.65,3838.97,3377.04,3923.05,3852.55,3548.44,3506.03,3526.58,3401.55,3465.11,3464.91,3453.54,3423.46,3378.29,3326.4,3274.45,3226.11,3183.06,3145.32,3111.44,3079.6,3048.86,3019.22,2990.86,2963.33,2935.59,2906.83,2877.02,2846.73,2816.46,2786.36,2756.42,2726.67,2697.22,2668.08,2639.25,2610.73,2582.51,2554.6,2526.98,2499.66,2472.63,2445.89,2419.43,2393.26,2367.37,2341.75,2316.41,2291.34,2266.54,2242.0,2217.73,2193.72,2169.96,2146.46,2123.21,2100.21,2077.46,2054.843505990284,2032.4732288999267,2010.3464882616843,1988.4606327895094,1966.8130400608695,1945.4011162025192,1924.2222955796965,1903.2740404887006,1882.553840852818,1862.0592139215578,1841.7877039731623,1821.7368820203556,1801.9043455192955,1782.2877180816943,1762.8846491900742,1743.6928139161205,1724.7099126421037,1705.9336707853324,1687.3618385256068,1668.9921905356393,1650.8225257144095,1632.8506669234223,1615.0744607258373,1597.4917771284388,1580.1005093264132,1562.8985734509065,1545.8839083193293,1529.0544751883806,1512.40825750976,1495.9432606885384,1479.6575118441624,1463.5490595740562,1447.6159737198002,1431.8563451358548,1416.2682854608001,1400.8499268910684,1385.5994219571378,1370.5149433021652,1355.5946834630251,1340.8368546537365,1326.2396885512449,1311.8014360835355,1297.520367220058,1283.3947707644259,1269.4229541493796,1255.6032432339753,1241.9339821029878,1228.4135328684922,1215.0402754736087,1201.812607498383,1188.728943967779,1175.7877171617642,1162.9873764274603,1150.3263879933402,1137.803234785447,1125.4164162456145,1113.1644481516655,1101.0458624395694,1089.059207027534,1077.2030456420132,1065.4759576456086,1053.8765378668459,1042.403396431802,1031.0551585975682,1019.8304645875228,1008.7279694284008,997.7463427891342,986.8842688214495,976.1404460021973,965.5135869774025,955.0024184080082,944.6056808173017,934.3221284400004,924.1505290729807,914.0896639276326,904.1383274838201,894.2953273454336,884.559484097513,874.9296311649275,865.4046146725932,855.9832933072128,846.6645381805197,837.4472326940127,828.3302724051612,819.3125648950682,810.3930296375737
77,8551.66,8944.26,9508.55,8949.08,9217.95,8855.15,8026.71,7648.61,8682.45,7497.52,7279.48,7598.95,8118.77,7166.81,7346.68,6865.8,7183.46,6678.35,6875.93,6465.03,6414.32,6519.27,6161.89,6100.22,5473.83,5453.74,5382.95,5007.57,4713.3,4842.32,4616.86,4324.58,4051.5,4494.54,4766.24,4233.47,4018.87,4202.11,3778.72,4607.43,4118.79,4045.99,4059.02,4163.64,3764.79,3785.59,3780.33,3779.2,3766.4,3734.47,3687.26,3633.3,3579.28,3528.82,3483.53,3443.38,3406.9,3372.31,3338.7,3306.03,3274.44,3243.5,3212.31,3180.2,3147.22,3113.9,3080.65,3047.6,3014.8,2982.28,2950.11,2918.28,2886.78,2855.62,2824.8,2794.3,2764.12,2734.27,2704.74,2675.52,2646.61,2618.01,2589.72,2561.73,2534.03,2506.64,2479.53,2452.72,2426.19,2399.94,2373.98,2348.29,2322.88,2297.74,2272.769559120785,2248.070481806509,2223.639819042986,2199.474653864123,2175.5721010036405,2151.9293065505776,2128.543447608543,2105.4117319586653,2082.5313977262113,2059.8997130508214,2037.5139757603329,2015.371513048147,1993.4696811541025,1971.805865048814,1950.377478121446,1929.1819618708766,1908.2167856002175,1887.4794461146553,1866.9674674225757,1846.6784004399349,1826.6098226978456,1806.7593380533388,1787.1245764032692,1767.7031934013328,1748.492870178154,1729.4913130644195,1710.6962533170195,1692.1054468481648,1673.7166739574461,1655.52773906681,1637.5364704584088,1619.7407200153039,1602.1383629649854,1584.7272976256784,1567.5054451554079,1550.4707493037881,1533.6211761665134,1516.9547139425115,1500.469372693742,1484.1631841076003,1468.0342012619058,1452.0804983924443,1436.3001706630366,1420.691333938104,1405.2521245577066,1389.9806991150285,1374.8752342362775,1359.9339263629784,1345.1549915366338,1330.5366651857212,1316.0772019150086,1301.7748752971572,1287.627977666592,1273.6348199156077,1259.793731292695,1246.1030592030547,1232.5611690112844,1219.166443846204,1205.9172844078062,1192.8121087763038,1179.8493522232513,1167.0274670247213,1154.3449222765078,1141.8002037113404,1129.3918135180854,1117.1182701629093,1104.9781082123868,1092.969878158532,1081.0921462457309,1069.3434942995523,1057.722519557423,1046.2278345011405,1034.8580666912055,1023.6118586029575,1012.4878674644874,1001.4847650963151,990.6012377528072,979.8359859653189,969.1877243870401,958.6551816395286,948.2371001609093,937.932236055725,927.739358946418,917.6572518264252,907.684710914871,897.8205455128382
78,9853.54,10321.2,10303.05,9235.28,9137.92,9492.5,8349.82,8215.28,8839.46,8756.54,8426.29,7802.25,8508.26,7902.93,8399.45,8151.01,7067.38,7348.22,7304.25,6955.55,6641.08,6617.41,6612.13,6692.52,5616.65,5686.41,5821.22,5891.83,5261.16,4772.78,4356.07,4874.75,4590.82,4774.91,4660.1,4753.99,4576.08,4850.67,4523.33,5292.53,5354.94,4475.81,4571.11,3953.24,4079.34,4166.25,4141.21,4134.99,4132.63,4118.13,4084.14,4034.71,3978.51,3922.21,3869.41,3821.6,3778.7,3739.25,3701.53,3664.63,3628.51,3593.27,3558.49,3523.42,3487.57,3451.05,3414.33,3377.75,3341.45,3305.48,3269.87,3234.64,3199.78,3165.3,3131.18,3097.42,3064.02,3030.98,2998.29,2965.94,2933.94,2902.28,2870.96,2839.97,2809.31,2778.97,2748.96,2719.27,2689.9,2660.84,2632.09,2603.65,2575.51,2547.67,2520.02128683564,2492.672632681922,2465.6207811337727,2438.862511126412,2412.394636551822,2386.2140058793784,2360.3175017805984,2334.702040757958,2309.364572777739,2284.3020809068657,2259.511580953675,2234.9901211125893,2210.7347816126457,2186.7426743698384,2163.010942643234,2139.53676069482,2116.317333453044,2093.3498961800033,2070.631714142249,2048.1600822851615,2025.9323249108566,2003.9457953595934,1982.1978756946353,1960.685976390532,1939.4075360247837,1918.3600209728545,1897.5409251064923,1876.947769495324,1856.5781021116904,1836.429497538681,1816.4995566813418,1796.7859064810136,1777.2861996327722,1757.9981143059351,1738.9193538676006,1720.047646609188,1701.3807454759447,1682.916427799389,1664.6524950326589,1646.5867724887285,1628.71710908147,1611.0413770695216,1593.5574718029402,1576.263311472598,1559.1568368623025,1542.2360111036066,1525.4988194332761,1508.943268953394,1492.5673883940653,1476.369227878698,1460.3468586918304,1444.4983730494807,1428.821883871985,1413.3155245593043,1397.977448768767,1382.8058301952265,1367.7988623536014,1352.954758363778,1338.2717507378466,1323.7480911696462,1309.3820503265936,1295.171917643773,1281.1160011202564,1267.2126271176398,1253.4601401607608,1239.8569027405833,1226.401295119217,1213.091715137056,1199.9265780220112,1186.9043162008086,1174.0233791123405,1161.2822330230392,1148.6793608442554,1136.2132619516187,1123.8824520063579,1111.6854627785608,1099.620841972352,1087.6871530529684,1075.8829750757102,1064.2069025167498,1052.657545105775,1041.2335276604506,1029.9334899226749,1018.7560863966135,1007.6999861884914,996.7638728481232
79,11369.98,10721.82,10395.1,9959.95,10091.29,10077.34,10622.61,9333.73,9595.25,9149.64,9178.11,8260.45,9343.21,8843.73,8886.7,8469.64,8255.42,7760.58,8014.51,7928.31,6853.02,7594.32,7660.76,6653.26,7069.29,6648.74,6978.41,6541.11,5552.95,5741.71,5385.01,4923.04,5292.77,5225.88,5636.38,5762.8,5051.74,5285.42,5244.43,5939.8,4875.15,5213.22,5267.38,4988.88,4642.19,4619.33,4565.99,4539.57,4532.06,4528.09,4511.51,4475.15,4423.24,4364.55,4305.73,4250.27,4199.6,4153.57,4110.73,4069.4,4028.76,3988.72,3949.35,3910.28,3870.9,3830.9,3790.45,3749.97,3709.74,3669.87,3630.4,3591.36,3552.73,3514.5,3476.69,3439.27,3402.24,3365.61,3329.37,3293.51,3258.03,3222.93,3188.2,3153.84,3119.84,3086.21,3052.93,3020.01,2987.43,2955.2,2923.32,2891.77,2860.56,2829.68,2799.0236275538955,2768.699382122703,2738.703665487022,2709.0329184100806,2679.6836202153954,2650.6522883690213,2621.935478066316,2593.529781823188,2565.431829071769,2537.638285760471,2510.1458539583705,2482.9512714638868,2456.051311417689,2429.4427819198077,2403.1225256508897,2377.0874194975518,2351.334374181804,2325.8603338944763,2300.6622759326256,2275.7372103408657,2251.082179556583,2226.6942580590025,2202.570552022045,2178.7081989709545,2155.1043674426423,2131.756256649709,2108.661096148109,2085.8161455084164,2063.2186939906464,2040.8660602226084,2018.7555918817366,1996.8846653803716,1975.2506855544498,1953.8510853555654,1932.6833255463696,1911.74489439927,1891.0333073983925,1870.5461069447747,1850.2808620647495,1830.2351681214927,1810.4066465296903,1790.7929444733036,1771.3917346263847,1752.2007148769233,1733.217608053679,1714.4401616559805,1695.8661475864446,1677.4933618865953,1659.319624475346,1641.3427788903168,1623.5606920319494,1605.9712539103998,1588.5723773951706,1571.3619979674545,1554.3380734751638,1537.498583890612,1520.84153107082,1504.3649385204224,1488.0668511571364,1471.9453350797796,1455.9984773387944,1440.2243857092606,1424.6211884663694,1409.1870341633257,1393.9200914116605,1378.818548663921,1363.880613998716,1349.1045149080887,1334.4884980871961,1320.0308292262637,1305.7297928047956,1291.5836918880138,1277.5908479255047,1263.7496005520425,1250.058307390576,1236.5153438573452,1223.1191029691129,1209.8679951524814,1196.7604480552775,1183.7949063599801,1170.9698315991689,1158.283701972972,1145.735012168494,1133.3222731811954,1121.0440121382123,1108.8987721235874
80,12144.88,11688.17,12022.14,11269.34,11415.83,11365.58,10118.3,10647.84,10701.46,10450.03,10210.7,9532.36,9947.11,9354.7,10208.56,9913.98,9202.19,8313.09,8285.79,8842.33,8304.1,7737.29,8126.98,7006.02,7203.45,7191.87,6441.67,7035.01,6383.32,6313.15,6146.42,5771.76,6005.79,5673.26,6005.76,5510.13,5806.12,5856.47,5599.64,6334.27,6033.63,5701.06,5601.42,5414.96,5143.64,5158.11,5072.63,5017.19,4989.07,4979.8,4973.69,4954.53,4915.33,4860.55,4799.0,4737.26,4678.74,4624.74,4575.06,4528.27,4482.8,4437.84,4393.33,4349.28,4305.4,4261.23,4216.63,4171.83,4127.19,4082.93,4039.11,3995.76,3952.87,3910.42,3868.43,3826.87,3785.76,3745.07,3704.82,3664.99,3625.59,3586.6,3548.02,3509.85,3472.08,3434.71,3397.74,3361.16,3324.97,3289.16,3253.73,3218.67,3183.99,3149.67,3115.635473765006,3081.9687158917895,3048.665752369754,3015.722652130441,2983.135526583511,2950.900529157733,2919.01385484694,2887.4717397608833,2856.2704606809493,2825.406334620669,2794.8757183909797,2764.675008170186,2734.800639078567,2705.2490847575755,2676.016856953591,2647.1005051061675,2618.496615940731,2590.2018130656743,2562.2127565738156,2534.526142648151,2507.138703171877,2480.047205342621,2453.248451290845,2426.7392777023683,2400.5165554449727,2374.5771891990394,2348.9181170921793,2323.5363103378127,2298.428772877649,2273.592541028036,2249.024683130128,2224.72229920383,2200.6825206054914,2176.9025096892874,2153.3794594722667,2130.110593303015,2107.093164533903,2084.3244561968686,2061.8017806827124,2039.5224794238493,2017.4839225804942,1995.6835087302352,1974.1186645609655,1952.7868445671277,1931.6855307492444,1910.8122323166965,1890.1644853937075,1869.7398527285125,1849.5359234056616,1829.5503125614418,1809.7806611023639,1790.2246354266983,1770.879927149018,1751.744252827715,1732.815353695468,1714.0909953926143,1695.5689677034095,1677.247084295134,1659.1231824600177,1641.1951228599573,1623.4607892739875,1605.9180883484844,1588.5649493500662,1571.3993239211652,1554.4191858382399,1537.6225307726013,1521.007376053822,1504.5717604357021,1488.3137438647664,1472.2314072512581,1456.3228522426143,1440.5862009993818,1425.0195959735588,1409.6211996893312,1394.3891945261776,1379.3217825043168,1364.4171850724777,1349.6736428979557,1335.0894156589463,1320.6627818391153,1306.3920385243923,1292.2755012019597,1278.311503561414,1264.4983972980735,1250.834551918415,1237.3183545476095
81,13138.69,12687.29,12077.13,11244.52,11966.6,11811.99,11352.38,10879.97,11402.26,10346.61,11418.99,9867.06,10503.92,10154.82,11003.91,10187.63,9757.68,9428.8,9710.27,8499.96,8735.45,8933.0,8847.95,8720.01,8193.23,7841.48,7302.62,7786.09,6916.91,6888.42,6711.01,7072.56,6865.58,6252.26,6283.67,6568.82,6460.65,6903.65,6031.38,7081.81,6412.71,6002.48,6426.92,5683.11,5713.67,5803.24,5684.57,5595.88,5537.95,5507.61,5495.97,5487.03,5464.59,5421.9,5363.62,5298.59,5233.31,5171.06,5113.06,5059.02,5007.55,4957.18,4907.18,4857.47,4808.06,4758.72,4709.17,4659.41,4609.73,4560.42,4511.6,4463.29,4415.49,4368.19,4321.38,4275.07,4229.24,4183.9,4139.02,4094.63,4050.69,4007.22,3964.21,3921.65,3879.54,3837.87,3796.64,3755.85,3715.48,3675.55,3636.03,3596.93,3558.25,3519.97,3482.054011286632,3444.5464414518656,3407.4428911384366,3370.7390083775463,3334.43048807841,3298.5130715232995,3262.9825458680316,3227.834743647828,3193.0655422885075,3158.670863622935,3124.6466734126857,3090.9889808748576,3057.693838213984,3024.7573401589843,2992.175623505108,2959.944866660807,2928.0612891994924,2896.52115141612,2865.3207538885486,2834.4564370436274,2803.9245807279544,2773.7216037832604,2743.8439636263633,2714.2881558336553,2685.050713730053,2656.1282079823873,2627.517246197168,2599.214472522679,2571.2165672553633,2543.5202464504478,2516.1222615367587,2489.0193989356903,2462.2084796842764,2435.68635906232,2409.4499262235427,2383.496103830705,2357.8218476946577,2332.4241464172824,2307.300021038275,2282.446524685738,2257.860742230532,2233.5397899443565,2209.480815161506,2185.680995944278,2162.1375407519768,2138.8476881134875,2115.80870630338,2093.017893021493,2070.4725750759762,2048.1701080697467,2026.1078760903179,2004.2832914029748,1982.6937941472518,1961.3368520366791,1940.2099600617657,1919.3106401961802,1898.6364411060954,1878.184937862668,1857.9537316576098,1837.940449521827,1818.1427440470898,1798.558293110695,1779.1847996031026,1760.0199911585005,1741.0616198882713,1722.3074621173353,1703.7553181233268,1685.4030118785845,1667.2483907949206,1649.2893254711362,1631.5237094432605,1613.949458937477,1596.564512625713,1579.3668313838614,1562.3543980526063,1545.5252172008252,1528.877314891541,1512.4087384503914,1496.1175562365988,1480.001857416399,1464.0597517389176,1448.289369314457,1432.6888603951713,1417.2563951581064,1401.990163490574,1386.8883747778405
82,13018.32,14604.03,13605.25,12601.27,14176.62,13427.98,11805.1,10978.74,11846.03,11417.85,11489.97,12043.66,12491.37,10771.83,12548.63,11591.92,11316.99,10264.55,10945.56,9527.47,8773.58,9707.74,10045.96,9154.2,8938.72,7923.74,8665.64,9131.27,7963.08,7611.3,7647.43,7444.12,7629.81,7387.99,7260.09,7345.03,7252.98,7587.13,6816.59,7922.71,7798.74,7541.97,6929.86,6682.86,6530.53,6570.69,6422.9,6299.68,6207.36,6146.39,6113.16,6098.4,6085.8,6059.23,6012.21,5949.61,5880.31,5810.67,5743.88,5680.99,5621.7,5564.64,5508.46,5452.52,5396.74,5341.15,5285.58,5229.95,5174.4,5119.22,5064.57,5010.49,4956.97,4904.02,4851.61,4799.75,4748.43,4697.65,4647.4,4597.67,4548.46,4499.77,4451.59,4403.91,4356.74,4310.05,4263.86,4218.15,4172.92,4128.17,4083.89,4040.07,3996.71,3953.81,3911.358150970756,3869.3621052011526,3827.8169687556797,3786.717900244751,3746.0601102605265,3705.8388608187847,3666.04946480679,3626.6872854370886,3587.747735707169,3549.226277864922,3511.1184228798447,3473.4197299199172,3436.1258058340964,3399.2323046403726,3362.7349270193126,3326.629419813051,3290.911575529652,3255.5772318527993,3220.622271156747,3186.0426200264783,3151.8342487830187,3117.993171013845,3084.515443108333,3051.397163798197,3018.6344737028653,2986.2235548797285,2954.1606303792273,2922.4419638047093,2891.0638588770157,2860.022659003741,2829.3147468531206,2798.9365439324893,2768.8845101712677,2739.1551435084275,2709.7449794843856,2680.6505908372774,2651.868587103568,2623.39561422295,2595.2283541474853,2567.36352445494,2539.7978779662744,2512.5282023672403,2485.551319834035,2458.864086662984,2432.4633929041925,2406.3461619991335,2380.5093504221263,2354.9499473256637,2329.6649741895503,2304.651484473805,2279.9065632752886,2255.427326988025,2231.2109229671623,2207.2545291965457,2183.5553539598586,2160.1106355152942,2136.9176417737235,2113.973669980313,2091.2760463995633,2068.822126003736,2046.6092921646107,2024.6349563485699,2002.8965578149428,1981.3915633175968,1960.117466809728,1939.0717891518257,1918.2520778227686,1897.655906634025,1877.2808754469218,1857.1246098929473,1837.1847610970594,1817.4590054039634,1797.9450441073282,1778.6406031819113,1759.5434330185597,1740.6513081620537,1721.9620270517698,1703.473411765124,1685.1833077637723,1667.0895836425348,1649.1901308810168,1631.4828635978947,1613.9657183078436,1596.636653681071,1579.4936503054344,1562.5347104511127
83,15115.22,13575.12,14288.88,13771.88,14183.39,12694.58,12680.07,13121.13,12881.26,13242.43,12512.81,12197.26,12510.25,11416.05,12274.97,12006.44,11978.51,11996.17,12087.5,11467.06,11282.33,9161.57,10535.31,10413.02,9888.69,8554.11,10172.94,9128.86,8950.77,8066.48,8485.64,8802.01,8489.87,8053.84,8133.58,7380.85,8435.1,8731.64,7883.32,8710.68,8324.98,8064.75,7604.0,7796.43,7485.99,7460.0,7293.12,7139.68,7011.66,6915.29,6850.68,6813.83,6795.05,6777.82,6746.13,6693.85,6626.05,6551.6,6476.74,6404.49,6335.78,6270.25,6206.6,6143.63,6080.79,6018.03,5955.4,5892.85,5830.48,5768.51,5707.13,5646.38,5586.27,5526.77,5467.89,5409.62,5351.96,5294.89,5238.42,5182.53,5127.22,5072.49,5018.33,4964.74,4911.7,4859.21,4807.27,4755.88,4705.02,4654.69,4604.89,4555.61,4506.84,4458.59,4410.908608423438,4363.737134803601,4317.070125937176,4270.902186938908,4225.227980617934,4180.0422268607845,4135.339702020977,4091.1152383151493,4047.363723225638,4004.0800989094537,3961.2593616135778,3918.896561096504,3876.9868000559763,3835.52523356284,3794.5070685009496,3753.927563013065,3713.782025952677,3674.06581634169,3634.774342833911,3595.9030631842675,3557.4474837237094,3519.4031588397247,3481.7656904624064,3444.530727556022,3407.693965616014,3371.2511461713857,3335.198056292403,3299.5305281035667,3264.244438301784,3229.335707679708,3194.800300654157,3160.6342247995913,3126.8335303865697,3093.3943099251487,3060.31269771316,3027.584869389321,2995.2070414911227,2963.1754710174496,2931.4864549958716,2900.136330054568,2869.1214719988275,2838.4382953920754,2808.083253141386,2778.052836087425,2748.3435725987742,2718.9520281706004,2689.8748050276135,2661.1085417312684,2632.6499127911725,2604.495628280644,2576.642433456385,2549.08710838222,2521.8264675568607,2494.857359545647,2468.1766666162307,2441.781304378155,2415.668221426284,2389.83439898805,2364.276850574474,2338.9926216349113,2313.9787892155,2289.232461621251,2264.7507780817596,2240.53090842049,2216.5700527275944,2192.8654410362333,2169.414333002357,2146.2140175879117,2123.2618127474316,2100.5550651179856,2078.0911497124375,2055.8674696159887,2033.8814556859622,2012.1305662548036,1990.6122868362506,1969.3241298346527,1948.263634257392,1927.4283654303854,1906.8159147166261,1886.4238992377364,1866.2499615984962,1846.2917696143213,1826.5470160416526,1807.0134183112305,1787.68871826422,1768.5706818911606
84,15170.56,15003.59,17445.08,15320.74,15294.01,14581.7,14672.88,14132.18,15687.52,13773.04,14047.74,12875.08,14982.11,13089.48,12733.7,12660.16,13529.52,12173.36,13893.13,12525.55,13464.24,11156.26,9883.32,11033.4,10737.11,9986.08,10514.01,10150.76,10344.83,9278.58,9777.18,9760.02,9636.66,8151.85,9094.65,9356.82,9126.74,9614.74,8906.84,10145.46,9862.57,8995.72,9036.99,8558.49,8358.21,8448.4,8277.24,8104.62,7945.87,7813.1,7712.45,7643.72,7602.48,7578.69,7555.72,7517.86,7459.37,7385.55,7305.18,7224.3,7145.75,7070.34,6997.64,6926.49,6855.82,6785.21,6714.67,6644.29,6574.2,6504.59,6435.63,6367.38,6299.83,6232.98,6166.81,6101.32,6036.51,5972.37,5908.89,5846.06,5783.88,5722.34,5661.44,5601.17,5541.52,5482.49,5424.07,5366.26,5309.05,5252.43,5196.4,5140.95,5086.08,5031.78,4978.153941882397,4925.099402016631,4872.610289462522,4820.680578193916,4769.304306406868,4718.475575835199,4668.188551073339,4618.437458906395,4569.216587647352,4520.520286481344,4472.342964816912,4424.679091644173,4377.523194899829,4330.8698608389495,4284.71373341344,4239.049513657147,4193.8719590775,4149.175883053653,4104.9561542410265,4061.207695982211,4017.925485724132,3975.1045544414364,3932.739986066025,3890.826916922661,3849.360535170591,3808.3360802511256,3767.748842341099,3727.594161812158,3687.86742869581,3648.564082154177,3609.6796099563867,3571.2095479605423,3533.1494796012194,3495.4950353824192,3458.2418923759265,3421.3857737250155,3384.9224481534443,3348.8477294796835,3313.157476136318,3277.8475906945737,3242.9140193939143,3208.3527516766435,3174.1598197274757,3140.3312980180076,3106.863302856049,3073.7519919397514,3040.9935639164946,3008.584257946472,2976.520353270921,2944.7981687849665,2913.414062615008,2882.3644317006124,2851.6457113808674,2821.2543749851334,2791.1869334281705,2761.439934809567,2732.0099640174485,2702.8936423363994,2674.087627059572,2645.5886111049276,2617.3933226355625,2589.498524684086,2561.9010147809986,2534.597624587033,2507.5852195294106,2480.8606984419766,2454.4209932091712,2428.2630684137903,2402.383920988508,2376.780579871105,2351.4501056633776,2326.389590293678,2301.596156683052,2277.0669584149364,2252.7991794083755,2228.7900335947184,2205.0367645977663,2181.5366454173227,2158.286978116123,2135.285093510094,2112.5283508619214,2090.0141375778735,2067.7398689078673,2045.702987648723,2023.9009638505827,2002.3312945264618
85,18836.65,17721.18,16540.43,17141.73,15525.17,15567.52,14720.42,16331.62,15918.52,15770.04,14985.48,13408.43,15308.27,13806.77,15106.99,13925.7,13801.53,12482.56,14365.2,13505.06,13409.33,12484.07,13784.54,10332.01,12080.35,11857.88,10778.47,11436.51,11431.56,11280.21,10464.8,10828.66,10092.31,10702.21,10693.49,10498.16,10473.08,10239.94,9888.66,10997.3,10411.97,9722.0,9963.06,9972.88,9479.08,9510.7,9353.58,9177.7,9000.17,8836.65,8699.37,8594.33,8520.99,8474.53,8444.62,8414.7,8369.51,8303.85,8223.19,8136.13,8048.45,7962.8,7879.83,7799.09,7719.55,7640.35,7561.21,7482.23,7403.59,7325.52,7248.19,7171.65,7095.88,7020.89,6946.66,6873.19,6800.47,6728.49,6657.25,6586.74,6516.94,6447.87,6379.5,6311.84,6244.86,6178.58,6112.98,6048.06,5983.8,5920.2,5857.27,5794.98,5733.33,5672.32,5612.105304673487,5552.52982038113,5493.586761557645,5435.269414670135,5377.571137453428,5320.485358153527,5264.0055747791075,5208.125354360938,5152.838332219181,5098.138211238461,5044.018761150635,4990.47381782517,4937.49728256706,4885.083121422192,4833.225364490085,4781.91810524393,4731.155499857845,4680.9317665412655,4631.241184880414,4582.078095186748,4533.436897852332,4485.312052712045,4437.698078412571,4390.5895517880745,4343.981107242511,4297.867436138494,4252.243286192648,4207.10346087738,4162.442818829003,4118.256273262141,4074.538791390353,4031.2853938529033,3988.4911541476195,3946.1511980697724,3904.2607031569105,3862.8148981395857,3821.8090623979156,3781.238525423909,3741.0986662895025,3701.3849131202446,3662.0927425745613,3623.21767932856,3584.7552955662886,3546.7012104754212,3509.0510897482845,3471.8006450881876,3434.945633720991,3398.4818579118605,3362.4051644871515,3326.7114443613677,3291.3966320691407,3256.456705302182,3221.8876844511456,3187.6856321523555,3153.8466528393487,3120.36689229917,3087.2425372333887,3054.469814823765,3022.0449923025308,2989.9643765272376,2958.224313560107,2926.821188251855,2895.751423829931,2865.011481491128,2834.59785999852,2804.5070952826723,2774.735760047092,2745.28046337786,2716.1378503574156,2687.3046016824323,2658.7774332857543,2630.553095962347,2602.6283749992153,2575.0000898092553,2547.6650935689854,2520.6202728601306,2493.862547315009,2467.388869265679,2441.196223396817,2415.2816264022763,2389.642126645292,2364.2748038222944,2339.1767686302896,2314.345162437774,2289.7771569591373,2265.469953932527
86,17736.29,21156.3,19958.56,16217.12,17861.69,16315.83,14827.8,15247.45,17177.0,17214.68,15754.23,16413.61,15536.8,15666.93,16037.42,15459.84,15963.47,14368.73,14900.69,14835.37,14439.22,13014.32,14820.04,13035.21,11691.69,11883.72,13772.02,13131.25,11839.07,11991.84,11832.59,11919.68,11984.85,11381.03,11963.76,10716.89,12244.79,11978.93,10832.41,12416.98,10867.94,11024.52,10539.68,11262.38,10584.64,10621.38,10498.07,10338.22,10158.71,9977.16,9809.51,9668.03,9558.49,9479.99,9427.37,9390.09,9351.87,9298.11,9224.24,9135.87,9041.31,8946.05,8852.46,8761.07,8671.45,8582.71,8494.24,8405.93,8317.99,8230.7,8144.24,8058.64,7973.91,7890.03,7807.0,7724.81,7643.44,7562.91,7483.18,7404.27,7326.15,7248.83,7172.3,7096.54,7021.55,6947.33,6873.87,6801.15,6729.18,6657.94,6587.43,6517.65,6448.58,6380.21,6312.840945190165,6246.18324463763,6180.229387106254,6114.971940671526,6050.403551883115,5986.516944936254,5923.304920851871,5860.76035666539,5798.876204624078,5737.645491392888,5677.061317268674,5617.116855402706,5557.805351031398,5499.120120715149,5441.054551585242,5383.602100598668,5326.75629380084,5270.5107255960775,5214.859058025809,5159.795020054377,5105.312406862405,5051.405079147605,4998.066962432987,4945.292046382359,4893.074384123064,4841.408091575862,4790.287346791889,4739.706389296622,4689.659519440763,4640.141097757985,4591.145544329458,4542.6673381550745,4494.701016531333,4447.241174435771,4400.282463917917,4353.819593496655,4307.847327563964,4262.360485794954,4217.35394256412,4172.822626367777,4128.761519252574,4085.1656562500607,4042.030124817213,3999.350064282871,3957.120665300018,3915.337169303847,3873.9948679755503,3833.0891027117636,3792.6152640996224,3752.568791397353,3712.9451720203538,3673.7399410326975,3634.9486806440095,3596.567019711651,3558.5906332481654,3521.0152419339197,3483.8366116348993,3447.050552925587,3410.652920616883,3374.639613289011,3339.006572829355,3303.7497839751722,3268.865273861147,3234.349111571706,3200.1974076980687,3166.4063138999804,3132.9720224720595,3099.890765914736,3067.158816509715,3034.7724858999213,3002.7281246738844,2971.0221219545087,2939.6509049921856,2908.6109387622027,2877.8987255664056,2847.5108046390633,2817.4437517568967,2787.694178853225,2758.258733636183,2729.134099210977,2700.316993706122,2671.8041699036266,2643.59241487309,2615.6785496096504,2588.0594286757687,2560.731939846785
87,21430.28,18635.31,19800.22,17657.73,18042.84,16612.93,18090.63,17276.58,16194.82,17517.38,15478.38,16734.39,15686.27,16896.24,16010.27,16152.93,15647.49,15568.54,16478.07,14716.53,16088.11,14453.58,15395.41,14306.45,15072.22,12769.64,14157.48,14527.33,14594.3,13347.18,12355.53,12186.12,13150.89,12774.81,12844.79,11843.37,11953.94,13185.41,12600.4,13715.67,12211.53,13368.9,12133.7,12293.87,11686.17,11783.39,11700.54,11576.82,11414.94,11232.48,11047.48,10876.04,10730.34,10615.88,10531.42,10471.41,10425.27,10377.15,10313.35,10230.04,10132.88,10029.85,9926.03,9823.52,9722.75,9623.31,9524.53,9426.07,9328.01,9230.66,9134.22,9038.74,8944.21,8850.62,8757.97,8666.24,8575.43,8485.53,8396.53,8308.42,8221.19,8134.84,8049.37,7964.75,7880.98,7798.06,7715.98,7634.72,7554.29,7474.67,7395.86,7317.85,7240.63,7164.2,7088.866606886575,7014.3253636458485,6940.567940619551,6867.5860957379,6795.37167359858,6723.916604555417,6653.212903816624,6583.252670552543,6514.028087012756,6445.531417652491,6377.755008268197,6310.69128514224,6244.332754196555,6178.672000155221,6113.701685715841,6049.414550729626,5985.803411390108,5922.861159430372,5860.580761328756,5798.955257522866,5737.977761631891,5677.641459687066,5617.939609370258,5558.865539260522,5500.412648088613,5442.574403999321,5385.344343821555,5328.716072346127,5272.6832616111005,5217.23965019468,5162.379042515516,5108.095308140383,5054.382381099125,5001.234259206813,4948.645003393022,4896.608737038176,4845.1196453168495,4794.171974547994,4743.760031551988,4693.878183014446,4644.520854856723,4595.682531613037,4547.357755814133,4499.541127377444,4452.227303003649,4405.410995579582,4359.086973587427,4313.25006052011,4267.895134302855,4223.017126720806,4178.611022852686,4134.671860510393,4091.194729684503,4048.174771995592,4005.60718015134,3963.4871974093317,3921.810117045514,3880.571281828239,3839.7660834978424,3799.3899622516824,3759.4384062346103,3719.906951034786,3680.7911791848014,3642.0867196680433,3603.789247430259,3565.894482896243,3528.398191491618,3491.296183169637,3454.5843119429655,3418.258475420386,3382.314614348369,3346.7487121574773,3311.5567945135244,3276.7349288734645,3242.279224045945,3208.1858297564854,3174.4509362172257,3141.0707737011976,3108.0416121210737,3075.35976061235,3043.021567120904,3011.0234179948957,2979.361737580957,2948.03298782463,2917.033667875,2886.360313693497
88,19708.34,21558.72,19986.85,18991.43,21696.25,20731.71,19217.25,16960.83,18058.02,17592.16,17709.82,16793.24,18372.54,15976.19,17908.26,17850.92,17015.53,17169.16,17366.51,17026.59,16705.34,17575.3,17258.24,16206.0,15764.27,14913.32,13030.92,16027.46,15619.84,13772.28,14771.9,14259.87,14178.68,13698.33,14190.29,14183.05,14556.16,14881.71,13395.27,15434.34,13795.32,13793.98,14275.41,13644.29,12938.42,13048.44,12981.76,12900.48,12776.33,12612.48,12427.12,12238.62,12063.14,11912.68,11792.43,11700.73,11631.74,11574.88,11514.97,11439.37,11345.04,11237.72,11124.92,11011.26,10898.61,10787.27,10676.93,10567.17,10457.94,10349.48,10242.02,10135.62,10030.26,9925.94,9822.64,9720.36,9619.1,9518.83,9419.56,9321.27,9223.95,9127.6,9032.21,8937.77,8844.27,8751.7,8660.05,8569.32,8479.5,8390.58,8302.55,8215.41,8129.14,8043.73,7959.515144686519,7876.181987522463,7793.721297456804,7712.123940084177,7631.380876633039,7551.483162964417,7472.4219485811345,7394.188475647429,7316.77407801881,7240.170180282091,7164.368296805466,7089.360030798532,7015.13707338215,6941.691202668052,6869.014282848074,6797.098263292933,6725.935177660431,6655.517143013006,6585.836358944517,6516.885106716164,6448.655748401467,6381.140726040189,6314.332560801124,6248.223852153636,6182.807277047887,6118.075589103647,6054.021617807582,5990.6382677189595,5927.918517683671,5865.855420056471,5804.442099931374,5743.671754380095,5683.5376516984725,5624.033130660781,5565.151599781846,5506.886536586884,5449.2314868889935,5392.180064074201,5335.725948394008,5279.86288626532,5224.584689577733,5169.885235008048,5115.75846334198,5062.198378802958,5009.199048387962,4956.754601210294,4904.85922784926,4853.50717970663,4802.692768369858,4752.410364981956,4702.654399617972,4653.419360667992,4604.699794226601,4556.490303488747,4508.785548151908,4461.580243824547,4414.869161440732,4368.647126680902,4322.909019398699,4277.649773053781,4232.864374150602,4188.547861683042,4144.69532658487,4101.301911185944,4058.3628086741214,4015.8732625627895,3973.8285661639793,3932.22406206699,3891.0551416224753,3850.3172444319293,3810.005857842519,3770.1165164472063,3730.6448015900987,3691.586340876984,3652.93680769099,3614.6919207133087,3576.847443448945,3539.399183757428,3502.342993388435,3465.6747675222773,3429.390444315199,3393.4860044494358,3357.9574706879807,3322.8009074340166,3288.012420294958,3253.5881556510594
89,22269.25,17633.89,20987.88,19259.26,23525.29,21812.64,20308.56,19902.21,19783.3,18971.25,19579.77,19327.46,18663.41,18573.8,21005.59,17335.24,19257.64,19393.55,18248.52,18133.5,17412.33,19668.93,17876.78,18001.25,17278.37,16433.57,19738.17,12685.31,16993.74,17955.61,15430.32,16177.23,16101.27,15038.25,15791.04,15526.64,15271.06,16132.78,15216.88,17289.23,14783.14,15708.48,15278.82,15197.35,14401.02,14492.45,14393.58,14329.48,14249.14,14123.99,13957.69,13768.94,13576.37,13396.11,13239.91,13112.53,13011.92,12931.97,12862.21,12788.3,12698.85,12591.7,12472.55,12348.42,12223.45,12099.22,11975.99,11853.59,11731.91,11611.1,11491.39,11372.83,11255.42,11139.15,11024.01,10909.98,10797.07,10685.25,10574.53,10464.89,10356.32,10248.81,10142.36,10036.95,9932.58,9829.24,9726.92,9625.61,9525.29,9425.97,9327.64,9230.27,9133.88,9038.44,8944.32884202142,8851.19759983097,8759.036070228813,8667.834156254125,8577.5818660789,8488.269311913273,8399.886708922248,8312.424374153687,8225.872725477479,8140.222280535751,8055.463655704005,7971.587565063067,7888.584819381762,7806.446325110154,7725.163083383291,7644.726189035308,7565.126829623808,7486.356284464386,7408.405923675226,7331.267207231632,7254.931684030397,7179.39099096394,7104.636852004053,7030.661077295209,6957.455562257307,6885.012286697746,6813.323313932769,6742.380789917933,6672.1769423876385,6602.704080003633,6533.954591512363,6465.920944911103,6398.595686622777,6331.97144067936,6266.04090791379,6200.796865160293,6136.232164463028,6072.339732292982,6009.112568773013,5946.543746910958,5884.626411840739,5823.353780071356,5762.719138743708,5702.715844895157,5643.337324731735,5584.577072907942,5526.428651814036,5468.885690870751,5411.941885831349,5355.590998090946,5299.8268540030285,5244.643344203085,5190.034422939282,5135.994107410108,5082.516477108913,5029.595673175277,4977.225897753127,4925.40141335554,4874.116542236163,4823.36566576717,4773.143223823708,4723.443714174735,4674.2616918802205,4625.591768694608,4577.428612476495,4529.766946604458,4482.601549398963,4435.927253550286,4389.738945552405,4344.031565142776,4298.800104747942,4254.039608934917,4209.745173868289,4165.911946772962,4122.5351254025045,4079.6099575130233,4037.1317403425273,3995.095820095702,3953.4975914340534,3912.3324969713603,3871.5960267743785,3831.2837178687478,3791.391153750039,3751.9139638998918,3712.847823307198,3674.188451994263
90,22887.32,22340.86,22337.99,21320.41,25790.03,18166.53,22118.44,21183.58,22698.78,16913.58,20142.11,20483.31,19119.88,18662.2,20259.36,20829.66,21587.03,18656.79,19225.11,19351.21,19409.59,19549.39,21180.44,18016.54,19728.33,18009.79,19474.26,17381.17,15957.83,17173.61,18775.51,18247.41,17994.17,16259.65,17753.76,17831.08,15516.81,17359.71,16860.58,18643.44,18684.72,17195.79,18651.18,16865.45,16121.47,16162.5,15993.86,15897.2,15834.71,15754.25,15627.18,15457.64,15264.77,15067.36,14881.38,14718.21,14582.12,14470.68,14377.53,14292.48,14202.2,14096.75,13974.87,13842.21,13705.18,13567.4,13430.22,13293.9,13158.47,13024.05,12890.84,12758.9,12628.2,12498.76,12370.55,12243.56,12117.79,11993.22,11869.85,11747.66,11626.66,11506.81,11388.13,11270.59,11154.19,11038.92,10924.77,10811.73,10699.79,10588.95,10479.18,10370.49,10262.86,10156.29,10052.707737856465,9950.18189346299,9848.701692595885,9748.256470915925,9648.835672847652,9550.428850470109,9453.025662418902,9356.61587279944,9261.189350111265,9166.736066183357,9073.246095120301,8980.709612259181,8889.116893137138,8798.458312469447,8708.724343138008,8619.905555190173,8531.992614847763,8444.976283526199,8358.847416863653,8273.596963760068,8189.215965426015,8105.695554441218,8023.0269538227,7941.201476102439,7860.210522414401,7780.045581590921,7700.69822926827,7622.160127001365,7544.423021387499,7467.478743198997,7391.319206524746,7315.936407920453,7241.32242556758,7167.469418440862,7094.369625484308,7022.015364795606,6950.399032818851,6879.5131035455015,6809.350127723489,6739.902732074391,6671.163618518588,6603.1255634083245,6535.781416768593,6469.124101545752,6403.146612863823,6337.842017288357,6273.203452097812,6209.22412456237,6145.897311230101,6083.216357220409,6021.174675524686,5959.765746314096,5898.9831162544215,5838.820397827893,5779.271268661945,5720.329470864801,5661.988810367856,5604.243156274747,5547.086440217076,5490.5126557166905,5434.515857554482,5379.090161145615,5324.2297419211245,5269.928834715827,5216.181733162473,5162.982789092073,5110.3264119403475,5058.207068160223,5006.619280640325,4955.557628129402,4905.016744666611,4854.991319017629,4805.476094116501,4756.4658665131865,4707.955485826739,4659.93985420407,4612.413925784216,4565.372706168088,4518.811251893619,4472.724669916262,4427.1081170947955,4381.956799682366,4337.26597282272,4293.030940051584,4249.247052803116,4205.909709921405
91,18886.2,21971.99,24450.4,24091.38,24330.36,23076.92,23776.22,19781.26,22492.13,22516.28,21543.68,20912.99,23794.44,19714.66,21175.36,19404.63,21959.92,22708.84,21207.95,19777.5,19157.09,17788.18,21020.36,20410.76,18593.27,20548.36,19906.07,21221.52,16916.51,16653.44,18663.34,19904.36,19580.23,19406.42,19278.98,21401.85,19813.04,19734.07,17840.15,20526.95,18170.26,19377.01,18628.26,17093.08,17563.51,18053.36,17820.5,17654.37,17560.82,17500.84,17421.62,17294.65,17124.56,16930.78,16732.09,16544.15,16377.8,16236.79,16118.26,16015.67,15919.21,15816.75,15699.84,15568.13,15427.08,15282.42,15137.21,14992.57,14848.79,14706.06,14564.52,14424.24,14285.19,14147.37,14010.78,13875.4,13741.22,13608.25,13476.45,13345.84,13216.4,13088.12,12960.99,12835.01,12710.17,12586.45,12463.85,12342.37,12221.98,12102.69,11984.49,11867.37,11751.31,11636.31,11523.215955238598,11411.221078766843,11300.31468769748,11190.486202970933,11081.725148346173,10974.021149401437,10867.363932544635,10761.743324033376,10657.149249004528,10553.571730513195,10451.00088858106,10349.42693925394,10248.840193668542,10149.231057128247,10050.590028187915,9952.907697747563,9856.17474815485,9760.381952316306,9665.520172817165,9571.580361049791,9478.55355635054,9386.430885145042,9295.20356010176,9204.8628792938,9115.40022536885,9026.807064727207,8939.074946707766,8852.195502781944,8766.16044575542,8680.961568977655,8596.590745559064,8513.039927595833,8430.301145402242,8348.36650675045,8267.228196117696,8186.878473940781,8107.30967587782,8028.514212077159,7950.4845664534005,7873.213295970462,7796.69302993161,7720.916469276386,7645.876385884367,7571.5656218856975,7497.977088978321,7425.103767751843,7352.938707017969,7281.475023147453,7210.7058994134795,7140.624585341444,7071.224396065035,7002.498711688587,6934.440976655628,6867.0446991235585,6800.303450344417,6734.210864051651,6668.760635852868,6603.946522628467,6539.762341936132,6476.201971421093,6413.2593482321445,6350.928468443324,6289.203386481209,6228.078214557784,6167.547122108828,6107.604335237747,6048.244136164819,5989.460862681788,5931.248907611772,5873.60271827439,5816.516795956128,5759.985695385818,5704.004024215232,5648.5664425047225,5593.667662213859,5539.302446697014,5485.465610203856,5432.152017384696,5379.356582800635,5327.074270438487,5275.300093230395,5224.029112578142,5173.256437882058,5122.977226074531,5073.186681158032,5023.880053747638
92,22866.34,25303.42,21905.48,22094.69,24670.93,25350.04,23896.81,22072.51,25427.87,22978.98,22107.5,24946.24,24501.99,22181.15,25822.07,24943.96,22222.22,24881.39,23950.4,22890.78,21335.04,19488.13,23045.74,23674.61,22489.08,21063.5,19951.65,20457.47,17435.64,22076.61,18399.35,21492.1,23258.25,22166.94,20036.02,21266.07,20870.12,20838.74,19828.29,22125.18,23141.22,22522.46,21355.91,21415.02,20147.95,20123.13,19864.82,19635.11,19472.47,19382.2,19324.51,19246.36,19119.7,18949.61,18755.7,18556.53,18367.29,18198.15,18052.24,17926.33,17813.77,17705.29,17590.15,17461.58,17320.08,17170.87,17018.89,16866.67,16715.11,16564.56,16415.18,16267.02,16120.07,15974.31,15829.76,15686.39,15544.2,15403.18,15263.32,15124.62,14987.07,14850.67,14715.4,14581.25,14448.23,14316.32,14185.51,14055.8,13927.18,13799.65,13673.19,13547.8,13423.47,13300.19,13178.836807740374,13058.590862615683,12939.442061915031,12821.380395106371,12704.395942995452,12588.47887689243,12473.619457786104,12359.808035525659,12247.0350480099,12135.291020383866,12024.566564242776,11914.852376843255,11806.139240321738,11698.418020920008,11591.679668217816,11485.915214372477,11381.11577336543,11277.272540255657,11174.376790439914,11072.41987891972,10971.39323957503,10871.28838444453,10772.09690301251,10673.810461502231,10576.42080217575,10479.919742640122,10384.299175159955,10289.5510659762,10195.6674546312,10102.64045329986,10010.462246126943,9919.125088570398,9828.621306750698,9738.94329680609,9650.08352425375,9562.034523356753,9474.78889649683,9388.33931355283,9302.67851128488,9217.799292724132,9133.694526568115,9050.357146581564,8967.780151002751,8885.956601955204,8804.879624864818,8724.542407882273,8644.938201310712,8566.060317038664,8487.902127978121,8410.45706750775,8333.718628921188,8257.680364880367,8182.335886873821,8107.678864679955,8033.703025835186,7960.4021551069545,7887.770093971539,7815.800740096634,7744.488046828654,7673.826022684699,7603.808730849186,7534.430288675039,7465.684867189457,7397.566690604173,7330.070035830196,7263.18923199697,7196.918659975925,7131.252751908376,7066.185990737721,7001.7129097459265,6937.828092094214,6874.5261703679735,6811.801826125785,6749.649789452601,6688.06483851697,6627.041799132315,6566.575544322219,6506.660993889669,6447.293113990231,6388.466916709123,6330.177459642144,6272.419845480428,6215.189221598989,6158.480779649012,6102.289755153877,6046.611427108854
93,23690.21,25859.42,23296.93,20763.36,27969.15,25570.78,21394.46,20225.73,22657.95,23960.07,26483.23,25427.1,28979.14,21236.56,24977.48,25418.06,28025.48,23463.97,24116.63,25154.84,22986.5,24699.54,24610.53,21567.88,25670.06,22545.2,22347.86,24258.58,20308.36,24673.63,24009.77,21913.14,25034.77,23388.58,23192.21,21811.1,22507.24,25114.67,22166.83,23732.72,24210.33,22117.02,22918.01,21768.23,21694.66,22165.13,21900.1,21633.0,21395.22,21224.77,21126.22,21059.65,20972.85,20838.82,20663.04,20464.86,20262.21,20069.4,19895.58,19743.09,19608.31,19484.66,19363.58,19235.99,19096.85,18947.39,18792.33,18635.65,18479.24,18323.75,18169.38,18016.17,17864.11,17713.19,17563.4,17414.75,17267.23,17120.83,16975.54,16831.35,16688.27,16546.28,16405.38,16265.57,16126.83,15989.16,15852.55,15717.01,15582.51,15449.06,15316.65,15185.27,15054.92,14925.59,14798.348713133671,14672.192163626696,14547.111104047146,14423.096365797843,14300.138858444285,14178.229569048312,14057.359561507441,13937.519975899844,13818.7020278349,13700.897007809288,13584.096280568576,13468.29128447424,13353.473530876086,13239.634603490025,13126.766157781141,13014.859920352037,12903.90768833638,12793.90132879761,12684.83277813281,12576.694041481607,12469.47719214016,12363.174370980109,12257.777785872497,12153.279711116596,12049.672486873607,11946.948518605177,11845.100276516716,11744.120295005454,11644.001172113194,11544.735568983755,11446.31620932501,11348.735878875532,11251.987424875777,11156.06375554378,11060.95783955532,10966.66270552851,10873.171441512786,10780.477194482264,10688.573169833388,10597.452630886884,10507.108898393964,10417.53535004671,10328.725419992661,10240.672598353527,10153.370430748007,10066.812517818676,9980.992514762896,9895.904130867746,9811.541129048894,9727.89732539342,9644.966588706524,9562.742840062097,9481.220052357137,9400.392249869947,9320.253507822115,9240.797951944209,9162.0197580452,9083.913151585528,9006.472407253834,8929.691848547272,8853.565847355432,8778.088823547778,8703.255244564623,8629.059625011594,8555.496526257524,8482.560556035816,8410.246368049171,8338.548661577706,8267.462181090392,8196.981715859829,8127.102099580286,8057.818209989012,7989.124968490757,7921.017339785513,7853.490331499422,7786.538993818816,7720.158419127407,7654.343741646538,7589.090137078521,7524.392822253014,7460.247054776402,7396.648132684177,7333.591394096278,7271.072216875367,7209.086018288027,7147.628254668831
94,27563.58,27340.27,24888.89,28908.96,25903.61,29059.83,26771.65,24607.66,17857.14,25516.83,28305.4,26855.12,25953.33,21873.42,23992.84,28978.43,24615.38,24908.42,22969.19,24834.87,24852.84,27110.72,25484.76,22138.64,25919.26,25793.35,22519.35,23374.86,23966.24,26896.41,29255.08,22308.57,22121.9,21995.68,26890.76,27161.2,24755.33,25763.46,25623.16,25695.06,23505.37,23806.57,26732.19,22393.82,23682.49,24531.05,24272.78,24013.89,23752.41,23519.68,23353.3,23257.23,23191.48,23104.68,22970.87,22795.96,22599.09,22397.62,22205.02,22029.51,21872.72,21730.74,21597.14,21464.23,21324.62,21175.02,21017.37,20855.87,20693.67,20532.12,20371.61,20212.19,20053.86,19896.62,19740.45,19585.35,19431.33,19278.36,19126.46,18975.61,18825.81,18677.06,18529.34,18382.66,18237.01,18092.39,17948.78,17806.19,17664.6,17524.03,17384.45,17245.86,17108.27,16971.66,16837.242952454853,16703.890499809128,16571.594210377112,16440.345719252782,16310.136727780913,16180.95900303236,16052.804377283514,15925.664747499846,15799.532074823586,15674.398384065427,15550.255763200259,15427.096362866923,15304.912395871881,15183.696136696866,15063.439921010397,14944.136145183167,14825.777265807299,14708.355799219364,14591.864321027213,14476.295465640535,14361.64192580515,14247.896452140974,14135.051852683659,14023.10099242984,13912.036792886021,13801.852231620995,13692.540341821828,13584.09421185337,13476.506984821219,13369.771858138192,13263.8820830942,13158.830964429526,13054.611859911507,12951.21817991455,12848.643387003474,12746.880995520172,12645.924571173517,12545.767730632533,12446.404141122797,12347.827520026014,12250.031634482784,12153.010300998503,12056.757385052391,11961.266800709618,11866.532510236488,11772.548523718699,11679.308898682595,11586.807739719436,11495.039198112641,11403.997471467987,11313.676803346714,11224.07148290158,11135.175844515745,11046.984267444566,10959.491175460187,10872.691036498974,10786.578362311724,10701.147708116654,10616.393672255132,10532.310895850142,10448.894062467445,10366.137897779437,10284.037169231648,10202.586685711905,10121.781297222102,10041.615894552577,9962.085408959052,9883.18481184216,9804.909114429482,9727.253367460115,9650.212660871744,9573.782123490182,9497.956922721367,9422.732264245813,9348.103391715471,9274.06558645298,9200.614167153333,9127.744489587862,9055.451946310604,8983.731966366979,8912.580015004765,8841.991593387387,8771.962238309441,8702.487521914516,8633.563051415213,8565.184468815389
95,24906.6,26244.34,28070.18,23779.19,34417.63,22807.02,22812.19,39834.02,22382.67,33085.19,25998.14,22980.25,34604.11,26240.0,29688.54,32214.77,32839.22,25740.55,28688.52,31736.82,24783.6,27586.21,30671.94,30663.09,28776.98,24359.86,28165.01,29758.21,25263.16,25966.0,24663.27,28267.67,28938.71,27872.5,25951.34,28704.64,29041.32,24055.51,27250.61,27925.48,29489.98,29594.43,29988.23,25546.22,26354.32,27093.77,26818.77,26568.27,26316.72,26062.01,25835.18,25673.09,25579.02,25513.29,25425.87,25292.14,25118.44,24923.5,24723.93,24532.2,24355.52,24194.76,24045.84,23902.62,23758.44,23607.73,23448.88,23284.35,23117.74,22951.29,22785.74,22621.2,22457.68,22295.17,22133.66,21973.15,21813.64,21655.12,21497.59,21341.05,21185.49,21030.91,20877.3,20724.67,20573.0,20422.3,20272.56,20123.77,19975.94,19829.06,19683.12,19538.12,19394.06,19250.93,19110.13766738054,18970.375024283836,18831.634540040486,18693.908739056867,18557.190200412388,18421.4715574596,18286.74549742729,18153.00476102644,18020.24214205909,17888.45048703006,17757.622694761492,17627.751716010243,17498.830553088046,17370.85225948447,17243.809939492607,17117.696747837563,16992.50588930758,16868.23061838791,16744.86423889737,16622.40010362751,16500.83161398448,16380.152219633463,16260.35541814574,16141.434754648326,16023.383821476173,15906.196257826907,15789.865749418097,15674.386028147035,15559.750871752994,15445.954103481965,15332.989591753838,15220.85124983202,15109.53303549548,14999.028950713175,14889.333041320864,14780.439396700285,14672.342149460697,14565.035475122708,14458.513591804462,14352.770759910087,14247.80128182045,14143.59950158614,14040.159804622732,13937.476617408254,13835.544407182872,13734.357681650783,13633.91098868428,13534.198916029973,13435.216091017171,13336.957180268402,13239.416889412018,13142.58996279695,13046.471183209505,12951.055371592267,12856.337386765024,12762.312125147771,12668.9745204857,12576.319543576237,12484.342201998046,12393.03753984204,12302.400637444343,12212.426611121202,12123.110612905857,12034.447830287314,11946.433485951045,11859.062837521578,11772.331177306956,11686.2338320451,11600.76616265198,11515.92356397167,11431.701464528216,11348.095326279297,11265.100644371729,11182.712946898717,11100.927794658917,11019.740780917231,10939.147531167368,10859.143702896137,10779.724985349469,10700.887099300136,10622.625796817192,10544.936861037073,10467.816105936392,10391.259376106385,10315.262546529017,10239.821522354705
96,37305.7,33333.33,27257.24,31298.9,35054.77,21262.46,21719.46,27844.71,33124.22,39810.43,27548.21,25634.18,32207.79,30467.9,38257.17,34375.0,36596.52,31869.92,36691.73,30143.18,24436.36,31798.11,25908.79,27781.05,28670.52,31185.03,31075.32,31451.61,26710.63,28196.72,34458.26,24006.76,25022.34,32329.9,27067.67,26142.28,32745.88,29370.23,26666.67,31491.14,30327.87,30311.48,29130.01,24487.83,28166.91,29898.68,29591.4,29325.27,29083.39,28839.96,28592.81,28372.46,28214.68,28121.99,28055.39,27966.67,27832.83,27660.6,27468.14,27271.14,27080.93,26903.61,26739.37,26584.02,26431.89,26277.55,26117.27,25950.97,25781.41,25611.33,25441.97,25273.53,25106.01,24939.41,24773.73,24608.97,24445.12,24282.17,24120.14,23959.01,23798.78,23639.46,23481.03,23323.5,23166.85,23011.1,22856.24,22702.26,22549.16,22396.95,22245.6,22095.14,21945.54,21796.81,21650.627593975783,21505.425574339803,21361.197366036304,21217.936438105775,21075.636303389216,20934.290518234382,20793.892682203994,20654.436437785935,20515.91547010535,20378.323506638702,20241.654316929733,20105.901712307346,19971.059545605356,19837.121710884152,19704.08214315418,19571.934818101334,19440.673751814145,19310.29300051283,19180.786660280122,19052.14886679397,18924.373795061932,18797.455659157466,18671.38871195789,18546.167244884156,18421.785587642353,18298.23810796694,18175.519211365707,18053.623340866456,17932.544976765337,17812.27863637695,17692.818873786026,17574.16027960088,17456.297480708414,17339.225140030834,17222.93795628398,17107.43066373725,16992.69803197519,16878.734865660615,16765.53600429938,16653.09632200669,16541.410727274986,16430.47416274339,16320.281604968717,16210.828064197975,16102.108584142434,15994.118241753196,15886.85214699826,15780.305442641098,15674.473304020707,15569.350938833133,15464.933586914478,15361.216520025337,15258.195041636698,15155.864486717273,15054.220221522259,14953.257643383504,14852.9721805011,14753.359291736346,14654.414466406135,14556.133224078687,14458.511114370665,14361.543716745664,14265.226640314026,14169.55552363402,14074.52603451435,13980.133869817962,13886.374755267227,13793.24444525035,13700.738722629156,13608.853398548103,13517.584312244619,13426.927330860684,13336.878349255692,13247.433289820548,13158.588102293048,13070.338763574453,12982.681277547324,12895.611674894577,12809.126012919725,12723.220375368359,12637.890872250804,12553.133639665984,12468.944839626442,12385.320659884548,12302.257313759892,12219.751039967789
97,27350.43,36090.23,31413.61,19251.34,32569.97,32535.89,32618.03,28392.48,13973.8,26719.06,30315.79,27586.21,27983.54,35555.56,28758.17,32167.83,33136.09,32091.69,29281.05,32207.79,30736.39,31714.57,32855.78,26666.67,26974.27,29103.21,32996.11,40677.97,25674.69,25744.93,27469.88,31102.61,30717.11,30188.68,30674.09,27788.65,31642.03,32450.9,32691.55,35168.08,29827.32,30644.57,36055.57,30152.14,31776.74,32895.92,32571.21,32274.33,32018.32,31785.98,31551.65,31313.11,31100.06,30946.77,30854.99,30786.76,30696.28,30562.44,30392.31,30203.27,30009.91,29822.3,29645.37,29478.68,29318.09,29158.62,28996.21,28828.98,28658.11,28486.16,28314.7,28144.05,27974.23,27805.23,27637.04,27469.68,27303.12,27137.39,26972.46,26808.35,26645.05,26482.56,26320.87,26159.99,25999.92,25840.65,25682.18,25524.5,25367.63,25211.55,25056.27,24901.78,24748.08,24595.17,24444.913458736282,24295.57486307703,24147.148605119077,23999.62911121901,23853.010841783842,23707.288291063018,23562.455986941637,23418.508490735014,23275.440396984373,23133.246333253952,22991.920959929175,22851.45897001621,22711.855088942637,22573.104074359395,22435.200715943938,22298.13983520455,22161.916285285904,22026.524950775794,21891.960747513018,21758.218622396485,21625.293553195457,21493.180548360942,21361.874646838274,21231.370917880802,21101.664460864737,20972.750405105126,20844.623909672962,20717.280163213378,20590.71438376498,20464.921818580286,20339.89774394725,20215.637465011867,20092.136315601885,19969.389658051587,19847.392883027616,19726.14140935592,19605.630683849708,19485.85618113844,19366.81340349795,19248.4978806815,19130.90516975195,19014.030854914887,18897.870547352828,18782.419885060408,18667.674532680572,18553.630181341778,18440.282548496205,18327.627377758912,18215.66043874803,18104.37752692589,17993.77446344113,17883.84709497179,17774.591293569334,17666.002956503646,17558.078006108964,17450.812389630748,17344.20207907352,17238.24307104956,17132.931386628632,17028.26307118851,16924.234194266523,16820.840849411918,16718.079154039206,16615.94524928234,16514.43529984981,16413.545493880636,16313.272042801209,16213.611181183038,16114.559166601344,16016.112279494524,15918.266823024485,15821.019122937818,15724.365527427815,15628.302406997353,15532.826154322587,15437.933184117495,15343.619932999256,15249.882859354411,15156.718443205898,15064.123186080855,14972.09361087926,14880.626261743339,14789.717703927816,14699.364523670924,14609.563328066204,14520.310744935108
98,40506.33,34375.0,29149.8,26016.26,36213.99,31496.06,17777.78,26490.07,28571.43,27329.19,35443.04,16326.53,30952.38,24767.8,36245.95,34204.28,31662.27,21153.85,43939.39,39525.69,32941.18,28930.82,38670.69,38202.25,41666.67,32771.08,30727.02,31058.82,26826.35,37170.01,28243.6,30423.51,39024.39,25511.04,45969.13,29026.55,34269.66,29329.96,40024.11,33273.06,34559.25,34863.45,36984.04,34363.54,35014.54,35911.18,35607.14,35295.71,35011.73,34767.69,34546.46,34322.87,34094.75,33890.54,33742.51,33651.55,33581.36,33489.16,33356.12,33189.49,33005.66,32817.87,32634.81,32460.21,32293.1,32129.63,31965.73,31798.86,31628.9,31457.65,31286.68,31116.41,30946.86,30778.01,30609.88,30442.45,30275.73,30109.71,29944.41,29779.81,29615.91,29452.72,29290.24,29128.45,28967.38,28807.0,28647.33,28488.36,28330.09,28172.51,28015.64,27859.47,27703.99,27549.2,27397.221054437425,27246.08052160169,27095.773776273836,26946.296218750565,26797.643274703456,26649.81039503902,26502.793055759455,26356.586757824218,26211.187027012336,26066.589413785496,25922.78949315188,25779.782864530727,25637.5651516177,25496.13200225094,25355.47908827789,25215.602105422837,25076.4967731552,24938.158834558522,24800.584056200234,24663.768228002053,24527.707163111183,24392.39669777218,24257.83269119952,24124.0110254509,23990.927605301207,23858.578358117193,23726.959233732865,23596.066204325514,23465.895264292478,23336.442430128547,23207.70374030406,23079.67525514369,22952.353056705862,22825.73324866287,22699.81195618162,22574.585325805085,22450.049525334354,22326.200743711368,22203.035190902297,22080.54909778155,21958.738716016433,21837.60031795245,21717.130196499216,21597.32466501703,21478.180057204027,21359.69272698402,21241.85904839489,21124.675415477643,21008.13824216604,20892.243962176886,20776.98902890086,20662.369915294024,20548.383113769833,20435.025136091837,20322.29251326693,20210.181795439166,20098.689551784224,19987.812370404376,19877.54685822411,19767.889640886267,19658.837362648814,19550.38668628211,19442.534292966815,19335.2768821923,19228.611171655655,19122.533897161262,19017.041812520867,18912.131689454265,18807.800317490513,18704.04450386966,18600.86107344505,18498.24686858617,18396.198749082014,18294.713592044965,18193.788291815257,18093.419759865912,17993.60492470825,17894.340731797867,17795.62414344118,17697.452138702454,17599.821713311365,17502.72987957106,17406.173666266724,17310.150118574657,17214.656297971847,17119.689282146057
99,39160.84,21768.71,35000.0,29629.63,49079.75,17518.25,27745.66,42307.69,21739.13,38834.95,49760.77,25396.83,47682.12,33962.26,45414.85,35820.9,39694.66,40000.0,29411.76,15151.52,33548.39,35668.79,34605.6,33566.43,30117.65,29690.72,32508.83,44543.43,35121.95,47940.07,23985.89,34561.63,38502.67,40536.51,37514.65,31241.28,45623.34,36771.3,35726.8,40545.81,44701.35,37030.57,41118.12,33537.12,37028.17,38799.61,38551.82,38263.92,37968.69,37700.06,37469.92,37261.47,37050.46,36834.79,36641.19,36499.44,36409.56,36337.44,36244.05,36113.05,35951.8,35775.38,35595.52,35419.39,35249.62,35084.85,34921.73,34757.4,34590.95,34423.38,34255.99,34089.18,33922.96,33757.33,33592.3,33427.86,33264.01,33100.75,32938.08,32776.01,32614.53,32453.64,32293.35,32133.65,31974.54,31816.02,31658.1,31500.78,31344.04,31187.9,31032.35,30877.4,30723.04,30569.27,30418.530987482827,30268.535278613224,30119.279208113687,29970.759128780417,29822.971411394217,29675.9124446318,29529.578634977526,29383.96640663564,29239.072201442843,29094.892478781363,28951.423715492452,28808.66240579027,28666.605061176233,28525.248210353773,28384.588399143493,28244.62219039879,28105.34616392183,27966.75691638,27828.851061222744,27691.625228598798,27555.076065273843,27419.200234548574,27283.99441617717,27149.455306286134,27015.579617293602,26882.364077828974,26749.805432652982,26617.900442578153,26486.645884389665,26356.038550766552,26226.07525020337,26096.752806932178,25968.068060844955,25840.017867416373,25712.599097626957,25585.808637886625,25459.643389958615,25334.100270883748,25209.176212905128,25084.868163393156,24961.17308477095,24838.087954440114,24715.60976470686,24593.735522708546,24472.462250340523,24351.786984183364,24231.70677543044,24112.218689815898,23993.319807542917,23875.007223212386,23757.2780457519,23640.12939834512,23523.558418361474,23407.56225728619,23292.13808065071,23177.283067963428,23062.99441264075,22949.269321938533,22836.105016883826,22723.498732206976,22611.44771627404,22499.949231019575,22389.00055187969,22278.598967725513,22168.741780796903,22059.42630663656,21950.649874024406,21842.40982491232,21734.703514359182,21627.52831046625,21520.88159431284,21414.760759892335,21309.163214048498,21204.086376412102,21099.527679337913,20995.484567841886,20891.95449953878,20788.934944580018,20686.423385591865,20584.417317613916,20482.914248037883,20381.91169654669,20281.40719505386,20181.39828764321,20081.882530508836,19982.857491895393
100,39024.39,42105.26,17977.53,9195.4,19512.2,35164.84,42105.26,44094.49,48854.96,33613.45,41379.31,39024.39,37383.18,34408.6,43410.85,55384.62,27118.64,28571.43,58181.82,33103.45,53061.22,21978.02,44692.74,31884.06,38709.68,34934.5,41846.15,40000.0,23443.22,34877.38,36090.23,48322.15,42772.28,29090.91,24060.15,31944.44,41113.49,36272.04,37540.45,36641.22,39298.25,37359.1,35581.06,45652.17,41888.17,41503.23,41328.53,41097.85,40828.12,40551.28,40299.91,40085.14,39890.79,39693.86,39492.35,39310.94,39176.47,39088.15,39014.51,38920.78,38793.29,38639.35,38472.52,38302.86,38136.05,37973.69,37814.27,37655.21,37495.07,37334.17,37173.41,37013.12,36853.3,36693.96,36535.08,36376.69,36218.77,36061.32,35904.36,35747.87,35591.86,35436.33,35281.27,35126.7,34972.61,34819.0,34665.88,34513.23,34361.07,34209.39,34058.19,33907.48,33757.25,33607.51,33461.925504531464,33316.97166707123,33172.645755669575,33028.94505021131,32885.866842364514,32743.408435529516,32601.567144788045,32460.34029685264,32319.725230016254,32179.719294102117,32040.31985041375,31901.524271685274,31763.32994203185,31625.734256900418,31488.73462302058,31352.328458355743,31216.51319205444,31081.286264401893,30946.645126771753,30812.587241578087,30679.110082227526,30546.211133071673,30413.887889359663,30282.137857190985,30150.958553468456,30020.347505851434,29890.302252709214,29760.820343074647,29631.899336597926,29503.536803500618,29375.73032452984,29248.477490912694,29121.775904310845,28995.623176775334,28870.01693070156,28744.95479878449,28620.434423974006,28496.453459430522,28373.009568480735,28250.10042457357,28127.723711236373,28005.877122031197,27884.55836051138,27763.765140178242,27643.495184437994,27523.746226558836,27404.516009628227,27285.802286510345,27167.60281980377,27049.915381799266,26932.73775443782,26816.067729268852,26699.90310740857,26584.24169949852,26469.081325664363,26354.419815474746,26240.25500790043,26126.584751273527,26013.406903246996,25900.719330754207,25788.51990996879,25676.806526264576,25565.57707417576,25454.829457357195,25344.561588544922,25234.7713895168,25125.456791053337,25016.615732898717,24908.24616372193,24800.346041078163,24692.913331370255,24585.946009810403,24479.44206038199,24373.399475801576,24267.816257481092,24162.690415490164,24058.019968518587,23953.80294383902,23850.03737726977,23746.72131313781,23643.852804241873,23541.429911815805,23439.45070549199,23337.913263264978,23236.815671455257,23136.156024673208
101,38095.24,17777.78,17021.28,15094.34,17391.3,15384.62,14814.81,12903.23,12903.23,43243.24,43835.62,0.0,64516.13,26666.67,38095.24,28235.29,21052.63,26966.29,38095.24,40506.33,17977.53,35555.56,77876.11,48695.65,34146.34,20645.16,55384.62,39024.39,32142.86,34224.6,52582.16,51764.71,44635.19,33836.86,49484.54,47058.82,30283.91,35555.56,29387.76,66666.67,42328.04,49230.77,53333.33,22099.45,45226.37,44996.21,44831.94,44615.03,44361.41,44101.1,43864.74,43662.79,43480.05,43294.88,43105.4,42934.82,42808.39,42725.33,42656.09,42567.96,42448.09,42303.34,42146.47,41986.94,41830.09,41677.43,41527.52,41377.96,41227.38,41076.1,40924.93,40774.21,40623.94,40474.11,40324.72,40175.78,40027.29,39879.25,39731.66,39584.51,39437.82,39291.57,39145.78,39000.44,38855.55,38711.11,38567.13,38423.6,38280.52,38137.9,37995.73,37854.02,37712.76,37571.96,37433.14463759704,37294.84214981758,37157.050641767746,37019.76822555463,36882.993020260474,36746.72315191681,36610.956753478866,36475.69196479994,36340.926932605915,36206.65981046991,36072.888758786925,35939.61194474867,35806.82754231845,35674.533732206146,35542.72870184327,35411.410645358155,35280.577763551206,35150.22826387024,35020.360360385945,34890.97227376738,34762.06223125763,34633.6284666495,34505.6692202613,34378.18273891278,34251.16727590107,34124.62109097677,33998.54245032008,33872.92962651707,33747.78089853602,33623.094551703805,33498.86887768244,33375.102174445645,33251.792746255545,33128.93890363941,33006.538963366555,32884.59124842522,32763.09408799964,32642.045817447135,32521.444778275294,32401.28931811926,32281.577790719093,32162.30855589722,32043.479979535947,31925.09043355508,31807.13829588962,31689.62195046753,31572.5397871876,31455.89020189739,31339.671596371245,31223.8823782884,31108.520961211154,30993.585764563162,30879.07521360774,30764.987739426324,30651.321778896952,30538.075774672863,30425.24817516115,30312.83743450149,30200.842012545,30089.2603748331,29978.090992576508,29867.33234263428,29756.98290749295,29647.04117524576,29537.50563957189,29428.37479971587,29319.647160467008,29211.321232138886,29103.395530548958,28995.868576998233,28888.73889825098,28782.005026514576,28675.66549941939,28569.718859998713,28464.163656668854,28358.998443209195,28254.221778742423,28149.832227714745,28045.828359876265,27942.208750261343,27838.97197916911,27736.11663214398,27633.64129995631,27531.54457858306,27429.825069188573,27328.481378105407
102,64000.0,36363.64,28571.43,27586.21,27586.21,26666.67,26666.67,21621.62,21621.62,21621.62,53333.33,65306.12,44444.44,29629.63,64864.86,68571.43,100000.0,20512.82,27118.64,70000.0,0.0,58181.82,29090.91,23529.41,38095.24,37037.04,57142.86,14285.71,31746.03,55944.06,54368.93,40336.13,68292.68,35294.12,27450.98,43243.24,57458.56,61244.02,30000.0,63492.06,37209.3,45454.55,25130.89,53811.66,48940.41,48882.45,48729.79,48528.21,48292.5,48050.58,47830.92,47643.25,47473.41,47301.32,47125.24,46966.71,46849.21,46772.02,46707.67,46625.77,46514.37,46379.84,46234.05,46085.8,45940.03,45798.16,45658.84,45519.85,45379.91,45239.31,45098.83,44958.76,44819.1,44679.85,44541.02,44402.61,44264.61,44127.03,43989.86,43853.11,43716.78,43580.87,43445.38,43310.3,43175.65,43041.42,42907.61,42774.22,42641.25,42508.71,42376.58,42244.88,42113.61,41982.75,41853.12983470254,41723.90986680167,41595.08886070294,41466.665584626775,41338.638810596625,41211.007314427334,41083.76987571332,40956.92527781697,40830.47230785701,40704.40975669688,40578.73641893319,40453.45109288418,40328.55258057823,40204.039687742435,40079.911223791154,39956.166001814614,39832.802838567615,39709.82055445816,39587.2179735362,39464.99392348239,39343.14723559689,39221.67674478815,39100.58128956183,38979.85971200962,38859.51085779825,38739.53357615838,38619.926719873634,38500.689145269636,38381.81971220306,38263.3172840507,38145.18072769869,38027.40891353154,37910.00071542145,37792.9550107175,37676.27068023489,37559.94660824428,37443.98168246108,37328.37479403486,37213.12483753873,37098.23071095872,36983.691315683325,36869.505556492964,36755.672341549485,36642.19058238576,36529.05919389525,36416.27709432165,36303.843205248544,36191.75645158906,36080.015761575654,35968.62006674979,35857.56830195178,35746.85940531057,35636.49231823358,35526.46598539661,35416.779354733735,35307.43137742724,35198.42100789759,35089.74720379344,34981.408925981676,34873.40513853746,34765.73480873433,34658.39690703432,34551.39040707815,34444.71428567537,34338.36752279459,34232.34910155374,34126.65800821031,34021.29323215171,33916.25376588556,33811.538605030095,33707.14674830453,33603.07719751947,33499.32895756745,33395.901036413314,33292.79244508479,33190.00219766303,33087.52931127316,32985.37280607491,32883.53170525322,32782.005035008915,32680.79182454938,32579.89110607929,32479.301914791362,32379.023288857104,32279.054269417644,32179.39390057454
103,61538.46,61538.46,57142.86,57142.86,40000.0,40000.0,40000.0,38095.24,38095.24,38095.24,64000.0,64000.0,80000.0,45714.29,100000.0,0.0,0.0,38095.24,0.0,25806.45,96969.7,53333.33,27586.21,51612.9,0.0,20000.0,25806.45,15686.27,48979.59,32432.43,15094.34,15384.62,61538.46,19047.62,56470.59,42105.26,68376.07,59259.26,23300.97,47619.05,66666.67,35294.12,42105.26,54237.29,52973.87,53102.91,52962.86,52777.92,52561.67,52339.73,52138.21,51966.02,51810.21,51652.33,51490.79,51345.34,51237.55,51166.73,51107.7,51032.56,50930.35,50806.93,50673.18,50537.17,50403.43,50273.27,50145.46,50017.94,49889.56,49760.57,49631.68,49503.18,49375.05,49247.3,49119.93,48992.95,48866.34,48740.12,48614.28,48488.82,48363.75,48239.05,48114.75,47990.83,47867.29,47744.14,47621.38,47499.01,47377.02,47255.41,47134.2,47013.37,46892.93,46772.88,46653.77146284048,46534.9662391315,46416.46355647628,46298.26264444499,46180.36273456972,46062.76306033947,45945.462857195205,45828.461362524846,45711.757815658326,45595.35145786268,45479.24153233703,45363.42728420775,45247.90796052351,45132.68281025039,45017.751084267016,44903.11203535964,44788.76491821737,44674.70898942722,44560.94350746935,44447.467732712204,44334.28092740776,44221.382355686656,44108.771283553455,43996.44697888187,43884.40871140997,43772.65575273549,43661.18737631104,43550.002857439424,43439.101473268885,43328.48250278845,43218.14522682322,43108.088928029676,42998.31289089106,42888.816401712684,42779.598748617325,42670.65922154054,42561.99711222613,42453.61171422145,42345.5023228729,42237.66823532125,42130.10875049719,42022.82316911663,41915.810793676275,41809.07092844903,41702.6028794795,41596.40595457945,41490.47946332333,41384.82271704379,41279.43502882718,41174.315713509095,41069.46408766993,40964.879469630425,40860.56117944723,40756.5085389085,40652.720871529484,40549.1975025481,40445.937758920576,40342.940969317075,40240.206464117306,40137.73357540619,40035.52163696954,39933.56998428966,39831.8779545411,39730.4448865863,39629.270120971305,39528.352999921495,39427.69286733728,39327.28906878985,39227.14095151691,39127.24786441846,39027.60915805253,38928.224184630984,38829.0922980153,38730.21285371235,38631.585208870245,38533.208722274125,38435.08275434202,38337.20666712065,38239.57982428132,38142.20159111576,38045.071334532004,37948.18842305028,37851.55222679887,37755.16211751009,37659.01746851612,37563.11765474499
104,72727.27,0.0,0.0,0.0,0.0,0.0,0.0,0.0,0.0,0.0,61538.46,0.0,0.0,0.0,72727.27,0.0,100000.0,0.0,53333.33,40000.0,0.0,100000.0,0.0,66666.67,100000.0,100000.0,27586.21,32000.0,32000.0,40000.0,50000.0,48979.59,57142.86,0.0,96000.0,21621.62,69565.22,100000.0,64864.86,59259.26,38095.24,26666.67,19512.2,45714.29,57240.77,57567.65,57440.93,57273.6,57077.93,56877.12,56694.78,56538.99,56398.02,56255.17,56109.0,55977.4,55879.87,55815.8,55762.38,55694.39,55601.92,55490.25,55369.23,55246.17,55125.17,55007.4,54891.75,54776.37,54660.21,54543.5,54426.89,54310.62,54194.69,54079.1,53963.86,53848.96,53734.41,53620.2,53506.34,53392.83,53279.66,53166.84,53054.37,52942.25,52830.47,52719.05,52607.97,52497.25,52386.87,52276.85,52167.17,52057.85,51948.88,51840.25,51733.81130618033,51627.59115288742,51521.589091412614,51415.804673968574,51310.23745368734,51204.886984618475,51099.752821727154,50994.834520892335,50890.13163890481,50785.64373346539,50681.37036318301,50577.31108757288,50473.465467054615,50369.83306295036,50266.41343748298,50163.20615377419,50060.21077584267,49957.42686860229,49854.85399786024,49752.49173031519,49650.339633555464,49548.397276057214,49446.66422718261,49345.14005717801,49243.82433717214,49142.71663917427,49041.81653607247,48941.12360163169,48840.6374104921,48740.357538167154,48640.28356104193,48540.415056371225,48440.751602277836,48341.29277775077,48242.03816264344,48142.98733767191,48044.139884413125,47945.49538530315,47847.05342363536,47748.813583558745,47650.77545007612,47552.93860904236,47455.30264716267,47357.86715199086,47260.63171192752,47163.59591621839,47066.75935495257,46970.12161906076,46873.682300313565,46777.44099131982,46681.397285524756,46585.55077720837,46489.9010614837,46394.44773429508,46299.190392416465,46204.1286334497,46109.262055822845,46014.590258788485,45920.112842422,45825.82940761991,45731.73955609817,45637.84289039049,45544.13901384669,45450.62753063094,45357.30804572019,45264.18016490243,45171.24349477506,45078.49764274321,44985.9422170181,44893.57682661534,44801.40108135335,44709.41459185166,44617.61696952926,44526.007826603,44434.586776085926,44343.35343178563,44252.307408302666,44161.44832102885,44070.77578614573,43980.28942062286,43889.98884221628,43799.87366946681,43709.94352169854,43620.1980190171,43530.63678230819,43441.25943323585
105,0.0,0.0,0.0,0.0,0.0,0.0,0.0,0.0,0.0,0.0,72727.27,0.0,72727.27,0.0,0.0,100000.0,50000.0,0.0,0.0,0.0,66666.67,0.0,0.0,0.0,100000.0,0.0,100000.0,80000.0,66666.67,0.0,80000.0,38095.24,29629.63,0.0,0.0,57142.86,40000.0,0.0,0.0,0.0,0.0,59259.26,0.0,0.0,61631.15,62161.58,62048.58,61899.37,61724.89,61545.82,61383.22,61244.3,61118.58,60991.2,60860.86,60743.51,60656.53,60599.4,60551.76,60491.14,60408.67,60309.1,60201.18,60091.44,59983.54,59878.52,59775.39,59672.51,59568.92,59464.85,59360.86,59257.17,59153.8,59050.72,58947.96,58845.5,58743.35,58641.51,58539.98,58438.75,58337.84,58237.23,58136.94,58036.95,57937.28,57837.92,57738.87,57640.13,57541.7,57443.59,57345.79,57248.3,57151.13,57054.27,56957.40925030826,56860.7129406283,56764.18079179113,56667.81252510171,56571.60786233813,56475.56652575082,56379.68823806176,56283.97272246362,56188.41970261906,56093.02890265983,55997.80004718606,55902.73286126538,55807.82707043221,55713.082400686915,55618.498578495026,55524.07533078645,55429.81238495469,55335.709468856054,55241.76631080886,55147.98263959265,55054.35818444743,54960.892675072886,54867.58584162756,54774.43741472812,54681.44712544857,54588.61470531945,54495.9398863271,54403.42240091285,54311.06198197228,54218.85836285441,54126.81127736096,54034.92045974558,53943.185644713085,53851.60656741865,53760.1829634671,53668.914568912114,53577.80112025549,53486.84235444632,53396.03800888033,53305.38782139903,53214.89153028902,53124.54887428118,53034.35959254997,52944.32342471265,52854.44011082853,52764.70939139821,52675.13100736284,52585.704700103386,52496.430211439874,52407.30728363062,52318.3356593715,52229.51508179526,52140.845294470695,52052.32604140194,51963.95706702773,51875.73811622069,51787.66893428655,51699.74926696345,51611.97886042117,51524.35746126043,51436.88481651215,51349.56067363669,51262.38478052317,51175.35688548871,51088.476737277706,51001.74408506111,50915.15867843571,50828.72026742341,50742.42860247047,50656.28343444686,50570.28451464546,50484.43159478139,50398.724426991284,50313.16276383258,50227.74635828279,50142.474963738794,50057.348334016126,49972.36622334828,49887.52838638597,49802.83457819645,49718.284554262784,49633.878070483166,49549.61488317019,49465.49474905015,49381.51742526236,49297.682669358444
106,50000.0,50000.0,50000.0,50000.0,50000.0,50000.0,0.0,0.0,0.0,0.0,100000.0,0.0,0.0,0.0,0.0,100000.0,50000.0,50000.0,0.0,0.0,0.0,66666.67,0.0,0.0,0.0,0.0,50000.0,50000.0,0.0,100000.0,80000.0,0.0,0.0,72727.27,0.0,72727.27,66666.67,0.0,100000.0,100000.0,0.0,63157.89,100000.0,66666.67,66021.53,66755.52,66656.24,66525.14,66371.85,66214.51,66071.66,65949.6,65839.15,65727.23,65612.71,65509.61,65433.2,65383.0,65341.15,65287.88,65215.43,65127.94,65033.13,64936.71,64841.91,64749.64,64659.04,64568.64,64477.63,64386.19,64294.83,64203.73,64112.91,64022.35,63932.06,63842.04,63752.29,63662.82,63573.61,63484.67,63396.01,63307.62,63219.5,63131.66,63044.09,62956.79,62869.76,62783.01,62696.54,62610.34,62524.41,62438.76,62353.38,62268.28,62169.01832107911,62069.91487490371,61970.969409235484,61872.18167223815,61773.55141247692,61675.0783789178,61576.76232092697,61478.60298827015,61380.60013111195,61282.75350001525,61185.06284594055,61087.52792024533,60990.148474683476,60892.92426140456,60795.855032953245,60698.940542268705,60602.18054268393,60505.5747879251,60409.12303211101,60312.82502975241,60216.68053575136,60120.689305400665,60024.85109438318,59929.16565877126,59833.632755026076,59738.25213999704,59643.02357092117,59547.946805422456,59453.02160151128,59358.24771758376,59263.624912421175,59169.15294518929,59074.83157543785,58980.66056309984,58886.63966849095,58792.768652308965,58699.04727563314,58605.47529992357,58512.05248702064,58418.77859914436,58325.65339889378,58232.6766492464,58139.848113557586,58047.16755555988,57954.63473936249,57862.24942945066,57770.01139068507,57677.92038830121,57585.97618790884,57494.17855549133,57402.52725740511,57311.02206037909,57219.662731513956,57128.449038281746,57037.38074852512,56946.45763045684,56855.67945265914,56765.04598408318,56674.55699404842,56584.21225224204,56494.01152871838,56403.95459389833,56314.04121856873,56224.27117388185,56134.644231354716,56045.160162868626,55955.81874066848,55866.61973736227,55777.56292592046,55688.648079675426,55599.874972320875,55511.243377911254,55422.75307086121,55334.403825944995,55246.195418295865,55158.12762340556,55070.20021712371,54982.412975657244,54894.765675569855,54807.258093781405,54719.890007567374,54632.66119455828,54545.571432739125,54458.62050044883,54371.80817637964,54285.13423957664
107,50000.0,50000.0,50000.0,50000.0,50000.0,50000.0,50000.0,50000.0,50000.0,50000.0,50000.0,50000.0,0.0,0.0,0.0,0.0,50000.0,50000.0,50000.0,0.0,72727.27,72727.27,0.0,0.0,0.0,80000.0,50000.0,50000.0,50000.0,50000.0,0.0,50000.0,0.0,100000.0,100000.0,0.0,0.0,0.0,80000.0,50000.0,50000.0,100000.0,50000.0,0.0,70288.43,71220.25,71134.31,71020.81,70888.11,70751.9,70628.23,70522.57,70426.95,70330.06,70230.93,70141.67,70075.52,70032.06,69995.83,69949.72,69887.0,69811.26,69729.18,69645.71,69563.64,69483.76,69405.33,69327.07,69248.29,69169.13,69090.03,69011.17,68932.54,68854.15,68775.98,68698.05,68620.36,68542.9,68465.67,68388.68,68311.93,68235.41,68159.12,68083.08,68007.27,67931.69,67856.35,67781.25,67706.39,67631.77,67557.38,67483.23,67409.32,67335.65,67225.82756999445,67116.18425708561,67006.71976913886,66897.433814496,66788.32610197458,66679.39634086704,66570.64424093995,66462.06951243321,66353.67186605938,66245.45101300278,66137.40666491879,66029.53853393311,65921.84633264091,65814.32977410614,65706.9885718607,65599.82243990374,65492.83109270085,65386.01424518334,65279.37161274743,65172.90291125356,65066.607857025534,64960.486166849885,64854.537557975025,64748.76174811053,64643.15845542638,64537.72739855223,64432.46829657662,64327.38086904626,64222.46483596526,64117.719917794406,64013.145835450414,63908.74231030515,63804.50906418492,63700.44581936974,63596.55229859257,63492.828225038575,63389.273322344416,63285.88731459748,63182.669926335155,63079.62088254412,62976.73990865957,62874.026730564525,62771.48107458907,62669.102667509644,62566.89123654829,62464.84650937197,62362.96821409181,62261.25607926234,62159.70983388086,62058.32920738663,61957.11392966022,61856.06373102271,61755.17834223507,61654.457494497365,61553.90091944806,61453.50834916331,61353.279516156275,61253.21415337633,61153.311994208445,61053.57277247239,60953.996222422116,60854.582078744956,60755.33007656098,60656.23995142227,60557.31143931221,60458.544276644774,60359.93820026386,60261.49294744255,60163.20825588244,60065.08386371291,59967.11950949045,59869.314932197965,59771.669871244056,59674.18406646236,59576.85725811082,59479.68918687101,59382.67959384746,59285.82822056693,59189.134808977775,59092.59910144919,58996.22084077057,58899.99977015082,58803.935633217654,58708.02817401693,58612.27713701195,58516.682267082804
108,50000.0,50000.0,50000.0,50000.0,50000.0,50000.0,50000.0,50000.0,50000.0,50000.0,50000.0,50000.0,100000.0,0.0,100000.0,80000.0,50000.0,50000.0,50000.0,50000.0,0.0,0.0,50000.0,0.0,100000.0,0.0,50000.0,50000.0,50000.0,50000.0,50000.0,50000.0,50000.0,0.0,50000.0,50000.0,50000.0,50000.0,0.0,50000.0,50000.0,50000.0,50000.0,50000.0,74321.89,75440.72,75367.38,75270.53,75157.28,75041.05,74935.52,74845.35,74763.75,74681.07,74596.47,74520.31,74463.86,74426.77,74395.86,74356.51,74302.98,74238.35,74168.31,74097.08,74027.04,73958.88,73891.95,73825.17,73757.93,73690.38,73622.89,73555.59,73488.5,73421.6,73354.89,73288.39,73222.09,73155.99,73090.09,73024.39,72958.89,72893.59,72828.5,72763.6,72698.91,72634.42,72570.13,72506.04,72442.16,72378.47,72315.0,72251.72,72188.65,72125.78,71874.64532386979,71624.3850732994,71374.99620362745,71126.47568079368,70878.82048130219,70632.02759218456,70386.0940109632,70141.01674561489,69896.7928145343,69653.41924649777,69410.8930806271,69169.21136635363,68928.37116338221,68688.36954165557,68449.20358131855,68210.87037268268,67973.36701619069,67736.69062238127,67500.83831185396,67265.80721523408,67031.59447313777,66798.1972361373,66565.61266472637,66333.83792928552,66102.87021004775,65872.70669706422,65643.34459017002,65414.78109895015,65187.01344270555,64960.038850419274,64733.85456072278,64508.457821862314,64283.84589166547,64060.016037507805,63836.9655362796,63614.69167435271,63393.19174754759,63172.46306110038,62952.50292963009,62733.30867710598,62514.877636814956,62297.20715132916,62080.29457247365,61864.13726129412,61648.73258802486,61434.07793205676,61220.17068190535,61007.00823517914,60794.58799854787,60582.907387711006,60371.9638273663,60161.754751178414,59952.277601747766,59743.52983057935,59535.50889805178,59328.21227338638,59121.637434616365,58915.78186855621,58710.64307077104,58506.21854554615,58302.505805856694,58099.502373337375,57897.205778252304,57695.613559465,57494.723264408356,57294.53244905491,57095.03867788703,56896.239523867305,56698.132568409026,56500.71540134677,56303.98562090707,56107.94083367917,55912.57865458594,55717.89670685484,55523.892621989035,55330.56403973853,55137.90860807149,54945.923983145636,54754.607829279674,54563.95781892494,54373.971632637076,54184.64695904775,53995.98149483661,53807.97294470324,53620.619021339204,53433.91744540026
109,50000.0,50000.0,50000.0,50000.0,50000.0,50000.0,50000.0,50000.0,50000.0,50000.0,50000.0,50000.0,50000.0,50000.0,50000.0,0.0,50000.0,50000.0,50000.0,50000.0,50000.0,50000.0,50000.0,50000.0,50000.0,50000.0,50000.0,50000.0,50000.0,50000.0,50000.0,50000.0,50000.0,50000.0,50000.0,50000.0,50000.0,50000.0,50000.0,50000.0,50000.0,50000.0,50000.0,50000.0,78035.94,79326.96,79265.22,79183.7,79088.37,78990.54,78901.7,78825.8,78757.12,78687.52,78616.31,78552.2,78504.68,78473.46,78447.44,78414.31,78369.26,78314.85,78255.9,78195.94,78136.99,78079.61,78023.27,77967.05,77910.46,77853.6,77796.78,77740.14,77683.66,77627.34,77571.2,77515.22,77459.41,77403.77,77348.29,77292.99,77237.86,77182.89,77128.09,77073.47,77019.01,76964.73,76910.61,76856.66,76802.89,76749.28,76695.85,76642.59,76589.5,76536.58,75602.34403646426,74679.51172900463,73767.94388005546,72867.50299115195,71978.0532421903,71099.46047094099,70231.59215281205,69374.31738085944,68527.50684604143,67691.03281771387,66864.76912436375,66048.59113457776,65242.3757382432,64446.001327978476,63659.347780790056,62882.29643995351,62114.7300971156,61356.532974614944,60607.59070801834,59867.790328870404,59137.02024765371,58415.17023695686,57702.13141484817,56997.796228452105,56302.05843772639,55614.813099436964,54935.95655132869,54265.38639648915,53603.00148790342,52948.70191319732,52302.38897956685,51663.965198891696,51033.334273030305,50410.40107929463,49795.07165610197,49187.253188802155,48586.853995677535,47993.78351411405,47407.95228694091,46829.27194893722,46257.655213503094,45693.01585949365,45135.26871821365,44584.32966057082,44040.11558438608,43502.544401858664,42971.53502718413,42447.00736432369,41928.88229492265,41417.081666376485,40911.52828004245,40412.145879595155,39918.85913952432,39431.59365377279,38950.27592451336,38474.83335106258,38005.19421892985,37541.28768900017,37083.043786849,36630.39339218745,36183.26822843642,35741.6008524279,35305.32464423205,34874.37379710841,34448.68330757978,34028.188965627276,33612.8273450051,33202.535793673414,32797.252424348146,32396.91610516605,32001.46645046373,31610.843811669234,31224.98926830483,30843.844619099604,30467.352373210495,30095.45574155058,29728.098628223135,29365.22562206028,29006.78198826491,28652.713660154637,28302.96723100653,27957.489946001373,27616.22969426627,27279.135001014398,26946.15501978066,26617.23952475216
110,50000.0,50000.0,50000.0,50000.0,50000.0,50000.0,50000.0,50000.0,50000.0,50000.0,50000.0,50000.0,50000.0,50000.0,50000.0,50000.0,50000.0,50000.0,50000.0,50000.0,50000.0,50000.0,50000.0,50000.0,50000.0,50000.0,50000.0,50000.0,50000.0,50000.0,50000.0,50000.0,50000.0,50000.0,50000.0,50000.0,50000.0,50000.0,50000.0,50000.0,50000.0,50000.0,50000.0,50000.0,81374.14,82819.94,82768.63,82700.88,82621.66,82540.36,82466.53,82403.46,82346.38,82288.54,82229.36,82176.08,82136.59,82110.65,82089.02,82061.49,82024.05,81978.84,81929.84,81880.02,81831.02,81783.34,81736.52,81689.81,81642.77,81595.52,81548.31,81501.23,81454.29,81407.49,81360.83,81314.31,81267.93,81221.69,81175.59,81129.63,81083.81,81038.14,80992.6,80947.2,80901.95,80856.83,80811.86,80767.03,80722.34,80677.79,80633.39,80589.13,80545.0,80501.03,79803.61828228475,79112.2485133993,78426.86834959213,77747.42590058598,77073.86972564926,76406.14882970139,75744.21265945202,75088.01109957362,74437.49446890721,73792.613516701,73153.31941888164,72519.56377435765,71891.29860135508,71268.4763337847,70651.04981764081,70038.97230743125,69432.19746263813,68830.67934420954,68234.37241108144,67643.23151672972,67057.21190575216,66476.26921047998,65900.35944761879,65329.43901491852,64763.46468787242,64202.39361644439,63646.183321824865,63094.79169321473,62548.176984637066,62006.29781177664,61469.11314884655,60936.582325482304,60408.66502366254,59885.32127465662,59366.51145599855,58852.196288487154,58342.33683321225,57836.894488606566,57335.83098752323,56839.10839433852,56346.689102079785,55858.53582957819,55374.611618646166,54894.87983127929,54419.304146882394,53947.84855951977,53480.477375189126,53017.15520911917,52557.84698309066,52102.51792278059,51651.13355512944,51203.65970573122,50760.06249624605,50320.30834183535,49884.36394861901,49452.19631115475,49023.77270993929,48599.06070893109,48178.02815309468,47760.643165966154,47346.87414723978,46936.68977037561,46530.05898022764,46126.95099069268,45727.33528237956,45331.181600298405,44938.459951570105,44549.14060315553,44163.1940796044,43780.59116082375,43401.30287986561,43025.30052073397,42652.555616210644,42283.0399457,41916.725533092445,41553.58464464626,41193.58978688793,40836.71370453059,40482.92937841051,40132.21002344148,39784.52908658691,39439.86024484949,39098.17740327828,38759.45469299301,38423.666469225594,38090.78730937857
111,100000.0,100000.0,100000.0,100000.0,100000.0,100000.0,100000.0,100000.0,100000.0,100000.0,100000.0,100000.0,100000.0,100000.0,100000.0,100000.0,100000.0,100000.0,100000.0,100000.0,100000.0,100000.0,100000.0,100000.0,100000.0,100000.0,100000.0,100000.0,100000.0,100000.0,100000.0,100000.0,100000.0,100000.0,100000.0,100000.0,100000.0,100000.0,100000.0,100000.0,100000.0,100000.0,100000.0,100000.0,84309.94,85891.86,85849.72,85794.09,85729.03,85662.26,85601.64,85549.84,85502.97,85455.47,85406.88,85363.12,85330.69,85309.39,85291.63,85269.02,85238.28,85201.15,85160.91,85120.0,85079.77,85040.61,85002.16,84963.8,84925.17,84886.37,84847.6,84808.94,84770.39,84731.96,84693.65,84655.45,84617.36,84579.39,84541.53,84503.79,84466.16,84428.65,84391.26,84353.98,84316.81,84279.77,84242.83,84206.02,84169.32,84132.74,84096.27,84059.93,84023.69,83987.58,83987.58,83987.58,83987.58,83987.58,83987.58,83987.58,83987.58,83987.58,83987.58,83987.58,83987.58,83987.58,83987.58,83987.58,83987.58,83987.58,83987.58,83987.58,83987.58,83987.58,83987.58,83987.58,83987.58,83987.58,83987.58,83987.58,83987.58,83987.58,83987.58,83987.58,83987.58,83987.58,83987.58,83987.58,83987.58,83987.58,83987.58,83987.58,83987.58,83987.58,83987.58,83987.58,83987.58,83987.58,83987.58,83987.58,83987.58,83987.58,83987.58,83987.58,83987.58,83987.58,83987.58,83987.58,83987.58,83987.58,83987.58,83987.58,83987.58,83987.58,83987.58,83987.58,83987.58,83987.58,83987.58,83987.58,83987.58,83987.58,83987.58,83987.58,83987.58,83987.58,83987.58,83987.58,83987.58,83987.58,83987.58,83987.58,83987.58,83987.58,83987.58,83987.58,83987.58,83987.58,83987.58,83987.58
112,100000.0,100000.0,100000.0,100000.0,100000.0,100000.0,100000.0,100000.0,100000.0,100000.0,100000.0,100000.0,100000.0,100000.0,100000.0,100000.0,100000.0,100000.0,100000.0,100000.0,100000.0,100000.0,100000.0,100000.0,100000.0,100000.0,100000.0,100000.0,100000.0,100000.0,100000.0,100000.0,100000.0,100000.0,100000.0,100000.0,100000.0,100000.0,100000.0,100000.0,100000.0,100000.0,100000.0,100000.0,86842.83,88542.18,88507.96,88462.78,88409.94,88355.72,88306.48,88264.42,88226.35,88187.78,88148.31,88112.77,88086.44,88069.14,88054.71,88036.35,88011.38,87981.23,87948.55,87915.32,87882.65,87850.85,87819.62,87788.46,87757.1,87725.58,87694.09,87662.7,87631.39,87600.18,87569.06,87538.04,87507.11,87476.27,87445.52,87414.87,87384.31,87353.85,87323.48,87293.2,87263.02,87232.93,87202.94,87173.04,87143.24,87113.53,87083.91,87054.39,87024.97,86995.64,86995.64,86995.64,86995.64,86995.64,86995.64,86995.64,86995.64,86995.64,86995.64,86995.64,86995.64,86995.64,86995.64,86995.64,86995.64,86995.64,86995.64,86995.64,86995.64,86995.64,86995.64,86995.64,86995.64,86995.64,86995.64,86995.64,86995.64,86995.64,86995.64,86995.64,86995.64,86995.64,86995.64,86995.64,86995.64,86995.64,86995.64,86995.64,86995.64,86995.64,86995.64,86995.64,86995.64,86995.64,86995.64,86995.64,86995.64,86995.64,86995.64,86995.64,86995.64,86995.64,86995.64,86995.64,86995.64,86995.64,86995.64,86995.64,86995.64,86995.64,86995.64,86995.64,86995.64,86995.64,86995.64,86995.64,86995.64,86995.64,86995.64,86995.64,86995.64,86995.64,86995.64,86995.64,86995.64,86995.64,86995.64,86995.64,86995.64,86995.64,86995.64,86995.64,86995.64,86995.64,86995.64,86995.64
113,100000.0,100000.0,100000.0,100000.0,100000.0,100000.0,100000.0,100000.0,100000.0,100000.0,100000.0,100000.0,100000.0,100000.0,100000.0,100000.0,100000.0,100000.0,100000.0,100000.0,100000.0,100000.0,100000.0,100000.0,100000.0,100000.0,100000.0,100000.0,100000.0,100000.0,100000.0,100000.0,100000.0,100000.0,100000.0,100000.0,100000.0,100000.0,100000.0,100000.0,100000.0,100000.0,100000.0,100000.0,88992.22,90791.22,90763.72,90727.41,90684.95,90641.37,90601.79,90567.98,90537.39,90506.39,90474.67,90446.11,90424.94,90411.03,90399.44,90384.69,90364.62,90340.38,90314.12,90287.41,90261.15,90235.59,90210.5,90185.46,90160.25,90134.92,90109.61,90084.38,90059.22,90034.13,90009.12,89984.19,89959.33,89934.54,89909.83,89885.19,89860.64,89836.15,89811.74,89787.41,89763.15,89738.97,89714.86,89690.83,89666.88,89643.0,89619.2,89595.47,89571.82,89548.25,89548.25,89548.25,89548.25,89548.25,89548.25,89548.25,89548.25,89548.25,89548.25,89548.25,89548.25,89548.25,89548.25,89548.25,89548.25,89548.25,89548.25,89548.25,89548.25,89548.25,89548.25,89548.25,89548.25,89548.25,89548.25,89548.25,89548.25,89548.25,89548.25,89548.25,89548.25,89548.25,89548.25,89548.25,89548.25,89548.25,89548.25,89548.25,89548.25,89548.25,89548.25,89548.25,89548.25,89548.25,89548.25,89548.25,89548.25,89548.25,89548.25,89548.25,89548.25,89548.25,89548.25,89548.25,89548.25,89548.25,89548.25,89548.25,89548.25,89548.25,89548.25,89548.25,89548.25,89548.25,89548.25,89548.25,89548.25,89548.25,89548.25,89548.25,89548.25,89548.25,89548.25,89548.25,89548.25,89548.25,89548.25,89548.25,89548.25,89548.25,89548.25,89548.25,89548.25,89548.25,89548.25,89548.25
114,100000.0,100000.0,100000.0,100000.0,100000.0,100000.0,100000.0,100000.0,100000.0,100000.0,100000.0,100000.0,100000.0,100000.0,100000.0,100000.0,100000.0,100000.0,100000.0,100000.0,100000.0,100000.0,100000.0,100000.0,100000.0,100000.0,100000.0,100000.0,100000.0,100000.0,100000.0,100000.0,100000.0,100000.0,100000.0,100000.0,100000.0,100000.0,100000.0,100000.0,100000.0,100000.0,100000.0,100000.0,90790.69,92673.09,92651.2,92622.31,92588.53,92553.85,92522.37,92495.47,92471.12,92446.46,92421.22,92398.49,92381.65,92370.59,92361.37,92349.63,92333.66,92314.38,92293.48,92272.23,92251.34,92231.0,92211.03,92191.11,92171.05,92150.9,92130.76,92110.69,92090.67,92070.71,92050.81,92030.97,92011.19,91991.47,91971.81,91952.21,91932.67,91913.19,91893.77,91874.41,91855.1,91835.86,91816.68,91797.57,91778.51,91759.51,91740.57,91721.69,91702.88,91684.12,91684.12,91684.12,91684.12,91684.12,91684.12,91684.12,91684.12,91684.12,91684.12,91684.12,91684.12,91684.12,91684.12,91684.12,91684.12,91684.12,91684.12,91684.12,91684.12,91684.12,91684.12,91684.12,91684.12,91684.12,91684.12,91684.12,91684.12,91684.12,91684.12,91684.12,91684.12,91684.12,91684.12,91684.12,91684.12,91684.12,91684.12,91684.12,91684.12,91684.12,91684.12,91684.12,91684.12,91684.12,91684.12,91684.12,91684.12,91684.12,91684.12,91684.12,91684.12,91684.12,91684.12,91684.12,91684.12,91684.12,91684.12,91684.12,91684.12,91684.12,91684.12,91684.12,91684.12,91684.12,91684.12,91684.12,91684.12,91684.12,91684.12,91684.12,91684.12,91684.12,91684.12,91684.12,91684.12,91684.12,91684.12,91684.12,91684.12,91684.12,91684.12,91684.12,91684.12,91684.12,91684.12,91684.12
115,100000.0,100000.0,100000.0,100000.0,100000.0,100000.0,100000.0,100000.0,100000.0,100000.0,100000.0,100000.0,100000.0,100000.0,100000.0,100000.0,100000.0,100000.0,100000.0,100000.0,100000.0,100000.0,100000.0,100000.0,100000.0,100000.0,100000.0,100000.0,100000.0,100000.0,100000.0,100000.0,100000.0,100000.0,100000.0,100000.0,100000.0,100000.0,100000.0,100000.0,100000.0,100000.0,100000.0,100000.0,92277.92,94229.26,94212.03,94189.27,94162.66,94135.35,94110.55,94089.37,94070.2,94050.77,94030.89,94012.99,93999.73,93991.01,93983.75,93974.5,93961.93,93946.74,93930.28,93913.55,93897.09,93881.07,93865.35,93849.65,93833.86,93817.98,93802.12,93786.31,93770.55,93754.83,93739.15,93723.53,93707.95,93692.42,93676.93,93661.49,93646.1,93630.76,93615.46,93600.22,93585.01,93569.86,93554.75,93539.7,93524.69,93509.72,93494.81,93479.94,93465.12,93450.35,93450.35,93450.35,93450.35,93450.35,93450.35,93450.35,93450.35,93450.35,93450.35,93450.35,93450.35,93450.35,93450.35,93450.35,93450.35,93450.35,93450.35,93450.35,93450.35,93450.35,93450.35,93450.35,93450.35,93450.35,93450.35,93450.35,93450.35,93450.35,93450.35,93450.35,93450.35,93450.35,93450.35,93450.35,93450.35,93450.35,93450.35,93450.35,93450.35,93450.35,93450.35,93450.35,93450.35,93450.35,93450.35,93450.35,93450.35,93450.35,93450.35,93450.35,93450.35,93450.35,93450.35,93450.35,93450.35,93450.35,93450.35,93450.35,93450.35,93450.35,93450.35,93450.35,93450.35,93450.35,93450.35,93450.35,93450.35,93450.35,93450.35,93450.35,93450.35,93450.35,93450.35,93450.35,93450.35,93450.35,93450.35,93450.35,93450.35,93450.35,93450.35,93450.35,93450.35,93450.35,93450.35,93450.35
116,100000.0,100000.0,100000.0,100000.0,100000.0,100000.0,100000.0,100000.0,100000.0,100000.0,100000.0,100000.0,100000.0,100000.0,100000.0,100000.0,100000.0,100000.0,100000.0,100000.0,100000.0,100000.0,100000.0,100000.0,100000.0,100000.0,100000.0,100000.0,100000.0,100000.0,100000.0,100000.0,100000.0,100000.0,100000.0,100000.0,100000.0,100000.0,100000.0,100000.0,100000.0,100000.0,100000.0,100000.0,93495.81,95503.63,95490.2,95472.47,95451.74,95430.46,95411.13,95394.63,95379.69,95364.55,95349.06,95335.12,95324.78,95317.99,95312.33,95305.13,95295.33,95283.5,95270.67,95257.63,95244.81,95232.33,95220.08,95207.85,95195.54,95183.17,95170.82,95158.5,95146.21,95133.96,95121.75,95109.58,95097.44,95085.33,95073.27,95061.24,95049.25,95037.29,95025.38,95013.49,95001.65,94989.84,94978.07,94966.34,94954.64,94942.99,94931.36,94919.78,94908.23,94896.72,94896.72,94896.72,94896.72,94896.72,94896.72,94896.72,94896.72,94896.72,94896.72,94896.72,94896.72,94896.72,94896.72,94896.72,94896.72,94896.72,94896.72,94896.72,94896.72,94896.72,94896.72,94896.72,94896.72,94896.72,94896.72,94896.72,94896.72,94896.72,94896.72,94896.72,94896.72,94896.72,94896.72,94896.72,94896.72,94896.72,94896.72,94896.72,94896.72,94896.72,94896.72,94896.72,94896.72,94896.72,94896.72,94896.72,94896.72,94896.72,94896.72,94896.72,94896.72,94896.72,94896.72,94896.72,94896.72,94896.72,94896.72,94896.72,94896.72,94896.72,94896.72,94896.72,94896.72,94896.72,94896.72,94896.72,94896.72,94896.72,94896.72,94896.72,94896.72,94896.72,94896.72,94896.72,94896.72,94896.72,94896.72,94896.72,94896.72,94896.72,94896.72,94896.72,94896.72,94896.72,94896.72,94896.72
117,100000.0,100000.0,100000.0,100000.0,100000.0,100000.0,100000.0,100000.0,100000.0,100000.0,100000.0,100000.0,100000.0,100000.0,100000.0,100000.0,100000.0,100000.0,100000.0,100000.0,100000.0,100000.0,100000.0,100000.0,100000.0,100000.0,100000.0,100000.0,100000.0,100000.0,100000.0,100000.0,100000.0,100000.0,100000.0,100000.0,100000.0,100000.0,100000.0,100000.0,100000.0,100000.0,100000.0,100000.0,94485.22,96538.91,96528.57,96514.92,96498.96,96482.58,96467.71,96455.0,96443.5,96431.85,96419.93,96409.19,96401.24,96396.01,96391.65,96386.11,96378.57,96369.46,96359.59,96349.55,96339.68,96330.07,96320.64,96311.23,96301.75,96292.23,96282.72,96273.24,96263.78,96254.35,96244.95,96235.58,96226.24,96216.92,96207.64,96198.38,96189.15,96179.94,96170.77,96161.62,96152.51,96143.42,96134.36,96125.33,96116.32,96107.35,96098.4,96089.49,96080.6,96071.74,96071.74,96071.74,96071.74,96071.74,96071.74,96071.74,96071.74,96071.74,96071.74,96071.74,96071.74,96071.74,96071.74,96071.74,96071.74,96071.74,96071.74,96071.74,96071.74,96071.74,96071.74,96071.74,96071.74,96071.74,96071.74,96071.74,96071.74,96071.74,96071.74,96071.74,96071.74,96071.74,96071.74,96071.74,96071.74,96071.74,96071.74,96071.74,96071.74,96071.74,96071.74,96071.74,96071.74,96071.74,96071.74,96071.74,96071.74,96071.74,96071.74,96071.74,96071.74,96071.74,96071.74,96071.74,96071.74,96071.74,96071.74,96071.74,96071.74,96071.74,96071.74,96071.74,96071.74,96071.74,96071.74,96071.74,96071.74,96071.74,96071.74,96071.74,96071.74,96071.74,96071.74,96071.74,96071.74,96071.74,96071.74,96071.74,96071.74,96071.74,96071.74,96071.74,96071.74,96071.74,96071.74,96071.74
118,100000.0,100000.0,100000.0,100000.0,100000.0,100000.0,100000.0,100000.0,100000.0,100000.0,100000.0,100000.0,100000.0,100000.0,100000.0,100000.0,100000.0,100000.0,100000.0,100000.0,100000.0,100000.0,100000.0,100000.0,100000.0,100000.0,100000.0,100000.0,100000.0,100000.0,100000.0,100000.0,100000.0,100000.0,100000.0,100000.0,100000.0,100000.0,100000.0,100000.0,100000.0,100000.0,100000.0,100000.0,95283.79,97374.5,97366.66,97356.31,97344.2,97331.77,97320.49,97310.85,97302.13,97293.29,97284.25,97276.1,97270.07,97266.1,97262.8,97258.59,97252.87,97245.96,97238.47,97230.86,97223.37,97216.08,97208.93,97201.79,97194.6,97187.38,97180.17,97172.97,97165.8,97158.65,97151.52,97144.41,97137.32,97130.25,97123.21,97116.18,97109.18,97102.2,97095.24,97088.3,97081.39,97074.49,97067.62,97060.77,97053.94,97047.13,97040.35,97033.58,97026.84,97020.12,97020.12,97020.12,97020.12,97020.12,97020.12,97020.12,97020.12,97020.12,97020.12,97020.12,97020.12,97020.12,97020.12,97020.12,97020.12,97020.12,97020.12,97020.12,97020.12,97020.12,97020.12,97020.12,97020.12,97020.12,97020.12,97020.12,97020.12,97020.12,97020.12,97020.12,97020.12,97020.12,97020.12,97020.12,97020.12,97020.12,97020.12,97020.12,97020.12,97020.12,97020.12,97020.12,97020.12,97020.12,97020.12,97020.12,97020.12,97020.12,97020.12,97020.12,97020.12,97020.12,97020.12,97020.12,97020.12,97020.12,97020.12,97020.12,97020.12,97020.12,97020.12,97020.12,97020.12,97020.12,97020.12,97020.12,97020.12,97020.12,97020.12,97020.12,97020.12,97020.12,97020.12,97020.12,97020.12,97020.12,97020.12,97020.12,97020.12,97020.12,97020.12,97020.12,97020.12,97020.12,97020.12,97020.12
119,100000.0,100000.0,100000.0,100000.0,100000.0,100000.0,100000.0,100000.0,100000.0,100000.0,100000.0,100000.0,100000.0,100000.0,100000.0,100000.0,100000.0,100000.0,100000.0,100000.0,100000.0,100000.0,100000.0,100000.0,100000.0,100000.0,100000.0,100000.0,100000.0,100000.0,100000.0,100000.0,100000.0,100000.0,100000.0,100000.0,100000.0,100000.0,100000.0,100000.0,100000.0,100000.0,100000.0,100000.0,95924.96,98045.4,98039.56,98031.85,98022.84,98013.59,98005.19,97998.01,97991.52,97984.94,97978.2,97972.14,97967.65,97964.7,97962.24,97959.11,97954.85,97949.7,97944.13,97938.46,97932.89,97927.46,97922.13,97916.82,97911.47,97906.09,97900.72,97895.36,97890.02,97884.7,97879.39,97874.1,97868.82,97863.56,97858.32,97853.09,97847.87,97842.68,97837.5,97832.33,97827.18,97822.05,97816.93,97811.83,97806.75,97801.68,97796.63,97791.59,97786.57,97781.57,97781.57,97781.57,97781.57,97781.57,97781.57,97781.57,97781.57,97781.57,97781.57,97781.57,97781.57,97781.57,97781.57,97781.57,97781.57,97781.57,97781.57,97781.57,97781.57,97781.57,97781.57,97781.57,97781.57,97781.57,97781.57,97781.57,97781.57,97781.57,97781.57,97781.57,97781.57,97781.57,97781.57,97781.57,97781.57,97781.57,97781.57,97781.57,97781.57,97781.57,97781.57,97781.57,97781.57,97781.57,97781.57,97781.57,97781.57,97781.57,97781.57,97781.57,97781.57,97781.57,97781.57,97781.57,97781.57,97781.57,97781.57,97781.57,97781.57,97781.57,97781.57,97781.57,97781.57,97781.57,97781.57,97781.57,97781.57,97781.57,97781.57,97781.57,97781.57,97781.57,97781.57,97781.57,97781.57,97781.57,97781.57,97781.57,97781.57,97781.57,97781.57,97781.57,97781.57,97781.57,97781.57,97781.57
120,100000.0,100000.0,100000.0,100000.0,100000.0,100000.0,100000.0,100000.0,100000.0,100000.0,100000.0,100000.0,100000.0,100000.0,100000.0,100000.0,100000.0,100000.0,100000.0,100000.0,100000.0,100000.0,100000.0,100000.0,100000.0,100000.0,100000.0,100000.0,100000.0,100000.0,100000.0,100000.0,100000.0,100000.0,100000.0,100000.0,100000.0,100000.0,100000.0,100000.0,100000.0,100000.0,100000.0,100000.0,96437.58,98581.79,98577.55,98571.96,98565.42,98558.71,98552.62,98547.41,98542.7,98537.92,98533.04,98528.64,98525.38,98523.24,98521.45,98519.18,98516.09,98512.36,98508.31,98504.2,98500.15,98496.22,98492.35,98488.5,98484.61,98480.71,98476.82,98472.93,98469.05,98465.19,98461.34,98457.5,98453.67,98449.85,98446.05,98442.25,98438.47,98434.7,98430.94,98427.19,98423.46,98419.73,98416.02,98412.32,98408.63,98404.96,98401.29,98397.64,98393.99,98390.36,98390.36,98390.36,98390.36,98390.36,98390.36,98390.36,98390.36,98390.36,98390.36,98390.36,98390.36,98390.36,98390.36,98390.36,98390.36,98390.36,98390.36,98390.36,98390.36,98390.36,98390.36,98390.36,98390.36,98390.36,98390.36,98390.36,98390.36,98390.36,98390.36,98390.36,98390.36,98390.36,98390.36,98390.36,98390.36,98390.36,98390.36,98390.36,98390.36,98390.36,98390.36,98390.36,98390.36,98390.36,98390.36,98390.36,98390.36,98390.36,98390.36,98390.36,98390.36,98390.36,98390.36,98390.36,98390.36,98390.36,98390.36,98390.36,98390.36,98390.36,98390.36,98390.36,98390.36,98390.36,98390.36,98390.36,98390.36,98390.36,98390.36,98390.36,98390.36,98390.36,98390.36,98390.36,98390.36,98390.36,98390.36,98390.36,98390.36,98390.36,98390.36,98390.36,98390.36,98390.36,98390.36,98390.36
121,100000.0,100000.0,100000.0,100000.0,100000.0,100000.0,100000.0,100000.0,100000.0,100000.0,100000.0,100000.0,100000.0,100000.0,100000.0,100000.0,100000.0,100000.0,100000.0,100000.0,100000.0,100000.0,100000.0,100000.0,100000.0,100000.0,100000.0,100000.0,100000.0,100000.0,100000.0,100000.0,100000.0,100000.0,100000.0,100000.0,100000.0,100000.0,100000.0,100000.0,100000.0,100000.0,100000.0,100000.0,96846.05,99009.2,99006.24,99002.33,98997.77,98993.08,98988.82,98985.18,98981.89,98978.55,98975.14,98972.07,98969.79,98968.29,98967.05,98965.46,98963.3,98960.69,98957.87,98954.99,98952.17,98949.42,98946.72,98944.02,98941.31,98938.59,98935.86,98933.15,98930.44,98927.74,98925.05,98922.37,98919.69,98917.03,98914.37,98911.72,98909.08,98906.44,98903.81,98901.2,98898.59,98895.98,98893.39,98890.81,98888.23,98885.66,98883.1,98880.55,98878.0,98875.46,98875.46,98875.46,98875.46,98875.46,98875.46,98875.46,98875.46,98875.46,98875.46,98875.46,98875.46,98875.46,98875.46,98875.46,98875.46,98875.46,98875.46,98875.46,98875.46,98875.46,98875.46,98875.46,98875.46,98875.46,98875.46,98875.46,98875.46,98875.46,98875.46,98875.46,98875.46,98875.46,98875.46,98875.46,98875.46,98875.46,98875.46,98875.46,98875.46,98875.46,98875.46,98875.46,98875.46,98875.46,98875.46,98875.46,98875.46,98875.46,98875.46,98875.46,98875.46,98875.46,98875.46,98875.46,98875.46,98875.46,98875.46,98875.46,98875.46,98875.46,98875.46,98875.46,98875.46,98875.46,98875.46,98875.46,98875.46,98875.46,98875.46,98875.46,98875.46,98875.46,98875.46,98875.46,98875.46,98875.46,98875.46,98875.46,98875.46,98875.46,98875.46,98875.46,98875.46,98875.46,98875.46,98875.46
122,100000.0,100000.0,100000.0,100000.0,100000.0,100000.0,100000.0,100000.0,100000.0,100000.0,100000.0,100000.0,100000.0,100000.0,100000.0,100000.0,100000.0,100000.0,100000.0,100000.0,100000.0,100000.0,100000.0,100000.0,100000.0,100000.0,100000.0,100000.0,100000.0,100000.0,100000.0,100000.0,100000.0,100000.0,100000.0,100000.0,100000.0,100000.0,100000.0,100000.0,100000.0,100000.0,100000.0,100000.0,97170.66,99348.86,99346.91,99344.35,99341.34,99338.26,99335.46,99333.07,99330.91,99328.72,99326.47,99324.45,99322.96,99321.97,99321.15,99320.11,99318.69,99316.98,99315.12,99313.23,99311.38,99309.57,99307.79,99306.02,99304.24,99302.45,99300.66,99298.88,99297.1,99295.32,99293.56,99291.79,99290.03,99288.28,99286.54,99284.79,99283.06,99281.33,99279.6,99277.88,99276.16,99274.45,99272.75,99271.05,99269.36,99267.67,99265.98,99264.31,99262.64,99260.97,99260.97,99260.97,99260.97,99260.97,99260.97,99260.97,99260.97,99260.97,99260.97,99260.97,99260.97,99260.97,99260.97,99260.97,99260.97,99260.97,99260.97,99260.97,99260.97,99260.97,99260.97,99260.97,99260.97,99260.97,99260.97,99260.97,99260.97,99260.97,99260.97,99260.97,99260.97,99260.97,99260.97,99260.97,99260.97,99260.97,99260.97,99260.97,99260.97,99260.97,99260.97,99260.97,99260.97,99260.97,99260.97,99260.97,99260.97,99260.97,99260.97,99260.97,99260.97,99260.97,99260.97,99260.97,99260.97,99260.97,99260.97,99260.97,99260.97,99260.97,99260.97,99260.97,99260.97,99260.97,99260.97,99260.97,99260.97,99260.97,99260.97,99260.97,99260.97,99260.97,99260.97,99260.97,99260.97,99260.97,99260.97,99260.97,99260.97,99260.97,99260.97,99260.97,99260.97,99260.97,99260.97,99260.97
123,100000.0,100000.0,100000.0,100000.0,100000.0,100000.0,100000.0,100000.0,100000.0,100000.0,100000.0,100000.0,100000.0,100000.0,100000.0,100000.0,100000.0,100000.0,100000.0,100000.0,100000.0,100000.0,100000.0,100000.0,100000.0,100000.0,100000.0,100000.0,100000.0,100000.0,100000.0,100000.0,100000.0,100000.0,100000.0,100000.0,100000.0,100000.0,100000.0,100000.0,100000.0,100000.0,100000.0,100000.0,97428.07,99618.2,99617.06,99615.56,99613.8,99611.99,99610.35,99608.95,99607.68,99606.39,99605.08,99603.89,99603.02,99602.44,99601.96,99601.35,99600.51,99599.51,99598.42,99597.31,99596.23,99595.17,99594.12,99593.09,99592.04,99590.99,99589.94,99588.9,99587.85,99586.81,99585.78,99584.74,99583.71,99582.68,99581.66,99580.64,99579.62,99578.6,99577.59,99576.58,99575.58,99574.58,99573.58,99572.58,99571.59,99570.6,99569.61,99568.63,99567.65,99566.67,99566.67,99566.67,99566.67,99566.67,99566.67,99566.67,99566.67,99566.67,99566.67,99566.67,99566.67,99566.67,99566.67,99566.67,99566.67,99566.67,99566.67,99566.67,99566.67,99566.67,99566.67,99566.67,99566.67,99566.67,99566.67,99566.67,99566.67,99566.67,99566.67,99566.67,99566.67,99566.67,99566.67,99566.67,99566.67,99566.67,99566.67,99566.67,99566.67,99566.67,99566.67,99566.67,99566.67,99566.67,99566.67,99566.67,99566.67,99566.67,99566.67,99566.67,99566.67,99566.67,99566.67,99566.67,99566.67,99566.67,99566.67,99566.67,99566.67,99566.67,99566.67,99566.67,99566.67,99566.67,99566.67,99566.67,99566.67,99566.67,99566.67,99566.67,99566.67,99566.67,99566.67,99566.67,99566.67,99566.67,99566.67,99566.67,99566.67,99566.67,99566.67,99566.67,99566.67,99566.67,99566.67,99566.67
124,100000.0,100000.0,100000.0,100000.0,100000.0,100000.0,100000.0,100000.0,100000.0,100000.0,100000.0,100000.0,100000.0,100000.0,100000.0,100000.0,100000.0,100000.0,100000.0,100000.0,100000.0,100000.0,100000.0,100000.0,100000.0,100000.0,100000.0,100000.0,100000.0,100000.0,100000.0,100000.0,100000.0,100000.0,100000.0,100000.0,100000.0,100000.0,100000.0,100000.0,100000.0,100000.0,100000.0,100000.0,97631.85,99831.43,99830.92,99830.26,99829.48,99828.68,99827.96,99827.34,99826.78,99826.21,99825.63,99825.11,99824.72,99824.47,99824.26,99823.99,99823.62,99823.17,99822.69,99822.2,99821.72,99821.26,99820.8,99820.34,99819.88,99819.41,99818.95,99818.49,99818.03,99817.57,99817.11,99816.65,99816.2,99815.75,99815.29,99814.84,99814.39,99813.94,99813.5,99813.05,99812.61,99812.17,99811.72,99811.28,99810.85,99810.41,99809.97,99809.54,99809.11,99808.67,99808.67,99808.67,99808.67,99808.67,99808.67,99808.67,99808.67,99808.67,99808.67,99808.67,99808.67,99808.67,99808.67,99808.67,99808.67,99808.67,99808.67,99808.67,99808.67,99808.67,99808.67,99808.67,99808.67,99808.67,99808.67,99808.67,99808.67,99808.67,99808.67,99808.67,99808.67,99808.67,99808.67,99808.67,99808.67,99808.67,99808.67,99808.67,99808.67,99808.67,99808.67,99808.67,99808.67,99808.67,99808.67,99808.67,99808.67,99808.67,99808.67,99808.67,99808.67,99808.67,99808.67,99808.67,99808.67,99808.67,99808.67,99808.67,99808.67,99808.67,99808.67,99808.67,99808.67,99808.67,99808.67,99808.67,99808.67,99808.67,99808.67,99808.67,99808.67,99808.67,99808.67,99808.67,99808.67,99808.67,99808.67,99808.67,99808.67,99808.67,99808.67,99808.67,99808.67,99808.67,99808.67,99808.67
125,100000.0,100000.0,100000.0,100000.0,100000.0,100000.0,100000.0,100000.0,100000.0,100000.0,100000.0,100000.0,100000.0,100000.0,100000.0,100000.0,100000.0,100000.0,100000.0,100000.0,100000.0,100000.0,100000.0,100000.0,100000.0,100000.0,100000.0,100000.0,100000.0,100000.0,100000.0,100000.0,100000.0,100000.0,100000.0,100000.0,100000.0,100000.0,100000.0,100000.0,100000.0,100000.0,100000.0,100000.0,100000.0,100000.0,100000.0,100000.0,100000.0,100000.0,100000.0,100000.0,100000.0,100000.0,100000.0,100000.0,100000.0,100000.0,100000.0,100000.0,100000.0,100000.0,100000.0,100000.0,100000.0,100000.0,100000.0,100000.0,100000.0,100000.0,100000.0,100000.0,100000.0,100000.0,100000.0,100000.0,100000.0,100000.0,100000.0,100000.0,100000.0,100000.0,100000.0,100000.0,100000.0,100000.0,100000.0,100000.0,100000.0,100000.0,100000.0,100000.0,100000.0,100000.0,100000.0,100000.0,100000.0,100000.0,100000.0,100000.0,100000.0,100000.0,100000.0,100000.0,100000.0,100000.0,100000.0,100000.0,100000.0,100000.0,100000.0,100000.0,100000.0,100000.0,100000.0,100000.0,100000.0,100000.0,100000.0,100000.0,100000.0,100000.0,100000.0,100000.0,100000.0,100000.0,100000.0,100000.0,100000.0,100000.0,100000.0,100000.0,100000.0,100000.0,100000.0,100000.0,100000.0,100000.0,100000.0,100000.0,100000.0,100000.0,100000.0,100000.0,100000.0,100000.0,100000.0,100000.0,100000.0,100000.0,100000.0,100000.0,100000.0,100000.0,100000.0,100000.0,100000.0,100000.0,100000.0,100000.0,100000.0,100000.0,100000.0,100000.0,100000.0,100000.0,100000.0,100000.0,100000.0,100000.0,100000.0,100000.0,100000.0,100000.0,100000.0,100000.0,100000.0,100000.0,100000.0,100000.0
