age,1981,1982,1983,1984,1985,1986,1987,1988,1989,1990,1991,1992,1993,1994,1995,1996,1997,1998,1999,2000,2001,2002,2003,2004,2005,2006,2007,2008,2009,2010,2011,2012,2013,2014,2015,2016,2017,2018,2019,2020,2021,2022,2023,2024,2025,2026,2027,2028,2029,2030,2031,2032,2033,2034,2035,2036,2037,2038,2039,2040,2041,2042,2043,2044,2045,2046,2047,2048,2049,2050,2051,2052,2053,2054,2055,2056,2057,2058,2059,2060,2061,2062,2063,2064,2065,2066,2067,2068,2069,2070,2071,2072,2073,2074,2075,2076,2077,2078,2079,2080,2081,2082,2083,2084,2085,2086,2087,2088,2089,2090,2091,2092,2093,2094,2095,2096,2097,2098,2099,2100,2101,2102,2103,2104,2105,2106,2107,2108,2109,2110,2111,2112,2113,2114,2115,2116,2117,2118,2119,2120,2121,2122,2123,2124,2125,2126,2127,2128,2129,2130,2131,2132,2133,2134,2135,2136,2137,2138,2139,2140,2141,2142,2143,2144,2145,2146,2147,2148,2149,2150
0,1224.84,1280.69,1124.77,1174.88,1007.87,985.51,973.37,947.16,1011.35,882.46,871.45,786.87,736.01,671.84,638.29,679.41,608.13,616.74,565.03,631.77,578.64,637.89,544.25,577.47,566.44,509.75,521.49,460.37,469.46,398.7,460.96,445.24,339.16,379.5,348.61,331.45,373.37,309.4,311.13,306.43,299.32,292.55,286.12,280.0,274.17,268.63,263.35,258.33,253.55,248.99,244.66,240.53,236.6,232.85,229.29,225.89,222.64,219.55,216.6,213.78,211.08,208.49,205.97,203.51,201.07,198.66,196.28,193.92,191.6,189.3,187.03,184.79,182.58,180.39,178.23,176.09,173.98,171.89,169.83,167.8,165.78,163.8,161.83,159.89,157.98,156.08,154.21,152.36,150.53335822875607,148.7285960500508,146.9454520479761,145.18366759637286,143.44298735114,141.72315892202843,140.02393295469255,138.34506313069036,136.68630592132897,135.04742083381902,133.4281700830689,131.8283190019419,130.24763546689627,128.68589006208785,127.14285648962758,125.61831066701534,124.11203162970597,122.62380071059495,121.1534020323268,119.70062217908941,118.26525036071713,116.84707833063896,115.44590030382737,114.06151287474681,112.69371509940504,111.34230849535328,110.00709679553177,108.68788635852704,107.38448559421178,106.0967052098992,104.82435837444585,103.56726030799449,102.32522844607689,101.09808243961395,99.88564423696694,98.68773759162907,97.50418863658545,96.33482555610733,95.17947842164928,94.0379794380034,92.9101627791966,91.79586475259327,90.6949233886383,89.60717876906268,88.5324729448321,87.4706497720441,86.42155491192801,85.38503607699938,84.36094253875119,83.34912561996254,82.34943812033869,81.36173500574294,80.38587260409273,79.42170914689895,78.46910450670151,77.52792025450515,76.59801959413852,75.67926738686938,74.77153009396878,73.87467577671087,72.98857407175771,72.11309618295385,71.24811484850598,70.39350433277764,69.54914038526358,68.71490026520513,67.89066269235943,67.076307830589,66.27171728786188,65.47677406702063,64.69136260680818,63.915368683406044,63.148679484280564,62.39118350972124,61.642770613866446,60.90333196367771,60.17276003073453,59.45094856661899,58.737792594710605,58.03318841018625,57.337033522584264,56.64922668862495
1,67.22,112.14,76.98,120.67,70.66,81.35,62.35,63.05,67.9,91.15,86.15,65.82,41.63,58.17,43.99,52.09,29.93,46.16,44.27,35.08,14.6,41.44,49.6,56.27,28.84,39.14,17.55,37.35,36.31,19.79,40.41,26.05,26.59,20.45,27.47,27.58,17.39,28.79,39.79,39.22,38.34,37.5,36.7,35.94,35.21,34.52,33.86,33.23,32.63,32.05,31.51,30.99,30.49,30.01,29.56,29.13,28.71,28.32,27.94,27.58,27.23,26.89,26.57,26.25,25.94,25.63,25.32,25.01,24.71,24.42,24.12,23.83,23.55,23.27,22.99,22.71,22.44,22.17,21.9,21.64,21.38,21.12,20.87,20.62,20.37,20.13,19.89,19.65,19.414220813433783,19.181270475363636,18.951115058089634,18.723721029955026,18.49905526634745,18.277085038697745,18.057778025481127,17.84110225721121,17.6270261824472,17.41551861278788,17.20654873387285,17.00008610538247,16.796100650036703,16.594562642593917,16.395442731853255,16.198711896649847,16.004341500860825,15.812303205395713,15.622569034203618,15.435111363272046,15.24990286562089,15.066916566308432,14.886125798426557,14.70750422510313,14.531025828500812,14.356664898815861,14.18439603427812,14.014194119148627,13.846034378725612,13.6798922913349,13.515743665338302,13.353564584127634,13.193331428127092,13.035020830788467,12.878609733597148,12.724075353068516,12.57139516974674,12.42054695020719,12.271508692050418,12.124258711911782,11.978775524448228,11.83503795235029,11.693025038332506,11.552716111140596,11.414090708543085,11.277128643338484,11.141809948349302,11.008114920426836,10.876024070945785,10.7455181566076,10.616578160738444,10.489185296589547,10.36332100183663,10.238966936379637,10.116104982342746,9.994717237473655,9.874786014043451,9.756293835546263,9.639223438899485,9.523557764542712,9.409279958637974,9.296373370869494,9.184821546742848,9.074608234185693,8.965717372546553,8.858133095895196,8.751839727522016,8.646821777737811,8.543063944973886,8.44055111138159,8.339268336231578,8.23920086361467,8.140334111440632,8.042653673638434,7.9461453146556345,7.850794973858874,7.7565887545326655,7.663512931580235,7.571553941622451,7.480698382997813,7.390933017962697,7.302244766090635
2,51.62,52.93,43.41,53.56,36.52,40.18,36.46,44.95,45.0,44.26,39.66,33.92,44.95,20.82,30.72,44.19,26.15,33.29,19.84,34.22,14.04,29.02,22.55,26.64,59.81,18.05,17.67,24.48,17.01,19.89,13.3,13.45,16.25,23.12,16.9,40.86,17.15,10.38,12.26,12.06,11.76,11.47,11.2,10.95,10.71,10.48,10.26,10.06,9.86,9.68,9.5,9.33,9.17,9.02,8.88,8.75,8.62,8.5,8.38,8.27,8.16,8.06,7.97,7.87,7.78,7.68,7.59,7.5,7.41,7.32,7.23,7.15,7.06,6.97,6.89,6.81,6.73,6.65,6.57,6.49,6.41,6.33,6.26,6.18,6.11,6.03,5.96,5.89,5.819321958999321,5.749492006561235,5.680499969444914,5.612335790957132,5.544989540402069,5.478451401531559,5.412711679894927,5.347760793389186,5.283589278558917,5.220187783246405,5.157547068691608,5.095658005332238,5.034511575953695,4.974098867289243,4.914411078419837,4.85543950922436,4.7971755656295105,4.7396107585598335,4.68273669763784,4.626545095383929,4.571027761966491,4.51617660940182,4.461983641054333,4.4084409610863755,4.355540767108373,4.303275349128848,4.251637090604401,4.200618466339759,4.150212040387811,4.100410468149567,4.051206492174247,4.002592941109299,3.9545627297004033,3.907108859841445,3.8602244153246286,3.8139025639404287,3.76813655432766,3.72291971807343,3.6782454634132717,3.6341072815310107,3.590498740258898,3.54741348302763,3.504845232016284,3.4627877829024256,3.4212350059120893,3.380180846869753,3.339619321948449,3.299544519769721,3.259950600353643,3.220831793018866,3.1821823974325922,3.143996780460645,3.1062693772174415,3.0689946889660416,3.032167284168121,2.99578179638402,2.9598329211228016,2.92431542109215,2.8892241188485173,2.8545539009970393,2.8202997139916204,2.7864565662348935,2.753019525978258,2.7199837192219274,2.6873443328648645,2.655096608404907,2.623235847188663,2.5917574051616183,2.560656696018072,2.5299291859512416,2.4995703968032026,2.469575905014907,2.4399413384762485,2.41066237862602,2.3817347573019805,2.3531542609407623,2.3249167221780507,2.297018027198429,2.2694541083855304,2.242220949571932,2.2153145828892145,2.188731084568055
3,55.3,45.76,38.47,46.47,26.96,33.61,24.9,52.13,41.88,29.94,32.54,33.59,30.78,32.93,26.8,12.32,25.39,22.91,23.32,9.96,17.15,20.97,36.15,7.47,22.71,7.46,43.08,10.55,7.0,27.33,6.65,6.64,6.7,9.71,16.41,3.36,10.17,6.83,9.63,9.43,9.16,8.91,8.67,8.45,8.24,8.04,7.85,7.68,7.51,7.36,7.21,7.07,6.94,6.82,6.7,6.6,6.49,6.4,6.31,6.22,6.14,6.07,5.99,5.92,5.85,5.78,5.71,5.64,5.57,5.51,5.44,5.38,5.31,5.25,5.18,5.12,5.06,5.0,4.94,4.88,4.82,4.76,4.71,4.65,4.59,4.54,4.48,4.43,4.3768410578519035,4.324319997823892,4.27242916522494,4.221160998848041,4.170508027670763,4.12046286865563,4.071018228949742,4.022166903685157,3.9739017726794477,3.9262158026353315,3.8791020438412316,3.83255363127109,3.786563779085307,3.741125786129802,3.6962330315367637,3.6518789714252184,3.6080571422004617,3.5647611583544356,3.521984709166295,3.479721562001839,3.437965555714644,3.3967106061451227,3.35595070062146,3.31567989905943,3.2758923328625813,3.2365822038224277,3.19774378191882,3.159371407519574,3.121459489180845,3.084002500347692,3.046994982653513,3.010431543720422,2.974306852760002,2.938615648271986,2.9033527259463283,2.868512947461698,2.834091234986421,2.8000825733781034,2.766482004684571,2.733284633642929,2.7004856210806927,2.668080186115408,2.636063607254465,2.6044312190956633,2.5731784101275856,2.5423006260290366,2.511793366369605,2.481652186809286,2.4518726924996126,2.4224505435827157,2.3933814540915095,2.364661185350822,2.3362855525762627,2.30825041937517,2.280551702145853,2.2531853623789093,2.2261474110564743,2.1994339097520306,2.1730409629317293,2.146964725653066,2.121201398065829,2.095747223212469,2.070598493626976,2.045751542536379,2.02120274935981,1.9969485375088762,1.972985369988416,1.9493097548955558,1.925918243220088,1.9028074233454098,1.8799739298470197,1.8574144335942102,1.8351256461493144,1.8131043197677073,1.7913472451981816,1.7698512505831347,1.7486132047580065,1.7276300117522176,1.706898611888983,1.686415986184559,1.6661791475497465,1.6461851473887659
4,45.54,16.31,39.88,38.58,37.95,45.02,39.93,34.51,30.64,20.91,21.01,20.74,33.55,15.35,11.98,20.92,21.66,19.09,16.38,33.43,29.91,30.75,20.91,17.97,11.11,11.3,11.14,3.58,10.54,10.52,3.43,19.94,19.86,6.68,12.88,6.52,16.68,6.75,9.7,9.46,9.16,8.89,8.62,8.38,8.15,7.93,7.73,7.54,7.37,7.2,7.05,6.9,6.77,6.64,6.52,6.41,6.31,6.21,6.12,6.04,5.96,5.88,5.81,5.74,5.67,5.61,5.54,5.47,5.41,5.34,5.28,5.21,5.15,5.09,5.03,4.97,4.91,4.85,4.79,4.73,4.68,4.62,4.57,4.51,4.46,4.4,4.35,4.3,4.248400961251682,4.1974210875923905,4.147052950861316,4.0972892095766325,4.048122611216524,3.999545991078671,3.9515522711397373,3.9041344554933204,3.857285634912,3.8109989800042623,3.765267746917065,3.72008527163327,3.6754449676906233,3.6313403296032862,3.5877649317213276,3.5447124213876453,3.502176524640529,3.4601510439326377,3.4186298535689432,3.3776069031282745,3.337076212901261,3.297031877311875,3.2574680603553783,3.2183789944578076,3.17975898503803,3.141602403664663,3.1039036869155616,3.066657344361409,3.0298579448795624,2.9935001257781546,2.9575785905150704,2.9220881018548672,2.887023488711853,2.852379640447522,2.818151506870555,2.7843341016583567,2.7509224955139793,2.7179118195876617,2.6852972609147763,2.653074069258909,2.6212375457067263,2.589783052932594,2.5587060049339616,2.5280018727339257,2.4976661821002026,2.4676945124046195,2.438082494342084,2.408825813352125,2.379920206197356,2.3513614575419326,2.323145407935145,2.2952679435468006,2.2677250018697914,2.240512569439063,2.2136266795505937,2.187063413401906,2.160818901232577,2.1348893166216767,2.1092708821903328,2.0839598627586504,2.058952569907766,2.034245359698821,2.009834630391935,1.9857168247272345,1.9618884276438222,1.9383459674202947,1.915086011112688,1.8921051691165298,1.8694000928858143,1.8469674737924886,1.8248040408454265,1.8029065663929948,1.7812718558584344,1.7598967591449926,1.7387781580902772,1.7179129778713895,1.6972981755997927,1.6769307471643897,1.6568077238099856,1.6369261744183123,1.6172831998054635,1.5978759372839486
5,45.59,32.58,42.51,30.72,32.77,38.09,30.15,30.93,12.52,24.48,23.93,27.03,8.89,21.31,18.42,23.99,6.0,24.83,15.95,29.6,23.41,16.57,10.22,17.35,10.7,7.37,11.23,7.41,7.15,10.55,14.03,17.11,0.0,16.5,6.65,16.01,0.0,3.32,9.4,9.16,8.86,8.58,8.32,8.07,7.84,7.62,7.42,7.23,7.06,6.9,6.74,6.6,6.47,6.34,6.23,6.12,6.02,5.92,5.84,5.76,5.68,5.61,5.54,5.47,5.41,5.34,5.28,5.22,5.15,5.09,5.03,4.97,4.91,4.85,4.79,4.74,4.68,4.62,4.57,4.51,4.46,4.41,4.35,4.3,4.25,4.2,4.15,4.1,4.050800880846742,4.002192131149208,3.9541666654336094,3.906717485296298,3.8598376748806364,3.8135204042693456,3.7677589215690346,3.7225465585641087,3.6778767261936416,3.6337429145513798,3.590138691754956,3.5470577039458946,3.5044936707664864,3.4624403910136907,3.4208917347236705,3.379841646564136,3.339284145834343,3.299213320811189,3.259623332141557,3.220508408319189,3.1818628513385914,3.1436810276487916,3.105957373807237,3.0686863908258912,3.0318626486943616,2.995480778464429,2.9595354790347335,2.9240215126276543,2.8889337025277424,2.8542669364740667,2.8200161598755287,2.7861763825955457,2.7527426732981484,2.7197101583171985,2.6870740239179502,2.654829514035491,2.622971930274738,2.591496627387316,2.560399020056244,2.5296745749804654,2.4993188153979764,2.469327317693479,2.43969570913682,2.410419672406118,2.381494941064633,2.3529172995607732,2.324682582097312,2.296786674892946,2.2692255105283943,2.2419950747310837,2.215091397328901,2.1885105579040958,2.1622486824009393,2.136301943125725,2.110666558746766,2.0853387942943984,2.060314956637854,2.035591399008387,2.0111645198684913,1.9870307572579962,1.9631865955787524,1.9396285588099458,1.9163532127696592,1.8933571673764344,1.8706370687338072,1.8481896070457702,1.8260115109628718,1.8040995475822141,1.7824505235782344,1.7610612840719246,1.73992871150005,1.7190497256151476,1.6984212834855295,1.6780403794952796,1.6579040430826943,1.6380093387402805,1.6183533671455368,1.598933264030174,1.5797461990493324,1.560789374650802,1.5420600305981451,1.5235554349244507
6,38.69,36.57,35.93,26.22,33.83,17.93,38.23,18.18,9.27,28.12,27.55,20.97,12.0,17.74,24.4,18.44,6.0,15.03,24.87,12.82,16.47,6.66,16.53,6.77,13.78,24.81,7.31,18.64,18.51,14.32,21.09,10.5,6.83,13.23,13.15,16.54,6.38,19.37,9.03,8.8,8.51,8.24,7.98,7.75,7.53,7.32,7.13,6.95,6.78,6.62,6.48,6.34,6.21,6.09,5.98,5.88,5.78,5.69,5.61,5.53,5.46,5.39,5.32,5.26,5.2,5.13,5.07,5.01,4.95,4.89,4.83,4.78,4.72,4.66,4.61,4.55,4.5,4.44,4.39,4.34,4.28,4.23,4.18,4.13,4.08,4.03,3.98,3.94,3.8927208214625186,3.846008972833007,3.799857646887879,3.754260119350123,3.7092097432848052,3.664699953582663,3.6207242647183135,3.5772762662666455,3.5343496285073264,3.4919380934575996,3.450035481597686,3.4086356851453816,3.3677326714187608,3.3273204794734745,3.2873932189818533,3.2479450713538047,3.2089702886159137,3.170463190048745,3.1324181633077424,3.094829664423228,3.057692214437702,3.0210004027685473,2.984748880482625,2.9489323647798757,2.913545636751521,2.878583538017362,2.844040974088483,2.809912909883647,2.7761943719710986,2.7428804474476642,2.709966280576053,2.6774470727848554,2.6453180871521416,2.613574640559167,2.582212105932169,2.5512259133632678,2.520611546747765,2.4903645437841475,2.4604804970949847,2.430955051985128,2.401783903079016,2.372962802166968,2.3444875458752894,2.3163539857543696,2.288558021553281,2.2610956023406836,2.2339627265048194,2.2071554372699174,2.1806698294215905,2.1545020425814387,2.1286482645697458,2.103104724680083,2.077867701525606,2.0529335174345578,2.028298538450267,2.003959173210249,1.9799118763089054,1.9561531404512258,1.9326795054199843,1.9094875491085448,1.8865738908835568,1.8639351927058576,1.8415681535259725,1.8194695160095131,1.797636056449081,1.7760645948523641,1.7547519859749396,1.7336951249247712,1.712890942678613,1.6923364060820068,1.6720285212119825,1.6519643266516604,1.6321408990947486,1.6125553488619442,1.5932048221427342,1.5740864987535945,1.5551975921379906,1.5365353493663776,1.5180970500153006,1.4998800072882943,1.4818815657740836,1.464099102567483
7,14.39,20.92,39.72,52.37,39.38,43.2,30.01,32.49,18.16,18.49,28.11,12.25,23.93,11.97,5.92,3.05,21.47,21.02,15.06,6.24,16.06,9.84,6.63,9.88,6.73,10.29,10.55,18.19,7.44,14.81,10.74,7.02,3.5,10.22,6.59,16.36,6.59,6.36,7.89,7.7,7.45,7.22,7.01,6.81,6.62,6.44,6.28,6.12,5.98,5.84,5.72,5.6,5.49,5.39,5.29,5.2,5.11,5.04,4.96,4.89,4.83,4.77,4.71,4.65,4.6,4.54,4.49,4.44,4.38,4.33,4.28,4.23,4.18,4.13,4.08,4.03,3.98,3.93,3.88,3.84,3.79,3.75,3.7,3.66,3.61,3.57,3.53,3.48,3.4382406721073906,3.396982439604496,3.35621929050094,3.315945283347036,3.2761545504401792,3.236841290343257,3.1979997764350387,3.1596243462221905,3.121709407752065,3.0842494353375094,3.0472389695568642,3.010672617253965,2.974545048331745,2.9388509989586318,2.9035852662245563,2.8687427102785468,2.834318254328733,2.800306880367147,2.7667036334449238,2.733503614190707,2.7007019852234415,2.668293965808381,2.6362748329258894,2.604639920202635,2.5733846179116004,2.5425043697656795,2.511994676124077,2.4818510897171127,2.4520692177838206,2.4226447210031474,2.3935733102875605,2.364850747851845,2.3364728493507,2.30843547746595,2.280734547250535,2.2533660218533185,2.2263259114502882,2.199610275382154,2.1732152200167483,2.1471368998178297,2.121371512001086,2.0959153040157252,2.0707645639252905,2.0459156268204493,2.0213648716126,1.9971087199650717,1.973143636293124,1.9494661288327482,1.9260727453654718,1.9029600785623497,1.8801247585023775,1.8575634569476838,1.8352728873435307,1.8132497994743224,1.791490983738797,1.7699932700812302,1.7487535247850394,1.72776865261038,1.7070355935877515,1.6865513283619882,1.6663128707106707,1.6463172696817243,1.6265616127998117,1.607043020722343,1.5877586472394751,1.5687056835493052,1.5498813518450807,1.531282908521594,1.5129076441751834,1.4947528793285387,1.4768159687058957,1.4590942980266393,1.4415852840053056,1.424286376489178,1.4071950520454966,1.3903088214430463,1.3736252221705705,1.3571418248495581,1.3408562246838596,1.3247660500100724,1.3088689548159524,1.2931626219468098
8,18.82,34.7,20.99,30.64,26.26,19.71,21.65,15.07,14.74,12.07,27.73,15.63,27.49,14.91,17.94,5.93,18.33,18.39,9.01,3.02,15.62,6.4,3.27,19.75,16.35,10.06,13.62,14.01,14.5,11.15,7.41,14.31,10.53,6.97,6.79,6.56,9.77,6.57,6.82,6.66,6.46,6.27,6.09,5.92,5.76,5.61,5.47,5.34,5.22,5.11,5.0,4.9,4.8,4.72,4.63,4.56,4.48,4.42,4.35,4.29,4.24,4.18,4.13,4.08,4.03,3.99,3.94,3.89,3.84,3.8,3.75,3.71,3.66,3.62,3.58,3.53,3.49,3.45,3.41,3.37,3.33,3.29,3.25,3.21,3.17,3.13,3.09,3.06,3.0232805377790997,2.9870016965800352,2.9511581886287606,2.915744791126803,2.88075634212583,2.846187743621726,2.812033956397795,2.7782900031188444,2.744950967299818,2.7120119881490097,2.6794682667562117,2.6473150609359237,2.615547683164634,2.5841615036748986,2.5531519494239787,2.5225145009997685,2.4922446926207935,2.4623381131675695,2.4327904041198862,2.403597259556808,2.374754425125313,2.346257695977579,2.3181029198650585,2.2902859940444,2.2628028632147372,2.235649523643117,2.2088220159449956,2.1823164323037427,2.1561289092511364,2.130255629730077,2.104692822063234,2.0794367630471133,2.0544837707325545,2.0298302075188066,2.005472482216239,1.9814070438581979,1.9576303847950762,1.934139040694318,1.9109295874463397,1.8879986421958905,1.8653428633420526,1.8429589484755229,1.8208436364413307,1.7989937032134056,1.77740596498865,1.756077275092866,1.7350045250121122,1.7141846433613477,1.6936145969157879,1.673291386485473,1.6532120510407,1.6333736635865908,1.6137733332258068,1.5944082020644774,1.5752754503689874,1.5563722872837553,1.5376959590820982,1.5192437440094408,1.5010129512519574,1.4830009250620044,1.465205040632688,1.4476227040978624,1.4302513515007744,1.4130884529194938,1.3961315062787651,1.3793780404440819,1.3628256131589704,1.3464718120763481,1.3303142547585236,1.3143505855831206,1.2985784778057956,1.2829956335602388,1.2675997797327387,1.252388675181692,1.2373601014553774,1.222511867948749,1.2078418119034338,1.1933477932509435,1.1790277018321789,1.1648794491465662,1.1509009735088476,1.1370902379863643
9,25.17,32.41,26.1,27.02,21.52,16.44,19.76,21.68,18.05,11.76,21.13,9.28,46.88,15.21,23.84,17.97,14.86,24.47,6.12,24.04,15.13,15.61,12.77,16.26,16.34,9.77,3.33,10.17,3.49,14.46,7.43,18.5,10.72,7.0,6.95,6.75,0.0,0.0,5.69,5.56,5.4,5.24,5.09,4.96,4.83,4.71,4.59,4.49,4.39,4.29,4.2,4.12,4.04,3.97,3.9,3.84,3.78,3.72,3.67,3.62,3.57,3.53,3.48,3.44,3.4,3.36,3.32,3.28,3.24,3.2,3.16,3.12,3.09,3.05,3.01,2.98,2.94,2.91,2.87,2.84,2.8,2.77,2.74,2.7,2.67,2.64,2.61,2.58,2.549040428448879,2.5184523616845893,2.4882313407685936,2.4583729629829487,2.4288728763004186,2.3997267812277645,2.370930429884101,2.342479626922544,2.3143702240003146,2.286598126230285,2.2591592848077835,2.2320497016188416,2.205265425553597,2.1788025534279414,2.1526572281402263,2.1268256395929064,2.101304022849245,2.076088658133316,2.051175871751645,2.0265620314849735,2.0022435511964987,1.9782168871452768,1.9544785361429282,1.9310250392402304,1.9078529780405238,1.8849589765430097,1.8623396974561526,1.8399918440409788,1.8179121601110777,1.7960974263460037,1.7745444648995223,1.7532501338697164,1.7322113300639312,1.7114249871554796,1.6908880756836382,1.6705976030536502,1.6505506107717767,1.6307441790535424,1.6111754194505432,1.5918414813019899,1.5727395471264614,1.5538668317002575,1.535220584822345,1.5167980894710593,1.4985966599608072,1.480613644707013,1.4628464216178743,1.445292402702606,1.4279490285415468,1.4108137710511064,1.393884133483765,1.3771576495064246,1.360631879513811,1.3443044161583717,1.3281728788203786,1.3122349182161739,1.296488209946627,1.28093045910538,1.2655593993571974,1.2503727892513716,1.2353684168299668,1.2205440940979253,1.2058976607096625,1.1914269821257717,1.17712994961302,1.1630044793227026,1.149048512290641,1.1352600153588328,1.121636978410504,1.108177415291758,1.0948793656548748,1.0817408903500636,1.0687600741904124,1.0559350268735348,1.0432638783733268,1.0307447817049114,1.0183759129246412,1.0061554683651497,0.9940816683219474,0.9821527515235283,0.970366980661264,0.9587226377811576
10,33.2,30.33,21.65,26.15,45.16,27.76,23.04,23.12,24.72,26.99,14.69,12.12,18.62,21.86,15.18,14.93,20.97,17.84,12.23,15.3,21.03,12.1,9.36,6.36,22.61,9.77,19.4,9.94,0.0,6.95,3.6,7.42,3.69,14.25,10.45,6.91,3.36,9.77,5.45,5.32,5.17,5.02,4.88,4.74,4.62,4.51,4.4,4.29,4.2,4.11,4.02,3.94,3.87,3.8,3.73,3.67,3.61,3.56,3.51,3.46,3.41,3.37,3.33,3.29,3.25,3.21,3.17,3.14,3.1,3.06,3.02,2.99,2.95,2.92,2.88,2.85,2.81,2.78,2.75,2.71,2.68,2.65,2.62,2.59,2.55,2.52,2.49,2.46,2.4304804137703733,2.4013150514828725,2.3724996639166984,2.3440300522405044,2.315902066274827,2.288111607967221,2.260654626179559,2.2335271192943793,2.206725134346107,2.180244764414698,2.1540821521007767,2.1282334825753657,2.1026949896613725,2.0774629514896694,2.0525336904990947,2.027903574305237,2.003569011356515,1.979526457015664,1.955772407478252,1.9323033997726773,1.9091160134977363,1.8862068699538412,1.8635726304054507,1.8412099952122887,1.8191157073044766,1.7972865443634822,1.7757193257723876,1.7544109091407556,1.7333581885670617,1.7125580955074782,1.6920075979070905,1.6717037028062487,1.651643448521512,1.631823913333489,1.6122422085365664,1.5928954793076924,1.573780906443945,1.5548957046249643,1.536237120675385,1.5178024370399719,1.4995889648333482,1.4815940507902687,1.4638150720529142,1.4462494370396772,1.428894586313945,1.4117479908465325,1.394807151146898,1.3780695981319275,1.3615328922571517,1.3451946243855275,1.3290524123123053,1.31310390337138,1.2973467744352891,1.281778727571297,1.2663974952540944,1.251200835153099,1.2361865318700205,1.2213523978076448,1.2066962705634847,1.192216014667345,1.1779095189749733,1.1637747001431928,1.1498094956796348,1.1360118717617906,1.1223798180243096,1.1089113458214335,1.0956044934396951,1.0824573217540032,1.0694679133588574,1.0566343769122666,1.0439548401854795,1.0314274570132547,1.0190503994748066,1.0068218657128598,0.9947400729833777,0.982803259393133,0.9710096865060549,0.9593576341305301,0.9478454055321038,0.9364713222207776,0.9252337256885758,0.9141309791471154
11,37.31,33.4,38.02,32.56,29.15,27.2,9.28,16.5,36.21,30.82,3.0,20.63,33.43,18.64,15.62,21.28,5.98,26.97,11.9,21.39,15.27,21.0,21.18,18.7,15.8,9.66,22.6,6.43,6.59,6.72,17.3,14.37,11.11,25.77,14.21,3.47,3.44,6.71,6.14,6.0,5.81,5.64,5.48,5.32,5.18,5.05,4.92,4.8,4.69,4.59,4.49,4.4,4.31,4.23,4.16,4.09,4.02,3.96,3.91,3.85,3.8,3.75,3.71,3.66,3.62,3.58,3.53,3.49,3.45,3.41,3.37,3.33,3.29,3.25,3.21,3.17,3.13,3.09,3.06,3.02,2.98,2.95,2.91,2.88,2.84,2.81,2.78,2.74,2.707120494416892,2.6746355321899618,2.6425403774322094,2.610830352702172,2.5795008381047664,2.5485472667954747,2.517965127677831,2.4877499645042622,2.4578973722794344,2.4284030026552306,2.399262554939127,2.3704717841866527,2.342026493108929,2.313922536568483,2.2861558197809217,2.2587222938191203,2.2316179628065207,2.2048388758246724,2.178381129610717,2.1522408694565547,2.126414283813866,2.100897610588249,2.075687129945924,2.050779168809542,2.0261700963623737,2.0018563258466364,1.9778343136643293,1.9541005602763972,1.9306516048077562,1.9074840313414296,1.884594462624413,1.8619795636643228,1.8396360372335852,1.8175606283652472,1.7957501180588409,1.7742013295745198,1.7529111212397608,1.7318763900460123,1.7110940716486958,1.690561135871393,1.6702745903024967,1.6502314793960466,1.6304288808750818,1.6108639093282904,1.5915337135125198,1.5724354763527806,1.5535664131439193,1.5349237760464312,1.5165048459939994,1.498306938987631,1.4803274042973313,1.4625636199662964,1.4450129973067187,1.4276729791014684,1.4105410378057641,1.3936146764463384,1.3768914277222746,1.3603688558033304,1.3440445518341284,1.3279161357324791,1.3119812588868682,1.2962375969631597,1.2806828570978916,1.2653147707049806,1.2501310988706937,1.2351296287570002,1.2203081736015708,1.2056645736169416,1.1911966950913502,1.1769024276912494,1.1627796898562819,1.1488264234043044,1.1350405926322285,1.1214201906101535,1.1079632310889085,1.0946677538950245,1.0815318195357615,1.068553514594082,1.055730948132002,1.0430622498922666,1.0305455747941608,1.018179097538537
12,31.48,25.79,21.57,27.97,21.77,20.48,18.21,46.63,19.75,29.52,12.33,24.04,20.67,33.54,24.93,37.58,21.25,20.96,23.99,11.9,24.44,15.31,18.07,15.11,9.35,9.46,16.01,16.04,3.2,3.29,10.04,13.83,10.76,7.39,0.0,7.07,13.83,3.43,7.91,7.71,7.46,7.23,7.01,6.8,6.61,6.43,6.26,6.11,5.96,5.82,5.69,5.58,5.46,5.36,5.26,5.17,5.09,5.01,4.93,4.87,4.8,4.74,4.68,4.63,4.57,4.52,4.46,4.41,4.36,4.3,4.25,4.2,4.15,4.1,4.05,4.0,3.96,3.91,3.86,3.82,3.77,3.72,3.68,3.64,3.59,3.55,3.51,3.46,3.418480711111675,3.377459635506476,3.336930796910431,3.2968882879720023,3.2573262742575855,3.2182389882582543,3.1796207353830184,3.1414658859678135,3.1037688812687585,3.0665242264700243,3.029726493680461,2.9933703209347216,2.9574504081977593,2.921961522359208,2.8868984912401228,2.8522562035929875,2.818029612098335,2.784213728370371,2.75080362395585,2.7177944293352,2.6851813349213978,2.6529595860655872,2.6211244890503402,2.5896714030986434,2.5585957443694074,2.5278929839597093,2.4975586469059228,2.467588313182588,2.437977614705791,2.408722236332032,2.3798179138604816,2.351260435031848,2.323045637530632,2.2951694109828784,2.2676276899640393,2.2404164629888643,2.2135317635215124,2.1869696729721824,2.160726320697111,2.1347978820008238,2.1091805781361312,2.083870675305257,2.0588644846598365,2.034158362300915,2.009748707281198,1.985631962603928,1.9618046132251303,1.9382631860536141,1.915004250949849,1.8920244177293373,1.869320337161488,1.8468886999707437,1.8247262388343308,1.8028297213901296,1.7811959572288032,1.7598217938982958,1.7387041169038335,1.7178398467112943,1.697225943741589,1.6768594033762825,1.6567372569564682,1.6368565727816442,1.6172144531130863,1.5978080351727244,1.578634490144265,1.5596910241720683,1.540974876363396,1.522483318788412,1.5042136564801816,1.486163226435796,1.4683293986152481,1.4507095739436806,1.4333011843113876,1.416101691574936,1.399108590553795,1.3823194040359565,1.3657316837768105,1.3493430144946499,1.333151006878537,1.3171532995860582,1.3013475632388247,1.2857314934303437
13,21.94,27.12,47.11,36.08,25.53,24.57,41.09,24.38,27.98,39.43,36.05,34.08,24.09,23.64,18.39,25.07,25.09,27.32,29.95,14.99,20.83,9.21,30.74,9.05,27.34,21.82,3.14,9.54,15.93,9.56,9.81,3.34,31.08,3.58,14.74,10.97,28.19,10.34,10.37,10.08,9.74,9.41,9.11,8.83,8.56,8.32,8.09,7.88,7.68,7.5,7.32,7.16,7.02,6.88,6.75,6.63,6.52,6.41,6.32,6.23,6.15,6.07,6.0,5.92,5.85,5.78,5.71,5.64,5.58,5.51,5.44,5.38,5.31,5.25,5.19,5.12,5.06,5.0,4.94,4.88,4.82,4.77,4.71,4.65,4.6,4.54,4.49,4.43,4.376841078496909,4.324320037983524,4.272429223935449,4.221161076794897,4.170508122258199,4.120462979909121,4.07101835674388,4.022167047171135,3.973901930853661,3.926215975945843,3.879102230460348,3.8325538309014577,3.786563991473404,3.7411260116345315,3.696233267463972,3.651879219215803,3.6080574016065556,3.5647614270527153,3.5219849878290477,3.479721849593607,3.437965852466902,3.396710912111061,3.3559510143339994,3.3156802215644223,3.2758926620601563,3.2365825396206502,3.197744124953643,3.159371756754333,3.1214598438637053,3.084002860951874,3.0469953495972417,3.0104319150490078,2.9743072305438254,2.938616029751646,2.9033531110923807,2.8685133366567332,2.834091628968704,2.8000829709855877,2.7664824060979756,2.733285037050588,2.7004860270214417,2.6680805953051845,2.6360640194714278,2.6044316332064157,2.5731788263130233,2.5423010436315905,2.51179378611909,2.4816526076116285,2.451873114824444,2.4224509673519115,2.393381877667538,2.3646616100447972,2.3362859783988013,2.3082508462862954,2.2805521290639943,2.253185788492748,2.2261478381333784,2.1994343357925086,2.1730413899975654,2.1469651524426165,2.1212018244633635,2.0957476494829823,2.070598918407953,2.045751967469727,2.021203173908064,1.9969489602876935,1.9729857912608217,1.9493101757254585,1.9259186625087559,1.9028078425253403,1.8799743466189793,1.8574148488000803,1.8351260608498607,1.8131047323203475,1.7913476559302077,1.7698516610897512,1.7486136128217673,1.7276304171573516,1.706899016819244,1.6864163879843304,1.666179547837804,1.6461855459398387
14,25.76,44.04,29.52,42.57,36.22,38.42,46.57,20.62,33.53,31.11,42.69,19.82,15.56,48.21,17.8,43.13,9.45,25.13,21.21,20.98,23.97,23.94,15.42,21.56,18.19,15.23,37.29,9.37,15.83,9.5,6.34,19.6,6.68,20.68,3.56,18.35,18.2,24.6,13.7,13.3,12.81,12.36,11.94,11.55,11.19,10.86,10.54,10.25,9.98,9.73,9.5,9.29,9.09,8.9,8.73,8.57,8.42,8.29,8.16,8.04,7.94,7.84,7.74,7.65,7.56,7.46,7.38,7.29,7.2,7.11,7.03,6.94,6.86,6.78,6.7,6.62,6.54,6.46,6.38,6.3,6.23,6.15,6.08,6.01,5.93,5.86,5.79,5.72,5.651361702305363,5.583547023390914,5.516546081950426,5.450349111748797,5.38494646845797,5.320328619403067,5.256486149258975,5.193409753214444,5.131090239250718,5.069518525862899,5.008685640920636,4.94858271825016,4.889200999912926,4.830531831648338,4.772566664013077,4.71529704896313,4.658714642132438,4.602811194857664,4.547578563292745,4.493008697015697,4.439093642446587,4.385825543986836,4.333196638322637,4.281199255564268,4.2298258181067805,4.179068839490673,4.128920922123262,4.079374758417996,4.030423127376499,3.9820588945885804,3.934275013371541,3.8870645179342715,3.840420530213159,3.7943362507575418,3.74880496556562,3.703820036969909,3.6593749104731472,3.6154631079123885,3.572078230876958,3.5292139561511764,3.486864036853681,3.445022301298107,3.4036826507144475,3.362839061527697,3.322485580800572,3.282616328512149,3.2432254930005966,3.2043073343811233,3.165856181128026,3.1278664289353744,3.0903325407170064,3.0532490466065294,3.016610542818005,2.980411690506628,2.9446472123507728,2.909311897109265,2.8744005939247934,2.839908216881179,2.8058297381674695,2.772160190356573,2.7388946686838964,2.7060283230721156,2.673556363827769,2.6414740593626203,2.6097767339150217,2.578459767549915,2.54751859615883,2.516948710320567,2.486745655301198,2.456905029914748,2.4274224831052376,2.398293719643279,2.369514494429481,2.3410806124944523,2.312987931277434,2.285232353790393,2.25780983773257,2.23071638409729,2.2039480474258353,2.1775009232749376,2.151371158470648,2.12555494541174
15,57.91,73.34,46.52,43.33,45.16,31.55,41.11,46.79,47.2,45.74,62.33,39.78,49.9,34.34,63.44,32.77,18.61,47.47,50.36,33.32,32.95,30.18,30.13,30.89,34.1,51.72,21.27,18.59,15.54,12.59,12.59,3.17,19.57,6.67,13.73,7.09,18.29,21.77,18.37,17.8,17.12,16.5,15.91,15.37,14.87,14.41,13.98,13.58,13.21,12.86,12.55,12.25,11.98,11.73,11.5,11.28,11.09,10.9,10.74,10.58,10.44,10.31,10.18,10.06,9.94,9.82,9.7,9.58,9.47,9.36,9.24,9.13,9.02,8.91,8.81,8.7,8.6,8.49,8.39,8.29,8.19,8.09,8.0,7.9,7.81,7.71,7.62,7.53,7.439642800112677,7.350369819835652,7.262168050540471,7.175024638434723,7.088926885762324,7.003862244802116,6.919818321468716,6.836782865710262,6.754743779910386,6.673689108085693,6.593607038286316,6.514485901395642,6.4363141663291925,6.359080442435182,6.282773474693401,6.207382142514935,6.132895459742167,6.059302572248215,5.986592754336099,5.914755411139295,5.84378007382062,5.773656399572226,5.704374169215056,5.635923287198828,5.568293775600642,5.501475782526945,5.435459567710162,5.370235512110952,5.305794110716508,5.242125971340295,5.179221817022605,5.1170724800291545,5.055668903051369,4.995002139206382,4.935063344835355,4.875843787905443,4.817334837207266,4.759527964755477,4.702414748189321,4.645986863570955,4.590236086585726,4.535154294942739,4.480733458772608,4.426965649029422,4.373843029088788,4.321357857148384,4.269502486227966,4.218269355767409,4.167651002429218,4.117640048095742,4.068229205870565,4.0194112716765495,3.9711791350583576,3.9235257635788114,3.8764442148216913,3.8299276267894986,3.7839692203040154,3.738562296605747,3.6937002385541975,3.649376510627875,3.605584649322051,3.5623182763518373,3.5195710830485534,3.4773368423625195,3.435609396860261,3.3943826671264694,3.3536506445623195,3.3134073925857543,3.2736470454312014,3.2343638105501347,3.195551961409396,3.1572058422923144,3.1193198646978653,3.081888506140395,3.044906313750454,3.008367895872847,2.9722679280680233,2.936601149511244,2.9013623617923003,2.866546428915515,2.832148277299738,2.798162894578072
16,53.91,60.67,67.52,53.59,48.28,64.6,51.19,67.26,60.84,82.99,52.21,47.28,40.16,56.91,59.65,51.69,63.01,56.37,67.09,47.44,45.35,39.22,73.06,45.4,43.36,27.85,51.47,48.62,49.0,40.17,15.62,25.15,22.15,19.52,26.56,37.56,31.8,40.06,23.87,23.1,22.19,21.35,20.57,19.85,19.19,18.57,18.0,17.47,16.99,16.53,16.12,15.73,15.38,15.05,14.74,14.46,14.21,13.97,13.75,13.55,13.37,13.2,13.04,12.88,12.73,12.57,12.42,12.28,12.13,11.98,11.84,11.7,11.56,11.42,11.28,11.14,11.01,10.88,10.75,10.62,10.49,10.37,10.24,10.12,10.0,9.88,9.76,9.64,9.524324516967534,9.410037031115952,9.297120889792053,9.185559640389151,9.075337025467904,8.966436983976106,8.85884364758929,8.752541337051362,8.647514564614166,8.543748024279138,8.441226595456687,8.339935339306798,8.239859495079665,8.140984481335467,8.0432958886256,7.946779481932275,7.8514211970091194,7.757207137941591,7.664123577146981,7.572156949275429,7.48129385242972,7.391521045725694,7.30282544929225,7.215194135732764,7.128614335004283,7.043073433197725,6.958558962779512,6.8750586086905505,6.792560202247247,6.711051722361314,6.630521290660578,6.5509571714889825,6.472347770686791,6.394681633150997,6.317947441615524,6.242134011772054,6.1672302971491915,6.093225381793706,6.020108482710115,5.947868941322113,5.876496233230941,5.8059799572372235,5.73630983534097,5.66747571762075,5.599467568815949,5.532275482964316,5.465889663885225,5.400300439817229,5.335498252439899,5.271473656873819,5.208217322900389,5.14572003374202,5.083972679963161,5.022966264349481,4.962691894589097,4.903140789371545,4.844304267409625,4.786173757197766,4.728740784814064,4.6719969824588565,4.615934079916153,4.560543905773423,4.505818389861201,4.4517495559342946,4.398329524111392,4.345550510875052,4.293404821752931,4.241884859856358,4.190983116121961,4.140692172971061,4.091004699430485,4.041913456011749,3.9934112886120823,3.945491128514421,3.89814599116762,3.851368978626039,3.805153271010974,3.7594921362690235,3.7143789167543337,3.6698070402067624,3.6257700099935106,3.5822614087685105
17,103.32,94.22,92.17,76.96,94.66,111.31,82.09,113.44,73.21,80.74,74.81,86.86,60.55,84.37,111.44,101.43,49.12,78.79,76.02,83.57,85.24,79.51,70.06,73.68,100.07,86.19,75.94,81.77,81.82,69.9,45.74,46.7,43.86,47.38,32.39,46.24,27.17,56.18,30.18,29.18,28.01,26.93,25.93,25.01,24.16,23.37,22.64,21.97,21.35,20.77,20.24,19.75,19.3,18.88,18.5,18.14,17.82,17.52,17.25,16.99,16.76,16.55,16.35,16.15,15.96,15.77,15.58,15.39,15.21,15.02,14.84,14.66,14.49,14.31,14.14,13.97,13.81,13.64,13.48,13.31,13.15,13.0,12.84,12.69,12.53,12.38,12.24,12.09,11.944927102028226,11.801594908708719,11.65998253591475,11.52006935209112,11.381834967272782,11.245259241625913,11.110322274466533,10.977004404260523,10.845286206183301,10.715148486019075,10.586572282601134,10.459538860490953,10.334029709978173,10.210026542200008,10.087511287921076,9.966466096313269,9.846873328854965,9.728715560551207,9.611975572612765,9.49663635367631,9.382681099804396,9.270093203504098,9.158856259827779,9.048954060272312,8.940370590338791,8.83309002709222,8.72709673672121,8.622375276978282,8.518910384978343,8.416686986959906,8.315690184863422,8.215905262432024,8.117317679110784,8.019913067606394,7.9236772363274826,7.828596159623387,7.734655982664765,7.641843017783143,7.550143739590303,7.459544783758129,7.370032949458908,7.281595193264583,7.194218626706429,7.107890518715378,7.022598287080932,6.938329503331788,6.855071887855223,6.772813308676939,6.691541777800617,6.611245451207897,6.531912630078552,6.453531751029257,6.376091393434506,6.299580272105699,6.223987237291137,6.149301272235724,6.0755114944011215,6.002607149364976,5.930577614481381,5.859412391559972,5.789101110526367,5.719633525761727,5.650999513662433,5.5831890701998,5.516192315800673,5.449999486806366,5.384600935472661,5.319987133630266,5.2561486629235965,5.193076220911532,5.130760616186817,5.069192768376051,5.008363703259085,4.948264557649629,4.888886573294489,4.830221095653419,4.77225957511927,4.714993567017988,4.658414724287705,4.602514802359346,4.5472856530558685,4.49271923069302
18,127.36,119.03,106.06,110.83,91.17,100.29,93.79,115.0,107.37,100.05,109.6,99.45,96.91,137.32,128.65,129.18,89.31,107.86,69.88,66.6,125.12,114.71,92.55,85.72,54.98,77.81,138.49,89.41,66.11,85.85,56.28,54.42,40.05,31.01,68.55,54.18,42.22,66.58,37.19,35.95,34.5,33.16,31.92,30.78,29.73,28.75,27.85,27.02,26.25,25.54,24.88,24.28,23.72,23.2,22.73,22.29,21.89,21.52,21.19,20.88,20.59,20.33,20.08,19.84,19.6,19.37,19.14,18.91,18.68,18.45,18.23,18.01,17.8,17.58,17.37,17.17,16.96,16.76,16.55,16.36,16.16,15.97,15.77,15.59,15.4,15.21,15.03,14.85,14.67181071584082,14.495759448937795,14.321820542351832,14.149968668548212,13.980178768395742,13.812426124367763,13.646686275140986,13.482935088796488,13.32114870181888,13.161303543496656,13.003376323722014,12.847344020790691,12.693183918002466,12.54087353046018,12.390390690470861,12.241713462144602,12.09482018531514,11.94968945113954,11.80630011673837,11.664631288115501,11.524662323818129,11.386372830056729,11.249742655824985,11.114751892899791,10.981380873401212,10.849610162472398,10.719420560719607,10.590793096892117,10.463709030322248,10.338149842385254,10.214097237719349,10.091533139345621,9.970439691108085,9.850799244253494,9.732594368411489,9.615807839394428,9.500422637977392,9.386421952338189,9.273789169517261,9.162507879077731,9.052561863345266,8.943935103508156,8.83661176863718,8.73057622178568,8.625813010229434,8.522306870346712,8.420042716638148,8.319005649046819,8.219180944418145,8.120554055279865,8.023110611062059,7.926836410777039,7.831717427899439,7.73773979816602,7.644889830555847,7.55315399265007,7.462518916732024,7.372971394907152,7.284498380323026,7.197086977409216,7.110724451637422,7.025398214881281,6.941095833956472,6.857805025740665,6.775513649853408,6.6942097171962525,6.613881377752592,6.53451692668773,6.456104798248816,6.378633565764836,6.302091940426591,6.22646876640665,6.151753025739396,6.077933828560909,6.005000416769009,5.93294216402326,5.861748568424865,5.791409254956708,5.721913974263335,5.6532525977708845,5.585415118907109,5.518391653101374
19,103.11,123.75,88.02,93.98,114.13,100.73,119.47,106.58,101.31,69.99,129.12,97.26,89.06,113.41,128.14,136.27,143.45,124.83,162.43,125.14,121.21,82.31,110.08,85.04,89.06,94.19,91.95,77.59,96.17,69.21,96.62,54.72,90.82,56.69,44.71,68.66,55.02,74.5,43.33,41.9,40.22,38.67,37.23,35.91,34.69,33.56,32.51,31.54,30.65,29.82,29.06,28.36,27.71,27.11,26.56,26.05,25.58,25.15,24.76,24.4,24.07,23.76,23.47,23.19,22.91,22.64,22.36,22.1,21.83,21.57,21.31,21.05,20.8,20.55,20.31,20.06,19.82,19.58,19.35,19.12,18.89,18.66,18.44,18.21,18.0,17.78,17.57,17.36,17.151694883723486,16.94588907264233,16.74255259535519,16.541655804540753,16.343169448975523,16.147064613519003,15.953312707110722,15.761885522785057,15.572755165653463,15.38589408891334,15.201275045836198,15.018871161785432,14.838655850195574,14.660602848581188,14.484686230539838,14.310880357740213,14.139159915931048,13.969499866929233,13.801875508634678,13.636262415015445,13.472636448110743,13.310973770033884,13.151250842972281,12.99344436917263,12.837531374961655,12.683489138728326,12.531295214929795,12.380927434091374,12.232363866797666,12.085582895710344,11.940563112342646,11.797283397479255,11.65572287076383,11.515860905102576,11.377677124263652,11.241151392074494,11.106263817223006,10.972994743655187,10.84132475297573,10.711234660847127,10.582705510988179,10.455718576374311,10.330255353236076,10.206297559858868,10.083827132982016,9.962826230199397,9.843277217956466,9.725162676351431,9.60846539553438,9.493168369705774,9.379254800717375,9.26670808846984,9.15551183211303,9.045649830046013,8.937106072715283,8.829864745015346,8.723910219086958,8.6192270555174,8.515799999739613,8.413613980831876,8.312654109117235,8.212905672562595,8.114354136778742,8.01698513901884,7.920784491779327,7.825738175598147,7.731832342655625,7.639053307172099,7.547387549008816,7.45682171246763,7.3673425978889275,7.278937167653109,7.191592537778519,7.105295981522326,7.020034923379054,6.935796939080567,6.8525697507948955,6.77034123312771,6.689099402319663,6.608832419847267,6.5295285876217175,6.451176350389482
20,132.23,103.38,78.55,86.08,94.56,105.6,119.19,136.65,138.47,118.49,117.12,91.69,93.87,90.89,100.25,105.71,95.96,129.07,148.2,101.0,91.0,107.53,84.27,114.72,76.87,121.58,109.61,100.68,98.76,59.3,72.1,56.73,45.08,80.23,52.09,28.9,46.29,68.13,48.31,46.76,44.92,43.23,41.66,40.21,38.87,37.62,36.47,35.41,34.42,33.51,32.67,31.89,31.17,30.5,29.89,29.33,28.81,28.33,27.89,27.48,27.11,26.76,26.44,26.12,25.81,25.5,25.19,24.89,24.59,24.3,24.01,23.72,23.43,23.15,22.87,22.6,22.33,22.06,21.8,21.53,21.28,21.02,20.77,20.52,20.27,20.03,19.79,19.55,19.31541904143727,19.08365259320142,18.854666908394517,18.628428620901673,18.40490475729053,18.184062784409132,17.96587050229069,17.750296139349352,17.53730828098336,17.326875905273507,17.11896834728468,16.913555322864813,16.710606916745423,16.510093546843212,16.31198599995844,16.1162554198755,15.922873295463411,15.731811448776366,15.543042046953195,15.356537578418436,15.17227087668126,14.990215096536543,14.810343702165385,14.632630502833527,14.457049605293472,14.283575425683953,14.112182689529927,13.942846419843118,13.775541937121996,13.610244895050219,13.446931185300837,13.285577020832605,13.126158888292096,12.968653559913175,12.813038093516987,12.659289820612507,12.507386322597576,12.357305490256273,12.209025428563136,12.062524551878942,11.917781500654392,11.77477519973754,11.63348480482616,11.493889729836532,11.355969633814025,11.219704423312997,11.085074241687261,10.952059471469983,10.820640734373688,10.690798878200834,10.562514985173447,10.43577036360349,10.310546545512967,10.186825283064083,10.064588548559248,9.943818533251124,9.824497636633106,9.706608473579,9.590133866013398,9.475056841721727,9.361360631970365,9.249028670316672,9.138044587849233,9.028392211997875,8.920055566533705,8.813018864429392,8.70726650666925,8.602783085819054,8.49955337531654,8.397562334231171,8.296795098934528,8.19723698786008,8.098873490793675,8.001690277203158,7.905673183148967,7.8108082184238,7.717081559412941,7.624479547904317,7.53298868989854,7.442595652039074,7.3532872639921285,7.265050510117025
21,121.0,94.73,68.62,96.47,91.23,88.98,77.1,95.81,119.53,117.57,106.44,117.59,89.16,113.09,129.35,186.46,128.65,150.19,112.8,114.39,120.88,123.08,124.8,80.35,100.21,116.63,104.87,78.36,54.14,99.34,87.63,47.67,80.11,58.62,70.28,70.91,51.1,74.03,49.95,48.42,46.58,44.88,43.31,41.84,40.49,39.23,38.07,36.99,35.99,35.06,34.2,33.4,32.66,31.98,31.35,30.77,30.23,29.74,29.28,28.86,28.47,28.11,27.77,27.43,27.1,26.78,26.46,26.14,25.83,25.52,25.21,24.91,24.61,24.31,24.02,23.73,23.45,23.17,22.89,22.61,22.34,22.07,21.81,21.55,21.29,21.03,20.78,20.53,20.283661738371066,20.04027900112497,19.799816359364357,19.56223877516317,19.327511636064095,19.09560075507856,18.86647234768842,18.640093031845968,18.416429827973936,18.195450158965485,17.97712181568675,17.7614130144726,17.548292328131723,17.337728697445776,17.129691442668534,16.924150275025067,16.721075239215924,16.520436747914637,16.322205581767705,16.126352854897124,15.932850026399553,15.741668911845458,15.552781660280816,15.366160742727939,15.181778986682968,14.999609530119223,14.819625809988063,14.641801619714661,14.466111051702232,14.292528508831177,14.121028704459082,13.951586639422432,13.784177636534046,13.618777294586472,13.45536153434861,13.293906529570762,13.134388752981286,12.976784987785713,12.821072247172694,12.667227854808065,12.515229398838233,12.36505472039102,12.216681936573979,12.070089451973539,11.925255889660079,11.782160148683708,11.640781381075946,11.501098991849735,11.363092625200439,11.226742170255433,11.092027762224014,10.958929772048164,10.827428806402539,10.697505704244744,10.569141535665391,10.442317596138551,10.317015406521723,10.193216708456191,10.070903464367028,9.950057851713499,9.830662261839162,9.712699296522123,9.59615176797501,9.481002694245356,9.367235295765802,9.254832996504051,9.143779415913443,9.034058372382702,8.925653879786193,8.818550140584426,8.71273154812389,8.608182683187302,8.504888310543864,8.402833380099178,8.30200301884584,8.202382536613008,8.10395741456726,8.006713310962157,7.910636056538598,7.815711649925144,7.721926258787936,7.629266217530873
22,106.23,115.38,93.3,73.68,111.1,116.92,90.29,97.43,125.3,116.2,87.24,110.25,128.58,118.67,128.51,146.68,128.11,121.59,128.79,107.5,127.22,183.21,111.45,97.46,70.23,97.24,111.59,98.39,77.84,89.74,99.34,59.88,55.16,50.51,46.76,60.77,47.67,64.47,49.45,48.02,46.27,44.65,43.15,41.75,40.46,39.25,38.13,37.08,36.11,35.21,34.38,33.6,32.88,32.21,31.59,31.02,30.49,30.0,29.54,29.12,28.73,28.37,28.02,27.69,27.36,27.03,26.7,26.38,26.07,25.75,25.45,25.14,24.84,24.54,24.25,23.95,23.67,23.38,23.1,22.83,22.55,22.28,22.01,21.75,21.49,21.23,20.98,20.72,20.471383137074916,20.22574913174761,19.98306219623778,19.74328697169057,19.506388539174676,19.27233238668807,19.041084420156096,18.812610952433367,18.586878692305692,18.36385476648625,18.14350669761939,17.925802360288326,17.71071004700362,17.498198435208938,17.28823655428678,17.08079382955084,16.875840027255553,16.673345298588465,16.473280146675943,16.275615404587022,16.080322301321928,15.887372373827356,15.69673751098885,15.508389942632693,15.322302228527827,15.138447258385856,14.956798240862945,14.777328725556014,14.600012548012282,14.424823884719716,14.251737220112762,14.080727313578086,13.911769276441184,13.744838472983592,13.579910597429505,13.41696160795724,13.255967770691601,13.096905637707689,12.939752014036651,12.784484012656108,12.631079010497805,12.479514670443804,12.329768886336009,12.181819848964734,12.035646013074409,11.89122607536741,11.748538974504077,11.607563946093126,11.468280445705055,11.330668170868305,11.194707072067365,11.06037734174466,10.927659408801524,10.796533931999353,10.666981807658239,10.538984159758725,10.41252233664235,10.287577913211287,10.164132682129853,10.042168659323572,9.921668070781454,9.802613360254671,9.684987179358263,9.568772388670954,9.45395205553554,9.340509448559828,9.228428037616654,9.117691491644258,9.008283675346853,8.900188644795394,8.793390650727007,8.687874130846323,8.583623709825478,8.480624197104499,8.378860582492063,8.278318040564738,8.178981917469272,8.080837740820877,7.983871207605329,7.8880681885782025,7.793414723865638,7.69989702186453
23,108.23,110.24,81.93,103.68,77.21,99.53,87.78,131.67,90.35,125.19,91.33,115.96,131.84,137.95,77.94,100.37,138.99,144.57,154.23,146.23,109.19,122.24,92.9,156.94,103.27,155.3,126.42,119.85,86.31,85.81,79.56,85.1,56.9,70.86,49.9,70.29,73.92,69.45,53.03,51.59,49.81,48.16,46.61,45.17,43.83,42.58,41.42,40.33,39.32,38.38,37.5,36.68,35.92,35.22,34.56,33.95,33.38,32.85,32.36,31.9,31.48,31.08,30.71,30.34,29.97,29.61,29.26,28.91,28.56,28.22,27.88,27.55,27.21,26.89,26.57,26.25,25.93,25.62,25.31,25.01,24.71,24.41,24.12,23.83,23.54,23.26,22.98,22.71,22.43750635972875,22.168281999099978,21.902287727132332,21.63948479371402,21.37983490120459,21.123300239240464,20.86984343832758,20.619427569841438,20.372016169230708,20.127573178008124,19.886063001759602,19.647450452135114,19.411700770052327,19.178779614094797,18.948653060511944,18.72128756841358,18.496650026177225,18.274707705040775,18.055428282306185,17.838779794932126,17.624730697543146,17.41324980442053,17.204306301104108,16.997869755994095,16.79391007394378,16.592397565870495,16.39330286754281,16.196596962784184,16.002251206676643,15.810237279153446,15.620527196600914,15.4330933350621,15.24790839543129,15.064945368648518,14.884177616912377,14.705578815670862,14.52912291881589,14.354784228294267,14.18253734770039,14.012357170674386,13.844218927309461,13.678098091337244,13.513970472942429,13.35181216075363,13.191599521843377,13.03330921332995,12.87691818237737,12.72240364299175,12.569743064419455,12.418914229156266,12.269895140132727,12.122664090325122,11.977199627950005,11.833480556464181,11.691485946166543,11.551195102873123,11.412587579518949,11.275643183119099,11.140341962006735,11.00666420003215,10.874590418883155,10.744101376924892,10.61517805875818,10.487801679860265,10.361953679623698,10.237615722516528,10.114769688800854,9.993397680333711,9.873482011285628,9.755005208140618,9.637950008536004,9.522299354301309,9.408036394938808,9.295144480662442,9.1836071623978,9.073408185981222,8.964531494480148,8.856961222392215,8.750681695645254,8.645677428116732,8.541933118153224,8.439433649730578
24,124.93,99.96,85.2,94.74,88.91,122.2,103.83,104.3,104.82,99.22,112.63,159.01,135.0,105.2,112.13,90.96,153.36,104.91,158.61,179.4,120.72,113.56,155.5,99.77,100.85,123.75,159.9,108.32,114.07,94.88,82.05,41.31,65.85,48.82,54.75,64.76,53.76,90.04,57.58,56.13,54.3,52.59,51.0,49.5,48.11,46.8,45.58,44.44,43.38,42.38,41.45,40.58,39.77,39.01,38.3,37.64,37.03,36.46,35.92,35.42,34.95,34.52,34.1,33.69,33.28,32.89,32.49,32.1,31.72,31.33,30.96,30.59,30.22,29.86,29.5,29.15,28.8,28.45,28.11,27.77,27.44,27.11,26.78,26.46,26.15,25.83,25.52,25.22,24.917390391902867,24.61841139189796,24.32301941671343,24.03117146600678,23.74282501074011,23.45793805519388,23.176469099758627,22.898377153337762,22.623621683736506,22.35216269207844,22.08396062598625,21.818976404387183,21.5571714423186,21.298507601316945,21.042947189417742,20.79045298596111,20.54098821678625,20.294516517023197,20.05100200550932,19.81040921037283,19.572703056629997,19.33784892819894,19.105812618288606,18.876560304593262,18.65005862370902,18.426274534703538,18.205175480351837,17.986729213497732,17.770903921081377,17.557668174528253,17.3469908925409,17.13884137830719,16.933189319500308,16.73000476347327,16.529258080050646,16.330920035945084,16.134961745146295,15.94135465651832,15.750070541396735,15.56108155560246,15.374360152622469,15.189879120818043,15.007611608230288,14.827531035760863,14.64961117158849,14.473826093960701,14.300150191193836,14.128558161673054,13.959025001449554,13.791526016643358,13.62603679863779,13.462533236482228,13.300991492086608,13.141388049832416,12.983699654558954,12.82790331156331,12.673976336211387,12.521896304326892,12.371641038548296,12.22318866290096,12.076517539543085,11.931606299772602,11.788433829143868,11.646979264987102,11.507221997648692,11.3691416630495,11.232718141444627,11.09793155494283,10.964762262545456,10.833190862626957,10.703198180532159,10.57476527849846,10.447873440772518,10.32250417609082,10.19863921891994,10.076260519534342,9.955350246496934,9.83589078045769,9.717864715393928,9.601254852408923,9.486044200972195,9.372215971477857
25,120.89,103.58,91.19,105.77,105.74,92.45,82.23,125.74,82.99,111.47,108.0,152.92,98.92,128.81,114.8,125.09,135.45,157.24,152.95,128.99,109.99,156.1,107.66,128.05,115.07,109.69,116.38,146.63,123.17,67.23,119.7,108.16,85.42,57.65,75.21,92.65,95.31,99.47,63.13,61.66,59.75,57.97,56.3,54.73,53.26,51.88,50.59,49.38,48.25,47.18,46.19,45.25,44.38,43.56,42.79,42.07,41.4,40.77,40.18,39.63,39.11,38.62,38.15,37.7,37.24,36.8,36.36,35.92,35.49,35.06,34.64,34.23,33.82,33.41,33.01,32.61,32.22,31.84,31.45,31.08,30.7,30.33,29.97,29.61,29.26,28.9,28.56,28.22,27.88139575415122,27.546853915916373,27.216325740893012,26.889763092003314,26.567118399885953,26.248344676098807,25.933395473510842,25.622224925910217,25.314787708396175,25.01103902417633,24.710934644174785,24.41443085422131,24.12148445505133,23.832052762305935,23.546093632937293,23.263565399195087,22.984426921437397,22.708637522117105,22.436157025390052,22.16694574391232,21.900964452434796,21.638174414208645,21.378537354579823,21.122015421380997,20.86857127735048,20.61816796810517,20.370769040964902,20.1263384525335,19.884840581901486,19.646240243848784,19.41050268884472,19.17759357664261,18.947478963077053,18.720125339672034,18.495499567627416,18.273568943832448,18.054301108446836,17.837664124116966,17.623626449570512,17.412156873602875,17.203224607496146,16.996799192600157,16.792850579548713,16.59134903584065,16.39226521185337,16.195570088032,16.001235027700247,15.80923169784411,15.619532148328176,15.432108719476622,15.246934108086775,15.063981327820992,14.88322374881477,14.704635005257794,14.528189101015606,14.353860304007931,14.181623225424941,14.011452780119113,13.84332416019982,13.677212874641453,13.513094722878012,13.35094578160039,13.190742440403678,13.032461343695271,12.87607943426378,12.72157392423309,12.568922304304248,12.41810233055276,12.269092027069123,12.121869680677754,11.976413842257251,11.832703317498503,11.690717164264138,11.550434695229079,11.411835468638639,11.274899290949064,11.139606207585635,11.005936504262941,10.873870705664613,10.743389566201415,10.614474073972069,10.487105444161898
26,131.96,135.55,115.49,99.81,87.2,116.95,100.86,77.11,123.4,151.39,93.85,148.92,112.52,124.72,133.0,127.53,89.58,138.6,141.89,153.07,130.46,130.7,100.25,108.41,89.64,106.35,117.84,112.91,119.73,117.12,81.44,103.1,65.47,82.79,68.05,98.34,69.09,95.2,70.31,68.79,66.77,64.88,63.09,61.42,59.85,58.37,56.97,55.67,54.44,53.28,52.2,51.18,50.22,49.32,48.47,47.68,46.93,46.23,45.57,44.95,44.37,43.81,43.28,42.76,42.25,41.74,41.24,40.75,40.26,39.78,39.3,38.83,38.36,37.9,37.45,37.0,36.55,36.11,35.68,35.25,34.83,34.41,34.0,33.59,33.19,32.79,32.4,32.01,31.62592337502218,31.24645464362621,30.87153852789089,30.501120421967038,30.135146364074455,29.77356306450492,29.416317835614723,29.063358661832126,28.71463412964989,28.370093427625267,28.029686388384498,27.69336341861532,27.361075527069957,27.032774324565125,26.708411967976023,26.387941230243865,26.07131541636683,25.7584884054046,25.44941465047836,25.14404909476177,24.842347269491476,24.54426523796115,24.249759553516913,23.95878734356642,23.671306197566782,23.387274251033624,23.106650115533565,22.829392920688694,22.55546227217212,22.284818265709436,22.017421473077214,21.753232942103036,21.492214182663975,21.234327166686587,20.979534342148433,20.72779856307056,20.479083173526508,20.23335192363331,19.99056903955901,19.750699125512117,19.513707261752153,19.27955889257763,19.04821992433655,18.81965664141741,18.59383576225521,18.370724369323923,18.15028996514255,17.932500444272048,17.717324051310893,17.504729450902552,17.294685671729475,17.087162106513123,16.882128526015435,16.679555051035866,16.47941216641284,16.28167072102379,16.086301899782146,15.893277223637329,15.70256859157925,15.51414821063083,15.327988623850965,15.144062710334559,14.962343671211011,14.782805015642714,14.605420616831047,14.430164600004398,14.257011440428647,14.08593590740116,13.916913078252312,13.749918321543666,13.584927306869028,13.421915992253108,13.260860628351956,13.10173774585162,12.944524161068744,12.789196966149511,12.63573352766951,12.484111485233576,12.334308745875179,12.18630348265629,12.040074127666637,11.89559937622413
27,106.13,97.1,107.17,137.21,92.91,70.41,78.84,105.3,95.16,114.81,123.84,138.19,132.3,164.49,153.37,139.97,135.16,140.71,152.34,119.05,153.71,184.9,151.6,136.21,121.34,98.83,144.37,129.51,115.69,143.32,98.51,99.1,85.9,73.98,93.11,99.61,97.7,74.06,80.29,78.72,76.56,74.52,72.6,70.79,69.08,67.47,65.95,64.51,63.16,61.88,60.68,59.54,58.47,57.46,56.5,55.6,54.76,53.96,53.2,52.49,51.81,51.17,50.55,49.94,49.34,48.75,48.17,47.59,47.02,46.45,45.89,45.34,44.8,44.26,43.73,43.21,42.69,42.18,41.67,41.17,40.68,40.19,39.71,39.23,38.76,38.29,37.83,37.38,36.931494852933675,36.48837047439817,36.050562293298576,35.618006569085,35.19064030114756,34.768401228816444,34.35122787666433,33.9390594639015,33.5318359798799,33.12949807838746,32.73198719845462,32.3392454133461,31.951215521165903,31.567841014655603,31.18906605099274,30.81483543669001,30.44509470309932,30.07978995540364,29.71886799342356,29.36227625121397,29.00996278196329,28.66187627309424,28.31796600096145,27.978181891254675,27.642474443494727,27.310794746134306,26.98309449165879,26.65932594638462,26.3394419353585,26.02339585745815,25.711141700493197,25.402633950600237,25.09782768284773,24.796678470631107,24.49914247627769,24.20517633024013,23.914737206600492,23.62778282307028,23.34427133528469,23.064161472709984,22.78741241783693,22.513983851483285,22.24383595279377,21.976929338836804,21.713225155209418,21.452684955230705,21.19527080564756,20.940945196029748,20.689671068971556,20.441411820091798,20.196131282932992,19.95379371386053,19.714363822264325,19.477806710155555,19.2440879325699,19.013173406962668,18.78502951891449,18.559623016425636,18.33692107031924,18.116891213838052,17.899501403047722,17.684719971534324,17.472515600202726,17.26285740788151,17.05571481541559,16.851057651371967,16.648856106737234,16.44908071981681,16.25170237623488,16.05669230893446,15.86402212837897,15.673663747048199,15.485589424740722,15.299771768573923,15.116183687681513,14.934798456637004,14.75558963239918,14.578531104144808,14.403597073637577,14.230762053718008,14.060000859242969,13.89128860859576
28,82.57,67.58,109.34,78.26,101.08,127.61,139.97,110.24,91.67,125.3,108.48,112.43,124.31,127.75,133.59,137.49,147.01,134.27,136.76,175.34,157.58,166.9,130.38,144.95,81.89,124.26,97.8,105.29,150.01,139.44,112.92,104.93,113.55,88.98,98.87,119.49,91.05,115.86,89.86,88.26,85.99,83.84,81.81,79.89,78.07,76.34,74.71,73.17,71.7,70.32,69.01,67.77,66.59,65.48,64.43,63.43,62.49,61.59,60.74,59.94,59.17,58.44,57.73,57.04,56.36,55.68,55.01,54.35,53.7,53.06,52.42,51.79,51.17,50.55,49.95,49.35,48.76,48.17,47.59,47.02,46.46,45.9,45.35,44.81,44.27,43.74,43.21,42.69,42.177788566754685,41.67172204036035,41.171726715148026,40.67772978352978,40.189659288731306,39.70744415630356,39.23101414685528,38.76029988756465,38.29523282491185,37.83574520892328,37.38177012468313,36.933241460821804,36.49009389376009,36.05226287195337,35.61968461589158,35.19229614961088,34.77003519040299,34.35284025910579,33.94065058556852,33.53340612440761,33.13104755500662,32.733516297272075,32.34075441709864,31.95270470514814,31.569310676849536,31.190516446352504,30.81626685257388,30.446507380418613,30.081184176535583,29.72024400205018,29.36363431134333,29.011303141760855,28.663199176636688,28.319271698025478,27.979470618214158,27.643746432454584,27.312050218963467,26.984333686189853,26.66054907828026,26.340649238101875,26.024587544219372,25.712317989673924,25.403795040180945,25.09897379168815,24.797809797061685,24.500259223644214,24.206278695696803,23.91582540468962,23.628857014767057,23.34533174152679,23.065208257484898,22.78844578661077,22.51500397828057,22.244843001812153,21.977923499197576,21.714206600858958,21.45365386262523,21.19622732875536,20.941889500426733,20.690603335735183,20.442332202427533,20.197039940924835,19.954690801299158,19.715249490540987,19.478681125291825,19.244951231844155,19.01402574614149,18.78587104528993,18.560453868779188,18.33774138150577,18.11770114226137,17.900301072221286,17.68550951796761,17.473295172710205,17.26362712355414,17.056474804232238,16.851808058128352,16.649597043742464,16.44981231346977,16.252424750577422,16.057405584960346,15.864726424652853
29,123.03,112.07,127.97,98.71,87.03,107.53,118.86,142.35,128.8,156.7,106.66,141.65,100.76,132.12,136.28,130.12,131.31,124.96,155.09,149.74,143.6,164.07,150.48,130.02,85.68,176.74,102.17,181.76,150.13,115.09,138.69,152.17,95.87,110.89,105.42,145.42,86.65,144.38,100.78,99.17,96.78,94.52,92.38,90.34,88.4,86.56,84.81,83.15,81.57,80.07,78.65,77.29,76.0,74.78,73.61,72.51,71.45,70.45,69.49,68.58,67.71,66.88,66.07,65.28,64.5,63.72,62.96,62.2,61.46,60.72,59.99,59.27,58.56,57.86,57.16,56.48,55.8,55.13,54.47,53.82,53.17,52.53,51.9,51.28,50.66,50.06,49.45,48.86,48.2737661086653,47.69456497208125,47.122312259448734,46.55692460966593,45.9983196970706,45.446416182133426,44.90113369502243,44.36239280273191,43.83011509126016,43.30422300125399,42.78463995949312,42.27129031314799,41.76409928047311,41.262993016549245,40.76789851467014,40.27874368852023,39.795457273561404,39.317968909210705,38.84620905666258,38.38010898245339,37.919600807767985,37.464617459133095,37.015092684852874,36.57096098926671,36.13215769849141,35.698618894679015,35.27028143245234,34.847082938904975,34.428961731423556,34.01585694917212,33.607708405172204,33.20445665204505,32.8060429327049,32.41240924610122,32.0234982321699,31.6392532375754,31.259618299275203,30.884538128084294,30.51395807580404,30.147824168093297,29.786083071597307,29.428682077512164,29.075569118020343,28.726692782726257,28.382002236478524,28.041447268676595,27.704978260399667,27.372546217277772,27.044102687314055,26.71959982662696,26.39899038301465,26.082227646648402,25.769265450072584,25.460058217511328,25.154560899126302,24.852728987452267,24.554518517397103,24.259886049806216,23.968788638591484,23.681183896473435,23.397029912803482,23.116285302870615,22.838909158594706,22.564861064962095,22.29410110002557,22.026589802033282,21.762288235170924,21.501157858077356,21.243160638893446,20.988258989519856,20.73641576561707,20.487594283040927,20.24175830140707,19.998871974784308,19.758899933872346,19.52180722025962,19.287559286423264,19.056121979293568,18.82746162243175,18.601544868109972,18.378338812360223,18.157810929232102
30,126.61,124.0,121.61,125.98,102.13,120.81,108.87,110.04,107.04,116.53,90.21,132.38,152.04,138.05,137.91,191.04,133.93,109.31,120.68,156.73,142.08,179.6,170.28,143.22,132.16,159.73,125.0,165.01,140.13,135.09,170.58,130.14,125.28,50.88,147.76,84.73,130.8,121.22,110.1,108.59,106.22,103.95,101.79,99.73,97.76,95.88,94.08,92.37,90.73,89.16,87.67,86.24,84.87,83.57,82.32,81.13,79.99,78.89,77.84,76.84,75.87,74.94,74.04,73.15,72.27,71.41,70.55,69.7,68.87,68.04,67.23,66.42,65.62,64.83,64.06,63.29,62.53,61.78,61.04,60.31,59.58,58.87,58.16,57.46,56.77,56.09,55.42,54.75,54.093106005324806,53.44409219140712,52.802864076090074,52.169328300607134,51.54339259604805,50.92496581689288,50.31395792424504,49.71027993553016,49.113843958030174,48.52456312181521,47.94235161327769,47.367124675132224,46.7987985058136,46.237290360078845,45.682518465172144,45.13440203759183,44.5928612495564,44.05781721223743,43.52919204282771,43.00690873040505,42.49089123653443,41.981064377898825,41.477353910134305,40.97968649429607,40.48798964655726,40.00219172144207,39.52222199566074,39.04801056750752,38.5794883568606,38.1165871219492,37.65923944258646,37.20737872016956,36.76093912737853,36.319855624943365,35.884064011945064,35.45350075814538,35.028103205191144,34.607809348642924,34.19255797211125,33.78228861372253,33.376941515818,32.97645760818671,32.58077855836662,32.18984675487749,31.803605223385873,31.421997727307172,31.04496866720357,30.672463114318006,30.304426827341278,29.940806168576866,29.58154818777607,29.226600555069943,28.87591154420223,28.529430099597466,28.18710570222486,27.848888537268408,27.51472929292273,27.184579311296215,26.8583904878089,26.536115304726525,26.217706814393505,25.90311863923292,25.592304938212493,25.28522044037862,24.981820394555317,24.682060619645277,24.385897437561773,24.09328768999571,23.80418875518261,23.51855853113564,23.23635538534449,22.95753820507649,22.682066380609548,22.409899771698143,22.140998741107346,21.87532408754473,21.61283711272848,21.35349958785333,21.097273720056535,20.844122169184878,20.594008064561706,20.346894954685855
31,99.28,121.71,95.14,142.6,143.92,105.76,105.3,126.85,127.14,125.47,119.61,133.6,127.52,122.18,156.16,119.23,110.5,137.5,144.09,121.71,154.51,150.92,128.49,150.82,145.18,184.76,187.0,195.3,143.64,127.3,140.76,153.37,115.27,125.05,112.83,140.96,145.84,99.95,118.39,117.03,114.73,112.51,110.39,108.35,106.39,104.51,102.71,100.97,99.31,97.71,96.17,94.69,93.27,91.91,90.59,89.33,88.11,86.94,85.81,84.72,83.67,82.65,81.65,80.67,79.7,78.75,77.8,76.87,75.95,75.03,74.13,73.24,72.37,71.5,70.64,69.79,68.96,68.13,67.31,66.5,65.71,64.92,64.14,63.37,62.61,61.86,61.12,60.38,59.655568055225984,58.93982623700576,58.2326703345099,57.533997402832455,56.84370569547524,56.1616947318636,55.4878651791936,54.82211893682695,54.16435908565401,53.51448982057791,52.87241653490944,52.238045719093165,51.611285028223335,50.992043163891054,50.380229975458114,49.775756358783156,49.17853430685858,48.58847684229466,48.005498051077446,47.4295130150529,46.860437879442784,46.2981897515708,45.742686768378476,45.19384801203029,44.651593577429594,44.11584448782371,43.586522711682875,43.0635511627003,42.54685368291313,42.03635502582351,41.531980822640605,41.03365763291753,40.54131289391443,40.0548748699615,39.57427271997498,39.099436446820114,38.63029691419023,38.16678576221175,37.70883549183918,37.25637941421805,36.809351616927096,36.367686980857115,35.93132119709002,35.50019068250391,35.07423266416799,34.65338507806863,34.237586636625394,33.826776761175,33.42089563260833,33.01988412385452,32.6236837998809,32.232236985208964,31.8454866288825,31.4633764057415,31.08585064890621,30.712854383535095,30.344333259308925,29.98023360106773,29.62050237505281,29.265087155148787,28.913936190399518,28.56699832061322,28.224223010120397,27.885560314015905,27.550960895037903,27.22037602356788,26.893757543872688,26.57105785722555,26.252229955664028,25.937227405111045,25.62600429473794,25.318515321359367,25.014715637522475,24.714561037175695,24.418007753120968,24.12501260892457,23.835532900764257,23.54952644806619,23.266951610383938,22.98776720300354,22.711932564459477,22.439407489018695
32,121.0,122.65,137.44,125.77,108.1,139.13,109.55,125.96,116.58,124.68,131.31,107.62,123.76,157.68,167.96,149.91,162.59,155.13,174.02,169.2,184.75,182.99,173.71,139.55,133.91,156.91,181.93,155.19,132.88,169.88,145.08,138.28,141.57,121.18,144.88,141.33,183.24,134.28,127.11,125.94,123.73,121.59,119.53,117.54,115.61,113.75,111.95,110.21,108.54,106.91,105.34,103.82,102.35,100.93,99.55,98.21,96.92,95.67,94.45,93.27,92.12,91.0,89.9,88.83,87.76,86.71,85.67,84.64,83.62,82.62,81.63,80.65,79.68,78.73,77.78,76.85,75.93,75.02,74.12,73.23,72.35,71.48,70.62,69.78,68.94,68.11,67.29,66.49,65.69227459494134,64.90411821003943,64.12541609883972,63.356054905137334,62.59592261211413,61.84490855929308,61.10290339167542,60.369799110603466,59.645488972035004,58.92986750349759,58.222830537997055,57.52427511229194,56.83409951775624,56.15220328342522,55.47848709122403,54.81285287769333,54.15520371530938,53.50544381248415,52.86347859833653,52.22921457010401,51.60255939486825,50.98342179087527,50.37171162926094,49.767339815371244,49.17021833962502,48.580260260559676,47.9973796709227,47.421491663763106,46.85251240024853,46.290359024893846,45.7349496316527,45.186203382597334,44.64404033837592,44.10838154298395,43.57914900680989,43.05626562186392,42.53965526350349,42.02924267175347,41.52495353607753,41.026714376698166,40.53445266327669,40.04809669623328,39.56757560674705,39.092819458481564,38.623759061087995,38.16032610583923,37.70245311476702,37.250073389799255,36.80312102971421,36.36153093014052,35.92523880051148,35.49418106233943,35.068294933987104,34.647518396759075,34.23179016099325,33.82104964910659,33.415237046457925,33.0142932504851,32.618159836796565,32.22677912698831,31.84009408691835,31.458048411478003,31.080586439820628,30.70765317231584,30.339194304458044,29.975156159049405,29.615485703154086,29.260130548098267,28.9090389155616,28.562159671485748,28.21944229216586,27.880836830342037,27.546293966062116,27.215764972773172,26.889201683412956,26.566556541272703,26.247782549134342,25.93283325231623,25.621662772581672,25.314225774230408,25.01047746409861,24.71037360851313
33,118.21,124.61,92.03,141.03,126.46,164.81,116.85,145.7,137.89,125.37,119.94,105.57,115.55,118.94,125.66,153.69,171.04,146.03,168.87,144.62,130.18,180.0,174.43,164.68,179.75,185.73,206.15,196.59,160.81,141.99,165.36,179.63,150.3,118.04,123.45,149.76,114.48,142.72,134.82,133.89,131.83,129.82,127.86,125.96,124.11,122.31,120.56,118.85,117.18,115.57,113.99,112.45,110.95,109.49,108.06,106.67,105.32,103.99,102.7,101.43,100.2,98.99,97.8,96.62,95.46,94.32,93.19,92.07,90.96,89.87,88.8,87.73,86.68,85.64,84.61,83.6,82.59,81.6,80.62,79.66,78.7,77.76,76.82,75.9,74.99,74.09,73.2,72.32,71.45234436887999,70.59509619560576,69.74813071527986,68.9113246430953,68.08455614069709,67.26770486663997,66.46065190911145,65.66327978593189,64.87547242773525,64.09711511069226,63.32809455742567,62.56829878563746,61.81761719220467,61.07594050272204,60.34316070422493,59.61917112928553,58.903866371916735,58.19714227075299,57.498895959507834,56.80902574923952,56.127431195627814,55.45401306533558,54.78867330237033,54.131315028084295,53.48184254117437,52.84016125040528,52.206177741886435,51.579799678156654,50.96093586546104,50.349496169654884,49.74539158348053,49.14853410883292,48.55883684085559,47.97621391748311,47.40058048580262,46.831852718873044,46.26994778208669,45.71478388362685,45.16628013991416,44.62435667652181,44.088934594537186,43.55993590328496,43.03728355396557,42.520901439655205,42.01071434484814,41.5066479790952,41.0086289265461,40.51658466276869,40.03044350429129,39.550134675879555,39.07558819280196,38.60673496174513,38.143506663079336,37.685835868592946,37.23365590693876,36.78690089727244,36.34550578289093,35.90940628077482,35.47853886476912,35.052840765583284,34.632249970791214,34.216705258469645,33.806146062644515,33.400512591025375,32.99974575772862,32.60378720009662,32.212579211420966,31.826064841857658,31.444187763873458,31.066892356341945,30.694123670905064,30.325827398334752,29.961949885352123,29.602438134627437,29.247239754322536,28.896303025367644,28.54957683418452,28.20701063904806,27.868554554182346,27.53415926566458,27.203776081882715,26.87735684943943
34,171.58,129.53,136.71,138.61,118.07,142.71,148.7,194.86,155.14,129.67,120.17,109.4,139.97,128.59,157.92,144.17,136.74,159.47,156.79,148.95,191.27,171.07,171.59,179.72,138.22,181.39,189.3,210.24,165.73,178.92,163.78,189.3,149.0,108.13,158.49,175.12,166.53,178.43,143.32,142.66,140.76,138.9,137.08,135.28,133.53,131.8,130.1,128.43,126.8,125.19,123.61,122.06,120.53,119.03,117.56,116.11,114.69,113.29,111.91,110.55,109.22,107.91,106.61,105.33,104.07,102.82,101.59,100.37,99.16,97.97,96.8,95.64,94.49,93.36,92.24,91.13,90.04,88.96,87.89,86.83,85.79,84.76,83.75,82.74,81.75,80.77,79.8,78.84,77.8941408893417,76.95962681121475,76.03632175469939,75.1240913439434,74.22280280479329,73.33232493142563,72.45252813640008,71.58328433386892,70.72446700631443,69.87595115449587,69.03761324739637,68.20933125559161,67.39098460119679,66.582454174551,65.78362226747971,64.99437257329483,64.214590203479,63.444161654316986,62.682974756842476,61.93091867683811,61.18788394820425,60.45376237285279,59.72844708744453,59.01183249665186,58.30381425647429,57.60428927423847,56.913155708598225,56.2303129528502,55.555661551511996,54.88910328374399,54.23054109661193,53.57987910508693,52.93702257536105,52.301877874794265,51.67435255533624,51.05435520336714,50.44179555648804,49.836584420099264,49.238633667400244,48.647856206020904,48.06416602807468,47.48747812673676,46.91770852961275,46.35477423200128,45.79859329700014,45.2490847220314,44.70616845552578,44.1697654469757,43.639797596882254,43.116187690017696,42.59885949553165,42.087737666844944,41.58274775833396,41.083816225330594,40.59087040743797,40.10383849516169,39.62264957996287,39.147233570836384,38.677521227679584,38.21344412792355,37.75493468321747,37.30192612274428,36.854352443167556,36.41214849205337,35.97524981771096,35.54359280266772,35.11711458024728,34.69575301788525,34.27944676718224,33.86813514711333,33.46175829418737,33.060256978918936,32.66357272261893,32.27164776402581,31.88442499256815,31.501848015102095,31.123861105858285,30.750409189757473,30.381437875779255,30.01689342359335,29.656722726875245,29.30087329662181
35,136.82,165.01,175.74,117.62,170.93,124.63,150.01,162.13,150.91,152.18,175.11,125.88,147.53,132.01,126.68,184.38,139.72,157.55,169.9,192.99,175.33,171.5,226.48,192.53,176.09,207.31,199.57,181.13,230.29,164.66,250.68,174.16,186.02,173.59,173.13,157.52,168.45,142.74,153.99,153.63,151.92,150.22,148.53,146.86,145.2,143.55,141.91,140.28,138.67,137.07,135.48,133.91,132.35,130.8,129.26,127.74,126.23,124.74,123.25,121.78,120.33,118.89,117.46,116.05,114.66,113.29,111.93,110.59,109.26,107.95,106.65,105.37,104.11,102.86,101.63,100.41,99.2,98.01,96.84,95.68,94.53,93.39,92.27,91.17,90.07,88.99,87.92,86.87,85.82782868384507,84.79815701207262,83.7808351439531,82.77571503724543,81.78265039823889,80.80149673171118,79.83211122435974,78.87435279475974,77.92808206005877,76.99316128601875,76.06945440366871,75.15682697599935,74.25514616465777,73.36428071329479,72.4841009808702,71.61447882508419,70.75528766898799,69.90640245102583,69.06769960838227,68.23905706032961,67.42035415826976,66.61147173569229,65.81229205821654,65.0226987569807,64.24257689525274,63.47181290181955,62.71029458763967,61.95791106258,61.214552802026375,60.48011156362027,59.75448045386948,59.037553811579436,58.329227257811155,57.629397662576,56.937963128182915,56.25482298923846,55.57987777934152,54.91302923108322,54.254180226088955,53.60323486162909,52.96009833405022,52.324677005385894,51.69687835339859,51.07661097157969,50.46378451919152,49.85830977122531,49.26009855179055,48.669063750767634,48.08511932380788,47.508180209070154,46.938162393831576,46.37498288118216,45.81855965671951,45.26881167189608,44.72565889397727,44.1890222061253,43.65882345735736,43.134985429240125,42.617431835889846,42.10608732397233,41.600877389439574,41.10172847744579,40.608567882431394,40.12132376477568,39.63992518410213,39.16430203266778,38.694385002057814,38.230105699754326,37.77139644930425,37.318190490151366,36.87042177780432,36.42802511705793,35.99093606207721,35.55909093305001,35.132426866145025,34.71088168029046,34.2943939937427,33.88290314082297,33.476349171917306,33.07467287012926,32.67781575127991,32.28571998064445
36,190.85,143.9,135.32,165.84,179.88,140.05,131.43,185.41,123.43,162.75,140.99,172.6,173.2,130.84,174.67,169.14,136.47,170.67,183.3,168.11,178.18,173.12,181.44,164.37,180.83,189.1,174.69,191.76,209.27,197.35,204.01,199.52,190.19,142.55,147.79,183.89,156.76,199.41,167.4,167.38,165.88,164.36,162.83,161.29,159.73,158.17,156.6,155.01,153.43,151.83,150.23,148.62,147.02,145.4,143.79,142.17,140.56,138.94,137.33,135.72,134.12,132.52,130.93,129.36,127.81,126.28,124.76,123.27,121.79,120.33,118.88,117.46,116.05,114.66,113.28,111.92,110.58,109.25,107.94,106.65,105.37,104.1,102.85,101.62,100.4,99.2,98.01,96.83,95.66837239436384,94.52067640392286,93.38674501714247,92.26641324616084,91.15951809333961,90.06589848436585,88.98539526825182,87.91785125078431,86.86311104400338,85.82102119999898,84.79143006038986,83.77418777304798,82.76914630882332,81.77615942809459,80.7950825804218,79.82577300489379,78.86808962978068,77.92189305580948,76.98704558961299,76.06341116010718,75.15085533521568,74.249245271696,73.35844976531335,72.47833915049314,71.60878530032109,70.74966165999221,69.90084316318816,69.06220624880159,68.23362886093632,67.41499036528442,66.6061715825754,65.80705480530068,65.01752366391716,64.23746322719454,63.46675995204167,62.705301616608274,61.952977387183154,61.209677717846915,60.475294400645524,59.74972051541672,59.0328504297899,58.32457974901258,57.62480538284847,56.933425428505664,56.25033923753483,55.57544733220635,54.90865143895955,54.24985450512717,53.598960581863444,52.955874891042335,52.320503808533005,51.692754797301525,51.07253645758459,50.45975849344033,49.854331645850166,49.25616777634149,48.665179766640335,48.08128155212055,47.504388121803736,46.93441546818557,46.37128057051122,45.81490142822452,45.26519701079421,44.722087274438536,44.18549312867615,43.655336419601454,43.131539929884674,42.61402739549641,42.10272343880934,41.59755360204738,41.09844429711199,40.605322839031274,40.11811741251087,39.63675705520938,39.16117165773836,38.69129196366234,38.22704951932509,37.768376724023355,37.315206779833126,36.86747365816052,36.42511214991548,35.98805783206264
37,208.88,162.76,154.02,153.82,182.6,166.84,193.53,180.67,127.14,180.65,145.26,167.61,141.56,150.4,122.76,170.27,198.95,204.5,176.08,181.36,229.51,193.87,172.49,219.38,187.22,225.45,196.02,214.81,170.49,166.16,176.45,156.31,163.82,179.79,227.83,201.8,194.72,248.99,182.7,183.18,182.01,180.79,179.52,178.2,176.85,175.45,174.01,172.54,171.03,169.48,167.91,166.3,164.67,163.01,161.32,159.62,157.89,156.14,154.38,152.61,150.83,149.04,147.26,145.49,143.75,142.02,140.32,138.64,136.98,135.33,133.71,132.11,130.52,128.95,127.41,125.88,124.37,122.88,121.4,119.95,118.51,117.09,115.68,114.3,112.92,111.57,110.23,108.91,107.60349595703318,106.312660024204,105.03730445397649,103.7772436968675,102.53229443526311,101.30227556651036,100.08700811837681,98.8863152997749,97.70002243312946,96.52795688674536,95.36994814243988,94.22582771100227,93.09542911528558,91.97858787329861,90.87514149820588,89.78492937997093,88.70779292062116,87.64357533135065,86.59212178469288,85.55327926234811,84.52689657209127,83.51282434777201,82.5109150324067,81.52102277672964,80.54300354064186,79.57671497485428,78.62201643779592,77.67876899561377,76.74683535454048,75.8260798778025,74.91636853489567,74.01756890158529,73.12955019372231,72.25218311507042,71.38533997566277,70.52889457344526,69.68272226190888,68.84669986554937,68.02070566295893,67.20461943755069,66.39832237610995,65.60169710261052,64.81462764439843,64.03699941528389,63.268699215541226,62.50961518118467,61.75963681778445,61.01865491592641,60.286561601936185,59.56325030406311,58.84861570175588,58.14255374257061,57.44496164217091,56.75573781669543,56.074781899665965,55.401994775803715,54.737278462672485,54.08053617831118,53.431672307417536,52.790592333715786,52.157202941405195,51.531411896803384,50.91312806525447,50.302261411129,49.698722997824014,49.102424937038684,48.513280371866266,47.931203527518385,47.35610964369261,46.78791495766439,46.226536738103256,45.67189323434845,45.123903642592865,44.58248820733148,44.047568035372386,43.51906524800963,42.99690286266653,42.48100486052807,41.9712960681842,41.46770229289466,40.97015015350793,40.47856721572606
38,187.19,181.75,222.62,176.25,205.71,216.12,187.67,191.88,141.85,201.59,172.1,166.03,138.1,149.9,172.72,202.58,189.75,194.87,186.92,217.56,206.88,222.51,200.55,197.5,220.99,235.65,231.71,216.43,161.61,172.03,173.37,226.21,184.54,266.21,172.48,163.9,227.92,199.86,199.85,201.08,200.45,199.72,198.9,197.99,197.0,195.91,194.75,193.5,192.18,190.78,189.3,187.76,186.16,184.49,182.76,180.98,179.15,177.27,175.35,173.39,171.39,169.38,167.36,165.35,163.37,161.41,159.47,157.56,155.67,153.8,151.96,150.13,148.33,146.55,144.8,143.06,141.34,139.65,137.97,136.32,134.68,133.07,131.47,129.89,128.34,126.8,125.28,123.77,122.28528553930857,120.81837511467273,119.36905537349124,117.9371155211817,116.52234730389671,115.1245449221043,113.74350504787179,112.37902682486579,111.03091174736488,109.69896371211134,108.38298896645931,107.08279609109104,105.7981958963133,104.52900152576089,103.27502833540925,102.03609387629058,100.81201791177769,99.60262233116454,98.40773118423392,97.2271706294059,96.06076886460201,94.90835617909707,93.76976490166744,92.6448293487393,91.53338584167248,90.43527262034105,89.35032989498491,88.27839981164202,87.2193263311611,86.17295538475666,85.13913464931834,84.11771368568205,83.10854383492659,82.1114782529415,81.12637178943953,80.15308109166024,79.19146450066657,78.24138205134467,77.30269547240407,76.37526809995798,75.45896498122688,74.55365271898332,73.6591995579713,72.775475281203,71.90235124452657,71.03970037662599,70.18739709260169,69.34531731125433,68.5133384550849,67.69133939844292,66.8792005020943,66.07680352680174,65.28403165060867,64.50076946883928,63.72690294224672,62.96231941429703,62.20690755931747,61.46055741706428,60.72316028901919,59.994608859376896,59.2747970049219,58.56361996786776,57.860974165733985,57.166757329617326,56.480868331352696,55.80320733906835,55.13367566163072,54.47217581777996,53.81861150156229,53.172887513194155,52.53490984548195,51.90458559740235,51.281822974102404,50.66653130418335,50.05862098784895,49.458003479621546,48.864591340193805,48.278298150009164,47.699038526545756,47.12672810703245,46.5612835484489,46.00262251024161
39,248.6,223.84,195.94,203.56,207.59,186.26,181.87,191.84,207.29,214.37,192.9,156.97,195.26,205.31,161.3,193.04,175.61,195.71,203.5,185.12,230.5,199.51,244.56,250.15,198.65,209.44,210.32,243.29,201.52,237.14,212.47,223.62,179.5,174.7,195.06,197.63,280.27,227.12,219.71,221.53,221.29,220.92,220.42,219.79,219.04,218.16,217.17,216.06,214.84,213.51,212.08,210.54,208.91,207.18,205.37,203.48,201.5,199.46,197.35,195.18,192.96,190.71,188.43,186.17,183.94,181.73,179.55,177.4,175.27,173.17,171.09,169.04,167.01,165.01,163.03,161.08,159.14,157.24,155.35,153.49,151.65,149.83,148.03,146.25,144.5,142.77,141.05,139.36,137.68833715256534,136.0367185892247,134.40490416255258,132.79265656399397,131.1997413589123,129.62592689896994,128.07098432212817,126.53468751759951,125.01681302070416,123.5171400829658,122.03545063706358,120.57152913911736,119.1251626738307,117.69614088439569,116.28425590239702,114.88930234781229,113.51107732901171,112.14938037266286,110.80401337115867,109.47478061766549,108.1614887710751,106.8639467333376,105.58196577212857,104.31535934561022,103.06394322509854,101.82753530230059,100.60595571198166,99.3990266917742,98.20657266979721,97.02842010694124,95.86439760201182,94.71433576906203,93.57806725491662,92.4554267391718,91.34625082905202,90.25037812950549,89.16764917310864,88.09790640254218,87.04099411801941,85.99675851233413,84.96504763581268,83.94571130869463,82.93860119122826,81.94357071357499,80.96047504076164,79.98917110772817,79.0295175317083,78.08137462975326,77.14460440120806,76.21907051018742,75.30463819795652,74.40117440559803,73.50854759877333,72.62662783781808,71.75528676021817,70.89439752803825,70.04383479287382,69.20347476594685,68.37319509543846,67.55287491906071,66.7423948114848,65.94163678434121,65.15048425117176,64.36882204495362,63.59653636552757,62.833514762074145,62.07964615063754,61.33482077907769,60.59893020954662,59.87186728344042,59.15352615644719,58.44380222845136,57.74259216105769,57.049793860067304,56.36530644042989,55.689030243767654,55.020866803327515,54.36071882645718,53.70849017708129,53.06408587570139,52.427412116919854,51.7983761642965
40,284.1,287.41,260.8,222.04,253.05,233.51,239.23,253.87,272.51,207.53,253.99,245.38,234.87,221.23,225.47,221.5,235.29,197.63,244.47,209.64,190.88,217.22,234.54,251.06,236.17,238.73,210.7,204.13,247.58,228.06,273.55,224.29,241.0,281.64,218.88,315.55,213.56,276.8,239.38,241.79,241.94,241.92,241.74,241.4,240.89,240.23,239.42,238.45,237.34,236.09,234.7,233.17,231.52,229.74,227.84,225.84,223.73,221.53,219.23,216.86,214.42,211.92,209.39,206.88,204.4,201.95,199.53,197.13,194.77,192.43,190.13,187.85,185.59,183.37,181.17,178.99,176.85,174.73,172.63,170.56,168.52,166.49,164.5,162.52,160.58,158.65,156.75,154.87,153.0123665173662,151.17700538250898,149.3636498212317,147.5720361982726,145.8019040349392,144.05299600910854,142.32505781415105,140.61783824710338,138.93108906759215,137.2645650331034,135.61802379317533,133.99122594230207,132.38393491412657,130.79591698144088,129.22694120328254,127.67677942493474,126.14520618975386,124.63199875680398,123.13693706558809,121.65980364787545,120.20038368060528,118.75846488007986,117.33383750196447,115.92629435892196,114.53563069717141,113.16164421412269,111.80413504074187,110.4629057239168,109.1377611206504,107.82850846859841,106.53495729789715,105.25691943116341,103.99420889532223,102.7466420097792,101.51403726297916,100.29621529477178,99.09299893168047,97.90421309873003,96.72968481944672,95.56924318058925,94.42271934978328,93.28994648734913,92.17075974630166,91.06499625471596,89.97249511572727,88.89309735462756,87.82664586596213,86.77298544879866,85.73196278909259,84.70342635388039,83.68722646181749,82.68321521264029,81.69124646953175,80.7111758943904,79.74286078912,78.78616025433988,77.84093503067459,76.90704753402298,75.98436182028922,75.07274358538272,74.17206014758382,73.28218039464022,72.40297478376714,71.5343153240127,70.67607559389252,69.82813061794842,68.9903569901896,68.16263271538256,67.34483733249232,66.53685175597218,65.7385583815706,64.94984098052433,64.17058471719294,63.40067613142429,62.640003156189046,61.888455047042804,61.14592234685713,60.412296991626405,59.68747211648868,58.97134223207027,58.26380303050676,57.564751526518634
41,349.98,282.04,230.69,248.66,251.39,251.01,209.56,266.54,248.59,269.55,237.49,302.42,204.74,261.64,218.5,211.39,270.19,249.29,263.48,283.25,311.4,297.11,234.91,253.98,275.01,237.62,260.53,245.6,265.27,215.77,262.11,195.8,240.98,241.17,182.6,332.64,271.13,282.49,258.33,261.36,261.92,262.29,262.45,262.42,262.19,261.76,261.15,260.36,259.38,258.22,256.89,255.39,253.73,251.92,249.96,247.86,245.62,243.27,240.8,238.22,235.56,232.82,230.05,227.29,224.57,221.88,219.21,216.59,213.99,211.42,208.89,206.38,203.91,201.46,199.05,196.66,194.3,191.97,189.67,187.39,185.15,182.93,180.73,178.56,176.42,174.31,172.22,170.15,168.10917336733726,166.0928134720978,164.10062721961958,162.1323250779511,160.18762097202801,158.2662322483991,156.36787960467734,154.4922871071771,152.6391821203656,150.80829525395106,148.99936034524578,147.21211442389173,145.4462976413117,143.70165328834665,141.9779277247068,140.27487029078605,138.59223337821024,136.92977234165164,135.28724542828007,133.6644138130373,132.06104149281387,130.47689532172356,128.9117449229175,127.3653626709469,125.8375236917631,124.32800575689444,122.83658935399515,121.36305754574767,119.90719602277433,118.46879303308862,117.04763934682077,115.64352825621786,114.25625550509496,112.88561930647242,111.53142027202709,110.19346141209236,108.87154808274657,107.56548798581308,106.27509109831145,105.00016969009474,103.74053828857501,102.49601362581194,101.26641462087551,100.05156239748325,98.85128016053999,97.66539328432366,96.49372922429954,95.33611748184585,94.19238962189077,93.06237920236397,91.94592179183365,90.84285493423216,89.75301809594455,88.67625268344568,87.61240199038869,86.56131119760505,85.52282735546727,84.49679929570314,83.48307771958154,82.48151507445218,81.49196558902,80.51428523807074,79.5483317248339,78.59396446334539,77.65104454317326,76.71943469414335,75.79899933925081,74.88960448883697,73.9911177758638,73.10340838536511,72.2263471249953,71.35980631920627,70.50365982688461,69.65778300607724,68.82205271399138,67.99634730699462,67.18054655242892,66.37453171679661,65.57818542466286,64.79139176447885,64.01403616512142,63.246005484079035
42,363.44,299.76,362.3,252.17,236.12,265.32,338.35,323.33,310.97,229.48,252.83,246.42,302.2,253.53,252.85,248.64,276.42,270.56,260.68,220.11,294.42,263.17,232.27,208.89,300.8,264.06,278.5,238.82,280.52,259.84,267.23,162.71,304.36,240.93,279.15,311.8,300.9,334.98,277.97,281.64,282.64,283.4,283.93,284.23,284.29,284.12,283.73,283.11,282.27,281.22,279.96,278.5,276.84,275.0,272.97,270.77,268.41,265.9,263.25,260.47,257.58,254.6,251.57,248.55,245.57,242.63,239.72,236.84,234.0,231.2,228.43,225.69,222.98,220.31,217.67,215.05,212.48,209.93,207.41,204.92,202.47,200.04,197.64,195.27,192.93,190.61,188.33,186.07,183.83832361096594,181.63339962104124,179.45490760417627,177.3025310161349,175.17595717684978,173.074877005753,170.9989851982227,168.94798008442567,166.92156359402853,164.91944123855288,162.94132200550783,160.98691841132361,159.055946360195,157.14812523230415,155.26317765444068,153.40082967644798,151.56081054184307,149.74285277603974,147.9466920981255,146.17206736792787,144.41872058601416,142.68639685840245,140.97484429069388,139.28381404100642,137.61306021410735,135.96233989670233,134.33141303392335,132.72004248226233,131.1279939213483,129.55503581865784,128.0009394295156,126.46547874416008,124.94843045245449,123.44957392624225,121.96869116641312,120.50556678525854,119.0599879888271,117.63174447105689,116.22062853728767,114.82643489252568,113.44896074731126,112.08800571185121,110.74337184895255,109.41486349757653,108.10228743164008,106.80545266592515,105.5241705619462,104.25825470443827,103.00752091900118,101.7717872191661,100.5508738063953,99.34460307008221,98.15279948168384,96.97528961236532,95.81190215064451,94.66246779652445,93.52681929678243,92.40479139203632,91.29622081674441,90.20094624627174,89.11880827924544,88.04964945519929,86.99331416635073,85.9496486928901,84.91850115004674,83.89972143515529,82.89316131587857,81.89867427140629,80.91611556303336,79.94534218122605,78.98621282797752,78.03858791680769,77.10232948454026,76.17730129717035,75.26336867341841,74.36039857295333,73.46825959639231,72.58682184414411,71.71595702227667,70.85553835429408,70.0054405987811,69.16553997882491
43,359.56,299.73,339.8,345.74,273.62,358.32,341.12,316.84,235.56,243.4,314.46,264.15,266.82,298.75,278.01,277.44,266.76,373.99,276.4,289.06,269.58,320.89,321.64,268.26,281.88,297.08,282.95,274.79,291.39,234.68,279.13,291.56,251.98,258.54,293.85,287.51,345.16,294.99,298.05,302.3,303.68,304.79,305.63,306.21,306.52,306.56,306.35,305.88,305.15,304.18,302.97,301.52,299.84,297.94,295.84,293.53,291.04,288.36,285.53,282.54,279.42,276.19,272.91,269.64,266.4,263.21,260.05,256.94,253.86,250.81,247.8,244.83,241.9,239.0,236.13,233.3,230.5,227.74,225.01,222.31,219.64,217.01,214.41,211.84,209.3,206.79,204.31,201.86,199.43904822916417,197.04711521213198,194.68385354688442,192.34891989355117,190.04197515102575,187.76268410373515,185.5107155982551,183.2857425433099,181.08744155654227,178.91549331774365,176.76958221562373,174.64939641845666,172.55462780343495,170.4849719919925,168.44012819085088,166.41979926266558,164.42369154941068,162.45151496068644,160.50298283242728,158.57781196222476,156.67572252101988,154.7964380177803,152.9396852641771,151.10519437458478,149.2926986247893,147.50193455795704,145.73264180801968,143.9845631526587,142.25744442499786,140.55103453126478,138.8650853448216,137.1993517238268,135.55359147591196,133.92756528753577,132.32103668866102,130.73377207041605,129.16554061444873,127.61611423994191,126.08526763893643,124.57277813503906,123.07842578939146,121.60199325937823,120.14326576330375,118.70203116869969,117.27807983337166,115.87120462306045,114.48120091144203,113.10786649182019,111.75100159478782,110.41040883524258,109.08589317706365,107.77726195077337,106.48432476522969,105.20689354294908,103.94478239647603,102.69780773435215,101.46578810216236,100.24854427084274,99.04589911304963,97.8576776561444,96.68370701154731,95.5238163394144,94.37783686629916,93.24560183216784,92.12694650806107,91.02170807246318,89.92972569960979,88.8508404888418,87.78489542928227,86.731735382175,85.69120708088445,84.66315909557275,83.64744181553819,82.64390739623063,81.65240979457454,80.67280468066151,79.70494950839618,78.7487033742042,77.80392710533977,76.87048318923961,75.94823575586139,75.03705056002231
44,428.96,375.04,418.35,348.01,415.77,396.18,399.72,355.54,297.09,317.32,293.45,290.05,321.44,286.95,283.73,266.07,319.83,311.72,247.5,302.17,299.98,305.38,277.89,297.61,220.63,326.68,318.69,277.01,308.79,306.07,261.63,290.33,312.87,320.21,326.53,355.24,260.97,330.36,316.89,321.71,323.47,324.93,326.09,326.95,327.51,327.78,327.75,327.44,326.83,325.95,324.79,323.37,321.68,319.75,317.57,315.17,312.55,309.73,306.72,303.53,300.2,296.74,293.21,289.7,286.23,282.79,279.4,276.05,272.74,269.47,266.24,263.05,259.9,256.78,253.7,250.66,247.65,244.68,241.75,238.85,235.99,233.16,230.36,227.6,224.87,222.17,219.51,216.88,214.27902505656107,211.70922406235843,209.1702237472885,206.66165541693036,204.1831547765577,201.73436175515133,199.3149206813867,196.92448028363413,194.56269333798306,192.22921666824212,189.9237111459391,187.64584204229664,185.39527850026857,183.17169335855257,180.97476350356533,178.80417004543057,176.65959726205224,174.54073365504124,172.44727136895574,170.37890613850482,168.33533741174,166.31626815646854,164.321404983445,162.3504579351858,160.4031405563645,158.47916980581763,156.57826602134747,154.700152902123,152.8445574382849,151.01120989334677,149.19984373379992,147.41019566431112,145.6420054693334,143.89501610110005,142.16897355643312,140.46362687674338,138.7787281304317,137.11403230729618,135.4692973537299,133.84428411992437,132.23875628947462,130.6524803969778,129.08522577523703,127.53676446726728,126.00687133188826,124.49532383253897,123.00190214287035,121.5263890587514,120.06856998067053,118.62823286093895,117.20516820369092,115.7991689944886,114.4100307531182,113.03755141039879,111.68153127298451,110.3417731289574,109.01808205424074,107.71026548299426,106.41813317241647,105.14149711475083,103.88017159008211,102.63397309594119,101.40272031210756,100.18623408301058,98.98433743532811,97.79685548999288,96.62361544459337,95.46444659097291,94.31918028003187,93.18764981613515,92.06969058030357,90.96513988942365,89.87383697864882,88.79562305419573,87.73034122294922,86.67783642206714,85.63795548937544,84.6105471105719,83.5954617312322,82.59255160960629,81.60167079901952,80.62267509507637
45,535.75,473.94,439.36,417.02,487.41,429.32,398.85,482.59,320.82,378.04,372.14,325.72,394.17,349.85,399.83,396.4,371.52,314.38,333.08,283.07,376.97,266.45,333.12,318.44,360.87,316.37,343.23,342.43,261.81,320.92,322.83,277.86,306.06,268.54,287.91,440.53,327.47,334.58,335.33,339.8,341.05,342.02,342.7,343.09,343.2,343.03,342.59,341.87,340.89,339.65,338.15,336.4,334.42,332.2,329.77,327.12,324.28,321.26,318.06,314.71,311.22,307.62,303.96,300.31,296.71,293.16,289.64,286.17,282.74,279.35,276.0,272.69,269.42,266.19,263.0,259.85,256.73,253.65,250.61,247.61,244.64,241.7,238.81,235.94,233.11,230.32,227.56,224.83,222.13380112368037,219.46991481142933,216.83795398858203,214.2375366869996,211.668285364199,209.12982690335292,206.62179278350743,204.1438187391469,201.69554476019383,199.27661560266174,196.88667976734968,194.52539018071263,192.19240385442626,189.88738188538696,187.60998945571177,185.3598958327387,183.1367740285912,180.94030131083107,178.7701581811533,176.626029737126,174.507604140233,172.41457380739638,170.3466345598887,168.30348589568135,166.28483088731377,164.29037619891534,162.31983198407477,160.3729118858402,158.44933293458865,156.54881556504762,154.67108353118658,152.81586394026036,150.98288709961332,149.17188658476644,147.38259912026493,145.61476463074376,143.86812612177502,142.14242964582465,140.43742431927424,138.75286228837732,137.0884986101072,135.44409128620055,133.81940126315718,132.2141922620228,130.62823089754107,129.06128654197968,127.51313134215205,125.98354015133025,124.47229056328878,122.97916279315197,121.50393966037242,120.04640665681795,118.60635177655406,117.18356558393106,115.7778411454968,114.38897397893173,113.01676208709212,111.66100587290151,110.32150810530712,108.99807397034506,107.69051091794456,106.39862876405866,105.1222395544899,103.86115761595585,102.61519947098014,101.38418387193613,100.16793169891625,98.96626602781912,97.77901199417543,96.60599687825682,95.44705000294525,94.30200273373306,93.17068846170122,92.05294256947579,90.94860241420622,89.85750731054351,88.77949846255329,87.71441903180276,86.66211400118678,85.62243022599291,84.59521641687994,83.58032308881235
46,489.64,461.94,458.12,440.62,443.16,514.76,405.57,405.19,420.75,442.56,328.82,379.04,412.41,366.81,424.4,368.3,388.59,374.95,330.01,360.51,389.11,365.95,303.26,380.32,345.23,364.01,315.93,325.33,351.97,318.98,268.38,291.66,323.8,311.74,324.21,347.98,400.66,395.58,349.52,353.46,354.07,354.41,354.5,354.33,353.9,353.22,352.29,351.12,349.71,348.07,346.21,344.12,341.83,339.34,336.66,333.79,330.76,327.56,324.22,320.74,317.15,313.46,309.73,306.02,302.35,298.72,295.14,291.6,288.11,284.66,281.24,277.87,274.54,271.25,268.0,264.78,261.61,258.47,255.37,252.31,249.29,246.3,243.34,240.43,237.54,234.69,231.88,229.1,226.35271031281627,223.6383425849371,220.95650281070212,218.30680170991195,215.68885472782787,213.10228170927815,210.54670722455177,208.02176008055778,205.52707397261287,203.06228634381296,200.62703968860868,198.22098024922977,195.84375850452602,193.49502916996727,191.17445152353716,188.8816882651047,186.61640633115897,184.37827689480898,182.16697487694296,179.98217878328157,177.8235716820592,175.69083957455493,173.5836728616147,171.50176536596987,169.4448146581311,167.41252173049426,165.40459148618157,163.4207319243067,161.460655085067,159.52407595799914,157.61071313376684,155.72028859232972,153.8525275888807,152.00715867014043,150.18391362547334,148.38252747059303,146.6027383823833,144.84428765001428,143.10691967494225,141.39038190573098,139.69442482175702,138.01880186803092,136.36326943890253,134.7275868943558,133.11151638076683,131.5148229612619,129.93727450165423,128.37864158897065,126.83869762921985,125.31721870073997,123.81398355419878,122.32877359629877,120.86137284089332,119.41156792528129,117.97914797984927,116.56390470954545,115.1656322635218,113.78412731660755,112.41918889006769,111.07061851454975,109.73822000195828,108.42179955951755,107.12116572459281,105.83612928321688,104.5665033189742,103.31210314782203,102.07274630179582,100.84825246383038,99.6384435003493,98.44314342867555,97.26217833555805,96.09537642605568,94.94256790947449,93.80358509713587,92.67826225572422,91.56643563987649,90.46794349218204,89.38262597800392,88.31032516918417,87.2508850277492,86.20415140590968,85.16997199717652
47,591.35,609.81,539.22,587.27,512.03,558.04,478.26,544.3,448.47,472.71,490.04,379.92,429.77,360.36,400.28,428.57,420.22,419.6,347.12,406.05,426.06,407.34,366.38,409.84,404.61,377.58,382.06,426.3,355.36,331.77,308.3,318.5,286.82,314.54,415.19,358.36,381.19,385.02,358.79,362.02,361.87,361.5,360.89,360.07,359.03,357.77,356.31,354.64,352.78,350.72,348.48,346.06,343.47,340.71,337.8,334.74,331.55,328.22,324.78,321.24,317.6,313.89,310.15,306.43,302.76,299.13,295.54,292.0,288.5,285.04,281.62,278.25,274.91,271.61,268.36,265.14,261.96,258.82,255.72,252.65,249.62,246.63,243.67,240.75,237.87,235.01,232.2,229.41,226.65910873883627,223.9411798156943,221.25581889123032,218.60263608799704,215.9812464520193,213.39126964507702,210.83232979084679,208.30405516718463,205.80607912927732,203.3380387249157,200.89957607922113,198.49033685606062,196.10997148891477,193.75813425772668,191.43448375047774,189.13868255547018,186.870397107469,184.62929845699415,182.41506073173582,180.22736252128064,178.06588626167786,175.93031777386386,173.82034687909606,171.73566724509442,169.67597607832457,167.64097397013916,165.63036551221188,163.64385852724507,161.6811643766866,159.74199780687147,157.82607741059718,155.9331245501143,154.062864126419,152.21502462541056,150.38933731782726,148.58553696699528,146.80336142879673,145.04255169782726,143.30285187662426,141.58400912950927,139.88577360565887,138.20789848526215,136.55013988720552,134.91225683830126,133.29401122712963,131.69516785019678,130.11549425807593,128.55476081695096,127.0127406009154,125.48920945351591,123.98394583389363,122.4967309090993,121.02734844639251,119.57558476708384,118.1412287926928,116.72407195263224,115.32390815343713,113.94053380953589,112.5737477355497,111.22335114629233,109.88914767215606,108.57094328218243,107.26854623790469,105.98176710873358,104.71041877195748,103.45431628965545,102.21327695485486,100.98712024537387,99.7756678238213,98.57874346066755,97.39617303424446,96.22778451535952,95.07340795191004,93.93287539195389,92.80602091448111,91.69268058325648,90.59269240066193,89.50589636923992,88.43213433783494,87.37125009390861,86.32308927122465,85.28749934984873
48,735.21,560.75,685.37,556.82,582.97,585.86,518.93,549.55,546.03,429.39,575.43,491.92,491.58,411.06,448.06,418.24,426.82,429.54,447.51,443.95,454.41,390.52,452.95,397.82,417.92,415.57,320.32,447.75,361.94,387.91,353.18,311.78,407.74,404.46,345.52,366.49,448.52,414.89,370.31,372.81,371.85,370.71,369.38,367.88,366.19,364.34,362.32,360.13,357.79,355.3,352.66,349.88,346.97,343.93,340.77,337.5,334.13,330.66,327.1,323.46,319.76,316.01,312.24,308.49,304.8,301.14,297.53,293.97,290.44,286.96,283.52,280.12,276.76,273.45,270.17,266.93,263.73,260.57,257.44,254.36,251.31,248.29,245.32,242.38,239.47,236.6,233.76,230.96,228.1906387238037,225.4544583471195,222.7510618458188,220.08005717872612,217.4410565548322,214.8336773126382,212.25754089425408,209.71227357818546,207.1975060396616,204.712873350635,202.25801468666685,199.83257391315675,197.43619899911275,195.06854201715154,192.7292594366132,190.41801139077413,188.13446255619155,185.87828127335897,183.6491399863784,181.44671509640298,179.27068666852216,177.1207390179913,174.99655953777219,172.89784001755012,170.82427561783166,168.77556501650218,166.75141084849824,164.75151911957758,162.77559920631933,160.82336414923884,158.89453021311536,156.98881747322173,155.10594893597982,153.24565097863282,151.40765334924527,149.5916891667029,147.79749433448316,146.02480822947487,144.2733733062734,142.54293503855743,140.83324193374494,139.1440455329931,137.4751003672309,135.82616385456927,134.19699634426797,132.5873610288013,130.99702397316958,129.42575399765315,127.87332270712383,126.33950441776634,124.8240761717339,123.32681767852526,121.84751122705032,120.38594180287599,118.94189686839012,117.51516649470312,116.10554322974627,114.7128221129275,113.33680064581985,111.9772787481943,110.6340587140525,109.30694521162673,107.99574526872425,106.70026819944843,105.42032558954324,104.15573131104868,102.90630144902238,101.6718542575721,100.45221023313462,99.24719195326253,98.05662414990279,96.88033366542975,95.71814939402198,94.5699022670066,93.43542526751501,92.31455335720419,91.2071234909124,90.1129745580362,89.0319473825305,87.96388470825285,86.90863112568454,85.86603313055375
49,680.57,717.15,657.56,682.89,563.15,604.27,593.23,589.8,554.65,596.67,598.55,580.52,512.28,526.09,434.24,526.59,452.81,488.14,465.78,393.76,524.26,527.65,466.58,497.6,397.68,448.55,420.51,392.73,366.08,320.88,332.02,439.12,352.28,379.04,399.98,389.19,416.34,489.31,384.77,386.49,384.67,382.71,380.61,378.37,376.01,373.51,370.89,368.15,365.3,362.34,359.27,356.11,352.85,349.5,346.07,342.56,338.98,335.34,331.63,327.88,324.09,320.27,316.44,312.65,308.9,305.2,301.54,297.93,294.36,290.83,287.34,283.9,280.49,277.13,273.81,270.53,267.28,264.08,260.91,257.79,254.7,251.64,248.63,245.64,242.7,239.79,236.91,234.07,231.26346848696002,228.49056050216348,225.75087344954585,223.04401036375683,220.36957836171385,217.7271896279772,215.11646071091053,212.53701280421686,209.9884718877062,207.47046816422412,204.98263605965198,202.5246147859781,200.09604749669074,197.6965818498495,195.32586958578187,192.98356652708298,190.6693328601516,188.3828324313506,186.12373359161424,183.89170835184106,181.6864325236616,179.5075860009743,177.35485261917734,175.22791959209758,173.12647807506173,171.05022302412866,168.99885305532135,166.97207002232352,164.9695797203188,162.99109132291932,161.03631738216575,159.104974110063,157.1967808155087,155.31146046736475,153.44873913138593,151.6083462517554,149.7900143695492,147.99347940427185,146.21848023155286,144.4647592462181,142.73206123614693,141.02013478995084,139.32873086114125,137.65760386611882,136.0065108817966,134.37521198344305,132.76347008983723,131.1710509491921,129.5977231391545,128.04325796826765,126.5074295182015,124.99001453113844,123.49079245200369,122.0095453299278,120.546057860477,119.10011728711562,117.67151340120623,116.26003851385592,114.86548741368611,113.48765733867889,112.12634797617696,110.78136139249975,109.45250200478996,108.13957660916698,106.84239428218942,105.560766394932,104.29450657075503,103.04343067122775,101.80735675389795,100.5861050582151,99.37949797737697,98.18736000202222,97.00951777653779,95.84579995829093,94.69603730208988,93.56006257572322,92.43771053180633,91.32881792185808,90.2332234399937,89.15076770884811,88.081293265499,87.02464453331335
50,847.85,777.39,723.32,672.66,665.56,671.71,633.37,746.53,620.87,643.18,588.77,633.03,642.78,546.4,534.06,537.74,512.43,575.61,647.92,526.56,519.57,515.86,501.99,464.03,477.24,507.63,490.2,505.58,473.57,398.52,398.02,409.29,372.87,433.02,397.36,513.08,425.21,456.05,405.86,406.57,403.61,400.58,397.46,394.27,391.01,387.67,384.27,380.81,377.29,373.72,370.09,366.42,362.7,358.94,355.14,351.31,347.45,343.56,339.65,335.73,331.8,327.86,323.94,320.06,316.22,312.43,308.69,304.99,301.33,297.72,294.15,290.63,287.14,283.7,280.3,276.94,273.62,270.34,267.1,263.9,260.73,257.61,254.52,251.47,248.45,245.47,242.53,239.62,236.74705390669365,233.90852369221938,231.1039977480742,228.33306938211447,225.59533695512087,222.89040333453647,220.21787616759815,217.577367881336,214.96849554600806,212.39088060196957,209.8441491328034,207.3279318653206,204.84186348673256,202.38558346404398,199.95873522466005,197.56096683921388,195.19193033873893,192.85128185123443,190.5386816016656,188.25379404852887,185.9962876107212,183.7658345309741,181.56211101241973,179.38479735515577,177.23357713685283,175.10813830527826,173.00817222233772,170.93337407377166,168.88344232289322,166.85807966654684,164.85699166945318,162.87988799329864,160.92648144077688,158.9964882287197,157.08962812466262,155.20562417371394,153.3442028351201,151.50509343600362,149.68802899075638,147.89274565477734,146.1189824513416,144.36648181786234,142.63498905962905,140.92425262293824,139.23402395852813,137.5640575215784,135.91411049857953,134.28394329896827,132.6733189815528,131.08200347301724,129.50976552695218,127.95637664191544,126.42161106143188,124.90524570571073,123.40706018530211,121.9268367328143,120.46436018925722,119.0194179767292,117.59180003013435,116.18129883815214,114.78770934764158,113.4108289499846,112.05045746742957,110.70639712577812,109.37845249975902,108.06643052668464,106.77014042451172,105.48939371915438,104.22400416254489,102.97378775994675,101.73856270167184,100.51814936308062,99.31237026361224,98.12105005312814,96.94401547094233,95.78109533216488,94.63212051404531,93.49692388768987,92.37534034537462,91.26720674591924,90.17236191468704,89.09064660261525
51,909.62,927.96,787.92,717.52,872.36,790.64,784.91,825.42,721.91,726.93,704.51,653.99,706.57,691.38,673.88,644.37,618.95,625.92,553.27,586.07,578.91,639.48,468.06,554.27,545.22,582.28,533.31,529.82,453.83,476.95,432.78,419.7,407.71,411.21,491.85,432.88,437.35,428.79,431.88,431.27,426.84,422.42,418.0,413.6,409.2,404.81,400.43,396.07,391.72,387.38,383.06,378.76,374.47,370.2,365.96,361.73,357.52,353.34,349.19,345.06,340.96,336.89,332.85,328.86,324.92,321.03,317.18,313.38,309.62,305.91,302.24,298.62,295.04,291.51,288.01,284.56,281.15,277.78,274.45,271.16,267.91,264.7,261.52,258.39,255.29,252.23,249.21,246.22,243.26806891970537,240.35149662505702,237.4698600637223,234.62274162583654,231.8097284802876,229.03041284020185,226.28439169745818,223.5712670881742,220.89064529624733,218.24213778255688,215.62536025576208,213.03993346876075,210.48548215674455,207.96163596640054,205.46802865945264,203.0042986436341,200.57008844171492,198.1650448242451,195.78881880955453,193.44106566375305,191.12144476798727,188.8296194856976,186.565257162618,184.32802912677613,182.11761082123664,179.93368140587137,177.77592375735975,175.64402460193176,173.537674648111,171.45656805574234,169.40040270147816,167.36887991329175,165.3617048687073,163.3785860638269,161.4192354460738,159.48336881242196,157.57070461470767,155.68096541980404,153.81387658218983,151.9691670404081,150.14656878609372,148.3458171294596,146.5666504338105,144.80881038102933,143.07204144060444,141.35609140060237,139.66071096943827,137.98565377587607,136.3306765017715,134.69553861658588,133.08000264287233,131.48383383769232,129.90680013951837,128.34867242044612,126.80922424725648,125.28823190796444,123.78547434544743,122.30073315744532,120.83379253018897,119.38443926494865,117.95246267183971,116.53765462291975,115.13980944599416,113.75872393789038,112.39419733790939,111.04603126145399,109.71402972657752,108.39799907433803,107.0977479555238,105.81308734392789,104.5438304434277,103.2897926879852,102.05079174164673,100.82664744544593,99.61718177758067,98.42221887996173,97.24158495201833,96.07510831706958,94.92261932940445,93.78395037428163,92.65893584138104,91.54741212480364
52,1058.92,1005.86,1034.65,928.68,897.88,800.1,818.4,764.97,709.94,771.67,730.9,729.38,742.12,694.34,717.74,763.89,671.34,640.37,636.84,616.33,584.79,676.53,614.7,602.78,591.3,547.13,603.19,526.23,583.65,507.16,520.8,453.02,537.8,474.97,463.12,565.7,538.29,482.2,461.19,459.49,453.8,448.19,442.65,437.2,431.82,426.52,421.29,416.13,411.05,406.03,401.09,396.21,391.4,386.65,381.97,377.36,372.8,368.31,363.88,359.5,355.18,350.92,346.72,342.56,338.46,334.4,330.39,326.43,322.52,318.66,314.84,311.06,307.33,303.65,300.01,296.42,292.86,289.35,285.88,282.46,279.07,275.73,272.42,269.15,265.93,262.74,259.59,256.48,253.40523416703857,250.36729432501087,247.36573985534096,244.40013613426342,241.47005322960362,238.5750665523878,235.7147564658769,232.88870828556662,230.0965122791876,227.3377639273492,224.61206301128564,221.91901452511001,219.2582277635603,216.6293169736093,214.03190109382072,211.46560310273927,208.9300510614664,206.42487720140664,203.94971792426742,201.50421445366908,199.08801179256906,196.70075950519373,194.34211119575028,192.01172476907112,189.7092619093256,187.4343887316301,185.18677486979408,182.96609425825196,180.77202461077536,178.60424742047283,176.46244822043403,174.3463159321199,172.2555433866503,170.18982719448218,168.1488673544437,166.13236764470022,164.14003523178815,162.1715808009371,160.2267186863918,158.30516621980226,156.40664464247754,154.53087819313203,152.67759423820723,150.84652392348193,149.03740113149613,147.24996300283902,145.48395006647107,143.73910584875796,142.0151767431488,140.31191240114168,138.6290652109963,136.96639094934332,135.323647868931,133.70059748055664,132.09700364081309,130.51263359466435,128.94725708925623,127.40064659546363,125.87257737305164,124.36282737945012,122.8711771915604,121.39741001878772,119.94131167697653,118.50267051021761,117.08127744297663,115.67692583674012,114.2894115812408,112.91853297716779,111.56409074919881,110.22588798083929,108.90373014048657,107.59742501626914,106.3067826769499,105.03161548495835,103.77173803122975,102.52696714823715,101.29712181876609,100.08202322804341,98.881494685544,97.6953616249909,96.52345153919417,95.36559401914764
53,1124.35,1028.3,1080.85,983.73,929.26,987.99,1003.14,1020.96,944.2,826.84,870.34,882.34,812.56,779.32,791.84,828.11,861.97,725.19,781.64,640.07,696.1,696.98,685.37,677.05,619.44,605.3,650.1,595.96,593.57,633.06,463.44,512.18,493.82,422.57,471.51,512.36,484.17,552.71,494.73,492.12,485.27,478.57,472.01,465.59,459.31,453.16,447.13,441.23,435.44,429.78,424.23,418.79,413.46,408.23,403.1,398.08,393.14,388.3,383.55,378.89,374.31,369.8,365.37,360.99,356.66,352.39,348.17,343.99,339.87,335.8,331.77,327.8,323.87,319.99,316.15,312.36,308.62,304.92,301.26,297.65,294.09,290.56,287.08,283.64,280.24,276.88,273.56,270.28,267.04001615754834,263.83883167141926,260.6759827863878,257.5510113949537,254.46346478062705,251.41289574628513,248.39886210074334,245.4209271721845,242.47865955144414,239.57163283529573,236.69942562645065,233.86162166191565,231.05780955627802,228.28758293006294,225.5505402813763,222.84628472918953,220.17442414169747,217.534571136318,214.92634295133485,212.34936144589747,209.80325284330647,207.28764773101332,204.80218144569275,202.34649343145574,199.92022749656434,197.52303168507413,195.15455802011968,192.81446314570124,190.50240742818326,188.2180554697238,185.96107572320244,183.7311407489349,181.52792682960117,179.35111422696002,177.20038718184912,175.07543340075551,172.9759444408876,170.90161558181808,168.85214569712628,166.82723725439823,164.82659631522674,162.8499324068539,160.89695852217122,158.96739111971954,157.06094999533158,155.1773582821321,153.3163425788952,151.47763243661467,149.66096100029125,147.86606436714533,146.09268171497447,144.34055568722565,142.60943149449355,140.89905794137945,139.20918639963236,137.53957157829328,135.88997062519348,134.26014415381348,132.64985521642419,131.05886981751627,129.48695704215763,127.93388811898434,126.3994376010889,124.88338246751819,123.38550237998845,121.90557968288523,120.44339927490597,118.99874866040302,117.57141787236917,116.16119945960192,114.76788842252479,113.39128226453023,112.03118086362231,110.68738651092393,109.35970387216952,108.04793991069073,106.75190395159495,105.47140755340818,104.20626455941772,102.95629103349366,101.72130522158157,100.50112755170255
54,1205.74,1201.47,1168.73,1209.72,1066.99,1163.39,1157.94,990.88,893.19,890.76,887.44,878.37,987.87,867.8,829.38,941.12,867.57,892.52,961.02,826.87,757.08,796.85,661.61,656.68,679.15,734.1,708.07,642.96,621.97,682.61,484.79,590.68,603.56,546.13,577.46,582.75,596.89,566.59,533.26,529.94,522.1,514.45,506.99,499.72,492.62,485.7,478.94,472.35,465.92,459.63,453.5,447.51,441.66,435.94,430.35,424.89,419.54,414.31,409.2,404.19,399.28,394.47,389.73,385.06,380.45,375.89,371.39,366.94,362.54,358.2,353.9,349.66,345.47,341.33,337.24,333.2,329.21,325.26,321.36,317.51,313.71,309.95,306.23,302.56,298.93,295.35,291.81,288.31,284.85416230690186,281.4397020744419,278.06612506404275,274.7329427530703,271.43967246185485,268.1858374807122,264.9709664348387,261.79459379239495,258.6562594834433,255.55550877292654,252.49189276875185,249.46496727860224,246.4742939531251,243.51943939678546,240.5999755489289,237.71547917569777,234.86553237811492,232.0497219569789,229.26763979392697,226.518882724414,223.80305228367064,221.1197545796822,218.46860067425177,215.84920632895808,213.26119137005082,210.7041808316393,208.17780381250358,205.68169385715777,203.21548895584954,200.77883141753952,198.37136774288018,195.99274887825774,193.6426294536666,191.3206687988766,189.02652992726584,186.75987991688325,184.52039003746958,182.3077351153526,180.12159416855212,177.96164989869573,175.82758881804008,173.71910124947092,171.6358810724608,169.57762597711138,167.5440370830905,165.53481932069468,163.54968079574488,161.5883335517118,159.65049268056939,157.73587683087868,155.8442079537457,153.9752113028217,152.1286156883449,150.30415284203576,148.50155779815978,146.7205686394858,144.96092687834854,143.2223768215441,141.50466595139264,139.80754479871757,138.13076681582447,136.4740885035221,134.83726890303853,133.2200704851679,131.62225826112368,130.04359990955965,128.48386628465363,126.9428305269609,125.42026887634832,123.91596001148524,122.42968534199183,120.96122888141797,119.51037720913713,118.07691945764414,116.66064729985318,115.26135488558724,113.87883882887604,112.51289816984976,111.16333437473901,109.82995123425809,108.51255493981753,107.21095396920528
55,1368.37,1355.85,1275.79,1224.4,1229.49,1345.63,1154.74,1214.44,1125.64,1085.64,1115.21,945.1,1039.23,1005.12,1049.79,964.36,1089.39,916.63,906.53,872.82,916.91,787.55,774.87,781.34,739.94,783.64,717.63,759.49,702.56,757.78,728.11,663.35,651.99,592.2,602.25,624.1,564.61,535.83,578.13,574.16,565.32,556.72,548.35,540.21,532.29,524.58,517.07,509.76,502.64,495.7,488.94,482.36,475.94,469.68,463.57,457.62,451.8,446.13,440.59,435.17,429.87,424.68,419.58,414.56,409.59,404.68,399.84,395.05,390.31,385.64,381.01,376.45,371.94,367.48,363.08,358.73,354.43,350.18,345.98,341.84,337.74,333.69,329.7,325.74,321.84,317.98,314.17,310.41,306.68964092800564,303.0138175398255,299.3819977701501,295.7936563219921,292.248273789311,288.74533715837026,285.2843394317196,281.8647796281951,278.48616265757937,275.1479994459414,271.84980668495797,268.591106831913,265.3714279843591,262.190303880117,259.04727377193643,255.94188242749624,252.87368012940408,249.84222242451827,246.84706999860794,243.88778892703226,240.96395054940052,238.0751310935547,235.22091192624782,232.40087942780477,229.614624866783,226.86174452531162,224.1418391977346,221.4545146919675,218.79938132814067,216.17605431461698,213.58415312129523,211.02330210630697,208.49312976398016,205.99326935153636,203.52335813705432,201.08303790082752,198.6719549353641,196.28975916801176,193.93610541435066,191.61065187412203,189.313061384621,187.04300054332148,184.8001400838943,182.58415437484976,180.3947219208948,178.23152511225481,176.09424997399444,173.98258629135745,171.8962276097663,169.83487098414372,167.79821735493076,165.78597104672937,163.79783989364162,161.8335352392701,159.89277206205685,157.97526847392626,156.0807460963031,154.20892980943367,152.3595477523861,150.53233157372875,148.72701567949443,146.9433381105556,145.18103966524913,143.43986452607297,141.71955963298947,140.01987518478273,138.34056426304068,136.68138295749418,135.04209024067808,133.42244796793088,131.822220877395,130.241176339338,128.67908473217048,127.13571919176763,125.61085523545123,124.10427148895755,122.61574892186775,121.1450712361596,119.69202472833422,118.25639821421268,116.8379830540037,115.43657310216797
56,1498.25,1447.35,1634.46,1464.64,1344.39,1310.64,1381.47,1325.53,1296.87,1146.41,1009.44,1086.72,1162.89,1219.19,1068.88,1026.56,1049.34,944.48,1101.17,1009.49,894.73,954.96,896.86,895.38,842.2,819.0,823.16,773.87,737.84,800.26,676.6,779.67,697.38,573.76,729.13,677.41,686.85,703.11,627.96,623.56,613.88,604.46,595.3,586.39,577.72,569.29,561.09,553.11,545.34,537.77,530.4,523.23,516.24,509.42,502.78,496.31,489.99,483.82,477.8,471.92,466.17,460.55,455.02,449.57,444.18,438.86,433.61,428.41,423.28,418.21,413.2,408.25,403.36,398.52,393.75,389.03,384.37,379.77,375.21,370.72,366.28,361.89,357.55,353.27,349.03,344.85,340.72,336.64,332.605770893383,328.6198225471624,324.68157874235845,320.7904700448435,316.9459338053422,313.1474140360699,309.39436141073327,305.68623289444724,302.02249223717877,298.402609356942,294.82606046315954,291.292328056662,287.8009008063276,284.3512734257206,280.94294667309197,277.5754271046568,274.2482271979558,270.9608654752161,267.7128658865463,264.50375805665857,261.3330772848687,258.2003646684568,255.10516611578004,252.04703357988183,249.02552407160437,246.04019990631068,243.09062845716238,240.176382401842,237.29703959919166,234.45218284249134,231.64139973609787,228.86428306552804,226.12043030401438,223.4094436125054,220.73093033310943,218.0845018788459,215.46977472053328,212.88636964662285,210.333912380004,207.81203259111618,205.32036463811497,202.85854719678895,200.42622326055982,198.0230400171216,195.64864884844025,193.30270545411503,190.98486960465638,188.69480477140306,186.4321789900489,184.1966639971161,181.9879352299552,179.80567232018907,177.64955860026868,175.5192812268347,173.41453093399494,171.33500240340754,169.2803936474763,167.25040662615524,165.24474650678297,163.26312240424838,161.30524627074212,159.370834252727,157.45960533396766,155.57128195233514,153.70559012316798,151.86225882246737,150.04102035698014,148.2416103641986,146.46376756563873,144.70723352011822,142.97175348728325,141.25707507063794,139.56294932779286,137.8891302770213,136.23537477389831,134.6014425113008,132.98709614276825,131.39210115914196,129.81622588856501,128.25924124976032,126.72092112211355,125.20104197559021
57,1661.21,1780.63,1639.18,1596.81,1631.11,1613.95,1509.97,1331.99,1405.45,1264.73,1308.26,1280.24,1287.24,1184.96,1186.48,1332.07,1186.6,1138.22,1240.77,1169.34,1079.33,1011.5,914.12,862.13,864.58,852.61,895.69,874.28,837.6,908.28,761.35,719.86,704.57,743.36,747.21,768.36,688.03,711.56,683.71,678.72,667.98,657.55,647.42,637.58,628.02,618.73,609.69,600.91,592.37,584.06,575.98,568.12,560.47,553.02,545.76,538.69,531.81,525.09,518.54,512.14,505.9,499.79,493.79,487.88,482.03,476.26,470.56,464.92,459.35,453.85,448.41,443.04,437.73,432.49,427.31,422.19,417.13,412.14,407.2,402.32,397.5,392.74,388.03,383.38,378.79,374.25,369.77,365.34,360.962463585212,356.6373016732268,352.36388945832533,348.1416096392355,343.9698520560135,339.8480140531623,335.77549975339514,331.7517206628323,327.77609530788357,323.84804875108927,319.96701331735807,316.1324277466899,312.3437374362557,308.60039480351514,304.9018583179011,301.2475928639382,297.6370701043612,294.06976751179906,290.54516897397235,287.062764672654,283.62205059951106,280.222528798184,276.86370724324706,273.5450998402082,270.2662261834303,267.02661155613106,263.825786930383,260.66328884607424,257.5386595319476,254.4514463004033,251.4012021526967,248.38748529478008,245.40985913730253,242.46789253768947,239.56115907390492,236.6892377706893,233.85171237332193,231.04817195281876,228.2782100586557,225.54142532396648,222.83742110242375,220.16580558927885,217.52619133720393,214.91819586148912,212.3414410348453,209.79555332948306,207.28016357503375,204.79490707958885,202.33942350866073,199.91335664310338,197.51635474223116,195.14807030173966,192.80815956954785,190.49628327203496,188.21210612988256,185.95529661599556,183.7255275606998,181.52247518342594,179.34582006102556,177.19524640153404,175.07044192313134,172.9710984593392,170.89691123278445,168.8475793393567,166.8228053850901,164.8222953651239,162.84575890578114,160.89290914352947,158.9634626039415,157.05713920169498,155.17366211953305,153.31275792930398,151.4741565919611,149.6575908523653,147.86279720760103,146.0895148176209,144.337486352522,142.60645726630915,140.89617616001325,139.20639466065185,137.53686730018964,135.88735175761744
58,1947.57,1977.32,1866.99,1702.0,1779.13,1809.41,1632.12,1499.04,1686.47,1322.53,1551.38,1371.21,1362.96,1292.08,1313.71,1288.02,1162.48,1237.34,1194.68,1107.48,1275.74,1131.6,1137.87,988.22,997.66,969.33,960.52,963.76,848.86,839.08,785.59,781.57,827.71,841.6,802.74,754.87,774.86,849.85,748.23,742.42,730.37,718.67,707.33,696.33,685.65,675.29,665.24,655.48,646.0,636.8,627.86,619.17,610.73,602.52,594.54,586.78,579.23,571.87,564.71,557.72,550.91,544.25,537.72,531.28,524.92,518.63,512.42,506.29,500.22,494.23,488.31,482.46,476.69,470.98,465.34,459.76,454.26,448.81,443.44,438.13,432.88,427.69,422.57,417.51,412.51,407.56,402.68,397.86,393.0935735764388,388.3841561819609,383.7310681458921,379.1336378902923,374.5912018109451,370.10310415834687,365.66869703770675,361.2873399329032,356.9584001825278,352.68125262285196,348.4552794688173,344.27987019502365,340.154421416719,336.0783372468316,332.05102870091633,328.0719134591326,324.14041669932004,320.25597002590166,316.41801170790535,312.62598715500644,308.8793478464316,305.1775520450227,301.52006455921565,297.90635614798646,294.3359042349156,290.8081921941238,287.3227098263148,283.8789527637215,280.47642270812764,277.11462719284594,273.79307970172937,270.5112995501598,267.2688117660376,264.0651468517598,260.89984102224196,257.77243596689624,254.68247884963162,251.62952230885384,248.6131242194439,245.63284757374694,242.68826083860515,239.77893747931404,236.90445595962285,234.06439997975593,231.2583578813587,228.48592324255193,225.74669428287743,223.0402739823091,220.3662702002634,217.7242953185673,215.11396647947979,212.5349052286594,209.98673763417483,207.46909452452707,204.98161065557335,202.52392542459188,200.09568251324993,197.6965298876034,195.32611932205376,192.98410735143452,190.6701541999139,188.3839241380273,186.1250857206989,183.89331119218767,181.688276724109,179.50966253444525,177.35715253051387,175.23043430896684,173.1291992748018,171.05314264136197,169.00196307330376,166.97536292461828,164.97304800060985,162.99472767690688,161.04011489946157,159.10892582751788,157.20088030965442,155.31570116971972,153.45311492089735,151.6128509326298,149.7946422636944,147.99822471011703
59,2103.24,2069.79,2036.5,1963.6,1830.77,1878.89,1685.3,1980.7,1696.66,1572.54,1604.37,1492.62,1543.43,1308.31,1435.37,1532.01,1420.75,1331.25,1369.94,1390.17,1307.89,1231.36,1174.39,1110.4,1037.74,981.94,1037.66,997.23,858.35,860.56,897.28,863.45,970.92,867.82,873.72,961.1,820.85,913.56,821.95,815.1,801.41,788.15,775.33,762.9,750.88,739.23,727.94,717.01,706.41,696.14,686.18,676.52,667.15,658.06,649.24,640.67,632.35,624.26,616.4,608.75,601.29,594.02,586.89,579.86,572.92,566.06,559.28,552.59,545.97,539.43,532.97,526.59,520.29,514.06,507.9,501.82,495.81,489.87,484.0,478.21,472.48,466.82,461.23,455.7,450.25,444.85,439.52,434.26,429.05842317530795,423.9190378162346,418.84110324100294,413.82388709537463,408.8666660563858,403.9687251286107,399.1293579960304,394.34786643558584,389.6235607863351,384.95575912842844,380.34378822142264,375.7869822140987,371.28468346548715,366.8362419584213,362.44101553411576,358.09836965758836,353.807677065792,349.56831823677174,345.37968068592903,341.2411595524685,337.15215677837267,333.11208157755914,329.12035031859136,325.1763859382322,321.27961864517965,317.42948498175264,313.62542841033735,309.8668990788086,306.15335358595144,302.48425474688264,298.85907217949676,295.27728136615235,291.73836435740736,288.24180930286195,284.78711021658023,281.37376744624703,278.0012868521434,274.6691806281711,271.3769665981172,268.12416798107535,264.91031432976024,261.73494012303604,258.59758582152006,255.497797163847,252.43512528395823,249.4091268283911,246.41936360441107,243.4654023454332,240.54681553204713,237.66318021912414,234.81407885684231,231.99909846966136,229.21783147734783,226.46987475666063,223.75483022779758,221.07230426794902,218.42190829774407,215.80325819480436,213.21597429374407,210.65968173803756,208.13400977628396,205.63859246594268,203.17306785230846,200.73707867224712,198.3302714158813,195.95229738219396,193.60281162342483,191.28147329693834,188.98794589980216,186.72189668234068,184.48299700000308,182.27092207878454,180.08535101522637,177.925966776416,175.79245608269767,173.68450929038318,171.60182050904115,169.54408771878633,167.51101218383315,165.50229892165282,163.51765646839505,161.55679652701966
60,2266.47,2174.43,2272.86,2177.56,2128.38,2073.4,2000.48,2061.73,2017.22,1740.84,1570.71,1753.05,1734.55,1622.81,1608.4,1562.1,1477.47,1487.1,1519.62,1607.48,1499.47,1476.42,1530.01,1346.32,1108.8,1177.77,1172.59,1148.77,1052.97,1059.7,957.56,959.13,978.15,940.64,966.63,942.87,941.46,928.83,901.78,894.26,879.25,864.71,850.64,837.02,823.83,811.05,798.67,786.68,775.05,763.79,752.87,742.27,732.0,722.03,712.35,702.95,693.82,684.95,676.32,667.93,659.75,651.77,643.95,636.24,628.63,621.1,613.67,606.32,599.06,591.89,584.81,577.81,570.89,564.05,557.3,550.63,544.03,537.52,531.08,524.73,518.44,512.23,506.1,500.04,494.05,488.13,482.29,476.51,470.803419016359,465.16504204382926,459.5940572467085,454.08966225097646,448.6510643779174,443.277479943254,437.9681348412022,432.7222639604165,427.5391113008012,422.4179297398884,417.35798114964894,412.3585358124377,407.41887300504857,402.53828018103775,397.7160535547783,392.9514975174058,388.24392463681863,383.59265565767714,378.99701938459344,374.45635256532046,369.96999989075164,365.5373137612994,361.1576540532733,356.8303884693127,352.5548923047648,348.3305477468196,344.1567449258079,340.0328808639028,335.95835982555315,331.93259296705014,327.9549985701495,324.0250020420714,320.1420352146352,316.30553692831353,312.5149524481784,308.7697339311443,305.06933972510313,301.4132349529784,297.80089057823847,294.23178445619396,290.7054002827007,287.2212278277802,283.778763052432,280.3775081086324,277.0169706384699,273.6966644750102,270.4161091750528,267.17482966869824,263.97235707702424,260.8082277775989,257.6819836381021,254.59317201632567,251.5413457601734,248.52606297403935,245.5468870188075,242.60338639504135,239.69513474298356,236.82171084255597,233.98269837973808,231.1776862969994,228.4062680924343,225.66804217019467,222.96261172367892,220.28958485234295,217.64857409445662,215.0391967775364,212.46107455110163,209.91383385391845,207.39710532994496,204.91052429557502,202.4537301555837,200.02636663674917,197.62808190466345,195.25852809648882,192.91736178820165,190.60424317691584,188.31883701537015,186.060811677441,183.8298397421969,181.62559752665496,179.44776531940263,177.29602714697594
61,2460.46,2402.75,2449.01,2195.05,2265.53,2151.12,2321.39,2140.44,2081.79,1949.49,1956.85,1867.5,1854.85,1723.76,1918.47,1599.01,1625.18,1695.32,1581.58,1577.06,1633.8,1649.57,1444.08,1528.68,1298.75,1415.48,1265.91,1175.73,1211.53,1079.62,1115.29,1140.0,990.6,1062.09,986.15,1122.94,1034.27,1048.62,985.79,977.5,961.09,945.21,929.83,914.95,900.53,886.57,873.04,859.94,847.24,834.92,822.99,811.41,800.18,789.28,778.71,768.44,758.46,748.77,739.34,730.16,721.22,712.5,703.96,695.53,687.21,678.99,670.86,662.83,654.9,647.06,639.32,631.67,624.11,616.64,609.25,601.96,594.76,587.64,580.6,573.65,566.78,560.0,553.29,546.67,540.12,533.66,527.27,520.95,514.7124588086104,508.54943795064503,502.46005105573164,496.443422216947,490.4986858745557,484.6249864672294,478.8214788970884,473.08732759961737,467.4217072412287,461.82380213795983,456.2928061392125,450.8279226277531,445.4283644034516,440.09335368328226,434.8221216362808,429.6139088485871,424.4679646258813,419.38354722590555,414.3599236259426,409.3963696390765,404.4921693328896,399.6466156107654,394.8590095143256,390.12866045595064,385.4548858699986,380.8370114453258,376.2743707765057,371.7663052475678,367.3121643807797,362.91130513908365,358.563092042357,354.26689728367325,350.02210049678007,345.82808852357925,341.6842557629074,337.59000347297325,333.5447401201391,329.54788137892115,325.5988496669465,321.6970741449541,317.84199094931535,314.03304284325236,310.2696793330989,306.55135620325774,302.87753574872244,299.24768689133697,295.66128471475434,292.1178103481755,288.6167513151315,285.15760118470143,281.73985957151245,278.36303190321905,275.0266296530237,271.73016999089543,268.4731757835701,265.25517571081036,262.075704032885,258.9343003580477,255.83050999131885,252.76388346944296,249.73397690967084,246.74035154471693,243.7825738390202,240.86021537248334,237.972852840473,235.12006817008017,232.30144805507808,229.51658407218272,226.76507279731334,224.046515689332,221.36051862500145,218.70669248028747,216.08465266531732,213.49401912437912,210.93441645218283,208.4054734288178,205.90682371731637,203.43810493356898,200.99895922762744,198.589032934923,196.20797657626656,193.85544485784823
62,2526.19,2652.67,2647.13,2387.23,2604.09,2511.66,2312.75,2386.99,2310.56,2351.92,2175.58,2143.3,2165.01,2200.93,1914.87,1932.02,1818.47,1865.28,1854.71,1865.01,1716.27,1837.45,1695.72,1706.31,1666.98,1510.64,1421.11,1324.58,1181.61,1274.56,1168.17,1212.24,1164.23,1097.83,1133.14,1098.98,1102.36,1129.14,1064.55,1055.51,1037.72,1020.58,1003.98,987.91,972.35,957.28,942.68,928.54,914.83,901.54,888.65,876.16,864.03,852.27,840.85,829.77,819.0,808.53,798.35,788.45,778.8,769.38,760.16,751.06,742.08,733.2,724.43,715.76,707.2,698.74,690.38,682.12,673.95,665.89,657.92,650.05,642.27,634.58,626.99,619.48,612.07,604.74,597.5,590.35,583.28,576.3,569.4,562.58,555.8454303518328,549.1912852669601,542.6166087201352,536.1204562666522,529.7018945837108,523.3600010117808,517.093864127897,510.90258294304607,504.78526747546226,498.74103771869665,492.7690245588886,486.868368628177,481.0382211073125,475.27774292304525,469.5861050921019,463.96248837720856,458.40608294311477,452.9160889298876,447.49171565029957,442.13218181914664,436.83671543858895,431.6045534541752,426.43494209881806,421.32713631950077,416.2803998919358,411.29400542056476,406.36723387992316,401.4993749586169,396.6897266006869,391.937595234927,387.2422953162483,382.60314955499695,378.019488572978,373.49065101811374,369.01598322046726,364.59483942156083,360.2265813157395,355.91057839414844,351.64620737143844,347.43285264440124,343.26990560401674,339.15676509408814,335.09283695260655,331.07753401175137,327.1102762125488,323.1904902608953,319.3176098568757,315.4910751214686,311.7103330551819,307.9748371940761,304.2840473804471,300.6374299921434,297.0344579425664,293.47460999271726,289.95737143914994,286.48223342601824,283.04869340371124,279.65625467021766,276.3044263711262,272.9927236142842,269.72066701116245,266.4877832501491,263.29360429393824,260.1376679528236,257.01951731140497,253.9387010725639,250.89477309882926,247.88729275635322,244.91582445627594,241.97993799870235,239.0792082287252,236.21321503642565,233.381543242214,230.58378259682982,227.81952801065975,225.08837886578422,222.38993947461313,219.72381885056797,217.0896307080818,214.48699323328188,211.91552931330688,209.37486630698967
63,2806.47,2794.13,2847.61,2863.85,2809.31,2780.88,2749.94,2541.49,2583.52,2606.58,2377.46,2398.04,2407.12,2150.57,2256.7,2338.34,2265.42,2060.49,1894.9,1871.44,1928.52,1974.37,2013.12,1697.28,1616.47,1633.38,1601.94,1591.03,1377.75,1388.05,1259.16,1287.61,1168.7,1252.71,1360.24,1252.98,1202.85,1260.36,1160.58,1150.95,1131.46,1112.69,1094.61,1077.1,1060.14,1043.71,1027.8,1012.38,997.44,982.95,968.91,955.29,942.08,929.26,916.81,904.73,892.99,881.58,870.49,859.69,849.17,838.91,828.85,818.94,809.15,799.47,789.91,780.46,771.12,761.9,752.78,743.78,734.88,726.09,717.4,708.82,700.34,691.96,683.68,675.5,667.41,659.43,651.54,643.74,636.03,628.42,620.9,613.47,606.1278906465742,598.8734214468616,591.7055518271678,584.6232534585341,577.6255100278647,570.7113170090523,563.8796820062893,557.1296240674466,550.4601739129471,543.8703735924556,537.3592763704423,530.9259467261817,524.569460239317,518.2889031321125,512.0833727272006,505.9519766465245,499.893833383522,493.90807138763137,487.9938296364751,482.15025740698644,476.37651370322556,470.67176759968953,465.03519801243937,459.4659935846626,453.9633522289265,448.5264816993621,443.15459901947963,437.84693013885936,432.6027107342076,427.42118495055337,422.3016063167418,417.2432367155036,412.245347298949,407.3072172297635,402.42813482557506,397.6073963001503,392.8443065644512,388.138178540015,383.48833327339077,378.89410005057607,374.3548158248328,369.8698255599986,365.43848211604876,361.0601455624762,356.73418409378576,352.4599731139998,348.2368953510949,344.06434097143875,339.94170735091643,335.8683990749308,331.8438277095284,327.86741180139984,323.93857676344305,320.05675487476276,316.2213851662343,312.4319133060666,308.6877915998021,304.98847864700633,301.33343968457876,297.7221462434418,294.1540761485411,290.628713404409,287.1455479662904,283.70407619789034,280.3038001847532,276.9442279631362,273.6248735200094,270.34525667861897,267.1049025263032,263.90334244442374,260.7401128495606,257.61475599457,254.52681928196355,251.47585595052894,248.4614240453988,245.48308710467148,242.54041404497443,239.6329784748431,236.76035949577886,233.92214101562794,231.1179117485817,228.3472657873603
64,2947.25,3392.4,3266.86,2901.13,3100.92,3018.76,3128.2,2942.64,2838.13,2632.36,2574.52,2682.64,2673.42,2493.64,2579.19,2581.53,2212.21,2310.28,1888.19,2045.2,1920.71,2005.62,2114.0,1876.15,1776.92,1808.97,1753.35,1536.25,1654.27,1484.13,1414.66,1304.36,1345.05,1297.5,1356.78,1346.18,1338.73,1208.96,1263.11,1253.18,1232.19,1211.67,1191.89,1172.83,1154.38,1136.5,1119.18,1102.39,1086.13,1070.36,1055.07,1040.25,1025.86,1011.91,998.36,985.21,972.43,960.01,947.93,936.18,924.73,913.56,902.61,891.82,881.15,870.62,860.21,849.92,839.76,829.72,819.8,809.99,800.3,790.73,781.27,771.93,762.7,753.57,744.56,735.65,726.85,718.15,709.56,701.07,692.68,684.39,676.2,668.11,660.1158979849135,652.2171724159364,644.4126917566953,636.7013380597589,629.0820063956742,621.5536045103879,614.1150533962109,606.7652863782752,599.5032494571128,592.3279010802705,585.2382117997303,578.2331641577176,571.3117529150868,564.4729845945494,557.7158771380965,551.0394604779619,544.4427755088877,537.9248747732809,531.4848216618631,525.1216907562504,518.8345677147588,512.6225485872488,506.4847402718964,500.4202602868067,494.4282363132433,488.5078064240141,482.65811896927846,476.87833223396797,471.16761443778773,465.5251436210225,459.95010741615187,454.44170339042796,448.9991381323338,443.6216278225468,438.30839811974596,433.0586833612627,427.871727248237,422.7467822746542,417.6831099557299,412.67998048533195,407.7366723934021,402.85247311691995,398.02667831474565,393.25859198181365,388.54752656332454,383.8928024979749,379.2937479895706,374.7496996921844,370.2600017966132,365.82400637295666,361.44107302803855,357.1105692479852,352.8318695988764,348.60435652609425,344.4274193265883,340.3004549482254,336.22286719043984,332.1940671610044,328.21347259087406,324.2805085193421,320.39460672307695,316.5552053735431,312.7617497221582,309.0136915293289,305.3104888360657,301.65160630656084,298.03651488560996,294.46469191280534,290.935620779957,287.44879115947856,284.00369866180887,280.59984494960474,277.23673762354804,273.91388999396025,270.63082142338106,267.38705664141105,264.1821264298688,261.0155668234416,257.8869194522632,254.7957315419143,251.74155545665135,248.7239491561773
65,3134.67,3412.98,3257.89,3245.14,3295.76,3505.26,3394.98,3218.36,3294.67,3223.78,2946.35,2912.07,2913.34,2675.64,2890.01,2760.66,2554.45,2496.81,2396.4,2216.01,2217.11,2170.63,2159.99,2023.79,1934.26,1937.13,1841.49,1960.37,1723.7,1577.01,1508.93,1499.9,1578.37,1542.07,1503.71,1517.32,1356.02,1520.17,1386.28,1376.23,1353.75,1331.44,1309.63,1288.61,1268.34,1248.7,1229.68,1211.25,1193.38,1176.06,1159.27,1142.99,1127.19,1111.86,1096.99,1082.54,1068.5,1054.86,1041.59,1028.68,1016.11,1003.83,991.81,979.95,968.24,956.67,945.23,933.94,922.77,911.74,900.84,890.07,879.43,868.91,858.52,848.26,838.11,828.09,818.19,808.4,798.73,789.18,779.74,770.41,761.2,752.09,743.09,734.2,725.4174511795915,716.7396298587831,708.1652951471008,699.6932205268748,691.3221939682227,683.0510176990846,674.8785075153278,666.8034937006076,658.8248197615592,650.9413431176926,643.1519341815341,635.4554770485195,627.850868692118,620.3370188488494,612.9128503632314,605.5772986128676,598.3293115084471,591.1678490338154,584.0918838208861,577.1004003447638,570.1923950387268,563.3668761792445,556.6228636560126,549.9593888569705,543.3754947832842,536.8702352444687,530.4426757782477,524.091892500729,517.816972566335,511.6170138228545,505.49112469646076,499.438424421676,493.45804223649503,487.5491177273317,481.7108009440018,475.9422514798637,470.24263927669523,464.6111438198163,459.04695425307176,453.549269493814,448.1172977729727,442.75025663505477,437.44737305312765,432.20788296888855,427.0310314076473,421.9160723633441,416.8622684536019,411.8688912646741,406.9352207765317,402.0605458227937,397.2441632858497,392.48537844180737,387.7835049604923,383.13786444551846,378.54778666425256,374.0126093178502,369.53167781128974,365.10434548333797,360.7299731466205,356.4079293175859,352.1375899865413,347.91833838768747,343.74956545904877,339.63066880763074,335.56105362927985,331.54013190380647,327.5673228549147,323.64205226030754,319.7637529116167,315.9318642694553,312.14583257840025,308.40511052204533,304.70915733798296,301.0574385878398,297.449426272259,293.8845984859532,290.36243999261603,286.8824410750985,283.444098455268,280.04691471909626,276.6903984316421,273.37406379210336
66,3730.52,3883.11,3651.97,3650.34,3482.45,3646.79,3487.84,3635.48,3443.11,3316.19,3218.33,3180.62,3156.92,3175.98,2949.48,2855.69,2791.46,2851.85,2746.86,2615.32,2425.13,2396.18,2274.17,2338.51,2121.19,2062.28,1996.76,2065.06,1894.81,1810.63,1706.66,1606.34,1642.12,1556.34,1564.09,1767.48,1699.56,1566.63,1524.22,1514.44,1490.57,1466.59,1442.81,1419.57,1397.16,1375.54,1354.6,1334.3,1314.63,1295.56,1277.07,1259.14,1241.75,1224.87,1208.48,1192.57,1177.12,1162.1,1147.49,1133.27,1119.42,1105.91,1092.66,1079.61,1066.71,1053.96,1041.37,1028.93,1016.63,1004.48,992.48,980.62,968.9,957.31,945.87,934.56,923.39,912.35,901.45,890.67,880.02,869.5,859.1,848.83,838.67,828.64,818.73,808.94,799.266259728363,789.7078061283984,780.2632745569018,770.9313166012402,761.7105993837547,752.5998057936271,743.5976339072159,734.7027971039896,725.9140237187275,717.2300572733868,708.6496554337072,700.1715909366728,691.7946506630509,683.5176355214592,675.3393607961639,667.2586553355509,659.2743620158566,651.3853370455719,643.5904501973079,635.8885843440645,628.2786356910965,620.7595129643846,613.3301383380966,605.9894460433961,598.7363831799703,591.5699090204347,584.4889952421979,577.4926255796643,570.5797955923681,563.7495127809066,557.0007961232088,550.3326764223347,543.7441956108776,537.2344070987635,530.8023754254526,524.4471761440067,518.1678953573584,511.96363052984,505.8334893278569,499.7765900836182,493.7920614473385,487.8790425031709,482.0366823054762,476.2641401106882,470.5605849135833,464.9251956791458,459.35716099476923,453.8556790702577,448.4199575059593,443.04921340869953,437.74267281211775,432.4995713722629,427.3191533242004,422.20067206167454,417.14338990524357,412.1465776385492,407.2095148561143,402.3314896155452,397.5117984375313,392.74974607398025,388.0446455080178,383.39581806992027,378.8025927415187,374.26430696772763,369.78030549721825,365.34994119394736,360.97257445749375,356.6475732230584,352.3743131933297,348.1521770269551,343.9805550341366,339.8588445969679,335.78645040129965,331.76278397300837,327.78726414172786,323.8593161133874,319.9783725136058,316.14387222836467,312.35526109960495,308.6119913455629,304.9135217926358,301.25931775944935
67,4051.48,3970.71,3838.12,4147.15,3993.96,3791.91,3929.05,3862.41,3826.73,3659.75,3611.28,3765.71,3733.49,3478.95,3428.58,3041.46,3075.81,3120.23,3011.39,2695.8,2698.61,2766.61,2576.34,2409.05,2636.61,2263.56,2138.74,2043.45,2061.05,1990.48,1984.32,1804.41,1838.61,1712.65,1907.22,1751.7,1707.4,1719.92,1679.28,1670.03,1645.03,1619.46,1593.81,1568.38,1543.54,1519.58,1496.45,1474.04,1452.32,1431.27,1410.85,1391.06,1371.85,1353.21,1335.12,1317.55,1300.48,1283.89,1267.76,1252.06,1236.76,1221.84,1207.21,1192.8,1178.55,1164.48,1150.57,1136.83,1123.25,1109.83,1096.57,1083.47,1070.52,1057.73,1045.09,1032.61,1020.27,1008.07,996.03,984.12,972.36,960.74,949.25,937.9,926.69,915.61,904.67,893.85,883.1643786071661,872.606019047458,862.1734171387772,851.8650861350869,841.6795567264113,831.6153766877748,821.6711105281393,811.8453397244464,802.1366622535344,792.5436923580975,783.0650604296653,773.6994128915823,764.445412081987,755.3017359027508,746.2670774684159,737.3401454572574,728.5196635261797,719.8043704277383,711.1930193080154,702.6843781747026,694.2772295460396,685.9703698657106,677.7626100879476,669.6527746243455,661.639701928965,653.7222442642905,645.8992669991082,638.1696489595666,630.532282078116,622.9860715105278,615.5299349337721,608.162802897079,600.8836185878976,593.691337480834,586.5849274546728,579.5633682072731,572.6256519576931,565.7707822759835,558.9977747853112,552.3056565768569,545.6934660927939,539.1602531262888,532.7050789385216,526.3270155565625,520.0251458903925,513.7985639669444,507.64637411095913,501.5676915300884,495.5616417297919,489.6273603963169,483.76399363073915,477.9706975979016,472.2466382923727,466.59099165546775,461.0029431071658,455.4816881312132,450.0264313389588,444.63638693743604,439.3107782612813,434.0488380067744,428.84980764673617,423.71293813265163,418.63748872446456,413.6227276927009,408.6679320844273,403.7723872551695,398.9353869859323,394.15623383426157,389.43423808105916,384.7687186667473,380.15900202106326,375.6044232332646,371.10432453086236,366.65805668386724,362.2649774835228,357.92445291251084,353.6358558577252,349.3985672804777,345.2119749292716,341.0754742759662,336.98846746259215,332.95036423751526
68,4694.17,4498.71,4430.24,4108.47,4198.47,4166.17,3840.42,4077.48,3981.86,4230.12,3930.03,3936.86,4150.41,3624.37,3567.23,3490.96,3504.71,3180.95,3001.48,3115.4,2652.0,2844.49,2676.39,2507.42,2638.09,2556.72,2448.48,2372.05,2365.73,2115.13,2041.75,2138.56,2026.96,1886.7,1937.65,1920.21,1936.84,1872.78,1854.58,1845.72,1819.69,1792.77,1765.29,1737.75,1710.48,1683.85,1658.15,1633.33,1609.28,1585.96,1563.35,1541.43,1520.16,1499.51,1479.48,1460.02,1441.12,1422.74,1404.88,1387.49,1370.54,1354.01,1337.81,1321.84,1306.07,1290.48,1275.07,1259.85,1244.8,1229.94,1215.25,1200.74,1186.4,1172.23,1158.23,1144.4,1130.73,1117.22,1103.87,1090.69,1077.65,1064.78,1052.06,1039.48,1027.06,1014.79,1002.66,990.68,978.8411742149289,967.1432407748258,955.5845366351881,944.1634183835278,932.8782615297808,921.7274605063058,910.7094283130904,899.822596636015,889.0654150189977,878.4363512187888,867.9338910867065,857.55653750425,847.3028114474864,837.1712505678681,827.1604099018246,817.2688611611708,807.4951928513728,797.838009798487,788.2959331491601,778.8676002523639,769.551664186335,760.3467938768397,751.2516738606432,742.2650038124507,733.3854990179658,724.6118893095058,715.9429197755918,707.3773500513582,698.9139540820217,690.5515204776782,682.2888520402405,674.1247652903788,666.0580908223158,658.0876730672965,650.2123698205274,642.431052359442,634.7426050889051,627.1459255412127,619.6399244943575,612.2235250259073,604.8956632225966,597.6552875889997,590.5013588110016,583.4328501105929,576.4487464180132,569.5480450813433,562.7297546838527,555.992895871856,549.3365006451218,542.7596125934031,536.2612863051119,529.840587603849,523.4965934301392,517.2283914866356,511.03508011985446,504.91576867497093,498.86957666796263,492.8956341404056,486.99308130467836,481.1610685439621,475.3987562939755,469.7053150429749,464.07992474042845,458.52177527007643,453.03006609513636,447.6040060217722,442.24281331735966,436.94571523742604,431.7119484987099,426.54075856957104,421.4314001430507,416.38313642728065,411.3952395002788,406.4669899551536,401.59767713663445,396.78659843148074,392.03305974154256,387.3363753654954,382.69586728924924,378.1108660138049,373.5807096091323,369.10474406896657
69,5014.67,4908.0,4698.27,4843.93,4968.68,4589.24,4587.01,4470.88,4628.84,4120.67,4276.77,4194.68,4191.0,4139.03,4060.53,3965.45,3621.69,3600.25,3515.3,3364.47,3143.41,3227.55,3290.56,2808.86,2646.39,2510.74,2497.91,2778.94,2547.44,2428.34,2439.72,2184.79,2059.3,2242.08,2333.24,2253.84,2013.82,2120.35,2036.54,2027.73,2000.58,1972.64,1943.8,1914.42,1885.02,1855.93,1827.52,1800.1,1773.61,1747.93,1723.03,1698.88,1675.45,1652.71,1630.64,1609.21,1588.38,1568.15,1548.46,1529.31,1510.65,1492.43,1474.59,1457.0,1439.62,1422.44,1405.47,1388.7,1372.12,1355.75,1339.57,1323.58,1307.78,1292.17,1276.74,1261.5,1246.44,1231.56,1216.85,1202.32,1187.96,1173.77,1159.75,1145.9,1132.21,1118.69,1105.32,1092.12,1079.0743296032833,1066.1837857374337,1053.4465404932132,1040.8607873210092,1028.4247405561748,1016.1366350630371,1003.9947262348954,991.9972897566928,980.1426210116934,968.4290355561402,956.8548680512741,945.4184727379925,934.1182229621902,922.952510937431,911.9197473889537,901.0183617910012,890.246801654833,879.6035326473896,869.0870382352991,858.6958196848775,848.4283955874693,838.2833016221191,828.2590910302301,818.354333310253,808.567615048339,798.8975393250157,789.3427252405298,779.9018082708403,770.5734396742961,761.3562866102998,752.2490316646498,743.2503728495408,734.3590236035628,725.5737121983789,716.8931817387249,708.31619016241,699.8415100029864,691.4679280337567,683.1942452677736,675.0192768391747,666.9418518845185,658.9608128307977,651.0750161074245,643.28333155291,635.584641940204,627.9778433326903,620.4618449655212,613.0355684149655,605.6979485477254,598.4479320969614,591.2844786116093,584.2065597443916,577.2131592518191,570.3032728755251,563.4759078676072,556.7300837026157,550.0648311282359,543.4791920466238,536.9722199890647,530.542979641315,524.1905466062722,517.9140071666465,511.712458759619,505.58500926485425,499.5307771231642,493.54889109917997,487.6384902813513,481.79872396328204,476.0287515250655,470.327742077291,464.6948745797082,459.12933795989153,453.63033028258866,448.19705958037207,442.8287429043224,437.52460656135804,432.28388611423475,427.1058262628812,421.9896803697405,416.9347108157643,411.94018864441864,407.0053935616842
70,5380.65,5300.68,5149.58,4983.33,5265.14,4958.1,4904.93,4603.02,4847.04,4701.26,4952.55,4525.23,4627.69,4346.27,4095.49,4325.5,4013.26,3957.75,3948.34,3749.06,3604.31,3256.41,3183.1,3241.46,3141.47,2937.61,3060.07,2938.13,2757.2,2499.86,2795.29,2523.81,2443.46,2318.92,2370.56,2271.17,2342.98,2171.99,2241.39,2231.64,2202.78,2173.55,2143.49,2112.53,2081.05,2049.58,2018.48,1988.12,1958.79,1930.45,1902.97,1876.32,1850.46,1825.37,1801.01,1777.35,1754.37,1732.03,1710.31,1689.16,1668.56,1648.46,1628.76,1609.34,1590.15,1571.19,1552.46,1533.94,1515.65,1497.57,1479.71,1462.06,1444.62,1427.38,1410.35,1393.52,1376.89,1360.46,1344.22,1328.18,1312.33,1296.66,1281.18,1265.89,1250.77,1235.84,1221.08,1206.5,1192.0947255486308,1177.8605867705955,1163.7955689631756,1149.8976832592805,1136.1649631747587,1122.595464965574,1109.18726727063,1095.9384708736538,1082.8471985841386,1069.9115947611092,1057.129825194066,1044.500077102983,1032.02055842396,1019.6894979282804,1007.5051449842946,995.4657690811873,983.5696598289775,971.8151268394611,960.2004988928018,948.724124651882,937.3843717098364,926.1796265900522,915.1082945080525,904.1687994905548,893.3595835420639,882.6791071211036,872.1258483068104,861.698303156108,851.3949848702991,841.2144245094158,831.1551696825784,821.2157853814032,811.3948530275372,801.6909707107741,792.1027529509377,782.6288303407083,773.2678494265633,764.0184728278364,754.8793782842515,745.849259608388,736.9268253760418,728.1107995215149,719.3999208613835,710.7929430944977,702.2886342066906,693.885776827953,685.5831679943166,677.3796184335051,669.2739531602258,661.2650107618194,653.3516436363766,645.532717397448,637.8071113502754,630.1737174202699,622.6314411054755,615.179200405047,607.815925938307,600.5405613019216,593.352062236492,586.249396745613,579.2315449768154,572.297499102507,565.4462633199732,558.6768533751438,551.9882964435351,545.3796314874243,538.8499085415004,532.3981889509809,526.0235451334946,519.7250603409661,513.5018286596155,507.3529548908998,501.2775544324554,495.274752920923,489.3436865891224,483.4835016707614,477.6933545194943,471.9724114898633,466.31984869918233,460.7348521465955,455.21661711778535,449.7643487802648
71,5852.37,5625.1,5594.48,5820.29,5681.29,5528.62,5452.29,5233.72,5365.0,4942.78,4967.66,4777.46,5158.96,4833.26,4701.15,4832.81,4693.83,4396.85,4270.2,4074.69,3726.56,4009.24,3759.06,3718.09,3383.68,3190.24,3231.32,3055.73,2877.58,2972.44,2903.51,2783.75,2689.37,2587.91,2752.13,2624.81,2367.87,2480.04,2475.99,2464.59,2432.75,2401.61,2370.04,2337.58,2304.21,2270.36,2236.58,2203.21,2170.64,2139.17,2108.74,2079.23,2050.6,2022.82,1995.84,1969.65,1944.2,1919.46,1895.41,1871.99,1849.18,1826.92,1805.1,1783.6,1762.35,1741.35,1720.6,1700.09,1679.83,1659.81,1640.02,1620.47,1601.15,1582.06,1563.2,1544.55,1526.13,1507.93,1489.95,1472.17,1454.61,1437.26,1420.11,1403.17,1386.42,1369.88,1353.53,1337.37,1321.4105682949594,1305.6405350467335,1290.0576762442518,1274.6597941819498,1259.4447198511805,1244.4103033745753,1229.5544247673872,1214.8749843718517,1200.3699088357127,1186.0371487208108,1171.8746773073792,1157.8804915506082,1144.0526117219329,1130.3890805720398,1116.887963689579,1103.547348783741,1090.3653456842558,1077.3400861022533,1064.4697233911213,1051.7524321877945,1039.1864081736137,1026.7698680743251,1014.5010490622287,1002.378208875748,990.3996253411489,978.5635963725385,966.8684396131553,955.3124919570855,943.8941099079759,932.611669100751,921.4635637037608,910.4482067774928,899.5640297962892,888.8094824092062,878.1830325595854,867.6831656480587,857.3083848912611,847.0572110826893,836.9281819948492,826.9198524988263,817.0307945642861,807.2595964224805,797.6048631640995,788.0652159022794,778.6392918921714,769.325744411373,760.1232424012146,751.0304703471909,742.0461281593889,733.1689308137774,724.3976087109179,715.7309065998305,707.1675841758464,698.7064158414662,690.3461898693683,682.0857092393996,673.9237908015848,665.8592649174128,657.8909762968318,650.0177826829724,642.238555330431,634.5521791248392,626.9575515067298,619.4535830693895,612.0391974392878,604.7133305586549,597.4749309246217,590.3229597087914,583.256389800674,576.2742066446821,569.3754072835643,562.5590005975484,555.8240075434809,549.1694599591228,542.5944016392842,536.0978871401188,529.6789827356879,523.3367652222561,517.0703225161433,510.87875305587204,504.7611662804501,498.7166819119469
72,6605.88,6453.28,6156.63,6278.37,6282.56,6162.9,5756.19,5773.57,5987.14,5606.58,5429.62,5492.58,5317.13,5326.7,5374.97,5249.0,4701.22,4908.73,4797.41,4630.38,4391.67,4098.25,4111.33,3946.24,3657.79,3418.78,3664.07,3327.1,3299.09,3024.87,3143.02,3054.51,3302.39,3099.2,3104.78,2871.77,2727.53,2654.48,2733.86,2721.6,2685.87,2651.61,2618.02,2583.93,2548.9,2512.95,2476.56,2440.29,2404.51,2369.58,2335.82,2303.16,2271.48,2240.73,2210.87,2181.88,2153.72,2126.34,2099.71,2073.8,2048.55,2023.91,1999.76,1975.95,1952.43,1929.19,1906.21,1883.52,1861.08,1838.92,1817.01,1795.37,1773.98,1752.84,1731.96,1711.32,1690.93,1670.77,1650.86,1631.18,1611.73,1592.52,1573.53,1554.77,1536.23,1517.9,1499.8,1481.91,1464.2362763918052,1446.7720424589445,1429.5148463354928,1412.4622636911297,1395.6118977311378,1378.9613791964034,1362.5083663634164,1346.25054264987,1330.1856202062618,1314.3113351270918,1298.6254522396637,1283.1257579208848,1267.8100684776662,1252.6762217665214,1237.7220819823676,1222.9455384613257,1208.3445044835191,1193.9169149983945,1179.6607320121223,1165.5739392001951,1151.6545438229496,1137.9005763664047,1124.3100895845025,1110.881158977989,1097.6118821958116,1084.5003789154014,1071.5447903637923,1058.7432794373417,1046.0940302228487,1033.5952477581156,1021.2451579122278,1009.0420070263931,996.9840619139417,985.0696093814472,973.2969559892852,961.6644280516341,950.1703713970351,938.8131508895115,927.5911504285696,916.5027728294776,905.5464393443868,894.7205895426107,884.0236811909048,873.4541900140275,863.0106095750191,852.6914507963228,842.4952420795037,832.4205289460891,822.465873798129,812.6298560379149,802.9110713496613,793.3081319389441,783.8196661735419,774.4443185834352,765.1807495016467,756.0276345853609,746.983665414525,738.0475486538074,729.218006172319,720.4937746844524,711.8736058696027,703.3562657735661,694.9405350479815,686.6252087108894,678.4090957875717,670.2910193105532,662.2698160801594,654.3443365447984,646.5134445615196,638.7760175157346,631.1309458423361,623.5771330256994,616.1134953602409,608.7389619504187,601.4524745910127,594.2529874079645,587.1394666189374,580.1108910121959,573.1662509888466,566.3045491614373,559.5247996356376,552.8260282496783
73,7021.84,6912.86,6393.14,6713.69,6508.22,6366.35,6605.66,6058.61,6753.9,6144.01,6152.4,5695.19,6144.54,5401.18,5674.95,5670.98,5456.5,5240.88,5380.53,4876.99,5006.89,4671.79,4645.06,4210.96,3925.79,3809.13,3811.81,3780.43,3508.57,3411.19,3379.96,3406.85,3399.21,3158.42,3668.96,3102.71,3116.39,3006.52,3011.46,2998.49,2959.58,2921.35,2884.56,2848.39,2811.65,2773.92,2735.27,2696.24,2657.38,2619.08,2581.71,2545.56,2510.58,2476.63,2443.67,2411.66,2380.56,2350.33,2320.92,2292.31,2264.42,2237.21,2210.54,2184.25,2158.27,2132.6,2107.23,2082.16,2057.39,2032.9,2008.71,1984.8,1961.18,1937.83,1914.76,1891.96,1869.43,1847.17,1825.17,1803.43,1781.94,1760.71,1739.74,1719.01,1698.52,1678.28,1658.28,1638.51,1618.9818908057755,1599.6849366919917,1580.6164400002688,1561.7737305141297,1543.1541714246318,1524.7551557509876,1506.5741063405655,1488.60847228951,1470.8557361015,1453.3134053358658,1435.9790185732181,1418.8501406429452,1401.9243638163384,1385.1993101928438,1368.6726281206852,1352.3419910037362,1336.2051020740269,1320.2596860398578,1304.503499823939,1288.9343206321248,1273.5499554984258,1258.348232933125,1243.3270076952806,1228.4841607927297,1213.8175947095795,1199.3252393718406,1185.0050454659208,1170.8549888531904,1156.8730681837305,1143.0573056122084,1129.405745724065,1115.9164556548267,1102.5875249707915,1089.4170654304066,1076.4032102683907,1063.5441144343595,1050.8379543542005,1038.282927452823,1025.8772517962195,1013.6191663300917,1001.5069304025996,989.5388234064233,977.7131447787638,966.0282135240915,954.4823682141475,943.0739669879429,931.8013865972567,920.6630228838887,909.657290302407,898.7826218008363,888.0374684627197,877.4202993878064,866.9296015727385,856.5638795531142,846.3216552841737,836.2014679021753,826.201873843707,816.3214460104991,806.5587742466739,796.9124646228705,787.381139555557,777.9634375684052,768.658013172979,759.4635363914824,750.3786929953857,741.402184028175,732.5327258053519,723.7690494371828,715.1099010673249,706.5540416342003,698.1002462744331,689.7473048000998,681.4940208635411,673.3392124346127,665.281711204121,657.3203624645122,649.454025348496,641.6815721131705,634.0018883786481,626.4138727701162,618.9164369178383,611.5085050992159
74,7324.81,7678.71,7396.99,7296.98,7370.69,7230.56,7304.31,6686.15,6992.64,6827.99,6902.06,6225.34,6955.73,6025.98,5932.15,5911.94,6134.16,5794.09,5558.42,5413.19,5368.88,5389.25,5037.31,4725.3,4764.89,4090.4,4462.31,4117.19,3831.37,3991.0,3926.81,3672.6,3328.76,3751.59,3838.51,3508.11,3474.04,3347.81,3324.08,3309.33,3267.03,3225.41,3184.42,3144.85,3105.83,3066.15,3025.42,2983.79,2941.83,2900.12,2859.04,2818.96,2780.18,2742.63,2706.17,2670.77,2636.37,2602.93,2570.4,2538.74,2507.89,2477.79,2448.28,2419.2,2390.45,2362.05,2333.98,2306.24,2278.83,2251.73,2224.96,2198.51,2172.36,2146.52,2120.99,2095.76,2070.83,2046.19,2021.84,1997.78,1974.0,1950.5,1927.28,1904.34,1881.67,1859.26,1837.12,1815.24,1793.6222775761098,1772.2600481123638,1751.150338313585,1730.2902081721868,1709.6767509681727,1689.3070932691392,1669.1783937414289,1649.2878431501347,1629.6326655479388,1610.210113519746,1591.017471749208,1572.0520570187252,1553.3112158317624,1534.7923256016895,1516.4927898964118,1498.4100479491112,1480.5415615809773,1462.8848259007914,1445.437363360712,1428.1967249451193,1411.1604877929294,1394.3262587641207,1377.6916720620504,1361.2543868557696,1345.0120908465494,1328.9624978901966,1313.1033479970542,1297.4324073320008,1281.9474658367653,1266.6463419852985,1251.5268756507155,1236.5869340495105,1221.824408175028,1207.237213986306,1192.8232900303904,1178.580599582252,1164.5071283859852,1150.6008863191882,1136.8599058474672,1123.282242143321,1109.8659727294869,1096.6091975978284,1083.5100382582566,1070.5666382142704,1057.7771622496505,1045.1397965473423,1032.6527482139202,1020.3142448040505,1008.1225349149121,996.0758869973539,984.1725898314326,972.4109519319909,960.7893013108887,949.3059855958882,937.9593715551159,926.747844740411,915.669809606208,904.723689152886,893.9079246889985,883.2209755935056,872.6613193157741,862.22745090004,851.9178829854092,841.7311454492038,831.6657852880791,821.7203666180222,811.8934700799321,802.1836930773867,792.5896493011073,783.109968372305,773.7432964371019,764.4882948588049,755.3436411689788,746.3080279974893,737.3801635480387,728.5587707659769,719.8425879327228,711.230367833574,702.7208778765909,694.3129000925974,686.0052305407596,677.7966796652377
75,8090.32,8186.74,8155.38,8038.6,8103.75,7589.79,6968.76,7473.7,7592.01,7154.24,6991.93,7055.58,7500.72,6293.44,6531.82,6314.48,6455.41,6112.16,6361.08,5621.2,5371.83,5664.64,5440.82,5048.26,5120.43,4502.57,4909.16,4434.12,4198.99,4241.67,4021.78,3911.27,4134.33,3962.81,3813.96,3847.0,3980.1,3892.8,3673.14,3657.05,3609.98,3564.78,3520.21,3476.21,3433.58,3391.43,3348.52,3304.49,3259.58,3214.42,3169.59,3125.47,3082.44,3040.78,3000.41,2961.21,2923.11,2886.08,2850.07,2815.01,2780.85,2747.51,2714.83,2682.62,2650.78,2619.32,2588.23,2557.5,2527.14,2497.13,2467.47,2438.16,2409.2,2380.58,2352.29,2324.34,2296.71,2269.41,2242.43,2215.77,2189.43,2163.39,2137.66,2112.24,2087.11,2062.28,2037.74,2013.5,1989.5421359824877,1965.8669234570418,1942.4710859536083,1919.35138252584,1896.5046077511001,1873.9275929145829,1851.6172071934384,1829.5703517361553,1807.7839632149303,1786.2550126415447,1764.980505367365,1743.957481083343,1723.1830126358918,1702.6542048427618,1682.368195677165,1662.3221562677747,1642.5132873463551,1622.9388251683783,1603.5960344082835,1584.4822105277242,1565.5946809596912,1546.9308027402667,1528.4879636927458,1510.263580059391,1492.2550976855557,1474.4599943879305,1456.8757716656783,1439.4999629893002,1422.330127880017,1405.3638566462628,1388.5987644630682,1372.032493740307,1355.6627153068205,1339.4871260421683,1323.503447692507,1307.7094316070838,1292.1028504493697,1276.6815064859284,1261.4432244816703,1246.3858540681028,1231.5072721115764,1216.8053779767904,1202.2780947109165,1187.9233702277222,1173.739176597097,1159.7235073215675,1145.8743805334325,1132.189836863339,1118.6679394402827,1105.3067736547832,1092.104447277297,1079.0590893925053,1066.168851346614,1053.431905444816,1040.8464451881184,1028.4106850365145,1016.122859935338,1003.9812255520852,991.9840575659413,980.129651667781,968.4163232049311,956.8424074179952,945.406258375142,934.1062496825809,922.9407735372611,911.9082408452855,901.0070812219101,890.23574228107,879.5926897537914,869.0764072513674,858.6853961469454,848.4181749834653,838.2732798288963,828.2492636841755,818.3446964832079,808.5581647376292,798.888271418393,789.3336360741838,779.8928940025305,770.5646967234554,761.3477113874123,752.240620656875
76,8993.83,8986.98,8374.02,8863.45,8642.53,8248.97,8579.39,7942.97,8498.86,8097.69,7135.12,7581.79,7611.47,7227.41,6799.01,7184.64,7002.91,6867.9,6948.75,6140.95,5921.48,6175.04,5982.17,5627.17,5604.48,5322.3,5110.46,4844.83,4879.59,4499.06,4533.11,4604.72,3978.81,4222.41,4491.86,4130.55,4347.64,4516.93,4040.59,4024.65,3973.21,3923.26,3875.16,3827.62,3780.57,3734.83,3689.48,3643.25,3595.84,3547.58,3499.16,3451.15,3403.96,3357.93,3313.34,3270.11,3228.11,3187.28,3147.56,3108.89,3071.22,3034.45,2998.41,2962.88,2927.76,2893.06,2858.77,2824.87,2791.37,2758.27,2725.55,2693.22,2661.26,2629.68,2598.47,2567.63,2537.15,2507.03,2477.26,2447.84,2418.77,2390.03,2361.64,2333.58,2305.85,2278.45,2251.37,2224.6,2198.1563276063366,2172.0240168177093,2146.199472074571,2120.6791365550407,2095.4594945226368,2070.537070152412,2045.9084228354761,2021.5701542222098,1997.5189011790503,1973.7513393101012,1950.2641794355225,1927.0541722870082,1904.1181014645713,1881.4527893058917,1859.0550933647048,1836.9219028892005,1815.0501470391007,1793.4367866685782,1772.0788166739978,1750.9732671677816,1730.1171999568037,1709.507712063997,1689.1419310328774,1669.0170172752828,1649.13016524524,1629.4785999173605,1610.0595756129696,1590.8703806955837,1571.9083328754334,1553.1707792094649,1534.6550996229453,1516.3587022139884,1498.279023253555,1480.4135295331885,1462.7597171911486,1445.315110538541,1428.0772608854497,1411.0437477148055,1394.2121798562537,1377.5801919645496,1361.1454468672946,1344.905630869463,1328.858460796612,1313.0016769516712,1297.3330478104176,1281.8503641521309,1266.5514449289371,1251.4341337442042,1236.4962965048023,1221.7358272904498,1207.1506413104983,1192.738678425541,1178.4979043212802,1164.4263052261197,1150.5218917849293,1136.7826976504036,1123.2067790135156,1109.7922143687401,1096.5371043966702,1083.4395719640142,1070.4977610671172,1057.7098377710522,1045.073988683594,1032.5884220116998,1020.251366152866,1008.0610702820643,996.0158038821927,984.1138563919159,972.3535369708909,960.7331744997678,949.2511172280281,937.905732539212,926.695406950918,915.6185452930949,904.6735714123625,893.8589271155313,883.173072404374,872.6144853582407,862.1816616645102,851.8731143838171,841.6873740674379,831.6229882877441
77,9333.09,9503.55,10013.46,9301.73,9409.33,9231.47,8817.55,8265.72,8703.47,8507.91,7801.81,7916.69,8692.15,8005.61,7932.3,7594.4,7564.94,7418.71,7492.75,7131.66,6720.84,6475.68,6977.34,6422.39,6345.39,5900.54,6075.37,5081.37,5219.27,5392.94,4777.86,5059.56,4789.69,4789.52,4842.12,4491.71,4708.32,4660.79,4458.91,4443.94,4389.11,4334.46,4281.27,4229.88,4178.98,4128.49,4079.21,4030.22,3980.22,3928.97,3876.9,3824.77,3773.16,3722.47,3673.04,3625.12,3578.64,3533.44,3489.48,3446.68,3404.98,3364.28,3324.38,3285.05,3246.18,3207.76,3169.79,3132.26,3095.17,3058.51,3022.28,2986.48,2951.09,2916.12,2881.56,2847.4,2813.64,2780.28,2747.31,2714.72,2682.52,2650.69,2619.24,2588.16,2557.44,2527.08,2497.08,2467.43,2438.132134915003,2409.178468925824,2380.5650457478605,2352.2879546381578,2324.3433222212666,2296.727324166587,2269.4361735110256,2242.466127665399,2215.813483743501,2189.4745797298315,2163.4457956473348,2137.723550054195,2112.3043023793043,2087.1845505867946,2062.360831176038,2037.8297191816453,2013.5878281734679,1989.6318114243309,1965.9583537358915,1942.5641842837201,1919.4460626044838,1896.6007867700905,1874.0251922199525,1851.7161482577835,1829.6705592193334,1807.8853633046542,1786.3575349135676,1765.084081142462,1744.062045287498,1723.2884986704635,1702.7605499806514,1682.4753406039229,1662.430042287236,1642.621858306381,1623.048024633716,1603.705808770431,1584.5925097465486,1565.7054546177199,1547.0420019684288,1528.5995430797261,1510.3754937550873,1492.3673036622904,1474.5724481592722,1456.9884329650681,1439.612792992076,1422.4430888428542,1405.4769114810588,1388.7118775605059,1372.1456317606394,1355.7758444510646,1339.6002151947484,1323.6164657416148,1307.822348202686,1292.2156392114089,1276.794137588186,1261.5556725145195,1246.4980941911308,1231.6192785089027,1216.9171270488775,1202.389564746788,1188.0345387253228,1173.8500229650656,1159.8340112980866,1145.9845228962954,1132.2995990017846,1118.7773036274696,1105.415722973223,1092.2129653090988,1079.1671607417882,1066.2764608642965,1053.539038989492,1040.9530890991446,1028.516826194245,1016.2284861782324,1004.0863249228069,992.0886187350225,980.2336640069673,968.5197767486695,956.9452922377776,945.5085654866527,934.2079704249568,923.041899666103
78,10621.19,10198.24,9834.53,10091.48,10801.04,10415.61,9836.21,9373.53,9930.53,9508.59,8941.23,9019.2,9017.46,8288.62,8470.34,8354.1,7592.51,8046.69,8204.58,7915.71,7445.07,7329.3,7140.92,7029.62,6668.07,6286.96,6027.72,6455.78,5352.71,5791.88,5239.04,5497.36,5298.66,5271.03,5384.29,4801.01,5241.99,5166.98,4917.63,4904.03,4846.4,4788.26,4730.21,4673.57,4618.68,4564.18,4509.98,4456.88,4403.94,4349.86,4294.44,4238.25,4182.11,4126.63,4072.16,4019.06,3967.55,3917.53,3868.88,3821.51,3775.36,3730.31,3686.15,3642.61,3599.58,3557.05,3515.01,3473.46,3432.4,3391.81,3351.7,3312.05,3272.87,3234.14,3195.87,3158.04,3120.65,3083.7,3047.19,3011.09,2975.42,2940.17,2905.33,2870.9,2836.87,2803.24,2770.0,2737.15,2704.6899108599246,2672.6102117299974,2640.906554566224,2609.5746377532682,2578.6102026223075,2548.009042736757,2517.7669946065457,2487.879937688113,2458.343801348705,2429.1545555806474,2400.3082156442083,2371.8008409068834,2343.628533682678,2315.7874392321087,2288.273743440768,2261.083677462193,2234.213510753565,2207.6595568792914,2181.418166546708,2155.4857345703786,2129.858691747076,2104.5335129808013,2079.506707997051,2054.7748259856808,2030.3344590830586,2006.1822296041798,1982.3148051319843,1958.7288834280394,1935.421205200424,1912.3885448179956,1889.6277103103891,1867.1355491716004,1844.9089437171208,1822.944808762504,1801.2400962662298,1779.7917906868413,1758.59691014366,1737.652508738218,1716.9556719113937,1696.5035176041267,1676.2931962574187,1656.321893133766,1636.5868201921453,1617.0852253737435,1597.8143856376607,1578.7716104430583,1559.9542371062942,1541.3596342830713,1522.9852019684383,1504.8283680146387,1486.88658929183,1469.1573528487977,1451.6381724308073,1434.3265931224685,1417.220184383438,1400.3165458520023,1383.6133038629262,1367.1081114474541,1350.7986483333104,1334.6826209446988,1318.7577624023013,1303.0218325232806,1287.4726131784128,1272.1079164171017,1256.9255763423657,1241.9234525929858,1227.0994291827892,1212.45141450065,1197.9773413104876,1183.675165590553,1169.5428665334257,1155.5784487513774,1141.7799370531463,1128.1453802743017,1114.6728496522428,1101.3604387101236,1088.2062625604262,1075.2084586013893,1062.3651853562915,1049.6746227055949,1037.1349715387303,1024.7444536380256
79,10871.79,11482.6,11067.83,10562.21,10952.16,10576.27,10322.78,9834.09,9890.74,9616.46,9958.55,9883.16,10064.22,9168.44,9450.29,9401.29,9051.61,8475.66,8752.75,7971.21,8591.66,7862.32,7566.57,7078.98,7655.85,6893.09,7038.82,6682.75,6287.5,6148.77,5787.76,5764.65,6136.19,5418.09,5863.17,5663.61,6032.76,5699.08,5426.06,5414.15,5353.72,5292.65,5230.96,5169.26,5108.9,5050.2,4991.79,4933.55,4876.27,4819.0,4760.42,4700.41,4639.71,4579.18,4519.44,4460.85,4403.72,4348.26,4294.37,4241.9,4190.77,4140.86,4091.94,4043.7,3996.02,3948.89,3902.31,3856.27,3810.77,3765.79,3721.33,3677.39,3633.96,3591.04,3548.61,3506.68,3465.23,3424.27,3383.78,3343.77,3304.22,3265.13,3226.5,3188.32,3150.59,3113.29,3076.43,3040.0,3003.9992911829218,2968.41925664041,2933.255114685489,2898.502134377501,2864.155637828754,2830.210994437897,2796.6636255032195,2763.509000762677,2730.7426395472144,2698.360107320795,2666.3570202936953,2634.7290408092063,2603.471876190309,2572.5812845063024,2542.0530664995213,2511.8830701986412,2482.067188612029,2452.6013597277383,2423.481564206863,2394.7038288435106,2366.2642242581537,2338.1588602843267,2310.3838940419046,2282.935523017149,2255.8099862160357,2229.0035630109287,2202.5125754472306,2176.3333870900565,2150.4623995642587,2124.8960560144033,2099.630835338142,2074.663260259492,2049.98989040888,2025.6073211698215,2001.5121894455435,1977.701166739035,1954.1709637663469,1930.9183258432913,1907.940037498743,1885.2329144013615,1862.79381373952,1840.6196226880506,1818.7072664815228,1797.053703800942,1775.6559279270741,1754.5109644337958,1733.6158734947453,1712.9677487299948,1692.5637148994033,1672.400932515915,1652.4765886189577,1632.787908307697,1613.3321420544557,1594.1065760846443,1575.1085254568056,1556.3353340626181,1537.7843780868707,1519.4530648541354,1501.3388259088194,1483.4391262417637,1465.7514596769445,1448.273346564821,1431.0023349356609,1413.9360039595178,1397.0719581796027,1380.4078286656104,1363.941274167044,1347.6699822665414,1331.5916647665726,1315.7040599960922,1300.004931657211,1284.492069978525,1269.1632894084626,1254.0164320752601,1239.0493608670113,1224.2599663516187,1209.6461621634917,1195.2058850035476,1180.9370969458614,1166.837783131016,1152.9059502667778,1139.1396297420767
80,12761.56,12601.79,12034.26,12251.11,11259.13,11976.01,10618.05,10721.65,10991.5,11216.33,10455.72,10838.26,10564.94,9589.13,10427.13,10165.17,9886.68,9127.02,8572.58,8785.46,8786.19,9031.95,9130.05,8259.41,7789.48,7933.04,7774.42,7241.88,7430.31,7272.73,6878.33,6331.04,6557.44,6243.54,6385.08,6489.87,6247.23,6302.17,6023.49,6013.87,5950.2,5885.85,5820.73,5754.86,5688.87,5624.11,5560.95,5497.92,5434.91,5372.7,5310.32,5246.44,5181.03,5114.99,5049.28,4984.51,4921.04,4859.16,4799.02,4740.52,4683.51,4627.86,4573.31,4519.52,4466.34,4413.78,4361.83,4310.48,4259.72,4209.55,4159.95,4110.93,4062.48,4014.59,3967.25,3920.46,3874.21,3828.5,3783.32,3738.66,3694.52,3650.9,3607.78,3565.16,3523.04,3481.41,3440.26,3399.59,3359.3961230774617,3319.6703709558456,3280.407457822298,3241.6021577207302,3203.2492964941766,3165.343757540257,3127.880473753529,3090.8544378853176,3054.2606910327963,3018.09432954554,2982.350500421153,2947.024403607457,2912.1112908513983,2877.60646109468,2843.5052685314054,2809.803115701526,2776.49545118866,2743.577777677732,2711.0456427462423,2678.8946434686322,2647.1204241140995,2615.7186772976916,2584.6851405270304,2554.015598504496,2523.705880825042,2493.7518654294713,2464.1494705467953,2434.8946627518744,2405.983451209959,2377.4118888277844,2349.1760722535655,2321.272139574818,2293.696273771635,2266.444695810128,2239.51367270008,2212.899509437295,2186.5985524568773,2160.607190784323,2134.921850280061,2109.538997092726,2084.4551365080715,2059.6668152511475,2035.1706145797568,2010.9631548888156,1987.0410957103568,1963.4011322602548,1940.0399954382258,1916.954456432192,1894.1413198117352,1871.5974246791855,1849.3196469718062,1827.3048994617934,1805.550126000818,1784.0523072754827,1762.8084562029576,1741.8156202331616,1721.070880197672,1700.5713491586316,1680.3141724087493,1660.2965286223925,1640.5156275534032,1620.9687100350968,1601.6530479802645,1582.5659455322634,1563.704736762833,1545.0667845210041,1526.6494838863741,1508.4502564136485,1490.4665570391894,1472.6958660233772,1455.1356935549732,1437.7835774489397,1420.6370854486208,1403.6938117724692,1386.9513771140457,1370.4074309442021,1354.0596492088973,1337.9057320270167,1321.9434094458268,1306.1704356855196,1290.5845902903031,1275.1836781284023
81,12989.35,12705.21,12578.71,12703.32,12733.15,12485.85,12370.57,12032.28,12383.35,11630.41,11245.25,10999.14,12107.68,10645.33,10835.16,10845.59,10641.12,9960.65,10566.09,9880.26,9271.78,9199.57,10141.44,9493.12,8575.28,8479.32,8842.04,8435.87,7886.86,7447.73,7605.37,7322.12,7118.08,6689.27,7158.53,7022.31,7012.45,7138.18,6706.8,6699.79,6632.87,6564.97,6496.25,6426.61,6356.05,6285.24,6215.56,6147.34,6079.11,6010.7,5942.89,5874.7,5804.79,5733.23,5661.11,5589.51,5519.03,5450.01,5382.7,5317.21,5253.44,5191.19,5130.15,5069.97,5010.47,4951.66,4893.52,4836.05,4779.25,4723.09,4667.58,4612.71,4558.47,4504.85,4451.85,4399.46,4347.68,4296.5,4245.9,4195.89,4146.46,4097.6,4049.31,4001.57,3954.39,3907.75,3861.65,3816.09,3771.056710560575,3726.5458925161424,3682.551699055743,3639.0683396761488,3596.0900870766886,3553.6112714135597,3511.6262814489646,3470.129566849387,3429.1156324399058,3388.579041651603,3348.514415372432,3308.916428499802,3269.7798156862655,3231.0993644446944,3192.869917446554,3155.0863725219037,3117.743680361123,3080.836846813185,3044.360929438243,3008.3110398059093,2972.6823400478397,2937.470045156008,2902.6694183861596,2868.2757793017695,2834.2844911335346,2800.690972270744,2767.4906859190473,2734.6791481444097,2702.2519221274306,2670.204615865067,2638.532889065457,2607.2324474022353,2576.299040216254,2545.7284674104126,2515.516570256554,2485.659239439429,2456.152407012734,2426.992052144798,2398.1741953728947,2369.694902050655,2341.5502811989313,2313.736483207521,2286.2497032825786,2259.086173402655,2232.24217381007,2205.714019221267,2179.498069169044,2153.5907222568712,2127.98841615889,2102.687629918185,2077.684878201103,2052.9767181920706,2028.559741549637,2004.430581301296,1980.5859060978007,1957.0224213623,1933.7368704394764,1910.7260322972704,1887.9867203777442,1865.5157871936303,1843.3101185826454,1821.36663370749,1799.6822885032605,1778.2540710808994,1757.0790074728836,1736.154151290986,1715.4765940685124,1695.0434572163422,1674.8518954703368,1654.8990957422047,1635.1822782686388,1615.6986908656281,1596.4456158232829,1577.420364160149,1558.6202779214798,1540.042731328376,1521.6851250320976,1503.544890710614,1485.6194887703286,1467.9064094952168,1450.4031707485506,1433.1073191220369
82,13882.77,14195.91,13847.06,12882.05,13316.24,13234.21,13240.83,13353.43,13638.42,12881.55,12996.29,12290.81,13098.46,11626.15,11300.63,12003.99,11907.24,11556.11,11520.22,11107.54,8960.86,9815.49,10070.91,9740.18,9636.6,9551.81,9574.82,9085.82,8663.18,8633.35,8592.52,7993.89,8419.63,7713.1,7695.7,7628.91,7897.2,7898.97,7461.43,7456.58,7386.22,7315.06,7242.75,7169.45,7095.05,7019.56,6943.65,6868.71,6795.09,6721.26,6647.03,6573.17,6498.65,6422.17,6343.9,6265.19,6187.19,6110.5,6035.45,5962.23,5890.91,5821.32,5753.09,5685.8,5619.28,5553.52,5488.51,5424.24,5360.71,5297.9,5235.8,5174.42,5113.74,5053.76,4994.46,4935.85,4877.9,4820.62,4764.0,4708.03,4652.7,4598.01,4543.95,4490.51,4437.69,4385.47,4333.86,4282.85,4232.4196848056245,4182.571823295416,4133.2999595429255,4084.5976993243667,4036.4587146891763,3988.876742817379,3941.8455837343013,3895.359099167929,3849.411215976832,3803.9959215796016,3759.1072662401266,3714.739358497034,3670.8863731621746,3627.5425387515684,3584.7021477691796,3542.359549851062,3500.5091551932896,3459.1454299813868,3418.2628998182536,3377.85614629624,3337.919809282432,3298.4485823480813,3259.4372161965325,3220.880517520581,3182.7733478598307,3145.1106201727675,3107.887304549973,3071.0984236435497,3034.739051524487,2998.8043159679387,2963.289396167944,2928.18952159478,2893.4999754228957,2859.216089960335,2825.333245506102,2791.8468749207245,2758.75245905569,2726.045527896083,2693.721657132664,2661.7764738750757,2630.205649795992,2599.004904559047,2568.1700046761894,2537.696761222398,2507.5810332636124,2477.8187210008778,2448.405771483554,2419.3381786093178,2390.611975125669,2362.223240628422,2334.168095848499,2306.4427060798535,2279.0432754662625,2251.966052714535,2225.2073276665874,2198.763429014156,2172.6307277267288,2146.8056347662578,2121.284598801874,2096.064110780459,2071.1406982134336,2046.5109274620395,2022.1714048799854,1998.1187711002342,1974.3497067482137,1950.8609301565332,1927.6491927944144,1904.7112861235455,1882.044033599585,1859.644297528015,1837.508973350931,1815.6349930749677,1794.0193207007321,1772.6589556507274,1751.5509304840714,1730.6923120391373,1710.080200290911,1689.7117249230673,1669.5840521838209,1649.6943768874307,1630.039928127413,1610.6179624206877
83,15645.83,15590.04,15867.33,13656.73,14030.86,14533.78,13806.01,13718.26,14998.34,13919.16,13780.16,14074.19,13508.5,12996.62,12517.56,13257.26,12502.36,11877.13,12412.76,12251.64,12007.47,10974.02,10791.52,10663.3,10483.05,10398.44,10177.56,9942.3,9419.04,9293.41,9590.9,8660.45,8707.95,8847.17,9069.34,8679.34,9230.55,9026.94,8291.59,8288.44,8213.61,8139.07,8063.55,7986.67,7908.6,7829.24,7748.58,7667.32,7586.84,7507.49,7427.68,7347.22,7266.82,7185.47,7101.87,7016.34,6930.49,6845.58,6762.18,6680.6,6600.97,6523.25,6447.06,6371.93,6297.65,6224.21,6151.59,6079.8,6008.83,5938.66,5869.29,5800.7,5732.9,5665.86,5599.59,5534.08,5469.31,5405.28,5341.98,5279.4,5217.54,5156.38,5095.93,5036.17,4977.09,4918.69,4860.96,4803.89,4747.468942462026,4691.696109975271,4636.564396038283,4582.066767762767,4528.196256813512,4474.945965070938,4422.309063498587,4370.2787898781025,4318.848451074248,4268.0114185048715,4217.761130405919,4168.091091831439,4118.994872388562,4070.4661062374967,4022.4984920915363,3975.0857932170516,3928.2218363009865,3881.9005080533243,3836.115760869639,3790.8616083010556,3746.1321239217395,3701.9214424614056,3658.223759805319,3615.0333318617863,3572.344472297134,3530.151555933236,3488.44901421748,3447.2313363552703,3406.493070442542,3366.228821200741,3326.433247711802,3287.1010668156773,3248.227051977832,3209.806028759199,3171.8328782137087,3134.3025380208032,3097.209994557862,3060.5502919602854,3024.3185230614104,2988.5098361875753,2953.1194294955644,2918.1425521051224,2883.574504098953,2849.4106365227176,2815.6463491200157,2782.2770937299156,2749.298366359384,2716.7057139783456,2684.494733387174,2652.6610666866504,2621.200402410472,2590.1084777902784,2559.3810742256014,2529.0140206814067,2499.003190290551,2469.3445003537954,2440.033915737323,2411.0674420776863,2382.4411303118486,2354.1510721471336,2326.1934068562996,2298.5643110849355,2271.2600056465317,2244.276753257455,2217.610857404437,2191.2586612120685,2165.2165485753067,2139.4809452919844,2114.048313400262,2088.915155708667,2064.078014663582,2039.5334689517176,2015.2781368976403,1991.3086741987527,1967.6217716602735,1944.2141597252778,1921.0826039446583,1898.2239061096316,1875.6349031192317,1853.3124681128184,1831.2535082050567,1809.4549656184288
84,16599.77,16236.94,16578.53,14925.67,15465.95,16178.98,15704.86,14709.64,15634.56,13780.05,14419.93,13932.81,15859.11,14324.84,12556.42,14316.28,13202.29,12620.03,13405.3,12708.41,12521.71,12072.25,12079.36,11519.0,12005.24,11071.56,10791.14,10733.93,10133.24,11069.09,10218.2,10077.53,10361.42,10152.66,10223.75,9941.87,9262.49,9722.99,9289.14,9287.34,9206.18,9126.51,9046.97,8966.22,8883.88,8800.12,8714.81,8627.98,8540.31,8453.2,8366.97,8280.01,8192.06,8103.83,8014.28,7922.14,7827.9,7733.46,7640.23,7548.75,7459.27,7371.82,7286.07,7201.51,7117.9,7035.23,6953.48,6872.65,6792.73,6713.72,6635.59,6558.34,6481.96,6406.45,6331.79,6257.97,6184.98,6112.83,6041.49,5970.96,5901.23,5832.29,5764.14,5696.76,5630.15,5564.29,5499.19,5434.82,5371.176827418627,5308.260407272676,5246.062879583266,5184.576458980837,5123.7934335747,5063.70616495305,5004.307088182953,4945.588711810353,4887.543614468737,4830.164449400915,4773.443939937237,4717.374879495599,4661.950132711884,4607.162633179076,4553.005385708143,4499.471461806267,4446.554003068175,4394.2462177848,4342.5413832041795,4291.432842140113,4240.9140052330595,4190.978347558796,4141.619409758869,4092.8307991710353,4044.6061875683745,3996.9393077679547,3949.8239592830546,3903.2540026709444,3857.2233629242146,3811.726024949001,3766.7560369563207,3722.307505940288,3678.3746033303405,3634.951557078131,3592.032655048854,3549.6122461516957,3507.684734687611,3466.2445882624306,3425.286325351978,3384.8045277369565,3344.7938303289457,3305.2489234312966,3266.164556130459,3227.535530643764,3189.356704580311,3151.622989810523,3114.3293502052575,3077.470805027143,3041.042425539241,3005.0393361354945,2969.456710949393,2934.2897772453052,2899.5338131575927,2865.1841476906066,2831.236157327357,2797.6852705512915,2764.526963324514,2731.7567624791195,2699.37024119542,2667.3630190019394,2635.730766297194,2604.469198697469,2573.574077036821,2543.041208497521,2512.866446610053,2483.0456889922275,2453.574880740514,2424.4500065169304,2395.6670984621533,2367.222230543296,2339.1115196843552,2311.331124635762,2283.8772493657198,2256.746135147092,2229.934068470511,2203.4373731312717,2177.252417011992,2151.3756041695074,2125.8033827479794,2100.532235935341,2075.5586887459617,2050.879303498873
85,17508.6,17841.15,16680.15,17385.36,17075.61,16951.03,15771.41,15884.0,16671.44,15978.7,14883.83,15738.33,15182.68,14431.68,15682.5,15056.14,13590.51,14267.67,14795.01,13734.33,14230.34,13877.26,13414.85,11837.8,11816.52,12381.98,12038.65,12277.16,11674.45,10508.41,11614.25,11346.72,11573.79,11146.2,11068.55,10715.36,10587.93,10426.44,10409.41,10408.71,10319.94,10233.83,10149.07,10064.25,9977.97,9889.83,9799.99,9708.34,9614.88,9520.3,9426.01,9332.29,9237.51,9141.37,9044.5,8945.89,8844.29,8740.39,8636.45,8534.01,8433.56,8335.24,8238.76,8143.6,8049.49,7956.43,7864.41,7773.4,7683.41,7594.43,7506.43,7419.42,7333.38,7248.31,7164.18,7081.0,6998.76,6917.43,6837.02,6757.52,6678.91,6601.18,6524.33,6448.35,6373.22,6298.95,6225.51,6152.91,6081.100491201394,6010.10525415506,5939.915621603343,5870.522998543965,5801.918875777897,5734.094815232494,5667.042461251396,5600.753532691592,5535.219828568377,5470.433220152417,5406.3856588726785,5343.069167284513,5280.475848101577,5218.597875163903,5157.427496824879,5096.957037080236,5037.178892181074,4978.085530633867,4919.669495458444,4861.923399672019,4804.839929676172,4748.411840740886,4692.6319592625205,4637.493182763823,4582.988479893916,4529.110883654367,4475.853500431105,4423.209500962499,4371.17212824229,4319.734688487668,4268.890555655236,4218.633170312018,4168.956039635457,4119.852734026449,4071.3168904963086,4023.3422092798014,3975.922454964135,3929.0514542309747,3882.7230992434183,3836.931339743064,3791.6701920819282,3746.9337313195188,3702.7160946098024,3659.011477814239,3615.814137759752,3573.118389980761,3530.9186098481628,3489.2092303113527,3447.9847418982263,3407.2396915861887,3366.968687318115,3327.1663878414374,3287.827512869061,3248.946834047436,3210.519178343534,3172.5394280448445,3135.002521888368,3097.9034460286894,3061.2372453278863,3024.999014323604,2989.1839017450156,2953.7871037388827,2918.803872901476,2884.2295092466543,2850.059363592834,2816.2888364339997,2782.9133790686965,2749.928489084063,2717.3297148718,2685.1126511122043,2653.27293990316,2621.80627301812,2590.708385132165,2559.975060595942,2529.602125532736,2499.5854557414,2469.9209687934244,2440.6046274199066,2411.6324395115507,2383.0004536027077,2354.7047656453174,2326.7415111059763
86,18018.02,17770.71,18106.36,17635.18,18032.62,19967.4,17107.14,16966.56,18173.26,16764.43,17083.44,16307.58,17001.95,16463.01,15757.58,17026.06,16586.61,14884.06,16343.64,15224.04,14011.16,14955.8,16082.55,14133.32,13708.78,13309.27,13363.8,13577.65,13084.96,11902.43,12230.56,11876.04,12509.13,12498.55,11986.56,11475.15,12059.83,11881.12,11637.11,11637.89,11540.44,11446.85,11355.81,11265.97,11175.83,11083.93,10989.87,10893.81,10795.62,10695.31,10593.57,10491.77,10390.16,10287.1,10182.23,10076.12,9967.76,9855.97,9741.67,9627.49,9515.12,9404.91,9296.67,9189.86,9084.22,8979.75,8876.42,8774.23,8673.16,8573.21,8474.37,8376.61,8279.94,8184.34,8089.8,7996.3,7903.85,7812.42,7722.01,7632.61,7544.21,7456.79,7370.35,7284.87,7200.35,7116.78,7034.14,6952.43,6871.598388893052,6791.676067006918,6712.653527471803,6634.521343421204,6557.270170245519,6480.890744465244,6405.373885984586,6330.7104935842335,6256.891548301778,6183.908110051295,6111.7513198769575,6040.412397699418,5969.882644569429,5900.153437033804,5831.216233896261,5763.062568329771,5695.68405576421,5629.0723848719,5563.2193232016525,5498.116714925138,5433.756480836905,5370.130614973946,5307.231190249736,5245.050350566587,5183.580318703292,5122.813386173864,5062.741922241996,5003.35836716021,4944.655234423481,4886.62510964242,4829.26064941648,4772.55458246075,4716.499708479154,4661.088897037645,4606.315085310591,4552.171283714804,4498.650569148709,4445.746086119138,4393.451048994958,4341.758738626638,4290.662502346252,4240.155753967489,4190.231973785636,4140.884707450788,4092.1075648410247,4043.894221189234,3996.238414829485,3949.133947197035,3902.574683955135,3856.554552741413,3811.0675420410694,3766.1077045673023,3721.669150500457,3677.746051995259,3634.3326420540084,3591.4232133997675,3549.012115095947,3507.093758180335,3465.6626089042566,3424.7131909861914,3384.2400889921896,3344.2379393214187,3304.7014380938126,3265.6253343892286,3227.0044336278697,3188.8335953166693,3151.1077341760983,3113.8218178865536,3076.9708682151618,3040.5499576353586,3004.5542115805074,2968.9788095707004,2933.8189795787257,2899.07000141049,2864.7272055782105,2830.7859733004134,2797.2417331215174,2764.0899642922477,2731.326193389222,2698.945997695368,2666.944998439082,2635.31886755507
87,19722.57,19173.55,20164.35,19214.81,18026.04,19345.22,19307.16,18346.23,20091.69,18165.63,18220.98,17708.33,20568.48,17248.81,17495.53,16856.4,15827.66,16460.91,17931.48,15787.28,16868.53,15546.52,15950.3,15498.32,15608.54,14052.39,14701.66,13807.79,13169.56,13374.65,14045.93,14626.5,13353.45,13319.92,14050.36,13027.25,13606.92,11788.95,12904.7,12908.4,12802.39,12700.88,12603.14,12507.79,12413.43,12318.5,12221.5,12121.99,12020.17,11915.87,11809.12,11700.56,11591.55,11482.27,11371.09,11257.59,11142.26,11024.12,10902.06,10777.27,10652.76,10530.31,10409.88,10290.99,10173.4,10057.08,9942.02,9828.21,9715.65,9604.3,9494.18,9385.25,9277.52,9170.97,9065.58,8961.35,8858.27,8756.32,8655.49,8555.77,8457.16,8359.63,8263.18,8167.8,8073.47,7980.2,7887.95,7796.74,7706.47941349302,7617.225063934058,7528.966644234379,7441.6939345491855,7355.396796685067,7270.0651763370115,7185.68910308842,7102.258689292582,7019.764128954167,6938.195699966256,6857.543762991816,6777.798759226686,6698.951213755115,6620.991732194211,6543.911001812474,6467.699791529779,6392.348949680356,6317.849407368337,6244.192175112201,6171.368341726279,6099.369076557769,6028.185630605249,5957.809329807606,5888.2315806366,5819.443867859829,5751.437753422229,5684.204877564582,5617.736955467973,5552.025781727851,5487.063224761455,5422.8412301633625,5359.351817349944,5296.587082914906,5234.539195036725,5173.20039907121,5112.563011958945,5052.61942446231,4993.362098928456,4934.783572644845,4876.876452246685,4819.633415953958,4763.047214689932,4707.110667607108,4651.816664324251,4597.158166044896,4543.128199964789,4489.719862627429,4436.926321042574,4384.740807093678,4333.156619774924,4282.16712630973,4231.765759913725,4181.946016439215,4132.701461086254,4084.0257216915747,4035.9124898470927,3988.355520899914,3941.348635070848,3894.8857129803514,3848.9607001225827,3803.5676001543284,3758.700480487562,3714.3534700524233,3670.520754823164,3627.196584529228,3584.3752637071484,3542.0511595301336,3500.2186962155083,3458.872355024714,3418.006675381819,3377.6162526364956,3337.695740301043,3298.2398455763396,3259.243331588868,3220.7010185092267,3182.6077790780823,3144.9585397246788,3107.7482816853517,3070.972037647995,3034.624893989078,2998.701988536628,2963.198511688738
88,20144.14,21419.93,20968.43,20262.01,21154.01,24064.17,20027.73,20647.8,21684.83,17370.45,18904.82,18763.99,20788.88,18326.22,18764.92,18569.85,18722.7,16980.03,18581.82,18933.26,16525.91,17346.0,17100.02,17375.07,18013.71,16118.45,15161.61,14433.84,15772.08,14626.73,14733.81,15927.15,14104.36,14542.04,16407.8,14780.6,14613.1,14315.83,14261.73,14270.75,14156.89,14047.29,13942.1,13840.53,13741.15,13642.48,13542.93,13440.96,13336.13,13228.61,13118.24,13005.04,12889.64,12773.29,12656.13,12536.56,12414.09,12289.12,12160.69,12027.81,11891.93,11756.44,11622.96,11491.11,11360.67,11231.62,11103.95,10977.65,10852.71,10729.11,10606.84,10485.89,10366.24,10247.89,10130.82,10015.01,9900.47,9787.16,9675.09,9564.24,9454.6,9346.16,9238.9,9132.81,9027.89,8924.12,8821.48,8719.98,8619.516554005007,8520.161676371567,8421.904285852555,8324.733385494192,8228.638061526914,8133.607480038009,8039.6308958446,7946.697642511534,7854.79714011525,7763.918888589035,7674.052476596012,7585.187569328784,7497.3139207097865,7410.421364518309,7324.499817717858,7239.539281565281,7155.529838283403,7072.461653279263,6990.324974035001,6909.110131216974,6828.807534239267,6749.407677918427,6670.901135818734,6593.278563579561,6516.530697806253,6440.64835496101,6365.622432472003,6291.443907624252,6218.103836450506,6145.593357058609,6073.903682976767,6003.026109808279,5932.952007467682,5863.672829053729,5795.180099758169,5727.46542684784,5660.52049190082,5594.337051915547,5528.906943747307,5464.222075235252,5400.274434075387,5337.056078947585,5274.559146170319,5212.775843045933,5151.698453406253,5091.319332066969,5031.630908155009,4972.625681781168,4914.296224040107,4856.635181446845,4799.635265954659,4743.289264937177,4687.590031206284,4632.530491885101,4578.103639534999,4524.302536592095,4471.120314258126,4418.550169173085,4366.585367851703,4315.219242246969,4264.445189750121,4214.256675408898,4164.647227491043,4115.610440811676,4067.1399734059237,4019.229547638041,3971.8729479831673,3925.064024354696,3878.7966854495317,3833.0649054028345,3787.862717133279,3743.184215670423,3699.0235559364623,3655.3749538553534,3612.2326830254437,3569.5910780468444,3527.4445289758087,3485.787487979477,3444.614461572012,3403.9200139419663,3363.698765843165,3323.9453945947
89,20832.39,23054.23,20440.53,20448.93,22643.17,21857.45,23626.2,22974.36,23095.19,20705.56,20841.2,19911.89,20192.44,19772.18,19621.25,20865.07,18040.47,19756.4,19845.29,17582.89,16820.64,19445.54,19049.46,17840.6,17439.7,17478.85,17907.48,14962.21,16990.36,15858.44,16628.37,16198.32,15573.53,15768.39,16706.19,15458.34,15875.98,16938.33,15710.35,15727.72,15607.54,15490.6,15377.9,15269.45,15164.42,15061.3,14958.58,14854.62,14747.86,14637.84,14524.72,14408.35,14288.72,14166.44,14042.64,13917.42,13789.18,13657.41,13522.35,13383.11,13238.83,13091.2,12943.76,12798.02,12653.82,12511.13,12369.95,12230.25,12092.04,11955.28,11819.97,11686.1,11553.65,11422.62,11292.98,11164.72,11037.84,10912.32,10788.14,10665.3,10543.78,10423.57,10304.65,10187.02,10070.67,9955.57,9841.72,9729.11,9617.627880834007,9507.361656670251,9398.299512857897,9290.429714945987,9183.740611979325,9078.22062990672,8973.858277074105,8870.642142027302,8768.560899005153,8667.603298051867,8567.758174904673,8469.01444769794,8371.361114765918,8274.78725683999,8179.28203814731,8084.834706410791,7991.434588454602,7899.071097894565,7807.733728546378,7717.41205552425,7628.095738536782,7539.774519689713,7452.438222387295,7366.076752430909,7280.680099117709,7196.238330846096,7112.741601707496,7030.180144894585,6948.544274898551,6867.824389706343,6788.010966406164,6709.094563384726,6631.065820327249,6553.915458217463,6477.63427494309,6402.213151887621,6327.643047338537,6253.915000881832,6181.020131204752,6108.949632799905,6037.69478145841,5967.24693097401,5897.597510945812,5828.738030074178,5760.660071766204,5693.355299628868,5626.815450877259,5561.032338531827,5495.997852517022,5431.703957464029,5368.142691612142,5305.306167907395,5243.186575101186,5181.776172257134,5121.067293145604,5061.052345145061,5001.723804847572,4943.074223551939,4885.096221770556,4827.782492525305,4771.125799150285,4715.1189719959375,4659.754913922182,4605.026595903904,4550.927058129589,4497.449407804055,4444.586819148462,4392.3325366961935,4340.6798676024555,4289.62218823605,4239.152939784858,4189.265627157218,4139.9538233764315,4091.211162988998,4043.0313442618676,3995.4081302810728,3948.3353478530985,3901.8068831103683,3855.8166859057587,3810.358768713971,3765.427202237016,3721.016119798728
90,21429.56,24904.0,22922.02,20954.36,23071.97,20947.25,20171.51,22604.68,22314.66,19646.28,21250.65,22588.95,21783.08,18861.9,21028.04,20496.24,18512.8,19788.79,21703.13,19117.84,20228.38,18973.91,20295.98,18177.51,19049.8,19603.27,19892.79,17964.95,15167.0,18405.23,16302.14,17070.4,17493.28,16930.41,18801.34,17803.3,17778.41,17537.24,17094.6,17123.7,17000.56,16878.81,16760.46,16646.25,16536.04,16428.93,16323.41,16217.91,16110.78,16000.45,15886.46,15768.96,15647.8,15522.94,15394.95,15264.82,15132.55,14996.65,14856.52,14712.24,14563.02,14408.13,14249.27,14090.19,13932.74,13776.92,13622.71,13470.1,13319.07,13169.62,13021.71,12875.36,12730.53,12587.22,12445.41,12305.09,12166.25,12028.88,11892.95,11758.46,11625.4,11493.75,11363.5,11234.64,11107.15,10981.02,10856.24,10732.8,10610.570779694257,10489.65701507009,10370.046345450159,10251.726483399194,10134.685215801099,10018.910402781845,9904.389982017838,9791.111962273384,9679.0644320174,9568.235555115052,9458.613572981945,9350.186803507026,9242.943644283849,9136.872569379322,9031.962132564955,8928.200967316874,8825.577784661635,8724.081377484588,8623.700617298602,8524.424454244074,8426.241922474359,8329.142132616169,8233.114278232088,8138.147632589307,8044.231550813823,7951.355467736226,7859.508901123001,7768.681445213966,7678.862780416093,7590.042664686786,7502.210937842235,7415.357521557425,7329.472416134863,7244.545703735844,7160.567548380453,7077.528191639214,6995.417958018523,6914.227249575213,6833.946552379085,6754.566427896193,6676.077519451384,6598.470548997028,6521.736319267192,6445.865709469289,6370.849678515343,6296.679263944903,6223.345583002124,6150.839826173243,6079.15326688037,6008.2772528647865,5938.203207264025,5868.9226350744075,5800.4271113030645,5732.70829173883,5665.757905412607,5599.567756751561,5534.129724502017,5469.435764960734,5405.477905512368,5342.248246783653,5279.73896587466,5217.942309896276,5156.850599201458,5096.456227385241,5036.751658053465,4977.729428054047,4919.382144245715,4861.702482420908,4804.683190537059,4748.3170844082215,4692.597050936353,4637.516043802949,4583.067086700307,4529.243269023184,4476.037749100048,4423.443750961819,4371.454566496046,4320.063552215641,4269.264131413051,4219.049790928997,4169.414083306652,4120.350624637458
91,24830.26,25688.74,22987.69,22812.33,22816.4,23862.07,22058.1,22639.07,23144.82,21826.21,20216.61,24313.33,24724.94,21944.9,20535.42,22710.23,23087.91,21478.6,20946.13,18390.02,19342.8,21479.1,23130.11,21517.37,18084.09,18874.46,21062.33,20276.05,17274.66,20607.44,17953.32,18371.02,19113.3,18394.9,19338.61,18510.77,19767.29,19142.26,18729.72,18777.86,18653.44,18527.85,18403.95,18283.64,18167.4,18054.86,17945.09,17836.53,17727.56,17616.49,17501.77,17382.91,17260.07,17133.06,17001.85,16866.93,16729.15,16588.4,16443.27,16293.09,16137.77,15976.58,15810.94,15644.85,15480.35,15317.42,15156.07,14996.26,14838.0,14681.27,14526.06,14372.36,14220.15,14069.42,13920.17,13772.38,13626.04,13481.13,13337.65,13195.59,13054.93,12915.66,12777.77,12641.25,12506.09,12372.27,12239.79,12108.63,11978.660033779644,11849.995930814219,11722.626565946728,11596.540835332746,11471.72772037809,11348.176223801136,11225.87542291423,11104.814437654833,10984.982441241817,10866.368660175449,10748.962384893688,10632.752950590868,10517.729761727145,10403.882269650312,10291.19998964585,10179.672492411888,10069.289409387371,9960.04043062077,9851.915306901368,9744.903850824874,9638.995933596532,9534.181488228025,9430.450512734342,9327.79306267439,9226.199259676008,9125.659287173477,9026.163390407493,8927.701880687697,8830.26513006453,8733.843575591747,8638.427720392037,8544.008129394522,8450.575432531632,8358.120324739113,8266.633565956019,8176.105978993464,8086.528454862752,7997.8919474472505,7910.187474568005,7823.406122246257,7737.53903937531,7652.577439851771,7568.512605772448,7485.33587997495,7403.03867243145,7321.612459183064,7241.048780208591,7161.339239424512,7082.475507881879,7004.449319503798,6927.252473216686,6850.876834015904,6775.314327637609,6700.556948018154,6626.596750900321,6553.4258570302045,6481.036450025954,6409.420777443403,6338.571150776067,6268.47994438952,6199.139594455764,6130.542601084481,6062.681528323043,5995.548998828358,5929.137701326281,5863.4403842178335,5798.449857710467,5734.158992752433,5670.560723164038,5607.648042440759,5545.414004818875,5483.851724209837,5422.954375265891,5362.715193380089,5303.127469358137,5244.184557943427,5185.879869292011,5128.20687430074,5071.159100344753,5014.73013340873,4958.91361702127,4903.703251189257
92,26252.86,23578.08,22730.7,21752.85,25217.6,25702.81,26915.89,20459.92,26468.16,24918.88,24536.63,22110.18,27031.48,25450.26,24864.86,23519.34,22893.67,21893.18,21134.34,18621.31,22222.22,21555.88,25690.75,23870.7,21829.73,21167.14,26204.38,23489.87,20873.02,19735.26,18705.55,20093.22,21984.58,20909.54,23100.45,20804.55,20963.46,22171.0,20640.6,20718.37,20598.07,20470.44,20341.9,20215.39,20092.73,19974.02,19858.7,19745.77,19633.59,19520.5,19404.79,19284.88,19160.28,19031.11,18897.19,18758.48,18615.37,18468.53,18317.76,18161.72,17999.64,17831.23,17658.06,17484.21,17311.91,17141.13,16971.86,16804.11,16637.85,16473.08,16309.78,16147.95,15987.58,15828.66,15671.17,15515.11,15360.46,15207.23,15055.39,14904.93,14755.86,14608.15,14461.8,14316.79,14173.13,14030.79,13889.76,13750.05,13611.490844768363,13474.224092826742,13338.239877121363,13203.528351863657,13070.079703162854,12937.88414902599,12806.931949990507,12677.213366593842,12548.718712536442,12421.438344049155,12295.362649260634,12170.482026932134,12046.786950253116,11924.267892413036,11802.915401029564,11682.720034352973,11563.672403796534,11445.763163303927,11328.982998716632,11213.322649039139,11098.772885173734,10985.324520553113,10872.968432405578,10761.695519224631,10651.496732666781,10542.363069045457,10434.285573584059,10327.255335099648,10221.26348812947,10116.301218247254,10012.35975568366,9909.430379579304,9807.50441692151,9706.573243607572,9606.628285508003,9507.661017403281,9409.662964047113,9312.625699103168,9216.540846208336,9121.400081099264,9027.195128422549,8933.917767051062,8841.55982157786,8750.11317188552,8659.569748893105,8569.921533492909,8481.160558676964,8393.27891060031,8306.268725391208,8220.122192340938,8134.8315517772435,8050.389099317412,7966.787178425427,7884.018186791536,7802.074575269,7720.948845747555,7640.633553279949,7561.121302892156,7482.404755962929,7404.476621717728,7327.329665734803,7250.956702502363,7175.350600734888,7100.504279120077,7026.410710571897,6953.0629190408035,6880.453979513732,6808.577020140622,6737.425219044646,6666.991807511974,6597.270067865264,6528.2533324004,6459.934986576266,6392.30846476172,6325.367254488616,6259.104892198778,6193.514965370514,6128.591112518617,6064.327021067845,6000.716429479438,5937.753127251128,5875.430950664084
93,20987.23,26279.39,25879.84,21659.15,28199.43,24801.93,29383.58,28238.26,32061.07,25145.52,24288.91,24566.39,28328.89,26848.07,29881.46,26088.72,25746.77,24364.69,25958.7,23101.47,24751.5,25045.42,27559.06,23928.22,24684.43,24017.3,23803.11,25828.71,25732.52,25528.79,23256.39,22059.15,23152.18,22229.36,23891.0,21327.46,22027.09,21833.61,22663.85,22777.92,22671.27,22548.32,22418.17,22287.41,22159.1,22034.87,21914.44,21797.0,21681.47,21566.17,21449.38,21329.38,21204.57,21074.47,20939.17,20798.48,20652.31,20500.99,20344.95,20183.87,20016.49,19841.92,19662.1,19481.47,19302.31,19124.6,18948.34,18773.53,18600.14,18428.18,18257.64,18088.5,17920.76,17754.42,17589.46,17425.87,17263.65,17102.78,16943.27,16785.1,16628.26,16472.74,16318.54,16165.65,16014.06,15863.76,15714.74,15567.0,15420.363285499738,15274.988344375342,15130.866689552246,14987.989844564725,14846.3493435559,14705.936710060047,14566.743488829126,14428.761267050473,14291.981610693743,14156.396096337423,14021.996364213064,13888.774001508007,13756.72069088917,13625.828061979264,13496.087808054055,13367.491643606998,13240.031283131551,13113.698472947694,12988.484980593095,12864.3826160408,12741.383189263852,12619.478542061823,12498.660548060816,12378.921123322301,12260.252173298917,12142.645667096349,12026.093573820293,11910.587926229495,11796.120767691553,11682.68416279174,11570.270218550717,11458.871095033348,11348.478941695657,11239.085971646735,11130.684429822191,11023.266571766486,10916.824727285977,10811.351226187026,10706.838440711366,10603.27879402318,10500.664731565212,10398.988739093822,10298.243339496315,10198.421092790953,10099.514595066057,10001.516480601787,9904.419425052793,9808.216136961137,9712.899367304251,9618.461905251414,9524.89657922461,9432.196253715902,9340.353837774484,9249.362277580512,9159.214558566851,9069.903707540867,8981.422790562632,8893.764915066713,8806.923228801288,8720.890918767243,8635.66121546173,8551.227388634614,8467.582747288487,8384.720644983076,8302.634473469945,8221.31766799692,8140.7637041254275,8060.966097730496,7981.918408183414,7903.614234108191,7826.047216564208,7749.21103798533,7673.099424301689,7597.706138574358,7523.024987360675,7449.049821775115,7375.77452900222,7303.193040783677,7231.299330235658,7160.087410787939,7089.551338305673,7019.6852079067285
94,24977.38,33425.16,26420.59,26921.15,23156.94,31071.6,27626.46,25138.63,29432.62,24313.07,29431.44,26399.33,29731.8,23784.54,26250.4,25595.82,26696.58,29210.59,26399.78,26450.87,23549.34,24063.65,26947.37,23675.26,28925.13,23415.39,24484.09,27038.28,27959.12,24672.01,28655.93,27385.76,24505.35,22363.19,26570.46,25112.47,25232.21,23151.89,24729.76,24881.81,24794.76,24686.46,24561.89,24430.37,24298.6,24169.71,24045.15,23924.17,23805.67,23688.53,23570.99,23451.32,23327.78,23198.81,23063.88,22923.08,22776.21,22623.13,22464.04,22299.14,22127.93,21949.19,21764.57,21578.88,21394.55,21211.59,21029.99,20849.74,20670.84,20493.28,20317.05,20142.15,19968.57,19796.31,19625.35,19455.7,19287.34,19120.26,18954.47,18789.95,18626.7,18464.71,18303.97,18144.49,17986.24,17829.22,17673.43,17518.86,17365.330872544782,17213.012009486873,17061.896385031883,16911.97696282033,16763.24670649272,16615.69855855935,16469.325472095636,16324.120389611873,16180.076243053261,16037.185974930098,15895.442538317797,15754.838844031343,15615.367866276349,15477.022515867806,15339.795767011328,15203.680562217216,15068.669854560882,14934.756618247931,14801.93381691888,14670.194435344445,14539.531458295347,14409.937891672515,14281.406730811768,14153.931013309353,14027.503766196403,13902.118037634262,13777.766896914483,13654.443392198416,13532.14063503803,13410.851736985294,13290.569799027076,13171.287964410663,13052.999408078651,12935.69729440853,12819.374808908002,12704.025189910291,12589.64164405331,12476.21743080049,12363.745841310574,12252.220166742309,12141.633719384643,12031.97984322185,11923.251903368402,11815.443296634086,11708.547419828694,11602.557722587533,11497.467665111017,11393.27071816467,11289.960415904628,11187.53028192194,11085.973892633161,10985.284824454859,10885.45669606401,10786.483157832905,10688.357891829157,10591.074580120361,10494.626955486632,10399.008781346873,10304.213838024163,10210.235940706421,10117.068933107352,10024.706686409923,9933.143103492424,9842.372116815433,9752.38768736531,9663.183807823729,9574.754499398145,9487.093817104342,9400.195842370871,9314.054691491132,9228.664509284295,9144.019472264847,9060.113787586086,8976.941695153117,8894.497465509865,8812.775400895558,8731.769835244739,8651.475135243772,8571.88569716132,8492.995951074374,8414.800357698727,8337.293412615021
95,38235.29,29090.91,34142.75,28772.92,33707.87,24549.7,23252.6,35347.63,34567.9,33145.01,24984.38,28620.89,29050.28,31818.18,26654.15,30949.17,28828.83,30375.82,28334.59,31266.44,25048.42,27427.25,25247.39,28960.26,28611.98,28964.36,33394.21,29815.98,30033.52,26521.34,26355.89,27243.44,27787.93,23548.26,28567.33,26341.19,27039.76,26005.32,26671.58,26859.86,26793.85,26706.51,26598.1,26473.73,26342.78,26212.02,26084.58,25961.68,25842.04,25724.29,25607.23,25489.09,25368.11,25242.58,25110.97,24972.77,24828.01,24676.46,24517.96,24352.56,24180.14,23999.96,23813.6,23625.86,23439.37,23254.13,23070.13,22887.38,22705.85,22525.56,22346.5,22168.66,21992.03,21816.61,21642.4,21469.39,21297.58,21126.96,20957.52,20789.27,20622.19,20456.28,20291.54,20127.96,19965.53,19804.26,19644.12,19485.13,19327.08758399012,19170.1777361085,19014.394938158133,18859.733651039776,18706.188304300773,18553.753317037357,18402.423087443483,18252.191992810855,18103.05441043117,17955.00467579161,17808.037145281614,17662.146143937225,17517.325986343363,17373.57096618268,17230.875387588967,17089.23354424487,16948.63971938193,16809.088164878263,16670.5731639654,16533.088978972602,16396.62986177801,16261.190074710872,16126.763859198201,15993.34547756926,15860.929181702177,15729.509202572826,15599.079812961598,15469.635243844366,15341.169768001526,15213.677626860077,15087.153082749279,14961.590408449534,14836.983866290098,14713.32772905137,14590.616269513741,14468.843791810996,14348.004579174662,14228.092925287388,14109.103155185232,13991.029583453103,13873.866535127048,13757.608345694249,13642.24936109301,13527.783948163902,13414.20648419863,13301.511336037755,13189.69291232638,13078.745611258459,12968.663862381347,12859.442095242403,12751.074770742365,12643.556339330855,12536.881293262008,12431.044114338829,12326.039326168853,12221.861441908473,12118.505026969748,12015.964615411334,11914.234803998675,11813.31016859496,11713.185347770152,11613.854959191953,11515.313641430339,11417.556085310924,11320.5769712082,11224.370989947787,11128.932895062091,11034.257408730124,10940.33930538655,10847.173380368295,10754.754429012295,10663.077288459988,10572.136806303963,10481.927851039061,10392.445321468398,10303.684120575552,10215.639187923052,10128.305482930573,10041.677984874948,9955.751694980376,9870.521638508659,9785.98286162386
96,30769.23,36450.84,32000.0,34261.24,30188.68,33605.6,31007.75,27868.85,32621.36,22835.39,34748.27,44370.86,31028.67,34976.15,27677.1,34617.99,28723.4,26281.21,30786.64,31380.98,27263.05,28787.21,33635.61,28926.55,29874.21,30497.59,28559.97,27395.15,29193.17,31048.51,29593.69,30959.75,27667.21,28969.36,28108.7,30563.21,28408.87,27974.21,28809.58,29032.92,28986.2,28919.89,28832.36,28724.03,28600.09,28470.03,28340.62,28215.04,28094.22,27976.32,27859.61,27742.86,27624.26,27502.03,27374.48,27240.14,27098.49,26949.5,26792.91,26628.5,26456.11,26275.24,26087.8,25898.81,25710.96,25524.23,25338.62,25154.14,24970.77,24788.52,24607.38,24427.35,24248.42,24070.6,23893.87,23718.24,23543.7,23370.24,23197.87,23026.59,22856.37,22687.23,22519.16,22352.16,22186.22,22021.33,21857.5,21694.72,21532.79400087825,21371.913950781985,21212.07570705028,21053.27511661349,20895.507995175907,20738.770116807023,20583.05725557634,20428.365123101175,20274.68943099885,20122.025880478,19970.37012070376,19819.71780084129,19670.064528420946,19521.40591097309,19373.73752480201,19227.054935803277,19081.353689055086,18936.62931922693,18792.87732976221,18650.093224104337,18508.272484879322,18367.410584304485,18227.502984188453,18088.545125522454,17950.53243888902,17813.46036527938,17677.324304049995,17542.119664965998,17407.841857792533,17274.486271477355,17142.048274150828,17010.523254760694,16879.90658143732,16750.193622311068,16621.379745512295,16493.46029835397,16366.430638557757,16240.286134254018,16115.022122347027,15990.63395014975,15867.11696497516,15744.466524544916,15622.67797617199,15501.74666716935,15381.66793444127,15262.437146118107,15144.049649512834,15026.500802347118,14909.785962342614,14793.900487220995,14678.839755521312,14564.599135373932,14451.173994909206,14338.55973348359,14226.751719227444,14115.74535149721,14005.536029649338,13896.119163448975,13787.490173069958,13679.644468277433,13572.577490062626,13466.28466900808,13360.761446105016,13256.003293570762,13152.005673213938,13048.764057251858,12946.273917901846,12844.530779424696,12743.53012444643,12643.267477227837,12543.738362029715,12444.93832393026,12346.862918416353,12249.507711383572,12152.868258318811,12056.940166752423,11961.719044214782,11867.200477418855,11773.380125938487,11680.253607712737,11587.816592724148,11496.064740546559
97,38387.72,33876.22,27811.86,31735.54,25000.0,33644.86,38095.24,30814.81,33918.13,30721.97,29319.37,36535.43,36571.43,28800.0,29843.56,34912.72,31691.65,27210.88,35014.27,31944.44,31726.28,35151.52,37099.93,33483.58,27772.02,32337.43,34478.45,32558.14,36266.67,36958.61,27728.34,33037.3,28063.94,29057.47,32269.5,26383.98,32951.95,28365.52,31227.33,31483.94,31453.62,31406.63,31340.1,31252.54,31144.48,31021.27,30892.43,30764.79,30641.53,30523.26,30407.52,30292.2,30176.0,30057.08,29933.65,29804.04,29666.82,29521.47,29367.88,29205.76,29034.76,28854.38,28666.84,28477.49,28289.13,28101.78,27915.42,27730.06,27545.69,27362.31,27179.93,26998.53,26818.11,26638.68,26460.23,26282.77,26106.28,25930.76,25756.22,25582.65,25410.04,25238.41,25067.73,24898.02,24729.27,24561.47,24394.62,24228.73,24063.587479595662,23899.394226553235,23736.147397512083,23573.844138734345,23412.48156535048,23252.0567406048,23092.566696609923,22934.008465478473,22776.379017059713,22619.675290071205,22463.894223230523,22309.032692991852,22155.087575809397,22002.055717005664,21849.933910017025,21698.7189690343,21548.40763560772,21398.99666166473,21250.482768001104,21102.862654658154,20956.13298016827,20810.290403063853,20665.331571500068,20521.253081745937,20378.051550824952,20235.723533497207,20094.265605277284,19953.67430017083,19813.946152183496,19675.077674566484,19537.06535981653,19399.90570043037,19263.59514739583,19128.130172455192,18993.507205841826,18859.722688166326,18726.773039284824,18594.65466867624,18463.363965065026,18332.897317175626,18203.25112410973,18074.42173308288,17946.405522442285,17819.19882902627,17692.798010427592,17567.1994138618,17442.399355412737,17318.394182295946,17195.180200218045,17072.75373564013,16951.111094268814,16830.248592187952,16710.16252472694,16590.84920796963,16472.30492686819,16354.525976752017,16237.50867370496,16121.249281924735,16005.74410711796,15890.989444614032,15776.981579365123,15663.716796323393,15551.191390818241,15439.401647801835,15328.343862603571,15218.014340930073,15108.409357356277,14999.52521758881,14891.358216957065,14783.904661167671,14677.160845550017,14571.123096565188,14465.787699165352,14361.150990188818,14257.209285719438,14153.958891463839,14051.396154637556,13949.517401701672,13848.31895911727,13747.797194854344,13647.948435373975,13548.76903826893
98,38095.24,13986.01,47311.83,43304.84,35348.84,43187.66,28235.29,46437.99,30695.44,38532.11,32771.08,41779.5,37914.69,40481.93,39543.73,36226.42,40754.72,29392.97,29906.54,37982.2,31876.61,35643.56,40826.25,33072.63,37956.2,42438.64,32229.19,39186.69,32764.51,35880.4,37725.38,31607.63,32817.75,31063.32,27681.66,33929.75,27230.05,35194.59,33789.18,34075.18,34057.07,34026.69,33979.72,33913.42,33826.41,33719.41,33597.85,33471.26,33346.47,33226.64,33112.04,32999.5,32886.52,32771.72,32653.23,32529.27,32398.18,32258.62,32110.01,31952.18,31784.71,31606.99,31421.41,31233.69,31046.83,30860.84,30675.71,30491.44,30308.03,30125.48,29943.79,29762.96,29582.99,29403.88,29225.62,29048.22,28871.67,28695.97,28521.13,28347.13,28173.99,28001.69,27830.25,27659.64,27489.88,27320.97,27152.89,26985.66,26819.06460070222,26653.30972005791,26488.393681913374,26324.314779075023,26161.071283656027,25998.661416036408,25837.083375902926,25676.335311209223,25516.415359562296,25357.32161718263,25199.05213890421,25041.604969214382,24884.97809052074,24729.169495577487,24574.17711505908,24419.998879639952,24266.632657914797,24114.07631847828,23962.327688538582,23811.38458495724,23661.244793555903,23511.906058769724,23363.366114687222,23215.62267470366,23068.673431521045,22922.516026108246,22777.14813047401,22632.567333854073,22488.771256524047,22345.757456679778,22203.523513210366,22062.066942925154,21921.38528332672,21781.476030531147,21642.336659961267,21503.964647039902,21366.35743614999,21229.512450981212,21093.427115223265,20958.098821525942,20823.52497288568,20689.70291021913,20556.63001582948,20424.30362028676,20292.721064507634,20161.87963767562,20031.776670360767,19902.409431053333,19773.775219283474,19645.871293194832,19518.694910931037,19392.243320289126,19266.513758719462,19141.50345332581,19017.209620865306,18893.629467748444,18770.760200385732,18648.599004494416,18527.143076138367,18406.389580341576,18286.33568212804,18166.978567215003,18048.315369586573,17930.343254266736,17813.05935523961,17696.46082718255,17580.54478338641,17465.308368181926,17350.748715553207,17236.862918097853,17123.648120146594,17011.101424643653,16899.21994487989,16788.000783799525,16677.441044346786,16567.537839812518,16458.28827314095,16349.689416236428,16241.738392736424,16134.432295238541,16027.768205993742,15921.743227946257
99,36363.64,50000.0,39639.64,26519.34,26168.22,36065.57,32520.33,29090.91,32876.71,41811.85,42477.88,39344.26,33548.39,23880.6,41600.0,36585.37,39628.48,27586.21,40174.67,36994.22,35764.71,35555.56,38095.24,40251.57,31638.42,26498.42,32171.58,38303.69,34929.58,32241.81,35534.21,33492.82,32225.58,34749.76,37558.69,37878.79,41393.03,30577.78,36467.3,36780.12,36768.98,36750.92,36720.69,36674.09,36608.52,36522.77,36417.73,36298.89,36175.74,36055.03,35939.88,35830.18,35722.0,35612.42,35499.99,35382.82,35259.11,35127.28,34986.02,34834.72,34673.05,34500.35,34319.06,34135.31,33952.28,33769.97,33588.38,33407.52,33227.38,33047.97,32869.28,32691.32,32514.08,32337.57,32161.78,31986.72,31812.38,31638.77,31465.88,31293.71,31122.27,30951.55,30781.55,30612.28,30443.73,30275.9,30108.79,29942.4,29776.534001339303,29611.39072296918,29446.969463339643,29283.26950026688,29120.290049665622,28958.03030681675,28796.489446367348,28635.666591379922,28475.560833966258,28316.171255921225,28157.49688745513,27999.536738144463,27842.289776298057,27685.754949590948,27529.931174747406,27374.81733754098,27220.41231342831,27066.714915964563,26913.723958704908,26761.438224253776,26609.85645394795,26458.977378807303,26308.799698900984,26159.322093664305,26010.543201264936,25862.461659870547,25715.07607669808,25568.38501769681,25422.38704881604,25277.080705054315,25132.46448014255,24988.536888445473,24845.29638242635,24702.741424865348,24560.87042695808,24419.681799900172,24279.17393425341,24139.345199945765,24000.193946271378,23861.71850189058,23723.917185146776,23586.788273115733,23450.330063507037,23314.540812762632,23179.418746373725,23044.96211046534,22911.169120211784,22778.037949519694,22645.56679292955,22513.753814031083,22382.59715578021,22252.09497144976,22122.245362727997,21993.046451937014,21864.496320131253,21736.593068998984,21609.334758960824,21482.719450437406,21356.745172898605,21231.40997644813,21106.711880238963,20982.64889310717,20859.219013571892,20736.42022983538,20614.250530099864,20492.70787161686,20371.79023227169,20251.49553836513,20131.821736831764,20012.766774606196,19894.32856767228,19776.50503201388,19659.294062981025,19542.693576557587,19426.70145777667,19311.31560198833,19196.533863274944,19082.354136986552,18968.77426688863,18855.7921276974,18743.40557349524,18631.61243773072
100,68217.05,26373.63,32214.77,51612.9,38888.89,27972.03,47058.82,29850.75,30622.01,48484.85,65306.12,46753.25,54857.14,31638.42,38502.67,50349.65,43010.75,44239.63,48087.43,41791.04,21768.71,27586.21,37037.04,49382.72,57358.49,35398.23,35680.75,49484.54,43601.9,46428.57,41269.84,40000.0,34782.61,33548.39,35928.14,40236.69,42718.45,30085.47,39142.99,39481.72,39473.91,39462.86,39445.01,39415.23,39369.46,39305.28,39221.69,39119.73,39004.94,38886.66,38771.48,38662.49,38559.13,38456.69,38351.79,38242.91,38128.17,38005.77,37874.18,37732.15,37578.98,37414.02,37239.84,37062.87,36886.49,36710.69,36535.48,36360.86,36186.83,36013.38,35840.53,35668.27,35496.6,35325.52,35155.04,34985.15,34815.85,34647.15,34479.04,34311.53,34144.62,33978.29,33812.57,33647.44,33482.91,33318.98,33155.64,32992.9,32830.566853472475,32668.834026972338,32507.701551363833,32347.169395782712,32187.237519076632,32027.905869805174,31869.17431422324,31711.042749449978,31553.51100058795,31396.578892739723,31240.24618927934,31084.51267415703,30929.378059306422,30774.842056661142,30620.90434729057,30467.564571111747,30314.8223680417,30162.677336845136,30011.12903513441,29860.177041098057,29709.82086090801,29560.060000736197,29410.893946178407,29262.32214167805,29114.344021390483,28966.959009182952,28820.16646719422,28673.9657781392,28528.3562732924,28383.337273640223,28238.908079592922,28095.06798127265,27951.816217361138,27809.152026540138,27667.074637203285,27525.583236591898,27384.677011947293,27244.35510935844,27104.616664626225,26965.460803263464,26826.886630206784,26688.893229816647,26551.47965558928,26414.644961020877,26278.388179031495,26142.708321965,26007.604381589103,25873.07533938342,25739.120166539484,25605.73780338458,25472.92716966982,25340.68720572248,25209.016790141333,25077.914822101327,24947.380159625067,24817.411681311318,24688.008204030357,24559.168565228603,24430.89159206442,24303.17606025573,24176.02077638471,24049.42451616929,23923.386024463143,23797.904056408028,23672.977356857613,23548.604650089408,23424.78463980474,23301.516029704944,23178.79751320328,23056.627752848726,22935.00544205455,22813.92921250548,22693.397726750514,22573.409616474408,22453.963503073795,22335.05799765726,22216.691711333377,22098.863244922635,21981.57117866934,21864.814092817825,21748.590557324314,21632.899131856964
101,26666.67,92307.69,40000.0,59259.26,15384.62,47619.05,36781.61,34042.55,40404.04,51851.85,25000.0,32876.71,19753.09,45714.29,32000.0,46280.99,47619.05,44859.81,18181.82,38095.24,38888.89,59534.88,41379.31,35220.13,42384.11,21238.94,26778.24,40433.21,37647.06,62040.82,30508.47,37617.55,38356.16,44444.44,25935.16,29339.85,45244.22,32183.91,41878.58,42244.01,42238.6,42230.89,42220.03,42202.53,42173.43,42128.87,42066.64,41985.94,41888.01,41778.38,41666.16,41557.75,41456.13,41360.3,41264.71,41165.51,41061.15,40949.71,40829.42,40698.79,40556.58,40401.81,40237.23,40069.57,39902.37,39735.62,39569.33,39403.5,39238.13,39073.22,38908.77,38744.79,38581.27,38418.22,38255.63,38093.51,37931.85,37770.67,37609.95,37449.7,37289.93,37130.63,36971.8,36813.44,36655.55,36498.14,36341.21,36184.75,36028.58889391244,35872.906839836345,35717.70435077423,35562.98188842836,35408.73989398089,35254.97879835396,35101.69899142946,34948.90084256921,34796.58472113503,34644.750934928416,34493.39980201094,34342.53160966402,34192.14660412886,34042.24503164666,33892.82710767847,33743.893037425325,33595.442974787955,33447.47709418723,33299.9955084837,33152.99834079797,33006.48567321044,32860.457577541456,32714.91410509129,32569.855276380033,32425.28112218783,32281.19161173453,32137.586714239995,31994.46639892406,31851.830583706327,31709.67917624634,31568.012084203656,31426.829184457656,31286.130333367648,31145.915356512767,31006.184089732214,30866.93633808502,30728.171875850094,30589.890487566365,30452.091916732577,30314.775906847477,30177.94217062965,30041.590400277586,29905.720308509874,29770.33153622475,29635.423755100604,29500.99660603568,29367.049699148054,29233.582654815862,29100.595052377048,28968.086471169543,28836.056480271232,28704.504628239894,28573.43043285317,28442.83343240879,28312.713124164282,28183.06899511714,28053.900522004787,27925.207171304595,27796.988388973867,27669.243620969868,27541.972282469727,27415.173788650576,27288.84753416945,27162.992903423317,27037.609270549114,26912.695999423708,26788.252433403886,26664.27791584642,26540.771759327934,26417.733286685107,26295.16180023452,26173.056592032688,26051.416923355988,25930.242086260947,25809.531331763887,25689.283900621074,25569.4990335888,25450.175950903224,25331.313872800518,25212.91200925681,25094.969559988163,24977.485693930506
102,53333.33,100000.0,0.0,22857.14,64864.86,64000.0,61538.46,40000.0,40677.97,19512.2,12903.23,34042.55,57142.86,68965.52,20000.0,41379.31,10958.9,53333.33,29090.91,37500.0,40000.0,16842.11,59259.26,33684.21,27586.21,60759.49,16000.0,45000.0,24844.72,49689.44,55445.54,34355.83,44000.0,54054.05,36000.0,55555.56,60251.05,35874.44,44570.16,44961.35,44958.59,44953.29,44945.76,44935.19,44918.21,44890.1,44847.21,44787.59,44710.66,44617.85,44514.66,44409.83,44309.54,44216.61,44129.56,44042.02,43949.66,43850.87,43743.73,43626.49,43497.65,43355.8,43203.58,43048.03,42892.81,42737.92,42583.38,42429.18,42275.31,42121.79,41968.62,41815.79,41663.3,41511.17,41359.38,41207.94,41056.85,40906.11,40755.72,40605.69,40456.01,40306.69,40157.72,40009.11,39860.85,39712.96,39565.42,39418.24,39271.26473041017,39124.652939496125,38978.40536256918,38832.52273494062,38687.00575107115,38541.85510542142,38397.07146181415,38252.65548407204,38108.60778495451,37964.92900785896,37821.619734906846,37678.68055843225,37536.11205034399,37393.91475191286,37252.089204409705,37110.63591846738,36969.55540471871,36828.8481431586,36688.51460356925,36548.55523530759,36408.97047751787,36269.760748919005,36130.926468229954,35992.46801331902,35854.3857620545,35716.68008209208,35579.35130023675,35442.399763718866,35305.82578913079,35169.629652214266,35033.811659349,34898.37208627673,34763.31116788857,34628.629159500946,34494.32628579232,34360.40276122846,34226.85877984989,34093.69453569707,33960.91020238516,33828.50593310404,33696.48186061823,33564.83814833026,33433.57487794137,33302.69218221612,33172.19014285574,33042.06883134885,32912.32831918404,32782.96866763726,32653.98990734647,32525.392079162313,32397.17518308477,32269.33922932651,32141.884207674877,32014.810107917212,31888.116878990226,31761.804500468614,31635.872890651106,31510.321998474425,31385.151742237318,31260.36203002587,31135.952749500844,31011.923808748343,30888.27506479116,30765.00639507741,30642.11764641724,30519.608665620795,30397.479279072904,30275.729313158394,30154.358584049456,30033.366887492924,29912.75401923568,29792.519744386598,29672.663858692547,29553.1861068371,29434.086243716487,29315.364014014278,29197.019141988734,29079.051362110782,28961.46037821337,28844.245894129428,28727.40760347926,28610.945189670492
103,0.0,72727.27,0.0,0.0,42105.26,33333.33,0.0,61538.46,64864.86,85714.29,22222.22,25000.0,40000.0,0.0,0.0,28571.43,0.0,34042.55,0.0,54545.45,80000.0,29629.63,60606.06,34782.61,50793.65,72727.27,15686.27,23188.41,57142.86,42105.26,68292.68,41025.64,19277.11,56565.66,42105.26,72727.27,59504.13,48275.86,47183.89,47598.79,47598.09,47595.41,47590.27,47583.0,47572.82,47556.53,47529.68,47488.9,47432.5,47360.16,47273.49,47177.86,47081.64,46990.65,46907.56,46830.36,46751.87,46667.31,46574.98,46472.98,46359.53,46232.93,46095.63,45954.77,45814.14,45673.74,45533.59,45393.66,45253.98,45114.54,44975.33,44836.37,44697.65,44559.17,44420.94,44282.95,44145.21,44007.72,43870.47,43733.47,43596.73,43460.23,43323.99,43188.0,43052.26,42916.78,42781.55,42646.58,42511.72959851557,42377.138322745304,42242.80694377588,42108.73626313164,41974.927041753406,41841.38003043612,41708.09597997472,41575.0756208724,41442.319673486454,41309.828848028345,41177.6038445636,41045.64534286603,40913.95402270945,40782.53054357588,40651.37555480149,40520.48971586834,40389.873635529075,40259.52794282811,40129.45323637222,39999.65012491407,39870.119186768665,39740.861000251054,39611.87613353038,39483.165124338135,39354.728520551726,39226.56685990266,39098.68066997658,38971.07043777562,38843.73669088538,38716.67989601627,38589.90055031627,38463.39911034988,38337.176032681586,38211.23178402176,38085.5667803514,37960.1814680891,37835.07625306997,37710.251551274996,37585.70775839341,37461.44525996854,37337.46444154376,37213.76565822477,37090.34929555492,36967.21567820231,36844.36515112676,36721.79805928812,36599.514717208585,36477.5154292645,36355.80049983217,36234.37023328795,36113.22490357051,35992.36479476444,35871.79017066255,35751.50127476591,35631.498370867324,35511.781692322,35392.351482630984,35273.20794471183,35154.351291627965,35035.781746588706,34917.49949221983,34799.50472129304,34681.79760628823,34564.37831968535,34447.24703396429,34330.40388102146,34213.849033336795,34097.58261266082,33981.60475088994,33865.915569774705,33750.515180919734,33635.40369592971,33520.581206117524,33406.04781294194,33291.803577278246,33177.84859043932,33064.18291330044,32950.80660673686,32837.71972147798,32724.922308253186,32612.414387354227,32500.19599936462
104,0.0,0.0,72727.27,50000.0,0.0,61538.46,100000.0,0.0,0.0,100000.0,0.0,22222.22,55813.95,0.0,72727.27,94117.65,69565.22,0.0,47058.82,47058.82,88888.89,0.0,50000.0,25000.0,55172.41,51612.9,0.0,41025.64,39024.39,66666.67,18604.65,96969.7,40000.0,33333.33,68965.52,38095.24,56140.35,45283.02,49931.64,50370.69,50370.69,50370.02,50367.43,50362.48,50355.49,50345.74,50330.23,50304.77,50266.3,50213.41,50146.05,50065.99,49978.5,49891.46,49810.34,49737.63,49670.78,49601.76,49525.34,49439.73,49342.97,49233.05,49112.27,48987.77,48863.42,48739.23,48615.18,48491.29,48367.56,48243.98,48120.55,47997.28,47874.17,47751.22,47628.42,47505.79,47383.32,47261.0,47138.85,47016.87,46895.04,46773.39,46651.89,46530.57,46409.41,46288.41,46167.59,46046.94,45926.34586122934,45805.923125022484,45685.67247884991,45565.594630401814,45445.6902570388,45325.96004623134,45206.40467534003,45087.02480150578,44967.82108186947,44848.79418368185,44729.94474386409,44611.27339933737,44492.78077691297,44374.46752362196,44256.334225836195,44138.381530586696,44020.61001413548,43903.02028307414,43785.61292377455,43668.38853271843,43551.34767605794,43434.4909300551,43317.81886086203,43201.33201441119,43085.03095685474,42968.91621390536,42852.98834160536,42737.24785555758,42621.69529158461,42506.33116528929,42391.15598216462,42276.17024770359,42161.374467399175,42046.769126524676,41932.3547204632,41818.131714268326,41704.100593213305,41590.26182235169,41476.61584651733,41363.16314087362,41249.90414014455,41136.8392992738,41023.96903276563,40911.293785453876,40798.81398195265,40686.530026656335,40574.44234417906,40462.551338915204,40350.85739503946,40239.3609169462,40128.06228881011,40016.96189480586,39906.060108998274,39795.3572953423,39684.85382790275,39574.550050414866,39464.446316723726,39354.5429907843,39244.84038600224,39135.33885622263,39026.03872496101,38916.94031573288,38808.04394194388,38699.34992710954,38590.858554305945,38482.570147048595,38374.48498841358,38266.60337158681,38158.92557964438,38051.45188555252,37944.18258249713,37837.117913114875,37730.25815037196,37623.60355712474,37517.15437600985,37410.910859773794,37304.873240943336,37199.04177226498,37093.41666604579,36987.99815481253,36882.78646098212,36777.781806971485
105,0.0,100000.0,0.0,0.0,50000.0,0.0,0.0,50000.0,100000.0,50000.0,50000.0,100000.0,100000.0,80000.0,100000.0,100000.0,100000.0,0.0,88888.89,34782.61,57142.86,0.0,0.0,0.0,33333.33,38095.24,66666.67,100000.0,57142.86,88888.89,38095.24,33333.33,0.0,0.0,38095.24,80000.0,84210.53,0.0,52715.08,53178.61,53178.61,53178.61,53177.97,53175.48,53170.75,53164.09,53154.84,53140.2,53116.3,53080.4,53031.39,52969.48,52896.62,52817.89,52740.69,52670.06,52608.27,52552.24,52493.09,52425.11,52346.39,52254.71,52152.13,52045.75,51939.46,51833.26,51727.15,51621.12,51515.19,51409.34,51303.59,51197.92,51092.35,50986.87,50881.49,50776.2,50671.0,50565.9,50460.89,50355.98,50251.16,50146.45,50041.83,49937.31,49832.89,49728.56,49624.34,49520.22,49416.11802137494,49312.118159463025,49208.22092857911,49104.4268732919,49000.736507916256,48897.150346767055,48793.66891424377,48690.29271457665,48587.022272165195,48483.85807107044,48380.800625607255,48277.85042992131,48175.00797815826,48072.27376446377,47969.64827289888,47867.13198752465,47764.725392402135,47662.428951423186,47560.243138564234,47458.16843788634,47356.205303196744,47254.35419838729,47152.61557726523,47050.98991380699,46949.47763156599,46848.079194434096,46746.79504613391,46645.625630388095,46544.57138083467,46443.632721027054,46342.81009468787,46242.103925370546,46141.51463662852,46041.04264193058,45940.688364830174,45840.452218796105,45740.334617297194,45640.335953633046,45540.45664127248,45440.6970735151,45341.05764366051,45241.53875509293,45142.14079102734,45042.86413467877,44943.70917934681,44844.67628807726,44745.7658440851,44646.97822050074,44548.31379045459,44449.772906907805,44351.35595307541,44253.06326174936,44154.89520606007,44056.852138968716,43958.93440335187,43861.142352170726,43763.47631821727,43665.936644368056,43568.52367349968,43471.23772831951,43374.07914161952,43277.048246191676,43180.145364743374,43083.37080989734,42986.724904360955,42890.20796075701,42793.82029170824,42697.56219975281,42601.43398742888,42505.43595727461,42409.568421912765,42313.831653627676,42218.225965042126,42122.751628440456,42027.4089362762,41932.198170918324,41837.11960465117,41742.17352992827,41647.36020894938,41552.67991399886,41458.132917361014,41363.719471151
106,0.0,100000.0,0.0,80000.0,50000.0,50000.0,50000.0,50000.0,50000.0,50000.0,50000.0,50000.0,50000.0,0.0,0.0,0.0,50000.0,0.0,100000.0,0.0,72727.27,0.0,0.0,50000.0,0.0,0.0,100000.0,100000.0,0.0,100000.0,100000.0,0.0,72727.27,100000.0,0.0,47058.82,0.0,72727.27,55468.48,55956.21,55956.21,55956.21,55956.21,55955.6,55953.24,55948.75,55942.47,55933.79,55920.12,55897.95,55864.88,55820.11,55764.09,55698.95,55629.57,55562.76,55503.11,55452.63,55407.69,55358.6,55299.13,55227.04,55144.16,55057.47,54970.82,54884.22,54797.66,54711.14,54624.67,54538.25,54451.87,54365.53,54279.24,54193.0,54106.81,54020.66,53934.55,53848.5,53762.49,53676.54,53590.63,53504.77,53418.96,53333.2,53247.49,53161.83,53076.22,52990.66,52905.09995721494,52819.59205626469,52734.13663919488,52648.73402793077,52563.38456451798,52478.08857088178,52392.84638906778,52307.658330941085,52222.52473854731,52137.445933811745,52052.42223865965,51967.45396495614,51882.541454746824,51797.68500983666,51712.88496221107,51628.14161367503,51543.45527609363,51458.82628145231,51374.25492149587,51289.74152820974,51205.28638327855,51120.889818687734,51036.552126182076,50952.273607566516,50868.05456464602,50783.89530928569,50699.79613323031,50615.75733828483,50531.779216194016,50447.86205870268,50364.00616761575,50280.21182461785,50196.479331513925,50112.8089699886,50029.201021726476,49945.65578853253,49862.173542031196,49778.75456390708,49695.39913584482,49612.10753952903,49528.88006670449,49445.71696887533,49362.618537786315,49279.58503500176,49196.61675226642,49113.71394108444,49030.87687308025,48948.1058299385,48865.40106316328,48782.76284437907,48700.19142508998,48617.68708698062,48535.25007149497,48452.880650257466,48370.57907477223,48288.345606603565,48206.180487195415,48124.083978112074,48042.056330857675,47960.097796936316,47878.20861779198,47796.38904492878,47714.63931979067,47632.95969388179,47551.350408646074,47469.811695467324,47388.34380584968,47306.94697117692,47225.62142283283,47144.367412321546,47063.1851609667,46982.074900152074,46901.03687132162,46820.071295798996,46739.17840496797,46658.358420152166,46577.611572735404,46496.93808404129,46416.3381653333,46335.81205805537,46255.35997347099,46174.98213290378
107,50000.0,50000.0,50000.0,0.0,50000.0,50000.0,50000.0,50000.0,50000.0,50000.0,50000.0,50000.0,50000.0,50000.0,0.0,0.0,0.0,50000.0,50000.0,50000.0,0.0,0.0,0.0,0.0,50000.0,0.0,0.0,100000.0,50000.0,50000.0,50000.0,50000.0,0.0,0.0,50000.0,0.0,0.0,100000.0,58115.33,58626.34,58626.34,58626.34,58626.34,58626.34,58625.76,58623.54,58619.34,58613.47,58605.42,58592.83,58572.54,58542.54,58502.31,58452.59,58395.61,58336.02,58279.99,58231.61,58192.6,58158.77,58119.59,58068.15,58006.17,57940.43,57874.71,57809.0,57743.31,57677.64,57611.98,57546.34,57480.72,57415.12,57349.53,57283.96,57218.41,57152.88,57087.36,57021.87,56956.39,56890.93,56825.49,56760.07,56694.67,56629.29,56563.93,56498.59,56433.26,56367.96,56302.64726775159,56237.355180269806,56172.08390800683,56106.833621414866,56041.60449094606,55976.3966870526,55911.21036013346,55846.04569066743,55780.90283908007,55715.781965796974,55650.683241270315,55585.606825925664,55520.5528801886,55455.521564484734,55390.51305929279,55325.52750498518,55260.565072014084,55195.62592080506,55130.710211783706,55065.818095348994,55000.949751979686,54936.10532204819,54871.28497600667,54806.488854227515,54741.71713718948,54676.969965264965,54612.24749887955,54547.549898458805,54482.8773043751,54418.22989710724,54353.607807000975,54289.011204508504,54224.44024002881,54159.89505393426,54095.37581667704,54030.88266862952,53966.4157601907,53901.975251786134,53837.56128378823,53773.17401662254,53708.81359066146,53644.48016633057,53580.17388400225,53515.894884048874,53451.64332689602,53387.41936294267,53323.22312253462,53259.054766097426,53194.9144340035,53130.80227665179,53066.71843441469,53002.66304766459,52938.63625677385,52874.63822216807,52810.669074193014,52746.728953221085,52682.818009651244,52618.936383855886,52555.08420618077,52491.26163705151,52427.46879678727,52363.705825760415,52299.97287436995,52236.270072961655,52172.5975719345,52108.955491607674,52045.34398238016,51981.76316457113,51918.213188579575,51854.694194777876,51791.20630348522,51727.749655073974,51664.32437988993,51600.930618305465,51537.56850066636,51474.238167345015,51410.939728634,51347.67334495889,51284.43912661227,51221.23721396654,51158.06772734085,51094.93080710761
108,50000.0,50000.0,50000.0,50000.0,50000.0,50000.0,50000.0,50000.0,50000.0,50000.0,50000.0,50000.0,50000.0,50000.0,50000.0,0.0,0.0,0.0,50000.0,50000.0,50000.0,50000.0,0.0,0.0,0.0,50000.0,0.0,0.0,0.0,50000.0,50000.0,50000.0,50000.0,50000.0,50000.0,50000.0,100000.0,50000.0,60751.51,61285.7,61285.7,61285.7,61285.7,61285.7,61285.7,61285.16,61283.09,61279.19,61273.77,61266.38,61254.92,61236.6,61209.78,61174.25,61130.98,61082.32,61032.64,60987.44,60950.25,60922.45,60899.25,60869.11,60828.71,60784.63,60740.55,60696.48,60652.41,60608.35,60564.28,60520.23,60476.17,60432.12,60388.07,60344.03,60299.99,60255.96,60211.93,60167.9,60123.88,60079.86,60035.84,59991.83,59947.83,59903.83,59859.83,59815.84,59771.85,59727.87,59683.877764017125,59639.8903999508,59595.90795782071,59551.93049765046,59507.95807946365,59463.99075327998,59420.028579123034,59376.07160701252,59332.11990697597,59288.17352903306,59244.23253320741,59200.29696951869,59156.36688798659,59112.44235863864,59068.52343149453,59024.61015657392,58980.702603904385,58936.80081350165,58892.90484538932,58849.014769594956,58805.130616130366,58761.25246502702,58717.38035630068,58673.51434997493,58629.65449606948,58585.80085460792,58541.95347560994,58498.11241909913,58454.27774509913,58410.44949362566,58366.62773470627,58322.81250835673,58279.00387460063,58235.20189346157,58191.40661495926,58147.61807910941,58103.83636594352,58060.06151547733,58016.29357773052,57972.53261272669,57928.778670485524,57885.03181103064,57841.29207437777,57797.55953055447,57753.83421957648,57710.11620146741,57666.40552624694,57622.70224393474,57579.00642455837,57535.31809812963,57491.637324672134,57447.96416420948,57404.29865675743,57360.64087234353,57316.99084097958,57273.34863269312,57229.714297503844,57186.08787542749,57142.46942648765,57098.859010707965,57055.25666810416,57011.66244869592,56968.07641250684,56924.49859955269,56880.929079860995,56837.36789344751,56793.815090331904,56750.27072053387,56706.73483407305,56663.207490973095,56619.68873124972,56576.17861492655,56532.67719202327,56489.1845025556,56445.70060654718,56402.22555401766,56358.75939498673,56315.30216947013,56271.853937491476,56228.414749070434,56184.9846542267,56141.563702979925
109,50000.0,50000.0,50000.0,50000.0,50000.0,50000.0,50000.0,50000.0,50000.0,50000.0,50000.0,50000.0,50000.0,50000.0,50000.0,50000.0,0.0,80000.0,50000.0,50000.0,50000.0,50000.0,50000.0,0.0,80000.0,50000.0,50000.0,0.0,80000.0,50000.0,50000.0,50000.0,50000.0,50000.0,50000.0,50000.0,50000.0,50000.0,63432.87,63990.64,63990.64,63990.64,63990.64,63990.64,63990.64,63990.64,63990.14,63988.23,63984.64,63979.68,63972.97,63962.66,63946.35,63922.76,63891.96,63855.16,63814.79,63774.92,63740.32,63713.95,63696.75,63683.06,63664.57,63642.49,63620.42,63598.34,63576.26,63554.18,63532.1,63510.02,63487.94,63465.87,63443.79,63421.71,63399.63,63377.55,63355.47,63333.39,63311.31,63289.23,63267.15,63245.07,63222.99,63200.92,63178.84,63156.76,63134.68,63112.6,63090.516086214746,63068.432232442094,63046.34841867787,63024.264684930466,63002.18101119569,62980.09742747983,62958.0139237808,62935.930520102804,62913.84722644794,62891.76403281412,62869.68096920763,62847.59802562639,62825.51522207458,62803.432558552224,62781.350045061416,62759.267691604255,62737.18550818286,62715.10349479721,62693.02166144942,62670.94002814369,62648.85858487794,62626.77735165634,62604.696328478916,62582.61553534986,62560.534962267084,62538.45462923478,62516.37454625506,62494.29471332791,62472.21514045546,62450.135837639784,62428.05680488091,62405.97806218301,62383.899609546126,62361.82145697232,62339.743614463725,62317.666082020325,62295.588879646326,62273.51199733964,62251.43546510656,62229.359272945,62207.283430857045,62185.20795884692,62163.13284691251,62141.05811505801,62118.983773285545,62096.90982159511,62074.83626998879,62052.76311846661,62030.690387032766,62008.61808568936,61986.54621443639,61964.47477327386,61942.403782205976,61920.333251234835,61898.26317035835,61876.193569582814,61854.12443890613,61832.055798332505,61809.98764786194,61787.91999749654,61765.8528472363,61743.78621708542,61721.72011704602,61699.65453711599,61677.58949729952,61655.52500759875,61633.46106801364,61611.39769854842,61589.33488920098,61567.27264997343,61545.21100086997,61523.14994189059,61501.08948303741,61479.02963431253,61456.970395715936,61434.911777249756,61412.85378891608,61390.7964307149,61368.73972265043,61346.683664722674,61324.62826693374,61302.5735392857
110,50000.0,50000.0,50000.0,50000.0,50000.0,50000.0,50000.0,50000.0,50000.0,50000.0,50000.0,50000.0,50000.0,50000.0,50000.0,50000.0,50000.0,0.0,50000.0,50000.0,50000.0,50000.0,50000.0,50000.0,0.0,50000.0,50000.0,50000.0,0.0,50000.0,50000.0,50000.0,50000.0,50000.0,50000.0,50000.0,50000.0,50000.0,66028.96,66609.56,66609.56,66609.56,66609.56,66609.56,66609.56,66609.56,66609.56,66609.1,66607.35,66604.09,66599.61,66593.6,66584.47,66570.21,66549.88,66523.85,66493.52,66461.35,66431.07,66406.69,66390.5,66382.69,66380.83,66380.83,66380.83,66380.83,66380.83,66380.83,66380.83,66380.83,66380.83,66380.83,66380.83,66380.83,66380.83,66380.83,66380.83,66380.83,66380.83,66380.83,66380.83,66380.83,66380.83,66380.83,66380.83,66380.83,66380.83,66380.83,66380.83,66380.83,66380.83,66380.83,66380.83,66380.83,66380.83,66380.83,66380.83,66380.83,66380.83,66380.83,66380.83,66380.83,66380.83,66380.83,66380.83,66380.83,66380.83,66380.83,66380.83,66380.83,66380.83,66380.83,66380.83,66380.83,66380.83,66380.83,66380.83,66380.83,66380.83,66380.83,66380.83,66380.83,66380.83,66380.83,66380.83,66380.83,66380.83,66380.83,66380.83,66380.83,66380.83,66380.83,66380.83,66380.83,66380.83,66380.83,66380.83,66380.83,66380.83,66380.83,66380.83,66380.83,66380.83,66380.83,66380.83,66380.83,66380.83,66380.83,66380.83,66380.83,66380.83,66380.83,66380.83,66380.83,66380.83,66380.83,66380.83,66380.83,66380.83,66380.83,66380.83,66380.83,66380.83,66380.83,66380.83,66380.83,66380.83,66380.83,66380.83,66380.83
111,100000.0,100000.0,100000.0,100000.0,100000.0,100000.0,100000.0,100000.0,100000.0,100000.0,100000.0,100000.0,100000.0,100000.0,100000.0,100000.0,100000.0,100000.0,100000.0,100000.0,100000.0,100000.0,100000.0,100000.0,100000.0,100000.0,100000.0,100000.0,100000.0,100000.0,100000.0,100000.0,100000.0,100000.0,100000.0,100000.0,100000.0,100000.0,68527.33,69129.89,69129.89,69129.89,69129.89,69129.89,69129.89,69129.89,69129.89,69129.89,69129.48,69127.9,69124.96,69120.97,69115.67,69107.73,69095.52,69078.45,69057.12,69033.11,69008.87,68987.74,68972.89,68965.61,68963.85,68963.85,68963.85,68963.85,68963.85,68963.85,68963.85,68963.85,68963.85,68963.85,68963.85,68963.85,68963.85,68963.85,68963.85,68963.85,68963.85,68963.85,68963.85,68963.85,68963.85,68963.85,68963.85,68963.85,68963.85,68963.85,68963.85,68963.85,68963.85,68963.85,68963.85,68963.85,68963.85,68963.85,68963.85,68963.85,68963.85,68963.85,68963.85,68963.85,68963.85,68963.85,68963.85,68963.85,68963.85,68963.85,68963.85,68963.85,68963.85,68963.85,68963.85,68963.85,68963.85,68963.85,68963.85,68963.85,68963.85,68963.85,68963.85,68963.85,68963.85,68963.85,68963.85,68963.85,68963.85,68963.85,68963.85,68963.85,68963.85,68963.85,68963.85,68963.85,68963.85,68963.85,68963.85,68963.85,68963.85,68963.85,68963.85,68963.85,68963.85,68963.85,68963.85,68963.85,68963.85,68963.85,68963.85,68963.85,68963.85,68963.85,68963.85,68963.85,68963.85,68963.85,68963.85,68963.85,68963.85,68963.85,68963.85,68963.85,68963.85,68963.85,68963.85,68963.85,68963.85,68963.85,68963.85,68963.85
112,100000.0,100000.0,100000.0,100000.0,100000.0,100000.0,100000.0,100000.0,100000.0,100000.0,100000.0,100000.0,100000.0,100000.0,100000.0,100000.0,100000.0,100000.0,100000.0,100000.0,100000.0,100000.0,100000.0,100000.0,100000.0,100000.0,100000.0,100000.0,100000.0,100000.0,100000.0,100000.0,100000.0,100000.0,100000.0,100000.0,100000.0,100000.0,70941.68,71565.47,71565.47,71565.47,71565.47,71565.47,71565.47,71565.47,71565.47,71565.47,71565.47,71565.1,71563.7,71561.1,71557.59,71553.01,71546.24,71536.05,71522.15,71505.38,71487.42,71470.67,71457.96,71451.36,71449.74,71449.74,71449.74,71449.74,71449.74,71449.74,71449.74,71449.74,71449.74,71449.74,71449.74,71449.74,71449.74,71449.74,71449.74,71449.74,71449.74,71449.74,71449.74,71449.74,71449.74,71449.74,71449.74,71449.74,71449.74,71449.74,71449.74,71449.74,71449.74,71449.74,71449.74,71449.74,71449.74,71449.74,71449.74,71449.74,71449.74,71449.74,71449.74,71449.74,71449.74,71449.74,71449.74,71449.74,71449.74,71449.74,71449.74,71449.74,71449.74,71449.74,71449.74,71449.74,71449.74,71449.74,71449.74,71449.74,71449.74,71449.74,71449.74,71449.74,71449.74,71449.74,71449.74,71449.74,71449.74,71449.74,71449.74,71449.74,71449.74,71449.74,71449.74,71449.74,71449.74,71449.74,71449.74,71449.74,71449.74,71449.74,71449.74,71449.74,71449.74,71449.74,71449.74,71449.74,71449.74,71449.74,71449.74,71449.74,71449.74,71449.74,71449.74,71449.74,71449.74,71449.74,71449.74,71449.74,71449.74,71449.74,71449.74,71449.74,71449.74,71449.74,71449.74,71449.74,71449.74,71449.74,71449.74,71449.74
113,100000.0,100000.0,100000.0,100000.0,100000.0,100000.0,100000.0,100000.0,100000.0,100000.0,100000.0,100000.0,100000.0,100000.0,100000.0,100000.0,100000.0,100000.0,100000.0,100000.0,100000.0,100000.0,100000.0,100000.0,100000.0,100000.0,100000.0,100000.0,100000.0,100000.0,100000.0,100000.0,100000.0,100000.0,100000.0,100000.0,100000.0,100000.0,73283.45,73927.83,73927.83,73927.83,73927.83,73927.83,73927.83,73927.83,73927.83,73927.83,73927.83,73927.83,73927.51,73926.27,73924.0,73920.98,73917.09,73911.48,73903.24,73892.39,73879.94,73867.63,73857.71,73852.21,73850.77,73850.77,73850.77,73850.77,73850.77,73850.77,73850.77,73850.77,73850.77,73850.77,73850.77,73850.77,73850.77,73850.77,73850.77,73850.77,73850.77,73850.77,73850.77,73850.77,73850.77,73850.77,73850.77,73850.77,73850.77,73850.77,73850.77,73850.77,73850.77,73850.77,73850.77,73850.77,73850.77,73850.77,73850.77,73850.77,73850.77,73850.77,73850.77,73850.77,73850.77,73850.77,73850.77,73850.77,73850.77,73850.77,73850.77,73850.77,73850.77,73850.77,73850.77,73850.77,73850.77,73850.77,73850.77,73850.77,73850.77,73850.77,73850.77,73850.77,73850.77,73850.77,73850.77,73850.77,73850.77,73850.77,73850.77,73850.77,73850.77,73850.77,73850.77,73850.77,73850.77,73850.77,73850.77,73850.77,73850.77,73850.77,73850.77,73850.77,73850.77,73850.77,73850.77,73850.77,73850.77,73850.77,73850.77,73850.77,73850.77,73850.77,73850.77,73850.77,73850.77,73850.77,73850.77,73850.77,73850.77,73850.77,73850.77,73850.77,73850.77,73850.77,73850.77,73850.77,73850.77,73850.77,73850.77,73850.77
114,100000.0,100000.0,100000.0,100000.0,100000.0,100000.0,100000.0,100000.0,100000.0,100000.0,100000.0,100000.0,100000.0,100000.0,100000.0,100000.0,100000.0,100000.0,100000.0,100000.0,100000.0,100000.0,100000.0,100000.0,100000.0,100000.0,100000.0,100000.0,100000.0,100000.0,100000.0,100000.0,100000.0,100000.0,100000.0,100000.0,100000.0,100000.0,75553.65,76218.0,76218.0,76218.0,76218.0,76218.0,76218.0,76218.0,76218.0,76218.0,76218.0,76218.0,76218.0,76217.71,76216.64,76214.7,76212.16,76208.94,76204.43,76198.05,76190.06,76181.61,76174.4,76170.24,76169.13,76169.13,76169.13,76169.13,76169.13,76169.13,76169.13,76169.13,76169.13,76169.13,76169.13,76169.13,76169.13,76169.13,76169.13,76169.13,76169.13,76169.13,76169.13,76169.13,76169.13,76169.13,76169.13,76169.13,76169.13,76169.13,76169.13,76169.13,76169.13,76169.13,76169.13,76169.13,76169.13,76169.13,76169.13,76169.13,76169.13,76169.13,76169.13,76169.13,76169.13,76169.13,76169.13,76169.13,76169.13,76169.13,76169.13,76169.13,76169.13,76169.13,76169.13,76169.13,76169.13,76169.13,76169.13,76169.13,76169.13,76169.13,76169.13,76169.13,76169.13,76169.13,76169.13,76169.13,76169.13,76169.13,76169.13,76169.13,76169.13,76169.13,76169.13,76169.13,76169.13,76169.13,76169.13,76169.13,76169.13,76169.13,76169.13,76169.13,76169.13,76169.13,76169.13,76169.13,76169.13,76169.13,76169.13,76169.13,76169.13,76169.13,76169.13,76169.13,76169.13,76169.13,76169.13,76169.13,76169.13,76169.13,76169.13,76169.13,76169.13,76169.13,76169.13,76169.13,76169.13,76169.13,76169.13,76169.13
115,100000.0,100000.0,100000.0,100000.0,100000.0,100000.0,100000.0,100000.0,100000.0,100000.0,100000.0,100000.0,100000.0,100000.0,100000.0,100000.0,100000.0,100000.0,100000.0,100000.0,100000.0,100000.0,100000.0,100000.0,100000.0,100000.0,100000.0,100000.0,100000.0,100000.0,100000.0,100000.0,100000.0,100000.0,100000.0,100000.0,100000.0,100000.0,77694.82,78377.99,78377.99,78377.99,78377.99,78377.99,78377.99,78377.99,78377.99,78377.99,78377.99,78377.99,78377.99,78377.99,78377.75,78376.84,78375.21,78373.12,78370.54,78367.07,78362.41,78357.04,78352.15,78349.2,78348.38,78348.38,78348.38,78348.38,78348.38,78348.38,78348.38,78348.38,78348.38,78348.38,78348.38,78348.38,78348.38,78348.38,78348.38,78348.38,78348.38,78348.38,78348.38,78348.38,78348.38,78348.38,78348.38,78348.38,78348.38,78348.38,78348.38,78348.38,78348.38,78348.38,78348.38,78348.38,78348.38,78348.38,78348.38,78348.38,78348.38,78348.38,78348.38,78348.38,78348.38,78348.38,78348.38,78348.38,78348.38,78348.38,78348.38,78348.38,78348.38,78348.38,78348.38,78348.38,78348.38,78348.38,78348.38,78348.38,78348.38,78348.38,78348.38,78348.38,78348.38,78348.38,78348.38,78348.38,78348.38,78348.38,78348.38,78348.38,78348.38,78348.38,78348.38,78348.38,78348.38,78348.38,78348.38,78348.38,78348.38,78348.38,78348.38,78348.38,78348.38,78348.38,78348.38,78348.38,78348.38,78348.38,78348.38,78348.38,78348.38,78348.38,78348.38,78348.38,78348.38,78348.38,78348.38,78348.38,78348.38,78348.38,78348.38,78348.38,78348.38,78348.38,78348.38,78348.38,78348.38,78348.38,78348.38,78348.38
116,100000.0,100000.0,100000.0,100000.0,100000.0,100000.0,100000.0,100000.0,100000.0,100000.0,100000.0,100000.0,100000.0,100000.0,100000.0,100000.0,100000.0,100000.0,100000.0,100000.0,100000.0,100000.0,100000.0,100000.0,100000.0,100000.0,100000.0,100000.0,100000.0,100000.0,100000.0,100000.0,100000.0,100000.0,100000.0,100000.0,100000.0,100000.0,79688.4,80389.1,80389.1,80389.1,80389.1,80389.1,80389.1,80389.1,80389.1,80389.1,80389.1,80389.1,80389.1,80389.1,80389.1,80388.9,80388.15,80386.82,80385.14,80383.16,80380.65,80377.55,80374.48,80372.52,80371.97,80371.97,80371.97,80371.97,80371.97,80371.97,80371.97,80371.97,80371.97,80371.97,80371.97,80371.97,80371.97,80371.97,80371.97,80371.97,80371.97,80371.97,80371.97,80371.97,80371.97,80371.97,80371.97,80371.97,80371.97,80371.97,80371.97,80371.97,80371.97,80371.97,80371.97,80371.97,80371.97,80371.97,80371.97,80371.97,80371.97,80371.97,80371.97,80371.97,80371.97,80371.97,80371.97,80371.97,80371.97,80371.97,80371.97,80371.97,80371.97,80371.97,80371.97,80371.97,80371.97,80371.97,80371.97,80371.97,80371.97,80371.97,80371.97,80371.97,80371.97,80371.97,80371.97,80371.97,80371.97,80371.97,80371.97,80371.97,80371.97,80371.97,80371.97,80371.97,80371.97,80371.97,80371.97,80371.97,80371.97,80371.97,80371.97,80371.97,80371.97,80371.97,80371.97,80371.97,80371.97,80371.97,80371.97,80371.97,80371.97,80371.97,80371.97,80371.97,80371.97,80371.97,80371.97,80371.97,80371.97,80371.97,80371.97,80371.97,80371.97,80371.97,80371.97,80371.97,80371.97,80371.97,80371.97,80371.97
117,100000.0,100000.0,100000.0,100000.0,100000.0,100000.0,100000.0,100000.0,100000.0,100000.0,100000.0,100000.0,100000.0,100000.0,100000.0,100000.0,100000.0,100000.0,100000.0,100000.0,100000.0,100000.0,100000.0,100000.0,100000.0,100000.0,100000.0,100000.0,100000.0,100000.0,100000.0,100000.0,100000.0,100000.0,100000.0,100000.0,100000.0,100000.0,81556.64,82273.77,82273.77,82273.77,82273.77,82273.77,82273.77,82273.77,82273.77,82273.77,82273.77,82273.77,82273.77,82273.77,82273.77,82273.77,82273.61,82273.0,82271.94,82270.66,82269.22,82267.56,82265.82,82264.63,82264.28,82264.28,82264.28,82264.28,82264.28,82264.28,82264.28,82264.28,82264.28,82264.28,82264.28,82264.28,82264.28,82264.28,82264.28,82264.28,82264.28,82264.28,82264.28,82264.28,82264.28,82264.28,82264.28,82264.28,82264.28,82264.28,82264.28,82264.28,82264.28,82264.28,82264.28,82264.28,82264.28,82264.28,82264.28,82264.28,82264.28,82264.28,82264.28,82264.28,82264.28,82264.28,82264.28,82264.28,82264.28,82264.28,82264.28,82264.28,82264.28,82264.28,82264.28,82264.28,82264.28,82264.28,82264.28,82264.28,82264.28,82264.28,82264.28,82264.28,82264.28,82264.28,82264.28,82264.28,82264.28,82264.28,82264.28,82264.28,82264.28,82264.28,82264.28,82264.28,82264.28,82264.28,82264.28,82264.28,82264.28,82264.28,82264.28,82264.28,82264.28,82264.28,82264.28,82264.28,82264.28,82264.28,82264.28,82264.28,82264.28,82264.28,82264.28,82264.28,82264.28,82264.28,82264.28,82264.28,82264.28,82264.28,82264.28,82264.28,82264.28,82264.28,82264.28,82264.28,82264.28,82264.28,82264.28,82264.28
118,100000.0,100000.0,100000.0,100000.0,100000.0,100000.0,100000.0,100000.0,100000.0,100000.0,100000.0,100000.0,100000.0,100000.0,100000.0,100000.0,100000.0,100000.0,100000.0,100000.0,100000.0,100000.0,100000.0,100000.0,100000.0,100000.0,100000.0,100000.0,100000.0,100000.0,100000.0,100000.0,100000.0,100000.0,100000.0,100000.0,100000.0,100000.0,83282.39,84014.7,84014.7,84014.7,84014.7,84014.7,84014.7,84014.7,84014.7,84014.7,84014.7,84014.7,84014.7,84014.7,84014.7,84014.7,84014.7,84014.57,84014.09,84013.29,84012.36,84011.41,84010.48,84009.83,84009.63,84009.63,84009.63,84009.63,84009.63,84009.63,84009.63,84009.63,84009.63,84009.63,84009.63,84009.63,84009.63,84009.63,84009.63,84009.63,84009.63,84009.63,84009.63,84009.63,84009.63,84009.63,84009.63,84009.63,84009.63,84009.63,84009.63,84009.63,84009.63,84009.63,84009.63,84009.63,84009.63,84009.63,84009.63,84009.63,84009.63,84009.63,84009.63,84009.63,84009.63,84009.63,84009.63,84009.63,84009.63,84009.63,84009.63,84009.63,84009.63,84009.63,84009.63,84009.63,84009.63,84009.63,84009.63,84009.63,84009.63,84009.63,84009.63,84009.63,84009.63,84009.63,84009.63,84009.63,84009.63,84009.63,84009.63,84009.63,84009.63,84009.63,84009.63,84009.63,84009.63,84009.63,84009.63,84009.63,84009.63,84009.63,84009.63,84009.63,84009.63,84009.63,84009.63,84009.63,84009.63,84009.63,84009.63,84009.63,84009.63,84009.63,84009.63,84009.63,84009.63,84009.63,84009.63,84009.63,84009.63,84009.63,84009.63,84009.63,84009.63,84009.63,84009.63,84009.63,84009.63,84009.63,84009.63,84009.63
119,100000.0,100000.0,100000.0,100000.0,100000.0,100000.0,100000.0,100000.0,100000.0,100000.0,100000.0,100000.0,100000.0,100000.0,100000.0,100000.0,100000.0,100000.0,100000.0,100000.0,100000.0,100000.0,100000.0,100000.0,100000.0,100000.0,100000.0,100000.0,100000.0,100000.0,100000.0,100000.0,100000.0,100000.0,100000.0,100000.0,100000.0,100000.0,84872.5,85618.79,85618.79,85618.79,85618.79,85618.79,85618.79,85618.79,85618.79,85618.79,85618.79,85618.79,85618.79,85618.79,85618.79,85618.79,85618.79,85618.79,85618.68,85618.33,85617.75,85617.13,85616.6,85616.26,85616.16,85616.16,85616.16,85616.16,85616.16,85616.16,85616.16,85616.16,85616.16,85616.16,85616.16,85616.16,85616.16,85616.16,85616.16,85616.16,85616.16,85616.16,85616.16,85616.16,85616.16,85616.16,85616.16,85616.16,85616.16,85616.16,85616.16,85616.16,85616.16,85616.16,85616.16,85616.16,85616.16,85616.16,85616.16,85616.16,85616.16,85616.16,85616.16,85616.16,85616.16,85616.16,85616.16,85616.16,85616.16,85616.16,85616.16,85616.16,85616.16,85616.16,85616.16,85616.16,85616.16,85616.16,85616.16,85616.16,85616.16,85616.16,85616.16,85616.16,85616.16,85616.16,85616.16,85616.16,85616.16,85616.16,85616.16,85616.16,85616.16,85616.16,85616.16,85616.16,85616.16,85616.16,85616.16,85616.16,85616.16,85616.16,85616.16,85616.16,85616.16,85616.16,85616.16,85616.16,85616.16,85616.16,85616.16,85616.16,85616.16,85616.16,85616.16,85616.16,85616.16,85616.16,85616.16,85616.16,85616.16,85616.16,85616.16,85616.16,85616.16,85616.16,85616.16,85616.16,85616.16,85616.16,85616.16,85616.16
120,100000.0,100000.0,100000.0,100000.0,100000.0,100000.0,100000.0,100000.0,100000.0,100000.0,100000.0,100000.0,100000.0,100000.0,100000.0,100000.0,100000.0,100000.0,100000.0,100000.0,100000.0,100000.0,100000.0,100000.0,100000.0,100000.0,100000.0,100000.0,100000.0,100000.0,100000.0,100000.0,100000.0,100000.0,100000.0,100000.0,100000.0,100000.0,86326.68,87085.76,87085.76,87085.76,87085.76,87085.76,87085.76,87085.76,87085.76,87085.76,87085.76,87085.76,87085.76,87085.76,87085.76,87085.76,87085.76,87085.76,87085.76,87085.68,87085.43,87085.06,87084.71,87084.5,87084.44,87084.44,87084.44,87084.44,87084.44,87084.44,87084.44,87084.44,87084.44,87084.44,87084.44,87084.44,87084.44,87084.44,87084.44,87084.44,87084.44,87084.44,87084.44,87084.44,87084.44,87084.44,87084.44,87084.44,87084.44,87084.44,87084.44,87084.44,87084.44,87084.44,87084.44,87084.44,87084.44,87084.44,87084.44,87084.44,87084.44,87084.44,87084.44,87084.44,87084.44,87084.44,87084.44,87084.44,87084.44,87084.44,87084.44,87084.44,87084.44,87084.44,87084.44,87084.44,87084.44,87084.44,87084.44,87084.44,87084.44,87084.44,87084.44,87084.44,87084.44,87084.44,87084.44,87084.44,87084.44,87084.44,87084.44,87084.44,87084.44,87084.44,87084.44,87084.44,87084.44,87084.44,87084.44,87084.44,87084.44,87084.44,87084.44,87084.44,87084.44,87084.44,87084.44,87084.44,87084.44,87084.44,87084.44,87084.44,87084.44,87084.44,87084.44,87084.44,87084.44,87084.44,87084.44,87084.44,87084.44,87084.44,87084.44,87084.44,87084.44,87084.44,87084.44,87084.44,87084.44,87084.44,87084.44,87084.44
121,100000.0,100000.0,100000.0,100000.0,100000.0,100000.0,100000.0,100000.0,100000.0,100000.0,100000.0,100000.0,100000.0,100000.0,100000.0,100000.0,100000.0,100000.0,100000.0,100000.0,100000.0,100000.0,100000.0,100000.0,100000.0,100000.0,100000.0,100000.0,100000.0,100000.0,100000.0,100000.0,100000.0,100000.0,100000.0,100000.0,100000.0,100000.0,87651.74,88422.47,88422.47,88422.47,88422.47,88422.47,88422.47,88422.47,88422.47,88422.47,88422.47,88422.47,88422.47,88422.47,88422.47,88422.47,88422.47,88422.47,88422.47,88422.47,88422.42,88422.26,88422.05,88421.91,88421.88,88421.88,88421.88,88421.88,88421.88,88421.88,88421.88,88421.88,88421.88,88421.88,88421.88,88421.88,88421.88,88421.88,88421.88,88421.88,88421.88,88421.88,88421.88,88421.88,88421.88,88421.88,88421.88,88421.88,88421.88,88421.88,88421.88,88421.88,88421.88,88421.88,88421.88,88421.88,88421.88,88421.88,88421.88,88421.88,88421.88,88421.88,88421.88,88421.88,88421.88,88421.88,88421.88,88421.88,88421.88,88421.88,88421.88,88421.88,88421.88,88421.88,88421.88,88421.88,88421.88,88421.88,88421.88,88421.88,88421.88,88421.88,88421.88,88421.88,88421.88,88421.88,88421.88,88421.88,88421.88,88421.88,88421.88,88421.88,88421.88,88421.88,88421.88,88421.88,88421.88,88421.88,88421.88,88421.88,88421.88,88421.88,88421.88,88421.88,88421.88,88421.88,88421.88,88421.88,88421.88,88421.88,88421.88,88421.88,88421.88,88421.88,88421.88,88421.88,88421.88,88421.88,88421.88,88421.88,88421.88,88421.88,88421.88,88421.88,88421.88,88421.88,88421.88,88421.88,88421.88,88421.88,88421.88,88421.88
122,100000.0,100000.0,100000.0,100000.0,100000.0,100000.0,100000.0,100000.0,100000.0,100000.0,100000.0,100000.0,100000.0,100000.0,100000.0,100000.0,100000.0,100000.0,100000.0,100000.0,100000.0,100000.0,100000.0,100000.0,100000.0,100000.0,100000.0,100000.0,100000.0,100000.0,100000.0,100000.0,100000.0,100000.0,100000.0,100000.0,100000.0,100000.0,88860.98,89642.34,89642.34,89642.34,89642.34,89642.34,89642.34,89642.34,89642.34,89642.34,89642.34,89642.34,89642.34,89642.34,89642.34,89642.34,89642.34,89642.34,89642.34,89642.34,89642.34,89642.31,89642.23,89642.15,89642.13,89642.13,89642.13,89642.13,89642.13,89642.13,89642.13,89642.13,89642.13,89642.13,89642.13,89642.13,89642.13,89642.13,89642.13,89642.13,89642.13,89642.13,89642.13,89642.13,89642.13,89642.13,89642.13,89642.13,89642.13,89642.13,89642.13,89642.13,89642.13,89642.13,89642.13,89642.13,89642.13,89642.13,89642.13,89642.13,89642.13,89642.13,89642.13,89642.13,89642.13,89642.13,89642.13,89642.13,89642.13,89642.13,89642.13,89642.13,89642.13,89642.13,89642.13,89642.13,89642.13,89642.13,89642.13,89642.13,89642.13,89642.13,89642.13,89642.13,89642.13,89642.13,89642.13,89642.13,89642.13,89642.13,89642.13,89642.13,89642.13,89642.13,89642.13,89642.13,89642.13,89642.13,89642.13,89642.13,89642.13,89642.13,89642.13,89642.13,89642.13,89642.13,89642.13,89642.13,89642.13,89642.13,89642.13,89642.13,89642.13,89642.13,89642.13,89642.13,89642.13,89642.13,89642.13,89642.13,89642.13,89642.13,89642.13,89642.13,89642.13,89642.13,89642.13,89642.13,89642.13,89642.13,89642.13,89642.13
123,100000.0,100000.0,100000.0,100000.0,100000.0,100000.0,100000.0,100000.0,100000.0,100000.0,100000.0,100000.0,100000.0,100000.0,100000.0,100000.0,100000.0,100000.0,100000.0,100000.0,100000.0,100000.0,100000.0,100000.0,100000.0,100000.0,100000.0,100000.0,100000.0,100000.0,100000.0,100000.0,100000.0,100000.0,100000.0,100000.0,100000.0,100000.0,89955.77,90746.76,90746.76,90746.76,90746.76,90746.76,90746.76,90746.76,90746.76,90746.76,90746.76,90746.76,90746.76,90746.76,90746.76,90746.76,90746.76,90746.76,90746.76,90746.76,90746.76,90746.76,90746.75,90746.72,90746.71,90746.71,90746.71,90746.71,90746.71,90746.71,90746.71,90746.71,90746.71,90746.71,90746.71,90746.71,90746.71,90746.71,90746.71,90746.71,90746.71,90746.71,90746.71,90746.71,90746.71,90746.71,90746.71,90746.71,90746.71,90746.71,90746.71,90746.71,90746.71,90746.71,90746.71,90746.71,90746.71,90746.71,90746.71,90746.71,90746.71,90746.71,90746.71,90746.71,90746.71,90746.71,90746.71,90746.71,90746.71,90746.71,90746.71,90746.71,90746.71,90746.71,90746.71,90746.71,90746.71,90746.71,90746.71,90746.71,90746.71,90746.71,90746.71,90746.71,90746.71,90746.71,90746.71,90746.71,90746.71,90746.71,90746.71,90746.71,90746.71,90746.71,90746.71,90746.71,90746.71,90746.71,90746.71,90746.71,90746.71,90746.71,90746.71,90746.71,90746.71,90746.71,90746.71,90746.71,90746.71,90746.71,90746.71,90746.71,90746.71,90746.71,90746.71,90746.71,90746.71,90746.71,90746.71,90746.71,90746.71,90746.71,90746.71,90746.71,90746.71,90746.71,90746.71,90746.71,90746.71,90746.71,90746.71,90746.71
124,100000.0,100000.0,100000.0,100000.0,100000.0,100000.0,100000.0,100000.0,100000.0,100000.0,100000.0,100000.0,100000.0,100000.0,100000.0,100000.0,100000.0,100000.0,100000.0,100000.0,100000.0,100000.0,100000.0,100000.0,100000.0,100000.0,100000.0,100000.0,100000.0,100000.0,100000.0,100000.0,100000.0,100000.0,100000.0,100000.0,100000.0,100000.0,90944.23,91743.91,91743.91,91743.91,91743.91,91743.91,91743.91,91743.91,91743.91,91743.91,91743.91,91743.91,91743.91,91743.91,91743.91,91743.91,91743.91,91743.91,91743.91,91743.91,91743.91,91743.91,91743.91,91743.91,91743.91,91743.91,91743.91,91743.91,91743.91,91743.91,91743.91,91743.91,91743.91,91743.91,91743.91,91743.91,91743.91,91743.91,91743.91,91743.91,91743.91,91743.91,91743.91,91743.91,91743.91,91743.91,91743.91,91743.91,91743.91,91743.91,91743.91,91743.91,91743.91,91743.91,91743.91,91743.91,91743.91,91743.91,91743.91,91743.91,91743.91,91743.91,91743.91,91743.91,91743.91,91743.91,91743.91,91743.91,91743.91,91743.91,91743.91,91743.91,91743.91,91743.91,91743.91,91743.91,91743.91,91743.91,91743.91,91743.91,91743.91,91743.91,91743.91,91743.91,91743.91,91743.91,91743.91,91743.91,91743.91,91743.91,91743.91,91743.91,91743.91,91743.91,91743.91,91743.91,91743.91,91743.91,91743.91,91743.91,91743.91,91743.91,91743.91,91743.91,91743.91,91743.91,91743.91,91743.91,91743.91,91743.91,91743.91,91743.91,91743.91,91743.91,91743.91,91743.91,91743.91,91743.91,91743.91,91743.91,91743.91,91743.91,91743.91,91743.91,91743.91,91743.91,91743.91,91743.91,91743.91,91743.91,91743.91,91743.91
125,100000.0,100000.0,100000.0,100000.0,100000.0,100000.0,100000.0,100000.0,100000.0,100000.0,100000.0,100000.0,100000.0,100000.0,100000.0,100000.0,100000.0,100000.0,100000.0,100000.0,100000.0,100000.0,100000.0,100000.0,100000.0,100000.0,100000.0,100000.0,100000.0,100000.0,100000.0,100000.0,100000.0,100000.0,100000.0,100000.0,100000.0,100000.0,100000.0,100000.0,100000.0,100000.0,100000.0,100000.0,100000.0,100000.0,100000.0,100000.0,100000.0,100000.0,100000.0,100000.0,100000.0,100000.0,100000.0,100000.0,100000.0,100000.0,100000.0,100000.0,100000.0,100000.0,100000.0,100000.0,100000.0,100000.0,100000.0,100000.0,100000.0,100000.0,100000.0,100000.0,100000.0,100000.0,100000.0,100000.0,100000.0,100000.0,100000.0,100000.0,100000.0,100000.0,100000.0,100000.0,100000.0,100000.0,100000.0,100000.0,100000.0,100000.0,100000.0,100000.0,100000.0,100000.0,100000.0,100000.0,100000.0,100000.0,100000.0,100000.0,100000.0,100000.0,100000.0,100000.0,100000.0,100000.0,100000.0,100000.0,100000.0,100000.0,100000.0,100000.0,100000.0,100000.0,100000.0,100000.0,100000.0,100000.0,100000.0,100000.0,100000.0,100000.0,100000.0,100000.0,100000.0,100000.0,100000.0,100000.0,100000.0,100000.0,100000.0,100000.0,100000.0,100000.0,100000.0,100000.0,100000.0,100000.0,100000.0,100000.0,100000.0,100000.0,100000.0,100000.0,100000.0,100000.0,100000.0,100000.0,100000.0,100000.0,100000.0,100000.0,100000.0,100000.0,100000.0,100000.0,100000.0,100000.0,100000.0,100000.0,100000.0,100000.0,100000.0,100000.0,100000.0,100000.0,100000.0,100000.0,100000.0,100000.0
