age,1981,1982,1983,1984,1985,1986,1987,1988,1989,1990,1991,1992,1993,1994,1995,1996,1997,1998,1999,2000,2001,2002,2003,2004,2005,2006,2007,2008,2009,2010,2011,2012,2013,2014,2015,2016,2017,2018,2019,2020,2021,2022,2023,2024,2025,2026,2027,2028,2029,2030,2031,2032,2033,2034,2035,2036,2037,2038,2039,2040,2041,2042,2043,2044,2045,2046,2047,2048,2049,2050,2051,2052,2053,2054,2055,2056,2057,2058,2059,2060,2061,2062,2063,2064,2065,2066,2067,2068,2069,2070,2071,2072,2073,2074,2075,2076,2077,2078,2079,2080,2081,2082,2083,2084,2085,2086,2087,2088,2089,2090,2091,2092,2093,2094,2095,2096,2097,2098,2099,2100,2101,2102,2103,2104,2105,2106,2107,2108,2109,2110,2111,2112,2113,2114,2115,2116,2117,2118,2119,2120,2121,2122,2123,2124,2125,2126,2127,2128,2129,2130,2131,2132,2133,2134,2135,2136,2137,2138,2139,2140,2141,2142,2143,2144,2145,2146,2147,2148,2149,2150,2151,2152,2153,2154,2155,2156,2157,2158,2159,2160
0,1250.92,1223.08,1133.52,1064.97,1035.76,1100.49,1044.12,1034.61,962.52,896.01,828.98,739.24,703.15,686.34,685.41,693.06,651.97,631.77,646.16,613.06,593.81,605.19,582.5,554.33,571.84,551.76,530.09,532.32,513.96,466.92,498.1,460.87,443.24,406.75,441.86,423.68,436.07,426.73,437.02,417.78,442.81,443.79,478.49,473.58,369.64,341.06,332.82,325.04,317.72,310.84,304.38,298.32,292.63,287.29,282.27,277.56,273.13,268.96,265.04,261.32,257.81,254.47,251.29,248.26,245.34,242.53,239.8,237.15,234.55,231.98,229.45,226.94,224.46,222.01,219.58,217.18,214.81,212.46,210.14,207.84,205.57,203.32,201.1,198.9,196.73,194.58,192.45,190.35,188.27,186.21,184.18,182.16,180.17,178.2,176.2676125796752,174.35617982344823,172.4654745005149,170.59527184414486,168.74534952496128,166.9154876245104,165.1054686091177,163.31507730402743,161.54410086782275,159.7923287671232,158.05955275155648,156.34556682900165,154.65016724110092,152.9731524390368,151.31432305957202,149.67348190134936,148.05043390144826,146.4449861121958,144.85694767822923,143.2861298138069,141.7323457803657,140.19541086432136,138.6751423551099,137.17135952346703,135.6838835999429,134.2125377536503,132.7571470712428,131.31753853612113,129.89354100786517,128.4849852018885,127.09170366931417,125.71353077706821,124.3503026881893,123.00185734235185,121.6680344366002,120.34867540629195,119.04362340624778,117.75272329210573,116.47582160187761,115.21276653770555,113.96340794781621,112.72759730867085,111.50518770730882,110.29603382388258,109.09999191438209,107.91691979354657,106.74667681796157,105.58912386933919,104.4441233379799,103.31153910641333,102.19123653321678,101.08308243700901,99.98694508061772,98.90269415541856,97.83020076584415,96.76933741406094,95.71997798481236,94.68199773042619,93.65527325598457,92.63968250465491,91.63510474317972,90.64142054752394,89.65851178867767,88.68626161861323,87.72455445639415,86.77327597443492,85.83231308490984,84.90155392630906,83.98088785014056,83.07020540777627,82.1693983374408,81.27835955134131,80.396983122937,79.5251642743465,78.6627993638919,77.80978587377788,76.96602239790441,76.13140862981155,75.30584535075513,74.48923441791158,73.68147875271069,72.88248232929506,72.09215016310442,71.31038829958393,70.53710380301496,69.77220474546675
1,82.33,87.25,72.69,82.77,77.73,68.69,70.51,74.31,70.65,68.78,65.77,53.18,57.36,53.08,45.0,51.91,55.39,50.91,53.47,44.47,43.39,47.16,37.5,41.81,41.24,41.18,42.44,36.31,30.89,34.15,35.86,33.96,33.06,36.88,29.65,27.09,25.04,26.26,22.92,21.58,21.82,24.31,27.31,23.63,23.56,23.73,23.17,22.63,22.13,21.66,21.22,20.8,20.41,20.04,19.7,19.37,19.06,18.78,18.5,18.25,18.0,17.77,17.55,17.34,17.13,16.94,16.75,16.56,16.38,16.2,16.02,15.85,15.67,15.5,15.33,15.17,15.0,14.84,14.67,14.51,14.35,14.2,14.04,13.89,13.74,13.59,13.44,13.29,13.15,13.0,12.86,12.72,12.58,12.44,12.353600210182798,12.267800494616436,12.182596685592786,12.097984644349783,12.013960260870398,11.930519453682985,11.84765816966303,11.765372383836267,11.683658099183168,11.602511346444784,11.521928183929951,11.441904697323807,11.362436999497662,11.283521230320188,11.205153556469899,11.12733017124896,11.050047294398276,10.97330117191386,10.897088075864485,10.82140430421061,10.746246180624535,10.671610054311845,10.597492299834057,10.523889316932523,10.450797530353547,10.378213389674716,10.306133369132436,10.234553967450676,10.16347170767089,10.09288313698312,10.022784826558288,9.953173371381626,9.884045390087289,9.815397524794106,9.747226440942459,9.679528827132323,9.612301394962405,9.545540878870415,9.47924403597444,9.413407645915425,9.348028510700736,9.283103454548828,9.218629323734973,9.154602986438077,9.091021332588545,9.027881273717213,8.965179742805333,8.902913694135572,8.841080103144094,8.779675966273619,8.718698300827544,8.658144144825044,8.598010556857206,8.538294615944139,8.4789934213931,8.420104092657587,8.361623769197411,8.303549610339761,8.245878795141204,8.188608522250664,8.131736009773348,8.075258495135616,8.019173234950786,7.963477504885876,7.908168599529272,7.85324383225931,7.7987005351137775,7.74453605866031,7.690747771867706,7.637333061978118,7.584289334380137,7.531614012482767,7.4793045375902585,7.427358368777829,7.375772982768227,7.324545873809178,7.273674553551658,7.223156550929021,7.172989412036978,7.12317070001439,7.073697994924896,7.024568893639376,6.975781009719207,6.927331973300352,6.879219430978235,6.831441045693435
2,52.26,46.86,48.81,43.32,52.18,43.64,46.02,43.67,46.54,43.29,36.95,33.97,36.49,31.28,29.93,30.45,30.6,33.8,33.29,27.46,26.99,26.57,26.07,23.91,22.95,22.31,29.54,19.0,18.76,19.11,20.33,17.98,17.91,16.34,16.38,12.6,14.46,12.7,13.63,13.39,13.68,16.89,21.04,17.21,14.47,13.75,13.4,13.07,12.76,12.47,12.2,11.95,11.71,11.49,11.28,11.08,10.9,10.73,10.57,10.42,10.28,10.14,10.01,9.89,9.77,9.66,9.55,9.45,9.34,9.24,9.14,9.04,8.94,8.84,8.75,8.65,8.55,8.46,8.37,8.28,8.19,8.1,8.01,7.92,7.83,7.75,7.66,7.58,7.5,7.41,7.33,7.25,7.17,7.1,7.038637674616602,6.977805678103129,6.917499427049343,6.857714377657502,6.798446025400007,6.739689904679998,6.681441588494904,6.623696688102877,6.566450852692131,6.509699769053119,6.453439161253561,6.397664790316266,6.3423724538997455,6.287557985981592,6.23321725654458,6.179346171265497,6.125940671206646,6.07299673251003,6.020510366094173,5.968477617353554,5.916894565860657,5.865757325070573,5.815062042028175,5.764804897077812,5.714982103575518,5.665589907603701,5.616624587688312,5.568082454518435,5.5199598506683305,5.472253150321852,5.4249587589992645,5.3780731132864155,5.331592680566249,5.285513958752637,5.239833476026515,5.194547790574296,5.149653490328546,5.105147192710899,5.061025544377201,5.0172852209648395,4.973922926842283,4.930935394860757,4.888319386108087,4.84607168966466,4.804189122361494,4.762668528540407,4.721506779816243,4.680700774841172,4.640247439071014,4.600143724533584,4.560386609599046,4.5209730987522425,4.481900222367,4.443165036482379,4.404764622580863,4.3666960873684575,4.328956562556695,4.291543204646526,4.254453194714072,4.21768373819823,4.1812320646901195,4.1450954277243435,4.109271104572055,4.073756396035809,4.038548626246197,4.003645142460226,3.9690433148614517,3.9347405363618275,3.900734222405282,3.867021810772974,3.833600761390249,3.800468556135254,3.7676226986492054,3.735060714148306,3.7027801492372765,3.670778571724504,3.6390535704387914,3.6076027550476817,3.576423755877361,3.5455142237341133,3.5148718297273196,3.4844942650939865,3.4543792410247924,3.424524488491635,3.394927758076672,3.3655868198028376
3,36.51,38.88,37.08,41.84,39.54,35.75,30.32,34.43,34.07,33.03,33.42,25.03,26.39,21.23,24.65,22.51,21.16,22.96,21.21,18.59,17.35,15.27,21.0,20.75,17.3,14.86,17.36,17.02,11.19,15.08,11.44,11.14,11.27,14.17,12.94,13.78,12.34,10.37,8.89,11.57,10.33,11.22,10.21,12.43,10.29,9.67,9.42,9.18,8.95,8.73,8.54,8.35,8.18,8.02,7.86,7.72,7.59,7.47,7.36,7.25,7.15,7.05,6.96,6.87,6.79,6.71,6.64,6.56,6.49,6.42,6.35,6.28,6.21,6.14,6.08,6.01,5.95,5.88,5.82,5.75,5.69,5.63,5.57,5.5,5.44,5.38,5.33,5.27,5.21,5.15,5.1,5.04,4.99,4.93,4.8793731422415245,4.829266178748059,4.779673770652868,4.730590633914782,4.682011538755193,4.633931309100811,4.5863448220321725,4.539247007237782,4.492632846473885,4.4464973730297706,4.400835671198571,4.355642875753501,4.310914171429467,4.266644792410004,4.22283002181948,4.17946519122052,4.136545680116581,4.094066915459645,4.052024371162959,4.010413567618793,3.9692300712211264,3.928469493893261,3.8881274926202707,3.8481997689862535,3.808682068716342,3.7695701812234095,3.7308599391594366,3.6925472179714816,3.6546279354622127,3.6170980513549518,3.579953566863186,3.543190524264499,3.506805006478877,3.4707931366513485,3.4351510777389063,3.3998750321016726,3.364961241098264,3.3304059846853105,3.2962055810210833,3.262356386073204,3.228854793230368,3.1956972329180666,3.16288017221825,3.1304001144928963,3.0982535990114464,3.0664372005820684,3.0349475291866996,3.0037812296198494,2.972934981131099,2.942405497071277,2.9121895245422746,2.8822838440504444,2.8526852691635693,2.82339064617135,2.7943968537493773,2.7657008026265575,2.737299435255954,2.7091897254890047,2.6813686782530914,2.6538333292324117,2.6265807445521383,2.599608020465811,2.5729122830459503,2.5464906878778364,2.5203404197564425,2.4944586923864738,2.4688427480854918,2.4434898574900825,2.4183973192650465,2.393562459815572,2.3689826330023656,2.3446552198597064,2.320577628316399,2.296747292919589,2.273161674561414,2.249818260208465,2.226714562634024,2.2038481201530504,2.1812164963598923,2.158817279868685,2.136648084056423,2.114706546808666,2.0929903302678547,2.0714971205842168,2.0502246276692255,2.029170584951592
4,37.68,33.0,33.55,23.61,29.54,26.42,28.74,24.04,26.12,25.52,22.71,24.94,22.61,20.92,16.13,21.92,18.51,19.32,15.61,15.09,16.04,16.94,16.49,12.79,12.4,13.14,14.84,13.11,9.95,10.83,10.82,11.4,10.51,7.77,11.86,8.15,9.77,11.49,8.02,8.63,5.8,10.74,8.49,10.57,8.35,7.72,7.53,7.34,7.15,6.97,6.81,6.66,6.52,6.38,6.26,6.15,6.04,5.94,5.85,5.76,5.68,5.6,5.53,5.46,5.4,5.33,5.27,5.22,5.16,5.1,5.05,4.99,4.94,4.88,4.83,4.78,4.72,4.67,4.62,4.57,4.52,4.47,4.42,4.37,4.33,4.28,4.23,4.19,4.14,4.09,4.05,4.01,3.96,3.92,3.8555859935781656,3.79223044741738,3.7299159687456918,3.6686254505916898,3.6083420670881905,3.54904926885309,3.4907307784461237,3.4333705859002754,3.3769529443266233,3.3214623655913966,3.266883616064079,3.213201712435371,3.160401917603876,3.108469736630377,3.057390912758595,3.0071514235013272,2.957737476790908,2.909135507192921,2.861332172182127,2.8143143484795914,2.768069128449993,2.7225838165581413,2.6778459258837133,2.633843174693265,2.590563483068572,2.547994969590371,2.5061259480765967,2.4649449243742163,2.4244405932037805,2.3846018350558253,2.345417713138273,2.3068774703739945,2.268970526447705,2.2316864749013896,2.1950150802774564,2.1589462753088298,2.1234701581552233,2.088576989684819,2.054257190800622,2.0205013398107416,1.987300169841891,1.9546445662953842,1.9225255643449366,1.8909343464755857,1.8598622400630485,1.8293007149928575,1.7992413813186188,1.7696759869587495,1.740596415431064,1.7119946836245847,1.6838629396079676,1.6561934604739377,1.6289786502191501,1.602211037658883,1.5758832743760018,1.5499881327036251,1.5245185037409368,1.4994673954016067,1.4748279304942775,1.4505933448345942,1.426756985388256,1.4033123084445835,1.3802528778200966,1.357572363091612,1.3352645378583754,1.3133232780327486,1.291742560158987,1.2705164597596406,1.2496391497091293,1.229104898634043,1.2089080693397263,1.1890431172627218,1.1695045889486406,1.1502871205550431,1.1313854363789242,1.112794347408393,1.094508749898152,1.0765236239683833,1.05883403222666,1.0414351184125004,1.0243221060641978,1.0074902972075535,0.9909350710661597,0.974651882792875,0.958636262222142,0.9428838126428103
5,28.21,27.03,27.59,24.71,25.48,25.48,24.4,22.12,27.97,22.6,23.92,21.16,17.34,11.6,16.65,15.5,18.02,15.72,12.77,10.52,13.17,12.43,14.58,8.2,11.41,12.02,12.42,15.51,12.45,9.94,11.41,10.79,9.61,9.3,7.45,10.42,10.68,8.35,8.86,6.86,5.96,8.69,11.06,11.26,7.81,6.77,6.61,6.45,6.29,6.14,5.99,5.85,5.73,5.61,5.5,5.4,5.31,5.22,5.14,5.06,4.99,4.92,4.86,4.8,4.74,4.68,4.63,4.58,4.53,4.48,4.43,4.38,4.33,4.29,4.24,4.19,4.15,4.1,4.06,4.01,3.97,3.93,3.88,3.84,3.8,3.76,3.72,3.67,3.63,3.59,3.56,3.52,3.48,3.44,3.3816030673720254,3.3241974724592707,3.267766386458896,3.212293266251338,3.1577618495505893,3.1041561501368116,3.051460453169878,2.9996593105824676,2.9487375365513744,2.8986802030456853,2.8494726354505393,2.8011004082651723,2.753549340873994,2.7068054933894525,2.660855162565471,2.6156848777802577,2.5712813970873083,2.52763170333345,2.484723000342783,2.4425427091653997,2.4010784643897947,2.360318110517861,2.3202496984014367,2.280861481739336,2.242141913633849,2.2040796432056995,2.1666635122664633,2.129882552047476,2.093725979984274,2.0581831965556168,2.023243782176172,1.988897494141954,1.9551342636276068,1.921944192734669,1.889317551589944,1.8572447754931276,1.8257164621128574,1.7947233687303605,1.7642564095298958,1.7343066529351896,1.7048653189910894,1.675923776789667,1.6474735419400137,1.61950627408099,1.5920137744361966,1.5649879834104528,1.5384209782270777,1.5123049706052787,1.4866323044769683,1.4613954537423426,1.4365870200635578,1.4121997306958616,1.3882264363555448,1.364660109124083,1.3414938403878611,1.318720838812869,1.2963344283537814,1.2743280462968338,1.2526952413359227,1.2314296716813649,1.2105251032007645,1.1899754075914366,1.16977456058386,1.1499166401756233,1.1303958248953552,1.1112063920961233,1.0923427162778057,1.0737992674379413,1.0555706094505746,1.0376513984726223,1.020036381377294,1.002720394214104,0.9856983606950295,0.968965290706363,0.9525162788458323,0.9363465029845505,0.9204512228533795,0.9048257786532907,0.8894655896893167,0.8743661530276919,0.8595230421757909,0.8449319057844736,0.8305884663724613,0.8164885190723667,0.8026279303980111,0.789002637032667
6,32.91,26.11,27.79,24.66,17.55,20.51,23.16,22.41,21.09,23.66,19.7,16.69,17.75,16.42,16.77,12.99,15.79,15.02,12.01,18.42,13.41,12.13,13.63,10.96,15.05,9.04,12.31,9.64,9.09,9.17,9.29,9.23,7.47,11.02,8.97,6.0,6.75,7.88,11.24,6.22,6.27,7.9,7.31,9.36,7.02,6.32,6.16,6.02,5.88,5.74,5.61,5.48,5.37,5.26,5.15,5.06,4.97,4.89,4.81,4.74,4.67,4.61,4.55,4.49,4.44,4.39,4.34,4.29,4.24,4.2,4.15,4.11,4.06,4.02,3.97,3.93,3.89,3.84,3.8,3.76,3.72,3.68,3.64,3.6,3.56,3.52,3.48,3.44,3.41,3.37,3.33,3.3,3.26,3.22,3.1870649349403513,3.1544667389833365,3.1222019665370895,3.090267207252225,3.0586590856613705,3.0273742608223815,2.99640942596521,2.965761308142381,2.9354266678830454,2.9054022988505745,2.87568502750365,2.846271712760826,2.8171592456685226,2.7883445490724097,2.7598245772921555,2.7315963157995045,2.703656780899643,2.6760030194158255,2.6486321083772304,2.6215411547100005,2.5947272949314537,2.5681876948474116,2.5419195492526323,2.5159200816343,2.4901865438785533,2.4647162159800127,2.4395064057542752,2.4145544485533597,2.3898577069840523,2.365413570629138,2.3412194557714834,2.3172728051209397,2.2935710875440414,2.2701117977964658,2.2468924562582346,2.22391060867162,2.2011638258817303,2.1786497035797554,2.1563658620488284,2.1343099459124977,2.112479623885763,2.0908725885286636,2.0694865560023814,2.048319265827845,2.0273684806467975,2.006631985985312,1.986107590019722,1.965793123344951,1.9456864387452066,1.9257854109670234,1.9060879364946253,1.8865919333275871,1.867295340760769,1.8481961191665035,1.8292922497790065,1.8105817344809993,1.7920625955925076,1.7737328756618231,1.7555906372586056,1.7376339627690953,1.719860954193426,1.7022697329450065,1.684858439651958,1.6676252339605804,1.6505682943408275,1.6336858178937748,1.6169760201610552,1.6004371349362427,1.584067414078167,1.5678651273261377,1.5518285621170564,1.535956023404402,1.5202458334790654,1.5046963317920177,1.4893058747787924,1.4740728356857622,1.4589956043981933,1.4440725872700577,1.4293022069555872,1.4146829022425491,1.4002131278872287,1.385891354451098,1.3717160681391565,1.3576857706399237,1.343798978967071,1.3300542253026704
7,26.96,25.41,25.05,21.85,26.4,23.56,15.28,22.83,26.68,15.82,20.67,20.65,14.5,16.49,13.97,11.27,11.17,16.67,13.81,12.95,13.47,12.07,9.83,10.09,8.36,9.13,9.66,10.9,7.55,7.06,8.51,7.32,10.73,8.64,9.53,7.21,8.55,8.16,5.91,7.22,8.3,8.21,5.15,10.88,7.23,6.1,5.94,5.8,5.68,5.56,5.43,5.31,5.2,5.1,5.0,4.91,4.82,4.75,4.67,4.6,4.54,4.48,4.42,4.36,4.31,4.26,4.21,4.17,4.12,4.08,4.03,3.99,3.94,3.9,3.86,3.82,3.77,3.73,3.69,3.65,3.61,3.57,3.53,3.49,3.46,3.42,3.38,3.34,3.31,3.27,3.24,3.2,3.17,3.13,3.0997539008281714,3.0698000784982318,3.0401357086541605,3.0107579942325082,2.9816641651986644,2.9528514782856656,2.924317216735535,2.8960586900431173,2.868073233702389,2.840358208955223,2.8129110025425783,2.785729026458096,2.758809717704073,2.7321505380497975,2.7057489737922196,2.679602535518931,2.65370875787344,2.628065199322708,2.6026694419269427,2.577519091111604,2.552611775441622,2.5279451463977938,2.5035168781553367,2.4793246673645917,2.455366232933834,2.4316393158141936,2.408141678786643,2.3848711062510537,2.3618254040172846,2.3390023990982907,2.316399939505233,2.2940158940445645,2.271848152117081,2.249894623518912,2.2281532382444342,2.2066219462910883,2.1852987174660874,2.1641815411949854,2.1432684263321025,2.122557400972777,2.1020465122674343,2.0817338262374547,2.0616174275928127,2.0416954195514894,2.02196592366062,2.0024270796193746,1.983077045103553,1.9639139955918667,1.9449361241939072,1.9261416414797727,1.9075287753113428,1.8890957706751819,1.8708408895170594,1.8527624105780673,1.834858629232323,1.8171278573262382,1.7995684230193432,1.7821786706266483,1.7649569604625297,1.7479016686861213,1.7310111871482028,1.7142839232395677,1.6977182997408533,1.6813127546738278,1.6650657411541074,1.648975727245302,1.6330411958145674,1.617260644389555,1.6016325850167428,1.5861555441211364,1.5708280623673236,1.5556486945218757,1.5406160093170722,1.5257285893159507,1.510985030778652,1.4963839435300645,1.4819239508287412,1.467603689237088,1.4534218084928052,1.439376971381568,1.4254678536109442,1.4116931436855225,1.3980515427832532,1.3845417646329816,1.3711625353931645,1.3579125935317595
8,24.86,27.0,24.05,22.52,19.56,20.19,19.16,28.27,19.87,21.06,19.73,15.41,16.51,19.85,15.54,12.74,17.66,12.96,11.88,13.22,11.42,9.67,11.7,11.35,8.49,12.5,12.65,11.6,11.18,10.27,9.74,10.08,6.33,7.03,6.54,5.47,8.06,6.55,5.06,8.46,6.65,7.87,8.89,8.41,6.6,6.06,5.89,5.74,5.62,5.5,5.39,5.28,5.17,5.07,4.98,4.89,4.81,4.73,4.66,4.59,4.53,4.47,4.41,4.35,4.3,4.25,4.2,4.16,4.11,4.07,4.02,3.98,3.94,3.89,3.85,3.81,3.77,3.72,3.68,3.64,3.6,3.56,3.53,3.49,3.45,3.41,3.37,3.34,3.3,3.26,3.23,3.19,3.16,3.12,3.0841487668653222,3.048709492357977,3.01367744275207,2.9790479387159086,2.944816354686971,2.9109781182540564,2.877528709546533,2.84446366063061,2.8117785549125376,2.7794690265486732,2.747530759862323,2.715959488767284,2.6847509961980096,2.653901113546326,2.6234057201046177,2.5932607425154135,2.5634621542272957,2.5340059749570627,2.504888270158072,2.4761051504946883,2.447652771322778,2.419527332176165,2.391725076258994,2.364242289943925,2.3370753022760904,2.310220484482758,2.2836742494886235,2.2574330514366756,2.231493385214566,2.205851785986419,2.180504828730027,2.1554491277793564,2.13068133637232,2.1061981462037327,2.08199628698342,2.0580725259993895,2.034423667686031,2.011046553197275,1.9879380599846577,1.9650951013802318,1.9425146261842716,1.920193618257716,1.8981290961192938,1.8763181125472785,1.8547577541858198,1.8334451411557986,1.8123774266701516,1.7915517966536196,1.7709654693668637,1.750615695034897,1.7304997554797938,1.7106149637576116,1.6909586637994891,1.6715282300568677,1.6523210671507897,1.6333346095252248,1.614566321104383,1.5960136949539623,1.5776742529462915,1.5595455454293186,1.5416251508994037,1.5239106756778724,1.5063997535912854,1.489090045655381,1.4719792397626505,1.4550650503735043,1.4383452182109844,1.4218175099589874,1.4054797179639533,1.3893296599399831,1.373365178677345,1.357584141754329,1.3419844412524138,1.3265639934747053,1.311320738667612,1.2962526407457178,1.2813576870198151,1.2666338879280654,1.2520792767702476,1.237691909445059,1.2234698641904374,1.2094112413268656,1.1955141630036255,1.1817767729479676,1.1681972362171649,1.1547737389534125
9,23.66,21.83,25.7,21.96,17.11,16.19,16.56,21.5,18.85,19.54,19.71,15.14,14.09,15.53,17.0,16.75,13.65,12.47,13.54,10.68,7.82,13.54,12.72,10.39,8.48,14.73,11.16,9.04,6.92,11.12,11.27,7.68,7.42,11.0,8.23,7.71,9.49,4.6,4.83,9.56,5.36,8.81,7.71,10.13,7.08,6.13,5.95,5.79,5.66,5.55,5.44,5.34,5.24,5.14,5.05,4.96,4.88,4.8,4.73,4.66,4.6,4.54,4.48,4.43,4.37,4.32,4.27,4.23,4.18,4.13,4.09,4.04,4.0,3.96,3.91,3.87,3.83,3.79,3.74,3.7,3.66,3.62,3.58,3.54,3.51,3.47,3.43,3.39,3.35,3.32,3.28,3.25,3.21,3.18,3.1478958665763184,3.116115844908261,3.0846566628804046,3.0535150814114234,3.0226878941205877,2.9921719269976332,2.961964038075958,2.9320611171091224,2.902460085250613,2.8731578947368406,2.8441515285733385,2.815438000224129,2.7870143533042238,2.7588776612752315,2.7310250271440384,2.703453583164527,2.6761604905423115,2.6491429391424512,2.622398147200114,2.595923361034161,2.5697158547636287,2.5437729300270626,2.5180919157046917,2.4926701676434093,2.4675050683845243,2.442594026894264,2.4179344782969996,2.3935238836111608,2.3693597294878206,2.3454395279519162,2.3217608161460843,2.2983211560770815,2.2751181343647637,2.2521493619936055,2.229412474066718,2.20690512956236,2.1846250110929017,2.162569824666223,2.140737299449521,2.119125187535502,2.0977312637109344,2.076553325227537,2.05558919157518,2.034836704257379,2.014293726569051,1.993958143376517,1.9738278608997257,1.9539008064966739,1.9341749284500045,1.9146481957557595,1.8953185979142644,1.8761841447231244,1.8572428660723106,1.8384928117413153,1.8199320511983519,1.8015586734015887,1.7833707866023825,1.7653665181505025,1.747544014301319,1.7299014400249395,1.712436978817273,1.6951488325129975,1.6780352211004201,1.6610943825382045,1.6443245725739486,1.6277240645645925,1.611291149298643,1.59502413482019,1.5789213462546994,1.5629811256365673,1.5472018317384124,1.5315818399020933,1.5161195418714313,1.5008133456266226,1.485661675220321,1.4706629706153767,1.4558156875242116,1.4411182972498198,1.426569286528368,1.4121671573733887,1.3979104269215472,1.3837976272799606,1.3698273053750645,1.3559980228030004,1.3423083556815174,1.3287568945033656
10,22.68,22.26,21.23,25.35,22.58,18.49,16.17,22.32,20.82,18.81,20.16,17.11,17.14,11.12,19.91,12.26,16.43,13.63,13.66,13.82,14.82,9.6,8.58,12.97,11.27,12.51,6.23,11.75,8.66,8.19,8.38,9.18,8.29,10.89,10.93,7.29,5.92,8.61,7.45,6.25,3.65,6.94,7.25,6.72,6.51,6.45,6.25,6.08,5.93,5.81,5.7,5.6,5.51,5.41,5.31,5.23,5.14,5.06,4.99,4.92,4.85,4.79,4.73,4.67,4.62,4.56,4.51,4.46,4.41,4.36,4.32,4.27,4.22,4.18,4.13,4.09,4.04,4.0,3.95,3.91,3.87,3.82,3.78,3.74,3.7,3.66,3.62,3.58,3.54,3.5,3.46,3.43,3.39,3.35,3.3074893377842596,3.2655181252407646,3.2240795168880814,3.1831667541122255,3.1427731640643333,3.102892158572324,3.0635172330663725,3.0246419655180183,2.9862600153927383,2.948365122615803,2.9109511065512685,2.8740118649939146,2.8375413731739783,2.8015336827745196,2.765982920961252,2.7308832894246877,2.696229063434436,2.6620145909055037,2.628234291476442,2.594882655599194,2.561954243640489,2.529443684994644,2.4973456772076155,2.465654985112179,2.4343664399740716,2.403474938648975,2.372975442750198,2.3428629778269143,2.3131326325528354,2.283779557925176,2.2547989664737815,2.2261861314802993,2.197936386207247,2.1700451231368763,2.142507793219686,2.1153199051324765,2.088477024545814,2.0619747734007987,2.035808829195002,2.0099749242774703,1.9844688451526742,1.9592864317932872,1.9344235769616909,1.9098762255400843,1.8856403738690966,1.8617120690947948,1.8380874085239722,1.8147625389876236,1.7917336562124944,1.7689970042006071,1.7465488746166584,1.7243856061831926,1.7025035840834495,1.6808992393717905,1.6595690483916026,1.6385095322005956,1.6177172560033866,1.5971888285912867,1.5769209017891976,1.5569101699095258,1.5371533692130257,1.5176472773764877,1.4983887129671773,1.479374534923946,1.460601642044925,1.4420669724817228,1.4237675032400374,1.4057002496866091,1.3878622650624273,1.3702506400021164,1.3528625020594203,1.335695015238707,1.3187453795324202,1.3020108304643991,1.2854886386389937,1.269176109295903,1.2530705818706596,1.2371694295606939,1.2214700588969043,1.2059699093206635,1.1906664527661925,1.175557193248235,1.1606396664549636,1.1459114393460512,1.1313701097558444,1.1170133060015712
11,23.72,25.51,25.47,23.68,30.85,21.14,22.35,23.14,17.61,19.77,19.74,15.61,18.43,17.45,14.68,16.07,17.27,16.09,14.81,10.62,14.1,16.56,12.56,9.17,13.82,13.42,11.19,9.0,9.78,9.88,7.49,11.38,6.42,8.88,10.8,8.68,6.97,10.35,7.44,4.86,7.09,9.13,11.19,7.95,7.35,7.18,6.95,6.75,6.58,6.44,6.31,6.2,6.11,6.01,5.91,5.82,5.73,5.64,5.56,5.48,5.41,5.34,5.27,5.21,5.15,5.09,5.03,4.98,4.92,4.87,4.82,4.76,4.71,4.66,4.61,4.56,4.51,4.46,4.41,4.36,4.31,4.27,4.22,4.17,4.13,4.08,4.04,3.99,3.95,3.91,3.86,3.82,3.78,3.74,3.6830805250438705,3.6270273138923614,3.5718271827805177,3.5174671485885662,3.463934425788273,3.411216423435778,3.359300742210192,3.308175171497267,3.2578276865174463,3.2082464454976294,3.159419786885973,3.111336226609086,3.063984455370964,3.017353335993034,2.9714319007946783,2.9262093490136287,2.881675044265614,2.8378185120426775,2.7946294372495615,2.7520976617775856,2.7102131821154543,2.6689661469964188,2.6283468550812525,2.588345752676488,2.548953431487377,2.5101606264050544,2.471958213327374,2.4343372070129123,2.3972887589676324,2.3608041553637102,2.324874814990033,2.2894922872338936,2.2546482500933958,2.2203345082201142,2.1865429909915406,2.1532657506128654,2.120494960247652,2.088222912176952,2.056442015986452,2.0251447967811913,1.9943238934274683,1.963972056821491,1.9340821481843813,1.9046471373831304,1.8756601012771026,1.8471142220897085,1.8190027858048567,1.7913191805878113,1.7640568952300832,1.7372095176179878,1.71077073322451,1.6847343236241217,1.6590941650302031,1.6338442268547226,1.6089785702898363,1.5844913469110764,1.5603767973017957,1.5366292496985483,1.513243118657085,1.4902129037386525,1.4675331882162852,1.4451986378007864,1.4232039993860979,1.401544099813766,1.3802138446562096,1.3592082170185058,1.338522276358412,1.3181511573243465,1.2980900686110532,1.2783342918326823,1.2588791804130213,1.2397201584926172,1.2208527198525287,1.2022724268544622,1.1839749093970322,1.165955863887912,1.148211052231623,1.130736300832733,1.1135274996142206,1.096580601050784,1.0798916192168568,1.0634566288491165,1.047271764423259,1.0313332192448226,1.015637244553852,1.0001801486431847
12,26.11,25.7,27.8,26.64,24.86,19.33,23.51,19.5,22.75,16.52,18.76,22.99,20.17,23.36,18.76,16.59,18.25,15.99,16.99,15.4,19.09,12.29,15.34,14.95,17.05,13.17,11.81,9.59,10.49,10.97,10.77,11.07,10.68,11.08,9.14,9.76,9.86,9.98,11.8,9.43,8.27,13.15,9.54,7.53,8.11,8.32,8.06,7.82,7.61,7.43,7.28,7.15,7.04,6.93,6.83,6.73,6.62,6.53,6.44,6.35,6.27,6.19,6.11,6.04,5.97,5.9,5.83,5.77,5.7,5.64,5.58,5.52,5.46,5.4,5.34,5.28,5.22,5.17,5.11,5.05,5.0,4.94,4.89,4.84,4.78,4.73,4.68,4.63,4.58,4.53,4.48,4.43,4.38,4.33,4.288926738068879,4.248243086494725,4.207945349534293,4.1680298665012065,4.128493011433415,4.089331192763805,4.050540852993946,4.0121184683709155,3.9740605485672003,3.9363636363636356,3.8990243073353446,3.862039169540658,3.825404863212993,3.7891180604556416,3.7531754649394675,3.7175738116034593,3.682309866358133,3.6473804257917406,3.6127823168792723,3.5785123966942143,3.54456755212304,3.5109446995824163,3.477640784739084,3.4446527822324007,3.411977695399515,3.3796125560031443,3.3475544239619386,3.3158003870834,3.2843475607993384,3.2531930879038304,3.222334138293672,3.1917679087112867,3.1614916224900758,3.1315025293021823,3.1017979049086497,3.072375050911949,3.0432312945108526,3.014363988257636,2.98577050981758,2.9574482617307543,2.9293946711760652,2.901607189737533,2.8740832931727955,2.846820481183802,2.8198162771896813,2.7930682281017716,2.766573904100775,2.7403308984160324,2.7143368271068904,2.6885893288461404,2.6630860647055137,2.6378247179432117,2.61280299379345,2.5880186192580013,2.56346934289971,2.5391529346379738,2.515067185546159,2.4912099076509384,2.4675789337335363,2.4441721171328545,2.4209873315504664,2.3980224708574647,2.3752754489031362,2.352744199325455,2.330426675363372,2.308320849670885,2.2864247141328713,2.2647362796826713,2.2432535761213965,2.2219746519389583,2.2008975741367873,2.1800204280522406,2.159341317184669,2.1388583630231413,2.1185697048757928,2.098473499700804,2.0785679219389737,2.0588511633478825,2.039321432837633,2.0199769563081436,2.0008159764879885,1.9818367527747638,1.963037561076972,1.9444166936574008,1.9259724589779932,1.9077031815461856
13,34.66,30.19,27.42,25.66,30.35,25.43,32.39,34.05,20.91,23.82,26.88,20.1,22.68,18.21,21.04,21.7,20.13,20.39,15.96,16.04,20.51,21.86,17.07,15.34,16.71,18.25,16.46,11.46,13.83,10.42,8.73,10.77,10.72,11.31,10.34,8.74,11.56,11.02,14.78,9.42,9.4,12.39,12.13,9.14,9.69,9.9,9.6,9.32,9.06,8.83,8.64,8.47,8.33,8.2,8.09,7.97,7.86,7.74,7.64,7.53,7.44,7.34,7.25,7.17,7.08,7.0,6.93,6.85,6.77,6.7,6.63,6.55,6.48,6.41,6.34,6.27,6.2,6.14,6.07,6.0,5.94,5.87,5.81,5.74,5.68,5.62,5.56,5.5,5.44,5.38,5.32,5.26,5.2,5.15,5.078139028856944,5.007280776000028,4.937411249912781,4.868516654310572,4.800583385416416,4.733598029274815,4.667547359103058,4.602418332679494,4.538198089768241,4.474873949579831,4.412433408267293,4.350864136457166,4.290153976814971,4.230290941644647,4.17126321052149,4.113059127958115,4.055667201102993,3.999076097471089,3.943274642706185,3.8882518183744073,3.8339967597885547,3.780498753862781,3.7277472369972093,3.67573179299207,3.624442150990941,3.573868183452681,3.523999904151675,3.474827466205971,3.4263411601329365,3.378531411932047,3.3313887811944243,3.284903959238752,3.2390677672732044,3.193871154583025,3.149305196743388,3.105361093857203,3.0620301688175053,3.019303865594095,2.97717374754408,2.935631495745997,2.8946689073571714,2.854277893994007,2.8144504801348678,2.7751788015452497,2.7364551037249267,2.698271740376762,2.6606211718968904,2.6234959638859614,2.5868887856811584,2.550792408908706,2.515199706056567,2.480103649067061,2.44549730794912,2.4113738494099057,2.377726535505524,2.3445487223105643,2.3118338586062053,2.2795754845866245,2.24776723058346,2.2164028158080686,2.185476047111336,2.1549808177607903,2.1249111062347814,2.0952609750334807,2.06602456950648,2.0371961166967423,2.008769924200686,1.980740379044176,1.9531019465741992,1.9258491693660018,1.8989766661454799,1.8724791307266024,1.8463513309636665,1.820588107718167,1.7951843738400841,1.7701351131633873,1.7454353795155533,1.7210802957409055,1.6970650527375812,1.6733849085079373,1.6500351872222063,1.6270112782952157,1.6043086354759926,1.5819227759500707,1.5598492794543248,1.538083787404153
14,35.46,36.86,33.74,35.7,36.99,29.43,33.97,33.03,27.57,31.81,30.28,26.16,27.81,28.16,26.31,27.25,26.95,24.94,22.84,19.07,24.0,22.13,20.66,20.09,19.44,18.5,18.19,14.26,14.46,12.51,12.79,10.9,13.59,13.6,10.59,14.55,10.27,13.93,10.03,13.23,9.98,11.81,19.14,12.77,12.11,11.96,11.61,11.27,10.95,10.67,10.41,10.19,10.01,9.84,9.7,9.57,9.44,9.31,9.18,9.05,8.94,8.82,8.72,8.61,8.51,8.42,8.32,8.23,8.14,8.05,7.96,7.88,7.79,7.71,7.62,7.54,7.45,7.37,7.29,7.21,7.13,7.06,6.98,6.9,6.83,6.75,6.68,6.61,6.53,6.46,6.39,6.32,6.25,6.18,6.100776567072545,6.02256872513616,5.945363454999135,5.869147904367021,5.793909385703116,5.719635374116384,5.646313505276448,5.573931573355307,5.502477528995446,5.431939477303991,5.362305675872569,5.293564532822569,5.225704604875445,5.158714595447769,5.092583352770691,5.027299868033523,4.962853273551102,4.899232840954666,4.836427979405903,4.774428233833908,4.713223283194735,4.652802938753264,4.593157142387084,4.53427596491214,4.4761496044298115,4.418768384695216,4.362122753506404,4.306203281114213,4.251000658652508,4.196505696588539,4.142709323193173,4.089602583030724,4.037176635468154,3.9854227532033812,3.934332320812449,3.8838968333153288,3.8341078947601,3.7849572168252865,3.736436617440101,3.6885380194223902,3.6412534491340285,3.5945750351535537,3.5484950069658203,3.503005693668447,3.45809952269485,3.41376901855364,3.370006801584189,3.3268055867281414,3.2841581823166788,3.2420574888733262,3.200496497932111,3.159468290870869,3.1189660377595048,3.0789829962230244,3.039512510319133,3.000548009430229,2.962083007169597,2.9241111003016274,2.886625967675871,2.8496213691747676,2.813091144674855,2.7770292130213012,2.741429571015577,2.7062862924161117,2.671593526951756,2.6373454993478913,2.603536508365025,2.570160925849712,2.5372131957976376,2.504687833428717,2.4725794242740484,2.4408826232745695,2.4095921538912712,2.378702807226817,2.348209441158422,2.3181069794818474,2.288390411066371,2.2590547890205865,2.2300952298689007,2.201506912738584,2.1732850785572455,2.145425029260592,2.1179221270103477,2.090771793422196,2.0639695088036207,2.037510811401514
15,41.72,38.59,44.79,43.85,38.13,45.77,38.86,35.75,40.12,43.7,42.56,32.83,35.82,33.16,25.88,34.38,32.11,26.9,23.27,23.8,24.87,28.72,24.56,27.94,22.12,21.06,26.7,20.78,26.44,16.15,16.31,14.0,14.92,14.16,18.68,15.77,17.05,19.69,13.49,16.92,19.46,15.04,20.21,16.94,15.17,14.7,14.3,13.9,13.51,13.14,12.8,12.51,12.25,12.04,11.85,11.68,11.52,11.37,11.21,11.06,10.92,10.78,10.65,10.52,10.4,10.28,10.17,10.05,9.94,9.84,9.73,9.62,9.52,9.41,9.31,9.21,9.11,9.01,8.91,8.81,8.71,8.62,8.52,8.43,8.34,8.25,8.16,8.07,7.98,7.89,7.81,7.72,7.64,7.55,7.4948373932255725,7.440077821310238,7.385718339558176,7.331756024788412,7.278187975177626,7.225011310104104,7.172223169992837,7.119820716161745,7.0678011306690225,7.016161616161614,6.964899395724772,6.914011712732744,6.863495830700525,6.813349033136703,6.763568623397386,6.714151924541185,6.665096279185261,6.6163990493624265,6.568057616379292,6.520069380675436,6.472431761683624,6.425142197691033,6.378198145701495,6.331597081298752,6.2853364985107,6.239413909674634,6.193826845303472,6.14857285395296,6.103649502089844,6.0590543739610085,6.014785071463567,5.970839214015907,5.9272144384296706,5.883908398782676,5.84091876629277,5.798243229192586,5.755879492605244,5.713825278420931,5.6720783251743985,5.630636387923359,5.589497238127757,5.548658663529931,5.50811846803565,5.46787447159602,5.427924510090248,5.38826643520927,5.348898114340225,5.309817430451771,5.271022281980247,5.232510582716655,5.194280261694479,5.156329263078318,5.11865554605333,5.081257084715491,5.044131867962653,5.0072778993863905,4.9706931971646515,4.934375793955179,4.898323736789722,4.862535086969011,4.827007919958504,4.791740325284899,4.7567304064333955,4.721976280745707,4.687476079318827,4.653227946904522,4.6192300418095735,4.58548053579673,4.551977613986407,4.518719474759079,4.4857043296584065,4.452930403295056,4.420395933251235,4.3880991699859075,4.3560383767407265,4.324211829446626,4.292617816631117,4.2612546393262525,4.2301206109772655,4.1992140573518695,4.168533316450234,4.138076738415607,4.10784268544559,4.077829531704074,4.048035663233804,4.01845947786959
16,50.89,53.1,57.51,55.22,53.86,52.04,51.24,50.25,54.46,59.25,57.46,42.62,40.14,40.14,32.16,41.7,47.91,47.76,38.6,40.67,33.18,40.67,34.93,31.84,32.41,35.59,31.62,34.18,26.56,21.38,24.1,17.8,22.15,22.59,19.08,21.42,24.15,22.39,19.18,14.92,18.3,25.59,24.68,25.04,20.87,19.73,19.22,18.7,18.19,17.69,17.22,16.79,16.42,16.1,15.82,15.57,15.35,15.14,14.95,14.75,14.55,14.37,14.19,14.02,13.86,13.7,13.55,13.4,13.25,13.11,12.96,12.82,12.68,12.54,12.4,12.27,12.13,12.0,11.87,11.74,11.61,11.48,11.36,11.23,11.11,10.99,10.87,10.75,10.63,10.52,10.4,10.29,10.18,10.06,9.959648683799703,9.860298400070889,9.761939163234427,9.66456108732013,9.568154384973138,9.472709366470184,9.378216438745714,9.28466610442768,9.192048960882987,9.10035569927243,9.009577103615088,8.919704049862021,8.83072750497924,8.742638526039793,8.655428259324928,8.569087939434223,8.483608888404568,8.398982514837973,8.315200313038044,8.232253862155092,8.150134825339759,8.068834948905094,7.988346061496983,7.908660073272858,7.829768975088596,7.751664837693527,7.674339810933476,7.597786122961753,7.5219960794580185,7.4469620628549285,7.372676531572505,7.299132019260143,7.226321134046178,7.154236557794929,7.08287104537117,7.0122174239119275,6.942268592105544,6.873017519477931,6.80445724568595,6.7365808798178355,6.669381599700591,6.602852651214308,6.536987347613316,6.471779068854102,6.4072212609299415,6.343307435212163,6.280031167797981,6.217386098864837,6.155365932031186,6.093964433723651,6.033175432550493,5.972992818681333,5.913410543233063,5.854422617661874,5.796023113161361,5.73820616006662,5.6809659472642995,5.624296721608529,5.568192787342681,5.51264850552689,5.457658293471301,5.403216624174947,5.3493180257702475,5.295957080973028,5.2431284265380445,5.190826752719924,5.1390468027394896,5.08778337225541,5.037031308841114,4.986785511466928,4.9370409299873765,4.887792564633601,4.839035465510837,4.790764732100903,4.742975512769661,4.695663004279381,4.648822451305973,4.602449145961037,4.556538427318678,4.511085680947042,4.466086338444522,4.421535876980597,4.377429818841249,4.333763730978908,4.290533224566896,4.247733954558307
17,105.31,98.76,81.75,81.8,78.04,77.47,79.21,83.09,83.16,88.18,73.25,63.56,67.77,65.09,60.69,64.35,63.69,54.09,61.09,53.49,55.59,56.25,49.8,51.06,54.84,53.46,47.92,47.24,45.57,34.21,31.65,31.78,27.92,28.01,28.2,26.89,31.67,33.87,25.92,24.87,32.18,28.76,30.44,26.4,28.89,29.9,29.16,28.43,27.69,26.96,26.26,25.6,25.0,24.47,24.01,23.61,23.25,22.93,22.64,22.35,22.06,21.78,21.51,21.25,21.01,20.77,20.53,20.31,20.08,19.86,19.65,19.43,19.22,19.01,18.8,18.59,18.39,18.19,17.99,17.79,17.6,17.41,17.22,17.03,16.84,16.66,16.48,16.3,16.12,15.94,15.77,15.59,15.42,15.25,15.077355145164374,14.906664798256697,14.737906832343361,14.571059370989204,14.406100785421616,14.243009691726762,14.081764948077543,13.922345651992936,13.764731137628363,13.608900973096741,13.454834957819843,13.302513119909671,13.151915713579452,13.003023216583957,12.855816327688782,12.710275964168304,12.566383259331937,12.424119560078415,12.283466424477748,12.144405619380551,12.006919118054459,11.87098909784727,11.736597937876573,11.603728216745502,11.472362710284381,11.34248438931791,11.214076417457639,11.087122148919436,10.961605126365662,10.837509078771769,10.71481791931706,10.593515743299312,10.473586826073028,10.355015621011015,10.237786757489042,10.121885038893316,10.007295440650523,9.89400310828014,9.781993355468844,9.671251662166682,9.561763672704807,9.453515193934532,9.346492193387437,9.24068079745631,9.136067289596692,9.032638108548761,8.930379846579374,8.829279247743985,8.729323206168248,8.630498764349088,8.532793111474984,8.436193581765279,8.340687652828287,8.246262944038001,8.152907214929161,8.060608363610486,7.969354425195906,7.879133570253506,7.789934103272067,7.701744461144953,7.6145532116711525,7.52834905207331,7.443120807532514,7.358857429739696,7.275547995463403,7.193181705133802,7.111747881442713,7.031235967959483,6.951635527762539,6.872936242086425,6.795127908984162,6.718200442004746,6.642143868885627,6.566948330259981,6.492604078378618,6.4191014758463645,6.346430994372748,6.274583213536827,6.203548819566,6.133318604128642,6.063883463140417,5.995234395584087,5.9273625023426995,5.860258985045973,5.7939151449297475,5.728322381708348
18,104.27,103.44,91.9,83.64,86.22,96.71,89.12,84.92,87.77,91.03,94.15,77.83,77.11,65.69,83.53,77.86,82.69,82.87,72.73,79.39,82.21,73.44,71.65,63.62,63.0,60.17,53.17,53.35,53.54,48.1,37.44,49.35,38.82,42.36,37.91,36.37,36.8,45.13,35.08,31.37,44.96,40.36,44.78,42.15,38.45,37.61,36.78,35.95,35.13,34.3,33.48,32.68,31.93,31.25,30.64,30.12,29.65,29.24,28.86,28.51,28.16,27.82,27.48,27.15,26.84,26.53,26.24,25.95,25.66,25.38,25.1,24.83,24.56,24.29,24.02,23.76,23.5,23.24,22.99,22.74,22.49,22.24,22.0,21.76,21.52,21.29,21.05,20.82,20.6,20.37,20.15,19.93,19.71,19.49,19.282274427117553,19.076762805678374,18.873441539257026,18.67228728292016,18.47327694054611,18.276387662173043,18.081596841375376,17.888882112668135,17.698221348939015,17.50959265890778,17.322974384612763,17.13834509892412,16.95568360308363,16.774968924270702,16.59618031319428,16.419297241710513,16.244299400465696,16.071166696564426,15.899879251262572,15.730417397684826,15.56276167856661,15.396892844020007,15.232791849323561,15.07043985273558,14.909818213330757,14.750908488859887,14.593692433632336,14.438151996421126,14.284269318390319,14.13202673104451,13.981406754200167,13.832392093978578,13.684965640820224,13.539110467520276,13.394809827285059,13.252047151809213,13.11080604937336,12.971070302962037,12.832823868401682,12.696050872518498,12.5607356113159,12.42686254817144,12.2944163120529,12.16338169575344,12.033743654145525,11.905487302453484,11.778597914544461,11.6530609212376,11.52886190863123,11.405986616447903,11.28442093639705,11.16415091055509,11.04516272976283,10.927442732039903,10.810977401016142,10.695753364379648,10.581757392341418,10.468976396116316,10.357397426420263,10.247007671983408,10.13779445807917,10.029745245068959,9.922847626962396,9.817089329992873,9.71245821120832,9.608942257076968,9.506529582107975,9.405208427486768,9.304967159724917,9.205794269324391,9.107678369456082,9.01060819465237,8.914572599513662,8.819560557428689,8.725561159308457,8.63256361233369,8.540557238715623,8.449531474469982,8.359475868204074,8.270380079916762,8.182233879811259,8.095027147120547,8.00874986894535,7.923392139104463,7.838944156997344,7.755396226478833
19,109.04,96.57,96.25,96.3,82.16,87.87,95.11,83.24,91.91,84.3,86.82,80.37,79.88,72.15,83.29,77.6,83.12,86.87,81.4,76.53,86.19,70.92,64.7,62.05,67.88,65.34,59.38,59.76,57.01,40.53,39.28,43.54,45.43,44.77,45.87,40.19,39.52,43.47,41.7,39.38,49.31,48.43,52.44,49.08,43.12,41.79,41.03,40.23,39.44,38.64,37.84,37.03,36.24,35.5,34.82,34.21,33.68,33.21,32.78,32.39,32.01,31.64,31.27,30.91,30.55,30.21,29.87,29.54,29.22,28.9,28.58,28.27,27.96,27.66,27.35,27.05,26.76,26.46,26.18,25.89,25.61,25.33,25.05,24.77,24.5,24.24,23.97,23.71,23.45,23.19,22.94,22.69,22.44,22.19,21.959578866865762,21.73155042857582,21.505889839368233,21.282572511479664,21.061574112466293,20.84287056255258,20.626438032007577,20.412252938548438,20.20029194477092,19.990531955606592,19.78295011580636,19.577523807450245,19.374230647482907,19.173048485274837,18.973955400208826,18.77692969929154,18.58194991478984,18.388994801891705,18.198043336391414,18.009074712398746,17.82206834007202,17.63700384337462,17.45386105785487,17.2726200284489,17.09326100730639,16.91576445163884,16.74011102159024,16.56628157812977,16.394257180966473,16.22401908648552,16.05554874570591,15.888827802259422,15.723838090390501,15.560561632976933,15.398980639571088,15.23907750446148,15.080834804754472,14.924235298475887,14.769261922692346,14.615897791652095,14.46412619494517,14.313930595682622,14.1652946286947,14.018202098747688,13.872636978779315,13.728583408152442,13.586025690926919,13.44494829414935,13.305335846160654,13.16717313492118,13.030445106353211,12.89513686270069,12.761233660905981,12.62872091100347,12.497584174529855,12.367809162950962,12.239381736104852,12.112287900661148,11.986513808596321,11.862045755684832,11.73887018000592,11.616973660465915,11.496342915335893,11.376964800804506,11.258826309545842,11.14191456930217,11.026216841481373,10.91172051976898,10.798413128754593,10.686282322572561,10.575315883556808,10.465501720909595,10.356827869384118,10.249282487980794,10.142853858657071,10.037530385050637,9.933300591215904,9.83015312037359,9.728076733673294,9.62706030896893,9.527092839606864,9.428163433226633,9.330261310574137,9.233375804327132,9.137496357932932,9.042612524458173
20,93.2,100.0,101.13,93.6,94.28,86.62,87.85,94.22,84.6,96.3,85.58,76.8,88.93,89.46,88.15,78.23,96.06,80.59,74.97,77.3,78.9,86.37,81.79,74.4,65.51,67.74,65.08,72.83,56.56,50.73,50.03,44.33,40.91,44.95,46.17,49.25,45.6,50.54,55.06,52.54,48.62,45.51,45.43,42.06,44.32,45.8,45.18,44.46,43.71,42.95,42.19,41.41,40.62,39.85,39.12,38.45,37.84,37.3,36.82,36.38,35.96,35.56,35.16,34.76,34.37,33.99,33.61,33.24,32.88,32.52,32.16,31.81,31.46,31.12,30.78,30.44,30.11,29.78,29.45,29.13,28.81,28.5,28.18,27.88,27.57,27.27,26.97,26.68,26.38,26.1,25.81,25.53,25.25,24.97,24.699566564098777,24.432062012588958,24.16745462467481,23.905713023107424,23.64680617046395,23.390703365467203,23.13737423934507,22.886788752229393,22.638917189593794,22.393730158730154,22.151198585263188,21.911293709702793,21.67398708403376,21.439250568342374,21.207056327479574,20.977376827760267,20.750184833698356,20.525453404777153,20.303155892254754,20.08326593600403,19.865757461386828,19.65060467616203,19.4377820674271,19.22726439859276,19.01902670639041,18.813044297911986,18.60929274768186,18.407747894760462,18.20838583987926,18.011182942606784,17.816115818545327,17.62316133655801,17.43229661602589,17.243499024134778,17.0567461731914,16.872015917968685,16.689286353079762,16.508535810380412,16.329742856399655,16.152886289798147,15.97794513885414,15.804898658976624,15.63372633024544,15.464407854978013,15.296923155322443,15.131252370876677,14.967375856333437,14.805274179150686,14.644928117247307,14.486318656723734,14.329426989607283,14.174234511621894,14.020722819982023,13.868873711210439,13.718669178979649,13.5700914119767,13.423122791791096,13.277745890825615,13.133943470229728,12.991698477855413,12.850994046235101,12.711813490581537,12.574140306809273,12.437958169577616,12.303250930354766,12.170002615502913,12.038197424384077,11.907819727486464,11.778854064571103,11.651285142838583,11.525097835115607,11.40027717806122,11.276808370392441,11.15467677112913,11.033867897857844,10.914367425014516,10.79616118218572,10.679235152428337,10.563575470607418,10.449168421752063,10.336000439429077,10.224058104134269,10.113328141701157,10.003797421726919,9.895452956015369,9.788281897036827
21,76.86,83.58,86.77,85.1,90.61,84.3,96.44,87.08,85.94,92.67,87.42,83.74,86.84,79.55,98.8,85.99,98.26,80.51,77.49,78.68,73.72,74.68,78.2,62.39,69.65,62.39,69.72,62.13,65.21,59.61,49.3,43.59,42.39,47.52,46.96,49.27,44.03,53.62,52.83,37.17,54.69,53.3,40.05,54.54,48.6,47.64,47.21,46.66,46.01,45.32,44.62,43.91,43.18,42.44,41.71,41.01,40.37,39.79,39.26,38.78,38.33,37.91,37.5,37.09,36.68,36.27,35.87,35.47,35.09,34.7,34.32,33.95,33.58,33.21,32.85,32.49,32.13,31.78,31.43,31.09,30.75,30.41,30.08,29.75,29.42,29.1,28.78,28.47,28.16,27.85,27.55,27.24,26.95,26.65,26.34444292987671,26.042389241483342,25.743798766600122,25.448631797558253,25.156849081959443,24.868411817455982,24.58328164659065,24.301420651695796,24.022791349850927,23.747356687898076,23.47508003751433,23.205925190340878,22.939856353167865,22.676838143174507,22.416835583223722,22.159814097210766,21.905739505465156,21.654578020205353,21.406296241045496,21.160861150553753,20.918240109861486,20.67840085432285,20.4413114892241,20.206940485542113,19.975256675751574,19.74622924968016,19.5198277504113,19.29602207023393,19.074782446638622,18.856079458359673,18.639884021462553,18.426167385476212,18.214901129569743,18.00605715877287,17.79960770023977,17.59552529955575,17.39378281708624,17.19435342436768,16.99721060053976,16.802328128818576,16.60968009301025,16.419240874064464,16.230985146667553,16.044887875874668,15.860924313780526,15.67906999622833,15.499300739556455,15.321592637382402,15.145922057423636,14.972265638354893,14.800600286701487,14.630903173768262,14.463151732603755,14.297323654999142,14.133396888521622,13.9713496335818,13.811160340534695,13.652807706813993,13.496270674099145,13.341528425514959,13.188560382863292,13.03734620388649,12.887865779562194,12.740099231429166,12.594026908943782,12.449629386866834,12.306887462680274,12.165782154033609,12.02629469621955,11.88840653967861,11.752099347532315,11.617354993144707,11.484155557711782,11.352483327878595,11.222320793383657,11.093650644730378,10.966455770885155,10.840719257001918,10.716424382172702,10.593554617204056,10.47209362241892,10.352025245483718,10.233333519260368,10.116002659682895,10.000017063658426,9.885361306992223
22,84.27,85.61,85.47,81.36,83.56,84.23,83.5,87.57,85.88,97.21,87.61,87.26,86.28,84.95,82.58,84.82,88.96,94.43,80.77,86.37,79.42,82.94,81.56,78.64,70.45,73.52,65.82,65.47,58.0,56.15,53.54,46.23,41.85,45.65,46.78,50.08,45.07,50.56,49.62,41.97,50.58,50.59,49.5,49.19,48.65,49.52,49.27,48.9,48.4,47.8,47.16,46.5,45.83,45.13,44.42,43.72,43.05,42.43,41.85,41.33,40.85,40.39,39.95,39.52,39.09,38.67,38.24,37.82,37.41,37.0,36.59,36.19,35.8,35.41,35.02,34.64,34.26,33.88,33.51,33.15,32.78,32.42,32.07,31.72,31.37,31.03,30.69,30.35,30.02,29.69,29.37,29.05,28.73,28.42,28.08711960935787,27.758138210780274,27.43301013579425,27.11169025083673,26.794133950989195,26.480297153785713,26.17013629309353,25.863608313065285,25.56067066216211,25.261281287246717,24.965398627745685,24.67298160988008,24.38398964096372,24.09838260376816,23.81612085095374,23.537165199565784,23.26147692559535,22.989017758603616,22.719749876409285,22.453635899838186,22.190638887534377,21.930722330832022,21.673850148687354,21.41998668266997,21.16909669201281,20.921145348720124,20.67609823273269,20.433921327149754,20.19458101350682,19.95804406710885,19.724277652418067,19.493249318495803,19.264926994497724,19.039278985221845,18.816273966708646,18.595880981892762,18.378069436305605,18.16280909382828,17.95007007249429,17.739822840341386,17.532038211312006,17.32668734120172,17.123741723655158,16.923173186208807,16.724953886380177,16.529056307802776,16.33545325640632,16.144117856641763,15.955023547750434,15.768144080076981,15.583453511425418,15.400926203457901,15.220536818135676,15.042260314201688,14.86607194370443,14.691947248562476,14.519862057169263,14.349792481037653,14.181714911483772,14.01560601634971,13.851442736764604,13.689202283943658,13.528862136024646,13.370400034941486,13.213793983334417,13.059022241496383,12.906063324355157,12.754895998490856,12.605499279188345,12.45785242752419,12.311934947487726,12.167726583135854,12.025207315781142,11.884357361212887,11.745157166950705,11.607587409530304,11.471628991821044,11.337263040374918,11.204470902806564,11.073234145204008,10.94353454956969,10.81535411129149,10.688675036643367,10.563479740315268,10.439750842971973,10.317471168840552
23,80.38,85.71,65.93,80.7,74.88,83.04,80.72,88.52,83.86,98.45,98.03,80.28,80.0,83.7,87.81,82.6,87.37,94.21,86.29,92.32,74.88,76.16,81.8,81.01,72.91,65.33,65.55,69.49,61.78,62.54,47.53,53.05,51.32,56.89,53.56,52.42,44.52,50.5,48.79,48.7,54.07,57.87,54.6,47.16,49.11,50.87,50.74,50.53,50.21,49.75,49.2,48.59,47.97,47.34,46.67,46.0,45.32,44.68,44.07,43.51,42.99,42.5,42.04,41.59,41.14,40.69,40.25,39.81,39.37,38.94,38.52,38.1,37.68,37.27,36.86,36.46,36.06,35.66,35.27,34.89,34.51,34.13,33.76,33.39,33.02,32.66,32.3,31.95,31.6,31.25,30.91,30.57,30.24,29.91,29.574486770113726,29.242737135260178,28.914708877588282,28.59036025282262,28.26964998495112,27.95253726097234,27.638981725701683,27.328943476635892,27.022383058875093,26.719261460101865,26.41954010561659,26.123180853428515,25.830145989401867,25.540398222456428,25.25390067982192,24.970616902345686,24.69051083985292,24.413546846558997,24.139689676533298,23.868904479213803,23.601156794972148,23.3364125507283,23.07463805561451,22.81579999668787,22.559865434690945,22.306801799860025,22.05657688778032,21.80915885528771,21.564516216416415,21.322617838392183,21.083432937670363,20.84693107601846,20.61308215664262,20.381856420357554,20.153224441799466,19.927157125681408,19.70362570309068,19.482601727827756,19.26405707278625,19.047963926373544,18.834294788971516,18.623022469436975,18.41412008164141,18.20756104104946,18.00331906133585,17.80136815104024,17.60168261025956,17.404237027377537,17.20900627583084,17.015965510911514,16.825090166605282,16.636355952465347,16.4497388505212,16.26521511222217,16.08276125541519,15.902354061356544,15.723970571757052,15.547588085860465,15.3731841575546,15.200736592514897,15.030223445379987,14.861623016958996,14.694913851470126,14.530074733810238,14.367084686855053,14.205922968789645,14.046569070468875,13.889002712807438,13.73320384419917,13.579152637965342,13.426829489831526,13.27621501543281,13.127290047846968,12.980035635155323,12.834433038030955,12.690463727353961,12.548109381853491,12.407351885776196,12.268173326580866,12.130555992658907,11.994482371080396,11.859935145365414,11.726897193280383,11.595351584659127,11.465281579248366,11.336670624577378
24,82.65,80.65,71.51,79.51,70.81,75.56,80.22,78.81,92.75,88.41,88.64,87.46,81.35,85.8,86.85,83.9,87.85,97.7,83.61,86.27,95.84,80.73,74.41,73.97,66.46,66.09,69.28,68.11,62.01,58.86,46.33,47.23,52.34,54.95,56.29,55.19,48.19,55.32,55.18,50.94,53.65,47.51,53.42,50.84,51.02,52.31,52.23,52.12,51.93,51.62,51.18,50.65,50.07,49.47,48.85,48.2,47.54,46.89,46.26,45.66,45.1,44.58,44.08,43.6,43.13,42.67,42.21,41.75,41.29,40.84,40.39,39.95,39.51,39.08,38.65,38.23,37.81,37.4,36.99,36.59,36.19,35.79,35.4,35.01,34.63,34.25,33.87,33.5,33.14,32.78,32.42,32.06,31.71,31.36,31.018675080343254,30.681065170277666,30.347129835321404,30.016829081084992,29.690123348481308,29.36697350898771,29.047340859959743,28.731187119995845,28.418474424352492,28.109165320409275,27.80322276318329,27.500610110892403,27.201291120566772,26.905229943708125,26.612391121996314,26.322739583042573,26.03624063618902,25.752859968353853,25.472563639921777,25.19531808067919,24.92109008579354,24.649846811836525,24.38155577285052,24.11618483645783,23.85370222001232,23.594076486792883,23.337276542238364,23.08327163022348,22.832031329375237,22.58352554942947,22.337724527627014,22.09459882514912,21.854119323591654,21.616257221477692,21.380984030808037,21.14827157364931,20.91809197875917,20.69041767824825,20.465221404278463,20.242476185797184,20.02215534530704,19.804232495670824,19.58868153695117,19.37547665328467,19.16459230978998,18.95600324950958,18.749684490384837,18.545611322263987,18.343759303942655,18.144104260236634,17.946622279086476,17.751289708693644,17.558083154687797,17.366979477324904,17.177955788715906,16.990989450085465,16.806058069060626,16.623139496988916,16.44221182628571,16.263253387810384,16.08624274827111,15.911158707657826,15.737980296703205,15.566686774371199,15.397257625372985,15.229672557709891,15.06391150024309,14.89995460028975,14.737782221245329,14.57737494023177,14.418713545771283,14.261779035485443,14.106552613819328,13.953015689790453,13.801149874762169,13.650936980241317,13.502359015699856,13.355398186420192,13.210036891363952,13.06625772106397,12.924043455539211,12.783377062232379,12.644241693969995,12.506620686944652,12.370497558719245,12.235856006252925
25,73.49,80.22,80.4,75.28,71.73,74.07,78.84,78.72,88.54,89.27,88.7,76.13,84.69,83.36,85.39,92.52,102.75,91.96,88.56,87.66,88.24,87.61,82.58,78.23,78.66,74.57,69.24,61.98,66.61,58.83,58.28,51.93,58.12,47.3,64.89,59.51,56.55,53.7,58.64,58.01,54.55,54.45,48.74,55.13,52.99,53.61,53.54,53.47,53.35,53.15,52.84,52.4,51.88,51.3,50.71,50.09,49.46,48.81,48.17,47.55,46.96,46.4,45.87,45.36,44.87,44.39,43.91,43.43,42.96,42.49,42.02,41.56,41.11,40.66,40.21,39.77,39.34,38.91,38.48,38.06,37.64,37.23,36.83,36.42,36.02,35.63,35.24,34.86,34.47,34.1,33.72,33.36,32.99,32.63,32.27782803976846,31.92945703232801,31.584845954417997,31.24395422553725,30.906741703165448,30.573168678036005,30.243195869460045,29.916784420700797,29.593895894397928,29.27449226804125,28.958535929493312,28.645989672560273,28.336816692610586,28.030980582241035,27.728445326989423,27.429175301093654,27.13313526329651,26.840290352695753,26.550606084638975,26.264048346662793,25.98058339447584,25.700177847985138,25.422798687365336,25.148413249170385,24.87698922248717,24.60849464513068,24.342897899880203,24.08016771075617,23.820273139337193,23.56318358111681,23.308868761899596,23.057298734236163,22.80844387389659,22.562274876381995,22.318762753473678,22.077878829819568,21.839594739557477,21.60388242297481,21.37071412320433,21.14006238295558,20.91190004128158,20.68620023038044,20.46293637243146,20.2420821764654,20.023611635268534,19.80749902232009,19.593718888762787,19.38224606040602,19.173055634761422,18.966122978110413,18.761423722603407,18.558933763390296,18.358629255781945,18.16048661244229,17.96448250061077,17.77059383935471,17.578797796851365,17.389071787699322,17.201393470258896,17.015740744021233,16.83209174700579,16.65042485318599,16.47071866994252,16.29295203554424,16.117104016656217,15.943153905874683,15.771081219288563,15.600865694067364,15.432487286075066,15.265926167509775,15.101162724568864,14.938177555139292,14.77695146651287,14.617465473126162,14.459700794324823,14.303638852152007,14.149261269160698,13.996549866249618,13.845486660522505,13.696053863170501,13.548233877377381,13.402009296247398,13.257362900755494,13.114277657719638,12.972736717795032,12.83272341348999
26,79.28,90.03,83.08,80.23,73.83,80.94,83.67,78.31,79.43,94.14,93.23,83.31,82.76,94.85,89.37,79.03,88.79,99.03,93.39,83.78,83.61,87.48,76.86,81.92,72.78,67.46,71.91,76.22,74.81,59.37,54.87,54.02,58.73,68.81,52.0,61.91,54.0,57.95,59.79,61.52,62.58,65.14,59.07,56.29,54.3,54.94,54.87,54.8,54.71,54.57,54.36,54.03,53.59,53.06,52.49,51.89,51.28,50.66,50.02,49.38,48.77,48.18,47.62,47.08,46.57,46.06,45.56,45.07,44.57,44.09,43.6,43.13,42.66,42.19,41.73,41.27,40.82,40.37,39.93,39.49,39.06,38.64,38.21,37.8,37.38,36.97,36.57,36.17,35.77,35.38,34.99,34.61,34.23,33.86,33.48358223306356,33.11134905960808,32.743253959984024,32.37925093169549,32.01929448365108,31.66333963047872,31.311341886903563,30.96325726218851,30.61904225463649,30.278653846153833,29.94204949687413,29.60918713984183,29.28002517575493,28.954522467766143,28.63263833634182,28.314332554178076,27.999565341173366,27.68829735945702,27.380489708473,27.076103920118317,26.775101953935508,26.477446192358546,26.18309943601161,25.892024899060093,25.604186204613345,25.31954738017846,25.038072853164632,24.759727446437516,24.48447637392296,24.212285236259635,23.94312001650001,23.676947075859072,23.41373314951037,23.15344534242873,22.896051125279232,22.64151833035188,22.38981514754144,22.140910120372,21.89477214206571,21.651370451655243,21.410674630139425,21.17265459668166,20.93728060485061,20.704523238902603,20.474353410105458,20.246742353103116,20.0216616223207,19.799083088409567,19.57897893473183,19.361321653884005,19.14608404425928,18.933239206648018,18.722760540876017,18.5146217424802,18.30879679942122,18.105259988832582,17.903985873806004,17.704949300212395,17.508125393558263,17.313489555877034,17.121017462654926,16.930685059791006,16.742468560591046,16.55634444279479,16.372289445636273,16.19028056693682,16.01029506023036,15.832310431920689,15.656304438470363,15.482255083620803,15.31014061564334,15.139939524620797,14.971630539759293,14.80519262672995,14.640604985040122,14.477847045433883,14.316898467321373,14.157739136236765,14.000349161324452,13.844708872853213,13.690798819757982,13.538599767208975,13.388092694207822,13.23925879121043,13.092079457776256,12.946536300243753
27,87.08,75.46,85.32,84.5,75.77,84.48,81.89,80.68,82.87,91.93,83.55,88.18,91.98,84.68,97.87,84.6,81.95,97.91,95.64,102.06,91.95,87.84,70.85,79.02,74.85,81.39,69.21,71.78,66.23,62.9,53.77,53.12,62.74,63.64,58.38,59.05,56.73,61.47,63.19,60.09,63.63,58.22,57.95,53.22,54.92,56.79,56.67,56.58,56.49,56.38,56.22,55.98,55.64,55.18,54.64,54.06,53.46,52.84,52.21,51.58,50.94,50.32,49.73,49.17,48.62,48.09,47.56,47.04,46.53,46.02,45.52,45.02,44.53,44.04,43.56,43.08,42.61,42.15,41.69,41.23,40.78,40.33,39.89,39.46,39.02,38.6,38.17,37.76,37.34,36.94,36.53,36.13,35.74,35.35,34.94950731752966,34.55355195864382,34.16208251839501,33.77504817422061,33.392398679344836,33.014084356255445,32.64005609025434,32.27026532308126,31.904664046609682,31.54320479661416,31.18584064660829,30.832525201752482,30.483212592830725,30.137857470295604,29.796414998380822,29.458840849280367,29.12509119739366,28.795122713635877,28.468892559812776,28.146358383059187,27.827478310340574,27.512210943016854,27.20051535146781,26.892351069779405,26.587678090490297,26.286456859397834,25.98864827042298,25.69421366053331,25.403114804723604,25.115313911053285,24.83077361574006,24.549456978309184,24.271327476797637,23.996349003012664,23.724485857844034,23.45570274662939,23.18996477457212,22.927237442211123,22.66748664094194,22.410678648588576,22.15678012502552,21.905758107849366,21.657580008099465,21.412213606027052,21.169627046912325,20.929788836928882,20.692667839055066,20.45823326903156,20.226454691364843,19.99730201537589,19.770745491293642,19.546755706392748,19.325303581175046,19.106360365594323,18.889897635323834,18.675887288066097,18.46430153990453,18.255112921696398,18.048294275506603,17.843818751081944,17.64165980236524,17.44179118404902,17.24418694816819,17.04882144073136,16.855669298390303,16.664705445147153,16.47590508909892,16.289243719218863,16.10469710217436,15.922241279180806,15.741852562891156,15.563507534320722,15.38718303980679,15.212856188002705,15.040504346905994,14.87010514092016,14.701636447949776,14.53507639652847,14.370403362979474,14.207595968608315,14.046633076927332,13.887493790911623,13.730157450286095,13.574603628843233,13.420812131791264,13.268762993132379
28,85.75,82.95,85.67,96.03,87.43,82.3,77.5,88.49,85.81,92.76,83.72,91.68,85.83,91.1,97.17,99.09,85.88,97.66,97.25,93.48,85.88,93.86,85.75,83.52,63.54,71.48,83.21,77.6,76.6,61.23,66.22,59.91,53.55,63.99,63.96,67.6,62.33,66.7,68.29,62.77,65.43,65.18,66.27,60.99,58.69,59.1,58.85,58.71,58.6,58.48,58.34,58.15,57.88,57.51,57.03,56.47,55.88,55.27,54.64,54.0,53.36,52.72,52.1,51.5,50.92,50.36,49.81,49.26,48.73,48.19,47.67,47.14,46.63,46.12,45.61,45.12,44.62,44.13,43.65,43.17,42.7,42.23,41.77,41.32,40.86,40.42,39.97,39.54,39.11,38.68,38.25,37.84,37.42,37.01,36.600151981000245,36.194842610978554,35.794021629024556,35.397639330816226,35.00564656245625,34.617994714376586,34.234635715310624,33.85552202633202,33.48060663495956,33.10984304932735,32.7431852924195,32.3805878963687,32.02200589681792,31.667394827344562,31.316710713946286,30.96991006958802,30.62694988880928,30.287787642391198,29.952381272082654,29.62068918538478,29.292670250393225,28.968283790697555,28.64748958033711,28.33024783881273,28.016519226153733,27.706264838039505,27.399446200975117,27.09602526752037,26.7959644115717,26.499226423696243,26.2057745065177,25.915572270153188,25.628583727700683,25.34477329077641,25.064105765101655,24.78654634613848,24.5120606147737,24.24061453305074,23.97217443994867,23.70670704720807,23.444179435203054,23.18455904885902,22.927813693615633,22.6739115314345,22.42282107685103,22.17451119307007,21.92895108810472,21.68611031095794,21.445958747846454,21.208466618466414,20.973604472300487,20.7413431849658,20.511653954602323,20.28450829830126,20.059878048573005,19.837735349854164,19.618052655053322,19.40080272213502,19.185958610741555,18.973493678852236,18.76338157947958,18.555596257402136,18.350111945933467,18.14690316372691,17.94594471161576,17.747211669488365,17.550679393197925,17.35632351150644,17.16411992306251,16.97404479341265,16.786074552045633,16.60018588946962,16.416355754321643,16.234561350509054,16.054780134382707,15.876989811941382,15.701168336067202,15.527293903791632,15.355344953591795,15.185300162716695,15.017138444543065,14.85083894596049,14.686381044785504,14.523744347204286,14.36290868524372,14.20385411427043
29,95.94,85.02,79.97,80.95,79.72,80.94,71.03,83.77,87.44,98.27,90.43,90.07,99.73,84.75,101.52,97.2,100.03,99.6,101.17,101.14,102.24,93.43,91.37,86.47,81.02,83.08,75.58,76.62,74.54,74.14,65.93,63.78,64.47,67.04,58.76,68.0,62.4,71.09,72.57,61.27,74.85,70.89,71.45,62.26,61.22,61.92,61.42,61.15,60.98,60.84,60.69,60.51,60.28,59.98,59.57,59.06,58.48,57.87,57.24,56.6,55.95,55.3,54.65,54.02,53.41,52.82,52.23,51.66,51.1,50.54,49.99,49.44,48.9,48.36,47.84,47.31,46.8,46.28,45.78,45.28,44.78,44.29,43.81,43.33,42.85,42.39,41.92,41.46,41.01,40.56,40.12,39.68,39.24,38.82,38.395583801812926,37.975807714632644,37.56062100846758,37.14997350795343,36.74381558628944,36.34209815924102,35.94477267920787,35.55179112935708,35.16310601782017,34.7786703719538,34.398437732663076,34.02236214878694,33.65039817154501,33.28250084904504,32.918625720850564,32.55872881260774,32.202766630731105,31.850696157147375,31.50247484409667,31.15806060899066,30.817411829326822,30.480487337658396,30.14724641661929,29.817648794003357,29.49165463789753,29.169224551868094,28.850319570199655,28.534901153186098,28.222931182473083,27.914371956451426,27.60918618570086,27.307336988483595,27.008787886287163,26.713502799415988,26.42144604263114,26.132582320837773,25.846876724819726,25.5642947270207,25.284802177371656,25.008365299163717,24.734950684966275,24.464525292589716,24.197056441092226,23.932511806830345,23.670859419552595,23.41206765853592,23.1561052487643,22.90294125714915,22.652545088791054,22.404886483282404,22.159935511050364,21.91766256973994,21.678038380636487,21.441033985127383,21.206620741202407,20.974770319992302,20.74545470234526,20.51864617544079,20.294317329440627,20.07244105417625,19.8529905358726,19.63593925390766,19.421260977607407,19.208929763075847,18.99891995005969,18.791206158847306,18.585763287201566,18.38256650732627,18.181591262865673,17.98281326593685,17.786208494194533,17.59175318792795,17.399423847189524,17.20919722895486,17.021050344313835,16.83496045569239,16.650905074104685,16.46886195643531,16.288809102751173,16.110724753642863,15.934587387594963,15.760375718385205,15.588068692512024,15.41764548665023,15.249085505134511,15.08236837747045
30,90.45,92.41,85.59,78.21,86.27,86.93,94.05,90.3,88.69,91.31,93.6,95.67,92.33,94.24,96.76,102.3,90.95,107.32,100.51,99.02,91.65,104.47,95.7,83.39,92.28,85.01,85.94,84.66,87.21,77.49,71.48,69.48,65.28,77.59,61.7,73.47,64.21,73.77,78.93,72.08,72.03,77.07,70.84,64.94,64.46,65.29,64.48,63.96,63.66,63.46,63.28,63.09,62.87,62.59,62.24,61.79,61.25,60.65,60.01,59.36,58.71,58.04,57.38,56.72,56.07,55.45,54.83,54.23,53.64,53.05,52.47,51.9,51.33,50.77,50.21,49.66,49.12,48.58,48.05,47.53,47.01,46.49,45.98,45.48,44.98,44.49,44.01,43.52,43.05,42.58,42.11,41.65,41.2,40.75,40.31021076904902,39.87516790785658,39.44482019182621,39.019116949196444,38.598008055074395,38.18144392553376,37.7693755117765,37.36175429435753,36.95853227747177,36.55966198330278,36.165096446432486,35.77478920831115,35.388694311787056,35.00676629569527,34.62896018950474,34.25523150802315,33.88553624615907,33.519830873740425,33.15807233038904,32.800218020450416,32.44622580797831,32.09605401177334,31.74966140047521,31.40700718770787,31.068051027277093,30.73275300841987,30.401073651105037,30.072973901384703,29.748415126795773,29.42735911181114,29.10976805333993,28.795604556276373,28.48483162909666,28.17741267950332,27.873311510116643,27.57249231421256,27.27491967150657,26.980558543983094,26.689374271769932,26.401332569057182,26.116399520060206,25.8345415750262,25.55572554628382,25.279918604335492,25.007088273991833,24.737202430547857,24.470229296000387,24.206137435306346,23.944895752681386,23.686473487938486,23.430840212866062,23.177965827645167,22.927820557305335,22.680374948218724,22.435599864632046,22.193466485235962,21.953946299771466,21.717011105672924,21.48263300474733,21.25078439988942,21.02143799183218,20.794566775932513,20.5701440389915,20.348143356109073,20.128538587572546,19.91130387577879,19.696413642189587,19.483842584319866,19.273565672758448,19.065558148220884,18.8597955186342,18.656253556253027,18.454908294806867,18.255736026678182,18.058713300110895,17.863816916449057,17.671023927405273,17.48031163235865,17.291657575681874,17.105039544097167,16.920435564060735,16.73782389917549,16.55718304763165,16.378491739675024,16.201728935102544,16.02687382078487
31,94.75,89.63,90.14,84.59,83.82,86.43,99.42,88.26,93.84,97.9,97.75,101.67,108.55,108.14,107.69,113.11,104.29,101.4,98.61,99.59,106.36,101.13,103.76,96.6,85.74,92.16,90.83,87.32,74.79,79.65,73.24,73.61,76.94,72.66,64.56,76.63,71.29,85.69,77.09,72.97,82.46,86.26,84.65,70.13,69.06,69.46,68.31,67.47,66.93,66.59,66.35,66.12,65.88,65.6,65.27,64.87,64.37,63.8,63.16,62.5,61.82,61.14,60.46,59.77,59.09,58.43,57.79,57.15,56.52,55.91,55.29,54.69,54.09,53.5,52.92,52.34,51.76,51.2,50.64,50.08,49.54,48.99,48.46,47.93,47.4,46.89,46.37,45.87,45.36,44.87,44.38,43.89,43.41,42.94,42.4734283288724,42.01192626939592,41.555438736866776,41.10391124511316,40.65728989999176,40.215521392955004,39.77855299468815,39.34633254881555,38.91880846567529,38.495929716161434,38.077645825633255,37.66390686789058,37.25466345921462,36.84986675247354,36.449468431292104,36.05342070428464,35.661676299350674,35.274188458032576,34.890910929934435,34.511797967201694,34.13680431906069,33.76588522641746,33.39899641651546,33.03609409765103,32.67713495394657,32.32207614018027,31.97087527667219,31.623490444225773,31.27988017912447,30.940003468182574,30.603819743849936,30.271288879369827,29.94237118398944,29.6170273982224,29.295218689162773,28.976906645849986,28.66205327468411,28.350620994890967,28.042572634036485,27.737871423589834,27.436480994534715,27.138365373028414,26.84348897610794,26.551816607442873,26.263313453134348,25.977945077559667,25.695677419262093,25.41647678688527,25.14030985515186,24.867143660885816,24.59694559907796,24.329683418994204,24.065325220326166,23.803839449383535,23.54519489532783,23.289360686447115,23.03630628647112,22.786001490926505,22.53841642353159,22.29352153263041,22.051287587665378,21.81168567568838,21.574687197909718,21.34026386628457,21.108387700136543,20.879031022817912,20.652166458406153,20.427766928436338,20.20580564866909,19.98625612589361,19.769092154765474,19.554287814678737,19.341817466672108,19.131655750368658,18.923777580948833,18.718158146156327,18.51477290333651,18.31359757650704,18.114608153460246,17.917780882897098,17.723092271592222,17.53051908158977,17.340038327429742,17.151627273404465,16.965263430844846,16.780924555436158
32,92.22,98.12,100.48,96.14,95.58,102.44,96.97,103.07,92.77,106.03,104.33,99.83,91.49,102.56,105.82,108.93,99.03,116.0,109.4,112.94,102.57,107.05,106.52,109.29,95.14,105.54,103.29,86.22,88.82,89.86,71.89,67.83,79.17,74.3,89.72,87.77,76.54,71.07,80.51,82.29,89.33,86.42,81.9,77.43,74.63,74.53,73.05,71.87,71.0,70.42,70.04,69.74,69.46,69.15,68.81,68.42,67.96,67.42,66.79,66.12,65.42,64.71,64.0,63.29,62.58,61.88,61.2,60.52,59.86,59.21,58.56,57.92,57.28,56.66,56.04,55.42,54.82,54.22,53.63,53.04,52.46,51.89,51.32,50.76,50.2,49.65,49.11,48.57,48.04,47.52,47.0,46.48,45.97,45.47,44.97804023109016,44.49140318956598,44.01003128651753,43.53386755611441,43.062855648864414,42.59693982494506,42.13606494760734,41.68017647665078,41.22922046196913,40.7831435371659,40.341892913238894,39.90541637233319,39.47366226156161,39.04657948689209,38.624117507101225,38.20622632779311,37.79285649548306,37.383959091745204,36.97948572742346,36.579388536905135,36.183620172456514,35.79213379861963,35.404883086669805,35.02182220913301,34.64290583436269,34.26808912117513,33.89732771354296,33.530577735346,33.16779578517899,32.80893893121538,32.453964706126804,32.10283110205743,31.75549656565278,31.41191999314221,31.072060725474724,30.73587854350734,30.403333663245522,30.074386731135146,29.74899881940534,29.427131421461784,29.10874644732979,28.793806219146738,28.482273466703234,28.174111323032548,27.869283320047742,27.567753384226023,27.26948583233979,26.97444536723383,26.682597073648274,26.39390641408666,26.1083392247288,25.825861711387763,25.54644044551066,25.270042360222728,24.99663474641413,24.726185248869168,24.458661862437335,24.19403292824581,23.93226712995294,23.67333349004223,23.417201366156444,23.16384044747139,22.9132207511089,22.665312618588654,22.420086712318362,22.177514012121957,21.937565811805307,21.70021371575912,21.465429635598596,21.233185786839428,21.003454685609757,20.776209145397733,20.551422273834234,20.329067469510417,20.109118418829684,19.891549092893726,19.676333744422237,19.463446904705965,19.25286338059275,19.04455825150612,18.838506866496203,18.63468484132251,18.433068055568285,18.233632649786085,18.036355022674236,17.841211828283857
33,95.73,94.83,99.16,101.72,97.36,95.07,105.99,115.19,111.32,99.83,103.62,105.89,111.94,118.01,114.77,104.5,106.53,116.57,109.84,103.13,117.41,105.71,107.29,101.89,111.15,98.71,102.66,106.78,89.34,83.91,80.57,80.81,80.1,79.78,82.11,87.13,79.11,92.63,88.35,86.51,102.56,89.52,89.98,86.83,81.29,80.29,78.53,77.02,75.8,74.89,74.26,73.82,73.46,73.11,72.74,72.33,71.87,71.35,70.75,70.07,69.36,68.62,67.88,67.13,66.39,65.65,64.92,64.21,63.51,62.81,62.12,61.44,60.77,60.11,59.45,58.8,58.16,57.52,56.89,56.27,55.65,55.05,54.44,53.85,53.26,52.68,52.1,51.53,50.97,50.41,49.86,49.31,48.77,48.24,47.73045289538667,47.22628800992382,46.72744849257117,46.23387809279176,45.745521154209094,45.26232260833108,44.78422796834041,44.311183322950455,43.84313533032608,43.380031212068644,42.92181874726463,42.46844626659699,42.01986264651881,41.57601730348846,41.13686018826569,40.70234178026788,40.272413081986,39.84702561345951,39.426131406809596,39.00968300083022,38.597633435636254,38.18993624736811,37.78654546295239,37.38741559491782,36.992501636265956,36.60175905539607,36.215143791083634,35.83261224751186,35.454121289355726,35.079628236917884,34.70909086131603,34.342467379720986,33.97971645064522,33.62079716928103,33.265669062888016,32.914292086229224,32.5666266170556,32.22263345163801,31.882273800346578,31.545509283276587,31.212301925920727,30.882614154886934,30.556408793661532,30.233649058417093,29.914298553864604,29.598321269149416,29.285681573790573,28.976344213663026,28.670274307022243,28.367437340570888,28.06779916556699,27.771325993973225,27.477984394646892,27.187741289570138,26.900563950119952,26.61641999337763,26.335277378477173,26.057104402992262,25.781869699361415,25.50954223135088,25.24009129055494,24.973486492933077,24.70969777538386,24.44869539235489,24.190449912488642,23.934932215303682,23.68211348791097,23.431965221764834,23.18445920944828,22.93956754149222,22.697262603228342,22.457517071675202,22.220303912457194,21.985596376756096,21.753367998294788,21.52359259035284,21.296244242813632,21.071297319242653,20.848726453996658,20.628506549363376,20.410612772731426,20.195020553790105,19.981705581758792,19.770643802645584,19.56181141653489,19.355184874903724
34,96.3,102.63,102.98,103.79,99.46,108.34,110.29,115.02,102.87,101.93,111.6,117.14,111.59,119.54,115.49,112.71,113.0,106.28,112.42,108.56,127.64,111.55,111.42,101.46,111.33,104.31,107.05,114.02,105.18,96.48,91.72,76.02,85.88,88.68,90.13,90.06,88.22,93.38,87.21,96.2,92.08,96.85,98.33,100.1,89.34,86.66,84.62,82.82,81.27,80.01,79.05,78.36,77.85,77.42,77.0,76.55,76.07,75.53,74.94,74.28,73.55,72.79,72.01,71.22,70.44,69.67,68.9,68.14,67.39,66.66,65.93,65.21,64.49,63.79,63.09,62.4,61.72,61.04,60.38,59.72,59.06,58.42,57.78,57.15,56.52,55.9,55.29,54.69,54.09,53.5,52.91,52.33,51.76,51.19,50.63239513676524,50.0808641782678,49.53534096238967,48.99576004770672,48.462056705638254,47.93416691268217,47.41202734273456,46.895575359493144,46.384749008943324,45.87948701192613,45.37972875678712,44.88541429210537,44.396484319501646,43.9128801865249,43.43454387961629,42.961418017149846,42.49344584254887,42.03057121747741,41.572738615105855,41.119893113449855,40.6719803887819,40.22894670911451,39.790738927754596,39.357304476927865,38.928591361472776,38.50454815260316,38.08512398173876,37.67026853440303,37.259932044187316,36.85406528678088,36.45261957406589,36.05554674827676,35.662799176223096,35.27432974357558,34.8900918492141,34.51003939963744,34.134126803433865,33.76230896581194,33.3945412831909,33.03077963784999,32.67098039263607,32.31510038572884,31.963096925463127,31.614927785207563,31.270551198299042,30.92992585303233,30.593010887704313,30.259765885712167,29.930150870704974,29.6041263017881,29.281653068779832,28.962692487519732,28.647206295228,28.33515664591547,28.026506105843563,27.721217649033697,27.41925465282564,27.120580893484213,26.825160541853847,26.53295815906051,26.243938692260425,25.958067470435086,25.675310200232104,25.39563296185136,25.11900220497593,24.84538474474739,24.5747477577849,24.30705877824772,24.04228569394055,23.780396742461342,23.521360507391048,23.26514591452488,23.011722228144624,22.76105904733156,22.513126302319534,22.267894250887775,22.025333474792987,21.785414876240306,21.548109674392713,21.313389401918453,21.081225901576083,20.851591322836693,20.62445811854294,20.399799041604453,20.177587141729273,19.957795762190862
35,100.62,115.86,114.06,114.33,114.49,102.48,111.13,115.73,118.09,117.24,115.92,123.8,121.38,117.51,116.07,121.77,105.34,121.6,123.38,117.35,114.15,113.98,116.9,122.16,111.73,115.35,114.81,132.02,121.5,95.65,93.87,91.51,92.88,98.07,94.93,93.7,96.28,99.02,94.48,104.05,110.76,99.06,112.04,106.81,96.42,93.77,91.48,89.39,87.53,85.93,84.62,83.6,82.85,82.27,81.76,81.25,80.72,80.15,79.54,78.87,78.14,77.36,76.54,75.72,74.89,74.07,73.26,72.46,71.66,70.88,70.1,69.34,68.58,67.83,67.09,66.35,65.63,64.91,64.2,63.5,62.8,62.12,61.44,60.76,60.1,59.44,58.79,58.15,57.51,56.88,56.26,55.65,55.04,54.44,53.84032158649385,53.247248870996984,52.660709089098994,52.080630277918615,51.506941267274556,50.93957167095358,50.37845187807482,49.82351304454911,49.27468708463253,48.73190666257294,48.19510518434845,47.66421678949701,47.13917634303598,46.61991942747061,46.10638233489071,45.59850205915421,45.09621628815695,44.599463396187595,44.10818243636666,43.622313133169015,43.14179587502854,42.66657170702444,42.196582323647974,41.73177006164895,41.272077892960986,40.81744941770468,40.36782885726793,39.92316104746238,39.483391431755315,39.04846605457608,38.618331554696276,38.19293515868278,37.772224674423,37.356148484721395,36.94465554096647,36.53769535686769,36.13521800226119,35.73717409698392,35.343514804815065,34.95419182748438,34.569157398746405,34.18836427852002,33.811765747092515,33.439315599387555,33.07096813929622,32.70667817407055,32.346401008778805,31.99009244082182,31.637708754509788,31.289206715698725,30.94454356648609,30.603677019964735,30.266565255034774,29.93316691127248,29.603441083855753,29.277347318545512,28.954845606722333,28.635896380477757,28.320460507759694,28.008499287571286,27.69997444522267,27.394848127635008,27.093082898696323,26.794641734668392,26.499488019644296,26.207585541056027,25.9188984852315,25.633391433000593,25.35102935534953,25.071777609123156,24.795601932774552,24.52246844216147,24.25234362638906,23.98519434369841,23.720987817400363,23.459691631854124,23.20127372849017,22.94570240187696,22.692946295831007,22.442974399569724,22.195756043906737,21.95126089748904,21.709458963075633,21.47032057385715,21.233816389816024,20.99991739412672
36,125.24,105.42,118.18,107.97,126.11,120.52,122.78,123.96,136.56,130.75,127.6,127.67,128.51,128.54,131.12,122.16,105.59,126.16,119.27,132.55,119.8,129.42,120.75,129.42,125.75,122.52,119.81,119.4,118.47,104.28,109.31,91.5,101.45,95.2,107.04,107.85,112.19,104.17,98.33,110.19,119.24,110.59,118.18,114.73,104.19,101.85,99.37,97.0,94.84,92.92,91.26,89.88,88.79,87.96,87.29,86.69,86.1,85.47,84.82,84.12,83.37,82.56,81.72,80.85,79.97,79.1,78.23,77.37,76.53,75.69,74.86,74.04,73.23,72.43,71.64,70.86,70.08,69.32,68.56,67.81,67.07,66.33,65.61,64.89,64.18,63.48,62.79,62.1,61.42,60.75,60.08,59.43,58.78,58.13,57.50090961167672,56.87862732100836,56.263079449880394,55.654193117532394,55.051896231928964,54.456117481224034,53.86678632531759,53.28383298750369,52.70718844620898,52.13678442682047,51.57255339360189,51.01442854169746,50.462343789222196,49.91623376943784,49.376033823013415,48.841679990369634,48.31310900410603,47.790258281510155,47.273065917147775,46.761470675533275,46.255411983879405,45.754829924925474,45.25966522984312,44.76985927121893,44.285354056112965,43.806092219192365,43.33201701593936,42.863072315932676,42.39920259620174,41.940352934652765,41.486469003565944,41.037497063163144,40.59338395524501,40.15407709689715,39.71952447426425,39.28967463639171,38.864476689133774,38.44388028912778,38.02783563783342,37.61629347563664,37.20920507601733,36.80652223978006,36.408197289347356,36.014183063114665,35.624432909866414,35.23890068325254,34.85754073632474,34.480307916131906,34.10715755837402,33.7380454821139,33.37292798454617,33.01176183582291,32.65450427393518,32.30111299965006,31.95154617150239,31.605762400840767,31.263720746927156,30.92538071208946,30.59070223692666,30.259645695565737,29.93217189097003,29.608242050298266,29.287817820313883,28.970861262844025,28.657334850287643,28.347201461172247,28.04042437575874,27.736967271693786,27.436794219709263,27.139869679368257,26.846158494857036,26.555625890822665,26.268237468255563,25.9839592004167,25.70275742880881,25.424598859191256,25.14945055763797,24.877279946638115,24.608054801238875,24.341743245230067,24.07831374736997,23.817735117652045,23.559976503612052,23.305007386675104,23.052797578542286,22.803317217616378
37,128.73,137.86,123.45,133.99,126.09,138.96,124.67,123.07,140.67,145.6,145.52,129.79,128.29,131.35,134.11,128.55,129.19,131.5,124.8,145.45,127.18,136.11,133.18,128.78,136.94,125.83,120.08,122.67,129.31,118.04,122.86,108.4,116.75,102.68,106.03,100.12,117.35,124.14,120.86,132.35,126.98,119.77,130.99,120.7,112.27,110.68,108.2,105.62,103.16,100.92,98.93,97.19,95.74,94.58,93.66,92.89,92.19,91.5,90.77,90.02,89.23,88.39,87.51,86.6,85.67,84.73,83.81,82.89,81.98,81.09,80.2,79.32,78.45,77.6,76.75,75.91,75.08,74.26,73.45,72.64,71.85,71.06,70.29,69.52,68.76,68.0,67.26,66.53,65.8,65.08,64.37,63.66,62.97,62.28,61.610130869672474,60.94746669521786,60.29192998181402,59.643444068154956,59.00193311748583,58.367322108734164,57.739536827736664,57.118503858560196,56.504150574916274,55.896405131667805,55.295196456427185,54.700454241244834,54.11210893438704,53.53009173220229,52.954334571075066,52.38477011946622,51.82133177003889,51.263953631869164,50.712570522740535,50.16711796152117,49.62753216062325,49.09375001854331,48.56570911248296,48.04334769104881,47.52660466703105,47.01541961025963,46.509732740537274,46.009484920648546,45.51461764944411,45.02507305499929,44.54079388784634,44.06172351427939,43.58780590973151,43.11898565222288,42.6552079158796,42.19641846452202,41.74256364532218,41.29359038252941,40.849446171263416,40.41007907137411,39.97543770136756,39.54547123239715,39.12012938231947,38.69936240981409,38.283121108566625,37.871356801514295,37.46402133515345,37.06106707390824,36.662446894559984,36.26811418073632,35.87802281745968,35.49212718575443,35.110382157311975,34.732743089213294,34.35916581870815,33.98960665805052,33.62402238938957,33.262370259715624,32.90460797586032,32.55069369955079,32.20058604251682,31.854244061650764,31.51162725421951,31.172695553127838,30.83740932223287,30.505729351708812,30.177616853461604,29.853033456592854,29.531941202912595,29.21430254250028,28.900080329313546,28.589237816844165,28.28173865382078,27.977546879957817,27.676626921750128,27.378943588312872,27.08446206726615,26.793147920663895,26.504967080966527,26.219885847056975,25.937870880299506,25.658889200640967,25.38290818275394,25.10989555222143,24.839819381762506,24.57264808749863
38,160.0,140.09,138.38,133.34,124.72,139.97,133.82,136.81,147.89,148.69,148.51,168.74,155.96,139.45,149.2,135.21,136.79,131.09,138.3,134.91,142.83,130.65,131.05,130.42,128.04,133.63,127.48,150.33,140.14,138.5,126.97,112.5,125.86,132.67,122.07,111.03,109.68,118.89,123.36,126.2,147.83,123.74,132.56,130.63,121.1,119.79,117.57,114.97,112.29,109.74,107.41,105.34,103.53,101.99,100.74,99.73,98.86,98.05,97.25,96.42,95.57,94.68,93.75,92.79,91.81,90.81,89.82,88.84,87.87,86.91,85.96,85.02,84.09,83.17,82.26,81.36,80.47,79.59,78.72,77.86,77.01,76.17,75.33,74.51,73.69,72.89,72.09,71.3,70.52,69.75,68.99,68.23,67.49,66.75,66.03500054466669,65.327659879163,64.62789596557796,63.93562764475809,63.25077462689449,62.57325748221075,61.90299763175066,61.239917338264505,60.583939697193095,59.93498862774832,59.29298886408917,58.65786594659242,58.029546213216726,57.407956790959204,56.79302558740364,56.18468128235909,55.58285331958812,54.98747189862367,54.39846796667353,53.81577321061153,53.23932004905456,52.669041624524375,52.104871795693484,51.54674512971396,50.994596894628565,50.448363051863,49.90798024879875,49.373385811425315,48.84451773707129,48.32131468721325,47.803715980361616,47.29166158502279,46.78509211273667,46.28394881118872,45.78817355739584,45.2977088509652,44.81249780742533,44.332484151628556,43.85761221122426,43.38782691020186,42.92307376250313,42.46329886570281,42.008448894756995,41.55847109581845,41.11331328011814,40.67292381791241,40.237251632494875,39.80624619427251,39.3798575149052,38.95803614150803,38.54073315091577,38.127900144008635,37.71948924009898,37.315453071378066,36.91574477742224,36.52031799975811,36.129126876485806,35.742126036959895,35.35927059652722,34.980516151321225,34.60581877311189,34.235135004210946,33.868421852431574,33.50563678610218,33.146737729133505,32.79168305613865,32.44043158760529,32.092942585119665,31.74917574664171,31.40909120183077,31.07264950742143,30.73981164264886,30.41053900472313,30.08479340435205,29.76253706131195,29.443732600065875,29.12834304542877,28.816331818279057,28.50766273131616,28.202299984863473,27.900208162716297,27.601352228034226,27.305697519277565,27.013209746187233,26.723854985807783,26.43759967855297
39,153.91,160.26,161.85,152.63,158.41,143.55,147.14,153.08,152.76,157.16,177.25,167.18,162.09,158.02,151.92,170.95,153.46,155.3,149.51,150.62,155.97,144.84,146.36,147.97,135.54,139.75,144.44,141.97,151.06,146.04,127.96,124.8,138.29,130.7,123.97,125.7,127.92,125.14,131.2,150.19,158.5,156.59,143.45,128.44,127.22,129.05,127.17,124.81,122.09,119.3,116.65,114.24,112.08,110.19,108.58,107.23,106.12,105.14,104.22,103.31,102.37,101.41,100.43,99.41,98.37,97.31,96.25,95.2,94.16,93.13,92.11,91.11,90.11,89.12,88.15,87.19,86.23,85.29,84.36,83.43,82.52,81.62,80.73,79.84,78.97,78.11,77.25,76.41,75.57,74.75,73.93,73.12,72.32,71.53,70.75629770295832,69.99096413574254,69.23390877821443,68.48504208934432,67.74427549662069,67.01152138557413,66.2866930894148,65.56970487878182,64.86047195160359,64.15891042306782,63.46493731570002,62.77847054954927,62.0994289324802,61.42773215057,60.763300758609184,60.10605617070522,59.45592065098775,58.81281730441432,58.17667006767564,57.5474037001991,56.924943775249716,56.30921667112726,55.700149562458606,55.09767041158429,54.501707960038246,53.91219172011966,53.32905196655601,52.75221972825628,52.181626780153394,51.61720563513485,51.058889536060654,50.506612447867624,49.96030904975901,49.4199147274787,48.885365565668906,48.35659834031059,47.83355051124557,47.31616021477962,46.80436625636543,46.29810810336486,45.797325877889435,45.30196034971818,44.81195292929223,44.32724566078507,43.847781215247814,43.37350288382857,42.90435457106522,42.440280788250675,41.981226646869956,41.52713785210816,41.07796069642883,40.63364205322158,40.19412937051855,39.75937066477885,39.32931451474011,38.90391005533665,38.483106971683405,38.06685549312487,37.65510638734849,37.24781095456168,36.844921021731835,36.446388936888646,36.05216756348804,35.662210274837086,35.276470948579224,34.894903961239095,34.5174641828264,34.144106971498196,33.774788168278775,33.40946409183681,33.0480915333189,32.69062775123904,32.33703046642333,31.98725785700939,31.641268553499916,31.299021633869614,30.960476618725167,30.625593466517522,30.294332568805938,29.96665474557331,29.642521240592114,29.3218937168405,29.004734251967978,28.69100533381012,28.380669855951826,28.07369111333849
40,207.21,178.46,173.11,161.15,193.46,173.7,151.89,162.42,166.03,158.33,168.34,170.13,176.02,164.6,170.15,179.49,162.75,151.72,163.26,166.36,167.52,161.21,167.21,158.72,154.43,147.91,152.38,156.48,169.16,154.58,142.55,149.11,140.3,150.25,142.78,135.51,137.01,145.3,142.39,155.88,167.66,155.17,164.54,150.16,140.23,138.98,137.11,135.06,132.55,129.69,126.79,124.04,121.54,119.3,117.33,115.63,114.19,112.96,111.88,110.84,109.81,108.76,107.7,106.61,105.5,104.38,103.25,102.12,101.0,99.9,98.81,97.73,96.66,95.6,94.55,93.52,92.5,91.49,90.49,89.5,88.52,87.55,86.59,85.65,84.71,83.78,82.87,81.96,81.06,80.18,79.3,78.43,77.58,76.73,75.88735336488367,75.05396065068057,74.22972023109956,73.41453159590651,72.60829533866772,71.81091314462807,71.02228777872226,70.24232307371764,69.47092391848733,68.70799624641204,67.95344702390943,67.20718423908923,66.46911689053309,65.7391549761976,65.01720948243917,64.30319237315946,63.59701657907004,62.89859598707485,62.20784542976936,61.524680675055,60.84901841586769,60.180776260019094,59.519872720149486,58.866227203791,58.21976000353988,57.580392287336785,56.94804608885375,56.32264429798678,55.704110651452794,55.09236972348987,54.48734691665964,53.8889684527506,53.29716136378148,52.71185348310322,52.132973436598824,51.56045063397978,50.994215260178066,50.43419826683274,49.880331363869914,49.332547011175365,48.790778410358406,48.25495949660635,47.72502493062836,47.20091009068783,46.68255106472214,46.169884642549135,45.66284830815902,45.16138023209101,44.66541926389369,44.174904924668084,43.68977739969277,43.20997753112985,42.735446810811084,42.26612737310323,41.80196198785178,41.34289405340209,40.88886758969728,40.439827231451794,39.99571822140006,39.556486403619225,39.12207821692516,38.692440688341165,38.2675214266382,37.84726861594617,37.4316310094354,37.02055792306739,36.6139992294143,36.211905351546214,35.81422725698565,35.420916451728374,35.03192497432989,34.64720539005689,34.266710785102944,33.890394760867686,33.51821142829881,33.15011540229629,32.786061796177904,32.42600621620572,32.06990475617252,31.7177139920478,31.36939097668247,31.02489323457182,30.684178756675877,30.34720599529674,30.013933859012116,29.68432170766452
41,206.43,218.49,203.6,185.43,192.51,187.44,185.81,188.4,171.07,195.06,178.54,191.14,186.57,188.07,191.73,183.58,181.53,182.26,182.91,182.46,165.12,172.97,175.9,150.52,175.24,167.47,155.62,174.24,171.33,160.96,152.7,146.99,156.33,162.07,154.16,153.48,163.06,148.39,142.96,176.88,185.68,177.45,175.03,170.26,153.65,150.12,147.63,145.56,143.33,140.66,137.68,134.66,131.82,129.23,126.9,124.85,123.06,121.52,120.19,118.98,117.83,116.68,115.52,114.35,113.16,111.96,110.75,109.54,108.35,107.16,105.99,104.83,103.68,102.55,101.43,100.32,99.22,98.14,97.07,96.0,94.95,93.92,92.89,91.87,90.87,89.88,88.89,87.92,86.96,86.01,85.07,84.14,83.22,82.31,81.39365248139177,80.48750655159242,79.59144863751739,78.70536643047787,77.8291488721044,76.96268614042728,76.10586963611183,75.25859196884694,74.42074694388518,73.5922295487327,72.77293593998736,71.96276343032338,71.1616104756208,70.36937666223847,69.58596269442835,68.81127038189032,68.04520262746529,67.28766341496532,66.53855779713942,65.79779188377313,65.06527282992067,64.34090882426807,63.6246090776259,62.91628381155007,62.215844247089315,61.523202593657935,60.83827203803249,60.160966733470914,59.49120178895277,58.82889325853935,58.17395813085218,57.52631431866866,56.88588064863356,56.252576851085024,55.62632354999389,55.00704225301497,54.39465534164905,53.78908606151455,53.19025851272737,52.59809764038782,52.012529225173594,51.433479874037324,50.8608770110078,50.2946488680935,49.73472447628753,49.18103365667254,48.633507011624786,48.09207591611612,47.556672509112694,47.027229685069564,46.5036810855199,45.985961090757854,45.474004811613995,44.9677480813224,44.46712744747815,43.97208016408448,43.48254418368841,42.9984581496039,42.51976138822169,42.04639390140465,41.578296358967805,41.115410091242154,40.657677081721204,40.20503995978936,39.75744199353134,39.31482708262157,38.87713975129279,38.4443251413829,38.01632900545926,37.593097700019506,37.17457817876802,36.76071798596737,36.35146524986364,35.94676867618502,35.546577541712836,35.15084168792394,34.759511514704165,34.372537974131525,33.9898725643288,33.61146732338441,33.237274823341096,32.86724816425145,32.50134096829965,32.139507373988614,31.781702030391898,31.427880091469582
42,234.9,227.15,225.1,212.57,213.47,202.65,220.51,185.75,194.85,210.02,214.14,192.64,196.81,196.84,204.22,196.88,199.7,187.06,187.45,180.9,189.72,183.24,190.52,185.24,175.19,175.82,188.39,174.34,184.01,170.29,181.06,152.91,175.79,149.97,172.42,158.4,165.38,177.7,153.82,178.56,191.32,183.98,180.87,164.33,161.98,162.59,159.13,156.42,154.14,151.73,148.91,145.8,142.69,139.76,137.09,134.69,132.56,130.68,129.05,127.61,126.29,125.01,123.75,122.48,121.2,119.91,118.62,117.33,116.05,114.78,113.53,112.29,111.06,109.85,108.64,107.46,106.28,105.12,103.97,102.83,101.71,100.6,99.5,98.41,97.33,96.27,95.22,94.18,93.15,92.13,91.12,90.12,89.14,88.16,87.18200782916404,86.21486489478697,85.25845084219189,84.31264665184177,83.37733462452825,82.45239836672474,81.53772277610194,80.63319402720425,79.73869955728475,78.85412805229761,77.97936943304576,77.1143148414822,76.25885662716335,75.41288833385269,74.57630468627289,73.74900157700507,72.9308760535332,72.12182630543244,71.3217516516994,70.53055252822313,69.74813047539489,68.97438812585563,68.20922919237913,67.45255845588977,66.70428175361305,65.96430596735772,65.23253901192777,64.50888982366307,63.79326834910701,63.08558553380002,62.38575331119726,61.69368459170934,61.00929325186458,60.332494123591445,59.663202983620046,59.001336543000974,58.34681243674062,57.69954921355134,57.05946632571539,56.426484119061264,55.800523823051265,55.181507540979005,54.569358240275704,53.96399974292393,53.36535671597777,52.77335466218814,52.187919910732035,51.60897960804476,51.03646170875369,50.470294966712736,49.910408926136206,49.356733912831054,48.80920102552635,48.267742127299,47.732289837094505,47.20277752134188,46.67913928566149,46.1613099666649,45.649225123845824,45.14282103156078,44.64203467109894,44.14680372283985,43.65706655849809,43.17276223345412,42.69383047917009,42.220211695689756,41.751846944221725,41.28867793980486,40.83064704405513,40.37769725799283,39.92977221494948,39.486816173553336,39.04877401079274,38.61559121515642,38.18721387984988,37.76358869608704,37.344662946456346,36.930384498360354,36.52070179752825,36.115563861600194,35.714920273782916,35.31872117657568,34.92691726556581,34.53945978329314,34.15630051318239,33.777391773542945
43,259.01,237.96,246.78,232.1,248.68,234.03,228.73,237.46,211.02,226.64,226.16,216.22,206.1,217.64,235.03,222.39,221.38,221.33,199.16,192.54,201.95,209.7,216.62,209.57,206.86,191.83,185.64,197.32,194.33,180.56,176.25,180.39,180.64,175.83,172.38,195.64,186.5,195.83,165.46,196.4,216.88,183.83,201.85,198.42,180.31,176.31,172.25,168.55,165.63,163.15,160.56,157.59,154.37,151.17,148.16,145.42,142.95,140.74,138.78,137.05,135.51,134.07,132.68,131.3,129.92,128.53,127.15,125.77,124.4,123.04,121.69,120.36,119.05,117.74,116.46,115.18,113.92,112.68,111.45,110.23,109.02,107.83,106.65,105.49,104.33,103.19,102.06,100.95,99.84,98.75,97.67,96.6,95.55,94.5,93.46583681888207,92.44299102914171,91.43133877861521,90.43075757051824,89.44112624861313,88.46232498253868,87.49423525330027,86.53673983891895,85.58972280023757,84.65306946688206,83.72666642337657,82.81040149541045,81.90416373625546,81.00784341333176,80.12133199492081,79.24452213702374,78.37730767036348,77.51958358752917,76.67124603026126,75.83219227687576,75.00232072982601,74.18153090340078,73.36972341155678,72.5667999558844,71.77266331370531,70.98721732629993,70.2103668872642,69.4420179309934,68.68207742129219,67.93045334010921,67.18705467639504,66.45179141508196,65.72457452618454,65.00531595401924,64.29392860654214,63.5903263448034,62.894423972516954,62.20613722574449,61.525382762692274,60.85207815361963,60.1861418708579,59.52749327893852,58.87605262482928,58.23174102827731,57.59448047225786,56.96419379352743,56.34080467328052,55.72423762790842,55.11441799985923,54.51127194859787,53.9147264416651,53.32470924583425,52.74114891836483,52.16397479835181,51.59311699816959,51.02850639500963,50.47007462251058,49.91775406248016,49.37147783670749,48.831179798865136,48.296794526499674,47.76825731311,47.245504160312265,46.728471770090586,46.217097537132524,45.71131954124852,45.21107653987417,44.716307960654675,44.22695389411034,43.74295508638241,43.26425293205826,42.79078946707511,42.32250736170137,41.85934991359487,41.401261040936966,40.94818527564185,40.50006775664011,40.05685422323589,39.61849100853664,39.18492503295484,38.75610379778078,38.33197537882576,37.91248842013474,37.49759212776794,37.08723626365032,36.681371139488526
44,283.41,285.94,270.68,277.93,258.21,256.02,261.34,251.98,254.44,226.67,240.48,238.68,231.59,241.79,233.83,235.19,234.55,244.46,223.52,219.79,214.38,207.72,215.12,218.74,207.67,214.92,198.18,201.93,212.05,222.9,203.1,196.89,189.35,189.67,192.74,214.43,184.71,202.24,194.86,218.85,232.64,196.63,218.23,201.57,191.15,190.85,187.07,182.75,178.83,175.69,173.01,170.24,167.13,163.8,160.51,157.43,154.61,152.07,149.79,147.75,145.92,144.27,142.71,141.2,139.7,138.21,136.72,135.23,133.76,132.3,130.85,129.42,128.0,126.6,125.22,123.85,122.5,121.16,119.83,118.52,117.23,115.95,114.68,113.42,112.18,110.96,109.74,108.54,107.36,106.18,105.02,103.87,102.74,101.62,100.50714427277808,99.40647559406638,98.31786050168492,97.24116699501785,96.17626451900773,95.1230239483249,94.08131757171043,93.05101907649036,92.0320035332596,91.02414738073355,90.0273284107656,89.04142575352874,88.06631986285937,87.10189250176174,86.14802672807099,85.20460688027329,84.27151856348128,83.34864863556295,82.43588519342268,81.53311755943221,80.64023626801053,79.75713305235037,78.88370083129044,78.01983369633115,77.16542689879263,76.32037683711336,75.48458104428796,74.65793817544241,73.84034799554553,73.0317113672548,72.23193023889553,71.4409076325715,70.65854763240577,69.88475537291053,69.11943702748397,68.36249979703335,67.61385189872263,66.87340255484318,66.14106198180663,65.41674137925797,64.70035291930813,63.991809735884274,63.29102591419686,62.59791648032198,61.91239739089777,61.234385522933785,60.56379866373174,59.900555500916845,59.24457561257822,58.5957794575173,57.954088365603006,57.319424528232524,56.69171098889668,56.07087163384842,55.45683118287367,54.84951518016317,54.24884998528431,53.654762764251764,53.06718148069604,52.48603488712865,51.91125251630292,51.34276467266947,50.78050242392524,50.224397592655095,49.67438274806488,49.13039119780511,48.592356979884116,48.06021485466982,47.53390029697905,47.01334948825351,46.498499308821415,45.989287330243904,45.485651807745214,44.98753167272581,44.494866525357466,44.00759662725946,43.52566289425495,43.04900688920671,42.57757081493126,42.11129750719073,41.65013042776125,41.19401365757748,40.74289188995207,40.29671042386944,39.85541515735294,39.41895258090472
45,338.77,320.65,321.93,321.44,321.82,309.84,282.49,282.77,285.99,291.13,257.61,254.01,253.0,237.89,261.28,278.2,247.96,264.06,248.57,236.69,246.08,260.74,223.6,223.41,241.57,224.45,221.1,227.8,228.77,231.4,213.95,204.48,220.08,226.43,202.33,202.25,214.0,227.93,219.24,238.23,243.27,238.53,229.48,220.37,206.31,205.6,202.64,198.59,194.04,189.9,186.55,183.68,180.74,177.5,174.07,170.7,167.55,164.67,162.06,159.71,157.58,155.66,153.9,152.22,150.58,148.96,147.35,145.75,144.16,142.59,141.03,139.48,137.96,136.45,134.96,133.48,132.03,130.58,129.15,127.74,126.35,124.96,123.6,122.25,120.91,119.59,118.28,116.99,115.71,114.44,113.19,111.95,110.73,109.52,108.31181480473793,107.11695787340986,105.93528217340835,104.7666422941368,103.61089442911587,102.46789635828755,101.33750743051426,100.21958854627114,99.11400214052917,98.0206121658272,96.93928407553067,95.86988480727501,94.81228276659176,93.76634781071523,92.73195123256787,91.70896574492222,90.69726546473768,89.69672589767004,88.70722392275181,87.72863777724172,86.76084704164117,85.80373262487613,84.85717674964238,83.92106293791252,82.9952759966028,82.07970200339805,81.17422829273306,80.27874344192864,79.3931372574803,78.51730076149879,77.65112617829953,76.79450692114058,75.94733757910652,75.10951390413713,74.28093279819933,73.46149230060036,72.65109157544109,71.84963089920772,71.05701164850039,70.27313628789702,69.49790835795116,68.73123246332227,67.97301426103684,67.22316044887904,66.48157875390952,65.74817792111074,65.02286770215765,64.30555884431223,63.5961630794405,62.89459311315077,62.200762614051605,61.514586203128424,60.83597944323715,60.164858828713896,59.501141775099185,58.84474660897553,58.19559255791716,57.553599740550666,56.91868915672514,56.290782677790894,55.66980303698536,55.0556738199251,54.44831945520257,53.84766520508684,53.25363715632667,52.666162211055195,52.085168077794904,51.510583262561816,50.942337060067835,50.380359545020134,49.824581563516546,49.27493472453583,48.73135139152187,48.193764674060674,47.66210841964921,47.136317205555024,46.61632633076569,46.10207180802705,45.59349035596927,45.090519391319845,44.59309702120233,44.101162035520254,43.61465389942485,43.13351274586601,42.65767936822537,42.18709521303065
46,373.95,369.3,359.62,343.29,358.69,346.75,331.83,326.04,311.83,310.14,334.35,279.03,275.06,266.95,279.25,284.77,266.39,275.74,291.84,267.75,274.18,273.17,268.74,246.24,249.18,247.87,237.08,246.72,246.21,228.52,230.95,218.5,219.16,230.54,219.81,225.82,216.4,241.22,229.92,255.72,262.59,250.34,240.17,252.0,226.33,221.38,218.82,215.57,211.27,206.49,202.15,198.61,195.54,192.44,189.07,185.54,182.1,178.88,175.94,173.27,170.84,168.63,166.61,164.72,162.92,161.15,159.4,157.67,155.95,154.24,152.56,150.89,149.24,147.61,145.99,144.4,142.82,141.26,139.71,138.19,136.68,135.18,133.7,132.24,130.8,129.37,127.95,126.55,125.17,123.8,122.45,121.11,119.79,118.48,117.17404362305489,115.88248226685997,114.60515726101396,113.34191168407422,112.09259034427875,110.85703976048057,109.63510814329237,108.42664537643888,107.23150299831491,106.04953418374656,104.88059372595349,103.72453801871008,102.58122503870314,101.45051432808417,100.33226697721378,99.22634560759651,98.13261435500367,97.05093885278208,95.98118621534705,94.9232250218571,93.87692530006869,92.84215851036895,91.81879752998437,90.80671663736354,89.8057914967321,88.81589914281783,87.83691796574425,86.86872769609057,85.9112093901164,84.9642454151494,84.02771943513383,83.10151639633852,82.18552251322232,81.27962525445537,80.38371332909442,79.49767667291059,78.62140643486781,77.75479496375023,76.89773579493718,76.05012363732375,75.21185436038564,74.38282498138655,73.56293365272656,72.75207964943006,71.95016335677145,71.15708625803734,70.37275092242358,69.5970609930658,68.82992117520175,68.0712372244642,67.32091593530288,66.57886512953401,65.84499364501609,65.11921132445042,64.40142900430523,63.691558503861685,62.98951261438083,62.295205088389814,61.608550629086245,60.92946487985935,60.25786441392666,59.59366672408481,58.93679021257349,58.28715418105099,57.64467882068023,57.009285202324214,56.380895266849386,55.75943181553594,55.14481850059388,54.53697981578351,53.93584108713944,53.34132846379669,52.75336890891806,52.171890190721406,51.596820873605836,51.02809030937575,50.465628628561596,49.90936673183629,49.35923628152624,48.81516969321598,48.27710012744527,47.74496148149781,47.21868838128038,46.69821617329154,46.18348091667885,45.67441937538361
47,423.35,416.35,404.52,381.99,364.34,380.01,372.85,362.88,365.32,352.89,298.66,335.13,311.18,294.13,295.22,298.04,315.97,317.35,306.35,307.48,304.16,311.39,301.66,279.57,277.22,273.6,253.34,277.35,249.83,244.29,224.53,243.96,234.76,242.11,257.11,258.12,256.6,254.66,252.93,280.36,297.17,274.65,275.09,267.86,244.61,239.96,236.6,233.72,230.19,225.63,220.64,216.1,212.36,209.1,205.83,202.33,198.71,195.19,191.9,188.89,186.14,183.63,181.32,179.18,177.17,175.22,173.31,171.42,169.55,167.7,165.87,164.05,162.26,160.49,158.73,157.0,155.28,153.58,151.91,150.24,148.6,146.98,145.37,143.78,142.21,140.66,139.12,137.6,136.09,134.61,133.13,131.68,130.24,128.81,127.38781247663724,125.98132728501588,124.59037105614055,123.21477233517804,121.85436156032303,120.50897104189724,119.17843494167931,117.86258925246298,116.5612717778408,115.27432211221127,114.00158162100648,112.74289342113832,111.49810236166033,110.2670550046432,109.0495996062614,107.84558609808867,106.65486606859992,105.47729274487746,104.31272097451921,103.16100720774658,102.02200947970998,100.8955873929897,99.78160210028985,98.67991628732362,97.5903941558873,96.51290140712123,95.44730522495564,94.39347425973921,93.3512786120483,92.32058981667514,91.30128082679263,90.29322599829403,89.29630107430562,88.31038316987024,87.33535075680003,86.37108364869637,85.41746298613525,84.47437122201613,83.54169210707269,82.61931067554337,81.70711323100033,80.8049873323347,79.91282177989676,79.03050660178884,78.15793304030991,77.29499353854955,76.44158172713017,75.59759241109539,74.76292155694337,73.93746627980312,73.12112483075266,72.31379658427686,71.51538202586407,70.7257827397395,69.94490139673412,69.17264174228745,68.40890858458292,67.65360778281398,66.9066462355801,66.16793186941062,65.4373736274155,64.71488145806111,64.00036630407031,63.29374009144478,62.59491571860868,61.903807045672195,61.22032888381356,60.54439698477836,59.875928030494734,59.214839622803275,58.5610502733003,57.914479393293256,57.27504728386704,56.64267512605998,56.0172849711483,55.398799731037876,54.78714316876201,54.18223988908417,53.58401532920447,52.99239574956878,52.40730822477926,51.8286806346053,51.256441655093695,50.69052074977699,50.13084816097881,49.577354901215294
48,449.87,442.62,458.3,455.57,425.5,411.69,382.66,415.28,391.68,367.73,380.52,357.71,369.86,309.11,340.67,329.02,323.64,330.27,320.15,326.22,330.61,316.53,327.64,311.0,321.66,300.38,282.67,287.64,274.7,271.5,267.12,254.44,252.33,251.22,251.29,269.92,269.64,273.61,262.49,308.04,333.19,290.1,299.43,279.72,264.57,262.08,256.93,253.23,250.04,246.23,241.43,236.23,231.5,227.56,224.12,220.68,217.05,213.33,209.74,206.38,203.3,200.47,197.87,195.45,193.19,191.03,188.93,186.87,184.83,182.81,180.81,178.83,176.88,174.95,173.03,171.14,169.27,167.42,165.59,163.78,161.99,160.22,158.47,156.74,155.02,153.33,151.65,150.0,148.36,146.73,145.13,143.54,141.97,140.42,138.864793381185,137.32681128613586,135.8058629464908,134.30175970672252,132.81431500073762,131.34334432873558,129.88866523432347,128.45009728188458,127.02746203419753,125.6205830303031,124.22928576361655,122.853397660282,121.49274805776682,120.14716818369288,118.81649113490239,117.50055185675558,116.19918712265758,114.9122355138121,113.63953739919945,112.38093491577608,111.13627194889364,109.90539411293477,108.68814873216346,107.48438482178737,106.29395306923003,105.11670581561033,103.95249703742726,102.80118232844738,101.662618881793,100.5366654722286,99.42318243864365,98.32203166672917,97.23307657184642,96.15618208208512,95.09121462150944,94.0380420935894,92.99653386481606,91.96656074849776,90.94799498873621,89.94071024457985,88.94458157435271,87.95948542015698,86.98529959254704,86.0219032553733,85.06917691079403,84.12700238445298,83.19526281082125,82.2738426187016,81.36262751689308,80.4615044800148,79.57036173448614,78.68908874466293,77.81757619912653,76.95571599712522,76.10340123516555,75.26052619375218,74.42698632427475,73.6026782360397,72.78749968344604,71.98134955330298,71.18412785228792,70.39573569454365,69.61607528941256,68.84504992930704,68.08256397771392,67.32852285733193,66.58283303834062,65.84540202679895,65.1161383531726,64.39495156098825,63.681752195613505,62.97645179316118,62.27896286951634,61.58919890948496,60.907074356062765,60.23250459982287,59.56540596842101,58.90569571621697,58.25329201401099,57.60811393889382,56.97008146420919,56.33911544962745,55.71513763132918,55.09807061229747,54.48783785271777,53.884363660484006
49,563.37,519.92,515.67,504.03,460.42,466.34,436.45,449.74,437.16,418.89,412.32,396.32,387.2,383.04,380.89,379.92,360.21,347.26,365.4,384.17,378.32,377.58,343.51,353.08,333.02,326.72,312.74,318.08,298.06,293.51,280.61,278.11,287.02,286.21,292.49,285.08,305.62,302.67,291.7,339.12,366.62,318.55,318.23,317.61,293.88,288.29,281.13,275.61,271.57,268.07,263.98,258.94,253.54,248.62,244.49,240.86,237.25,233.49,229.68,226.01,222.58,219.41,216.49,213.78,211.25,208.84,206.53,204.26,202.03,199.82,197.64,195.48,193.34,191.23,189.14,187.07,185.03,183.0,181.0,179.03,177.07,175.13,173.22,171.33,169.45,167.6,165.77,163.96,162.17,160.39,158.64,156.91,155.19,153.49,151.78655793107225,150.10202077374913,148.43617872008394,146.78882429059232,145.15975230841082,143.54875987374226,141.95564633858464,140.38021328174074,138.8222644841046,137.28160590422294,135.75804565412707,134.25139397543364,132.76146321571025,131.2880678051034,129.83102423322606,128.39015102630148,126.96526872456072,125.55619985989114,124.16276893373283,122.78480239522038,121.42212861956725,120.07457788669002,118.74198236006984,117.42417606584861,116.12099487215687,114.83227646867147,113.55786034639979,112.2975877776886,111.05130179645452,109.81884717863399,108.60007042285035,107.3948197312952,106.2029449908222,105.02429775425053,103.85873122187589,102.70610022318671,101.56626119878325,100.43907218249743,99.32439278371093,98.2220841698698,97.13200904919276,96.05403165357177,94.98801772166213,93.93383448216031,92.89135063726744,91.86043634633617,90.8409632096992,89.83280425267712,88.83583390976383,87.84992800898742,86.8749637564447,85.9108197210072,84.95737581919711,84.01451330023089,83.08211473122897,82.16006398258959,81.24824621352491,80.34654785775766,79.4548566093765,78.57306140884857,77.70105242918686,76.8387210622715,75.98595990532266,75.14266274752356,74.30872455679204,73.48404146669886,72.66851076353117,71.86203087349972,71.06450135008775,70.27582286154053,69.49589717849368,68.72462716173868,67.96191675012437,67.2076709485925,66.4617958163462,65.7241984551497,64.99478699775796,64.27347059647462,63.56015941183702,62.85476460142672,62.15719830880426,61.467373652566714,60.785204715526625,60.110606534011126,59.44349508727976,58.78378728705973
50,638.05,561.6,561.49,554.53,523.66,527.56,522.05,508.05,478.45,479.92,476.5,450.91,445.2,412.32,442.75,382.83,396.38,377.63,398.69,433.59,384.48,398.9,402.8,366.31,379.23,359.96,334.49,360.85,318.25,315.51,298.31,301.28,296.73,295.91,341.53,325.73,312.59,321.18,327.35,365.63,382.93,362.08,352.75,346.05,323.97,318.41,309.72,302.16,296.27,291.9,288.08,283.7,278.42,272.83,267.72,263.39,259.56,255.78,251.89,247.97,244.21,240.69,237.44,234.41,231.58,228.9,226.34,223.84,221.39,218.97,216.58,214.21,211.87,209.56,207.27,205.0,202.76,200.55,198.35,196.19,194.04,191.92,189.82,187.75,185.7,183.67,181.66,179.67,177.71,175.77,173.85,171.95,170.07,168.21,166.3391221014265,164.48905262156399,162.65956012345464,160.85041574424613,159.0613931665619,157.29226859018934,155.54282070408345,153.81283065868158,152.1020820385261,150.41036083519163,148.7374554205134,147.08315652011333,145.4472571872205,143.82955277678292,142.2298409198672,140.6479214983429,139.08359661984846,137.53667059303564,136.00694990308918,134.49424318751886,132.99836121222077,131.51911684780464,130.05632504618487,128.60980281743153,127.17936920687907,125.76484527248951,124.36605406246743,122.98282059312396,121.61497182698695,120.26233665115467,118.92474585589014,117.60203211345357,116.29402995717041,115.00057576073193,113.7215077177263,112.45666582139701,111.20589184462682,109.96902932014393,108.74592352094866,107.53642144095753,106.34037177586288,105.15762490420512,103.98803286865576,102.83144935750839,101.68772968637562,100.5567307800897,99.4383111548042,98.33233090029496,97.23865166245787,96.15713662600119,95.08765049733051,94.03005948762396,92.98423129609584,91.95003509344612,90.92734150549423,89.9160225969949,88.91595185563378,87.92700417620136,86.9490558449426,85.98198452408097,85.02566923651429,84.07999035068103,83.14482956559476,82.2200698960452,81.30559565796376,80.4012924539519,79.50704715897037,78.62274790618778,77.74828407298642,76.88354626712373,76.02842631304779,75.18281723836492,74.34661326045786,73.51970977325269,72.70200333413304,71.89339165099979,71.09377356947465,70.3030490602462,69.5211192065565,68.74788619182706,67.98325328742224,67.22712484054892,66.47940626229065,65.74000401577494,65.00882560447212,64.2857795606244
51,648.25,647.49,616.24,609.55,596.92,601.14,568.02,540.2,527.54,540.32,522.25,493.46,505.01,470.82,448.21,444.32,445.1,432.47,429.13,420.83,432.2,419.12,421.03,429.32,419.8,408.22,373.0,381.09,373.96,358.46,336.42,326.03,337.08,341.83,328.53,334.45,337.45,349.2,351.64,397.17,404.41,385.32,386.29,379.85,356.79,352.04,342.57,333.42,325.46,319.2,314.49,310.34,305.67,300.16,294.36,289.06,284.53,280.49,276.53,272.49,268.46,264.6,260.99,257.62,254.47,251.49,248.64,245.89,243.2,240.54,237.91,235.31,232.74,230.2,227.68,225.19,222.73,220.3,217.89,215.51,213.15,210.82,208.52,206.24,203.99,201.76,199.55,197.37,195.22,193.08,190.97,188.88,186.82,184.78,182.73128938866634,180.7052934389248,178.70176030659184,176.72044093975495,174.76108904781407,172.82346107086593,170.90731614942803,169.01241609449846,167.13852535794723,165.2854110032363,163.45284267646403,161.64059257773084,159.848435432822,158.07614846520482,156.323511368336,154.59030627827622,152.87631774660815,151.18133271365497,149.50514048199554,147.84753269027354,146.2083032872967,144.58724850642335,142.98416684023303,141.39885901547774,139.83112796831094,138.28077881979146,136.7476188516586,135.2314574823762,133.732106243442,132.24937875595992,130.78309070747187,129.33305982904668,127.89910587262273,126.48105058860213,125.07871770369306,123.69193289899795,122.32052378834449,120.96431989685692,119.62315263976497,118.29685530144766,116.98526301470952,115.68821274028646,114.40554324657907,113.13709508961048,111.88271059320638,110.64223382939495,109.41551059902403,108.20238841259308,107.0027164712979,105.81634564828526,104.64312847011558,103.48291909843101,102.33557331182675,101.20094848792345,100.07890358563834,98.96929912765299,97.87199718307524,96.78686135029365,95.71375674002182,94.65254995853093,93.60310909106782,92.56530368545742,91.53900473588648,90.52408466686747,89.5204173173801,88.52787792518866,87.54634311133334,86.57569086479343,85.61580052732053,84.66655277843998,83.72782962061862,82.79951436459687,81.88149161488359,80.97364725541156,80.07586843535232,79.18804355508786,78.31006225233833,77.44181538844308,76.58319503479417,75.73409445942012,74.89440811371841,74.06403161933522,73.24286175519039,72.43079644464649,71.62773474282001,70.8335768240333
52,751.92,743.29,707.02,662.63,689.36,647.08,621.52,612.16,574.99,571.52,595.3,579.02,558.85,547.93,514.32,520.53,496.77,491.02,482.65,454.26,467.44,464.87,454.35,475.03,440.86,432.99,416.91,406.83,399.08,410.35,393.16,346.96,357.79,354.76,352.53,362.75,372.87,382.44,364.06,421.78,466.51,404.37,429.76,402.41,388.56,388.23,378.99,369.04,359.46,351.1,344.48,339.41,334.93,329.97,324.21,318.21,312.72,307.98,303.73,299.58,295.38,291.23,287.25,283.52,280.02,276.72,273.57,270.52,267.55,264.63,261.74,258.88,256.05,253.25,250.48,247.75,245.04,242.36,239.72,237.1,234.51,231.94,229.41,226.9,224.42,221.97,219.54,217.15,214.77,212.43,210.1,207.81,205.54,203.29,201.04182081613135,198.81850419137916,196.6197751713046,194.44536184218336,192.2949952973784,190.16840960408467,188.06534177044156,185.9855317130091,183.92872222460372,181.89465894248994,179.88309031692356,177.8937675800429,175.92644471510405,173.98087842605634,172.05682810745412,170.1540558147017,168.27232623462677,166.41140665637974,164.57106694265465,162.75107950122847,160.95121925681502,159.17126362323026,157.41099247586536,155.67018812446418,153.94863528620192,152.24612105906127,150.56243489550317,148.89736857642873,147.25071618542893,145.6222740833195,144.01184088295682,142.41921742433286,140.84420674994527,139.28661408044007,137.74624679052326,136.2229143851394,134.7164284759132,133.22660275785194,131.7532529863052,130.29619695417972,128.85525446940605,127.43024733265456,126.02099931529756,124.62733613761554,123.24908544724421,121.88607679785989,120.53814162810062,119.20511324072048,117.8868267819744,116.58311922123085,115.29382933081003,114.01879766604524,112.75786654556448,111.51088003179021,110.27768391165472,109.05812567752895,107.852054508362,106.6593212510293,105.47977840188709,104.3132800885308,103.15968205175528,102.01884162771445,100.89061773027818,99.7748708335845,98.67146295478453,97.58025763697837,96.50111993233972,95.43391638542694,94.37851501667897,93.33478530609345,92.30259817708559,91.28182598052543,90.27234247895164,89.27402283095991,88.28674357576399,87.3103826179275,86.34481921226451,85.38993394890717,84.44560873853848,83.51172679778834,82.58817263479108,81.6748320349028,80.77159204657659,79.87834096739394,78.99496833025066,78.12136488969563
53,887.96,856.62,791.31,788.83,777.67,735.18,684.39,706.4,679.85,650.07,649.65,640.15,638.34,591.09,604.56,566.3,570.45,549.93,534.91,519.45,495.88,493.7,498.26,491.1,459.48,493.33,485.17,446.57,445.79,418.86,433.54,399.67,394.74,393.87,387.92,392.17,375.01,419.39,405.11,455.22,468.28,442.05,456.08,431.7,421.43,425.49,417.69,407.95,397.54,387.56,378.84,371.87,366.45,361.62,356.36,350.37,344.18,338.5,333.55,329.08,324.72,320.36,316.08,311.98,308.11,304.45,300.97,297.61,294.34,291.12,287.94,284.79,281.68,278.61,275.56,272.55,269.57,266.63,263.72,260.84,257.99,255.17,252.38,249.62,246.89,244.2,241.53,238.89,236.28,233.7,231.14,228.62,226.12,223.65,221.16679049557303,218.71115232780096,216.28277936922922,213.88136889136848,211.50662152695577,209.15824123263442,206.8359352520482,204.53941407934562,202.26839142308916,200.02258417056524,197.8017123524906,195.60549910811037,193.43367065068387,191.28595623335332,189.16208811539192,187.06180152882632,184.98483464542988,182.93092854408232,180.8998271784918,178.89127734527548,176.90502865239432,174.94083348793845,172.99844698925915,171.07762701244343,169.1781341021277,167.29973146164647,165.44218492351257,163.60526292022516,161.78873645540165,159.99237907523047,158.21596684024055,156.45927829738434,154.72209445243084,153.004198742665,151.3053770098905,149.62541747373191,147.9641107052337,146.32124960075205,144.6966293561367,143.0900474411995,141.50130357446622,139.93019969820904,138.37653995375584,136.840130657074,135.3207802746252,133.81829939948807,132.33250072774624,130.86319903513842,129.41021115396796,127.97335595026829,126.55245430122235,125.14732907283265,123.7578050978391,122.38370915388212,121.02486994190829,119.68111806481556,118.35228600633582,117.03820811015163,115.73872055924515,114.45366135547616,113.1828702993868,111.9261889702307,110.68346070622368,109.45453058501391,108.2392454043687,107.03745366307592,105.84900554205731,104.67375288569164,103.51154918334517,102.3622495511071,101.22571071372799,100.1017909867586,98.990350258887,97.89124997447196,96.80435311627011,95.72952418835493,94.6666291992255,93.61553564510263,92.5761124934105,91.54823016644187,90.53176052520432,89.52657685344624,88.53255384185987,87.5495675724599,86.57749550313551,85.61621645237373
54,971.93,956.95,914.22,877.65,878.63,823.71,806.86,781.09,751.08,714.21,716.51,664.35,682.56,637.97,647.83,642.79,622.49,628.36,599.02,517.74,575.32,526.13,548.06,544.29,510.7,528.78,516.26,503.9,467.29,463.74,448.16,435.83,442.81,430.87,421.79,415.53,424.15,432.55,433.47,506.0,514.57,479.69,479.67,463.89,457.41,463.19,457.57,449.28,439.08,428.26,417.9,408.84,401.53,395.76,390.59,385.03,378.81,372.43,366.57,361.4,356.7,352.13,347.6,343.16,338.91,334.88,331.03,327.33,323.73,320.19,316.69,313.24,309.81,306.43,303.08,299.77,296.5,293.26,290.06,286.89,283.75,280.65,277.59,274.55,271.56,268.59,265.65,262.75,259.88,257.04,254.23,251.46,248.71,245.99,243.2706167332073,240.58129584842897,237.92170501045373,235.29151555798725,232.69040246303751,230.11804429074905,227.5741231596814,225.0583247025268,222.57033802726173,220.10985567872834,217.6765736006402,215.27019109800858,212.89041079998347,210.53693862310595,208.20948373496645,205.9077585182649,203.63147853526817,201.38036249266045,199.1541322067822,196.95251256925326,194.77523151297612,192.62201997851514,190.492611880847,188.3867440764793,186.30415633093213,184.24459128657963,182.20779443084652,180.19351406475664,178.201501271829,176.23150988731763,174.28329646779167,172.3566202610516,170.45124317637806,168.56692975510947,166.70344714154524,164.8605650541702,163.03805575719755,161.23569403242604,159.45325715140856,157.6905248479282,155.94727929077865,154.2233050568456,152.51838910448552,150.832320747199,149.16489162759476,147.51589569164196,145.88512916320667,144.27239051887025,142.67748046302572,141.1002019032497,139.54035992594672,137.99776177226218,136.47221681426254,134.96353653137783,133.4715344871053,131.9960263059704,130.53682965074216,129.09376419990107,127.66665162535537,126.25531557040418,124.85958162794395,123.47927731891606,122.1142320709925,120.76427719749724,119.42924587656066,118.10897313050434,116.80329580545389,115.51205255117692,114.23508380114419,112.97223175281094,111.72334034811635,110.48825525419849,109.2668238443225,108.05889517901971,106.86431998743495,105.68295064888048,104.51464117459354,103.35924718969565,102.21662591535136,101.0866361511243,99.96913825752809,98.86399413877037,97.77106722568746,96.69022245886767,95.62132627196125,94.5642465751748
55,1123.47,1076.29,1008.52,989.5,935.86,907.74,918.57,874.1,793.19,830.77,796.51,771.42,752.47,719.17,712.51,722.83,670.68,692.99,646.64,625.96,595.5,603.73,623.84,563.39,574.66,565.29,581.46,560.59,552.77,513.35,499.33,473.27,456.86,473.49,480.02,488.05,457.43,471.94,462.33,532.1,562.5,512.98,513.41,521.82,499.01,502.52,498.61,492.5,483.74,473.1,461.88,451.18,441.78,434.13,428.0,422.48,416.61,410.16,403.6,397.53,392.14,387.19,382.39,377.65,373.03,368.6,364.37,360.29,356.32,352.43,348.58,344.77,341.01,337.28,333.6,329.96,326.35,322.79,319.26,315.78,312.33,308.91,305.54,302.2,298.9,295.64,292.41,289.21,286.05,282.93,279.84,276.78,273.76,270.77,267.7888458482183,264.8405139443839,261.9246429184013,259.04087537882845,256.18885786907197,253.36824082406483,250.57867852742083,247.81982906906137,245.0913543033079,242.39291980743647,239.72419484068823,237.0848523037312,234.47456869856885,231.89302408888918,229.33990206085133,226.81488968430327,224.31767747442674,221.84795935380438,219.4054326149046,216.98979788297942,214.60075907937073,212.23802338522083,209.90130120558206,207.59030613392198,205.30475491701915,203.04436742024552,200.80886659323087,198.5979784359055,196.41143196491666,194.2489591804147,192.11029503320498,189.99517739226158,187.90334701259823,185.83454750349352,183.78852529706552,181.76502961719262,179.76381244877658,177.78462850734368,175.8272352089811,173.8913926406037,171.97686353054854,170.08341321949305,168.21080963169345,166.35882324653969,164.52722707042366,162.71579660891712,160.924309839256,159.15254718312755,157.4002914797571,155.6673279592913,153.95344421647414,152.258430184613,150.58207810983137,148.92418252560475,147.28454022757728,145.6629502486553,144.05921383437547,142.47313441854374,140.9045175991428,139.3531711145046,137.81890481974537,136.30153066346,134.80086266467293,133.31671689004304,131.84891143131918,130.39726638304435,128.96160382050493,127.54174777792294,126.1375242268883,124.74876105502858,123.37528804491365,122.01693685319242,120.67354098995948,119.34493579834883,118.03095843435219,116.73144784685971,115.44624475792017,114.17519164321884,112.91813271276993,111.67491389182184,110.44538280197264,109.22938874249331,108.02678267185675,106.83741718947012,105.66114651760832,104.49782648354626
56,1203.55,1159.08,1163.24,1096.16,1094.54,1065.0,1028.31,990.39,941.44,945.38,870.43,846.32,838.72,772.48,807.16,807.24,765.4,755.9,729.43,743.83,693.21,641.99,667.96,609.51,592.76,646.8,632.75,600.84,596.34,607.93,562.23,525.23,514.15,498.47,536.35,520.39,515.52,501.45,533.63,592.76,604.62,554.68,557.13,554.2,539.91,545.96,542.35,537.94,531.33,522.08,511.01,499.41,488.36,478.63,470.63,464.13,458.23,452.03,445.32,438.55,432.28,426.63,421.4,416.33,411.36,406.51,401.85,397.35,392.97,388.68,384.43,380.24,376.09,371.98,367.92,363.9,359.93,356.0,352.11,348.26,344.46,340.7,336.98,333.3,329.66,326.06,322.49,318.97,315.49,312.04,308.63,305.26,301.93,298.63,295.3437023922051,292.09356910804485,288.8792021743408,285.7002079974422,282.55619731503083,279.44678514845685,276.3715907555983,273.3302375842405,270.3223532259674,267.3475693705611,264.40552176090284,261.4958501483702,258.6181982487256,255.77221369848948,252.95754801179442,250.1738565377134,247.42079841805793,244.69803654564066,242.00523752299713,239.34207162156173,236.70821274129312,234.10333837074393,231.52712954756953,228.9792708194719,226.45945020557292,223.96735915821296,221.50269252516946,219.06514851229204,216.65442864654787,214.27023773947454,211.9122838510344,209.5802782538673,207.27393539793633,204.9929728755626,202.73711138684504,200.5060747054606,198.2995896448408,196.11738602472045,193.95919663805458,191.8247572182995,189.7138064070537,187.62608572205502,185.5613395255299,183.51931499289094,181.4997620817792,179.50243350144675,177.52708468247621,175.57347374683405,173.64136147825266,171.73051129293896,169.8406892106051,167.97166382581773,166.12320627966326,164.2950902317241,162.4870918323638,160.69898969531715,158.9305648705816,157.18160081760743,155.45188337878255,153.74120075320943,152.04934347077034,150.37610436647816,148.72127855510934,147.0846634061161,145.46605851881463,143.86526569784644,142.28208892890962,140.7163343547572,139.1678102514598,137.63632700492923,136.12169708770065,134.6237350359701,133.14225742688487,131.67708285608364,130.2280319154837,128.79492717131302,127.37759314238357,125.97585627860404,124.58954493972888,123.21848937434133,121.86252169906759,120.52147587801981,119.1951877024653,117.88349477071942,116.5862364682598,115.30325394805938
57,1367.45,1361.89,1318.72,1218.11,1194.29,1165.58,1194.23,1097.65,1061.05,1022.81,988.73,947.41,986.41,921.26,880.61,848.54,882.48,825.57,868.94,779.74,769.8,744.56,742.01,713.43,675.34,685.06,647.62,663.86,636.55,632.27,608.77,579.21,599.68,555.49,589.74,545.06,570.93,583.79,544.14,635.43,638.41,620.87,616.32,586.17,584.18,595.41,591.04,586.91,581.96,574.83,565.08,553.57,541.58,530.17,520.1,511.73,504.81,498.5,491.95,484.96,477.96,471.43,465.49,459.94,454.56,449.29,444.17,439.2,434.37,429.62,424.93,420.29,415.7,411.16,406.67,402.23,397.84,393.5,389.2,384.95,380.75,376.59,372.48,368.41,364.39,360.41,356.47,352.58,348.73,344.92,341.16,337.43,333.75,330.1,326.477661530567,322.8950726400104,319.35179713799806,315.8474036207138,312.38146541833316,308.95356054307507,305.5632716378237,302.2101859253138,298.89389515787434,295.6139955677227,292.3700878178052,289.16177695317646,285.98867235291254,282.85038768255197,279.746540847058,276.6767539442979,273.64065321903195,270.637869017408,267.6680357419546,264.7307918070693,261.8257795949935,258.95264541227243,256.1110394466913,253.30061572468514,250.52103206921527,247.7719500581084,245.05303498285264,242.3639558078459,239.70438513009154,237.07399913933563,234.47247757864267,231.89950370540308,229.35476425276897,226.83794939151318,224.34875269230633,221.88687108840853,219.45200483877,217.0438574915368,214.6621358479569,212.30654992668238,209.9768129284636,207.67264120123028,205.3937542055563,203.1398744805031,200.91072760983806,198.7060421886236,196.52554979017273,194.36898493336744,192.2360850503357,190.12659045448285,188.0402443088742,185.9767925949644,183.9359840816699,181.91757029478092,179.92130548670892,177.94694660656617,175.9942532705737,174.06298773279383,172.15291485618388,170.26380208396762,168.39541941132086,166.54753935736773,164.71993693748402,162.91238963590501,161.1246773786333,159.35658250664414,157.60788974938515,155.87838619856612,154.1678612822371,152.4761067391506,150.80291659340506,149.14808712936693,147.5114168668675,145.89270653667234,144.29175905621946,142.70837950562418,141.14237510394688,139.59355518572158,138.0617311777417,136.5467165761008,135.04832692348532,133.5663797867161,132.100694734537,130.65109331564653,129.21739903697113,127.79943734217653
58,1476.53,1474.81,1453.27,1387.23,1401.1,1297.13,1303.85,1205.53,1170.29,1146.57,1093.55,1079.85,1056.43,976.93,970.77,964.36,949.68,966.45,886.75,835.56,860.54,837.07,787.62,714.74,740.46,732.09,743.24,687.57,720.2,685.15,687.85,631.63,636.12,653.36,621.81,623.53,609.63,635.08,602.61,711.7,706.36,650.29,666.03,646.29,639.5,649.97,645.11,640.18,635.48,629.96,622.28,612.03,600.08,587.71,575.96,565.53,556.78,549.44,542.69,535.75,528.46,521.2,514.39,508.13,502.22,496.48,490.88,485.41,480.06,474.82,469.64,464.51,459.44,454.43,449.47,444.56,439.71,434.91,430.16,425.46,420.82,416.23,411.68,407.19,402.74,398.34,394.0,389.69,385.44,381.23,377.07,372.95,368.88,364.85,360.8676774818372,356.92882184770525,353.03295865837964,349.1796186531202,345.3683376931481,341.59865670573987,337.87012162893177,334.18228335682727,330.5346976855022,326.92692525949934,323.3585315189083,319.82908664702177,316.3381655185638,312.8853476484833,309.4702171413056,306.09236264103816,302.7513772816218,299.4468586379233,296.17840867726295,292.9456337114712,289.7481443494686,286.5855554503627,283.4574860770581,280.3635594503718,277.3034029036499,274.2766478378793,271.28292967729004,268.32188782544114,265.39316562178703,262.49641029871685,259.6312729390636,256.7974084340766,253.9944754418527,251.22213634622148,248.48005721607888,245.76790776516486,243.08536131228013,240.43209474193716,237.8077884654403,235.21212638239132,232.6447958426145,230.10548760849795,227.59389581774514,225.10971794653392,222.65265477307702,220.22241034158031,217.81869192659508,215.44120999775842,213.0896781849194,210.76381324364525,208.46333502110437,206.18796642232167,203.93743337680212,201.71146480551866,199.50979258826055,197.33215153133787,195.1782793356389,193.0479165650357,190.94080661513473,188.8566956823689,186.79533273342625,184.75646947501306,182.7398603239466,180.74526237757414,178.77243538451546,176.821141715724,174.89114633586436,172.98221677500203,171.09412310060208,169.2266378898337,167.37953620217667,165.55259555232718,163.74559588339932,161.95831954041876,160.19055124410625,158.44207806494683,156.71268939754228,155.00217693524354,153.31033464505995,151.63695874284232,149.98184766873695,148.3448020629075,146.7256247415219,145.1241206730015,143.54009695452905,141.97336278881357
59,1703.36,1643.03,1576.95,1579.53,1532.59,1544.28,1434.44,1378.48,1332.34,1249.01,1244.47,1198.84,1162.81,1132.19,1081.13,1068.34,1034.77,1013.61,1009.09,952.5,937.46,915.88,893.23,821.71,808.0,785.24,783.7,783.0,778.65,741.39,710.04,711.97,738.81,715.65,663.66,686.49,684.73,654.37,664.25,776.79,759.75,698.38,696.43,716.09,697.83,707.79,703.62,698.16,692.63,687.31,681.19,672.94,662.19,649.82,637.09,625.02,614.26,605.12,597.33,590.12,582.78,575.16,567.63,560.52,553.9,547.59,541.46,535.46,529.58,523.79,518.08,512.42,506.83,501.3,495.83,490.42,485.07,479.77,474.54,469.36,464.24,459.17,454.16,449.2,444.3,439.45,434.65,429.91,425.21,420.57,415.98,411.44,406.95,402.5,398.12163386853086,393.7908952898101,389.5072661747348,385.2702340699383,381.0792920964849,376.93393888923157,372.8336785368493,368.77802052249706,364.7664796651407,360.79857606151074,356.87383502869085,352.99178704733157,349.1519677054811,345.3539176430278,341.59718249674603,337.881312845941,334.2058641586839,330.5703967386323,326.97447567242926,323.4176707776739,319.8995565514587,316.41971211946645,312.97772118562034,309.5731719822824,306.20565722099377,302.87477404374994,299.580123974807,296.3213128730117,293.09795088464983,289.909652396808,286.75603599124236,283.63672439874944,280.5513444540331,277.4995270510625,274.48090709891574,271.4951234781038,268.5418189973695,265.6206403509566,262.7312380763435,259.8732665124369,257.04638375822003,254.25025163185083,251.48453563020513,248.74890488885973,246.04303214251084,243.36659368582332,240.71926933470527,238.10074238800445,235.5106995896211,232.94883109103284,230.41483041422714,227.90839441503744,225.42922324687768,222.97702032487143,220.55149229037124,218.15234897586407,215.77930337025822,213.43207158454805,211.11037281785227,208.81392932382118,206.54246637741022,204.2957122420141,202.07339813695867,199.87525820534694,197.70102948225392,195.55045186326842,193.4232680733762,191.3192236361823,189.2380668434677,187.17954872507732,185.14342301913558,183.12944614258592,181.13737716205077,179.1669777650086,177.21801223128438,175.29024740485028,173.3834526659329,171.49739990342434,169.63186348759288,167.78662024309085,165.961449422256,164.1561326787034,162.37045404120428,160.60419988784957,158.85715892049393,157.12912213947803
60,1831.51,1820.22,1750.5,1717.87,1741.76,1707.32,1563.58,1562.65,1508.54,1453.86,1385.06,1349.67,1324.68,1223.14,1257.03,1212.9,1164.49,1120.93,1118.97,1099.19,1026.94,1038.2,1028.55,945.66,957.61,881.6,828.1,847.42,847.08,840.01,798.6,766.55,804.53,764.37,784.21,777.78,760.78,731.83,722.96,843.18,868.25,769.7,763.21,747.68,749.44,767.94,765.22,760.43,754.33,748.13,742.16,735.39,726.55,715.3,702.53,689.47,677.09,666.01,656.48,648.23,640.53,632.76,624.81,616.97,609.54,602.53,595.79,589.21,582.75,576.39,570.1,563.88,557.73,551.64,545.63,539.67,533.79,527.96,522.2,516.5,510.87,505.29,499.78,494.32,488.93,483.59,478.32,473.1,467.93,462.83,457.77,452.78,447.84,442.95,438.10771451914724,433.31836442305143,428.581371027335,423.8961619737407,419.2621711609748,414.67883867630707,410.1456107279175,405.66193957798345,401.22728347649786,396.841106595811,392.502878965888,388.21207641027354,383.96818048275765,379.77067840473285,375.6190630032364,371.51283264967043,367.45149119919074,363.4345479307597,359.46151748785326,355.5319198198169,351.645280123862,347.80112878769734,343.99900133278624,340.2384383582257,336.51898548523764,332.8401933022679,329.2016173106847,325.6028178710713,322.0433601501054,318.52281406801967,315.0407542466359,311.5967599579682,308.19041507338704,304.82130801333994,301.48903169762144,298.1931834961862,294.9333651805008,291.7091828754267,288.52024701162924,285.36617227850707,282.24657757763623,279.1610859767229,276.10932466405967,273.09092490347984,270.10552198980395,267.15275520477314,264.2322677734652,261.3437068211856,258.48672333083124,255.66097210071928,252.86611170287753,250.10180444179042,247.36771631359636,244.66351696573088,241.9888796570109,239.34348121815555,236.72700201273864,234.13912589856758,231.57954018948487,229.04793561758714,226.5440062958571,224.06744968120387,221.6179665379078,219.19526090146437,216.7990400428237,214.42901443302082,212.0848977081928,209.76640663497793,207.47326107629365,205.20518395748815,202.9619012328622,200.74314185255707,198.54863772980417,196.37812370853288,194.23133753133246,192.10801980776415,190.00791398301982,187.93076630692298,185.87632580326897,183.84434423950012,181.83457609671237,179.84677853999014,177.8807113890649,175.93613708929513,174.012820682963,172.11052978088526
61,2033.13,1901.79,1934.66,1926.58,1926.76,1913.41,1831.19,1785.35,1708.99,1634.22,1568.83,1500.03,1478.14,1414.34,1336.07,1334.01,1294.28,1261.5,1217.38,1221.3,1163.46,1101.48,1110.01,1057.27,1011.93,1019.5,962.08,923.76,903.62,893.72,848.66,870.83,850.59,839.13,850.08,842.41,811.06,820.08,780.4,904.18,944.42,842.18,867.53,799.23,808.96,831.11,829.12,825.76,820.28,813.47,806.57,799.88,792.42,782.96,771.22,758.07,744.7,732.04,720.64,710.71,701.98,693.78,685.56,677.24,669.07,661.27,653.83,646.61,639.53,632.55,625.65,618.83,612.08,605.41,598.8,592.27,585.81,579.42,573.1,566.85,560.67,554.55,548.5,542.52,536.6,530.74,524.95,519.22,513.56,507.95,502.41,496.93,491.51,486.14,480.79583251666566,475.510413801361,470.28309802519755,465.11324645892455,460.0002273948815,454.9434160698103,449.94219458851416,444.9959518483569,440.10408346459224,435.2659916965128,430.48108537441266,425.7487798273513,421.06849681171263,416.4396644405487,411.8617171137008,407.3340954486881,402.85624621235644,398.4276222532784,394.0476824348965,389.7158915694013,385.4317203523366,381.19464529792316,377.00414867509363,372.859718444231,368.7608481946016,364.70703708247675,360.69778976993433,356.73261636433296,352.8110323584519,348.9325585712884,345.09672108950673,341.30305120953005,337.5510853802695,333.840365146482,330.170437092752,326.54085278808805,322.95116873112835,319.4009462959498,315.8897516784712,312.41715584344706,308.9827344720431,305.5860679099885,302.2267411162983,298.90434361255905,295.61846943277203,292.3687170737486,289.15468944604936,285.97599382546434,282.8322418050252,279.72304924754593,276.64803623868465,273.6068270405214,270.59905004564695,267.62433773175576,264.68232661673756,261.77265721426414,258.8949739898627,256.04892531747345,253.23416343648375,250.45034440923519,247.69712807899757,244.97417802840496,242.2811615383487,239.61774954732203,236.98361661121197,234.3784408635331,231.80190397609843,229.25369112012268,226.73349092775314,224.2409954540234,221.77590013922537,219.33790377169493,216.92670845100665,214.54201955157313,212.18354568664452,209.85099867270378,207.54409349425333,205.26254826898884,203.00608421335573,200.77442560848462,198.56729976650087,196.38443699720472,194.22557057511767,192.09043670689124,189.97877449907364,187.89032592623113
62,2146.5,2200.46,2176.07,2124.28,2071.55,2107.21,2004.06,1935.56,1878.45,1793.95,1697.16,1691.46,1650.67,1553.05,1536.41,1475.15,1424.42,1399.21,1339.23,1301.74,1286.08,1263.27,1221.28,1224.85,1121.21,1090.25,1096.21,1013.03,952.18,977.22,941.9,928.58,955.71,938.29,910.31,913.75,904.94,896.03,891.25,1017.39,1035.38,912.85,918.56,886.48,881.26,899.1,896.04,893.36,889.27,883.04,875.47,867.81,860.36,852.17,842.07,829.84,816.32,802.68,789.75,778.04,767.7,758.47,749.74,741.05,732.33,723.8,715.59,707.66,699.91,692.28,684.73,677.27,669.88,662.58,655.35,648.21,641.14,634.15,627.23,620.39,613.63,606.93,600.31,593.77,587.29,580.88,574.55,568.28,562.08,555.95,549.88,543.88,537.95,532.08,526.2194061770248,520.4233638499861,514.691162016594,509.0220975058919,503.4154748919975,497.87060640879537,492.3868118655682,486.9634185635576,481.59976121344386,476.2951818537351,471.04902977005435,465.8606614153166,460.7294403307846,455.6547370679944,450.6359291115403,445.6724008027112,440.7635432639671,435.90875432424855,431.10743844510716,426.35900664765177,421.66287644029745,417.0184717473115,412.4252228381458,407.8825662575481,403.3899447564425,398.9468072235717,394.55260861789174,390.2068099017123,385.9088779745719,381.6582856078431,377.4545113800566,373.2970396129387,369.18536030815267,365.11896908473733,361.0973671172341,357.1200610744964,353.18656305917216,349.2963905478535,345.4490663318854,341.6441184588265,337.8810801745541,334.1594898660081,330.4788910045637,326.8388320900301,323.2388665952638,319.67855291139347,316.1574542936477,312.6751388077792,309.23117927707926,305.8251532299762,302.4566428482102,299.12523491557965,295.8305207672519,292.5720962396318,289.3495616207833,286.16252160139646,283.0105852262946,279.8933658464762,276.8104810716836,273.76155272349627,270.74620678893865,267.7640733746002,264.8147866612603,261.8979848590135,259.0133101628881,256.1604087089545,253.3389305309164,250.5485295171804,247.7888633683984,245.05959355547765,242.36038527805312,239.6909074234176,237.05083252590407,234.4398367267151,231.85759973419536,229.303804784541,226.77813860294236,224.2802913651544,221.80995665949035,219.36683144923435,216.9506160354676,214.5610140203042,212.19773227053219,209.86048088165452,207.5489731423265,205.26292549918495
63,2399.07,2323.61,2468.41,2374.91,2310.97,2259.34,2154.4,2173.32,2043.85,2001.32,1980.64,1896.91,1827.57,1725.21,1711.28,1670.3,1552.43,1550.98,1467.65,1443.52,1378.28,1361.25,1348.49,1230.0,1275.68,1212.86,1164.47,1182.01,1060.02,1062.92,1026.52,994.04,1011.72,1004.81,1039.02,1023.59,1012.62,1009.17,952.81,1102.81,1103.58,1003.23,992.46,932.67,949.75,974.47,968.79,964.98,961.51,956.59,949.55,941.17,932.7,924.44,915.48,904.72,891.99,878.11,864.19,851.0,838.97,828.21,818.45,809.16,799.95,790.8,781.83,773.14,764.67,756.33,748.09,739.93,731.87,723.89,716.0,708.2,700.48,692.84,685.29,677.82,670.43,663.12,655.89,648.73,641.66,634.66,627.74,620.9,614.12,607.43,600.8,594.25,587.77,581.36,574.9342051172547,568.5794347973881,562.2949040031208,556.0798363742213,549.9334641315983,543.8550279824528,537.843777026479,531.8989686631015,526.0198684997383,520.2057502610774,514.455895699356,508.7695945056326,503.1461442220378,497.58485015499673,492.0850252894099,486.6459902037826,481.2670729862927,475.94760915178546,470.68694155968694,465.4844203328236,460.33940277713987,455.25125330230264,450.2193433431838,445.24305128221033,440.3217623725724,435.4548686622809,430.64176891906396,425.88186855609354,421.1745795585331,416.5193204108972,411.91551602521383,407.3625976699809,402.860002899908,398.4071754864345,394.0035653490158,389.6486284871693,385.3418269132709,381.0826285860949,376.87050734508824,372.7049428453709,368.5854204934553,364.5114313836759,360.4824722353214,356.49804533046193,352.55765845246344,348.6608248251818,344.80706305282837,340.9958970605012,337.2268560353731,333.49947436852915,329.8132915974483,326.16785234911987,322.5627062837886,318.9974080393224,315.4715171761944,311.98459812307306,308.53622012301355,305.12595718024477,301.7533880075436,298.4180959741909,295.11966905450333,291.8576997769337,288.6317851737336,285.44152673117304,282.2865303403099,279.1664062483038,276.08076901026755,273.0292374416517,270.01143457115415,267.02698759415193,264.0755278266457,261.15669065971525,258.2701155144767,255.41544579753887,252.5923288569514,249.80041593863967,247.03936214332157,244.3088263839002,241.6084713433278,238.93796343293516,236.2969727512217,233.6851730431011,231.1022416595972,228.5478595179858,226.02171106237645,223.52348422473037
64,2697.84,2659.19,2533.5,2556.11,2616.32,2455.08,2434.89,2446.72,2308.96,2275.21,2213.75,2114.06,2126.39,1962.77,1930.88,1874.35,1778.91,1752.09,1640.52,1555.66,1493.93,1502.5,1503.04,1425.31,1391.88,1335.0,1309.15,1257.24,1208.77,1158.73,1111.29,1099.04,1113.56,1116.75,1140.86,1102.49,1113.21,1062.68,1044.37,1193.07,1204.5,1080.16,1118.51,1032.31,1038.38,1059.02,1050.38,1043.87,1039.19,1034.84,1029.02,1021.09,1011.85,1002.52,993.39,983.6,972.15,958.89,944.65,930.43,916.96,904.58,893.37,883.03,873.13,863.35,853.68,844.2,834.94,825.84,816.84,807.94,799.14,790.43,781.82,773.3,764.87,756.54,748.29,740.13,732.07,724.09,716.2,708.39,700.67,693.03,685.47,678.0,670.61,663.3,656.06,648.91,641.83,634.83,627.8002040988993,620.8482527079998,613.973283815395,607.174444954675,600.4508930992247,593.801794557692,587.2263248706136,580.723668708186,574.2930197691676,567.9335806809013,561.6445629004434,555.4251866167878,549.2746806541728,543.1922823764588,537.1772375925646,531.2288004629505,525.3462334071386,519.5288070122544,513.7757999425846,508.0864988501328,502.4601982861687,496.896200613755,491.39381592124346,485.9523619367288,480.57116394345013,475.24955469612894,469.98687433823335,464.7824703201591,459.63569731831586,454.5459171551101,449.5124987198139,444.5348178903097,439.61225745570215,434.7442070397865,429.93006302536435,425.1692284793982,420.4611130789939,415.80513303820345,411.200711035638,406.64727614288233,402.1442637537025,397.6911155140368,393.28727925276246,388.9322089132288,384.62536448554846,380.3662119396387,376.1542231590037,371.98887587525064,367.8696536033308,363.79604557749695,359.7675466879717,355.7836574183148,351.8438837834867,347.9477372685953,344.09473476832267,340.28439852702235,336.51625607947915,332.7898401923262,329.1046888061094,325.46034497799445,321.8563568251075,318.29227746850444,314.76766497775867,311.2820823161647,307.83509728654684,304.42628247766896,301.05521521123717,297.7214774894897,294.42465594336664,291.16434178125445,287.9401307382971,284.7516230262695,281.59842328400487,278.4801405283721,275.3963881057955,272.3467836443112,269.33094900615487,266.34851024087425,263.39909753896103,260.4823451859956,257.59789151730064,254.7453788730958,251.92445355414986,249.13476577792312,246.37596963519618,243.64772304717852
65,2952.42,2944.47,2872.08,2661.46,2893.88,2759.97,2673.57,2620.87,2565.61,2561.82,2474.36,2316.0,2356.25,2225.92,2130.6,2108.74,2001.74,1926.24,1867.42,1788.83,1658.23,1665.6,1602.15,1569.58,1513.47,1474.08,1459.99,1361.79,1280.75,1278.46,1200.57,1189.25,1201.27,1181.64,1203.87,1214.02,1180.77,1193.19,1185.41,1310.29,1328.34,1198.54,1187.24,1130.68,1131.4,1151.89,1140.78,1131.23,1123.81,1118.19,1112.87,1106.07,1097.2,1087.05,1076.81,1066.76,1056.11,1043.92,1030.13,1015.5,1000.99,987.21,974.46,962.75,951.79,941.23,930.82,920.56,910.47,900.54,890.74,881.04,871.44,861.95,852.56,843.27,834.09,825.0,816.01,807.12,798.33,789.63,781.02,772.51,764.09,755.77,747.53,739.38,731.32,723.35,715.47,707.67,699.95,692.32,684.7031746757217,677.1701487910385,669.7200003941167,662.3518176763307,655.0646988606691,647.8577520913677,640.7300953247575,633.6808562213126,626.7091720388871,619.8141895271247,612.9950648230323,606.2509633477005,599.5810597041615,592.9845375763704,586.460589629298,580.0084174101223,573.6272312505083,567.3162501699609,561.0747017802435,554.9018221908459,548.7968559154943,542.7590557796879,536.7876828292544,530.8820062399105,525.041303227818,519.2648589611239,513.5519664724727,507.9019265724836,502.3140477641766,496.78764615834274,491.32204538984337,485.9165765348318,480.5705780288849,475.28339558603545,470.0543821186957,464.88289765846093,459.76830927778593,454.7099910125218,449.7073237853053,444.7596953297914,439.8665001157195,435.0271392748033,430.2410205274369,425.5075581102068,420.82617270420144,416.1962913641094,411.61734744809814,407.08878054846366,402.61003642304314,398.18056692738264,393.7998299476508,389.4672893342902,385.18241483639986,380.94468203683806,376.75357228804074,372.60857264854474,368.5091758202101,364.45488008613285,360.44518924924114,356.47961257156624,352.55766471418224,348.67886567780687,344.8427407440546,341.04882041733737,337.29664036740377,333.58574137251054,329.9156692632196,326.28597486681286,322.696213952319,319.145947176145,315.63474002830577,312.1621627792452,308.72779042724255,305.3312026463974,301.97198373518665,298.6497225655877,295.3640125327614,292.11445150528857,288.9006417759536,285.72219001307036,282.5787072123426,279.469808649255,276.39511383198715,273.35424645484613,270.3468343522111,267.3725094529847
66,3176.16,3155.14,3145.81,3086.04,2894.97,3042.04,2917.9,2905.9,2818.61,2712.28,2720.1,2615.66,2604.92,2433.56,2450.66,2286.45,2164.6,2125.02,2075.33,1951.27,1865.71,1799.73,1752.54,1722.99,1647.51,1622.18,1585.2,1515.12,1445.58,1419.09,1397.02,1290.3,1305.01,1259.04,1294.5,1315.1,1319.53,1301.89,1268.7,1498.12,1419.6,1362.44,1287.43,1260.44,1238.8,1253.98,1240.59,1228.52,1218.01,1209.6,1202.97,1196.58,1188.74,1178.86,1167.74,1156.53,1145.51,1133.94,1120.99,1106.62,1091.58,1076.74,1062.62,1049.45,1037.18,1025.55,1014.26,1003.15,992.19,981.38,970.69,960.13,949.67,939.33,929.11,918.99,908.98,899.08,889.29,879.61,870.03,860.55,851.18,841.9,832.73,823.66,814.69,805.81,797.03,788.35,779.76,771.26,762.85,754.54,746.2963356750747,738.142736822493,730.0782194393903,722.1018102735443,714.2125467059191,706.4094766344933,698.6916583593576,691.058160469067,683.508061728235,676.0404509663565,668.6544269678438,661.3490983632661,654.1235835217749,646.9770104447072,639.9085166603487,632.9172491198489,626.0023640942715,619.1630270727712,612.3984126618818,605.707704485905,599.0900950883876,592.5447858346749,586.0709868155299,579.6679167518024,573.3348029001437,567.0708809597484,560.875394980116,554.747597269821,548.6867483062787,542.692116646497,536.7629788388036,530.898619335538,525.098330406696,519.3614120545192,513.6871719290167,508.0749252444103,502.5239946964918,497.03371038088443,491.6034097121961,486.23243734405645,480.920145090028,475.6658918453802,470.4690435097194,465.3289729104632,460.2450597271514,455.2166904165837,450.243258138775,445.3241626837206,440.4588103989604,435.646614117935,430.88699308912464,426.17937290596257,421.5231854375131,416.9178687599081,412.36286708853225,407.857630710949,403.4016159205597,398.9942849509868,394.6351059111752,390.3235527212011,386.05910504878364,381.8412482464892,377.66947328962215,373.5432767147938,369.46216055916335,365.42563230034153,361.433204796952,357.48439622984085,353.57873004392974,349.71573489070323,345.8949445713252,342.11589798037625,338.37813905020613,334.6812166958938,331.0246847608095,327.40810196277056,323.8310318407863,320.29304270238464,316.79370757151366,313.33260413701305,309.90931470164816,306.5234261317009,303.17452980711136,299.86222157216446,296.58610168671464,293.34577477794454
67,3518.19,3478.12,3489.92,3369.22,3309.54,3228.4,3268.5,3159.2,3132.64,3063.47,3038.87,2920.48,2946.94,2739.55,2703.34,2540.27,2498.65,2392.01,2333.53,2188.63,2089.6,2023.33,1990.58,1879.02,1813.89,1760.94,1701.09,1663.28,1589.13,1541.79,1481.33,1510.51,1380.44,1409.48,1413.37,1391.8,1433.76,1412.14,1387.18,1562.03,1588.02,1452.49,1452.08,1386.07,1357.77,1369.49,1352.94,1338.49,1325.38,1313.82,1304.34,1296.57,1289.02,1280.02,1269.05,1256.88,1244.62,1232.53,1219.96,1206.16,1191.15,1175.63,1160.38,1145.84,1132.14,1119.21,1106.82,1094.71,1082.78,1070.99,1059.34,1047.81,1036.41,1025.13,1013.97,1002.94,992.02,981.22,970.54,959.97,949.52,939.18,928.96,918.84,908.84,898.94,889.15,879.47,869.89,860.41,851.04,841.77,832.6,823.53,814.5567532740266,805.6812797400501,796.9025140537904,788.2194024790413,779.6309027611879,771.1359840021028,762.7336265364036,754.4228218090622,746.2025722543431,738.0718911760652,730.0298026291651,722.0753413025526,714.2075524032421,706.425491541746,698.7282246187182,691.1148277128312,683.5843869698762,676.1359984930701,668.7687682345603,661.4818118881078,654.2742547829436,647.1452317787789,640.0938871619608,633.1193745427586,626.2208567537696,619.3975057494322,612.6485025066332,605.9730369263992,599.3703077366575,592.8395223960583,586.3798969988438,579.9906561807541,573.6710330259581,567.4202689749995,561.2376137337444,555.1223251833219,549.073669291046,543.0909200223076,537.1733592534273,531.3202766854566,525.5309697589196,519.8047435694829,514.1409107845445,508.53879156073185,502.9977134622985,497.51701138040994,492.09602745330915,486.73411098735176,481.4306183789017,476.1849130370784,470.9963653073443,465.8643523959271,460.78825829506314,455.7674737090575,450.8013959811485,445.88942902116884,441.0309832339961,436.22547544878216,431.4723288489534,426.77097290297456,422.12084329586594,417.52138186146806,412.97203651544265,408.4722611890055,404.0215157633802,399.61926600496633,395.26498350121426,390.95814559719844,386.6982353328818,382.48474138106405,378.31715798600567,374.19498490272093,370.1177273369322,366.08489588567863,362.0960064785721,358.1505803196928,354.24814383011847,350.3882285910795,346.5703712877335,342.7941136535526,339.05900241531634,335.36458923870464,331.7104306744828,328.09608810527334,324.52112769290795,320.9851203263523
68,3836.92,3838.8,3870.85,3748.36,3790.21,3616.58,3426.96,3509.96,3315.32,3330.22,3222.19,3188.37,3150.19,3008.04,2915.86,2886.99,2766.39,2645.61,2541.17,2438.99,2266.54,2250.59,2220.25,2086.07,1985.65,1946.81,1909.15,1897.43,1804.51,1735.62,1611.12,1557.87,1572.43,1522.98,1550.66,1560.56,1533.82,1586.11,1518.89,1735.32,1682.73,1645.46,1640.56,1518.26,1488.98,1500.74,1479.35,1461.63,1446.05,1431.81,1419.11,1408.44,1399.42,1390.58,1380.32,1368.15,1354.83,1341.42,1328.18,1314.51,1299.78,1284.05,1267.97,1252.22,1237.14,1222.82,1209.13,1195.86,1182.83,1169.97,1157.24,1144.66,1132.2,1119.89,1107.71,1095.65,1083.73,1071.94,1060.28,1048.74,1037.33,1026.04,1014.87,1003.83,992.9,982.09,971.4,960.82,950.36,940.02,929.78,919.66,909.64,899.74,889.9282111690317,880.2234212489304,870.6244634018112,861.1301835143174,851.7394400588576,842.451103956356,833.2640584405003,824.177198923469,815.1894328631225,806.2996796316447,797.5068703856147,788.8099479374963,780.2078666285294,771.699592203007,763.2841016839235,754.960383249978,746.7274361139213,738.5842704022266,730.5299070360747,722.5633776136361,714.6837242936367,706.8899996801938,699.1812667089073,691.5565985341938,684.0150784178487,676.5557996188244,669.1778652842091,661.8803883413957,654.6624913914267,647.523306603501,640.4619756106321,633.4776494064438,626.5694882430919,619.7366615302981,612.9783477354856,606.2937342850038,599.6820174664299,593.1424023319358,586.6741026027095,580.2763405744172,573.948347023699,567.6893611156812,561.4986303124999,555.37541028282,549.3189648123424,543.3285657152868,537.403492746839,531.5430335165537,525.7464834027022,520.0131454675526,514.3423303735751,508.7333563005612,503.18554886364507,497.6982410322216,492.27077304974597,486.90249235440996,481.5927535006815,476.34091808170126,471.1463546525248,466.0084386542018,460.9265523386837,455.9000846945494,450.9284313735416,446.01099461790443,441.1471831885126,436.33641229378503,431.57810351937354,426.87168475861836,422.2165901437616,417.6122599779113,413.0581406677476,408.5536846569618,404.0983503604227,399.6916020990593,395.3329100354549,391.0217501101431,386.75760397859796,382.5399589489124,378.3683079201552,374.2421493214007,370.1609870514235,366.12433041905035,362.1316940841632,358.18259799934464,354.2765673521608,350.4131325080728
69,4160.3,4199.82,4139.88,3968.14,4048.44,4031.71,3873.72,3669.9,3775.32,3722.34,3579.19,3532.93,3504.34,3260.61,3309.31,3190.77,3060.6,2925.27,2871.44,2719.05,2568.22,2514.42,2427.74,2331.14,2172.16,2085.95,2107.33,2056.85,1981.58,1938.31,1764.97,1805.09,1746.74,1728.82,1657.51,1706.49,1654.03,1745.82,1687.36,1895.7,1881.98,1751.81,1721.86,1701.09,1648.35,1648.94,1621.42,1598.72,1579.76,1562.98,1547.51,1533.57,1521.6,1511.21,1500.95,1489.31,1475.83,1461.27,1446.62,1432.13,1417.26,1401.51,1384.98,1368.25,1351.9,1336.18,1321.11,1306.54,1292.29,1278.24,1264.34,1250.6,1237.0,1223.56,1210.25,1197.09,1184.08,1171.2,1158.46,1145.86,1133.4,1121.07,1108.87,1096.81,1084.88,1073.07,1061.4,1049.85,1038.42,1027.12,1015.94,1004.88,993.95,983.13,972.3940088272591,961.7752569885445,951.2724642050981,940.8843641790818,930.6097044409022,920.4472461982034,910.3957641865086,900.4540465214927,890.6208945528684,880.8951227198676,871.2755584083004,861.7610418091768,852.3504257788703,843.0425757008095,833.8363693486805,824.730696751122,815.7244600578989,806.8165734075368,798.0059627964026,789.2915659492138,780.6723321909625,772.1472223202381,763.7152084839333,755.3752740533174,747.1264135014644,738.9676322820192,730.8979467092861,722.9163838396297,715.0219813541679,707.2137874427482,699.4908606891898,691.8522699577787,684.2970942810042,676.824422748518,669.4333543973096,662.1229981030782,654.8924724727918,647.7409057384207,640.667435651829,633.6712093808164,626.7513834062937,619.9071234205817,613.1376042268205,606.4420096394773,599.8195323859414,593.2693740091928,586.7907447715332,580.3828635593709,574.044957789042,567.7762633136626,561.5760243309979,555.4434932923351,549.377930812355,543.3786055799849,537.4447942702262,531.5757814569455,525.7708595266163,520.0293285930042,514.350496412783,508.73367830207275,503.17819705388877,497.6833828564926,492.24857321263346,486.87311285967394,481.55635369058507,476.29765467580637,471.096381785958,465.95190791539744,460.8636128066107,455.83088297542946,450.85311163706433,445.9296986329466,441.0600503583682,436.2435796909121,431.47970591966464,426.76785467520017,422.10745786033084,417.49795358161225,412.93878608159747,408.4294056718303,403.96926866657105,399.557837317245,395.19457974760786,390.87896988961825,386.61048742001094,382.38861769756295
70,4686.5,4575.44,4586.12,4385.27,4585.23,4370.28,4252.66,4162.15,4010.01,3984.81,3978.69,3834.81,3808.39,3676.32,3619.1,3604.86,3369.42,3337.53,3201.25,2964.78,2851.2,2741.86,2591.92,2571.44,2396.28,2328.28,2194.83,2231.7,2083.46,2100.74,2096.34,1963.2,1949.75,1871.34,1893.69,1829.28,1820.01,1857.61,1771.18,2056.35,1997.85,1912.66,1955.81,1878.41,1815.0,1816.79,1783.19,1754.18,1730.1,1709.81,1691.69,1674.89,1659.58,1646.16,1634.24,1622.42,1609.24,1594.32,1578.4,1562.39,1546.52,1530.36,1513.48,1496.02,1478.52,1461.43,1444.91,1428.93,1413.33,1397.96,1382.78,1367.75,1352.89,1338.19,1323.65,1309.27,1295.04,1280.96,1267.04,1253.27,1239.64,1226.16,1212.83,1199.64,1186.6,1173.7,1160.93,1148.3,1135.81,1123.46,1111.24,1099.15,1087.19,1075.36,1063.633497491293,1052.0348692396594,1040.562720811797,1029.2156729803114,1017.9923615579,1006.8914372333452,995.9115654092933,985.0514260418048,974.309713481653,963.6851363173544,953.1764172199088,942.7822927892347,932.5015134022783,922.3328430627781,912.2750592526693,902.3269527851074,892.4873276590953,882.7550009156943,873.1288024958055,863.6075750994997,854.1901740468824,844.8754671404755,835.6623345291008,826.5496685732465,817.5363737119023,808.6213663308469,799.8035746323712,791.0819385064232,782.455409403157,773.9229502068716,765.4835351113252,757.1361494964083,748.8797898061629,740.7134634281294,732.6361885740126,724.6469941616459,716.7449196982443,708.9290151649304,701.1983409025189,693.5519674985476,685.9889756755391,678.5084561804821,671.1095096755168,663.7912466298139,656.5527872126306,649.3932611875343,642.3118078077796,635.3075757128253,628.3797228259808,621.5274162531686,614.7498321827893,608.0461557866812,601.4155811221576,594.8573110351128,588.3705570641858,581.9545393459682,575.6084865212455,569.3316356422613,563.1232320809931,556.9825294384278,550.9087894548263,544.9012819209673,538.959284590358,533.0820830924041,527.2689708465238,521.5192489772008,515.8322262299625,510.2072188882746,504.64355069134166,499.1405527528049,493.6975634803258,488.31392849604646,482.98900055791836,477.72213948188767,472.5127120649303,467.36009200892545,462.2636598453596,457.22280286085146,452.23691502348925,447.3053969099711,442.4276556335399,437.60310477270446,432.8311643007368,428.11126051593993,423.4428259726745,418.82529941313857
71,5146.02,5011.15,4983.22,4726.44,4944.47,4744.21,4647.91,4452.83,4454.0,4259.78,4400.69,4290.17,4309.76,4005.88,3979.38,3889.36,3767.24,3630.62,3603.26,3318.95,3205.42,3133.2,3002.94,2756.11,2777.74,2607.94,2451.8,2456.16,2353.52,2290.54,2305.11,2232.26,2087.14,2099.73,2100.96,2126.56,1972.29,2036.9,2003.15,2208.39,2147.88,2133.05,2129.04,2054.99,1999.56,2006.9,1968.6,1933.27,1902.67,1877.08,1855.31,1835.71,1817.42,1800.56,1785.52,1771.9,1758.32,1743.44,1726.92,1709.47,1691.94,1674.55,1656.93,1638.77,1620.24,1601.79,1583.76,1566.24,1549.13,1532.3,1515.67,1499.21,1482.93,1466.83,1450.9,1435.14,1419.56,1404.14,1388.88,1373.8,1358.87,1344.11,1329.5,1315.05,1300.76,1286.62,1272.64,1258.8,1245.12,1231.58,1218.19,1204.95,1191.85,1178.88,1166.0534663483027,1153.3664888562805,1140.8175491151233,1128.4051452367198,1116.1277916739082,1103.9840190426817,1091.97237394633,1080.091418801492,1068.3397316661033,1056.715906069214,1045.2185508426592,1033.8462899545605,1022.5977623446383,1011.4716217613185,1000.4665366006078,989.5811897467254,978.8142784144666,968.1645139932826,957.6306218930569,947.2113413915578,936.9054254835532,926.7116407315658,916.6287671182522,906.6555979003875,896.7909394644405,887.0336111837179,877.3824452770652,867.8362866691027,858.3939928519835,849.0544337486558,839.8164915776119,830.67906071911,821.6410475828501,812.7013704770908,803.85895947919,795.1127563075539,786.4617141949786,777.904797763371,769.440982899832,761.0692566340882,752.7886170172575,744.5980730019321,736.4966443235693,728.4833613831694,720.5572651312328,712.7174069529782,704.9628485548095,697.2926618520197,689.7059288577144,682.2017415729451,674.7792018780381,667.4374214251045,660.1755215317216,652.9926330757688,645.88789639141,638.8604611662059,631.9094863393472,625.0341400009933,618.2335992927087,611.5070503089801,604.8536879998065,598.2727160743494,591.7633469056299,585.3248014362639,578.9563090852226,572.657107655608,566.4264432434298,560.2635701473783,554.1677507795754,548.1382555772989,542.1743629156666,536.2753590212708,530.4405378867511,524.669201186299,518.9606581920797,513.314225691564,507.7292279057607,502.2049964083363,496.74087004561727,491.33619485746107,485.9903239989884,480.7026176631676,475.47244300424074,470.2991740619831,465.1821916867866,460.12088346555885
72,5597.34,5625.73,5486.23,5333.9,5398.03,5323.16,5143.74,5089.63,4870.72,4802.76,4697.74,4648.77,4681.31,4331.58,4402.58,4367.45,4146.68,4075.89,3928.32,3737.65,3550.01,3465.19,3275.46,3166.64,3012.74,2900.31,2765.05,2714.67,2620.97,2570.15,2479.33,2478.84,2452.21,2374.32,2322.01,2262.23,2307.54,2139.67,2141.43,2454.08,2389.52,2367.28,2316.6,2253.34,2206.12,2216.38,2176.44,2136.24,2099.15,2066.89,2039.69,2016.32,1995.1,1975.16,1956.61,1939.78,1924.26,1908.74,1891.98,1873.69,1854.56,1835.36,1816.3,1797.07,1777.48,1757.71,1738.12,1718.95,1700.18,1681.72,1663.48,1645.43,1627.58,1609.92,1592.45,1575.17,1558.07,1541.16,1524.43,1507.88,1491.51,1475.31,1459.29,1443.45,1427.77,1412.26,1396.92,1381.75,1366.73,1351.88,1337.2,1322.66,1308.29,1294.07,1279.9895352015135,1266.0622765579815,1252.2865570700355,1238.660727876528,1225.1831580571727,1211.852234437336,1198.6663613949488,1185.6239606695233,1172.723471173245,1159.9633488041197,1147.342066261158,1134.8581128615638,1122.5099943599187,1110.2962327693292,1098.2153661845227,1086.2659486068662,1074.4465497712906,1062.7557549750975,1051.1921649086285,1039.7543954877774,1028.4410776883253,1017.2508573820761,1006.1823951747779,995.2343662458056,984.4054601895892,973.694380858767,963.0998462090449,952.6205881457454,942.255352372024,932.0028982387395,921.8619985959551,911.8314396460586,901.9100207984773,892.0965545259766,882.3898662225201,872.7887940626777,863.2921888625626,853.8989139422821,844.6078449898838,835.4178699267841,826.327888774659,817.3368135237845,808.4435680028091,799.6470877499431,790.94631988555,782.3402229861235,773.8277669596365,765.4079329222457,757.079713076338,748.842110589904,740.6941394772243,732.6348244808531,724.6632009548862,716.7783147495003,708.9792220967469,701.2649894975896,693.6346936101711,686.0874211392947,678.6222687271098,671.2383428449853,663.9347596865603,656.7106450619586,649.5651342931548,642.4973721104761,635.5065125502348,628.5917188534701,621.7521633657944,614.9870274383294,608.2955013297176,601.6767841092036,595.1300835607663,588.6546160882976,582.2496066218099,575.9142885246661,569.6479035018181,563.4497015090442,557.3189406631736,551.2548871532881,545.2568151528899,539.3240067330246,533.4557517763508,527.6513478921428,521.91010033222,516.23132190779,510.61433290719594,505.05846101456075
73,6238.23,6223.14,6101.72,5810.96,5879.26,5756.72,5589.61,5633.22,5319.23,5253.45,5116.56,4913.44,5112.48,4989.61,4850.76,4723.98,4556.03,4439.89,4400.97,4207.35,3903.28,3788.07,3693.27,3492.56,3333.99,3149.92,3030.88,3070.82,2880.81,2842.17,2657.47,2659.84,2704.02,2567.86,2547.55,2502.11,2566.0,2571.33,2356.25,2748.94,2594.41,2488.5,2484.77,2505.3,2426.01,2441.05,2405.16,2363.25,2321.16,2282.29,2248.31,2219.41,2194.32,2171.35,2149.61,2129.2,2110.39,2092.78,2075.13,2056.3,2036.07,2015.09,1994.06,1973.15,1952.16,1930.97,1909.77,1888.82,1868.24,1847.97,1827.94,1808.13,1788.53,1769.13,1749.95,1730.98,1712.2,1693.63,1675.26,1657.09,1639.11,1621.33,1603.74,1586.33,1569.12,1552.09,1535.24,1518.57,1502.09,1485.78,1469.64,1453.68,1437.9,1422.28,1406.8249898800661,1391.5379195032258,1376.416963975345,1361.4603182322512,1346.666196824253,1332.0328337030026,1317.5584820106747,1303.2414138714337,1289.0799201851692,1275.072310423473,1261.2169124278307,1247.5120722100085,1233.9561537546092,1220.5475388237712,1207.2846267639927,1194.165834315053,1181.1895954210106,1168.3543610432564,1155.6585989755956,1143.100793661342,1130.6794460123976,1118.3930732302993,1106.2402086292095,1094.2194014608303,1082.3292167412214,1070.5682350794982,1058.9350525083917,1047.4282803166504,1036.0465448832624,1024.7884875134805,1013.6527642766267,1002.6380458456607,991.7430173384923,980.9663781610167,970.3068418518557,959.7631359287874,949.3340017368428,939.0181942980543,928.8144821628357,918.7216472629793,908.7384847662476,898.863802932547,889.0964229716637,879.4351789025465,869.878917414116,860.4264977275901,851.0767914603015,841.8286824909987,832.6810668266085,823.6328524704462,814.682959291859,805.830318897286,797.0738745027173,788.4125808075418,779.845403869763,771.371320982574,762.9893205522702,754.6984019774912,746.4975755297734,738.3858622354019,730.3622937585448,722.4259122856587,714.5757704111492,706.8109310242746,699.1304671972784,691.5334620747371,684.0190087641106,676.5862102274817,669.2341791744728,661.962037956325,654.7689184611293,647.653962010195,640.6163192555455,633.6551500785274,626.769623489521,619.9589175287414,613.2222191681162,606.5587242142312,599.9676372123292,593.4481713513529,586.999548370019,580.6209984639139,574.3117601935974,568.0710803937062,561.8982140830456,555.7924243756557
74,6655.51,6798.87,6683.03,6432.57,6451.94,6360.91,6030.76,6048.2,5984.56,5743.59,5678.34,5597.3,5424.68,5336.62,5348.88,5215.5,5146.94,5012.01,4705.31,4710.15,4384.63,4298.18,4175.95,3827.08,3782.78,3522.2,3431.47,3235.35,3164.16,3088.65,3025.94,2941.94,2954.78,2943.12,2965.87,2821.02,2808.59,2766.64,2674.29,2940.13,2895.9,2695.05,2706.32,2651.98,2629.75,2677.23,2652.81,2615.02,2571.15,2527.17,2486.47,2450.7,2419.99,2393.03,2368.15,2344.44,2321.96,2300.98,2281.06,2261.05,2239.93,2217.55,2194.51,2171.44,2148.5,2125.55,2102.55,2079.66,2057.07,2034.78,2012.74,1990.95,1969.39,1948.05,1926.95,1906.07,1885.42,1864.99,1844.78,1824.78,1805.0,1785.44,1766.08,1746.93,1727.99,1709.25,1690.71,1672.37,1654.23,1636.28,1618.53,1600.96,1583.59,1566.4,1549.4227793335576,1532.629564043492,1516.0183598116996,1499.5871939352303,1483.3341150920166,1467.257193109139,1451.3545187336035,1435.6242034056036,1420.0643790342408,1404.6731977756742,1389.4488318136753,1374.389473142562,1359.493333352485,1344.758643417039,1330.1836534831798,1315.7666326634155,1301.505868830251,1287.3996684128601,1273.4463561959615,1259.6442751208745,1245.991786088732,1232.4872677658238,1219.129116391053,1205.9157455854759,1192.845586163909,1179.9170859485766,1167.1287095847777,1154.4789383585512,1141.9662700163183,1129.5892185864784,1117.3463142029384,1105.2361029305562,1093.2571465924746,1081.4080225993273,1069.6873237802965,1058.0936582159998,1046.6256490731905,1035.2819344412483,1024.061167170442,1012.9620147119467,1001.9831589595918,991.1232960933277,980.3811364243871,969.7554042421257,959.2448376625204,948.848188478313,938.5642220107757,928.3917169630835,918.3294652752771,908.3762719807966,898.5309550645693,888.7923453226383,879.1592862233103,869.6306337698086,860.2052563644152,850.8820346740855,841.659861497519,832.5376416336713,823.5142917516908,814.5887402622644,805.7599271903595,797.0268040493434,788.3883337164687,779.8434903097058,771.3912590659131,763.0306362203265,754.7606288873537,746.5802549426631,738.4885429065481,730.4845318285578,722.5672711733762,714.7358207079398,706.9892503897773,699.3266402565611,691.7470803168537,684.2496704420411,676.8335202594344,669.4977490465325,662.2414856264294,655.0638682643554,647.9640445653403,640.9411713729842,633.9944146693279,627.1229494758056,620.3259597552739,613.6026383151002
75,7382.56,7298.55,7192.19,6959.34,7114.78,6873.46,6719.61,6509.04,6506.45,6369.16,6125.49,5947.18,6112.67,5544.13,5834.23,5782.77,5494.08,5376.89,5318.94,5049.89,4965.73,4799.37,4567.13,4363.71,4018.15,3971.14,3842.52,3713.39,3493.47,3446.4,3206.82,3306.15,3265.07,3187.48,3297.14,3199.84,3113.42,3085.83,3020.4,3438.32,3115.0,3019.48,3048.05,2892.29,2864.58,2923.98,2914.69,2888.66,2848.97,2803.16,2757.26,2714.7,2677.04,2644.4,2615.42,2588.43,2562.54,2537.79,2514.38,2491.9,2469.27,2445.61,2420.84,2395.51,2370.17,2344.97,2319.83,2294.78,2269.94,2245.37,2221.09,2197.06,2173.29,2149.77,2126.51,2103.49,2080.72,2058.2,2035.92,2013.87,1992.06,1970.49,1949.14,1928.03,1907.14,1886.48,1866.03,1845.81,1825.8,1806.01,1786.44,1767.07,1747.91,1728.95,1710.1641777671327,1691.5824719731243,1673.202664800724,1655.0225625302674,1637.0399952778434,1619.2528167363105,1601.6589039191222,1584.2561569069392,1567.0424985969942,1550.0158744551793,1533.174252270826,1516.5156219141534,1500.0379950963477,1483.73940513225,1467.6179067056241,1451.6715756369729,1435.8985086538778,1420.296823163834,1404.8646570295548,1389.6001683467155,1374.5015352241126,1359.5669555662143,1344.7946468580694,1330.182845952556,1315.7298088599425,1301.4338105397323,1287.2931446947728,1273.3061235676005,1259.471077738998,1245.7863559287416,1232.250324798513,1218.8613687569516,1205.6178897668262,1192.5183071543015,1179.5610574202778,1166.7445940537777,1154.0673873473645,1141.527924214563,1129.1247080092658,1116.8562583471005,1104.7211109287402,1092.7178173651307,1080.844945004618,1069.1010767619566,1057.48481094917,1045.994761108256,1034.6295558457034,1023.3878386688112,1012.2682678237835,1001.2695161355854,990.3902708495377,979.6292334746336,968.9851196285568,958.4566588843851,948.0425946189581,937.7416838628934,927.5526971522321,917.474418381696,907.5056446595399,897.6451861639803,887.8918660011844,878.2445200648029,868.7019968970262,859.2631575511549,849.9268754556587,840.6920362797159,831.5575378002122,822.5222897701849,813.5852137886969,804.745243172124,796.001322826841,787.3524091232913,778.7974697714246,770.3354836974879,761.9654409221556,753.6863424399832,745.4972001001715,737.3970364886256,729.3848848112965,721.459788778788,713.6208024922208,705.8669903303336,698.1974268378124,690.6111966148328,683.107394207803,675.6851240012934
76,8008.38,7916.32,7831.75,7523.37,7980.56,7777.41,7340.84,7174.11,7079.79,6903.25,6851.05,6631.27,6687.39,6309.74,6171.09,6277.44,6175.27,5948.05,5777.11,5524.78,5397.52,5337.05,5095.2,4758.59,4694.64,4401.42,4302.37,4138.76,4022.3,3799.47,3674.19,3628.02,3629.97,3508.04,3622.34,3511.61,3582.85,3403.37,3344.32,3837.56,3652.32,3390.1,3322.71,3248.24,3146.67,3188.53,3188.34,3177.88,3150.21,3108.63,3060.89,3013.08,2968.61,2928.99,2894.27,2863.09,2833.79,2805.51,2778.23,2752.14,2726.8,2701.28,2674.81,2647.38,2619.51,2591.66,2563.96,2536.4,2509.03,2481.93,2455.12,2428.59,2402.35,2376.38,2350.69,2325.28,2300.14,2275.27,2250.66,2226.32,2202.23,2178.41,2154.84,2131.52,2108.45,2085.63,2063.05,2040.71,2018.62,1996.76,1975.13,1953.74,1932.57,1911.64,1890.8287234369213,1870.2440110973284,1849.8833964651865,1829.744439876454,1809.824728226758,1790.1218746822485,1770.6335183936014,1751.3573242131351,1732.2909824150072,1713.4322084184566,1694.7787425140584,1676.3283495929609,1658.0788188790668,1640.0279636641333,1622.1736210457548,1604.513651668197,1587.0459394660552,1569.7683914107,1552.6789372594858,1535.775529307688,1519.056142143143,1502.5187724035557,1486.161438536453,1469.982180561748,1453.9790598368897,1438.1501588245699,1422.493580862959,1407.007449938442,1391.6899104608308,1376.53912704102,1361.5532842710688,1346.730586506671,1332.0692576519975,1317.5675409468802,1303.2236987563101,1289.0360123622318,1275.0027817575997,1261.1223254426804,1247.3929802235698,1233.8131010129048,1220.3810606327447,1207.095249619598,1193.954076031573,1180.9559652576258,1168.0993598288871,1155.3827192320412,1142.8045197247386,1130.363254153016,1118.0574317707053,1105.8855780608094,1093.8462345588196,1081.93795867796,1070.159323536333,1058.508917785945,1046.9853454435956,1035.5872257236078,1024.3131928723778,1013.1618960047263,1002.1319989420327,991.22218005213,980.4311320909433,969.7575620458528,959.2001909807602,948.757753882845,938.4289995109856,928.212690245833,918.1076019415154,908.1125237789588,898.2262581208016,888.4476203678923,878.7754388173465,869.2085545221505,859.7458211522928,850.386104857409,841.1282841309193,831.9712496756472,822.9139042709004,813.9551626409989,805.0939513252347,796.3292085492458,787.6598840977925,779.0849391889176,770.603346349476,762.2140892920212,753.91616279303,745.7085725724545
77,8626.07,8724.79,8474.93,8211.7,8503.32,8371.41,7952.67,7871.21,7796.54,7486.23,7540.9,7366.61,7255.92,6958.18,6902.28,6319.39,6722.51,6460.76,6415.53,6102.8,5955.04,5844.88,5655.68,5306.81,5193.9,4888.95,4733.16,4619.31,4343.12,4238.71,3968.52,4002.12,3948.37,3810.09,3963.52,3965.25,3873.38,3929.12,3618.58,4232.27,3940.47,3856.76,3562.68,3529.3,3405.66,3486.72,3481.87,3480.83,3469.04,3439.64,3396.15,3346.45,3296.69,3250.22,3208.51,3171.53,3137.92,3106.07,3075.11,3045.02,3015.92,2987.43,2958.69,2929.12,2898.75,2868.06,2837.43,2806.99,2776.78,2746.83,2717.2,2687.88,2658.87,2630.17,2601.78,2573.69,2545.89,2518.4,2491.2,2464.28,2437.66,2411.32,2385.26,2359.48,2333.97,2308.74,2283.77,2259.07,2234.64,2210.47,2186.55,2162.89,2139.49,2116.34,2093.340903996833,2070.5917481814254,2048.089816355825,2025.8324218400683,2003.8169071513944,1982.040643686949,1960.501031409935,1939.1954985391744,1918.1215012420425,1897.2765233307407,1876.6580759618685,1856.263697339262,1836.0909524200622,1816.137432623973,1796.400755545685,1776.8785646704202,1757.5685290925712,1738.468343237394,1719.5757265857296,1700.8884234017132,1682.4042024634464,1664.120856796593,1646.0362034108714,1628.1480830394114,1610.4543598809416,1592.9529213447797,1575.6416777985942,1558.518562318907,1541.5815304443072,1524.828559931347,1508.257650513091,1491.8668236602873,1475.6541223451381,1459.6176108076322,1443.7553743244216,1428.0655189802064,1412.5461714416074,1397.1954787334926,1382.0116080177368,1366.9927463743848,1352.1371005851934,1337.4428969195237,1322.9083809225638,1308.531817205849,1294.3114892400608,1280.2456991500778,1266.3327675122528,1252.571033153893,1238.958852954921,1225.494601651688,1212.1766716429229,1199.0034727977866,1185.973432266016,1173.0849942901275,1160.3366200196638,1147.726787327458,1135.2539906278962,1122.9167406971528,1110.713564495381,1098.6430049908358,1086.7036209859061,1074.8939869450412,1063.2126928245427,1051.6583439042097,1040.2295606208124,1028.9249784033755,1017.7432475102505,1006.6830328679608,995.7430139117961,984.9218844281402,974.218352398512,963.6311398453018,953.1589826791832,942.8006305481836,932.5548466883954,922.4204077763088,912.3961037827501,902.4807378284067,892.6731260409223,882.9720974135455,873.3764936653142,863.8851691027589,854.4969904831106,845.2108368789928,836.0255995445866,826.940181783248
78,9503.8,9517.53,9376.23,8937.08,9139.08,9068.24,8480.22,8547.33,8429.03,8173.8,8073.76,7982.59,8093.98,7679.57,7799.5,7383.01,6812.4,7222.47,7056.01,6826.46,6507.51,6367.01,6135.32,5992.24,5712.94,5436.26,5249.21,5086.46,4807.29,4820.81,4466.64,4514.31,4508.0,4333.81,4351.3,4412.17,4329.57,4310.72,4206.0,4784.59,4502.44,4244.58,4189.19,3881.78,3831.19,3840.42,3817.33,3811.59,3809.42,3796.06,3764.72,3719.16,3667.35,3615.46,3566.78,3522.71,3483.17,3446.81,3412.03,3378.02,3344.73,3312.24,3280.18,3247.86,3214.81,3181.15,3147.3,3113.58,3080.12,3046.96,3014.14,2981.66,2949.53,2917.74,2886.29,2855.18,2824.39,2793.93,2763.79,2733.98,2704.48,2675.3,2646.42,2617.86,2589.59,2561.63,2533.97,2506.6,2479.53,2452.74,2426.24,2400.02,2374.08,2348.41,2322.923765722281,2297.714122047421,2272.7780672623862,2248.1126322303817,2223.714880037314,2199.581905642093,2175.71083553073,2152.0988273741873,2128.74306968994,2105.6407815072175,2082.789212035868,2060.1856403388256,2037.8273750081262,2015.7117538444427,1993.8361435400961,1972.1979393655072,1950.7945648590526,1929.6234715202834,1908.6821385064782,1887.9680723324825,1867.4788065738123,1847.2119015729754,1827.1649441489824,1807.3355473100082,1787.7213499691725,1768.3200166634065,1749.1292372753683,1730.1467267583769,1711.3702248643326,1692.7974958745888,1674.4263283337439,1656.254534786325,1638.279951516326,1620.5004382895747,1602.913878098895,1585.5181769120345,1568.311263422328,1551.2910888020674,1534.455626458547,1517.8028717927575,1501.3308419606992,1485.037575637282,1468.9211327827945,1452.9795944118994,1437.2110623651413,1421.6136590829349,1406.185527382,1390.9248302342296,1375.8297505479543,1360.8984909515805,1346.129273579577,1331.5203398607869,1317.0699503090307,1302.776384315989,1288.6379399463274,1274.6529337350487,1260.8197004870415,1247.1365930788052,1233.6019822623282,1220.2142564710925,1206.971821628184,1193.8731009564867,1180.916534790935,1168.1005803928044,1155.4237117660184,1142.8844194754474,1130.4812104671796,1118.2126078907447,1106.0771509232636,1094.0733945955092,1082.1999096198533,1070.4552822200815,1058.8381139630555,1047.3470215922002,1035.9806368628003,1024.7376063790834,1013.6165914330707,1002.6162678451767,991.7353258065402,980.9724697230646,970.326418061151,959.7959031951071,949.3796712562101,939.0764819834087,928.8851085756455,918.8043375457814
79,10406.55,10309.57,10068.53,9714.78,10161.12,9805.3,9372.72,9360.61,9272.61,9137.83,8961.35,8484.19,8887.33,8341.31,8541.96,8231.25,7900.16,7362.06,7825.27,7361.33,7242.93,7127.0,7076.29,6619.38,6338.42,6139.28,5812.8,5847.06,5440.54,5195.0,5092.27,4959.5,4852.2,4802.92,4888.61,4797.13,4811.0,4775.4,4687.39,5395.07,5032.47,4695.36,4668.96,4434.1,4267.14,4270.24,4220.94,4196.51,4189.57,4185.9,4170.58,4136.96,4088.97,4034.72,3980.34,3929.08,3882.24,3839.69,3800.08,3761.88,3724.3,3687.29,3650.89,3614.78,3578.38,3541.39,3504.0,3466.58,3429.39,3392.53,3356.05,3319.96,3284.25,3248.91,3213.95,3179.36,3145.13,3111.27,3077.77,3044.62,3011.82,2979.37,2947.27,2915.5,2884.08,2852.98,2822.22,2791.78,2761.67,2731.88,2702.4,2673.24,2644.39,2615.84,2587.500341346224,2559.4677107417983,2531.7387818861403,2504.310264515361,2477.178904011846,2450.3414810180734,2423.7948110546045,2397.535744142224,2371.5611644281676,2345.8679898164,2320.4531716019,2295.313694108908,2270.446574333086,2245.8488615875685,2221.5176371528314,2197.4500139303655,2173.6431361001,2150.0941787815327,2126.8003476985386,2103.758878847803,2080.9670381708506,2058.4221212296306,2036.1214528856076,2014.0623869823382,1992.2423060314813,1970.6586209022137,1949.3087705140053,1928.1902215327302,1907.300468070062,1886.6370313861314,1866.1974595954039,1845.979327375743,1825.9802356806256,1806.1978114544763,1786.629707351084,1767.2736014550715,1748.1271970063794,1729.1882221277388,1710.454429555093,1691.9235963709416,1673.5935237405733,1655.4620366511574,1637.526983653658,1619.7862366075497,1602.2376904282944,1584.879262837558,1567.7088941161282,1550.7245468595147,1533.9242057361928,1517.3058772484685,1500.8675894959342,1484.6073919414848,1468.523355179873,1452.613570708768,1436.876150702296,1421.3092277870358,1405.9109548204372,1390.6795046716454,1375.6130700046945,1360.7098630640537,1345.9681154624948,1331.3860779712593,1316.9620203124975,1302.6942309539575,1288.581016905897,1274.6207035201974,1260.811634291652,1247.1521706614087,1233.6406918225423,1220.275594527731,1207.0552928990192,1193.9782182396393,1181.0428188478743,1168.2475598329336,1155.5909229328279,1143.0714063342139,1130.6875244941918,1118.4378079640337,1106.320803214822,1094.3350724649752,1082.4791935096441,1070.7517595519564,1059.1513790360866,1047.6766754821388,1036.3262873228146,1025.0988677418525
80,11137.65,11235.8,10905.96,10750.42,10955.86,10626.75,10284.11,10286.0,10099.56,9887.69,9720.42,9505.08,9555.87,9236.16,9180.92,9209.4,8852.54,8490.76,7600.55,8122.74,7916.15,7860.81,7602.2,7296.64,7027.03,6803.71,6521.96,6402.32,6233.66,5901.5,5670.52,5532.93,5608.72,5498.52,5578.75,5385.47,5423.49,5358.99,5276.07,6129.26,5724.14,5278.44,5314.06,4930.78,4773.1,4791.7,4712.29,4660.79,4634.66,4626.06,4620.38,4602.58,4566.17,4515.28,4458.1,4400.75,4346.38,4296.22,4250.07,4206.6,4164.36,4122.6,4081.25,4040.33,3999.57,3958.54,3917.1,3875.48,3834.01,3792.89,3752.19,3711.92,3672.07,3632.64,3593.63,3555.03,3516.83,3479.04,3441.65,3404.65,3368.04,3331.82,3295.98,3260.52,3225.44,3190.72,3156.38,3122.4,3088.77,3055.51,3022.6,2990.03,2957.81,2925.94,2894.323042765744,2863.0477302626696,2832.110370765432,2801.5073124405235,2771.2349429152127,2741.2896888511427,2711.6680155225326,2682.366426398943,2653.3814627325455,2624.709703149854,2596.347763247865,2568.292295194568,2540.539987333766,2513.087563794169,2485.9317841027123,2459.069442802052,2432.4973690721954,2406.212426356215,2380.211511990015,2354.491556836091,2329.049524921252,2303.8824130782555,2278.9872505913113,2254.3610988454243,2230.0010509795197,2205.904231543316,2182.067796157912,2158.4889311800343,2135.1648533699176,2112.0928095627705,2089.2700763437965,2066.6939597267187,2044.3617948357864,2022.2709455912125,2000.4188043980112,1978.8027918382002,1957.4203563663264,1936.2689740082822,1915.3461480633766,1894.649408809627,1874.1763132122321,1853.9244446351981,1833.891412556081,1814.074852283808,1794.472424679552,1775.0818158806208,1755.9007370273282,1736.9269239928194,1718.1581371158127,1699.592160936233,1681.226803933698,1663.0598982688325,1645.0892995273782,1627.3128864670662,1609.7285607672288,1592.3342467811124,1575.1278912908697,1558.1074632652007,1541.270953619606,1524.6163749792402,1508.1417614443199,1491.8451683580706,1475.7246720771805,1459.7783697447333,1444.0043790655973,1428.400838084239,1412.9659049649392,1397.6977577743821,1382.5945942665976,1367.6546316702215,1352.8761064780613,1338.2572742389302,1323.7964093517335,1309.4918048617797,1295.341772259292,1281.3446412800963,1267.4987597084662,1253.8024931820935,1240.2542249991707,1226.8523559275548,1213.5953040159955,1200.481504407402,1187.5094091541284,1174.677487035253,1161.9842233758352,1149.4281198681235
81,12192.98,12198.41,11946.61,11358.36,11782.69,11419.31,10972.17,11049.4,10972.32,10553.82,10610.36,10209.77,10434.14,9872.09,10032.86,9918.79,9536.79,9381.85,8957.28,8134.56,8619.34,8785.29,8553.56,7833.79,7926.55,7415.04,7401.05,7242.34,6845.14,6727.82,6293.01,6404.57,6311.5,6054.98,6156.43,6027.19,6038.88,6026.51,5815.29,6708.87,6253.5,5995.67,5902.49,5559.83,5409.68,5415.49,5304.75,5221.99,5167.93,5139.61,5128.75,5120.41,5099.47,5059.63,5005.24,4944.56,4883.64,4825.55,4771.42,4721.0,4672.97,4625.96,4579.3,4532.92,4486.81,4440.76,4394.52,4348.09,4301.73,4255.71,4210.15,4165.07,4120.46,4076.32,4032.65,3989.43,3946.66,3904.34,3862.47,3821.04,3780.04,3739.48,3699.34,3659.62,3620.32,3581.44,3542.97,3504.9,3467.23,3429.96,3393.09,3356.6,3320.5,3284.78,3249.397402589824,3214.3959351790672,3179.7714923575245,3145.520012937155,3111.637479475734,3078.1199178056363,3044.9633965676962,3012.1640267500898,2979.717961232182,2947.6213943332887,2915.8705613662964,2884.461738196097,2853.3912408027713,2822.6554248494813,2792.250685255019,2762.173455770954,2732.420208563343,2702.9874537989367,2673.8717392358535,2645.069649818654,2616.577807277781,2588.3928697333154,2560.511531302996,2532.930521714468,2505.646605921699,2478.6565837255393,2451.957289398357,2425.5455913127234,2399.418391574097,2373.5726256574635,2348.005262047891,2322.713301884953,2297.693778610988,2272.9437576231417,2248.4603359291614,2224.240641806897,2200.2818344674697,2176.5811037220665,2153.1356696523285,2129.9427822842863,2106.9997212658086,2084.3037955475256,2061.852343067189,2039.6427304374317,2017.6723526368914,1995.9386327046602,1974.4390214380287,1953.1709970934812,1932.1320650909142,1911.3197577210437,1890.7316338559576,1870.3652786627908,1850.2183033204858,1830.2883447395982,1810.5730652851269,1791.0701525023253,1771.7773188454676,1752.692301409539,1733.8128616648107,1715.1367851942796,1696.6618814339329,1678.3859834158102,1660.3069475138368,1642.4226531923907,1624.7310027575793,1607.2299211111974,1589.9173555073314,1572.79127531159,1555.8496717629241,1539.0905577380147,1522.5119675181986,1506.1119565589042,1489.8886012615703,1473.8399987480236,1457.964266637284,1442.2595428247762,1426.7239852639188,1411.3557717500653,1396.1530997067746,1381.1141859743805,1366.237266600841,1351.5205966348415,1336.9624499211218,1322.561118898015,1308.3149143971593,1294.2221654453745
82,13203.76,13503.71,12914.89,12428.49,12973.93,12379.55,11721.15,11763.57,11928.33,11496.34,11551.33,11185.64,11292.2,10842.71,11128.42,10720.46,10610.54,10318.98,10321.05,9646.91,8621.93,9567.22,9459.24,8874.33,8463.6,8497.77,8258.49,7868.63,7681.17,7383.55,7146.0,7146.11,7255.18,6803.82,7118.16,6768.62,6742.63,6587.36,6458.06,7598.55,6956.99,6842.68,6749.11,6383.54,6166.61,6145.4,6007.18,5891.93,5805.59,5748.56,5717.48,5703.67,5691.89,5667.04,5623.06,5564.52,5499.7,5434.57,5372.1,5313.29,5257.83,5204.46,5151.92,5099.6,5047.44,4995.44,4943.47,4891.44,4839.49,4787.87,4736.76,4686.18,4636.13,4586.6,4537.59,4489.08,4441.09,4393.59,4346.59,4300.08,4254.06,4208.52,4163.46,4118.87,4074.74,4031.08,3987.88,3945.13,3902.83,3860.97,3819.55,3778.57,3738.02,3697.9,3658.195843117084,3618.917987668437,3580.0618564780875,3541.62292151496,3503.59670336521,3465.9787707102223,3428.764739810216,3391.9502739933914,3355.5310831505662,3319.5029232352326,3283.861595768987,3248.602947352266,3213.7228691803366,3179.217296564487,3145.082208458352,3111.31362698933,3077.9076169950254,3044.860285564675,3012.1677815854923,2979.8262952938844,2947.8320578314906,2916.1813408059816,2884.87045585658,2853.895754224243,2823.2536263264615,2792.9405013366218,2762.9528467678883,2733.2871680615494,2703.9400081797853,2674.907947202808,2646.1876019303295,2617.775625487303,2589.668706933902,2561.8635708796864,2534.356977101912,2507.1457201679314,2480.226629061661,2453.596566814047,2427.2524301375092,2401.1911490643006,2375.4096865887554,2349.905038313378,2324.6742320987296,2299.7143277170753,2275.0224165097497,2250.595621048203,2226.431094798683,2202.526021790519,2178.87761628797,2155.4831224655923,2132.339814087093,2109.4449941876364,2086.7959947595537,2064.390176441434,2042.2249282105515,2020.2976670785918,1998.6058377906506,1977.1469125274607,1955.9183906108149,1934.9177982121585,1914.142688064301,1893.5906391762317,1873.259256550992,1853.146170906579,1833.2490383998456,1813.5655403533647,1794.0933829852258,1774.8302971417345,1755.7740380329788,1736.9223849712378,1718.2731411121972,1699.8241331989439,1681.5732113087095,1663.518248602333,1645.657141076413,1627.9878073181208,1610.5081882626478,1593.2162469532557,1576.1099683039026,1559.1873588644194,1542.4464465882054,1525.8852806024204,1509.5019309806428,1493.2944885179693,1477.2610645085288,1461.3997905253843
83,14040.68,13861.45,14149.18,13479.58,14134.32,13321.54,13115.64,12787.31,12910.87,12622.91,12487.9,12185.8,12369.85,11822.27,12130.41,11704.73,11563.76,11502.98,11308.33,10847.84,10393.58,9239.21,10550.15,9834.77,9505.49,9313.44,9021.53,8800.59,8454.2,8129.53,7935.16,8060.3,8002.17,7724.79,8005.82,7751.28,7588.23,7459.76,7260.0,8373.62,7747.15,7478.59,7463.95,7110.77,6997.03,6981.2,6825.03,6681.44,6561.63,6471.45,6410.99,6376.51,6358.93,6342.81,6313.15,6264.22,6200.78,6131.11,6061.05,5993.43,5929.14,5867.81,5808.25,5749.32,5690.51,5631.78,5573.17,5514.64,5456.27,5398.27,5340.83,5283.99,5227.73,5172.05,5116.95,5062.42,5008.46,4955.05,4902.2,4849.9,4798.15,4746.93,4696.24,4646.09,4596.45,4547.34,4498.73,4450.63,4403.04,4355.94,4309.34,4263.22,4217.58,4172.42,4127.7989893572,4083.6551681130677,4039.9834330725166,3996.778735615438,3954.0360811130604,3911.7505283505484,3869.9171889557833,3828.531226834245,3787.587857609943,3747.082348072324,3707.010015629094,3667.366227764893,3628.1464015057577,3589.3460028893137,3550.960546440631,3512.985594653685,3475.416757478366,3438.2496918129714,3401.4801010021256,3365.103734340072,3329.116386579273,3293.5138974442693,3258.2921511507343,3223.447075929677,3188.9746435567226,3154.870868886445,3121.1318093916575,3087.75356470765,3054.7322761812884,3022.064126424939,2989.745338875164,2957.7721773561398,2926.140945647734,2894.8479870582155,2863.8896840015213,2833.2624575790533,2802.9627671659405,2772.9871100017326,2743.3320207854667,2713.994071275062,2684.9698698910074,2656.256061324276,2627.849326148442,2599.7463804359436,2571.943975378444,2544.4388969112606,2517.2279653418045,2490.308034981996,2463.6759937846145,2437.328762983527,2411.2632967377776,2385.4765817794732,2359.9656370654393,2334.7275134325982,2309.7592932570374,2285.0580901167186,2260.6210484577987,2236.445343264512,2212.528179732594,2188.8667929461863,2165.458447558205,2142.300437474121,2119.3900855391266,2096.724743228649,2074.3017903421637,2052.1186347002977,2030.172711845156,2008.4614847438663,1986.982443495284,1965.7331050398411,1944.711012872493,1923.9137367587384,1903.3388724536733,1882.9840414240527,1862.8468905733223,1842.9250919695917,1823.2163425765157,1803.7183639870561,1784.4289021600878,1765.3457271598231,1746.4666328980231,1727.7894368789655,1709.3119799471385,1691.032126037636,1672.947761929219,1655.0567970000193
84,15484.34,15313.28,15029.91,14395.2,15208.31,14491.39,13768.48,13790.16,13888.82,13765.52,13946.09,13182.76,13638.55,13119.05,13060.07,12676.05,12430.39,12459.2,12422.25,11982.16,11564.31,10934.35,9901.16,11181.7,10739.8,10274.74,10033.06,9991.97,9503.55,9211.88,8841.51,8944.41,8842.22,8571.6,8913.02,8663.55,8633.72,8413.18,8252.45,9413.61,8630.89,8398.47,8337.73,8112.27,7880.35,7915.21,7754.85,7593.12,7444.39,7320.0,7225.7,7161.3,7122.67,7100.38,7078.87,7043.39,6988.59,6919.43,6844.13,6768.36,6694.76,6624.11,6556.01,6489.34,6423.13,6356.98,6290.89,6224.96,6159.29,6094.07,6029.46,5965.52,5902.24,5839.6,5777.61,5716.26,5655.53,5595.44,5535.96,5477.1,5418.84,5361.19,5304.13,5247.67,5191.78,5136.48,5081.75,5027.58,4973.98,4920.94,4868.44,4816.5,4765.09,4714.21,4663.968435496268,4614.26231909599,4565.085944275607,4516.433665328678,4468.299896717726,4420.6791124329875,4373.5658453579945,4326.954686641927,4280.840285078645,4235.217346492338,4190.080633129734,4145.424963058774,4101.245209573694,4057.536300606462,4014.2932181444694,3971.5109976544404,3929.184727512479,3887.309548440186,3845.8806529467884,3804.893284777216,3764.342738366058,3724.224358297335,3684.533538770041,3645.2657230693667,3606.416403043566,3567.981118586397,3529.95545712508,3492.335053113708,3455.115587532061,3418.2927873897593,3381.8624252357017,3345.82031867273,3310.162329877472,3274.884365125295,3239.9823743203233,3205.4523505304696,3171.2903295274136,3137.492389331493,3104.054649761435,3070.973271988892,3038.244458097728,3005.8644506479914,2973.8295322445465,2942.1360251102938,2910.780290663943,2879.758729102285,2849.067778986915,2818.703916835362,2788.6636567165715,2758.943549850704,2729.5401842132005,2700.4501841430556,2671.670209955284,2643.1969575574976,2615.0271580705867,2587.157577453428,2559.5850161316066,2532.3063086300826,2505.3183232097795,2478.6179615080473,2452.202158182948,2426.0678805613456,2400.2121282907306,2374.631932994773,2349.3243579325294,2324.286497661295,2299.5154777030407,2275.008454214408,2250.7626136602225,2226.775172490483,2203.0433768207977,2179.5645021162213,2156.3358528784665,2133.354762336445,2110.6185921401093,2088.124732057554,2065.8705996753506,2043.8536401020706,2022.0713256749716,2000.5211556698073,1979.2006560137324,1958.1073790012656,1937.2389030132792,1916.5928322389864,1896.166796400887,1875.9584504826507
85,16444.52,16388.31,15937.16,15422.33,16462.21,15878.12,14943.16,14911.38,15488.64,14658.99,14576.28,14248.81,14946.03,13899.46,13955.7,14177.49,13849.93,13554.92,13375.78,13042.58,13182.59,12678.01,12570.49,10278.72,11660.32,11485.88,11114.82,10964.55,10492.68,10358.24,9871.98,9915.2,10067.37,9677.15,10114.74,9737.74,9581.38,9429.24,9202.56,10563.74,9697.96,9343.11,9366.4,8986.82,8845.14,8941.33,8793.61,8628.27,8461.36,8307.63,8178.57,8079.82,8010.87,7967.19,7939.07,7910.95,7868.46,7806.73,7730.9,7649.05,7566.62,7486.09,7408.09,7332.19,7257.41,7182.95,7108.55,7034.29,6960.36,6886.97,6814.27,6742.3,6671.08,6600.57,6530.79,6461.72,6393.35,6325.68,6258.7,6192.41,6126.8,6061.86,5997.58,5933.97,5871.01,5808.69,5747.02,5685.98,5625.57,5565.78,5506.61,5448.05,5390.1,5332.74,5276.130127081069,5220.121198088131,5164.706833681618,5109.880722242049,5055.63661915114,5001.968346080553,4948.869790288196,4896.334903921984,4844.357703331003,4792.9322683839755,4742.052741794969,4691.713328456258,4641.908294778267,4592.631968036531,4543.878735725568,4495.64304491963,4447.9194016402325,4400.702370230394,4353.986572735526,4307.76668829089,4262.037452515557,4216.793656912803,4172.03014827687,4127.74182810602,4083.9236520218233,4040.570629194614,3997.6778217750375,3955.2403443316384,3913.2533632944155,3871.7120964042842,3830.611812168388,3789.947829321183,3749.7155162912486,3709.9102906737626,3670.527618708568,3631.5630147637817,3593.0120408248936,3554.870305989277,3517.1334659660743,3479.7972225813874,3442.8573232887193,3406.3095606846205,3370.149772029464,3334.3738387733233,3298.9776860868687,3263.957282397252,3229.3086389289174,3195.0278092492836,3161.110888819251,3127.554014548481,3094.353364355394,3061.5051567318415,3029.0056503123947,2996.8511434482107,2965.037973785419,2933.562517847984,2902.4211906249966,2871.610445162347,2841.1267721587283,2810.966699565938,2781.1267921934104,2751.603651316956,2722.3939142916524,2693.494254168841,2664.9013793171944,2636.612033047804,2608.6229932432457,2580.9310719905875,2553.533115218289,2526.426002336958,2499.6066458839196,2473.071991171557,2446.8190159393894,2420.8447300098387,2395.146174947653,2369.720423722945,2344.564580377807,2319.6757796964657,2295.051186878939,2270.687997218153,2246.5834357804943,2222.734757089745,2199.139244814378,2175.7942114581715,2152.6969980541066,2129.844973861514
86,17835.84,17703.12,17479.64,16621.42,17410.82,17516.48,16091.0,16146.2,16363.49,16000.44,15726.84,15420.51,16030.9,14795.69,15506.8,15156.51,14832.33,14627.99,14322.67,14269.82,13985.26,14112.13,13664.96,12933.82,11272.22,12981.28,12507.09,12382.29,11586.44,11361.28,10750.21,11420.87,11182.93,10629.28,11268.09,10853.39,10839.68,10893.41,10304.7,11896.98,10720.76,10634.67,10567.58,10005.61,9887.38,10043.44,9926.85,9775.69,9605.94,9434.28,9275.75,9141.97,9038.38,8964.16,8914.4,8879.15,8843.01,8792.18,8722.33,8638.76,8549.35,8459.28,8370.78,8284.36,8199.61,8115.7,8032.05,7948.54,7865.39,7782.85,7701.09,7620.15,7540.03,7460.71,7382.2,7304.48,7227.54,7151.39,7076.0,7001.38,6927.52,6854.4,6782.03,6710.4,6639.49,6569.31,6499.84,6431.08,6363.03,6295.67,6228.99,6163.01,6097.69,6033.05,5969.346630342814,5906.315908733577,5843.950732637544,5782.2440745160975,5721.188981034861,5660.778572280171,5601.006040983822,5541.864651755997,5483.347740326305,5425.448712792818,5368.161044879052,5311.478281198785,5255.39403452864,5199.901985088349,5144.995879828618,5090.669531726509,5036.916819088267,4983.731684859498,4931.108135942643,4879.040242521652,4827.522137393789,4776.548015308502,4726.112132313251,4676.208805106273,4626.832410396156,4577.977384268191,4529.63822155741,4481.809475228242,4434.485755760718,4387.661730543166,4341.332123271309,4295.49171335371,4250.135335323502,4205.257878256316,4160.854285194373,4116.919552576638,4073.448729675007,4030.4369180364356,3987.879270930968,3945.7709928055847,3904.107338743825,3862.8836139311134,3822.095173125726,3781.737420135352,3741.8058072991757,3702.295834975428,3663.203051034354,3624.5230503565253,3586.2514743364604,3548.3840103914763,3510.916391475734,3473.8443955994107,3437.1638453529495,3400.870607436335,3364.9605921933357,3329.4297531506695,3294.2740865620303,3259.48963095693,3225.0724666943074,3191.0187155208478,3157.3245401339673,3123.9861437494087,3090.9997696734113,3058.361700879388,3026.0682595890785,2994.115806858125,2962.50074216602,2931.2195030103867,2900.268564505547,2869.6444389853186,2839.343675610016,2809.362859977595,2779.698613738906,2750.3475942170094,2721.3064940305103,2692.5720407208696,2664.140996383653,2636.01015730367,2608.1763535939685,2580.636448838641,2553.3873397394004,2526.425955765888,2499.749258809678,2473.3542428419287,2447.2379335746546,2421.3973881255706
87,19016.26,18793.42,18520.98,18017.1,17982.14,17590.84,17178.99,17419.78,17600.65,17013.93,17605.02,16643.27,17319.85,16218.9,16602.03,16556.36,16541.48,15995.9,15606.73,15382.76,14780.62,15218.39,15370.49,14666.64,13861.57,11522.2,13973.8,13596.63,13161.73,12663.82,12181.82,12525.96,12248.9,12147.95,12432.85,12011.89,12314.0,12238.09,11373.91,13506.39,12143.36,12022.64,11692.37,11224.33,11042.1,11215.58,11136.72,11018.97,10864.89,10691.22,10515.13,10351.95,10213.27,10104.33,10023.93,9966.82,9922.9,9877.1,9816.38,9737.08,9644.6,9546.54,9447.72,9350.15,9254.24,9159.59,9065.57,8971.85,8878.52,8785.86,8694.07,8603.19,8513.21,8424.13,8335.95,8248.64,8162.2,8076.63,7991.92,7908.06,7825.03,7742.85,7661.49,7580.95,7501.22,7422.29,7344.16,7266.83,7190.27,7114.49,7039.47,6965.22,6891.72,6818.97,6747.266788526472,6676.317554638359,6606.114370068745,6536.649389918465,6467.914851779475,6399.903074867431,6332.606459163403,6266.017484564596,6200.128710044021,6134.93277281899,6070.422387528349,6006.5903454183845,5943.429513537266,5880.932833937976,5819.093322889611,5757.904070096983,5697.358237928423,5637.449060651703,5578.169843678003,5519.51396281381,5461.4748635207025,5404.046060182898,5347.221135382529,5290.993739182508,5235.357588416964,5180.306465989119,5125.834220176555,5071.934763943786,5018.602074262059,4965.83019143631,4913.613218439188,4861.945320252091,4810.82072321313,4760.233714371943,4710.178640851305,4660.649909215434,4611.641984844957,4563.149391318436,4515.166709800405,4467.6885784358365,4420.709691750978,4374.224800060489,4328.228708880811,4282.716278349708,4237.682422651907,4193.122109450784,4149.030359326018,4105.402245217166,4062.2328918730823,4019.5174753071346,3977.251222258142,3935.4294096569834,3894.0473640988157,3853.100461320843,3812.5841256855733,3772.4938296695113,3732.8250933572276,3693.5734839407487,3654.73461522421,3616.304147133714,3578.277785232353,3540.6512802403167,3503.4204275600605,3466.581066806454,3430.1290813418823,3394.0603978162244,3358.3709857116773,3323.0568568923622,3288.1140651586675,3253.5387058062797,3219.3269151898467,3185.4748702912366,3151.978788292327,3118.834926152297,3086.039580189355,3053.589085666869,3021.47981638385,2989.708184269738,2958.270638983451,2927.163667516652,2896.3837938011825,2865.9275783206294,2835.791617725974,2805.9725444552796,2776.4670263573867,2747.2717663195535
88,20336.06,20601.36,19801.64,18673.49,19736.32,19489.13,17798.68,18306.57,19236.67,17718.74,18628.07,17836.92,18569.75,17802.96,17979.11,17733.07,17680.28,17092.9,17581.4,16623.8,16686.57,16601.53,16340.6,16066.74,15848.75,14284.81,12496.86,15502.18,14761.43,13906.7,13531.0,13731.29,13829.83,13498.3,14055.19,13575.67,13495.55,13713.02,13291.92,14914.23,13779.03,13352.94,13264.74,12717.94,12355.69,12488.28,12424.47,12346.68,12227.86,12071.04,11893.64,11713.23,11545.28,11401.28,11286.19,11198.43,11132.4,11077.98,11020.64,10948.29,10858.01,10755.29,10647.33,10538.56,10430.74,10324.18,10218.58,10113.54,10008.99,9905.19,9802.34,9700.51,9599.67,9499.82,9400.96,9303.08,9206.16,9110.19,9015.18,8921.11,8827.97,8735.76,8644.46,8554.08,8464.59,8375.99,8288.28,8201.45,8115.49,8030.38,7946.13,7862.73,7780.16,7698.42,7617.820411694275,7538.064671039765,7459.143943266048,7381.049486099463,7303.772648794692,7227.304871176498,7151.637682691486,7076.762701469802,7002.6716333966415,6929.356271193496,6856.808493508999,6785.020264019309,6713.983630537899,6643.690724134673,6574.133758264297,6505.305027903669,6437.1969086984045,6369.801856118267,6303.1124046214445,6237.121166827561,6171.82083269936,6107.204168732954,6043.264017156542,5979.993295137529,5917.384993997934,5855.432178438026,5794.1279857680765,5733.465625148158,5673.438376835912,5614.039591442172,5555.262689194403,5497.101159207832,5439.548558764224,5382.598512598207,5326.244712191056,5270.480915071888,5215.300944126166,5160.698686911435,5106.668094980239,5053.203183210112,5000.2980291405875,4947.946772317154,4896.143613642075,4844.8828147320055,4794.158697282337,4743.965642438192,4694.298090172009,4645.150538667648,4596.517543710926,4548.393718086559,4500.7737309813965,4453.652307393918,4407.024227549899,4360.88432632421,4315.227492668651,4270.0486690458,4225.342850868758,4181.105085946792,4137.3304739367595,4094.0141658002804,4051.1513632666038,4008.737318301083,3966.767332579226,3925.2367569662456,3884.140991002064,3843.4754823917056,3803.235726501027,3763.417265857725,3724.015689657572,3685.026633275813,3646.445777783691,3608.2688494700224,3570.491619367787,3533.109902785672,3496.119558844525,3459.5164900186546,3423.296641681935,3387.456001658666,3351.9905997791316,3316.8965074398134,3282.1698371682064,3247.806742192195,3213.8034160139346,3180.156091988192,3146.8610429051087,3113.914580577323
89,21516.46,21929.75,21022.8,19755.19,21073.85,20228.46,19503.35,19644.65,20472.54,19356.51,19969.12,19171.98,19948.0,18797.51,19117.52,19502.61,19177.72,18667.14,18781.68,17878.18,18004.11,18045.81,18064.47,16819.48,17920.15,16773.84,15764.79,13611.5,16662.39,16187.0,15141.79,15126.02,15415.19,14802.41,15327.8,15118.34,14954.4,15447.15,14858.67,16853.46,14910.77,15079.79,15002.13,14340.91,13829.38,13921.25,13826.28,13764.71,13687.53,13567.32,13407.57,13226.26,13041.28,12868.12,12718.08,12595.72,12499.08,12422.27,12355.26,12284.27,12198.35,12095.41,11980.96,11861.72,11741.68,11622.34,11503.98,11386.4,11269.51,11153.46,11038.47,10924.58,10811.8,10700.11,10589.51,10479.98,10371.52,10264.11,10157.75,10052.43,9948.14,9844.87,9742.61,9641.36,9541.11,9441.84,9343.55,9246.23,9149.87,9054.46,8960.0,8866.47,8773.88,8682.2,8591.798128017486,8502.337549538688,8413.808463511468,8326.201170935423,8239.506073799263,8153.7136740293045,8068.814572448868,7984.799467748543,7901.659155467157,7819.384526983363,7737.966568517721,7657.396360145175,7577.665074817815,7498.763977397802,7420.684423700374,7343.41785954682,7266.955819827295,7191.289927573419,7116.411893040508,7042.3135127993855,6968.986668837622,6896.423327670164,6824.615539459198,6753.555437143187,6683.235235574988,6613.647230668918,6544.78379855673,6476.637394752355,6409.200553325348,6342.465886082946,6276.42608176064,6211.073905221165,6146.402196661844,6082.4038708301805,6019.071916247617,5956.399394441375,5894.379439184296,5833.005255742599,5772.270120131467,5712.1673783783845,5652.690445794149,5593.832806251468,5535.588011471074,5477.949680315268,5420.911498088814,5364.46721584713,5308.610649711656,5253.335680192383,5198.636251517401,5144.5063709694605,5090.940108229417,5037.931594726527,4985.475022995499,4933.56464604025,4882.194776704277,4831.359787047587,4781.054107730118,4731.272227401572,4682.00869209762,4633.258104642364,4585.0151240570485,4537.274464974917,4490.030897062154,4443.279244444873,4397.014385142063,4351.2312505044265,4305.924824659086,4261.090143960052,4216.722296444419,4172.816421294229,4129.367708303931,4086.371397353386,4043.822777886368,4001.7171883944816,3960.050015906464,3918.816695482801,3878.0127097156023,3837.633588233689,3797.674907212831,3758.132288891086,3719.0014010891828,3680.2779567359016,3641.957713398395,3604.036472817393,3566.5100804472627,3529.3744250008394
90,21398.2,21106.36,22454.86,21680.33,22410.95,21579.78,20132.88,20017.13,20687.74,20479.5,21635.17,20310.5,21598.53,20315.47,20459.61,20122.6,20050.45,20048.11,19840.77,19298.69,18670.63,18455.1,19017.48,17662.43,18327.56,17665.09,18173.26,16945.14,15550.83,16167.35,16546.59,16717.18,16791.23,16290.17,17112.42,16533.66,16626.76,16358.37,15813.77,18269.73,17037.84,17098.0,16726.39,15798.67,15470.42,15566.73,15404.31,15311.21,15251.03,15173.54,15051.15,14887.85,14702.09,14511.96,14332.84,14175.68,14044.61,13937.28,13847.56,13765.64,13678.69,13577.13,13459.74,13331.97,13199.99,13067.29,12935.17,12803.88,12673.43,12543.97,12415.67,12288.59,12162.72,12038.04,11914.56,11792.25,11671.11,11551.14,11432.32,11314.63,11198.09,11082.66,10968.35,10855.15,10743.04,10632.02,10522.08,10413.2,10305.39,10198.63,10092.91,9988.22,9884.56,9781.92,9682.155873364476,9583.409223968938,9485.669674737284,9388.926954427445,9293.17089655198,9198.391438309714,9104.578619528264,9011.722581617332,8919.813566532697,8828.841915750761,8738.798069253553,8649.672564524084,8561.45603555196,8474.139211849122,8387.712917475628,8302.168070075377,8217.495679921665,8133.6868489724675,8050.732769935369,7968.624725342018,7887.354086632032,7806.912313246237,7727.290951729159,7648.481634840671,7570.476080676691,7493.2660917988605,7416.84355437309,7341.200437316893,7266.328791455422,7192.220748686098,7118.868521151772,7046.264400422323,6974.4007566845785,6903.2700379405305,6832.864769213705,6763.177551763629,6694.201062308321,6625.928052254692,6558.351346936819,6491.463844861964,6425.258516964299,6359.728405866232,6294.866625147276,6230.666358620364,6167.120859615557,6104.223450271045,6041.967520831388,5980.346528952909,5919.353999016171,5858.983521445475,5799.228752035284,5740.083411283527,5681.541283731702,5623.596217311698,5566.242122699297,5509.472972674254,5453.282801486915,5397.665704231276,5342.61583622447,5288.127412392537,5234.194706662505,5180.812051360635,5127.973836616824,5075.674509775069,5023.908574809961,4972.670591749106,4921.955176101462,4871.7569982914865,4822.070783099065,4772.891309105151,4724.213408143053,4676.0319647553315,4628.341915656217,4581.138249199526,4534.416004851998,4488.170272671996,4442.396192793543,4397.088954915598,4352.24379779656,4307.856008753914,4263.920923168984,4220.433923996748,4177.390441280627,4134.785951672253,4092.61597795611,4050.8760885790366
91,22591.14,23078.1,23451.9,23311.21,24226.9,22999.72,21383.87,20980.66,22485.12,21970.68,22235.3,21912.01,21841.13,20934.08,21899.1,21398.42,21662.9,20967.14,20928.5,20398.39,19856.46,20361.8,20212.87,19565.78,19764.81,19673.38,18463.48,19862.45,17422.74,16945.68,17935.18,18639.26,18513.22,17355.66,19127.75,17685.07,18716.31,18068.45,17701.73,20256.22,18811.84,18851.87,18468.67,17841.71,17361.2,17445.05,17220.05,17059.52,16969.11,16911.16,16834.6,16711.92,16547.55,16360.31,16168.31,15986.7,15825.96,15689.69,15575.16,15476.03,15382.82,15283.81,15170.84,15043.56,14907.27,14767.48,14627.17,14487.4,14348.47,14210.54,14073.78,13938.22,13803.86,13670.68,13538.69,13407.87,13278.22,13149.72,13022.37,12896.16,12771.08,12647.12,12524.28,12402.54,12281.9,12162.36,12043.89,11926.5,11810.17,11694.9,11580.68,11467.5,11355.35,11244.23,11134.946605957773,11026.72534424594,10919.555891932121,10813.428026413172,10708.331624440092,10604.256661152387,10501.193209121822,10399.131437405484,10298.061610608016,10197.974087953002,10098.859322363345,10000.707859550608,9903.510337113194,9807.257483643281,9711.94011784246,9617.549147645952,9524.075569355338,9431.510466779724,9339.845010385246,9249.070456452853,9159.17814624425,9070.159505175992,8982.006042001547,8894.709348001361,8808.261096180764,8722.653040475683,8637.877014966072,8553.924933096989,8470.788786907231,8388.460646265492,8306.93265811392,8226.197045719038,8146.24610792994,8067.072218443701,7988.667825077923,7911.025449050357,7834.137684265516,7757.997196608233,7682.59672324408,7607.929071926577,7533.987120311156,7460.763815275772,7388.252172248124,7316.445274539422,7245.336272684615,7174.918383789045,7105.1848908814445,7036.129142273219,6967.744550923963,6900.024593813144,6832.962811317879,6766.552806596778,6700.788244979767,6635.662853363832,6571.170419614655,6507.304791974045,6444.05987847315,6381.429646351352,6319.408121480823,6257.989387796663,6197.167586732592,6136.936916662111,6077.2916323451,6018.226044379797,5959.734518660104,5901.81147583816,5844.451390792145,5787.648792099251,5731.398261513788,5675.694433450333,5620.5319944719395,5565.905682783294,5511.81028772881,5458.2406492956,5405.191657621268,5352.658252506504,5300.635422932399,5249.118206582457,5198.101689369258,5147.58100496571,5097.551334340869,5048.007905300265,4998.9459920306845,4950.3609146494055,4902.2480387577825,4854.602774999189
92,25463.86,25344.43,25371.37,25052.34,26427.81,24095.98,22295.56,23522.01,24014.67,23920.67,23818.79,23733.88,24633.77,23236.42,24281.68,24073.41,23813.18,22858.4,22527.44,22653.82,22473.09,22036.61,22802.1,20852.89,20931.86,21185.19,20836.92,20795.03,19691.38,19477.57,18506.8,20168.07,20719.71,19968.1,20579.02,19689.23,20480.89,20444.57,19170.17,21949.43,20840.16,20796.02,20656.84,19885.3,19390.44,19539.86,19289.04,19065.98,18908.06,18820.41,18764.39,18688.5,18565.51,18400.36,18212.06,18018.66,17834.91,17670.68,17529.0,17406.73,17297.44,17192.1,17080.3,16955.45,16818.06,16673.17,16525.6,16377.78,16230.62,16084.43,15939.38,15795.52,15652.82,15511.3,15370.93,15231.72,15093.65,14956.71,14820.91,14686.23,14552.67,14420.22,14288.87,14158.61,14029.44,13901.36,13774.34,13648.39,13523.5,13399.66,13276.87,13155.11,13034.39,12914.68,12796.844266449461,12680.083686143244,12564.388449200562,12449.748835247643,12336.155212601061,12223.598037458498,12112.067853096914,12001.555289078015,11892.051060460979,11783.545967022359,11676.030892483106,11569.496803742657,11463.934750119985,11359.335862601603,11255.691353096403,11152.992513697318,11051.230715949701,10950.39741012639,10850.48412450939,10751.482464678093,10653.384112804017,10556.180826951952,10459.864440387515,10364.426860890982,10269.860070077428,10176.156122723025,10083.307146097519,9991.305339302786,9900.14297261742,9809.812386847305,9720.305992682113,9631.616270057671,9543.735767524156,9456.657101620027,9370.37295625171,9284.876082078903,9200.159295905523,9116.215480076184,9033.037581878198,8950.618612949025,8868.951648689132,8788.029827680206,8707.846351108683,8628.394482194528,8549.667545625225,8471.658926994955,8394.36207224885,8317.770487132357,8241.877736645602,8166.677444502747,8092.163292596263,8018.329020466111,7945.168424773752,7872.675358780959,7800.843731833392,7729.667508848872,7659.140709810337,7589.257409263417,7520.011735818592,7451.397871657896,7383.410052046126,7316.042564846499,7249.289750040739,7183.145999253537,7117.605755281354,7052.66351162552,6988.3138120295935,6924.551250020944,6861.370468456513,6798.766159072728,6736.733062039513,6675.265965518376,6614.359705224523,6554.009163992974,6494.20927134863,6434.955003080266,6376.241380818415,6318.063471617099,6260.416387539378,6203.295285246675,6146.6953655918605,6090.611873216035,6035.040096149005,5979.975365413389,5925.413054632353,5871.348579640905
93,26532.36,26738.82,27110.94,25804.84,27371.47,26589.3,24237.68,25506.3,26235.4,25051.62,26942.27,24963.41,26890.21,24746.94,25630.73,26009.37,25007.42,24536.94,24721.53,23969.83,23629.73,24127.44,25126.52,22620.75,23070.22,22848.91,22624.61,22597.87,20871.04,22049.12,22071.14,21151.78,22307.29,21764.95,22825.76,22369.36,22129.56,22091.79,21668.11,25358.29,22549.69,23072.09,22659.32,21759.97,21423.39,21652.97,21394.07,21133.14,20900.85,20734.33,20638.06,20573.04,20488.24,20357.3,20185.59,19991.99,19794.02,19605.66,19435.86,19286.89,19155.23,19034.43,18916.16,18791.51,18655.58,18509.59,18358.11,18205.05,18052.25,17900.36,17749.55,17599.88,17451.33,17303.9,17157.57,17012.36,16868.24,16725.22,16583.29,16442.44,16302.66,16163.96,16026.31,15889.73,15754.19,15619.71,15486.26,15353.84,15222.45,15092.09,14962.73,14834.39,14707.05,14580.71,14456.408829739745,14333.16733222026,14210.97647368655,14089.82729739677,13969.710922965669,13850.618545713662,13732.541436021433,13615.470938690036,13499.39847230646,13384.31552861461,13270.213671891632,13157.084538329565,13044.919835422268,12933.711341357563,12823.450904414569,12714.130442366173,12605.741941886592,12498.27745796398,12391.729113318055,12286.089097822683,12181.349667933391,12077.503146119743,11974.541920302578,11872.458443296035,11771.245232254329,11670.894868123249,11571.399995096344,11472.753320075719,11374.947612137448,11277.975702001537,11181.83048150641,11086.504903087867,10991.991979262493,10898.284782115463,10805.376442792724,10713.260150997488,10621.929154491037,10531.376758597782,10441.596325714518,10352.58127482389,10264.325081011997,10176.821274990103,10090.063442620438,10004.045224446018,9918.760315224508,9834.20246346603,9750.365470974917,9667.243192395385,9584.829534761071,9503.118457048404,9422.103969733798,9341.780134354609,9262.141063073836,9183.18091824854,9104.893912001937,9027.27430579913,8950.316410026486,8874.01458357456,8798.36323342461,8723.356814238614,8648.989827952786,8575.256823374573,8502.15239578307,8429.671186532845,8357.807882661144,8286.55721649844,8215.913965282327,8145.872950774655,8076.429038881979,8007.577139279221,7939.3122050365355,7871.629232249371,7804.523259671668,7737.989368352208,7672.022681274035,7606.61836299697,7541.771619303167,7477.477696845692,7413.731882800088,7350.529504518932,7287.865929189321,7225.736563493269,7164.1368532710285,7103.062283187253,7042.508376400022,6982.470694232681
94,28093.52,30159.81,29378.53,28132.72,30094.15,27281.29,26286.38,26274.34,27491.31,27732.7,28843.34,27544.91,27519.75,26153.0,27707.54,27050.14,27251.17,25973.8,26803.86,26128.69,25619.42,25571.53,25137.34,25296.49,23736.33,24271.61,23368.05,24260.33,22742.74,24927.03,23342.98,23649.37,22701.32,22534.92,25843.61,23913.53,23894.97,24711.21,23951.13,27210.8,25381.09,25030.05,24947.42,24297.04,23875.51,24103.7,23849.93,23595.55,23338.62,23109.95,22946.47,22852.07,22787.47,22702.18,22570.7,22398.84,22205.4,22007.44,21818.19,21645.74,21491.68,21352.17,21220.9,21090.3,20953.13,20806.13,20651.23,20492.54,20333.17,20174.44,20016.72,19860.08,19704.51,19550.0,19396.55,19244.16,19092.82,18942.52,18793.26,18645.04,18497.85,18351.69,18206.55,18062.42,17919.31,17777.2,17636.1,17495.99,17356.87,17218.74,17081.6,16945.43,16810.23,16676.0,16543.924605792075,16412.895260382134,16282.90367897122,16153.941642376727,16026.000996512686,15899.073651874221,15773.151583026049,15648.22682809504,15524.291488266801,15401.337727286256,15279.357770962153,15158.343906675529,15038.288482892038,14919.18390867817,14801.022653221275,14683.7972453534,14567.500273078917,14452.124383105844,14337.66228038093,14224.106727628385,14111.45054489229,13999.686609082606,13888.807853524799,13778.807267513019,13669.677895866833,13561.412838491444,13454.005249941421,13347.448338987864,13241.735368189007,13136.859653464217,13032.814563671373,12929.593520187582,12827.189996493229,12725.597517759312,12624.809660438044,12524.820051856706,12425.622369814711,12327.21034218386,12229.57774651176,12132.718409628393,12036.626207255797,11941.295063620828,11846.718951071001,11752.891889693383,11659.807946936462,11567.461237235075,11475.845921638247,11384.95620744001,11294.786347813144,11205.330641445806,11116.583432181049,11028.539108659184,10941.192103962992,10854.536895265732,10768.568003481927,10683.279992920958,10598.667470943345,10514.725087619792,10431.44753539292,10348.829548741664,10266.865903848364,10185.55141826845,10104.880950602766,10024.849400172507,9945.45170669668,9866.682849972174,9788.53784955633,9711.011764452025,9634.099692795286,9557.796771545321,9482.098176177064,9406.999120376102,9332.494855736064,9258.58067145837,9185.251894054392,9112.503887049936,9040.332050692094,8968.73182165841,8897.698672768347,8827.228112697034,8757.315685691292,8687.956971287904,8619.147584034105,8550.88317321031,8483.159422555016,8415.972049991893
95,29769.48,30357.39,30629.18,29865.01,29385.94,29853.95,28345.92,27427.81,27796.72,29644.03,30320.57,29164.95,29645.46,28159.41,30094.04,29022.84,28615.82,28233.42,28918.63,28003.28,27065.94,28277.85,28591.09,27222.85,26744.9,25939.24,27070.84,26785.29,25249.34,25995.25,25450.72,27395.79,27143.21,25012.12,26110.73,26569.82,27344.73,26543.71,25893.15,30585.6,27312.38,27133.36,26750.24,26343.4,26373.48,26729.47,26458.16,26211.04,25962.87,25711.58,25487.8,25327.9,25235.09,25170.24,25084.0,24952.07,24780.7,24588.38,24391.5,24202.35,24028.04,23869.44,23722.53,23581.22,23438.99,23290.31,23133.59,22971.28,22806.9,22642.69,22479.36,22317.04,22155.72,21995.39,21836.05,21677.7,21520.33,21363.95,21208.54,21054.1,20900.63,20748.13,20596.59,20446.01,20296.38,20147.7,19999.98,19853.19,19707.35,19562.44,19418.46,19275.41,19133.29,18992.08,18853.18077567705,18715.297395564816,18578.422430252052,18442.548504662747,18307.66829765877,18173.774541645384,18040.86002217965,17908.91757758171,17777.940098548883,17647.92052777263,17518.85185955826,17390.72713944749,17263.539463843692,17137.281979639934,17011.947883849705,16887.530423240376,16764.022893969315,16641.41864122267,16519.711058856792,16398.893589042294,16278.959721910702,16159.902995203676,16041.716993924832,15924.395349994073,15807.93174190448,15692.319894381688,15577.553578045761,15463.626609075549,15350.53284887549,15238.266203744846,15126.820624549373,15016.190106395365,14906.368688306125,14797.350452900753,14689.129526075321,14581.700076686351,14475.056316236645,14369.192498563369,14264.102919528443,14159.781916711203,14056.223869103287,13953.423196805772,13851.374360728512,13750.07186229169,13649.510243129536,13549.684084796227,13450.588008473926,13352.216674682966,13254.564782994143,13157.627071743127,13061.398317746947,12965.873336022556,12871.046979507462,12776.91413878239,12683.46974179597,12590.708753591463,12498.626176035448,12407.217047548529,12316.476442837986,12226.3994726324,12136.981283418203,12048.21705717816,11960.102011131778,11872.631397477582,11785.800503137312,11699.604649501964,11614.039192179698,11529.0995207456,11444.781058493249,11361.079262188117,11277.989621822791,11195.507660373942,11113.628933561102,11032.349029607203,10951.66356900086,10871.568204260393,10792.058619699576,10713.1305311951,10634.77968595574,10557.001862293206,10479.792869394667,10403.148547096946,10327.064765662357,10251.537425556198,10176.56245722585,10102.135820881504
96,31918.78,30962.87,33056.5,29002.3,32391.92,31844.66,29814.94,29277.94,32318.17,30872.91,33161.61,29886.3,30787.1,31029.34,30571.26,31402.47,31123.67,28886.1,29348.75,30195.4,28419.53,29860.47,29097.75,28328.42,29420.52,27783.28,28156.73,30247.33,26537.72,27474.4,27624.99,30226.03,29862.36,28088.99,28202.01,28310.47,29856.98,30122.76,28207.27,31762.36,29693.58,29558.56,29420.23,28277.48,28935.3,29526.47,29223.02,28960.2,28721.33,28480.93,28236.85,28019.25,27863.43,27771.89,27706.12,27618.51,27486.34,27316.25,27126.19,26931.64,26743.8,26568.68,26406.49,26253.07,26102.84,25950.42,25792.14,25627.91,25460.45,25292.49,25125.24,24958.9,24793.46,24628.94,24465.32,24302.61,24140.8,23979.88,23819.86,23660.74,23502.51,23345.17,23188.71,23033.14,22878.45,22724.64,22571.7,22419.64,22268.45,22118.12,21968.67,21820.07,21672.34,21525.46,21381.09742889083,21237.703039271728,21095.270337940266,20953.7928752413,20813.26424477492,20673.678083106355,20535.028069477816,20397.307925522295,20260.51141497925,20124.632343412228,19989.66455792835,19855.60194689972,19722.438439686644,19590.168006362783,19458.784657442055,19328.28244360746,19198.655455441658,19069.89782315939,18942.003716341675,18814.967343671797,18688.782952673067,18563.44482944833,18438.94729842124,18315.284722079243,18192.45150071831,18070.44207218937,17949.25091164643,17828.872531296423,17709.30148015068,17590.532343778126,17472.559744060076,17355.37833894673,17238.982822215254,17123.367923229504,17008.52840670137,16894.4590724537,16781.154755184845,16668.610324234738,16556.820683352573,16445.78077046605,16335.48555745215,16225.930049909426,16117.109286931889,16009.018340884326,15901.65231717919,15795.006354054962,15689.075622355984,15583.855325313805,15479.340698329963,15375.527008760228,15272.409555700311,15169.983669772986,15068.244712916663,14967.188078175346,14866.809189490044,14767.103501491541,14668.066499294584,14569.69369829342,14471.980643958752,14374.922911636004,14278.516106344972,14182.755862580812,14087.63784411636,13993.157743805776,13899.311283389507,13806.094213300557,13713.502312472074,13621.53138814618,13530.177275684146,13439.435838377782,13349.302967262138,13259.774580929428,13170.846625344231,13082.515073659888,12994.775926036189,12907.625209458232,12821.058977556524,12735.073310428279,12649.664314459913,12564.828122150744,12480.560891937846,12396.858808022114,12313.718080195467,12231.134943669207,12149.105658903572,12067.626511438371
97,30928.81,32947.89,32981.78,33364.34,35545.43,31220.05,29385.62,31500.06,32445.64,34887.07,32832.54,31936.13,36686.78,33793.18,33116.2,34545.81,32189.35,31480.44,32514.12,33112.68,33658.47,31033.23,31222.39,30144.68,31520.44,31732.14,31159.74,32146.09,28889.97,28637.48,30715.77,32097.2,32819.52,29918.51,31988.12,29753.56,30746.66,32284.36,30034.92,33742.97,32968.79,32209.37,32308.27,30532.9,31636.56,32442.97,32122.72,31829.94,31577.45,31348.31,31117.2,30881.94,30671.83,30520.65,30430.13,30362.85,30273.61,30141.62,29973.82,29787.39,29596.69,29411.66,29237.17,29072.77,28914.39,28757.13,28596.95,28432.02,28263.5,28093.92,27924.82,27756.53,27589.04,27422.37,27256.5,27091.43,26927.18,26763.72,26601.07,26439.22,26278.16,26117.91,25958.45,25799.79,25641.91,25484.84,25328.55,25173.05,25018.33,24864.4,24711.26,24558.9,24407.31,24256.51,24108.322396672647,23961.040099416943,23814.657577547012,23669.169334165003,23524.569905954635,23380.853862976062,23238.015808461976,23096.05037861494,22954.952242405947,22814.716101374288,22675.33668942852,22536.808772648772,22399.127149090164,22262.286648587484,22126.28213256104,21991.108493823685,21856.760656389055,21723.23357528094,21590.52223634384,21458.62165605469,21327.526881335692,21197.23298936835,21067.735087408586,20939.028312603037,20811.10783180641,20683.968841400023,20557.6065671114,20432.016263835012,20307.193215454052,20183.132734663388,20059.830162793507,19937.280869635582,19815.480253267626,19694.423739881648,19574.10678361191,19454.524866364252,19335.673497646378,19217.548214399263,19100.144580829572,18983.458188243043,18867.484654878983,18752.219625745685,18637.658772456925,18523.7977930694,18410.632411921186,18298.1583794712,18186.371472139595,18075.26749214918,17964.842267367778,17855.091651151553,17746.011522189292,17637.597784347665,17529.84636651739,17422.753222460356,17316.314330657693,17210.52569415874,17105.38334043097,17000.883321210807,16897.021712355363,16793.79461369508,16691.198148887273,16589.228465270568,16487.88173372022,16387.15414850434,16287.041927140976,16187.541310256061,16088.648561442265,15990.359967118673,15892.671836391339,15795.58050091468,15699.082314753736,15603.173654247254,15507.850917871601,15413.110526105547,15318.948921295821,15225.362567523538,15132.347950471405,15039.901577291756,14948.019976475392,14856.699697721224,14765.937311806703,14675.729410459042,14586.072606227244,14496.963532354888,14408.398842653705,14320.375211377921
98,33888.34,32421.68,35486.23,33308.55,35274.7,34622.14,33253.01,35031.97,33710.5,32149.1,36098.11,32701.16,35044.31,31912.17,32685.08,33086.03,31629.94,33504.1,34563.2,33977.55,33656.41,35040.59,30199.58,32515.91,33588.52,31193.76,35715.29,32625.73,29581.24,33252.73,31400.57,33761.01,33447.79,34242.33,35326.23,32678.23,30274.58,33269.35,32737.17,37263.43,32354.93,34382.74,33542.28,31681.0,34171.11,35429.08,35129.12,34821.87,34541.7,34300.93,34082.67,33862.09,33637.03,33435.56,33289.52,33199.78,33130.53,33039.57,32908.31,32743.92,32562.56,32377.3,32196.68,32024.44,31859.57,31698.29,31536.59,31371.97,31204.29,31035.33,30866.65,30698.68,30531.4,30364.82,30198.94,30033.76,29869.28,29705.49,29542.4,29380.01,29218.32,29057.32,28897.02,28737.41,28578.49,28420.27,28262.74,28105.9,27949.75,27794.3,27639.53,27485.45,27332.06,27179.36,27029.421327593336,26880.30981246643,26732.02089149253,26584.55002671803,26437.892705223534,26292.044438985806,26147.0007647404,26002.75724384509,25859.309462144018,25716.653029832625,25574.783581323318,25433.696775111865,25293.388293644533,25153.853843185974,25015.089153687823,24877.089978658012,24739.852095030834,24603.37130303771,24467.643426078666,24332.664310594493,24198.429825939686,24064.935864255996,23932.178340346745,23800.153191551814,23668.856377623284,23538.283880601837,23408.431704693772,23279.295876148735,23150.87244313811,23023.15747563409,22896.147065289395,22769.837325317694,22644.224390374642,22519.304416439594,22395.07358069797,22271.528081424276,22148.664137865762,22026.477990126717,21904.96589905341,21784.12414611967,21663.94903331307,21544.436883021797,21425.58403792208,21307.386860866278,21189.841734771566,21072.945062509272,20956.69326679476,20841.082790077984,20726.11009443461,20611.77166145775,20498.0639921503,20384.98360681783,20272.52704496215,20160.690865175362,20049.47164503458,19938.86598099718,19828.87048829665,19719.481800839003,19610.696571099776,19502.51147002158,19394.92318691224,19287.92842934345,19181.523923050052,19075.70641182982,18970.472657443803,18865.819439517258,18761.74355544107,18658.241820273754,18555.311066644,18452.94814465374,18351.149921781736,18249.913282787747,18149.235129617184,18049.11238130629,17949.541973887877,17850.520860297547,17752.046010280457,17654.11441029858,17556.723063438483,17459.868989319613,17363.549224003105,17267.76081990107,17172.500845686376,17077.766386202984,16983.554542376696,16889.86243112647
99,39537.66,32699.31,30889.24,38612.37,37130.8,33633.63,25887.27,35846.72,37123.54,35327.28,39796.22,35758.11,37990.06,35275.25,35928.14,37686.11,35089.49,35712.58,36450.08,34702.14,35285.71,36455.36,33975.37,34120.08,34546.9,31047.21,35136.05,37595.33,31061.19,30743.59,35641.82,37500.0,35095.17,34046.4,37715.38,34839.66,37728.85,35409.84,36094.09,40238.33,37862.28,38425.1,35900.35,33017.96,36709.19,38490.9,38245.08,37959.47,37666.6,37400.1,37171.79,36965.0,36755.67,36541.72,36349.66,36209.03,36119.87,36048.33,35955.68,35825.73,35665.76,35490.74,35312.31,35137.58,34969.16,34805.7,34643.88,34480.85,34315.73,34149.5,33983.43,33817.95,33653.06,33488.75,33325.03,33161.89,32999.34,32837.38,32676.01,32515.23,32355.03,32195.43,32036.41,31877.98,31720.14,31562.88,31406.22,31250.14,31094.66,30939.76,30785.45,30631.73,30478.59,30326.05,30176.51032075524,30027.70803116949,29879.639495127492,29732.30109444391,29585.689228774896,29439.80031553014,29294.630789785304,29150.177104194925,29006.43572890572,28863.403151470335,28721.075876761526,28579.45042688674,28438.523341103122,28298.291175732982,28158.750504079606,28019.897916343543,27881.730019539278,27744.24343741233,27607.43481035674,27471.30079533298,27335.838065786254,27201.043311565234,27066.91323884115,26933.444570027306,26800.634043699003,26668.478414513836,26536.974453132374,26406.118946139282,26275.908695964776,26146.340520806483,26017.41125455171,25889.117746700053,25761.456862286443,25634.425481804516,25508.02050113038,25382.2388314468,25257.077399167672,25132.53314586295,25008.60302818391,24885.284017788745,24762.57310126863,24640.467280074026,24518.96357044144,24398.059003320508,24277.750624301436,24158.035493542822,24038.9106856998,23920.373289852567,23802.420409435254,23685.049162165138,23568.25667997222,23452.040108929134,23336.396609181407,23221.32335487808,23106.81753410263,22992.876348804282,22879.49701472963,22766.676761354593,22654.412831816717,22542.70248284782,22431.542984706943,22320.931621113657,22210.865689181686,22101.342499352857,21992.359375331365,21883.91365401842,21776.00268544711,21668.623832717698,21561.77447193316,21455.451992135073,21349.653795239825,21244.377295975104,21139.61992181676,21035.379112925897,20931.65232208638,20828.437014642528,20725.730668437223,20623.530773750266,20521.834833237044,20420.640361867503,20319.944886865444,20219.74594764807,20120.041095765882,20020.827894842838,19922.103920516827,19823.866760380417
100,41807.91,31818.18,43139.6,44180.52,37740.53,33291.93,35995.5,34123.22,38573.58,39195.46,35808.32,37456.88,39373.6,34733.89,35133.95,42381.79,36546.52,37850.84,36392.16,39557.58,33215.55,40650.41,41129.94,35392.83,36348.27,35551.95,35244.32,39910.65,34192.77,38212.63,33802.82,37437.33,39231.28,32398.44,44162.98,41848.91,39481.34,40326.82,34381.55,42415.41,38133.0,42050.53,39582.11,37133.5,40098.61,41593.07,41417.99,41186.81,40916.49,40639.05,40387.14,40171.9,39977.13,39779.78,39577.84,39396.03,39261.27,39172.76,39098.96,39005.03,38877.27,38722.99,38555.8,38385.77,38218.6,38055.89,37896.12,37736.72,37576.23,37414.99,37253.88,37093.24,36933.07,36773.38,36614.17,36455.43,36297.17,36139.38,35982.07,35825.25,35668.9,35513.03,35357.64,35202.74,35048.31,34894.37,34740.91,34587.94,34435.44,34283.44,34131.91,33980.87,33830.32,33680.25,33534.350401859454,33389.082826721635,33244.44453672379,33100.43280586331,32957.04491994639,32814.27817653682,32672.129884905116,32530.597365977756,32389.677952286704,32249.36898791915,32109.667828467438,31970.57184097923,31832.078403907883,31694.18490706304,31556.888751561448,31420.18734977795,31284.078125296743,31148.558512862804,31013.62595833355,30879.277918630694,30745.51186169233,30612.325266425185,30479.71562265713,30347.680431089855,30216.21720325177,30085.32346145111,29954.996738729213,29825.234578814074,29696.034536074,29567.39417547154,29439.311072517605,29311.782813225742,29184.806994066665,29058.381221922937,28932.50311404389,28807.170298000692,28682.380411641636,28558.131103047646,28434.420030487923,28311.24486237582,28188.603277224905,28066.492963605193,27944.911620099596,27823.85695526054,27703.326687566787,27583.31854538043,27463.830266904064,27344.859600138185,27226.404302838735,27108.46214247484,26991.030896186727,26874.108350743845,26757.692302503143,26641.780557367532,26526.37093074456,26411.461247505194,26297.049341942868,26183.133057732637,26069.710247890565,25956.77877473322,25844.336509837423,25732.38133400012,25620.911137198444,25509.92381854992,25399.41728627292,25289.389457647212,25179.83825897468,25070.7616255403,24962.157501573176,24854.02384020782,24746.35860344557,24639.15976211617,24532.425295839545,24426.1531929877,24320.34145064682,24214.988074579538,24110.091079187307,24005.64848747301,23901.6583310037,23798.118649873482,23695.027492666588,23592.382916420593,23490.1829865898,23388.425777008775,23287.10936985605,23186.231855617978
101,40998.69,40712.47,37962.96,43514.64,38485.16,43973.0,36327.74,37140.2,40101.95,33721.97,38495.19,45070.42,37884.77,40386.04,38583.27,44539.61,43471.21,45085.91,47334.2,36086.05,36174.64,41983.63,43772.8,38132.68,38773.82,35691.88,42264.15,38255.25,36984.69,42309.89,40807.42,37657.86,40118.53,36917.87,43549.71,40116.04,40868.23,42876.53,38694.96,43607.21,41539.74,45340.19,43513.7,37132.2,43565.53,45080.68,44916.06,44698.68,44444.5,44183.63,43946.76,43744.38,43561.24,43375.67,43185.78,43014.83,42888.12,42804.89,42735.5,42647.18,42527.05,42381.98,42224.77,42064.9,41907.71,41754.72,41604.49,41454.6,41303.7,41152.08,41000.59,40849.55,40698.94,40548.79,40399.08,40249.82,40101.01,39952.65,39804.73,39657.27,39510.26,39363.7,39217.59,39071.93,38926.73,38781.98,38637.68,38493.84,38350.45,38207.52,38065.05,37923.03,37781.47,37640.36,37501.29192331787,37362.73765495086,37224.69529655544,37087.16295680177,36950.138751347855,36813.62080281368,36677.6072407555,36542.09620164019,36407.08582881975,36272.57427250586,36138.55968974451,36005.04024439077,35872.01410708363,35739.47945522094,35607.43447293443,35475.87735106482,35344.806287137064,35214.219485335634,35084.11515647991,34954.49151799967,34825.346793910685,34696.67921479036,34568.48701775352,34440.768446428214,34313.5217509317,34186.74518784642,34060.43702019617,33934.59551742225,33809.21895535978,33684.305616214064,33559.85378853707,33435.86176720397,33312.3278533898,33189.25035454612,33066.62758437792,32944.45786282043,32822.739516016154,32701.470876291907,32580.650282135994,32460.27607817541,32340.346615153197,32220.86024990582,32101.815345340667,31983.210270413612,31865.043400106675,31747.313115405745,31630.01780327842,31513.155856651887,31396.725674390913,31280.725661275897,31165.154227981027,31050.009791052493,30935.29077288681,30820.995601709175,30707.122711551958,30593.670542233238,30480.637539335417,30368.02215418393,30255.82284382604,30144.03807100968,30032.666304162387,29921.706017370336,29811.15569035742,29701.013808464435,29591.278862628304,29481.94934936142,29373.023770731044,29264.50063433878,29156.378453300116,29048.655746224078,28941.331037192904,28834.402855741842,28727.869736839002,28621.730220865273,28515.98285359433,28410.626186172714,28305.65877509997,28201.07918220889,28096.88597464578,27993.07772485085,27889.653010538652,27786.61041467858,27683.948525475476,27581.665936350266,27479.761245920705,27378.233057982165
102,37717.12,40875.91,39729.12,39920.16,38918.92,28520.5,41423.95,40336.13,34449.76,44318.18,47194.24,36809.82,40764.33,39889.2,41624.37,47789.73,50659.63,45325.78,39361.7,47572.82,36104.51,47224.67,40972.22,39254.17,42314.05,39598.28,44098.26,44642.86,36062.18,34061.14,40449.44,40996.71,40787.95,40015.16,47109.21,41185.19,47469.46,43346.61,42788.64,48898.13,40930.23,46289.06,46617.28,44294.0,47422.79,48960.95,48807.96,48605.95,48369.73,48127.29,47907.15,47719.07,47548.87,47376.41,47199.94,47041.06,46923.31,46845.96,46781.47,46699.39,46587.74,46452.93,46306.83,46158.25,46012.17,45869.98,45730.37,45591.07,45450.83,45309.93,45169.14,45028.77,44888.81,44749.26,44610.13,44471.42,44333.12,44195.24,44057.77,43920.73,43784.1,43647.9,43512.11,43376.75,43241.8,43107.28,42973.18,42839.5,42706.25,42573.41,42441.01,42309.02,42177.46,42046.32,41916.50356471289,41787.0879327986,41658.071866791746,41529.454133047606,41401.23350173024,41273.40874680082,41145.97864600585,41018.9419808655,40892.29753666194,40766.04410242776,40640.18047093435,40514.70543868036,40389.617805880225,40264.916376452675,40140.59995800928,40016.66736184309,39893.1174029172,39769.94889985351,39647.16067492135,39524.75155402626,39402.720366698755,39281.065946083116,39159.78712892627,39038.882755566614,38918.351669922995,38798.19271948358,38678.404755294905,38558.98663195083,38439.937207581635,38321.25534384305,38202.93990590544,38084.98976244289,37967.40378562241,37850.18085109316,37733.31983797569,37616.81962885122,37500.679109750956,37384.89717014545,37269.47270293398,37154.40460443391,37039.691774370236,36925.333115865,36811.32753542679,36697.673942940324,36584.37125165602,36471.418378179565,36358.81424246163,36246.55776778744,36134.64788076659,36023.0835113227,35911.863592683214,35800.987061369204,35690.45285718517,35580.25992320896,35470.407205781616,35360.8936544973,35251.718222193274,35142.87986493987,35034.377542030525,34926.210215971805,34818.37685247351,34710.876420438755,34603.70789195415,34496.87024227994,34390.3624498402,34284.18349621311,34178.33236612116,34072.808047421495,33967.60953109621,33862.73581124269,33758.18588506403,33653.95875285938,33550.05341801448,33446.46888699206,33343.204169322344,33240.25827759361,33137.63022744272,33035.31903754574,32933.323729608535,32831.643328357386,32730.27686152972,32629.223359864794,32528.48185709441,32428.05138993368,32327.93099807184,32228.11972416303
103,45814.98,56888.89,44036.7,49042.15,37142.86,32941.18,36657.68,33136.09,39080.46,43243.24,43010.75,38709.68,53050.4,50828.73,35261.71,48583.0,37317.78,47058.82,37777.78,34862.39,33566.43,42372.88,38030.56,50647.48,41958.04,39143.73,35487.96,47597.25,43179.59,33488.37,41275.8,42388.56,36963.7,36615.81,47361.65,44288.72,34505.64,51528.95,42600.28,47848.29,50863.42,45579.57,42857.14,43729.9,51611.77,53174.94,53034.58,52849.24,52632.52,52410.1,52208.14,52035.59,51879.44,51721.22,51559.32,51413.56,51305.53,51234.56,51175.4,51100.1,50997.67,50873.98,50739.95,50603.63,50469.61,50339.17,50211.08,50083.29,49954.62,49825.36,49696.19,49567.41,49439.0,49310.98,49183.33,49056.07,48929.19,48802.7,48676.58,48550.85,48425.51,48300.55,48175.97,48051.79,47927.98,47804.57,47681.54,47558.9,47436.64,47314.78,47193.3,47072.21,46951.51,46831.21,46711.95292375175,46592.99953921327,46474.34907302453,46356.00075379491,46237.95381209814,46120.207480467325,46002.760993389944,45885.61358730288,45768.764500587444,45652.21297356445,45535.95824848924,45419.999569546766,45304.33618284673,45188.96733641859,45073.89228020674,44959.11026606561,44844.62054775482,44730.422380934295,44616.51502315944,44502.89773387632,44389.56977441688,44276.53040799405,44163.778899697034,44051.31451648653,43939.13652718989,43827.244202496484,43715.63681495284,43604.313638957996,43493.27395075875,43382.517028444934,43272.04215194479,43161.848603020226,43051.935665262135,42942.302624085816,42832.94876672626,42723.8733822335,42615.075761468084,42506.55519709637,42398.31098358597,42290.34241720115,42182.64879599827,42075.2294198212,41968.08359029678,41861.21061083028,41754.60978660089,41648.28042455715,41542.22183341249,41436.43332364072,41330.91420747155,41225.66379888611,41120.68141361252,41015.9663691214,40911.51798462145,40807.335581055035,40703.41848109375,40599.766009134044,40496.3774912928,40393.25225540295,40290.389631009144,40187.78894936336,40085.44954342055,39983.37074783434,39881.55189895265,39779.99233481345,39678.69139514036,39577.64842133847,39476.862756489965,39376.333745349904,39276.060734341954,39176.04307155412,39076.28010673453,38976.77119128718,38877.51567826777,38778.51292237943,38679.76227996857,38581.263109020685,38483.01476915618,38385.01662162619,38287.26802930847,38189.76835670321,38092.51696992891,37995.51323671829,37898.756526414145,37802.246209965255,37705.981659922305,37609.9622504338
104,42857.14,66666.67,20000.0,22641.51,41791.04,33532.93,47863.25,48068.67,32487.31,36734.69,44444.44,38834.95,33962.26,52173.91,71508.38,49740.93,54237.29,38502.67,32558.14,44827.59,41666.67,38095.24,53531.6,34098.36,35109.72,38554.22,40481.93,54584.22,43935.93,32653.06,43589.74,43106.18,52325.58,50357.65,46772.23,54219.95,46739.13,50666.67,38636.36,56140.35,56431.54,61724.66,51127.82,53650.25,56043.2,57632.81,57505.82,57338.12,57142.04,56940.79,56758.06,56601.93,56460.65,56317.49,56171.01,56039.13,55941.38,55877.17,55823.64,55755.5,55662.83,55550.92,55429.64,55306.31,55185.04,55067.02,54951.13,54835.5,54719.08,54602.12,54485.26,54368.73,54252.55,54136.71,54021.22,53906.08,53791.28,53676.82,53562.72,53448.96,53335.54,53222.48,53109.77,52997.4,52885.38,52773.72,52662.4,52551.44,52440.82,52330.56,52220.65,52111.09,52001.88,51893.02,51786.47295851856,51680.144680023914,51574.03471535065,51468.1426162556,51362.46793541594,51257.010226427265,51151.769043801745,51046.74394296625,50941.93448026041,50837.34021293481,50732.96069914907,50628.79549797004,50524.844169369826,50421.10627422407,50317.58137430998,50214.26903230457,50111.168811782714,50008.2802772154,49905.60299396784,49803.13652829761,49700.8804473529,49598.83431917058,49496.99771267445,49395.37019767342,49293.95134485965,49192.74072580675,49091.73791296799,48990.942479674486,48890.354000133375,48789.972049426055,48689.79620350635,48589.82603919875,48490.06113419661,48390.501067060366,48291.145417215754,48191.99376495204,48093.04569142024,47994.30077863135,47895.758609454584,47797.41876761562,47699.28083769482,47601.3444051255,47503.60905619216,47406.074378028745,47308.73995861688,47211.6053867842,47114.6702522025,47017.934145386105,46921.39665769007,46825.05738130852,46728.915909272844,46632.97183545005,46537.224754541014,46441.67426207877,46346.31995442682,46251.1614287774,46156.19828314979,46061.430116388634,45966.85652816222,45872.47711896081,45778.291490094925,45684.299243693684,45590.499982703135,45496.89331088453,45403.478832812696,45310.256153874354,45217.22488026643,45124.38461899444,45031.73497787075,44939.27556551302,44847.00599134246,44754.92586558224,44663.034799255816,44571.33240418528,44479.81829298976,44388.49207908373,44297.353376675426,44206.40180076517,44115.636967143786,44025.058492390956,43934.6659938736,43844.459089744254,43754.43739893948,43664.60054117823,43574.948136960265,43485.47980756452
105,35294.12,56140.35,74074.07,64516.13,43835.62,29629.63,32989.69,46280.99,39344.26,39669.42,23076.92,37037.04,49230.77,36090.23,53333.33,80000.0,26966.29,36697.25,73394.5,60000.0,42424.24,61146.5,52980.13,61538.46,57485.03,50285.71,51063.83,48826.29,53125.0,28282.83,33836.86,52032.52,59016.39,45000.0,51219.51,57754.01,54881.27,59340.66,55053.76,50410.96,61224.49,49420.85,45714.29,45714.29,60602.86,62219.7,62106.45,61956.91,61782.06,61602.6,61439.64,61300.42,61174.44,61046.78,60916.15,60798.55,60711.38,60654.13,60606.39,60545.63,60462.99,60363.2,60255.05,60145.07,60036.93,59931.69,59828.34,59725.23,59621.42,59517.12,59412.91,59309.0,59205.4,59102.1,58999.11,58896.43,58794.06,58692.0,58590.25,58488.8,58387.67,58286.85,58186.34,58086.13,57986.25,57886.67,57787.41,57688.45,57589.81,57491.49,57393.48,57295.78,57198.39,57101.32,57004.37937375787,56907.60332313353,56810.99156872779,56714.54383161578,56618.25983334614,56522.13929594027,56426.18194189148,56330.387494164184,56234.75567619314,56139.286211882616,56043.97882560563,55948.83324220309,55853.84918698307,55759.02638571998,55664.364564653784,55569.86345048921,55475.52277039494,55381.34225200287,55287.32162340726,55193.460613164,55099.75895028982,55006.21636426148,54912.83258501502,54819.60734294494,54726.54036890349,54633.631394199794,54540.8801505992,54448.286370322385,54355.849786044644,54263.570130895125,54171.447138456024,54079.48054276183,53987.67007829858,53896.01548000306,53804.51648326204,53713.17282391157,53621.98423823611,53530.950462967856,53440.07123528596,53349.34629281575,53258.775373628,53168.35821623814,53078.09455960554,52987.98414313273,52898.02670666465,52808.2219904879,52718.56973533003,52629.069682358706,52539.72157318104,52450.52514984282,52361.48015482773,52272.586331056686,52183.84342188702,52095.25117111174,52006.80932295886,51918.5176220906,51830.37581360265,51742.38364302349,51654.54085631356,51566.84719986461,51479.30242049897,51391.90626546872,51304.6584824551,51217.55881956766,51130.6070253436,51043.80284874702,50957.146039168234,50870.63634642297,50784.273520751725,50698.05731281899,50611.98747371257,50526.063754942836,50440.28590844201,50354.65368656349,50269.16684208107,50183.825128188255,50098.628298497584,50013.57610703987,49928.6683082635,49843.904657033745,49759.28490863202,49674.80881875523,49590.476143515,49506.28663943702,49422.240063460325,49338.336172936586
106,66666.67,27586.21,36363.64,0.0,27586.21,33333.33,44444.44,62500.0,57142.86,57142.86,22857.14,40506.33,43478.26,17391.3,69565.22,82758.62,42105.26,44444.44,61538.46,57142.86,40000.0,74074.07,37500.0,21917.81,42105.26,44444.44,46601.94,57142.86,10666.67,31746.03,34782.61,20202.02,28402.37,48484.85,34567.9,35294.12,37086.09,38095.24,51891.89,58181.82,60000.0,65185.19,66666.67,41176.47,65162.53,66806.58,66707.08,66575.7,66422.07,66264.4,66121.23,65998.91,65888.22,65776.06,65661.29,65557.97,65481.39,65431.08,65389.14,65335.76,65263.15,65175.47,65080.46,64983.83,64888.82,64796.35,64705.55,64614.96,64523.76,64432.12,64340.56,64249.27,64158.24,64067.49,63977.0,63886.79,63796.85,63707.18,63617.78,63528.65,63439.79,63351.21,63262.9,63174.87,63087.11,62999.62,62912.41,62825.47,62738.81,62652.42,62566.31,62480.47,62394.91,62309.62,62210.292421108745,62111.123180013936,62012.112024309776,61913.258701992796,61814.562961461284,61716.02455151459,61617.64322135248,61519.41872057455,61421.35079917955,61323.439207564756,61225.68369652533,61128.084017253685,61030.63992133888,60933.351160765946,60836.217487915266,60739.23865556199,60642.41441687533,60545.74452541798,60449.228735145494,60352.86680040562,60256.65847593773,60160.60351687214,60064.70167872953,59968.95271742028,59873.3563892439,59777.91245088837,59682.62065942951,59587.48077233043,59492.492547440845,59397.65574299646,59302.970117618424,59208.43543031261,59114.05144046911,59019.81790786155,58925.734592646484,58831.80125536283,58738.0176569312,58644.38355865336,58550.898722211554,58457.56290966793,58364.37588346394,58271.33740641972,58178.44724173351,58085.70515298102,57993.11090411484,57900.664259463854,57808.36498373262,57716.212842000794,57624.2075997225,57532.34902272576,57440.63687721188,57349.0709297549,57257.65094730089,57166.37669716751,57075.24794704328,56984.26446498709,56893.42601942754,56802.73237916238,56712.18331335793,56621.77859154847,56531.51798363568,56441.40125988801,56351.428190940154,56261.598547792426,56171.91210181017,56082.36862472325,55992.96788862534,55903.70966597348,55814.593729587396,55725.61985264898,55636.78780870171,55548.097371650016,55459.548315758766,55371.1404156527,55282.87344631579,55194.747183090716,55106.76140167829,55018.91587813687,54931.2103888818,54843.64471068486,54756.218620673644,54668.93189633104,54581.78431549467,54494.77565635628,54407.905697461196,54321.17421770779
107,53333.33,40000.0,42105.26,100000.0,0.0,36363.64,0.0,0.0,33333.33,77419.35,47058.82,67796.61,80000.0,30769.23,72727.27,72727.27,100000.0,0.0,0.0,38095.24,64000.0,0.0,0.0,38095.24,25806.45,61538.46,38095.24,47058.82,47058.82,42105.26,32876.71,42553.19,44094.49,46601.94,39506.17,50526.32,76190.48,62745.1,69565.22,55555.56,79120.88,66666.67,68085.11,48484.85,69593.96,71264.45,71178.32,71064.58,70931.59,70795.09,70671.15,70565.26,70469.43,70372.34,70272.98,70183.54,70117.24,70073.69,70037.38,69991.17,69928.31,69852.41,69770.15,69686.5,69604.25,69524.2,69445.6,69367.17,69288.22,69208.89,69129.62,69050.59,68971.79,68893.22,68814.89,68736.79,68658.93,68581.3,68503.91,68426.75,68349.83,68273.15,68196.7,68120.48,68044.51,67968.77,67893.27,67818.01,67742.98,67668.2,67593.65,67519.34,67445.27,67371.44,67261.55919757555,67151.85760745146,67042.33493733784,66932.9908954215,66823.82519036521,66714.83753130688,66606.02762785881,66497.39519010694,66388.93992861,66280.66155439883,66172.55977897558,66064.6343143129,65956.8848728532,65849.31116750794,65741.91291165675,65634.68981914675,65527.64160429179,65420.76798187164,65314.068667131265,65207.543375780064,65101.19182399108,64995.0137284003,64889.00880610585,64783.17677466727,64677.51735210474,64572.03025689836,64466.71520798736,64361.57192476939,64256.600127099744,64151.799535290615,64047.169870110374,63942.71085278282,63838.422204986375,63734.30364885346,63630.35490696967,63526.57570237301,63422.96575855328,63319.524799451196,63216.25254945774,63113.148733413414,63010.21307660748,62907.445304777255,62804.84514410738,62702.41232122904,62600.14656321933,62498.04759760044,62396.11515233898,62294.34895584521,62192.74873697238,62091.31422501597,61990.04514971294,61888.94124124105,61788.00223021817,61687.22784770148,61586.61782518681,61486.17189460792,61385.88978833578,61285.771239177826,61185.81598037733,61086.02374561258,60986.39426899627,60886.92728507472,60787.62252882722,60688.47973566527,60589.498641431936,60490.67898240111,60392.020495276796,60293.522917192444,60195.18598571023,60097.00943882034,59998.993014940315,59901.13645291431,59803.43949201244,59705.90187193003,59608.52333278698,59511.30361512705,59414.24245991713,59317.33960854662,59220.5948028267,59124.00778498965,59027.57829768814,58931.30608399458,58835.190887400444,58739.23245181552,58643.4305215673,58547.784841400266
108,0.0,0.0,61538.46,100000.0,50000.0,0.0,57142.86,40000.0,72727.27,61538.46,0.0,0.0,47058.82,100000.0,0.0,61538.46,72727.27,0.0,57142.86,69565.22,0.0,61538.46,44444.44,0.0,100000.0,59259.26,0.0,0.0,59259.26,50000.0,100000.0,74418.6,34042.55,46511.63,40000.0,56140.35,33333.33,85714.29,40000.0,90909.09,88888.89,0.0,0.0,34782.61,73782.94,75478.44,75404.93,75307.88,75194.38,75077.9,74972.14,74881.78,74800.0,74717.15,74632.36,74556.03,74499.46,74462.29,74431.31,74391.88,74338.24,74273.46,74203.27,74131.89,74061.7,73993.39,73926.31,73859.39,73792.01,73724.31,73656.67,73589.23,73521.99,73454.94,73388.1,73321.45,73255.01,73188.76,73122.72,73056.88,72991.24,72925.8,72860.56,72795.52,72730.69,72666.06,72601.63,72537.4,72473.38,72409.56,72345.95,72282.54,72219.33,72156.32,71905.07898667651,71654.7127691682,71405.21830152448,71156.59254840041,70908.83248501986,70661.93509713862,70415.8973810078,70170.71634333726,69926.38900125917,69682.91238229178,69440.28352430317,69198.49947547534,68957.55729426815,68717.45404938364,68478.18681973031,68239.75269438766,68002.14877257065,67765.37216359453,67529.4199868396,67294.28937171618,67059.97745762972,66826.48139394596,66593.79833995625,66361.925464843,66130.85994764527,65900.59897722436,65671.13975222975,65442.479481064875,65214.615381853255,64987.54468240462,64761.2646201812,64535.77244226407,64311.0654053197,64087.14077556659,63863.995828741994,63641.62785006873,63420.034134222245,63199.21198529762,62979.158716776816,62759.87165149599,62541.348121612886,62323.58546857443,62106.58104308435,61890.332205070954,61674.83632365502,61460.09077711778,61246.09295286902,61032.840247415304,60820.33006632829,60608.5598242132,60397.52694467731,60187.228860298645,59977.663012594734,59768.82685199147,59560.71783779215,59353.33343814647,59146.67113001978,58940.72839916241,58735.50274007904,58530.991655998216,58327.19265884201,58124.10326919572,57921.72101627772,57720.04343790938,57519.06808048515,57318.79249894269,57119.21425673308,56920.33092579126,56722.140086506435,56524.63932769263,56327.82624655941,56131.69844868258,55936.25354797512,55741.48916665809,55547.40293523176,55353.992492446756,55161.25548527533,54969.18956888274,54777.792406598724,54587.06166988905,54396.99503832726,54207.59019956632,54018.8448493106,53830.75669128777,53643.323437220904,53456.542806800615
109,0.0,0.0,0.0,0.0,50000.0,0.0,0.0,61538.46,100000.0,100000.0,50000.0,100000.0,0.0,80000.0,0.0,100000.0,72727.27,50000.0,0.0,66666.67,66666.67,100000.0,0.0,0.0,0.0,0.0,47058.82,0.0,40000.0,0.0,0.0,0.0,0.0,70588.24,34782.61,53333.33,61538.46,64000.0,0.0,0.0,0.0,0.0,72727.27,94117.65,77640.19,79358.71,79296.84,79215.14,79119.61,79021.56,78932.53,78856.47,78787.63,78717.89,78646.52,78582.27,78534.65,78503.36,78477.28,78444.09,78398.93,78344.41,78285.33,78225.24,78166.16,78108.66,78052.19,77995.86,77939.14,77882.16,77825.22,77768.45,77711.85,77655.41,77599.15,77543.05,77487.12,77431.35,77375.76,77320.34,77265.08,77210.0,77155.08,77100.34,77045.76,76991.36,76937.13,76883.07,76829.17,76775.45,76721.9,76668.53,76615.32,76562.29,75627.74020996949,74704.59790670623,73792.7238458856,72891.98048285465,72002.23195188516,71123.34404568012,70255.18419513022,69397.62144931745,68550.52645576284,67713.77144091527,66887.23019087844,66070.77803237316,65264.29181393184,64467.649887322805,63680.73208920106,62903.41972298328,62135.595540943854,61377.14372652961,60627.94987689031,59887.900985622444,59156.88542572368,58434.792932755285,57721.51458821018,57016.942803083904,56320.97130164627,55633.49510541092,54954.410517300705,54283.61510600627,53621.007690535596,52966.488324952166,52319.95828329932,51681.32004470873,51050.477278690596,50427.33483060345,49811.798707301255,49203.77606295571,48603.17518505167,48009.90548055346,47423.87746224006,46845.00273520709,46273.193983533565,45708.36495711138,45150.430458635616,44599.30633075353,44054.90944337056,43517.157681111166,42985.969930932755,42461.26606989084,41942.96695305347,41430.99440156327,40925.271190845095,40425.7210389577,39932.26859508762,39444.83942818338,38963.360015728555,38487.75773265182,38017.96084037241,37553.89847597921,37095.50064154201,36642.69819355318,36195.42283249833,35753.60709255407,35317.184331411736,34886.08872022522,34460.255233681484,34039.61964019238,33624.11849220608,33213.68911663682,32808.2696054115,32407.79880613157,32012.216312849025,31621.462456954894,31235.478298179016,30854.20561569962,30477.586899361453,30105.56534100113,29738.08482587831,29375.089924211523,29016.525882817266,28662.338616851193,28312.474701650095,27966.88136467348,27625.506477543488,27288.29854818199,26955.20671304365,26626.18072944384
110,100000.0,0.0,100000.0,100000.0,50000.0,50000.0,0.0,0.0,0.0,72727.27,50000.0,50000.0,0.0,100000.0,100000.0,50000.0,0.0,50000.0,50000.0,0.0,0.0,0.0,50000.0,0.0,72727.27,0.0,66666.67,0.0,72727.27,100000.0,80000.0,0.0,100000.0,66666.67,38095.24,66666.67,76190.48,57142.86,100000.0,100000.0,100000.0,80000.0,100000.0,100000.0,81107.11,82846.32,82794.91,82727.01,82647.62,82566.14,82492.15,82428.94,82371.74,82313.77,82254.47,82201.07,82161.49,82135.5,82113.82,82086.24,82048.71,82003.4,81954.3,81904.36,81855.27,81807.48,81760.56,81713.74,81666.61,81619.25,81571.94,81524.76,81477.72,81430.82,81384.06,81337.44,81290.96,81244.62,81198.42,81152.36,81106.44,81060.66,81015.03,80969.53,80924.18,80878.97,80833.9,80788.97,80744.18,80699.54,80655.04,80610.68,80566.46,80522.39,79824.79323230103,79133.24001659182,78447.67799523204,77768.05526417594,77094.32036904276,76426.42230122097,75764.31049400651,75107.93481877432,74457.24558118312,73812.19351741302,73172.72979043574,72538.80598631718,71910.37411055197,71287.38658442981,70669.79624143321,70057.55632366665,69450.62047831633,68848.94275414097,68252.47759799272,67661.17985136838,67075.00474699042,66493.90790541763,65917.84533168512,65346.773411973554,64780.648910307005,64219.42896527964,63663.07108681066,63111.53315292732,62564.77340657592,62022.75045246036,61485.423253908055,60952.7511297631,60424.69375130622,59901.21113920154,59382.26366046973,58867.812025487314,58357.81728501215,57852.24082723449,57351.04437485372,56854.189982180345,56361.64003226317,55873.357234041214,55389.304619520495,54909.44554097513,54433.74366817271,53962.16298562378,53494.667789855055,53031.222686706315,52571.79258865072,52116.34271213833,51664.838574962574,51217.245993649696,50773.53108087061,50333.6602428754,49897.60017694978,49465.3178688939,49036.78059052273,48611.955897188214,48190.811625322924,47773.3158900049,47359.43708254365,46949.14386808709,46542.40518324911,46139.19023375779,45739.468492123975,45343.20969533001,44950.383842538526,44560.96119282107,44174.91226290641,43792.20782494836,43412.818904312924,43036.71677738464,42663.872969391865,42294.259252250995,41927.84764242927,41564.610398826175,41204.52002067312,40847.549245451366,40493.671046827956,40142.8586326096,39795.08544271415,39450.32514715981,39108.551644071646,38769.73905770539,38433.86173648842,38100.89425107768
111,100000.0,100000.0,100000.0,100000.0,100000.0,100000.0,100000.0,100000.0,100000.0,100000.0,100000.0,100000.0,100000.0,100000.0,100000.0,100000.0,100000.0,100000.0,100000.0,100000.0,100000.0,100000.0,100000.0,100000.0,100000.0,100000.0,100000.0,100000.0,100000.0,100000.0,100000.0,100000.0,100000.0,100000.0,100000.0,100000.0,100000.0,100000.0,100000.0,100000.0,100000.0,100000.0,100000.0,100000.0,84156.11,85913.52,85871.3,85815.54,85750.35,85683.43,85622.68,85570.77,85523.79,85476.2,85427.49,85383.64,85351.14,85329.8,85312.0,85289.34,85258.53,85221.32,85181.0,85139.99,85099.67,85060.43,85021.9,84983.45,84944.75,84905.86,84867.0,84828.26,84789.63,84751.12,84712.72,84674.44,84636.27,84598.21,84560.27,84522.45,84484.74,84447.15,84409.67,84372.31,84335.07,84297.94,84260.93,84224.04,84187.26,84150.6,84114.05,84077.63,84041.32,84005.12,84005.12,84005.12,84005.12,84005.12,84005.12,84005.12,84005.12,84005.12,84005.12,84005.12,84005.12,84005.12,84005.12,84005.12,84005.12,84005.12,84005.12,84005.12,84005.12,84005.12,84005.12,84005.12,84005.12,84005.12,84005.12,84005.12,84005.12,84005.12,84005.12,84005.12,84005.12,84005.12,84005.12,84005.12,84005.12,84005.12,84005.12,84005.12,84005.12,84005.12,84005.12,84005.12,84005.12,84005.12,84005.12,84005.12,84005.12,84005.12,84005.12,84005.12,84005.12,84005.12,84005.12,84005.12,84005.12,84005.12,84005.12,84005.12,84005.12,84005.12,84005.12,84005.12,84005.12,84005.12,84005.12,84005.12,84005.12,84005.12,84005.12,84005.12,84005.12,84005.12,84005.12,84005.12,84005.12,84005.12,84005.12,84005.12,84005.12,84005.12,84005.12,84005.12,84005.12,84005.12,84005.12,84005.12
112,100000.0,100000.0,100000.0,100000.0,100000.0,100000.0,100000.0,100000.0,100000.0,100000.0,100000.0,100000.0,100000.0,100000.0,100000.0,100000.0,100000.0,100000.0,100000.0,100000.0,100000.0,100000.0,100000.0,100000.0,100000.0,100000.0,100000.0,100000.0,100000.0,100000.0,100000.0,100000.0,100000.0,100000.0,100000.0,100000.0,100000.0,100000.0,100000.0,100000.0,100000.0,100000.0,100000.0,100000.0,86786.67,88559.78,88525.48,88480.2,88427.25,88372.91,88323.57,88281.41,88243.26,88204.61,88165.05,88129.44,88103.05,88085.71,88071.25,88052.85,88027.83,87997.61,87964.86,87931.56,87898.82,87866.95,87835.65,87804.43,87772.99,87741.41,87709.85,87678.39,87647.02,87615.74,87584.55,87553.46,87522.46,87491.56,87460.75,87430.03,87399.4,87368.87,87338.44,87308.1,87277.85,87247.7,87217.64,87187.67,87157.81,87128.03,87098.35,87068.77,87039.28,87009.89,87009.89,87009.89,87009.89,87009.89,87009.89,87009.89,87009.89,87009.89,87009.89,87009.89,87009.89,87009.89,87009.89,87009.89,87009.89,87009.89,87009.89,87009.89,87009.89,87009.89,87009.89,87009.89,87009.89,87009.89,87009.89,87009.89,87009.89,87009.89,87009.89,87009.89,87009.89,87009.89,87009.89,87009.89,87009.89,87009.89,87009.89,87009.89,87009.89,87009.89,87009.89,87009.89,87009.89,87009.89,87009.89,87009.89,87009.89,87009.89,87009.89,87009.89,87009.89,87009.89,87009.89,87009.89,87009.89,87009.89,87009.89,87009.89,87009.89,87009.89,87009.89,87009.89,87009.89,87009.89,87009.89,87009.89,87009.89,87009.89,87009.89,87009.89,87009.89,87009.89,87009.89,87009.89,87009.89,87009.89,87009.89,87009.89,87009.89,87009.89,87009.89,87009.89,87009.89,87009.89,87009.89,87009.89
113,100000.0,100000.0,100000.0,100000.0,100000.0,100000.0,100000.0,100000.0,100000.0,100000.0,100000.0,100000.0,100000.0,100000.0,100000.0,100000.0,100000.0,100000.0,100000.0,100000.0,100000.0,100000.0,100000.0,100000.0,100000.0,100000.0,100000.0,100000.0,100000.0,100000.0,100000.0,100000.0,100000.0,100000.0,100000.0,100000.0,100000.0,100000.0,100000.0,100000.0,100000.0,100000.0,100000.0,100000.0,89018.93,90805.37,90777.81,90741.41,90698.86,90655.18,90615.53,90581.64,90550.98,90519.91,90488.12,90459.5,90438.29,90424.35,90412.74,90397.95,90377.84,90353.55,90327.23,90300.46,90274.15,90248.53,90223.38,90198.29,90173.02,90147.64,90122.28,90096.99,90071.77,90046.64,90021.57,89996.58,89971.67,89946.83,89922.06,89897.38,89872.76,89848.23,89823.76,89799.38,89775.07,89750.83,89726.68,89702.59,89678.59,89654.66,89630.81,89607.03,89583.33,89559.7,89559.7,89559.7,89559.7,89559.7,89559.7,89559.7,89559.7,89559.7,89559.7,89559.7,89559.7,89559.7,89559.7,89559.7,89559.7,89559.7,89559.7,89559.7,89559.7,89559.7,89559.7,89559.7,89559.7,89559.7,89559.7,89559.7,89559.7,89559.7,89559.7,89559.7,89559.7,89559.7,89559.7,89559.7,89559.7,89559.7,89559.7,89559.7,89559.7,89559.7,89559.7,89559.7,89559.7,89559.7,89559.7,89559.7,89559.7,89559.7,89559.7,89559.7,89559.7,89559.7,89559.7,89559.7,89559.7,89559.7,89559.7,89559.7,89559.7,89559.7,89559.7,89559.7,89559.7,89559.7,89559.7,89559.7,89559.7,89559.7,89559.7,89559.7,89559.7,89559.7,89559.7,89559.7,89559.7,89559.7,89559.7,89559.7,89559.7,89559.7,89559.7,89559.7,89559.7,89559.7,89559.7,89559.7
114,100000.0,100000.0,100000.0,100000.0,100000.0,100000.0,100000.0,100000.0,100000.0,100000.0,100000.0,100000.0,100000.0,100000.0,100000.0,100000.0,100000.0,100000.0,100000.0,100000.0,100000.0,100000.0,100000.0,100000.0,100000.0,100000.0,100000.0,100000.0,100000.0,100000.0,100000.0,100000.0,100000.0,100000.0,100000.0,100000.0,100000.0,100000.0,100000.0,100000.0,100000.0,100000.0,100000.0,100000.0,90886.76,92684.34,92662.41,92633.45,92599.6,92564.85,92533.29,92506.33,92481.94,92457.22,92431.92,92409.15,92392.27,92381.19,92371.94,92360.18,92344.18,92324.85,92303.91,92282.61,92261.68,92241.3,92221.28,92201.32,92181.22,92161.02,92140.84,92120.72,92100.66,92080.66,92060.71,92040.83,92021.01,92001.25,91981.54,91961.9,91942.32,91922.79,91903.33,91883.93,91864.59,91845.3,91826.08,91806.92,91787.82,91768.78,91749.8,91730.89,91712.03,91693.23,91693.23,91693.23,91693.23,91693.23,91693.23,91693.23,91693.23,91693.23,91693.23,91693.23,91693.23,91693.23,91693.23,91693.23,91693.23,91693.23,91693.23,91693.23,91693.23,91693.23,91693.23,91693.23,91693.23,91693.23,91693.23,91693.23,91693.23,91693.23,91693.23,91693.23,91693.23,91693.23,91693.23,91693.23,91693.23,91693.23,91693.23,91693.23,91693.23,91693.23,91693.23,91693.23,91693.23,91693.23,91693.23,91693.23,91693.23,91693.23,91693.23,91693.23,91693.23,91693.23,91693.23,91693.23,91693.23,91693.23,91693.23,91693.23,91693.23,91693.23,91693.23,91693.23,91693.23,91693.23,91693.23,91693.23,91693.23,91693.23,91693.23,91693.23,91693.23,91693.23,91693.23,91693.23,91693.23,91693.23,91693.23,91693.23,91693.23,91693.23,91693.23,91693.23,91693.23,91693.23,91693.23,91693.23
115,100000.0,100000.0,100000.0,100000.0,100000.0,100000.0,100000.0,100000.0,100000.0,100000.0,100000.0,100000.0,100000.0,100000.0,100000.0,100000.0,100000.0,100000.0,100000.0,100000.0,100000.0,100000.0,100000.0,100000.0,100000.0,100000.0,100000.0,100000.0,100000.0,100000.0,100000.0,100000.0,100000.0,100000.0,100000.0,100000.0,100000.0,100000.0,100000.0,100000.0,100000.0,100000.0,100000.0,100000.0,92431.33,94238.13,94220.85,94198.05,94171.38,94144.01,94119.16,94097.93,94078.71,94059.24,94039.32,94021.39,94008.09,93999.36,93992.08,93982.81,93970.21,93954.99,93938.5,93921.72,93905.23,93889.18,93873.42,93857.69,93841.86,93825.96,93810.06,93794.22,93778.42,93762.66,93746.95,93731.3,93715.68,93700.12,93684.6,93669.13,93653.7,93638.33,93623.0,93607.72,93592.48,93577.3,93562.16,93547.07,93532.02,93517.03,93502.08,93487.18,93472.33,93457.52,93457.52,93457.52,93457.52,93457.52,93457.52,93457.52,93457.52,93457.52,93457.52,93457.52,93457.52,93457.52,93457.52,93457.52,93457.52,93457.52,93457.52,93457.52,93457.52,93457.52,93457.52,93457.52,93457.52,93457.52,93457.52,93457.52,93457.52,93457.52,93457.52,93457.52,93457.52,93457.52,93457.52,93457.52,93457.52,93457.52,93457.52,93457.52,93457.52,93457.52,93457.52,93457.52,93457.52,93457.52,93457.52,93457.52,93457.52,93457.52,93457.52,93457.52,93457.52,93457.52,93457.52,93457.52,93457.52,93457.52,93457.52,93457.52,93457.52,93457.52,93457.52,93457.52,93457.52,93457.52,93457.52,93457.52,93457.52,93457.52,93457.52,93457.52,93457.52,93457.52,93457.52,93457.52,93457.52,93457.52,93457.52,93457.52,93457.52,93457.52,93457.52,93457.52,93457.52,93457.52,93457.52,93457.52
116,100000.0,100000.0,100000.0,100000.0,100000.0,100000.0,100000.0,100000.0,100000.0,100000.0,100000.0,100000.0,100000.0,100000.0,100000.0,100000.0,100000.0,100000.0,100000.0,100000.0,100000.0,100000.0,100000.0,100000.0,100000.0,100000.0,100000.0,100000.0,100000.0,100000.0,100000.0,100000.0,100000.0,100000.0,100000.0,100000.0,100000.0,100000.0,100000.0,100000.0,100000.0,100000.0,100000.0,100000.0,93696.18,95510.53,95497.08,95479.31,95458.53,95437.2,95417.84,95401.3,95386.32,95371.15,95355.63,95341.66,95331.3,95324.5,95318.82,95311.6,95301.78,95289.92,95277.07,95264.0,95251.15,95238.65,95226.37,95214.11,95201.78,95189.38,95177.0,95164.65,95152.34,95140.07,95127.83,95115.63,95103.46,95091.33,95079.24,95067.19,95055.17,95043.19,95031.25,95019.34,95007.47,94995.64,94983.84,94972.08,94960.36,94948.68,94937.03,94925.42,94913.85,94902.31,94902.31,94902.31,94902.31,94902.31,94902.31,94902.31,94902.31,94902.31,94902.31,94902.31,94902.31,94902.31,94902.31,94902.31,94902.31,94902.31,94902.31,94902.31,94902.31,94902.31,94902.31,94902.31,94902.31,94902.31,94902.31,94902.31,94902.31,94902.31,94902.31,94902.31,94902.31,94902.31,94902.31,94902.31,94902.31,94902.31,94902.31,94902.31,94902.31,94902.31,94902.31,94902.31,94902.31,94902.31,94902.31,94902.31,94902.31,94902.31,94902.31,94902.31,94902.31,94902.31,94902.31,94902.31,94902.31,94902.31,94902.31,94902.31,94902.31,94902.31,94902.31,94902.31,94902.31,94902.31,94902.31,94902.31,94902.31,94902.31,94902.31,94902.31,94902.31,94902.31,94902.31,94902.31,94902.31,94902.31,94902.31,94902.31,94902.31,94902.31,94902.31,94902.31,94902.31,94902.31,94902.31,94902.31
117,100000.0,100000.0,100000.0,100000.0,100000.0,100000.0,100000.0,100000.0,100000.0,100000.0,100000.0,100000.0,100000.0,100000.0,100000.0,100000.0,100000.0,100000.0,100000.0,100000.0,100000.0,100000.0,100000.0,100000.0,100000.0,100000.0,100000.0,100000.0,100000.0,100000.0,100000.0,100000.0,100000.0,100000.0,100000.0,100000.0,100000.0,100000.0,100000.0,100000.0,100000.0,100000.0,100000.0,100000.0,94723.74,96544.22,96533.86,96520.18,96504.19,96487.77,96472.87,96460.13,96448.61,96436.93,96424.98,96414.23,96406.25,96401.02,96396.65,96391.09,96383.53,96374.41,96364.51,96354.45,96344.56,96334.94,96325.48,96316.05,96306.56,96297.01,96287.48,96277.98,96268.5,96259.05,96249.63,96240.24,96230.88,96221.54,96212.23,96202.95,96193.7,96184.48,96175.29,96166.12,96156.99,96147.88,96138.8,96129.75,96120.72,96111.73,96102.76,96093.83,96084.92,96076.04,96076.04,96076.04,96076.04,96076.04,96076.04,96076.04,96076.04,96076.04,96076.04,96076.04,96076.04,96076.04,96076.04,96076.04,96076.04,96076.04,96076.04,96076.04,96076.04,96076.04,96076.04,96076.04,96076.04,96076.04,96076.04,96076.04,96076.04,96076.04,96076.04,96076.04,96076.04,96076.04,96076.04,96076.04,96076.04,96076.04,96076.04,96076.04,96076.04,96076.04,96076.04,96076.04,96076.04,96076.04,96076.04,96076.04,96076.04,96076.04,96076.04,96076.04,96076.04,96076.04,96076.04,96076.04,96076.04,96076.04,96076.04,96076.04,96076.04,96076.04,96076.04,96076.04,96076.04,96076.04,96076.04,96076.04,96076.04,96076.04,96076.04,96076.04,96076.04,96076.04,96076.04,96076.04,96076.04,96076.04,96076.04,96076.04,96076.04,96076.04,96076.04,96076.04,96076.04,96076.04,96076.04,96076.04
118,100000.0,100000.0,100000.0,100000.0,100000.0,100000.0,100000.0,100000.0,100000.0,100000.0,100000.0,100000.0,100000.0,100000.0,100000.0,100000.0,100000.0,100000.0,100000.0,100000.0,100000.0,100000.0,100000.0,100000.0,100000.0,100000.0,100000.0,100000.0,100000.0,100000.0,100000.0,100000.0,100000.0,100000.0,100000.0,100000.0,100000.0,100000.0,100000.0,100000.0,100000.0,100000.0,100000.0,100000.0,95553.1,97378.53,97370.67,97360.3,97348.17,97335.71,97324.41,97314.75,97306.0,97297.15,97288.08,97279.92,97273.87,97269.9,97266.59,97262.37,97256.64,97249.71,97242.21,97234.58,97227.08,97219.77,97212.6,97205.45,97198.25,97191.01,97183.78,97176.57,97169.38,97162.21,97155.07,97147.94,97140.84,97133.76,97126.69,97119.66,97112.64,97105.64,97098.67,97091.72,97084.79,97077.88,97070.99,97064.12,97057.28,97050.46,97043.65,97036.88,97030.12,97023.38,97023.38,97023.38,97023.38,97023.38,97023.38,97023.38,97023.38,97023.38,97023.38,97023.38,97023.38,97023.38,97023.38,97023.38,97023.38,97023.38,97023.38,97023.38,97023.38,97023.38,97023.38,97023.38,97023.38,97023.38,97023.38,97023.38,97023.38,97023.38,97023.38,97023.38,97023.38,97023.38,97023.38,97023.38,97023.38,97023.38,97023.38,97023.38,97023.38,97023.38,97023.38,97023.38,97023.38,97023.38,97023.38,97023.38,97023.38,97023.38,97023.38,97023.38,97023.38,97023.38,97023.38,97023.38,97023.38,97023.38,97023.38,97023.38,97023.38,97023.38,97023.38,97023.38,97023.38,97023.38,97023.38,97023.38,97023.38,97023.38,97023.38,97023.38,97023.38,97023.38,97023.38,97023.38,97023.38,97023.38,97023.38,97023.38,97023.38,97023.38,97023.38,97023.38,97023.38,97023.38,97023.38,97023.38
119,100000.0,100000.0,100000.0,100000.0,100000.0,100000.0,100000.0,100000.0,100000.0,100000.0,100000.0,100000.0,100000.0,100000.0,100000.0,100000.0,100000.0,100000.0,100000.0,100000.0,100000.0,100000.0,100000.0,100000.0,100000.0,100000.0,100000.0,100000.0,100000.0,100000.0,100000.0,100000.0,100000.0,100000.0,100000.0,100000.0,100000.0,100000.0,100000.0,100000.0,100000.0,100000.0,100000.0,100000.0,96218.99,98048.4,98042.55,98034.82,98025.79,98016.52,98008.1,98000.91,97994.4,97987.81,97981.06,97974.99,97970.48,97967.53,97965.06,97961.92,97957.65,97952.5,97946.91,97941.23,97935.64,97930.21,97924.87,97919.54,97914.18,97908.79,97903.41,97898.04,97892.69,97887.35,97882.03,97876.73,97871.44,97866.17,97860.91,97855.67,97850.45,97845.24,97840.05,97834.87,97829.71,97824.57,97819.44,97814.33,97809.23,97804.15,97799.09,97794.04,97789.01,97784.0,97784.0,97784.0,97784.0,97784.0,97784.0,97784.0,97784.0,97784.0,97784.0,97784.0,97784.0,97784.0,97784.0,97784.0,97784.0,97784.0,97784.0,97784.0,97784.0,97784.0,97784.0,97784.0,97784.0,97784.0,97784.0,97784.0,97784.0,97784.0,97784.0,97784.0,97784.0,97784.0,97784.0,97784.0,97784.0,97784.0,97784.0,97784.0,97784.0,97784.0,97784.0,97784.0,97784.0,97784.0,97784.0,97784.0,97784.0,97784.0,97784.0,97784.0,97784.0,97784.0,97784.0,97784.0,97784.0,97784.0,97784.0,97784.0,97784.0,97784.0,97784.0,97784.0,97784.0,97784.0,97784.0,97784.0,97784.0,97784.0,97784.0,97784.0,97784.0,97784.0,97784.0,97784.0,97784.0,97784.0,97784.0,97784.0,97784.0,97784.0,97784.0,97784.0,97784.0,97784.0,97784.0,97784.0
120,100000.0,100000.0,100000.0,100000.0,100000.0,100000.0,100000.0,100000.0,100000.0,100000.0,100000.0,100000.0,100000.0,100000.0,100000.0,100000.0,100000.0,100000.0,100000.0,100000.0,100000.0,100000.0,100000.0,100000.0,100000.0,100000.0,100000.0,100000.0,100000.0,100000.0,100000.0,100000.0,100000.0,100000.0,100000.0,100000.0,100000.0,100000.0,100000.0,100000.0,100000.0,100000.0,100000.0,100000.0,96751.38,98583.97,98579.72,98574.12,98567.56,98560.84,98554.73,98549.51,98544.79,98540.01,98535.11,98530.7,98527.43,98525.29,98523.5,98521.22,98518.12,98514.38,98510.33,98506.21,98502.16,98498.21,98494.34,98490.47,98486.58,98482.67,98478.77,98474.87,98470.99,98467.12,98463.26,98459.41,98455.57,98451.75,98447.93,98444.13,98440.34,98436.56,98432.79,98429.04,98425.29,98421.56,98417.84,98414.13,98410.44,98406.75,98403.08,98399.41,98395.76,98392.13,98392.13,98392.13,98392.13,98392.13,98392.13,98392.13,98392.13,98392.13,98392.13,98392.13,98392.13,98392.13,98392.13,98392.13,98392.13,98392.13,98392.13,98392.13,98392.13,98392.13,98392.13,98392.13,98392.13,98392.13,98392.13,98392.13,98392.13,98392.13,98392.13,98392.13,98392.13,98392.13,98392.13,98392.13,98392.13,98392.13,98392.13,98392.13,98392.13,98392.13,98392.13,98392.13,98392.13,98392.13,98392.13,98392.13,98392.13,98392.13,98392.13,98392.13,98392.13,98392.13,98392.13,98392.13,98392.13,98392.13,98392.13,98392.13,98392.13,98392.13,98392.13,98392.13,98392.13,98392.13,98392.13,98392.13,98392.13,98392.13,98392.13,98392.13,98392.13,98392.13,98392.13,98392.13,98392.13,98392.13,98392.13,98392.13,98392.13,98392.13,98392.13,98392.13,98392.13,98392.13,98392.13,98392.13
121,100000.0,100000.0,100000.0,100000.0,100000.0,100000.0,100000.0,100000.0,100000.0,100000.0,100000.0,100000.0,100000.0,100000.0,100000.0,100000.0,100000.0,100000.0,100000.0,100000.0,100000.0,100000.0,100000.0,100000.0,100000.0,100000.0,100000.0,100000.0,100000.0,100000.0,100000.0,100000.0,100000.0,100000.0,100000.0,100000.0,100000.0,100000.0,100000.0,100000.0,100000.0,100000.0,100000.0,100000.0,97175.6,99010.72,99007.76,99003.84,98999.26,98994.56,98990.3,98986.65,98983.35,98980.01,98976.59,98973.51,98971.23,98969.73,98968.48,98966.89,98964.72,98962.11,98959.28,98956.4,98953.57,98950.81,98948.1,98945.4,98942.69,98939.95,98937.23,98934.51,98931.79,98929.09,98926.39,98923.7,98921.02,98918.35,98915.68,98913.03,98910.38,98907.74,98905.11,98902.48,98899.87,98897.26,98894.66,98892.07,98889.49,98886.91,98884.35,98881.79,98879.24,98876.7,98876.7,98876.7,98876.7,98876.7,98876.7,98876.7,98876.7,98876.7,98876.7,98876.7,98876.7,98876.7,98876.7,98876.7,98876.7,98876.7,98876.7,98876.7,98876.7,98876.7,98876.7,98876.7,98876.7,98876.7,98876.7,98876.7,98876.7,98876.7,98876.7,98876.7,98876.7,98876.7,98876.7,98876.7,98876.7,98876.7,98876.7,98876.7,98876.7,98876.7,98876.7,98876.7,98876.7,98876.7,98876.7,98876.7,98876.7,98876.7,98876.7,98876.7,98876.7,98876.7,98876.7,98876.7,98876.7,98876.7,98876.7,98876.7,98876.7,98876.7,98876.7,98876.7,98876.7,98876.7,98876.7,98876.7,98876.7,98876.7,98876.7,98876.7,98876.7,98876.7,98876.7,98876.7,98876.7,98876.7,98876.7,98876.7,98876.7,98876.7,98876.7,98876.7,98876.7,98876.7,98876.7,98876.7
122,100000.0,100000.0,100000.0,100000.0,100000.0,100000.0,100000.0,100000.0,100000.0,100000.0,100000.0,100000.0,100000.0,100000.0,100000.0,100000.0,100000.0,100000.0,100000.0,100000.0,100000.0,100000.0,100000.0,100000.0,100000.0,100000.0,100000.0,100000.0,100000.0,100000.0,100000.0,100000.0,100000.0,100000.0,100000.0,100000.0,100000.0,100000.0,100000.0,100000.0,100000.0,100000.0,100000.0,100000.0,97512.73,99349.86,99347.91,99345.34,99342.33,99339.24,99336.43,99334.04,99331.87,99329.67,99327.43,99325.4,99323.9,99322.92,99322.1,99321.05,99319.63,99317.91,99316.05,99314.16,99312.3,99310.48,99308.71,99306.93,99305.15,99303.35,99301.56,99299.77,99297.99,99296.21,99294.44,99292.67,99290.91,99289.15,99287.4,99285.65,99283.91,99282.18,99280.45,99278.73,99277.01,99275.29,99273.58,99271.88,99270.18,99268.49,99266.81,99265.12,99263.45,99261.78,99261.78,99261.78,99261.78,99261.78,99261.78,99261.78,99261.78,99261.78,99261.78,99261.78,99261.78,99261.78,99261.78,99261.78,99261.78,99261.78,99261.78,99261.78,99261.78,99261.78,99261.78,99261.78,99261.78,99261.78,99261.78,99261.78,99261.78,99261.78,99261.78,99261.78,99261.78,99261.78,99261.78,99261.78,99261.78,99261.78,99261.78,99261.78,99261.78,99261.78,99261.78,99261.78,99261.78,99261.78,99261.78,99261.78,99261.78,99261.78,99261.78,99261.78,99261.78,99261.78,99261.78,99261.78,99261.78,99261.78,99261.78,99261.78,99261.78,99261.78,99261.78,99261.78,99261.78,99261.78,99261.78,99261.78,99261.78,99261.78,99261.78,99261.78,99261.78,99261.78,99261.78,99261.78,99261.78,99261.78,99261.78,99261.78,99261.78,99261.78,99261.78,99261.78,99261.78,99261.78,99261.78,99261.78
123,100000.0,100000.0,100000.0,100000.0,100000.0,100000.0,100000.0,100000.0,100000.0,100000.0,100000.0,100000.0,100000.0,100000.0,100000.0,100000.0,100000.0,100000.0,100000.0,100000.0,100000.0,100000.0,100000.0,100000.0,100000.0,100000.0,100000.0,100000.0,100000.0,100000.0,100000.0,100000.0,100000.0,100000.0,100000.0,100000.0,100000.0,100000.0,100000.0,100000.0,100000.0,100000.0,100000.0,100000.0,97780.06,99618.79,99617.65,99616.14,99614.37,99612.56,99610.92,99609.51,99608.24,99606.95,99605.64,99604.45,99603.57,99602.99,99602.51,99601.9,99601.06,99600.06,99598.96,99597.86,99596.76,99595.7,99594.66,99593.62,99592.57,99591.52,99590.47,99589.42,99588.37,99587.33,99586.29,99585.26,99584.22,99583.19,99582.17,99581.14,99580.12,99579.11,99578.09,99577.08,99576.07,99575.07,99574.07,99573.07,99572.07,99571.08,99570.09,99569.11,99568.12,99567.14,99567.14,99567.14,99567.14,99567.14,99567.14,99567.14,99567.14,99567.14,99567.14,99567.14,99567.14,99567.14,99567.14,99567.14,99567.14,99567.14,99567.14,99567.14,99567.14,99567.14,99567.14,99567.14,99567.14,99567.14,99567.14,99567.14,99567.14,99567.14,99567.14,99567.14,99567.14,99567.14,99567.14,99567.14,99567.14,99567.14,99567.14,99567.14,99567.14,99567.14,99567.14,99567.14,99567.14,99567.14,99567.14,99567.14,99567.14,99567.14,99567.14,99567.14,99567.14,99567.14,99567.14,99567.14,99567.14,99567.14,99567.14,99567.14,99567.14,99567.14,99567.14,99567.14,99567.14,99567.14,99567.14,99567.14,99567.14,99567.14,99567.14,99567.14,99567.14,99567.14,99567.14,99567.14,99567.14,99567.14,99567.14,99567.14,99567.14,99567.14,99567.14,99567.14,99567.14,99567.14,99567.14,99567.14
124,100000.0,100000.0,100000.0,100000.0,100000.0,100000.0,100000.0,100000.0,100000.0,100000.0,100000.0,100000.0,100000.0,100000.0,100000.0,100000.0,100000.0,100000.0,100000.0,100000.0,100000.0,100000.0,100000.0,100000.0,100000.0,100000.0,100000.0,100000.0,100000.0,100000.0,100000.0,100000.0,100000.0,100000.0,100000.0,100000.0,100000.0,100000.0,100000.0,100000.0,100000.0,100000.0,100000.0,100000.0,97991.7,99831.69,99831.18,99830.52,99829.74,99828.94,99828.21,99827.59,99827.03,99826.46,99825.88,99825.36,99824.97,99824.71,99824.5,99824.23,99823.86,99823.42,99822.93,99822.44,99821.96,99821.49,99821.03,99820.57,99820.11,99819.65,99819.18,99818.72,99818.26,99817.8,99817.34,99816.88,99816.42,99815.97,99815.52,99815.07,99814.61,99814.17,99813.72,99813.27,99812.83,99812.38,99811.94,99811.5,99811.06,99810.62,99810.19,99809.75,99809.32,99808.88,99808.88,99808.88,99808.88,99808.88,99808.88,99808.88,99808.88,99808.88,99808.88,99808.88,99808.88,99808.88,99808.88,99808.88,99808.88,99808.88,99808.88,99808.88,99808.88,99808.88,99808.88,99808.88,99808.88,99808.88,99808.88,99808.88,99808.88,99808.88,99808.88,99808.88,99808.88,99808.88,99808.88,99808.88,99808.88,99808.88,99808.88,99808.88,99808.88,99808.88,99808.88,99808.88,99808.88,99808.88,99808.88,99808.88,99808.88,99808.88,99808.88,99808.88,99808.88,99808.88,99808.88,99808.88,99808.88,99808.88,99808.88,99808.88,99808.88,99808.88,99808.88,99808.88,99808.88,99808.88,99808.88,99808.88,99808.88,99808.88,99808.88,99808.88,99808.88,99808.88,99808.88,99808.88,99808.88,99808.88,99808.88,99808.88,99808.88,99808.88,99808.88,99808.88,99808.88,99808.88,99808.88,99808.88
125,100000.0,100000.0,100000.0,100000.0,100000.0,100000.0,100000.0,100000.0,100000.0,100000.0,100000.0,100000.0,100000.0,100000.0,100000.0,100000.0,100000.0,100000.0,100000.0,100000.0,100000.0,100000.0,100000.0,100000.0,100000.0,100000.0,100000.0,100000.0,100000.0,100000.0,100000.0,100000.0,100000.0,100000.0,100000.0,100000.0,100000.0,100000.0,100000.0,100000.0,100000.0,100000.0,100000.0,100000.0,100000.0,100000.0,100000.0,100000.0,100000.0,100000.0,100000.0,100000.0,100000.0,100000.0,100000.0,100000.0,100000.0,100000.0,100000.0,100000.0,100000.0,100000.0,100000.0,100000.0,100000.0,100000.0,100000.0,100000.0,100000.0,100000.0,100000.0,100000.0,100000.0,100000.0,100000.0,100000.0,100000.0,100000.0,100000.0,100000.0,100000.0,100000.0,100000.0,100000.0,100000.0,100000.0,100000.0,100000.0,100000.0,100000.0,100000.0,100000.0,100000.0,100000.0,100000.0,100000.0,100000.0,100000.0,100000.0,100000.0,100000.0,100000.0,100000.0,100000.0,100000.0,100000.0,100000.0,100000.0,100000.0,100000.0,100000.0,100000.0,100000.0,100000.0,100000.0,100000.0,100000.0,100000.0,100000.0,100000.0,100000.0,100000.0,100000.0,100000.0,100000.0,100000.0,100000.0,100000.0,100000.0,100000.0,100000.0,100000.0,100000.0,100000.0,100000.0,100000.0,100000.0,100000.0,100000.0,100000.0,100000.0,100000.0,100000.0,100000.0,100000.0,100000.0,100000.0,100000.0,100000.0,100000.0,100000.0,100000.0,100000.0,100000.0,100000.0,100000.0,100000.0,100000.0,100000.0,100000.0,100000.0,100000.0,100000.0,100000.0,100000.0,100000.0,100000.0,100000.0,100000.0,100000.0,100000.0,100000.0,100000.0,100000.0,100000.0,100000.0,100000.0,100000.0,100000.0,100000.0
